time,open,high,low,close
1429480800,4411.6,4417.6,4410.4,4417.4
1429563600,4417.1,4450.8,4417.1,4442.9
1429650000,4443.1,4467.8,4406.8,4452.4
1429736400,4452.1,4505.5,4426.1,4499.7
1429822800,4499.4,4544.9,4499.2,4538.8
1430085600,4541,4564.2,4517,4535
1430168400,4534.8,4539.9,4479.5,4518.5
1430254800,4518.8,4522.5,4464.2,4476.9
1430341200,4476.7,4485.9,4393.9,4418.7
1430427600,4418.4,4479,4417.2,4476.6
1430690400,4472.1,4511.8,4464.6,4481.3
1430773200,4481.6,4487.5,4406.1,4418.3
1430859600,4418.6,4430.8,4348.3,4374.2
1430946000,4373.9,4414.1,4336.4,4408.7
1431032400,4408.4,4467.4,4406.4,4453.5
1431295200,4454.8,4469.2,4428,4433.1
1431378000,4433.4,4442.3,4432.2,4432.2
1431464400,4432.5,4462.4,4421,4431.2
1431550800,4431.5,4497.4,4416.2,4494.6
1431637200,4494.9,4511.8,4494.9,4495.1
1431900000,4491.2,4522.1,4474,4512.5
1431982800,4512.2,4529.6,4497.9,4503.4
1432069200,4503.1,4537,4484.9,4493.9
1432155600,4494.1,4539.8,4490.4,4531.4
1432242000,4531.9,4545.5,4524.9,4530.6
1432504800,4531.4,4540.1,4520.4,4528.9
1432587600,4528.6,4531.5,4457.4,4479.3
1432674000,4479.6,4554,4475.1,4544.1
1432760400,4543.9,4550.3,4523.6,4543.9
1432846800,4544.1,4547.9,4499.1,4518.9
1433109600,4519.1,4540.2,4487.6,4527.6
1433192400,4527.8,4533.7,4482.3,4507.8
1433278800,4507.6,4542.7,4503.6,4528.3
1433365200,4528.1,4528.1,4474.1,4496.1
1433451600,4495.8,4508,4450.6,4483.1
1433714400,4481.7,4482.9,4422.9,4438.2
1433797200,4437.9,4442.7,4390.7,4434.1
1433883600,4434.3,4499.2,4430.3,4484.5
1433970000,4484.2,4512.9,4480.2,4487.4
1434056400,4487.1,4488.6,4447.4,4455.6
1434319200,4436.4,4445,4393.6,4431.9
1434402000,4432.1,4464.3,4402.4,4459.6
1434488400,4459.3,4483.6,4439.1,4461.8
1434574800,4461.1,4543,4447.3,4535.5
1434661200,4535.3,4547.9,4501.6,4511.6
1434924000,4525,4560.4,4522.5,4547.5
1435006800,4547.8,4556.5,4530,4551.4
1435093200,4551.1,4563.3,4517.5,4529.6
1435179600,4529.9,4555.8,4507.6,4515.2
1435266000,4515.4,4524.8,4466.7,4489.4
1435528800,4419.4,4459.3,4376.4,4393.2
1435611600,4393.4,4420.6,4379.7,4402.7
1435698000,4400.9,4450.3,4400.7,4429.2
1435784400,4428.9,4450.1,4415.9,4435.4
1435870800,4435.2,4444.2,4419.7,4424.7
1436133600,4374.2,4445.5,4366,4437.9
1436216400,4437.7,4456.8,4342.3,4421.7
1436302800,4421.4,4422.4,4344.6,4366.1
1436389200,4366.3,4417.1,4339.9,4380.3
1436475600,4380.6,4435.9,4371.3,4419.3
1436738400,4401.3,4500.8,4396.8,4496.7
1436821200,4496.9,4538.9,4494.9,4525
1436907600,4524.8,4552,4517.8,4549
1436994000,4548.8,4627.1,4546.3,4624.6
1437080400,4624.9,4662.5,4615.6,4660.3
1437343200,4660.8,4694.8,4657,4680.8
1437426000,4680.6,4692.2,4619.3,4624.1
1437512400,4624.3,4646.6,4597.5,4635.1
1437598800,4634.8,4644.1,4634.8,4636.8
1437685200,4637.1,4648.5,4553.2,4572.3
1437948000,4569.6,4577.3,4512.4,4530.7
1438030800,4530.4,4571,4505.7,4566.9
1438117200,4567.4,4588.8,4552.6,4569.9
1438203600,4570.2,4607.8,4539.2,4597.9
1438290000,4598.2,4617.6,4584.4,4592.2
1438552800,4594.7,4608.3,4549.2,4573.1
1438635600,4572.8,4590.2,4551.6,4561.3
1438722000,4561.6,4637,4560.8,4595
1438808400,4595.3,4614.2,4507.1,4529.4
1438894800,4529.7,4538.7,4483.7,4521.2
1439157600,4522.4,4589.3,4521.2,4586.8
1439240400,4585.6,4586.3,4489.8,4526.5
1439326800,4526.2,4540.4,4436,4534.1
1439413200,4534.4,4561.4,4511.8,4516.6
1439499600,4516.9,4538.1,4502.6,4536.9
1439762400,4537.6,4571.5,4506.2,4566.7
1439845200,4567,4575.2,4533.2,4544
1439931600,4544.2,4553.7,4484.4,4507.8
1440018000,4507.5,4515,4357.7,4368.5
1440104400,4368.8,4370.3,4194.2,4197.7
1440367200,4168,4198.4,3900.3,4033.5
1440450000,4033.2,4206.2,3960.3,3961
1440536400,3961.8,4230.9,3961,4222
1440622800,4221.8,4333,4206.5,4329.3
1440709200,4329,4342,4282.3,4324.8
1440972000,4292.4,4324.3,4238.7,4241.7
1441054800,4240.9,4245.9,4119.2,4165.8
1441141200,4166.3,4285.8,4162.6,4274.3
1441227600,4274.1,4305.1,4219.8,4236.5
1441314000,4236.8,4237,4154,4189.9
1441576800,4208.9,4243.9,4196.1,4227.8
1441659600,4228,4305.8,4209,4301.8
1441746000,4301.6,4370,4231.6,4238.3
1441832400,4238.6,4327.3,4226,4291.9
1441918800,4291.6,4328.9,4258.9,4328.1
1442181600,4355.9,4355.9,4291.6,4314.4
1442264400,4314.6,4374.1,4288.9,4361.4
1442350800,4361.2,4392.8,4344.9,4385.4
1442437200,4385.1,4451.7,4365.1,4381
1442523600,4380.7,4393.2,4309.6,4331
1442786400,4330.5,4372.4,4296.5,4351.5
1442869200,4351.2,4351.7,4230.5,4266.2
1442955600,4266.5,4303.1,4231.5,4276.4
1443042000,4276.6,4289.4,4195.1,4268.3
1443128400,4268.6,4326.1,4196,4214.9
1443391200,4203.8,4249.8,4089.7,4114.8
1443474000,4115,4154.7,4051.1,4086.5
1443560400,4086.8,4179.5,4076.3,4165.6
1443646800,4165.9,4235.3,4125.4,4198.4
1443733200,4198.7,4272.8,4120.2,4271.2
1443996000,4272.2,4339.5,4261.5,4316.3
1444078800,4316.6,4332.1,4272.8,4291
1444165200,4290.7,4343.2,4278,4334.5
1444251600,4334.7,4358,4274.7,4351.2
1444338000,4351,4379.2,4333.7,4366
1444600800,4358.7,4391.4,4356.2,4383.9
1444683600,4384.4,4400.9,4342.6,4347.4
1444770000,4347.1,4376,4326.3,4354.2
1444856400,4354,4432.3,4350.5,4431.5
1444942800,4431.3,4449.9,4407,4449.6
1445205600,4441.6,4466.2,4421.4,4461.6
1445288400,4461.4,4466.4,4424.3,4432.3
1445374800,4432.5,4466.9,4404.2,4415
1445461200,4415.5,4595.6,4414.8,4587.1
1445547600,4587.6,4647.9,4574.8,4621.2
1445810400,4619.2,4640.4,4602.4,4627.4
1445893200,4627.7,4662.3,4612,4641.5
1445979600,4641.8,4689,4611.7,4675.9
1446066000,4676.2,4681,4652.7,4677.7
1446152400,4678,4701,4646.5,4656
1446418800,4644.7,4710.2,4636,4703
1446501600,4703.6,4738.2,4688,4720.2
1446588000,4719.9,4739.3,4701,4712.3
1446674400,4712.5,4734.2,4680.1,4701.8
1446760800,4701.3,4745.4,4665.6,4709.4
1447023600,4707.6,4719.1,4628.4,4653.1
1447106400,4653.3,4668.3,4618.6,4643.3
1447192800,4643.6,4680.6,4629.9,4635.6
1447279200,4635.8,4657.3,4579.4,4590.4
1447365600,4590.1,4594.6,4489.9,4493.4
1447628400,4473.9,4569.2,4473.9,4560.7
1447711200,4560.9,4599,4552.5,4566.1
1447797600,4566.4,4658.5,4557.6,4657.5
1447884000,4657.3,4678.2,4647.3,4655.8
1447970400,4655.5,4692.5,4653.8,4690.5
1448233200,4695.2,4707.7,4654.9,4679.7
1448316000,4679.9,4685.4,4621.2,4670.2
1448402400,4669.9,4685.2,4659.4,4680.5
1448488800,4680.3,4704.2,4679.3,4697.1
1448575200,4697.3,4699.3,4665.3,4685
1448838000,4678.6,4701,4653.6,4683.8
1448920800,4683.3,4717.2,4677.1,4712.9
1449007200,4713.4,4739.9,4679.2,4697.2
1449093600,4696.9,4731.2,4580.1,4615.8
1449180000,4616,4724,4604.2,4715.8
1449442800,4715.3,4731,4671.3,4697.3
1449525600,4697,4710,4697,4698.5
1449612000,4698,4708.5,4593.6,4629.6
1449698400,4629.9,4676.2,4619.9,4648.2
1449784800,4648.4,4660.7,4528.9,4534.7
1450047600,4544.6,4586.8,4478.6,4582.1
1450130400,4582.6,4640.1,4568.1,4607.8
1450216800,4607.6,4676.6,4579.7,4663.1
1450303200,4663.3,4690.8,4569.7,4578.3
1450389600,4578.8,4596.7,4504.5,4518.5
1450652400,4525.1,4579.1,4519,4578.4
1450735200,4578.6,4601.7,4547.6,4597
1450821600,4596.7,4627.6,4590.5,4618
1450908000,4617.7,4637.2,4607.7,4617.2
1451257200,4620.7,4627,4620.7,4622.1
1451340000,4621.9,4704.8,4617.4,4694.1
1451426400,4694.4,4702.1,4646.4,4659.9
1451512800,4659.6,4661.9,4585.6,4597.9
1451862000,4606.6,4611.6,4435.1,4515.9
1451944800,4516.1,4529.4,4462.6,4488.8
1452031200,4488.3,4493.8,4391.5,4459.4
1452117600,4459.2,4464.4,4287,4303.5
1452204000,4303.3,4376.5,4262,4271.3
1452466800,4239.4,4311.1,4215.6,4289.9
1452549600,4289.4,4353,4242.9,4325.9
1452636000,4325.6,4371.9,4174.6,4181.9
1452722400,4182.1,4308.3,4132.1,4269.3
1452808800,4269.8,4276.3,4082.6,4153.2
1453071600,4137.7,4185.4,4126.7,4145.9
1453154400,4145.7,4223.9,4099,4158.4
1453240800,4158.2,4179.3,4155.2,4155.2
1453327200,4156.2,4200.2,4092.9,4145.2
1453413600,4144.9,4260.7,4125.9,4255
1453676400,4255.3,4267.5,4184.5,4188
1453759200,4188.3,4251.9,4141.3,4206.5
1453845600,4206.8,4226.8,4110,4146
1453932000,4145.8,4206.8,4114,4150.5
1454018400,4150.3,4278.9,4137,4277.8
1454281200,4270.5,4317.5,4235.2,4280.5
1454364000,4280.7,4290.5,4178.5,4191.7
1454450400,4192.2,4222.1,4097,4178.7
1454536800,4178.4,4211.9,4119.7,4150.3
1454623200,4149.8,4179.8,4007.1,4026
1454886000,4025.5,4052,3889.3,3959
1454968800,3959.3,4010.7,3903,3964
1455055200,3963.5,4047.2,3928.5,3958.9
1455141600,3959.2,3990.8,3867.2,3976.4
1455228000,3976.2,4023.7,3959.2,4020.9
1455490800,4041.4,4097.2,4037.4,4073.7
1455573600,4073.9,4107.7,4050.2,4093.9
1455660000,4094.4,4213.9,4070.7,4210.1
1455746400,4210.6,4230.3,4146.3,4160.1
1455832800,4160.3,4177.6,4123.1,4163.8
1456095600,4151.6,4236.8,4151.6,4211.5
1456178400,4211.7,4219.2,4152.3,4158.5
1456264800,4158,4226.9,4084.8,4225.4
1456351200,4225.2,4251,4172.9,4249.3
1456437600,4249.5,4296,4227.2,4229.5
1456700400,4223.7,4265.7,4185,4210.2
1456783200,4210.5,4341,4182.2,4336.8
1456869600,4337,4360,4301.3,4322.5
1456956000,4322.8,4347.3,4295.5,4320.4
1457042400,4320.7,4355.9,4298.2,4319.4
1457305200,4317.7,4330.9,4269.2,4302.9
1457388000,4302.6,4309.4,4252.1,4270.1
1457474400,4269.9,4299.1,4256.9,4292
1457560800,4292.2,4347.7,4230.2,4285
1457647200,4286.2,4361.2,4284.2,4356
1457906400,4352.8,4378.5,4340.5,4366.5
1457989200,4366.3,4371.5,4337.3,4371.2
1458075600,4370.7,4415.2,4347.7,4402.1
1458162000,4401.8,4420.6,4366.6,4406.1
1458248400,4406.6,4418.3,4383.6,4403.6
1458511200,4398.3,4429.3,4385,4422
1458594000,4422.3,4448.4,4391.8,4440.3
1458680400,4440.5,4448.8,4391.7,4402
1458766800,4401.8,4409,4372,4408.5
1459116000,4416.8,4433.6,4389.6,4394.4
1459198800,4394.6,4473.3,4381.1,4471.5
1459285200,4471.3,4517.7,4464.3,4485.2
1459371600,4485.4,4502.9,4485.4,4485.7
1459458000,4485.4,4536.7,4448.9,4536.4
1459720800,4525.7,4549.7,4496,4501.9
1459803600,4502.2,4504.2,4461.7,4483.9
1459890000,4484.2,4543.7,4473.2,4538.2
1459976400,4538.4,4545.2,4455.9,4464.4
1460062800,4464.7,4515.6,4456.9,4475.2
1460325600,4477.4,4515.7,4443.7,4449.7
1460408400,4449.9,4503.7,4432.7,4498.2
1460494800,4497.7,4559.7,4494.4,4554.9
1460581200,4555.2,4569.2,4536.9,4551.7
1460667600,4551.9,4560.2,4528.4,4543.7
1460930400,4515,4566.8,4507.3,4559.3
1461013200,4559,4591,4512.8,4529.8
1461099600,4530,4562.5,4515.8,4542.3
1461186000,4542,4559.8,4484,4493.5
1461272400,4493.3,4509.8,4439.3,4474.8
1461535200,4478.8,4483.4,4478.8,4479.4
1461618000,4479.6,4497.9,4407.6,4416.4
1461704400,4416.2,4442.4,4380.4,4441.9
1461790800,4441.4,4449.9,4354.3,4393.5
1461877200,4393.7,4399.2,4304.7,4342.7
1462140000,4330.4,4386.4,4325.6,4376.4
1462222800,4376.1,4379.6,4326.6,4346.4
1462309200,4346.6,4348.6,4298.4,4316.6
1462395600,4316.8,4346.6,4291,4302.4
1462482000,4302.6,4338.9,4275.4,4337.9
1462744800,4341.4,4361.7,4323.2,4336.3
1462827600,4336.5,4403.3,4334.8,4398.4
1462914000,4398.1,4407.9,4350.1,4358.4
1463000400,4358.6,4387.1,4310.6,4342.1
1463086800,4342.4,4365.1,4307.9,4327.1
1463349600,4320.3,4396.3,4320.1,4374.9
1463432400,4374.6,4395.4,4309.1,4323.4
1463518800,4323.1,4360.6,4299.9,4340.6
1463605200,4340.9,4342.6,4282.6,4317.4
1463691600,4317.6,4380.7,4316.1,4364.2
1463954400,4368,4383.2,4348.4,4354.2
1464037200,4354.5,4456.5,4343.5,4454.3
1464123600,4454.5,4490.3,4449.3,4473.3
1464210000,4473.1,4496.5,4463.6,4495.5
1464296400,4495.2,4513.7,4490,4513.5
1464559200,4519.7,4525.2,4513.7,4521.7
1464642000,4521.6,4528.9,4497.4,4524.5
1464728400,4524.6,4537.6,4503.4,4522.3
1464814800,4522.5,4533.4,4487.4,4531.7
1464901200,4531.8,4535,4478.7,4509.4
1465164000,4506.7,4537.2,4505.7,4521.5
1465246800,4521.3,4546.3,4506.9,4512.3
1465333200,4512,4530.3,4504.3,4518.3
1465419600,4518.5,4522.5,4492.8,4511
1465506000,4511.3,4513.3,4446.5,4464.5
1465768800,4456,4463.3,4387.3,4420.8
1465851600,4420.5,4441.8,4420.5,4421
1465938000,4420.8,4444.8,4405.5,4415.7
1466024400,4416,4435.5,4361.2,4435.2
1466110800,4435,4441.7,4362.3,4370.4
1466373600,4403.2,4446.2,4393.5,4404.6
1466456400,4405.1,4425.1,4397.6,4403.1
1466542800,4402.8,4443.3,4398.5,4423.9
1466629200,4424.2,4503.2,4419.2,4462.2
1466715600,4462.4,4467.9,4224.2,4271.4
1466978400,4243.1,4277.4,4177.1,4199.7
1467061200,4199.9,4293.9,4195.2,4288.7
1467147600,4288.4,4389.2,4276.7,4375.4
1467234000,4375.2,4419.4,4347.7,4405
1467320400,4405.2,4455,4394.2,4443.2
1467583200,4436.2,4460.4,4435.2,4443.1
1467666000,4442.8,4443.1,4385.3,4405.2
1467752400,4404.9,4448.4,4373.7,4443.2
1467838800,4443.4,4469.2,4437.4,4459.2
1467925200,4458.9,4531.4,4447.9,4525.2
1468188000,4528.4,4571.4,4528.4,4556.8
1468270800,4557.2,4589.9,4554.7,4577.3
1468357200,4577.2,4592.4,4561.4,4563.6
1468443600,4563.5,4616.3,4562.3,4589.7
1468530000,4589.4,4611.5,4564.2,4569.5
1468792800,4594.2,4630,4588,4618.2
1468875600,4618.5,4619.1,4596.6,4613.2
1468962000,4613.5,4667.5,4606,4661
1469048400,4660.7,4670.2,4635.2,4645.4
1469134800,4645.6,4672.6,4636.9,4666.1
1469397600,4665.9,4677.6,4651.9,4663.1
1469480400,4663.4,4702.8,4649.1,4701.7
1469566800,4701.6,4722.1,4685.1,4714.2
1469653200,4714.4,4740.9,4697.7,4735.2
1469739600,4735.4,4744.4,4717.2,4737.4
1470002400,4738.4,4768.4,4729.2,4756.4
1470085200,4756.6,4767.6,4690.1,4717.6
1470171600,4717.9,4736.4,4705.4,4732.3
1470258000,4732.6,4751.4,4719.7,4751.2
1470344400,4750.9,4802.2,4749.7,4788.4
1470607200,4791.5,4805.5,4770.8,4782.9
1470690000,4782.7,4812.2,4782.7,4790.1
1470776400,4789.9,4804.1,4771.1,4782
1470862800,4782.2,4815.2,4781,4807.3
1470949200,4807.8,4810.8,4791.6,4810.3
1471212000,4810.6,4839.3,4809.3,4824.6
1471294800,4824.4,4826.1,4795.5,4803.1
1471381200,4803.3,4811.3,4773.3,4807.8
1471467600,4808.1,4815.6,4794.1,4810.6
1471554000,4810.4,4818.1,4809.8,4809.8
1471816800,4808.3,4819.3,4791.1,4809.5
1471899600,4809.8,4837.8,4808.8,4820.3
1471986000,4820.6,4824.1,4771.1,4785.8
1472072400,4785.6,4794.3,4768.8,4783.3
1472158800,4783.1,4817.9,4783.1,4783.8
1472421600,4780.8,4805.6,4775.4,4795.9
1472504400,4796,4798.7,4760,4774.3
1472590800,4774,4778.2,4774,4774.6
1472677200,4774.7,4795.4,4749.9,4779.1
1472763600,4779,4818.1,4774.5,4798.8
1473026400,4801.3,4806.3,4782.7,4791.9
1473109200,4792.2,4831.9,4790.9,4828.8
1473195600,4828.6,4840.1,4813.2,4827.5
1473282000,4827.7,4837.2,4790,4796.7
1473368400,4797,4798.2,4666.5,4669
1473631200,4664.2,4772.9,4629.4,4762.8
1473714000,4763,4764,4700,4726.6
1473800400,4726.8,4771.4,4724.1,4740.4
1473886800,4740.6,4826.9,4719.8,4808.6
1473973200,4808.5,4823.4,4792.4,4818.9
1474236000,4829.4,4845.4,4786.2,4795.7
1474318800,4795.5,4825,4795.2,4805.2
1474405200,4805.5,4860.7,4792.7,4853
1474491600,4853.2,4898.5,4846.9,4890.7
1474578000,4891,4896.2,4854.8,4862.6
1474840800,4863.8,4865.8,4813.8,4818.5
1474923600,4818.4,4871.1,4807.3,4867
1475010000,4866.9,4879.5,4851,4875.8
1475096400,4875.6,4882.5,4818.8,4843.6
1475182800,4843.4,4891.7,4818.1,4869.7
1475445600,4879.8,4884.3,4847.8,4873.6
1475528400,4873.8,4892.8,4841.3,4857.3
1475614800,4857.6,4893.3,4854.1,4879.6
1475701200,4879.8,4885.8,4850.6,4867.8
1475787600,4868.1,4888.3,4839.8,4864.5
1476050400,4873.7,4906.7,4867.7,4900
1476133200,4899.7,4902.5,4803.6,4831.8
1476219600,4831.6,4845.6,4804.7,4815.1
1476306000,4815.4,4818.9,4761.1,4800
1476392400,4800.3,4847.6,4792.8,4808.9
1476655200,4800.5,4817.2,4787.9,4814.8
1476738000,4814.6,4863.6,4813.8,4832.8
1476824400,4832.6,4847.5,4818,4838.3
1476910800,4838.5,4856,4806,4853.8
1476997200,4854,4855,4852.5,4852.5
1477260000,4855.3,4915.8,4849.8,4911.9
1477342800,4912.1,4926.6,4875.1,4880.7
1477429200,4880.5,4889,4846.9,4861.9
1477515600,4862.1,4887.6,4808.2,4827
1477602000,4826.8,4851,4794.1,4812.8
1477864800,4810,4837.7,4803,4809.2
1477947600,4809.5,4824.7,4726.5,4762.9
1478034000,4762.6,4776.1,4697.3,4710.9
1478120400,4711.2,4733.6,4670.9,4680.1
1478206800,4679.9,4699.5,4655.4,4663.9
1478473200,4726.6,4786.6,4719.6,4779.1
1478556000,4778.9,4827.5,4757.9,4820.6
1478642400,4820.4,4842.6,4820.4,4821.9
1478728800,4821.6,4884.6,4684.9,4743.3
1478815200,4742.8,4763.3,4687.5,4745.8
1479078000,4771.2,4789.4,4677.9,4696.8
1479160800,4696.7,4781.4,4693.4,4771
1479247200,4771.1,4797.1,4738.4,4785.1
1479333600,4784.8,4834.3,4781,4829.6
1479420000,4829.4,4842.7,4804.9,4812.1
1479682800,4812.4,4864.4,4805.7,4861.4
1479765600,4861.1,4887,4860.9,4876.4
1479852000,4876.6,4884.9,4832.9,4850.9
1479938400,4850.7,4865.6,4841.9,4861.1
1480024800,4860.9,4872.6,4854.9,4872.6
1480287600,4863.6,4881.6,4844.6,4858.3
1480370400,4858.6,4899.7,4849.6,4875.6
1480456800,4875.4,4886.9,4814.8,4822.5
1480543200,4822.3,4829.5,4725.2,4734.5
1480629600,4734.3,4761.2,4709.7,4736.7
1480892400,4716.7,4798.2,4714,4784.5
1480975200,4784.3,4799.6,4770.5,4791.3
1481061600,4791.5,4857.6,4766.3,4846.1
1481148000,4846.3,4874.3,4841,4868.8
1481497200,4875.8,4878.6,4857.6,4868.4
1481580000,4868.2,4967,4866.9,4943.6
1481666400,4943.6,4962,4915.8,4935.5
1481752800,4935.7,4966.8,4905.1,4942
1481839200,4938,4956.9,4909.5,4920.2
1482102000,4928.2,4972.1,4918.3,4947.7
1482184800,4947.9,4969.3,4944.6,4962.2
1482271200,4962.3,4966,4945,4953.6
1482357600,4953.1,4958.3,4922.6,4939
1482444000,4939,4949.7,4928.9,4946.4
1482706800,4945.6,4950.7,4945.6,4949.2
1482789600,4949.2,5000.5,4933.8,4969.4
1482876000,4969.1,4985.5,4923.8,4932.2
1482962400,4931.6,4939.6,4892.5,4924.7
1483048800,4924.5,4945.9,4853.6,4868.2
1483311600,4868,4898.1,4868,4894.2
1483394400,4894.6,4933.4,4859.2,4909.3
1483480800,4909.1,4947.4,4909.1,4938.2
1483567200,4938.2,4969.2,4925.4,4965.5
1483653600,4966.1,5022.4,4957.6,5009.8
1483916400,5015.6,5034.8,5008,5021.5
1483999200,5021.7,5052,4963.4,5037.1
1484085600,5037.1,5053.5,5012.7,5047.6
1484172000,5047.6,5049.3,4960.1,5042.9
1484258400,5042.9,5068.5,5041.5,5066.7
1487545200,5330,5343.7,5326.9,5338
1487628000,5338.3,5353.3,5331.1,5344.4
1487714400,5344.1,5355.1,5336.1,5351.5
1487800800,5352.5,5361,5310.7,5324.5
1487887200,5324.4,5344.2,5298.8,5342.7
1488232800,5343.7,5348.4,5343.2,5347.7
1488319200,5345.5,5398.5,5345.3,5386.2
1488405600,5385.9,5392.7,5353.6,5358.9
1488492000,5359,5372.2,5343.8,5371
1488754800,5346.8,5367.7,5338,5356.7
1488837600,5355.8,5373,5341.1,5344.6
1488924000,5344.1,5376.5,5333,5363.2
1489010400,5363.3,5371.9,5335.1,5371.2
1489096800,5370.4,5395.1,5362.6,5380.9
1489356000,5373.5,5396.4,5372.9,5393.9
1489438800,5393.4,5396.1,5359.9,5381.6
1489525200,5381.9,5427.1,5376.4,5418
1489611600,5418.4,5436.2,5398.9,5411.3
1489698000,5411.3,5422.3,5401.1,5405.7
1489960800,5402.8,5424.8,5392.7,5413.5
1490043600,5413.4,5432.3,5324.9,5328.3
1490130000,5328.6,5374.1,5311.9,5324.2
1490216400,5374.5,5376.1,5363.8,5364.1
1490648400,5382,5383.7,5356.7,5378.1
1490734800,5378.1,5433.8,5378.1,5430.1
1490821200,5433,5446.5,5429.3,5436.8
1490907600,5423.6,5448.8,5420.2,5431.7
1491170400,5436.5,5450.5,5396.3,5425.6
1491253200,5428,5443.7,5399.8,5441.7
1491339600,5441.5,5443,5423,5423
1491426000,5422.6,5433.1,5400.9,5419.6
1491512400,5416.4,5432,5375.5,5413.3
1491775200,5418.2,5440.1,5399.4,5416.2
1491858000,5418.6,5422.9,5351.5,5393.9
1491944400,5391.1,5409.6,5358.1,5368.6
1492030800,5365.8,5396.1,5342.6,5350.3
1492117200,5350.3,5350.3,5350.3,5350.3
1492380000,5346.4,5394.4,5341.5,5392.8
1492462800,5392.7,5397.8,5391.8,5391.8
1492549200,5391.7,5396,5387.8,5393.3
1492984800,5503.1,5512.5,5492.1,5500.5
1493067600,5500.8,5518.7,5500.1,5515.7
1493240400,5542.2,5599.9,5538.6,5589.5
1493326800,5589.7,5599.4,5573.3,5582.7
1493589600,5580.3,5639.4,5579.9,5633.2
1493672400,5632.7,5643.8,5610.8,5625.7
1493758800,5617.7,5633.3,5608,5610.2
1493845200,5608.2,5636.3,5604.4,5629.1
1493931600,5626.5,5651.6,5614,5650.5
1494194400,5656.1,5658,5634.1,5654.7
1494277200,5652.2,5687.2,5648.3,5681
1494363600,5672,5680.1,5658.9,5675.5
1494450000,5669.2,5672.5,5634.8,5668.9
1494536400,5659.6,5687.6,5655.1,5687.4
1494799200,5697.2,5704.6,5681.2,5703.6
1494882000,5698.9,5723.8,5697.3,5721.2
1494968400,5692.8,5705.3,5571.5,5572.5
1495054800,5598,5645.6,5548.4,5630.7
1495141200,5629.1,5674.4,5625.2,5652.5
1495404000,5661.6,5702.4,5647.4,5701.7
1495486800,5693.6,5716.6,5690.3,5709
1495573200,5709.8,5732.6,5705.4,5732.1
1495659600,5754.7,5793.8,5739.5,5781.4
1495746000,5781.4,5793.6,5770.7,5793.1
1496008800,5796.6,5799.9,5790.2,5793.9
1496091600,5786.3,5800.4,5776.3,5791.6
1496178000,5797.7,5817.2,5761.6,5802.5
1496264400,5802.6,5822.9,5779.5,5821.5
1496350800,5839.8,5886.3,5825.7,5884.8
1496613600,5881.6,5890.9,5872.4,5881.2
1496696400,5874.4,5893.8,5849.6,5862.4
1496782800,5865.9,5886.3,5847.3,5880.8
1496869200,5887.5,5900,5856.2,5894.2
1496955600,5888.5,5903.3,5664.4,5740.9
1497218400,5718.7,5721.2,5639.5,5718.5
1497301200,5731.5,5765,5712.8,5758.3
1497387600,5750.9,5784.7,5683.9,5726.1
1497474000,5699.3,5711.5,5638,5705.7
1497560400,5718.8,5723.3,5657.8,5688
1497823200,5710.8,5779.3,5710.5,5766.5
1497906000,5772.9,5780.6,5723.7,5728.6
1497992400,5720.2,5793.7,5695.9,5792.2
1498078800,5806.9,5806.9,5767.9,5782.3
1498165200,5790.5,5812.5,5760.5,5802.9
1498428000,5821,5850.2,5766.6,5776.7
1498510800,5766.6,5768.6,5667.7,5671.9
1498597200,5669.9,5767.3,5630.7,5765.8
1498683600,5765.5,5770.5,5599.9,5649
1498770000,5645.2,5685.3,5626.2,5654.1
1499032800,5668.7,5689.5,5592.1,5597.7
1499115600,5572.8,5618,5560.3,5575
1499202000,5573.8,5665.6,5567.6,5649.4
1499288400,5646.3,5648.5,5578.8,5595.9
1499374800,5606.4,5675.6,5590.7,5654.7
1499637600,5677.1,5711,5649.7,5693.5
1499720400,5698.5,5722.3,5666.9,5719.3
1499806800,5716.6,5789.1,5715.6,5786.4
1499893200,5796.6,5811.9,5777.4,5798.1
1499979600,5793.6,5847.9,5788.1,5847.1
1500242400,5849.1,5863.9,5831.6,5859.1
1500325200,5853.3,5899.3,5820.7,5896.7
1500411600,5900,5925.5,5893,5920.3
1500498000,5920.2,5939,5897.8,5931.3
1500584400,5917.1,5929.6,5891.7,5923.4
1500847200,5910.7,5955.8,5907,5926.7
1500930000,5926.1,5948.3,5917.8,5934.8
1501016400,5930.5,5959.8,5929.2,5954.5
1501102800,5983.1,5997.8,5846.3,5917.5
1501189200,5868.9,5919.9,5852.6,5910.3
1501452000,5911.5,5935.2,5872.9,5884.2
1501534800,5908.7,5918.2,5881.3,5897.6
1501621200,5945.5,5945.8,5860,5915.6
1501707600,5911.5,5927,5880.6,5892.4
1501794000,5894.1,5915.1,5877.2,5900.9
1502056800,5921.4,5939.7,5902.7,5936.7
1502139600,5935.7,5976.1,5911.1,5928
1502226000,5907.2,5922.3,5865.1,5920.8
1502312400,5911.3,5911.5,5784.3,5789.8
1502398800,5782.7,5846.7,5761.7,5833.7
1502661600,5868.9,5918.3,5866.5,5909.3
1502744400,5926.7,5930.3,5894.1,5910.1
1502830800,5916.7,5948.5,5900.6,5919.9
1502917200,5912.4,5922.6,5798.9,5799.6
1503003600,5804.4,5833.9,5771.5,5793.4
1503266400,5789.9,5807,5751.8,5789
1503349200,5823.6,5881.3,5804.6,5875.1
1503435600,5869.1,5876.3,5840.8,5854.1
1503522000,5853.9,5874,5803.1,5836.8
1503608400,5845.5,5874.3,5817.2,5824.2
1503871200,5807.2,5856,5801.2,5841
1503954000,5808.8,5875,5777,5865.1
1504040400,5895.8,5943.4,5862.2,5933.9
1504126800,5942.5,5996.5,5937.7,5989.2
1504213200,5999,6020,5973.7,5987
1504476000,5956.7,5983.7,5955.2,5983.5
1504558800,5977.7,5986.2,5891.2,5935.6
1504645200,5946.9,5967.6,5911.2,5953.8
1504731600,5949,5983.5,5944,5967.8
1504818000,5956.5,5966.5,5910.3,5916.5
1505080800,5952,5995.5,5950.5,5982.8
1505163600,5988,6007.3,5970.5,5998.5
1505250000,6002.5,6007,5979,6005.5
1505336400,6003.4,6004,5965.1,5969.4
1505422800,5954.5,6012.3,5948,5988.4
1505685600,5993.3,6015.1,5964.3,5982.3
1505768400,5986.8,6001.8,5972.1,5992.3
1505854800,5987.3,5997.9,5928.2,5975.2
1505941200,5973.7,5977.7,5916.9,5937.7
1506027600,5939.9,5942.9,5908.9,5933.4
1506290400,5931.1,5952.3,5840.5,5869.5
1506373200,5877,5911,5860.8,5886.2
1506459600,5890.7,5961.5,5884.9,5939.8
1506546000,5931.6,5946.9,5909.9,5935.2
1506632400,5935.4,5983.5,5932,5979.7
1506895200,5983.2,6008.6,5957.3,5983.1
1506978000,5981.4,6003.2,5977.2,5996.5
1507064400,5993.6,6013.3,5977.6,6000.8
1507150800,6001.8,6062.7,5998.8,6059.2
1507237200,6058.9,6069.4,6035.7,6065.4
1507500000,6065.9,6082.2,6053.3,6060.6
1507582800,6061.3,6087,6037.8,6066.1
1507669200,6063.3,6085.7,6052.9,6083.9
1507755600,6081.9,6096.6,6066.1,6073.1
1507842000,6071.8,6104,6068.6,6096.3
1508104800,6106,6119.5,6099,6117.8
1508187600,6119,6126.8,6106.5,6125
1508274000,6122.9,6134.1,6109.5,6118.5
1508360400,6120.7,6123.2,6052.7,6095.3
1508446800,6096,6131.3,6092.3,6110.2
1508709600,6120,6126.8,6063.3,6071.6
1508792400,6068.3,6094.8,6059.3,6082.8
1508878800,6075.3,6090,6013.4,6058
1508965200,6066,6079,6038,6041.7
1509051600,6095.2,6228.9,6081.9,6215.7
1509314400,6213.6,6254.4,6205.2,6229.6
1509397200,6223.4,6261.7,6222.3,6252.4
1509483600,6257.6,6287.6,6226.7,6250.2
1509570000,6231.6,6250.8,6195.8,6237.9
1509656400,6252.6,6299.5,6239.6,6297.4
1509922800,6292.8,6320,6270.8,6316.3
1510005600,6314.8,6334,6298.9,6320.4
1510092000,6310.1,6348.7,6304.3,6347.4
1510178400,6345.7,6354.2,6247.9,6312.3
1510264800,6311.2,6320.7,6281.2,6309.2
1510527600,6312.8,6325.5,6281.7,6317
1510610400,6312,6318.8,6262.6,6294.5
1510696800,6289.8,6289.8,6227.8,6261.1
1510783200,6261.8,6354.8,6257.1,6340.3
1510869600,6339.8,6348.1,6309.6,6315.1
1511132400,6314.2,6326.2,6288.3,6311
1511215200,6311.1,6382.6,6308.4,6379.1
1511301600,6377.3,6392.3,6372.5,6386.3
1511388000,6386.5,6395.2,6373.2,6382.2
1511474400,6381.2,6413.2,6377.2,6411.7
1511737200,6415.4,6422.8,6393.1,6407.3
1511820000,6406.8,6427.4,6386.8,6422.9
1511906400,6418.6,6426.1,6281.4,6312.9
1511992800,6307,6375.7,6287.2,6364.7
1512079200,6356.7,6367.4,6244.7,6338.2
1512342000,6380.4,6384.1,6257.1,6263.1
1512424800,6262.1,6339.3,6231.3,6266.8
1512511200,6273.1,6307.2,6232.7,6296
1512597600,6296.7,6336.2,6289.2,6318.4
1512684000,6325.3,6379.7,6321.5,6345.7
1512946800,6348.6,6401.7,6345.2,6398.7
1513029600,6403.5,6412.2,6376.5,6391.3
1513116000,6387.6,6424.1,6369.6,6403
1513202400,6406.1,6429.6,6389.7,6395.5
1513288800,6394.8,6477.2,6385.2,6467.9
1513551600,6495.1,6528.3,6492.1,6521.6
1513634400,6523.2,6532.4,6466.8,6484.5
1513720800,6490.5,6516.4,6451,6477.7
1513807200,6474.5,6512.6,6463.7,6483.8
1513893600,6482.4,6494.7,6461,6483
1514325600,6454.7,6470.3,6437.1,6443.8
1514412000,6449,6472.5,6437.1,6444.4
1514498400,6442.7,6462.6,6401.6,6404.1
1514844000,6414.2,6518.9,6393.5,6516.4
1514930400,6509.7,6587.3,6507.7,6579.3
1515016800,6580.3,6612.3,6574.5,6590.9
1515103200,6601.9,6662.2,6595.1,6655.8
1515366000,6669.4,6686.8,6649.5,6682.1
1515448800,6683.7,6703.9,6663.8,6685.7
1515535200,6677,6683.5,6625,6669.6
1515621600,6672.2,6714.3,6661.2,6714
1515708000,6720.1,6771.2,6700.4,6762.7
1515970800,6780.1,6796.1,6771.1,6778.6
1516053600,6779.1,6844,6727.5,6746.7
1516140000,6752.1,6833,6743.4,6822
1516226400,6818.5,6837,6794.9,6822
1516312800,6818.6,6855.2,6800.8,6844.3
1516575600,6833,6918.5,6830.6,6918.3
1516658400,6932.3,6981.6,6920.4,6974.6
1516744800,6962.2,7004.5,6889,6929.4
1516831200,6928.5,6988.5,6903.7,6925.7
1516917600,6939.7,7031.2,6936,7030.7
1517180400,7038.7,7051.7,6985.3,6998.5
1517263200,7002.7,7011.2,6908,6945.5
1517349600,6945.1,6996.3,6927.6,6968.5
1517436000,6984.9,6993.5,6890.3,6912.8
1517522400,6962.5,6969,6767.5,6770.5
1517785200,6737,6819.9,6494.6,6500
1517868000,6462.7,6681.4,6265.3,6672.1
1517954400,6674,6722.8,6570.6,6585.2
1518040800,6530.6,6624.3,6306.9,6307.7
1518127200,6339.4,6458.1,6167,6412.6
1518390000,6435.6,6570.9,6417.6,6528.7
1518472800,6533.4,6574.5,6474.5,6558.7
1518559200,6556.5,6689.7,6454.9,6679.4
1518645600,6675,6802.4,6670.1,6800.9
1518732000,6816.6,6859.7,6762.4,6776
1518994800,6795.4,6820.5,6759.7,6780.4
1519077600,6790.9,6845.2,6724.9,6785.9
1519164000,6788.2,6886.9,6763.9,6763.9
1519250400,6749.7,6832.9,6696.6,6766.4
1519336800,6795.9,6903.8,6784.4,6902.6
1519599600,6925.2,6996,6893,6995.2
1519682400,7004.2,7011,6906.5,6907
1519768800,6923.4,6972.5,6862.4,6862.5
1519855200,6885,6901,6691.4,6753.8
1519941600,6774.7,6825.8,6648.2,6814.1
1520204400,6803.6,6907.7,6745.7,6887.2
1520287200,6886.7,6942.9,6875.3,6918.1
1520373600,6852.8,6940.9,6802.4,6933.9
1520460000,6924.3,6977.5,6917.1,6971.3
1520546400,6976.7,7106.6,6963.3,7105.9
1520805600,7109.6,7165.2,7108.5,7139.5
1520888400,7139.8,7194.4,7030.9,7051.4
1520974800,7036.6,7102.2,7017.2,7047
1521061200,7043.3,7080.8,7008.5,7036
1521147600,7055.2,7065.3,7013.9,7018.6
1521410400,7019.7,7024.2,6803.7,6867.9
1521493200,6890.7,6911.3,6846.6,6887.5
1521579600,6900.7,6934.4,6826.1,6855.2
1521666000,6871.2,6899.3,6678.2,6683.6
1521752400,6666.9,6706,6503.9,6504.7
1522015200,6529.8,6764.8,6510.6,6756.8
1522098000,6766.2,6834.2,6475.1,6528.8
1522184400,6530.4,6568.1,6407,6456.7
1522270800,6480.6,6640.3,6430.7,6575.9
1522620000,6561.4,6576.5,6315.4,6387.7
1522702800,6399,6486.2,6340.6,6457.1
1522789200,6457.8,6581.6,6296.5,6559.7
1522875600,6571.4,6644.2,6549.3,6594.8
1522962000,6588.9,6597.8,6398.8,6432.1
1523224800,6466,6610,6451.5,6475
1523307600,6479.9,6644.2,6463.8,6619.2
1523394000,6616.4,6655.9,6543.2,6586.9
1523480400,6592.2,6686.8,6582.7,6660.8
1523566800,6656.3,6706.3,6599.9,6628.4
1523829600,6680.1,6704.8,6634.3,6678.1
1523912400,6702.1,6839.8,6693.3,6821.9
1523998800,6819.8,6862.7,6792.4,6837.7
1524085200,6851.5,6862.1,6751.3,6777.7
1524171600,6775.8,6786.5,6642.8,6669.5
1524434400,6702.2,6725.5,6614.5,6651.3
1524517200,6661.8,6715.5,6465,6509.9
1524603600,6523.7,6544.4,6427.4,6519.3
1524690000,6596.4,6676.5,6557.5,6653.4
1524776400,6749.2,6770.2,6621.4,6659.6
1525039200,6698.2,6717.6,6595.5,6609.9
1525122000,6609.7,6688.2,6578.3,6684.2
1525208400,6717.2,6728.2,6637,6645.5
1525294800,6634.1,6669,6537,6644.8
1525381200,6668.4,6786.6,6608.9,6770.9
1525644000,6789.1,6850,6780.8,6825.3
1525726800,6815.6,6836.7,6770.2,6817.2
1525813200,6822.8,6899.9,6807.4,6894.9
1525899600,6898.8,6970,6887.6,6964.7
1525986000,6952.6,6975.4,6924.6,6955.4
1526248800,6970.5,7010.6,6955.6,6966.1
1526331600,6970.6,6973.8,6851.7,6890.1
1526418000,6886.2,6947.7,6870.1,6932.4
1526504400,6931.2,6955.6,6868.9,6903.4
1526590800,6896.6,6930.3,6856.4,6867.9
1526853600,6935.7,6952,6876.5,6907.5
1526936400,6905.8,6950.3,6885.8,6898.2
1527022800,6903,6956.7,6825.8,6956.6
1527109200,6954.6,6970.1,6881.6,6951.4
1527195600,6959,6999.7,6939.3,6960.5
1527458400,6980.2,7005.2,6967.9,6990.7
1527541200,6985.9,6987.1,6888.1,6930.1
1527627600,6943.3,6992.6,6916.3,6980.8
1527714000,6976.9,7022,6956.7,6975
1527800400,6979.7,7089.4,6978,7084.9
1528063200,7081.2,7151.3,7073,7146.7
1528146000,7146.5,7184.6,7137.4,7171.7
1528232400,7181.1,7214.6,7142.6,7213.7
1528318800,7215.7,7233.9,7116.6,7152.6
1528405200,7156.9,7163.1,7078.2,7152.6
1528668000,7135.4,7190.5,7129.8,7171.8
1528750800,7169.3,7219.2,7157.9,7213.3
1528837200,7214.9,7267.1,7196.4,7209.2
1528923600,7211.2,7297.4,7181.8,7286.4
1529010000,7280.9,7294.9,7221.7,7257.4
1529272800,7261.3,7267.1,7186.6,7252.4
1529355600,7250.9,7256.1,7135.4,7230.2
1529442000,7229.4,7313.9,7204.6,7283.6
1529528400,7295.2,7335.5,7204.3,7218.7
1529614800,7201,7252.4,7177.1,7195.7
1529877600,7197.1,7202.3,6975.3,7038.5
1529960400,7051.1,7110.9,7020.8,7070.7
1530046800,7082.8,7132.7,6969.2,6970.3
1530133200,6977,7057.4,6937.4,7034.8
1530219600,7044.2,7105,7027,7043.8
1530482400,7058.6,7100.9,6969.7,7100.4
1530565200,7093.3,7147.3,7005,7005.5
1530651600,7011.9,7035.7,7005.4,7025.5
1530738000,7020.1,7108.8,6998.9,7102.8
1530824400,7097.1,7220.2,7083.7,7210.2
1531087200,7219.3,7280.7,7216.5,7279.2
1531170000,7281.7,7318.5,7259.1,7284.4
1531256400,7252.1,7273.5,7188.3,7244.7
1531342800,7240.6,7370.5,7233,7368.5
1531429200,7365.1,7398.1,7351.3,7376.8
1531692000,7386.6,7398.2,7348.4,7361.1
1531774800,7302.3,7420,7277.7,7405.6
1531861200,7410.4,7421.8,7365.1,7388.6
1531947600,7385.3,7400.2,7341.4,7351.3
1532034000,7367,7397.9,7334.9,7346.8
1532296800,7358.3,7375.2,7296.4,7367.7
1532379600,7403.6,7474.6,7371.4,7401.6
1532466000,7396.6,7512.5,7382.2,7508
1532552400,7393.3,7428.9,7379.4,7395.9
1532638800,7420.6,7454.8,7251.5,7293.5
1532901600,7286.3,7298.9,7156.2,7202.1
1532984400,7199.6,7273.4,7179,7234.4
1533070800,7282.1,7294.1,7232.6,7271.5
1533157200,7280.6,7380.3,7204.8,7374.6
1533243600,7378.6,7405.1,7352.5,7391.3
1533506400,7402.2,7438.3,7377.8,7436.8
1533589200,7432.6,7477.1,7430.6,7462.1
1533675600,7464.6,7486.1,7433,7468.1
1533762000,7455.2,7496.3,7449.8,7465.4
1533848400,7457.8,7460.7,7379.5,7407.7
1534111200,7402.6,7468.7,7368.1,7400.5
1534194000,7410,7454.9,7387.3,7446.5
1534280400,7451.3,7453.7,7306.1,7356.6
1534366800,7367.6,7423.1,7352.4,7374.6
1534453200,7369.3,7395.8,7310.8,7378.2
1534716000,7383.5,7410.4,7341.4,7370.2
1534798800,7368.1,7442.2,7358.9,7397.2
1534885200,7364.9,7434.4,7341.8,7425.4
1534971600,7424.9,7464.9,7401.3,7413.1
1535058000,7415.4,7489.8,7410.7,7483.3
1535320800,7490.5,7559.5,7490.5,7558.8
1535403600,7565.8,7589.2,7556.4,7571.4
1535490000,7574.2,7664.1,7573.6,7659.1
1535576400,7664.2,7689.2,7617.5,7644.7
1535662800,7634.8,7674.9,7626.1,7652.6
1535925600,7665.3,7680.8,7652.5,7674.9
1536008400,7672.1,7686.9,7581,7623.7
1536094800,7632.6,7638.2,7498.3,7531.6
1536181200,7525.7,7538.9,7402.5,7449.1
1536267600,7448,7489.4,7388.3,7428.8
1536530400,7429.6,7480.1,7410.7,7456.4
1536613200,7457.6,7521.1,7401.1,7509.9
1536699600,7514.4,7538.1,7422.2,7479.3
1536786000,7476.3,7579.5,7466.7,7562.5
1536872400,7559.1,7595.7,7509.9,7541.6
1537135200,7533.6,7546.8,7429.7,7435.6
1537218000,7435.1,7536.1,7394.4,7500.9
1537304400,7503.1,7517.9,7443.1,7501.3
1537390800,7501.2,7589.4,7486.4,7585.9
1537477200,7574.8,7610.4,7520.5,7520.9
1537740000,7506.7,7569.1,7449,7566.6
1537822800,7567.3,7578.9,7526.2,7573.6
1537909200,7574,7643.5,7553,7566.1
1537995600,7566.1,7662,7561.7,7640.1
1538082000,7640,7652.8,7593.3,7643.8
1538344800,7655.3,7706.3,7629.6,7651.9
1538427600,7649.3,7690.2,7607.8,7635.5
1538514000,7634.1,7681.7,7619.7,7629.4
1538600400,7620.1,7625.9,7434.1,7501
1538686800,7497.7,7518.2,7325.1,7416.7
1538949600,7430.7,7432.7,7266.7,7372.1
1539032400,7371.3,7436.2,7317.8,7375.5
1539118800,7375.3,7393.3,6981,6985.1
1539205200,6997.4,7123.1,6893.3,7027.2
1539291600,7028.4,7182.2,7018.9,7168.3
1539554400,7150.4,7157.3,7043.9,7055.8
1539637200,7058.8,7344.2,7046,7327.8
1539723600,7323.2,7354.7,7208.4,7302.1
1539810000,7290.8,7293.6,7081.3,7142.1
1539896400,7139.9,7231.5,7080.7,7092.3
1540159200,7073.5,7199.1,7045.9,7146.7
1540242000,7142.6,7153,6933.4,7129.9
1540328400,7126.9,7163.5,6775.4,6865.5
1540414800,6861.4,7065.9,6807,6880.2
1540501200,6865.6,6976.9,6725.2,6859.1
1540764000,6886.3,6983.6,6572.7,6713.4
1540846800,6719.6,6841.1,6652.7,6835.1
1540933200,6844.3,7030.5,6808.4,6950.7
1541019600,6954.1,7071.8,6928.5,7021.4
1541106000,6977.1,7135.3,6904.7,6968.4
1541372400,6966.3,6992.6,6859.2,6943.4
1541455200,6935.8,7027.9,6900.4,7007.2
1541541600,7004.1,7218.2,6965.3,7213.4
1541628000,7203.1,7221,7122.6,7140.2
1541714400,7135.5,7156.8,6979.8,7027.5
1541977200,7021.6,7095.7,6818.1,6832.7
1542060000,6837.5,6954.5,6794.3,6848.9
1542146400,6845.5,6919.1,6736.6,6772.5
1542232800,6765.2,6910.2,6702,6878.3
1542319200,6860.5,6902.2,6796.5,6877.7
1542582000,6857.5,6925.9,6624.3,6666.6
1542664800,6658.7,6662.2,6442,6515.3
1542751200,6515.1,6640.6,6501.7,6569.6
1542837600,6576.5,6591.2,6500.1,6514.6
1542924000,6527.6,6595.2,6489.1,6524.5
1543186800,6528,6692,6525.9,6635
1543269600,6633.5,6718.5,6608.9,6713.6
1543356000,6721.7,6919.3,6705.3,6911.8
1543442400,6899.6,6939.8,6839.7,6902.6
1543528800,6898.1,6948.8,6868.3,6947.3
1543791600,7067.3,7136.9,7013.7,7053.6
1543874400,7043.3,7053.1,6781.1,6800.6
1543960800,6795.1,6860.7,6791.5,6839.7
1544047200,6756.3,6850.7,6627.8,6839.2
1544133600,6835.6,6853.9,6593.2,6611.5
1544396400,6584.4,6714.3,6535.1,6693.4
1544479200,6694,6808.8,6651.2,6681.8
1544565600,6698.2,6872.1,6691.4,6765.4
1544652000,6769.7,6837.2,6722.4,6743.9
1544738400,6745.4,6760.3,6586.1,6605.3
1545001200,6582.7,6634.2,6400.8,6470.1
1545084000,6472.1,6555,6434.1,6438.6
1545170400,6445,6587.2,6299.7,6326.8
1545256800,6315.9,6382.6,6162.1,6299.6
1545343200,6298,6316.3,6008.7,6058.2
1545606000,6001.7,6104.4,5870,5871.5
1545861600,6259.7,6315.3,6036.7,6291.7
1545948000,6292.2,6385.3,6226.4,6279
1546210800,6327.9,6359.9,6266.4,6335.8
1546380000,6335.3,6392.6,6137.9,6245.4
1546466400,6213.4,6287.8,6131.2,6155.3
1546552800,6158.5,6447.5,6121.2,6417.1
1546815600,6431.9,6522.3,6389.6,6491.7
1546898400,6492.5,6573.2,6454.4,6538.5
1546984800,6539.1,6631,6536.7,6589.8
1547071200,6588.6,6628.2,6514.2,6613.9
1547157600,6606,6619.1,6559.4,6601.1
1547420400,6583.3,6586,6510.1,6535
1547503200,6531.7,6676.2,6528.7,6666.2
1547589600,6667.8,6724.5,6649.5,6659.3
1547676000,6653.8,6747.1,6600.5,6717.4
1547762400,6711.8,6816.1,6699.3,6793.2
1548025200,6779.1,6781.9,6731.3,6751.7
1548108000,6749,6768,6602.2,6642.2
1548194400,6640.8,6714.8,6583.4,6659.6
1548280800,6656.6,6709.6,6643.3,6675.3
1548367200,6674.7,6802.1,6667.3,6786.2
1548630000,6780.9,6781.2,6641.6,6692.1
1548712800,6688.3,6715.2,6611.1,6676
1548799200,6693.1,6837.7,6651.4,6829.8
1548885600,6842.6,6936.4,6832.8,6922.5
1548972000,6894.2,6920.9,6854.1,6870.5
1549234800,6857.3,6974.5,6857.1,6938.3
1549317600,6929.7,7028.5,6921.8,7005.6
1549404000,7005.2,7032.6,6966.4,6981.4
1549490400,6981.3,6987.3,6850.3,6896.1
1549576800,6890.1,6917.4,6832.3,6914.9
1549839600,6920.1,6961.7,6888.5,6902
1549922400,6899.5,7020.5,6895.1,7011.6
1550008800,7005.8,7062,7004.1,7009.2
1550095200,7005.3,7048.7,6963.5,7008.3
1550181600,7008.2,7086.4,6967.4,7056.7
1550444400,7066,7075.6,7048.6,7073.6
1550527200,7067.9,7088,7028.9,7061.8
1550613600,7055.4,7095.5,7022.7,7062.2
1550700000,7061.1,7104.5,6995.9,7028.1
1550786400,7017.3,7092.7,7010.5,7092.1
1551049200,7107.8,7161.9,7094.5,7114.4
1551132000,7113.5,7145.2,7067.1,7104.5
1551218400,7099.8,7126.1,7042.5,7117.4
1551304800,7109.4,7123,7065.1,7102.1
1551391200,7098.9,7156.9,7090.8,7151
1551654000,7174.1,7205,7068.6,7136.5
1551736800,7132.2,7175.8,7118.3,7153.8
1551823200,7148.5,7164.9,7101,7104.9
1551909600,7100.3,7117.2,6997.2,7019.1
1551996000,7019.5,7027.7,6934,7024.6
1552255200,7016.8,7173.2,6995.1,7169.6
1552338000,7166.1,7219.3,7157.5,7208.4
1552424400,7207.2,7293.9,7180.8,7270.4
1552510800,7269.3,7287.4,7234.1,7238.9
1552597200,7239.3,7329.4,7238.7,7314.3
1552860000,7308.1,7349.2,7291.6,7334.1
1552942800,7333.5,7391.3,7321,7348.5
1553029200,7348.5,7426.9,7319,7368.5
1553115600,7373.6,7509.8,7337.5,7499.4
1553202000,7496.8,7513.9,7322.4,7327.9
1553464800,7351.6,7351.6,7261.4,7333.3
1553547600,7329.4,7418.9,7312.5,7355.1
1553634000,7350.4,7376.5,7248.3,7294.9
1553720400,7296.4,7344.9,7262.2,7327.2
1553806800,7326.1,7387.1,7322.9,7383.8
1554069600,7411.4,7480.3,7411.4,7471.7
1554152400,7468,7506.1,7457.5,7489.5
1554238800,7491.5,7590.1,7487.3,7555.3
1554325200,7555.5,7571,7495.3,7536
1554411600,7532.3,7584.8,7529.4,7582.3
1554674400,7579.5,7604.2,7536.3,7598.5
1554757200,7601.6,7606.7,7554.4,7561.2
1554843600,7565.6,7620.1,7549.6,7617.2
1554930000,7618.6,7635.1,7578,7592.5
1555016400,7590.6,7641.9,7585.1,7627.1
1555279200,7633.4,7637.8,7577.6,7626.1
1555362000,7630,7672.2,7625.2,7655.6
1555448400,7653.1,7712.3,7645.4,7665.3
1555534800,7666.7,7702.6,7640.1,7693.6
1555884000,7692,7728,7650.1,7718.8
1555966800,7716,7824.1,7705.4,7811.5
1556053200,7811.2,7832.4,7783.7,7818.8
1556139600,7835.5,7861,7773.7,7777.2
1556226000,7778.8,7827.6,7738.1,7818.3
1556488800,7823.8,7852.2,7789,7789.5
1556571600,7787.8,7843.1,7725.3,7837.1
1556658000,7832.6,7852.8,7722.8,7723.6
1556744400,7728.1,7790,7667.5,7723
1556830800,7720.2,7856.5,7720.1,7855.6
1557093600,7735.6,7804.6,7651.7,7723.7
1557176400,7734.8,7791.4,7568.5,7654.5
1557262800,7654,7685,7587.5,7626.6
1557349200,7620.6,7629.5,7468.4,7578.2
1557435600,7565.9,7636.9,7420.9,7593.3
1557698400,7532.8,7536.3,7291.5,7298.7
1557781200,7291,7448.5,7276.2,7409.8
1557867600,7409.3,7524.7,7340,7510
1557954000,7506,7627,7459.2,7585.3
1558040400,7582.8,7606.1,7489.3,7494
1558303200,7509.4,7543.7,7348.9,7390.6
1558386000,7395.7,7472.2,7387.7,7447.9
1558472400,7445.4,7459.9,7378.5,7414.4
1558558800,7418,7422.6,7257.1,7305.4
1558645200,7306.3,7368.8,7289.8,7302.6
1558908000,7305.9,7329,7282,7306.6
1558990800,7306.8,7363,7272.2,7284.2
1559077200,7278.4,7287.7,7174.6,7207.1
1559163600,7209.1,7263.4,7200.9,7247
1559250000,7245.6,7249.2,7122.3,7130.4
1559512800,7090.9,7127.4,6936.1,7003.4
1559595600,7005.6,7182.1,6977.2,7182
1559682000,7197.9,7240.4,7145.4,7225.7
1559768400,7198.7,7293.4,7175.6,7257.2
1559854800,7255.5,7447.1,7252.7,7421.9
1560117600,7475.1,7574.5,7427.6,7514.9
1560200400,7510.3,7597.2,7489.3,7514.7
1560286800,7512.1,7527.8,7458,7473
1560373200,7470.7,7531.9,7417.3,7506.5
1560459600,7492.7,7517.6,7448.4,7480.5
1560722400,7482.9,7549.5,7481.6,7538.7
1560805200,7540.1,7694.4,7514.1,7644.8
1560891600,7641,7684.7,7602.9,7669.9
1560978000,7665.4,7793.8,7665.2,7737.3
1561064400,7733.9,7775.4,7698.3,7718.6
1561327200,7721.1,7767.9,7720.8,7730.1
1561410000,7731.2,7753.8,7583.7,7609.5
1561496400,7609.4,7694.1,7591.6,7618.4
1561582800,7621.8,7691,7618.6,7661.6
1561669200,7670.9,7701.3,7640.3,7698.2
1561932000,7785.6,7826.5,7735.8,7768.1
1562014800,7766.5,7818.5,7739.1,7815.6
1562101200,7814.3,7867.4,7799.3,7862.9
1562187600,7868.9,7881.4,7855.4,7876.3
1562274000,7876.9,7883.6,7772.5,7828.1
1562536800,7831.1,7838.8,7753.8,7775.8
1562619600,7772.7,7835.1,7719.6,7821.6
1562706000,7820.6,7926.3,7788.3,7901.7
1562792400,7904.3,7940.9,7872.5,7896.1
1562878800,7896.4,7947,7891.2,7937.3
1563141600,7942.8,7972.9,7922,7964.9
1563224400,7963.2,7982.9,7905.6,7919.4
1563310800,7923.1,7948.6,7850.4,7852
1563397200,7857.3,7937.5,7816,7929.8
1563483600,7941.3,7964.4,7798.8,7803.2
1563746400,7818.5,7921.9,7812.2,7912.3
1563829200,7916.7,7971.5,7893.9,7926.9
1563915600,7934.8,8037.6,7911.7,7988
1564002000,7993.7,8020.8,7903.8,7968.9
1564088400,7979.9,8028,7975,8002.7
1564351200,8011.3,8020.2,7940.4,7993.6
1564434000,7992.8,8008.6,7916.8,7977.5
1564520400,7980.1,7990.4,7771.4,7828.5
1564606800,7817.3,8004.2,7766.8,7780.9
1564693200,7784.8,7796.6,7640.8,7698.8
1564956000,7676.3,7698.2,7352.4,7360.4
1565038800,7333.1,7541.5,7217.2,7510.1
1565125200,7510.7,7570,7380.2,7543.2
1565211600,7534.1,7730.8,7519,7721.3
1565298000,7689.9,7713.8,7587.1,7659.2
1565560800,7658.1,7701.4,7526.9,7563.2
1565643600,7565.3,7781.7,7506.6,7743.6
1565730000,7736.2,7756,7465.9,7466.4
1565816400,7466.5,7561.7,7378.1,7498.8
1565902800,7502.1,7622.5,7492.7,7601.3
1566165600,7633.5,7740.9,7627.4,7710.9
1566248400,7708.7,7742.4,7646.1,7649.1
1566334800,7647.9,7756.5,7647.3,7749
1566421200,7746.9,7773.1,7645.2,7697.6
1566507600,7707.7,7753.8,7439.5,7481.6
1566770400,7392.4,7618.9,7346.2,7581.4
1566853200,7586.4,7641.7,7530.5,7559
1566939600,7560,7599.6,7498,7574.3
1567026000,7575.4,7723.7,7542.2,7699.7
1567112400,7696,7764.2,7640,7669.7
1567375200,7625.3,7690.3,7576.7,7607.3
1567458000,7612.4,7672,7583,7612.6
1567544400,7608.9,7726,7604.5,7719
1567630800,7720.3,7881.7,7712.8,7845.4
1567717200,7853.7,7890.4,7834.1,7860.3
1567980000,7864.8,7883.8,7795.5,7830
1568062800,7833.5,7855,7741.8,7816.4
1568149200,7813.6,7901.6,7784,7889.6
1568235600,7888.4,7978.4,7883.4,7907.9
1568322000,7919.6,7954.7,7878.4,7884.1
1568584800,7834,7871.6,7774.6,7864.3
1568667600,7868.9,7898.1,7827.5,7893.5
1568754000,7888.5,7907,7790.9,7899.9
1568840400,7899.7,7951.8,7830.4,7895.9
1568926800,7894.2,7929.7,7789,7809.5
1569189600,7850,7876.9,7787.4,7847.6
1569272400,7848.9,7882.7,7681.9,7717.7
1569358800,7719.1,7824.7,7644.4,7803.5
1569445200,7805.6,7823.6,7715.8,7766.9
1569531600,7769.8,7802.9,7622,7697.9
1569794400,7732.7,7771.4,7688.5,7767.4
1569877200,7770.6,7824.5,7673.9,7692.7
1569963600,7689.5,7713.4,7508.8,7538.1
1570050000,7538.2,7643.4,7457.3,7641.6
1570136400,7636.1,7756.5,7606.6,7750
1570399200,7706.6,7783.7,7701.5,7722.8
1570482000,7722.7,7769.6,7598.8,7608.2
1570568400,7613.4,7717.6,7591.4,7690
1570654800,7696,7784.5,7569.8,7773.7
1570741200,7767.8,7904.9,7753.7,7844.8
1571004000,7855.5,7882.1,7795,7847.5
1571086800,7849.6,7959.9,7849.6,7947.3
1571173200,7945.1,7948.6,7896,7939.4
1571259600,7940.9,7983.3,7911.2,7942.2
1571346000,7940.7,7947.2,7825.1,7872.6
1571608800,7864.3,7941.3,7858.8,7938.3
1571691600,7938.5,7979.1,7827.7,7832
1571778000,7837.3,7908.9,7801.5,7908.1
1571864400,7920.9,7975.1,7904.4,7915.7
1571950800,7920,8033,7910,8028.4
1572213600,8043.7,8119.8,8043,8103.9
1572296400,8103,8112.1,8044.2,8049.5
1572382800,8054.5,8134,8012.6,8111.1
1572469200,8118.6,8131.7,8039.4,8084.7
1572555600,8085.1,8161.2,8078.1,8156.6
1572822000,8166.1,8227.8,8165.6,8213.6
1572904800,8211.6,8242.4,8187.5,8204.2
1572991200,8205.7,8221.8,8154.8,8205.6
1573077600,8202.1,8271.4,8180.3,8222.8
1573164000,8223.7,8256.4,8182.1,8251.9
1573426800,8252.5,8253,8199.5,8247.4
1573509600,8247,8295.4,8222.7,8266.4
1573596000,8265,8277.7,8216.3,8263.5
1573682400,8257.1,8276.9,8211.6,8264.4
1573768800,8259,8318.5,8256.5,8318.5
1574031600,8309.2,8363.5,8273.8,8330.5
1574114400,8328.5,8376,8309.6,8331.5
1574200800,8322.7,8341.7,8224.5,8282.4
1574287200,8252,8301.5,8234,8272.2
1574373600,8272.9,8307.7,8228,8277.2
1574636400,8296.2,8374.8,8292.7,8370.8
1574719200,8368.2,8417,8362.5,8398.8
1574805600,8395,8454.9,8393.6,8452.8
1574892000,8452.4,8452.5,8410.9,8441.4
1574978400,8442.5,8447.8,8403.5,8418.5
1575241200,8424.9,8455.2,8274.9,8308.2
1575324000,8313.2,8336,8166.9,8254.1
1575410400,8255.6,8317.7,8219,8295.4
1575496800,8292.6,8336.7,8270,8307.9
1575583200,8306.5,8406.5,8305,8401
1575846000,8405.4,8425.5,8345.4,8349.4
1575928800,8352.9,8396.9,8295.7,8366.5
1576015200,8364.4,8410.4,8344,8407.5
1576101600,8406,8496.5,8380.6,8471.9
1576188000,8492.5,8523.5,8433.8,8495
1576450800,8509,8594.5,8506.5,8584.5
1576533600,8580.7,8603.7,8570,8579.6
1576620000,8578.3,8620,8573.1,8603.5
1576706400,8604.3,8661.2,8587.4,8659.4
1576792800,8655.5,8702.7,8643.6,8688.2
1577055600,8692.5,8722.6,8691.9,8708
1577138400,8708.1,8715.2,8686.6,8709
1577397600,8800.2,8824,8750,8760.2
1577660400,8764.5,8791.3,8672.9,8713.8
1577743200,8712,8754.2,8674.6,8754.1
1577916000,8760.5,8883.6,8754.1,8883.4
1578002400,8883.9,8889.5,8717.8,8793.8
1578265200,8745.2,8857.8,8708.2,8837.7
1578348000,8837.7,8879.5,8810.9,8830.4
1578434400,8830,8957.7,8663.7,8932
1578520800,8936.8,9008.1,8918.5,8994.7
1578607200,8998.3,9041.4,8952.7,8963.8
1578870000,8980.5,9082.8,8972.4,9077.2
1578952800,9077.5,9102.9,9023.4,9051.7
1579039200,9049,9084.7,9012.1,9050.8
1579125600,9054.9,9129.7,9053.1,9126.8
1579212000,9127,9179.1,9120,9161.5
1579474800,9161.9,9178.2,9151.5,9167.2
1579557600,9167.9,9191.2,9106.6,9166.3
1579644000,9170.1,9245.8,9166.3,9180.2
1579730400,9183,9245.7,9140.8,9243.4
1579816800,9245.2,9280,9102.5,9129.5
1580079600,9056.9,9058.3,8919.6,8954.5
1580162400,8954.6,9130.9,8953,9119.5
1580248800,9119.5,9153.9,9067.5,9100.4
1580335200,9116.6,9234.7,8998.3,9232.1
1580421600,9212.2,9243.2,8960.7,9007.4
1580684400,9009.3,9152,8994.5,9101.6
1580767200,9086.3,9365.5,9083.7,9356.8
1580853600,9346,9458.6,9314,9384.2
1580940000,9386.9,9457.5,9356.7,9457.1
1581026400,9452.7,9461.4,9377.7,9392.9
1581289200,9388.9,9525.1,9324.4,9520.2
1581372000,9519.1,9603.4,9495.7,9526.5
1581458400,9532.4,9623,9519,9618.5
1581544800,9613,9638.6,9505.3,9619.2
1581631200,9615,9653.7,9583.2,9624.6
1581894000,9645.7,9683,9645,9661.9
1581976800,9589.5,9650.1,9529.7,9636
1582063200,9639.8,9741.4,9637.4,9726.4
1582149600,9734.9,9755.8,9508.7,9611.1
1582236000,9606.2,9617.1,9405,9448.8
1582498800,9336.8,9352.9,9037.7,9091.9
1582581600,9086.1,9219.7,8806,8869.5
1582668000,8861.4,9033.6,8705.4,8817.5
1582754400,8811.4,8874,8329.1,8345.5
1582840800,8363.5,8569.6,8124.9,8541.4
1583103600,8364,8879.9,8312.9,8816.8
1583186400,8844.4,9000,8510.3,8558.4
1583272800,8567.7,8949.1,8507.7,8888.7
1583359200,8895.8,8899,8610.5,8672.4
1583445600,8674.5,8726.1,8310.5,8501.8
1583704800,8275.5,8277.5,7881.1,7916.2
1583787600,7868.1,8380.8,7816.2,8358.4
1583874000,8320.8,8323.2,7894.5,8006.6
1583960400,7993.9,8108.1,7129.5,7160.4
1584046800,7168.1,7975.7,6941,7824.6
1584309600,7703.9,7781.3,6921.1,7042.6
1584392400,7071.2,7552.2,6946.9,7361.5
1584478800,7357.3,7395,6823.2,7254.4
1584565200,7221.6,7512.1,6886.3,7195.8
1584651600,7178.9,7640,6899.6,6926.8
1584914400,6688.9,7326,6635,6987.8
1584997200,7072.5,7582,7037.7,7565.7
1585083600,7538.6,7769.8,7379.9,7485.8
1585170000,7483.6,7901.1,7317.9,7872.1
1585256400,7877.6,7898.9,7559.2,7564.5
1585519200,7419.9,7891.7,7418.3,7861.2
1585602000,7851.2,8001.3,7753.7,7785
1585688400,7761.5,7772.2,7410.6,7470
1585774800,7482.5,7660.9,7379.7,7626.5
1585861200,7619.1,7665.4,7427.6,7526.5
1586124000,7607.4,8101.7,7598.3,8038.8
1586206800,8022.1,8306.1,7950.6,8001.6
1586293200,8019,8245.4,7955.9,8204.8
1586379600,8177.5,8329.1,8104.6,8242.6
1586728800,8276.5,8341,8076.9,8340.8
1586811600,8346.5,8710.4,8321.4,8706.4
1586898000,8696.9,8701.5,8489.6,8579
1586984400,8587.8,8846.6,8504.4,8842.4
1587070800,8916.1,8971.1,8693.7,8812.7
1587333600,8782.4,8851.5,8692.4,8718.1
1587416400,8715.7,8768.5,8347.8,8440.5
1587502800,8473.8,8705.6,8406.4,8639.4
1587589200,8637.9,8793.6,8588.1,8608.2
1587675600,8578,8789,8507.1,8773
1587938400,8803.6,8906.9,8738.7,8827
1588021200,8815.5,8955.3,8664.1,8708.2
1588107600,8759.8,9128.7,8743.2,9128.4
1588194000,9101.8,9154.5,8867,8879.7
1588280400,8844.8,8889.1,8682.7,8712.4
1588543200,8628,8838.8,8567,8820.6
1588626000,8822.2,9031.9,8814.2,8945.4
1588712400,8944.8,9067.5,8888.7,8957
1588798800,8968.8,9136.8,8940.9,9129.1
1588885200,9115.2,9245.9,9113.7,9229.2
1589148000,9192.9,9347.2,9127.2,9289
1589230800,9293.2,9353.9,9049.3,9052.2
1589317200,9054.6,9211.4,8886.9,9021.5
1589403600,9035.5,9112.4,8855.2,9095.7
1589490000,9087,9155.7,8932.9,9123.9
1589752800,9129.1,9368.7,9117.5,9324.5
1589835600,9327,9423.2,9290.8,9303.9
1589922000,9286.1,9501.4,9275.6,9498
1590008400,9494.9,9514.1,9355.5,9362.7
1590094800,9358.4,9425.9,9245,9424.3
1590357600,9405,9477.5,9399.4,9459.5
1590440400,9512.9,9607.5,9376.6,9415
1590526800,9402.7,9511.3,9176.8,9445
1590613200,9440,9568.4,9323.3,9462.3
1590699600,9452.5,9593.1,9374.8,9589.6
1590962400,9519.1,9608.2,9452.4,9595.1
1591045200,9590.9,9672.5,9507.7,9660.7
1591131600,9658.6,9730.6,9637.5,9692.7
1591218000,9685.6,9743.6,9573.6,9644.8
1591304400,9642.1,9847.1,9602.8,9808.6
1591567200,9837.1,9901.9,9748.4,9884.5
1591650000,9880.3,10006.1,9812.9,9962.5
1591736400,9968,10156.5,9959.6,10087.8
1591822800,10084.1,10105.8,9584.8,9620.7
1591909200,9630.2,9849.8,9494.9,9646.2
1592172000,9542.3,9815.2,9379.3,9811.3
1592254800,9816.4,10014.4,9799.4,9971.9
1592341200,9947.3,10060.4,9927.4,9998.9
1592427600,9987.4,10042.2,9878.9,10000
1592514000,10003.2,10124.7,9928.8,9937.2
1592776800,9890.2,10146,9855.1,10133
1592859600,10135.2,10307.9,9983.2,10188.8
1592946000,10201.1,10253.6,9939.4,10026.7
1593032400,10022.2,10118.6,9897.7,10107.1
1593118800,10099.4,10131.7,9836.2,9856.8
1593381600,9800,10009.3,9741.3,9998.9
1593464400,9988.5,10182.9,9951.9,10150.5
1593550800,10146.1,10320.4,10087.8,10267.2
1593637200,10267.7,10432.1,10255.9,10359.5
1593723600,10360.4,10396.6,10319.2,10337.4
1593986400,10371.3,10624.8,10370,10608.7
1594069200,10613.1,10704.4,10516.2,10537
1594155600,10560.2,10683.7,10515.3,10682.3
1594242000,10697.1,10784.7,10571,10734.7
1594328400,10741.2,10858.2,10636.7,10852.5
1594591200,10869.7,11069.5,10573.6,10609.9
1594674000,10637.2,10704.8,10371.2,10654.7
1594760400,10742,10778.1,10562.2,10698.5
1594846800,10696.7,10707.9,10486,10544.3
1594933200,10537.9,10679.1,10532.9,10633.1
1595196000,10651.6,10972.7,10556.5,10958
1595278800,10970.8,11068.5,10795.1,10855.6
1595365200,10859.9,10926.4,10772,10855.4
1595451600,10850.1,10948.1,10525.1,10575.6
1595538000,10585.7,10608.3,10311.8,10471.8
1595800800,10508,10695,10411.1,10693.3
1595883600,10701,10769.7,10526.2,10559.1
1595970000,10579.7,10711.7,10524.4,10711.4
1596056400,10704.2,10905.1,10513.7,10901.1
1596142800,10931.5,10948.5,10701.2,10924.6
1596405600,10918.3,11083.1,10885.3,11061.7
1596488400,11048.6,11104.9,10993.2,11088
1596574800,11084.4,11154.1,11065.9,11106.1
1596661200,11098.2,11280.1,11060.7,11266.9
1596747600,11259.2,11288.5,11041.7,11138.1
1597010400,11133.4,11152.9,10935,11086.1
1597093200,11077.6,11163.7,10851.7,10916.7
1597179600,10936.8,11191.4,10884.8,11123.6
1597266000,11125.4,11272,11100.7,11188
1597352400,11192.6,11242.6,11101.5,11152.1
1597615200,11161.1,11306,11154.1,11292.4
1597698000,11292,11420.2,11273.8,11419.2
1597784400,11415.4,11440.2,11301.5,11324.2
1597870800,11329,11498.9,11224.5,11482.9
1597957200,11488.5,11576.1,11410.2,11564.5
1598220000,11584.2,11725.3,11531.4,11636.8
1598302800,11638.3,11745,11577.4,11739.2
1598389200,11739.2,12005,11729.5,11988.7
1598475600,11978.4,12049.4,11838,11950.7
1598562000,11954.4,12021.4,11923.9,12005.7
1598824800,12013.9,12168.2,11992,12111.1
1598907600,12119.4,12331.9,12095.9,12331.5
1598994000,12325.6,12467.7,12175,12410
1599080400,12406.3,12439.1,11659.2,11803.2
1599166800,11726.9,11844,11142.4,11539.5
1599429600,11543.7,11544.7,11308,11502.9
1599512400,11509.2,11585.7,11042.1,11045.4
1599598800,10989,11479.7,10936,11371.7
1599685200,11387.9,11568.2,11090.5,11179.5
1599771600,11207.6,11358.1,10939.6,11073.2
1600034400,11104.8,11363.9,11104.8,11275
1600117200,11291.1,11496,11247.2,11462.8
1600203600,11470.8,11550.2,11238.4,11265.2
1600290000,11260.5,11303.4,10919.2,11081.8
1600376400,11076.7,11177.2,10757.8,10949.9
1600639200,10924.6,11024.7,10669.8,10995.9
1600722000,10976.6,11206.3,10913.3,11167.6
1600808400,11176.9,11237.3,10801.5,10834.6
1600894800,10826.2,11027.4,10676.8,10923.7
1600981200,10942.7,11182,10830.1,11150.2
1601244000,11178.3,11419.5,11156.2,11410.2
1601326800,11408.7,11463.9,11304.7,11334.4
1601413200,11335,11540.7,11182.4,11372.4
1601499600,11402.5,11612.7,11394.9,11586.7
1601586000,11583.4,11618.6,11218.9,11265.9
1601848800,11306.8,11512,11282,11485
1601931600,11490.7,11538.4,11210.5,11219.9
1602018000,11232.9,11519.7,11223,11488.6
1602104400,11485.7,11591.9,11485.7,11572.6
1602190800,11579.3,11752,11565.7,11738.6
1602453600,11711.1,12210.2,11706.7,12103.6
1602536400,12123.1,12264,12033.2,12095
1602622800,12099.3,12191,11916,11957.3
1602709200,11969.1,11996.1,11750.6,11897.2
1602795600,11912.1,12035.5,11806.1,11808.9
1603058400,11852.3,11964.7,11606.6,11706.4
1603141200,11712.7,11805.5,11612.1,11665.2
1603227600,11696.7,11792.4,11597.7,11699.9
1603314000,11692.7,11737.6,11524.4,11669.4
1603400400,11681.8,11703.7,11564.1,11681.2
1603663200,11645.8,11708.4,11356,11509.5
1603746000,11513.2,11635.2,11490.6,11566.7
1603832400,11569.3,11579.2,11136.2,11188.8
1603918800,11178.5,11469.5,11156,11256.8
1604005200,11232.4,11293.2,10958.3,11099.5
1604271600,11037.2,11226.4,10955.9,11087.7
1604354400,11089.3,11360.3,11079.7,11260.6
1604440800,11274,11857.4,11243.4,11828.1
1604527200,11821.5,12130.6,11783.2,12104
1604613600,12082.8,12118.9,11878.7,12104
1604876400,12160.7,12417.9,11823.2,11856.1
1604959200,11877.5,11911.5,11514.2,11633.9
1605045600,11648.2,11928,11585.6,11903.7
1605132000,11894.1,11985.1,11786.9,11873.1
1605218400,11858.7,11961.7,11811,11953.6
1605481200,12001.7,12073.2,11861,12049.2
1605564000,12083.4,12090,11962.7,11977.4
1605650400,11976.1,12033.8,11868.3,11880.6
1605736800,11881.9,12007,11811.9,11973.2
1605823200,11961.5,12029.1,11881.8,11917
1606086000,11916.3,12010.2,11817.4,11925.2
1606168800,11932,12112.6,11881,12110
1606255200,12106.4,12185.7,12086.4,12176.2
1606341600,12183.5,12230.7,12134.9,12162.2
1606690800,12338,12341,12094.7,12327.5
1606773600,12340.2,12517,12316.6,12463.7
1606860000,12468.1,12476.2,12318.6,12467.2
1606946400,12485.7,12542.7,12446.6,12491
1607032800,12493.4,12538.1,12450.8,12511.1
1607295600,12565.7,12614.7,12477.3,12574.1
1607378400,12577.1,12655.2,12505.4,12649
1607464800,12670.9,12671.6,12309.7,12354.5
1607551200,12351,12453.2,12222.8,12393.4
1607637600,12385.7,12418.6,12240.1,12373.8
1607900400,12432.9,12556.9,12395.9,12480
1607983200,12486.4,12622.8,12430.1,12611.2
1608069600,12621.1,12717.1,12585.3,12689.6
1608156000,12697,12779,12684.6,12766.3
1608242400,12759.5,12800.7,12621.5,12760.6
1608505200,12752.5,12786.9,12474.5,12703.9
1608588000,12721.3,12774.1,12608,12721
1608674400,12721.2,12753,12638.8,12670.8
1608760800,12674.3,12738.4,12645.5,12712.5
1609110000,12699.9,12870.5,12692.2,12856.5
1609192800,12861,12933,12823.2,12872.7
1609279200,12873,12924.1,12835.1,12855.9
1609365600,12859.1,12910.1,12810.8,12899.9
1609714800,12908.9,12972.6,12536,12701.3
1609797600,12694.6,12820.9,12624.1,12816.7
1609884000,12807.2,12856.4,12504.4,12670.6
1609970400,12676,12971.6,12657.9,12938.7
1610056800,12940.1,13137.8,12931.7,13136.2
1610319600,13097.3,13118.2,12885.8,12918.6
1610402400,12917.2,12972.5,12781.2,12896.1
1610488800,12893.8,13016.9,12834.5,12989.5
1610575200,12992.2,13042.8,12895,12913.6
1610661600,12933.4,12944.9,12757.9,12775.3
1610924400,12782.5,12831.2,12741.1,12825.6
1611007200,12837.9,13046.2,12837.9,13045.5
1611093600,13049.4,13341.4,13031.9,13304.3
1611180000,13316.3,13438.2,13297.7,13411.7
1611266400,13415.6,13416.1,13315.4,13366.9
1611529200,13399.2,13569.5,13204.3,13478.3
1611612000,13468.5,13614.7,13394.3,13566.9
1611698400,13574.8,13601.9,12899.6,13074.3
1611784800,13052.5,13409.4,12921.5,13168.5
1611871200,13158.1,13201.1,12844.1,12883.1
1612134000,12855,13283.9,12740.3,13248.5
1612216800,13255.3,13521.2,13245,13509.4
1612303200,13519,13597.1,13400.6,13428.5
1612389600,13453,13580.2,13357.4,13572.4
1612476000,13570.6,13647.1,13528.6,13612.8
1612738800,13625.6,13701.1,13604.9,13693.8
1612821600,13694.7,13743.5,13640.7,13706
1612908000,13707.8,13777.8,13525.5,13673.7
1612994400,13666.4,13751.2,13620.3,13719.1
1613080800,13709.1,13828.7,13654,13827.5
1613343600,13841.3,13886.7,13827.5,13880.3
1613426400,13881.3,13908.5,13724.4,13762.5
1613512800,13761.5,13790.2,13548.5,13703.6
1613599200,13708,13727.1,13473.2,13644.5
1613685600,13644,13733.3,13539,13576.7
1613948400,13602.5,13633.1,13219.5,13225.5
1614031200,13245.1,13340.2,12763.6,13163.2
1614117600,13188.7,13337.1,12963.9,13316.6
1614204000,13293,13358.3,12769,12792.6
1614290400,12787,13092.7,12666.9,12911
1614553200,12969.7,13323.2,12951.7,13318.7
1614636000,13318.3,13333.6,13053.7,13060.4
1614722400,13076.1,13195.8,12668.1,12683.2
1614808800,12682,12800.6,12310.5,12435.7
1614895200,12438.4,12701.9,12212,12656.5
1615158000,12752.9,12765.1,12286.5,12336.6
1615240800,12358.6,12871.9,12330.7,12793.6
1615327200,12811.9,12997.5,12708.5,12793.5
1615413600,12797.5,13123.1,12728.2,13049.3
1615500000,13060.9,13098,12775.3,12942.7
1615759200,12963,13106,12879.4,13091.5
1615842000,13088.8,13303.5,13064.5,13169.8
1615928400,13173.1,13287.7,12951.3,13188
1616014800,13208.9,13283.4,12778.7,12807.1
1616101200,12826.8,12913.4,12697.3,12841.7
1616364000,12820,13174.4,12805.3,13080.4
1616446800,13088.2,13189.3,12996.7,13048.2
1616533200,13058.5,13162.4,12800.9,12813.9
1616619600,12826,12876.5,12626.8,12807.6
1616706000,12803.6,13005.5,12693,12975.8
1616968800,12979.5,13019.7,12824,12981.1
1617051600,12993.9,13001,12794,12906.7
1617138000,12903,13174.3,12875.3,13105.5
1617224400,13112.7,13348.8,13112.4,13344.6
1617310800,13350,13409.1,13342.1,13359.3
1617573600,13342.7,13630.5,13327.1,13615.3
1617656400,13620.8,13668.6,13538.9,13598.6
1617742800,13596.5,13655.8,13527.8,13636.3
1617829200,13643.4,13804.3,13630.2,13802.8
1617915600,13797.4,13855.5,13663,13824.6
1618178400,13820.7,13846.6,13746.6,13838.1
1618261200,13845.7,14008.4,13787.1,13989.6
1618347600,13992.8,14043.3,13787.4,13841.4
1618434000,13837,14048.1,13804,14012.6
1618520400,14005.2,14074.4,13968.2,14038.6
1618783200,14006.7,14067.6,13836,13908.4
1618866000,13914.6,13948.9,13734.9,13750.6
1618952400,13758.1,13942.2,13715.9,13907.1
1619038800,13912.3,13958.2,13716.7,13777.2
1619125200,13775.5,13995.8,13753,13919.8
1619388000,13931.5,14052.2,13880.8,14036
1619470800,14036.9,14064.6,13927.5,13965.7
1619557200,13973.8,14007.7,13893.2,13983.7
1619643600,13977.7,14078.8,13833.2,13959.3
1619730000,13956.9,13970.5,13833.5,13879.3
1619992800,13897.6,13961,13785.5,13798.8
1620075600,13804.2,13805.2,13393.8,13534.4
1620162000,13539.4,13678.8,13476.6,13498.2
1620248400,13504.4,13624.2,13401.8,13617.5
1620334800,13624.1,13827.4,13598.3,13725.9
1620597600,13727.9,13762.1,13315.8,13321.2
1620680400,13331.6,13385.8,13075.7,13326.9
1620766800,13330.6,13361.6,12969.8,12974.5
1620853200,12988.8,13233.2,12924.8,13100.7
1620939600,13113.9,13435,13080.1,13408.4
1621202400,13391.6,13457.1,13192.1,13322.2
1621285200,13325.7,13441.5,13187.7,13196.2
1621371600,13201.6,13248.9,12961.1,13225
1621458000,13232.1,13528.7,13157.2,13494.6
1621544400,13497.1,13575.5,13402.1,13420.1
1621807200,13396.3,13692,13363,13657.1
1621890000,13658.2,13744.6,13613.1,13675.3
1621976400,13675,13734.5,13661.9,13709.7
1622062800,13710.7,13725.8,13625.7,13698.2
1622149200,13702,13768.6,13667.9,13691.7
1622412000,13708,13724.8,13666.8,13678.2
1622494800,13687.2,13778,13597.8,13652.8
1622581200,13647.1,13716.2,13607,13681.7
1622667600,13685.9,13709.5,13464.7,13533
1622754000,13539.6,13786,13470.3,13766.4
1623016800,13782,13823.8,13693,13823.7
1623099600,13825.5,13917.2,13742.8,13812.9
1623186000,13813.9,13904.3,13804.6,13812.4
1623272400,13819.8,13976.4,13727.1,13973
1623358800,13973.8,14002.3,13937.6,13998.6
1623621600,14015.1,14142.2,13973.8,14126
1623704400,14131.1,14171.1,14017,14053.7
1623790800,14053.2,14112.4,13847.3,13947.6
1623877200,13956.6,14217.1,13858.7,14195.8
1623963600,14194,14222.5,14028.2,14034.6
1624226400,14048.1,14160.3,13975,14153.1
1624309200,14153.9,14295.3,14082.8,14285.1
1624395600,14285.5,14331.7,14247.9,14291
1624482000,14290.3,14437.9,14289.5,14374.8
1624568400,14370.9,14409.8,14329,14346.6
1624831200,14355.5,14535.2,14349.1,14519.1
1624914000,14512.3,14599.8,14484.1,14597.4
1625000400,14595.2,14613.9,14534.1,14571
1625086800,14572.3,14621.2,14486.2,14554.8
1625173200,14551.4,14742.4,14527.2,14714.8
1625436000,14721.6,14735.4,14688.4,14706.3
1625518800,14717.8,14802.4,14637.9,14775.9
1625605200,14775,14896.3,14738.9,14822.2
1625691600,14822.3,14834.3,14557.3,14726.2
1625778000,14720.5,14844.5,14654,14827.3
1626040800,14845.5,14901,14798.2,14888.2
1626123600,14890.6,15007.6,14812.6,14877.3
1626210000,14878.2,15009.2,14854.8,14909.8
1626296400,14910.5,14976,14721.6,14788.9
1626382800,14788.6,14882.1,14670.3,14682.3
1626645600,14690.5,14694.8,14458.1,14605.8
1626728400,14607.6,14794.3,14529.2,14739.7
1626814800,14740.8,14851.7,14680.2,14850.6
1626901200,14845.6,14995.5,14839.7,14990.1
1626987600,14989.6,15129.5,14946.3,15103.7
1627250400,15110.8,15146.4,15051.3,15137.1
1627333200,15132.8,15144.3,14783,14896.3
1627419600,14893.5,15086.9,14885.3,14997
1627506000,14993.6,15096.5,14917.8,14925.1
1627592400,14919.8,14991.6,14823.3,14978
1627855200,14987.2,15068.6,14945.1,14972.8
1627938000,14972.2,15063.6,14863.2,15048.6
1628024400,15057,15123.7,15012.1,15096.9
1628110800,15091.3,15186.2,15083.8,15184.8
1628197200,15177,15181.4,15059.7,15104.5
1628460000,15099.1,15157.5,15016,15138.9
1628542800,15140.3,15169.1,15006.6,15059.1
1628629200,15055,15130.3,14974.4,15018.9
1628715600,15012.3,15100.3,14951.7,15088.8
1628802000,15085.7,15151.6,15065.4,15131.6
1629064800,15125.7,15147.6,14926.1,15143.4
1629147600,15138.7,15142,14905.6,14977.3
1629234000,14978.8,15043.1,14812.5,14844.5
1629320400,14850.8,15003.8,14715.9,14948.2
1629406800,14947.6,15105.4,14857.1,15100.4
1629669600,15098.7,15343.5,15098.7,15334.1
1629752400,15331,15389.8,15315.2,15368.2
1629838800,15369.1,15402.5,15338.9,15372.6
1629925200,15372.4,15372.4,15260.7,15292.2
1630011600,15289.8,15449.1,15270.9,15433.3
1630274400,15438.1,15622.3,15425.3,15611.4
1630357200,15607.8,15681.6,15520.4,15603.6
1630443600,15601.6,15702,15582,15614.1
1630530000,15615,15683.6,15553.6,15601.8
1630616400,15599,15680.2,15554.6,15656.3
1630879200,15662.7,15709.8,15643.6,15705.3
1630962000,15699.3,15702.2,15607.7,15672.3
1631048400,15673.8,15691.7,15522.1,15609.9
1631134800,15611.3,15676.2,15546,15562.7
1631221200,15566.9,15670.5,15436.8,15450
1631484000,15463.8,15570.6,15359.3,15461.4
1631566800,15457.2,15538.2,15360.6,15405
1631653200,15407.5,15531.2,15324.1,15525.5
1631739600,15523,15551.7,15378.3,15516.7
1631826000,15519.2,15547.7,15295.8,15302.4
1632088800,15321.3,15357.7,14827.2,15011.6
1632171600,15021.3,15181.1,14981.8,15011.2
1632258000,15015.1,15244.9,14948.7,15197.8
1632344400,15199.6,15365.5,15194.4,15315.9
1632430800,15324,15352.8,15192.3,15336.5
1632693600,15345,15417.6,15102.6,15190.2
1632776400,15198.4,15210.4,14759.8,14786.4
1632862800,14796.6,14944.1,14730.2,14782.1
1632949200,14796.6,14901.4,14689.1,14710.3
1633035600,14723.7,14834.9,14555.5,14793.1
1633298400,14812.6,14850.6,14383.6,14503.7
1633381200,14510.6,14768.4,14425.4,14676.1
1633467600,14678.7,14783.8,14438.1,14780.8
1633554000,14788.9,15015.4,14785.5,14905.2
1633640400,14911.2,15010.1,14805.7,14819.6
1633903200,14839.5,14912.2,14692,14700
1633986000,14707.5,14798.2,14601.2,14613
1634072400,14611.1,14810,14606.9,14782.8
1634158800,14791.2,15086.6,14786.6,15081.1
1634245200,15075.1,15160.3,15036.2,15160
1634508000,15177.1,15312.4,15054.1,15304
1634590800,15304.1,15444,15284.9,15426.5
1634677200,15421.5,15461.7,15335,15372.7
1634763600,15375,15499.5,15316.8,15396.5
1634850000,15395.1,15479.2,15289.6,15339.5
1635112800,15334.4,15561.2,15311.6,15558.9
1635195600,15545.5,15716.4,15518.7,15538.1
1635282000,15550.1,15733.4,15523.3,15608.4
1635368400,15616,15791.8,15607.5,15686.6
1635454800,15697.9,15879.1,15610,15878.2
1635717600,15898.8,15929.4,15783.6,15903.1
1635800400,15900.1,15994.8,15864.3,15973.3
1635886800,15966.3,16160.7,15950.5,16146.7
1635973200,16146.2,16389.1,16145.5,16350.7
1636059600,16342.2,16461.3,16303.1,16355.6
1636326000,16320.6,16404.6,16283.4,16335
1636408800,16329,16402.3,16170.8,16207.6
1636495200,16203.5,16252.2,15906.7,15994.6
1636581600,16001,16123.3,15985.5,16046.7
1636668000,16049.3,16222.2,16011.4,16210.3
1636930800,16232.5,16284.7,16090.9,16203.9
1637013600,16205.5,16331.4,16150.8,16301.4
1637100000,16305.6,16401.1,16274.6,16326.8
1637186400,16332.7,16512.1,16308.7,16509
1637272800,16500.9,16632.7,16494.5,16591.8
1637535600,16616.8,16771.6,16369.2,16403.1
1637618400,16406.6,16423,16122.2,16302.6
1637704800,16307.8,16371.8,16105.7,16358.3
1637791200,16361,16438.9,16355.9,16409
1637877600,16415.6,16416.9,15993.3,16046
1638140400,16095.4,16441.1,16068.8,16417.6
1638223200,16420.5,16459.7,16073.2,16241.9
1638309600,16258.5,16430,15829.7,15862.6
1638396000,15909.2,16066.7,15764.2,16015.6
1638482400,16019.8,16123.6,15541.6,15690.3
1638745200,15695.7,15898.3,15560.2,15850.4
1638828000,15857.5,16375.1,15825.5,16366.9
1638914400,16360.9,16436.3,16253.5,16383.1
1639000800,16382.9,16420.8,16121.1,16155.6
1639087200,16162.6,16353.3,16145,16340
1639350000,16354.5,16429.5,16081.3,16110
1639432800,16109,16148.6,15750.7,15944.7
1639519200,15947.7,16315.3,15756.2,16300.8
1639605600,16305.5,16472.9,15808.8,15895.8
1639692000,15885.8,15973.6,15667.9,15844.3
1639954800,15834.8,15867.7,15509.1,15689.8
1640037600,15694.7,16001,15619.6,15988.6
1640124000,15993,16196.8,15895.9,16193
1640210400,16198,16369.1,16159.9,16316.3
1640559600,16345.7,16593.9,16318.5,16583.7
1640642400,16582.6,16672.7,16467.1,16525.6
1640728800,16533.7,16577.8,16401.4,16494.7
1640815200,16502,16580.7,16425.4,16443.3
1640901600,16453.4,16476.7,16327.2,16344.8
1641164400,16395.5,16520.9,16305.3,16508.2
1641247200,16514.2,16574.4,16150.8,16271.2
1641333600,16273.4,16279,15763.2,15764.5
1641420000,15775.2,15905.4,15609.1,15802.8
1641506400,15821.7,15862.8,15520.3,15581.6
1641769200,15612,15679,15163.1,15627.5
1641852000,15628.4,15848.3,15485.5,15834.7
1641938400,15840.3,16021.6,15775.7,15908.8
1642024800,15906.9,15991.8,15474.9,15515.6
1642111200,15523.5,15631.9,15325.7,15630.4
1642374000,15643.5,15651.3,15520.8,15571.1
1642456800,15596.4,15615.9,15183,15251.6
1642543200,15257.5,15381.8,15023.4,15048.1
1642629600,15059.6,15352,14658.7,14735.9
1642716000,14743.4,14870.9,14419.3,14420.8
1642978800,14417.2,14591.6,13718.7,14516.3
1643061600,14499.7,14512.8,13904.1,13936
1643148000,13984.4,14653.3,13983.3,14165.7
1643234400,14210.8,14423.6,13860.2,14126.9
1643320800,14174.2,14454.8,13844.8,14442
1643583600,14464.2,14929,14367.2,14879.6
1643666400,14889.5,15151,14743.5,15129.1
1643752800,15135.9,15275.7,14841.6,14877.5
1643839200,14864.7,14885,14472.4,14818.7
1643925600,14764.7,14836.9,14374.1,14656
1644188400,14675.3,14818.5,14524.1,14612.4
1644271200,14610.4,14788.7,14480.7,14759
1644357600,14762.6,15080.5,14753.8,15065
1644444000,15063.8,15068.5,14632.4,14706.1
1644530400,14698.8,14776.1,14190.8,14266.1
1644793200,14252.6,14403.6,14039.7,14269.7
1644876000,14277,14624.1,14233.5,14591.9
1644962400,14590.1,14675.6,14392.9,14599
1645048800,14597.6,14626,14139.4,14162
1645135200,14159.2,14304.9,13912,13999.8
1645398000,13941.8,14164,13722.6,13740.2
1645480800,13647.1,14114.2,13599.5,13926.6
1645567200,13936.9,14074.8,13477.2,13492.9
1645653600,13512.9,13987.5,13030.5,13915.2
1645740000,13905,14201.5,13765.5,14189.7
1646002800,13742.8,14296,13692.4,14224.4
1646085600,14217.4,14331.6,13905.5,14032.1
1646172000,14021.7,14297.7,13916.4,14199.9
1646258400,14195.6,14393.8,13959.1,14062.8
1646344800,14062.5,14089.7,13736.4,13803
1646607600,13707.2,13881.6,13266.4,13270.9
1646690400,13273.9,13666.8,13105.1,13197.3
1646776800,13217,13822.3,13207.8,13774.9
1646863200,13763.9,13776.5,13396.5,13572.5
1646949600,13563.3,13860.4,13281.7,13302.6
1647208800,13351.3,13442.5,13019,13082.6
1647291600,13086.2,13489.6,12945.7,13448
1647378000,13452.8,14029.5,13421.3,14001.6
1647464400,13988.8,14136.2,13822.5,14056.1
1647550800,14064.6,14444.7,13971.1,14437.7
1647813600,14419.6,14470.1,14188.6,14398.5
1647896400,14390.4,14695.1,14299,14659.2
1647982800,14653.2,14687,14446.5,14468.8
1648069200,14463.3,14774.4,14439.3,14767.7
1648155600,14769.4,14844.7,14577.4,14755.4
1648418400,14753.4,15001.4,14664.5,14985.9
1648501200,14979.1,15274.9,14962.1,15229.4
1648587600,15230.7,15267.6,15018.3,15111.4
1648674000,15108.7,15185.4,14861.5,14922.5
1648760400,14917.1,14964.9,14731,14856.9
1649023200,14862.7,15179.7,14807.4,15164.4
1649106000,15161.2,15201,14782.7,14863.4
1649192400,14858.1,14861,14397.8,14498.2
1649278800,14507.7,14635.9,14321.7,14536.6
1649365200,14541.2,14643.3,14312.5,14331.7
1649628000,14351.9,14373.9,13987,14005.4
1649710800,14014.8,14286.1,13884.8,13957
1649797200,13968.8,14270,13925.9,14215
1649883600,14222,14299.6,13880.3,13896
1650232800,13861.8,14006.7,13734.1,13968.8
1650315600,13967.2,14245.4,13832.6,14100.5
1650402000,14098.9,14302.5,13963.4,14075
1650488400,14073.8,14287.4,13672.4,13721.4
1650574800,13716.4,13784.6,13303.2,13318.5
1650837600,13335.1,13556,13190.6,13534
1650920400,13524.1,13589.8,12808.1,12821.6
1651006800,12891.5,13261.7,12885.5,13177
1651093200,13194.1,13548.5,13041.3,13314.9
1651179600,13214.1,13439.4,12839.6,12897.3
1651442400,12911.7,13091.8,12716.2,13058.4
1651525200,13056.2,13190.4,12976.5,13126.2
1651611600,13120.6,13562,12890.5,13501.1
1651698000,13511.4,13557.4,12712.4,12905.4
1651784400,12884,12931.1,12523.4,12668.1
1652047200,12607.9,12641.3,12140.2,12212.7
1652130000,12247.2,12552.3,12107.5,12337.4
1652216400,12335.4,12557.5,11944,12013.8
1652302800,12003.7,12136.4,11693.5,11878.2
1652389200,11909.2,12435,11907.7,12367.6
1652652000,12406.4,12502.1,12193.9,12240.7
1652734800,12248.9,12581,12242.3,12577.6
1652821200,12578.4,12594.2,11862.5,11892.9
1652907600,11904.4,12075.5,11703.3,11897.2
1652994000,11900.3,12095.9,11488.7,11836.8
1653256800,11897,12075,11784.3,12055
1653339600,11877.4,11897.3,11576.1,11811
1653426000,11817.8,12032.8,11672,11892.7
1653512400,11911.7,12342.6,11848.9,12257.5
1653598800,12260.5,12719,12220.8,12716.2
1653861600,12712.5,12882.3,12673.2,12809.1
1653944400,12822.2,12825.6,12480.9,12653.9
1654030800,12664.7,12822.3,12453.8,12546.3
1654117200,12547.9,12901.1,12440.5,12894.3
1654203600,12902.1,12943,12501.3,12547
1654466400,12571.9,12808.5,12525.8,12604.9
1654549200,12608.4,12739,12411.4,12680
1654635600,12691.5,12782,12578.5,12619.4
1654722000,12618.7,12724.7,12254.6,12295.8
1654808400,12301,12338.3,11822.5,11857.2
1655071200,11723,11725.3,11257.7,11333.4
1655154000,11357.3,11507.2,11209.2,11334.9
1655240400,11345.6,11767,11332,11599.2
1655326800,11628.1,11746.3,11041.6,11176.6
1655413200,11185.9,11368.5,11092.7,11280.2
1655676000,11323.8,11410.9,11247.9,11396.4
1655758800,11389.3,11653,11371.1,11557.4
1655845200,11553.2,11720.8,11296.1,11519.9
1655931600,11529.6,11742.9,11437,11663.4
1656018000,11673.9,12124.8,11661.4,12108.8
1656280800,12127.3,12239.3,11968.8,12049.1
1656363600,12041.2,12148.8,11637,11655.5
1656450000,11657.5,11724.9,11540.7,11667.2
1656536400,11668.7,11672.8,11327.2,11488.2
1656622800,11483.7,11605.2,11360,11590.3
1656885600,11568.9,11593.1,11481.3,11534.8
1656968400,11562.9,11792.6,11365.7,11788.5
1657054800,11789,11949.5,11704.7,11879.4
1657141200,11881.4,12144.2,11813.4,12095.4
1657227600,12093.7,12186.9,11929,12135.8
1657490400,12114.2,12115.4,11830.7,11879.5
1657573200,11872.4,12003.8,11691,11758.9
1657659600,11759.3,11945.9,11459.1,11711.8
1657746000,11704.9,11810.4,11487.4,11782.6
1657832400,11793,11997.5,11717.2,11995.4
1658095200,12035.6,12162.1,11834.1,11892.1
1658178000,11885,12304.7,11865.8,12296.6
1658264400,12303.7,12494.3,12212.8,12404.3
1658350800,12418.4,12631.9,12350.5,12548.4
1658437200,12537.7,12670.5,12321,12402.9
1658700000,12398.1,12476.9,12247.5,12305.4
1658782800,12294.9,12313.4,12051.2,12177.5
1658869200,12183.2,12675.3,12182.8,12566.3
1658955600,12562.3,12933.4,12435.2,12908.4
1659042000,12883.2,12994.9,12729.8,12961.7
1659304800,12951,13094.9,12838.3,12966.8
1659387600,12951.7,13084.4,12804.5,12908.3
1659474000,12915.3,13297,12856.2,13236.5
1659560400,13229.2,13342.7,13171.9,13314.8
1659646800,13307.3,13369.6,13070.5,13201.1
1659909600,13208.6,13405,13107.8,13199.5
1659992400,13187.1,13220.8,12951,13043
1660078800,13031.2,13395.2,12969.5,13367.8
1660165200,13365,13561.5,13271.8,13333.4
1660251600,13325.3,13568.5,13299,13566.4
1660514400,13556.3,13694,13484.1,13666.9
1660597200,13657.4,13729.8,13512.5,13652.9
1660683600,13638.2,13657.3,13387.7,13491.7
1660770000,13474.9,13555.5,13391.8,13520
1660856400,13509.7,13515.3,13210.9,13231.7
1661119200,13174.3,13206,12859.9,12917.1
1661202000,12911,13001.9,12808.3,12873.3
1661288400,12875.4,12996.1,12810.8,12940.8
1661374800,12934.4,13146.7,12911.1,13129.9
1661461200,13139.5,13206,12544.6,12545.5
1661724000,12484.5,12600,12391,12495.4
1661806800,12495.1,12648.7,12239.3,12351.4
1661893200,12350,12503.1,12267.5,12296.2
1661979600,12279.7,12288.5,12008.3,12281.2
1662066000,12290.5,12451.7,12031.3,12121.2
1662328800,12099.7,12159.8,12048.8,12129
1662411600,12110.7,12238.1,11924.9,12013.8
1662498000,12010.7,12300.4,11916.4,12257.7
1662584400,12269.9,12374.3,12111.1,12341.5
1662670800,12334,12608.8,12324.9,12586.8
1662933600,12639.2,12778.8,12570.5,12777.2
1663016400,12779.9,12881.5,12010,12053.8
1663102800,12060.4,12179.2,12007.1,12176.4
1663189200,12165.6,12194.7,11866.7,11902.7
1663275600,11867.2,11891.6,11709.2,11889.2
1663538400,11851.2,11998,11724.5,11977.6
1663621200,11977.7,12025.3,11761.4,11881.4
1663707600,11872.4,12068.7,11579.6,11598
1663794000,11604.4,11727.2,11442,11497.6
1663880400,11505.8,11532.7,11161.9,11321.2
1664143200,11300.8,11472.3,11191.8,11249.9
1664226000,11256.2,11502.1,11169.2,11288.4
1664312400,11301.9,11548.4,11079.4,11475.9
1664398800,11489,11501.3,11028,11169.2
1664485200,11161.5,11292.9,10961.7,10995.2
1664748000,10939,11296,10830.4,11248.2
1664830800,11260.2,11611.5,11219.4,11582
1664917200,11568.8,11649.1,11307.3,11566.2
1665003600,11565.4,11668.3,11444.5,11444.6
1665090000,11426.1,11503.9,10983.5,11036
1665352800,10995.5,11079.5,10820.7,10937.3
1665435600,10941,10989.7,10717.9,10830.9
1665522000,10825.3,10927.5,10756.8,10804.4
1665608400,10813.7,11094.9,10437.7,11018.3
1665694800,11029.9,11207.1,10680.7,10700.3
1665957600,10696.6,11102.3,10694.4,11090.8
1666040400,11128,11388.7,11038.9,11281.2
1666126800,11292.1,11336.1,11005.8,11105.4
1666213200,11086.5,11284.5,10964.1,11016.6
1666299600,11004.4,11343,10894.9,11333.8
1666562400,11408.5,11489,11167.4,11417.2
1666645200,11420.5,11685.7,11383.9,11539.9
1666731600,11474.6,11657,11368.2,11427.1
1666818000,11379.5,11490,10882.5,11052.1
1666904400,11089.4,11583.2,11018.3,11581
1667167200,11532.3,11544.3,11324.9,11413.5
1667250000,11413.3,11573.4,11248.7,11288.4
1667336400,11298,11414.6,10868.8,10902.2
1667422800,10896.7,10955.7,10668.7,10692.6
1667509200,10681.3,10937.7,10601.6,10834.9
1667775600,10752.6,11000.8,10747.6,10975.3
1667858400,10974.2,11193.5,10891.8,11049.8
1667944800,11049.3,11125.3,10788.5,10808.6
1668031200,10818.5,11642.3,10801.2,11640.1
1668117600,11620.8,11841.1,11535,11799
1668380400,11745.3,11863.5,11665.7,11732.8
1668463200,11739.2,12083.3,11726.7,11853
1668549600,11824.8,11921.6,11667.7,11734.2
1668636000,11739,11789.2,11490,11709.9
1668722400,11720.1,11807.6,11575,11679.7
1668985200,11709.5,11724.2,11522.9,11557.5
1669068000,11558.7,11731.5,11495.5,11710.7
1669154400,11718.6,11868.5,11692.2,11851.1
1669240800,11856.1,11908.4,11850,11887.8
1669327200,11895.2,11899.5,11742.2,11757.6
1669590000,11704.6,11766.2,11553,11600.9
1669672800,11598.4,11681.7,11442.8,11496.8
1669759200,11498.6,12055.5,11476.3,12051.8
1669845600,12052.8,12116.4,11923,12016.5
1669932000,12017.3,12048.1,11721.7,11960.2
1670194800,11982.7,11992.7,11729.6,11795.5
1670277600,11793.8,11829.3,11488.3,11552.1
1670364000,11554.9,11581.3,11409,11484.7
1670450400,11493.6,11674.7,11421.5,11626
1670536800,11638.2,11725.4,11508.4,11544.1
1670799600,11562.1,11707.5,11480.9,11686.3
1670882400,11695,12257.5,11670.7,11826.8
1670968800,11834.6,11942.5,11604.1,11762.9
1671055200,11757.1,11773.3,11298.2,11343.5
1671141600,11349.6,11382.6,11169.6,11211.9
1671404400,11232.3,11304,11027.2,11080.3
1671487200,11089,11144,10939.1,11089.8
1671573600,11105.8,11286.9,11077.5,11251
1671660000,11254.1,11281.9,10779.2,10951.5
1671746400,10960.9,11050,10824.4,10973.1
1672092000,11041.1,11089.8,10802.7,10820.3
1672178400,10822.7,10904.4,10668.6,10693
1672264800,10704.5,10984,10687.1,10940.7
1672351200,10942.1,10966.1,10767.5,10954.5
1672696800,11023.8,11095.2,10765.5,10859.9
1672783200,10850.3,10982.4,10781.1,10898.1
1672869600,10908.1,10962,10727.3,10757.7
1672956000,10764.6,11087.2,10673.6,11026.7
1673218800,11060.3,11306.4,11041.5,11105
1673301600,11106.4,11211.4,11016.2,11203
1673388000,11204.6,11399.8,11162.4,11395.4
1673474400,11394.9,11502.1,11212.5,11450
1673560800,11449.1,11549.2,11318.3,11531.3
1673823600,11547.9,11568,11440.2,11533.2
1673906400,11513.7,11622,11467.6,11553.9
1673992800,11541.4,11690.4,11401.6,11415.6
1674079200,11409.3,11420,11247.4,11328.9
1674165600,11336.8,11622.9,11301.9,11613.8
1674428400,11608.1,11922.1,11588.7,11871.9
1674511200,11872.5,11947.8,11772.8,11908.7
1674597600,11906.9,11908.9,11547.1,11814.5
1674684000,11812.1,12055.4,11807.7,12001.4
1674770400,11984.4,12250.5,11958.8,12161.8
1675033200,12153.5,12192.6,11905.3,11933.8
1675116000,11934.7,12102,11815.7,12064.9
1675202400,12060.5,12471,12004.7,12453.1
1675288800,12475.1,12895.1,12449.6,12620.1
1675375200,12684.8,12828,12498.2,12563.8
1675638000,12529.4,12556.4,12405.6,12464.6
1675720800,12467.4,12775.5,12417,12696.9
1675807200,12709.2,12765.1,12468.2,12511.8
1675893600,12506.9,12681.9,12326.3,12403.6
1675980000,12389.7,12406.3,12201.6,12296.2
1676242800,12293.1,12524.2,12222.2,12500.6
1676325600,12496.6,12641.2,12347.6,12571.6
1676412000,12568.4,12710.3,12482.1,12701.8
1676498400,12689.8,12746.3,12416.7,12424.8
1676584800,12410.1,12414.2,12231,12347.4
1676847600,12342.7,12381.2,12310.5,12326.9
1676930400,12330.1,12343.1,12058.1,12077
1677016800,12074.8,12159.1,12000.4,12133
1677103200,12134,12228,12001.9,12162.3
1677189600,12156.4,12185,11894,11973.1
1677452400,11974.8,12162.5,11963.7,12067.5
1677535200,12076.8,12146.5,12001,12014.3
1677621600,12012,12116.6,11902.3,11959.4
1677708000,11947.6,12074.3,11807.7,12028.8
1677794400,12020.4,12307.8,11990.6,12306.1
1678057200,12276.4,12466.6,12255.8,12302.7
1678140000,12297.5,12363,12128.1,12158.9
1678226400,12159.8,12240.7,12094.8,12221.5
1678312800,12215.4,12338.4,11966.7,11997.3
1678399200,11982.5,12097.3,11788.4,11880.9
1678658400,11875.9,12086.2,11673.7,11935.6
1678741200,11937.2,12217,11893.1,12195.5
1678827600,12194.3,12274.5,11959.5,12262.9
1678914000,12260.7,12595.5,12181.6,12573.9
1679000400,12561,12672.1,12439.3,12518.4
1679263200,12593.4,12604.4,12396.8,12566.2
1679346000,12559.3,12762.4,12544.1,12739.7
1679432400,12734.4,12946.3,12543.4,12564.8
1679518800,12568.9,12895.6,12568.9,12742.9
1679605200,12747.4,12799.2,12599.6,12796
1679868000,12792.7,12849.5,12642.1,12691.7
1679950800,12687.4,12711.8,12515.3,12626.9
1680037200,12628.4,12868.1,12621.9,12834.3
1680123600,12834.4,12990.5,12806.9,12965.4
1680210000,12951.3,13187.5,12937.7,13183.8
1680472800,13133.1,13158.1,13033.7,13138.3
1680555600,13128.8,13225.5,13047.7,13108.5
1680642000,13108.5,13125.9,12893.6,12957.3
1680728400,12952,13078.3,12841.1,13050.3
1680814800,13041.2,13077.1,13014.4,13071.7
1681077600,13056.6,13090.5,12855.6,13052.7
1681160400,13048,13096.5,12945,12970.3
1681246800,12969.5,13130.8,12829.3,12847.2
1681333200,12846.2,13123.9,12817.2,13075.9
1681419600,13076.3,13150.6,12954.1,13098
1681682400,13106.6,13116.5,12978.4,13080.2
1681765200,13079.9,13198.2,13040.7,13089.4
1681851600,13083.1,13129.2,12967.7,13069.9
1681938000,13064.9,13102.6,12928.2,12998.7
1682024400,12992,13032.1,12891.8,12986.6
1682287200,12978.7,13047.9,12880,12961.1
1682370000,12958.3,12972.2,12719.4,12834.4
1682456400,12845.3,12929.4,12781.1,12877.5
1682542800,12881.8,13254,12853.5,13183.3
1682629200,13142.2,13258.8,13092.9,13247.8
1682892000,13235,13289.6,13184.4,13211.9
1682974800,13207.3,13259.2,13040.3,13096.2
1683061200,13088.9,13236.4,13008.9,13016.5
1683147600,13000.7,13100.6,12937.1,12976.5
1683234000,12994.5,13292,12988.2,13243.8
1683496800,13251.4,13304,13192.2,13270.7
1683579600,13268.7,13283.1,13190.6,13196
1683666000,13192.1,13384.8,13139,13343.8
1683752400,13342.9,13412.8,13298.4,13386.2
1683838800,13386.7,13434,13252.8,13310.8
1684101600,13312.4,13420.9,13291,13406.2
1684184400,13402.7,13499.3,13370.1,13440.9
1684270800,13439.8,13609,13413.6,13581.5
1684357200,13581.6,13856.9,13569,13854.8
1684443600,13848.3,13903.9,13760.3,13784
1684706400,13758.6,13891.7,13758.2,13860.7
1684789200,13861.3,13923.8,13661,13681.6
1684875600,13680.7,13795.6,13519.4,13793
1684962000,13824.4,13990.1,13754,13940.2
1685048400,13941,14328.3,13884.4,14323.8
1685311200,14384.4,14405.2,14327.2,14365.7
1685394000,14356.9,14529.3,14297.8,14365.2
1685480400,14353.2,14389.5,14214.7,14246.7
1685566800,14253.6,14494.3,14207.5,14462.4
1685653200,14458,14593.5,14436.4,14554.8
1685916000,14528,14662.8,14481.3,14551.9
1685998800,14546.6,14594.6,14474.3,14565.5
1686085200,14565.2,14646.2,14281.4,14291.5
1686171600,14300.5,14507.1,14232.1,14500.6
1686258000,14492,14672.7,14440.9,14550.6
1686520800,14544,14812,14540.6,14810.2
1686603600,14804.2,14953.1,14769,14911.8
1686690000,14918.5,15046.3,14784.5,15035.7
1686776400,15025,15250,14869.4,15175.2
1686862800,15166.4,15282.9,15072.5,15112.9
1687125600,15126.1,15135.6,15044.4,15063.1
1687208400,15062.4,15136.9,14945.2,15059.8
1687294800,15067.8,15088.5,14823.6,14860.2
1687381200,14866,15063.5,14786.6,15058.4
1687467600,15055,15059.1,14817.8,14884
1687730400,14886.4,14984.6,14687.2,14705.9
1687813200,14714.2,14969.6,14698.1,14920.9
1687899600,14924.1,15051.8,14857,14989.1
1687986000,14991.9,15037.7,14870.6,14948
1688072400,14940.9,15218.3,14939.7,15156.4
1688335200,15180.7,15237.9,15154.2,15199
1688418000,15187.8,15213.8,15177.8,15185.2
1688504400,15196,15279.6,15103.6,15195.3
1688590800,15203.9,15211.4,14970,15072.5
1688677200,15072.9,15210.7,15027.7,15044.8
1688940000,15043.7,15076.2,14919.1,15045.7
1689022800,15047.3,15137.1,14970,15119
1689109200,15119.9,15363.5,15115.6,15314.5
1689195600,15319.4,15603.3,15319.1,15559.5
1689282000,15565.1,15721.9,15529.7,15553.8
1689544800,15549.4,15747,15528.4,15689.1
1689627600,15697.9,15897.6,15600.4,15812.1
1689714000,15822.6,15930.9,15780.2,15807.9
1689800400,15790.7,15795.2,15428.7,15475.7
1689886800,15472.6,15601.7,15406.6,15435.4
1690149600,15448.1,15508.5,15371.3,15453.2
1690232400,15450.3,15624.5,15438,15608
1690318800,15550.9,15599.2,15406.6,15512.4
1690405200,15534.6,15796.4,15411.9,15479.5
1690491600,15480.9,15788.4,15447.3,15737.6
1690754400,15740.7,15814.2,15689.6,15765.9
1690837200,15775.9,15791.5,15633,15707.4
1690923600,15603.1,15692.4,15321.5,15354.7
1691010000,15367.4,15463.5,15247.5,15358.5
1691096400,15362,15527.8,15256.6,15279.8
1691359200,15301.6,15413.6,15252.6,15405.6
1691442000,15414.7,15415.8,15145.4,15271.5
1691528400,15278.2,15356.8,15073.3,15126
1691614800,15128,15366.2,15068.4,15145.5
1691701200,15150.9,15196.5,14966.7,15032
1691964000,15055.6,15214,14958.7,15209.2
1692046800,15215,15267.4,15012.5,15040.9
1692133200,15050.9,15099.6,14855.5,14869.3
1692219600,14880.1,14952.9,14679,14681.4
1692306000,14697.4,14746.5,14552.5,14686.2
1692568800,14718.1,14959.3,14668.2,14915.4
1692651600,14921.1,15065.7,14880.4,14910.2
1692738000,14918.8,15304.1,14908.3,15300
1692824400,15280.5,15368.3,14772.5,14784.3
1692910800,14801,15004,14711.2,14926.3
1693173600,14970,15087.9,14936,15055.9
1693256400,15066.5,15389.9,15010.3,15383.6
1693342800,15388.1,15482.6,15323,15469.5
1693429200,15469.7,15575.4,15420.8,15501.5
1693515600,15500.4,15627.8,15425.2,15479.6
1693778400,15498.6,15554.1,15476.5,15495.7
1693861200,15503.9,15558.3,15395.8,15486.3
1693947600,15482.8,15503.6,15286.2,15359.5
1694034000,15364.6,15371.6,15134.3,15265.6
1694120400,15271.9,15375.3,15207.5,15296
1694383200,15295.4,15482.9,15288.6,15454
1694466000,15449.3,15465.6,15277.2,15294.2
1694552400,15299.1,15414.5,15199.6,15363.4
1694638800,15362.8,15513.8,15330.7,15475.4
1694725200,15476.9,15519.3,15170.2,15191.4
1694988000,15199.1,15269.5,15146.2,15231.4
1695070800,15234.8,15253.8,15064.9,15191.6
1695157200,15190.1,15247.5,14947.1,14949
1695243600,14964.2,14966.3,14670.4,14675.6
1695330000,14687.3,14858.6,14668,14703.9
1695592800,14725.8,14787.8,14618.6,14781.5
1695675600,14777.1,14780.7,14504,14560.6
1695762000,14562.4,14663,14429.5,14605.3
1695848400,14604.9,14790,14498.8,14719.5
1695934800,14723,14903.9,14661.2,14737.2
1696197600,14845.2,14895.6,14677.9,14834.8
1696280400,14833.5,14874.6,14504.4,14562.5
1696366800,14567.2,14805.4,14441,14748.5
1696453200,14745.5,14809.9,14579.1,14716.8
1696539600,14717,15021.4,14520.4,14998.3
1696802400,14883.4,15071.1,14815,15050.3
1696885200,15052.5,15241.7,15033.5,15140.3
1696971600,15144.3,15278.9,15115.9,15270.6
1697058000,15267,15338.6,15085.3,15190.9
1697144400,15193.2,15238.6,14938.5,14979.2
1697407200,15014,15210.7,14962.4,15177.2
1697490000,15181,15188.3,14931.2,15116.9
1697576400,15110.6,15114,14862.8,14941.6
1697662800,14931.4,15026.9,14732.3,14739.3
1697749200,14746.7,14781.4,14545.8,14548.4
1698012000,14585.6,14751.7,14418.2,14644.3
1698094800,14643.5,14848.5,14606.9,14728
1698181200,14741.9,14756.4,14356.5,14369.2
1698267600,14332.4,14372.3,14054.4,14123.6
1698354000,14189.9,14324.5,14127.3,14182.2
1698616800,14241.4,14391,14220.4,14325.1
1698699600,14324.5,14420.8,14229.6,14366.7
1698786000,14391.1,14677.5,14331.1,14673.6
1698872400,14676.3,14934.8,14676.1,14887
1698958800,14859.8,15148.4,14854.2,15101.8
1699225200,15119.9,15179.4,15059.5,15142.9
1699308000,15137.3,15335.1,15101.2,15296.8
1699394400,15294.2,15343.8,15215,15281
1699480800,15274.7,15385.1,15169.6,15182.8
1699567200,15176.5,15542.9,15138.1,15508.9
1699830000,15531.1,15532.6,15398.8,15488.1
1699912800,15490.1,15850.2,15485.6,15818.9
1699999200,15827.2,15977.1,15760.6,15771.5
1700085600,15779.6,15841.6,15734.5,15831.4
1700172000,15829.3,15879,15766.5,15811
1700434800,15834.1,16057,15779.5,16027.2
1700517600,16025.7,16064.7,15858.1,15911.5
1700604000,15906.6,16125.2,15890.2,15997.9
1700690400,15992.5,16039.3,15987.9,16012.9
1700776800,16017.5,16023.4,15938.8,15950.7
1701039600,15955.5,16046.5,15897.1,15958.7
1701122400,15966.7,16030.7,15903.7,16007
1701208800,16008.1,16166.7,15975.5,15997
1701295200,16000.4,16063.8,15822.5,15918.9
1701381600,15919.9,16017.1,15831.7,15994.2
1701644400,15985.4,15985.9,15691.1,15821.9
1701727200,15823.7,15932.6,15730.8,15869
1701813600,15867.4,16010.9,15776.1,15785.3
1701900000,15779.6,16045.3,15769.4,15993.5
1701986400,16006.4,16102.2,15871.4,16073.9
1702249200,16071,16232,16030.8,16224.8
1702332000,16219.8,16374.9,16175.7,16369.2
1702418400,16366.1,16584.9,16356.2,16535.4
1702504800,16559.2,16666.1,16417.7,16529.4
1702591200,16532.4,16678.5,16521.6,16598
1702854000,16619,16765.3,16590.6,16706.5
1702936800,16709.1,16817.6,16700.1,16810.7
1703023200,16814.1,16863.1,16550.5,16582.4
1703109600,16592.5,16770.1,16588.6,16747.8
1703196000,16738.9,16842.9,16694.8,16759.5
1703541600,16788.5,16910.2,16786.8,16880.2
1703628000,16888,16932.2,16855.9,16927.5
1703714400,16921.3,16977.7,16890.4,16897.9
1703800800,16900.6,16943.2,16753,16812.3
1704146400,16826.6,16849.8,16448.8,16550.7
1704232800,16553.6,16560.9,16351.7,16367.8
1704319200,16389,16423.3,16275.9,16287
1704405600,16299.7,16419.8,16176.3,16304.2
1704668400,16311.4,16653.3,16222.1,16627.1
1704751200,16626.3,16714.7,16502.9,16670.3
1704837600,16671,16829.5,16651.4,16801.3
1704924000,16800.5,16911.3,16612.9,16811.2
1705010400,16807,16901.4,16725,16809.9
1705273200,16821.4,16880,16794.8,16819.8
1705356000,16821.9,16896.4,16672.6,16838.4
1705442400,16841.9,16845.6,16557.8,16721.9
1705528800,16716.7,16996.3,16700.8,16984.8
1705615200,16985.6,17339.1,16980.6,17327.9
1705878000,17356.7,17451.4,17302.3,17325
1705960800,17326,17431.7,17285.5,17424.3
1706047200,17436.5,17667.3,17434.6,17503.2
1706133600,17492.9,17633.3,17423,17460.9
1706220000,17443.2,17516.7,17352.1,17389.4
1706482800,17357.7,17602.6,17349.6,17586.2
1706565600,17600.8,17625.7,17359.2,17359.7
1706652000,17332.2,17378.3,17117.6,17158.4
1706738400,17169.6,17548.6,17165.1,17531
1706824800,17499.9,17681,17373.2,17591.3
1707087600,17621.8,17653.8,17463.6,17608.2
1707170400,17619.2,17678.4,17472.5,17560.3
1707256800,17567.8,17786.4,17545.1,17764.3
1707343200,17763.4,17813.7,17709.2,17774.3
1707429600,17777.1,17988.3,17772,17953
1707692400,17946.7,18042.1,17834,17849.4
1707775200,17853.3,17888.6,17476.1,17623.3
1707861600,17613.6,17813.4,17598.5,17795.3
1707948000,17798.6,17900.6,17717.8,17885.7
1708034400,17890.2,17960.9,17652.5,17657
1708297200,17681.6,17744.2,17676.2,17721.8
1708380000,17720.9,17721.5,17394.2,17517.6
1708466400,17509.5,17655,17313.4,17644.5
1708552800,17631.6,18034.7,17619.1,17970.4
1708639200,17985.4,18096.1,17898.3,17907.3
1708902000,17905.4,18012.9,17874.6,17901.1
1708984800,17897.1,17996.9,17865.5,17963.6
1709071200,17970.5,17975.9,17800.9,17812.7
1709157600,17830.7,18067.8,17789.7,18025.6
1709244000,18037.1,18333.4,17992.2,18279.9
1709506800,18316.3,18340.9,18200.6,18208.3
1709589600,18214.5,18217.9,17803.4,17950
1709676000,17942.5,18146.6,17914,18007.2
1709762400,18018.7,18338.1,17894.9,18231.5
1709848800,18258.2,18417.4,17994.1,18035.2
1710108000,18024.4,18036.9,17875.2,17978.5
1710190800,17994.3,18228.8,17912.8,18208.1
1710277200,18206.6,18247.5,18025.4,18091
1710363600,18086.8,18173,17909.3,18012.3
1710450000,18001.5,18074.2,17761.1,17815
1710712800,17824.9,18125.2,17817.9,17978
1710795600,17967.7,18041.9,17809.1,18020.3
1710882000,18026.2,18297,17979.9,18290.5
1710968400,18285.7,18465.9,18279.1,18338.4
1711054800,18341.4,18388.8,18258.3,18322.8
1711317600,18343.3,18364.8,18180.2,18297.5
1711400400,18302.3,18388.1,18210.1,18246.4
1711486800,18243.1,18352.9,18155.8,18279.3
1711573200,18263.8,18312.1,18220.4,18242.4
1711922400,18353.6,18394.8,18201.1,18282.2
1712005200,18279.5,18306,17995.7,18133.1
1712091600,18130.5,18244.2,18028.9,18176.9
1712178000,18178.7,18367.5,17862.7,17877.8
1712264400,17914.8,18210.6,17864.5,18110
1712527200,18157,18182.9,18044.5,18114
1712610000,18128.3,18212.7,17967.9,18188.2
1712696400,18183.2,18273.6,17861.1,18007.5
1712782800,17994.3,18336.9,17917.1,18303.2
1712869200,18299.2,18331.1,17949.1,17999.4
1713132000,18019.9,18176.4,17675.6,17705.3
1713214800,17720.2,17820.1,17628.2,17726.3
1713301200,17742.1,17806.6,17456.3,17500
1713387600,17524.2,17618.1,17355.4,17375.5
1713474000,17386.3,17403.5,16969.2,17030.8
1713736800,17087.6,17305.4,17006.6,17201.3
1713819600,17220.9,17525.4,17148.7,17514.7
1713906000,17539.2,17657.1,17342.7,17364.3
1713992400,17321,17698.9,17178.5,17683.2
1714078800,17651.6,17770.7,17542.6,17704.3
1714341600,17738,17821.5,17666.1,17784
1714424400,17788.3,17797,17356.5,17383.5
1714510800,17369.3,17675.9,17282.6,17356.3
1714597200,17377.4,17647,17283.4,17631.3
1714683600,17626.7,17936.4,17614.4,17911.6
1714946400,17924.2,18092.8,17875.7,18075.2
1715029200,18074.3,18157.2,18044.9,18086.1
1715115600,18087.4,18138.2,17967,18052.1
1715202000,18054.4,18141.6,18006.4,18117.2
1715288400,18122.1,18250.9,18091.1,18138.7
1715551200,18140.8,18239.8,18133.4,18186.6
1715634000,18186.5,18336.3,18073.1,18308.8
1715720400,18310.1,18607.8,18296.8,18589.6
1715806800,18592.3,18670.9,18539.1,18541.2
1715893200,18553.5,18594.8,18456.6,18542.6
1716156000,18555.8,18706.2,18549.2,18654.2
1716238800,18664.9,18721.7,18591.6,18710
1716325200,18716,18805.8,18602.4,18729.7
1716411600,18787.1,18948.5,18551.6,18612
1716498000,18617.9,18854.1,18612.9,18798.3
1716760800,18804.3,18885.2,18763.4,18868.8
1716843600,18870.6,18910,18750.8,18879.8
1716930000,18880.8,18882,18673.8,18678.8
1717016400,18695.3,18724.7,18482.8,18524.1
1717102800,18505,18608.5,18187,18515.2
1717365600,18541.4,18703.7,18388.8,18611
1717448400,18612.2,18700.6,18464.9,18650.8
1717534800,18664.5,19042.7,18646.3,19036.6
1717621200,19033.7,19075.2,18969.2,19024.8
1717707600,19024.1,19113.9,18901.6,18989.8
1717970400,18986.1,19093.1,18940.8,19067.4
1718053200,19065.3,19223.5,18961.9,19211.8
1718139600,19209.3,19579.5,19202.3,19572.7
1718226000,19560.4,19659.1,19472.3,19572.5
1718312400,19568.3,19677.3,19477.6,19670.6
1718575200,19658.7,19984.7,19621.9,19894.2
1718658000,19898,19986,19841.5,19919.2
1718744400,19920.6,19965.5,19916.4,19963.2
1718830800,19952.3,20086.5,19678.3,19770.1
1718917200,19769.3,19817.4,19646.5,19731.3
1719180000,19738,19758.2,19458.9,19479.7
1719262800,19498.8,19716.1,19462.5,19700.5
1719349200,19703.7,19806.5,19637.6,19687.1
1719435600,19699.9,19854.7,19619,19807.8
1719522000,19812.7,20026.4,19660,19717.2
1719784800,19715.9,19830.1,19567.6,19796.1
1719867600,19807.7,20016.1,19672.7,19993.8
1719954000,19994,20198.6,19967.1,20172.6
1720040400,20169.2,20196.5,20138.4,20153.7
1720126800,20145,20404.6,20140.4,20354.6
1720389600,20359.6,20458.2,20346.6,20451.8
1720472400,20447.6,20546.7,20389.7,20458.7
1720558800,20459,20689.2,20458.3,20666.7
1720645200,20668.6,20758.9,20163.9,20214
1720731600,20227.6,20530.4,20129.2,20329.4
1720994400,20343.1,20591.1,20301.1,20417.1
1721077200,20431.1,20481.2,20262.7,20383.4
1721163600,20386.4,20395.8,19770.9,19818.3
1721250000,19853.3,19972.3,19569.9,19744
1721336400,19762.4,19795.9,19474.6,19519.6
1721599200,19564.7,19862.9,19543.8,19800
1721682000,19803.3,19911.1,19694.8,19768.9
1721768400,19655.9,19682.6,19005.8,19100.3
1721854800,19098.5,19229.8,18724.5,18831.2
1721941200,18843.8,19148,18838.7,19022
1722204000,19043.4,19227.2,18966.5,19068.1
1722286800,19068.6,19169.2,18583.3,18714.8
1722373200,18728.9,19501.2,18719.6,19437.1
1722459600,19452.2,19577,18719.9,18830.5
1722546000,18831.7,18852.3,18263.4,18386.4
1722808800,18242.5,18266.6,17242.6,18024.7
1722891600,18064.2,18369.8,17854.4,17989
1722978000,17924.9,18448.8,17728.3,17746.8
1723064400,17777.4,18484.3,17642.8,18448.7
1723150800,18439,18572.8,18283.6,18495.2
1723413600,18489.1,18664.9,18413.8,18525.9
1723496400,18548.8,19021.6,18531,18999
1723582800,19003.7,19109.2,18833.5,19041.7
1723669200,19039.9,19503.1,18999.3,19463.4
1723755600,19460.6,19584.4,19350.7,19512.1
1724018400,19529.7,19776.6,19435.5,19755.4
1724101200,19769.3,19838.1,19650.8,19711.7
1724187600,19706.9,19896.6,19685.4,19826.4
1724274000,19830.6,19938,19456.2,19521.9
1724360400,19529.9,19823.3,19514.4,19695.8
1724623200,19710.3,19770.3,19433.8,19473.3
1724706000,19486.8,19621.7,19372.3,19560.3
1724792400,19571.7,19622,19163.8,19240.6
1724878800,19148.7,19630.8,19079.3,19380.8
1724965200,19384.8,19582.8,19321.5,19540.9
1725228000,19557.4,19618.7,19462,19596.4
1725310800,19603.6,19632.4,18862.4,18940
1725397200,18939.4,19066.1,18776.1,18912.9
1725483600,18922.3,19108,18785.8,18879.9
1725570000,18878.5,18937.3,18306.4,18342.6
1725832800,18391,18701.6,18354.4,18686.9
1725915600,18698.2,18845.2,18554.2,18803.5
1726002000,18813.9,19266.7,18522.1,19218.2
1726088400,19214.7,19458,19160.6,19381.3
1726174800,19391.7,19556.7,19374.7,19481.3
1726437600,19500.2,19528.7,19286.9,19399.7
1726520400,19411,19605.6,19328.7,19434.9
1726606800,19443.4,19654.7,19323,19387.9
1726693200,19400.7,19954.4,19397,19811.9
1726779600,19818.7,19846.4,19623.5,19775.9
1727042400,19801.1,19926.6,19718.9,19834.7
1727125200,19838.8,19993,19732.3,19958.3
1727211600,19960,20048.8,19842.4,20016.8
1727298000,20018.5,20315.1,19963.8,20119.4
1727384400,20122.6,20175.7,19954.1,19973.5
1727647200,19971.2,20070.8,19845.9,20015.5
1727730000,20018.8,20119.9,19610,19748.4
1727816400,19757.7,19883.7,19629.2,19850.7
1727902800,19848.7,19911.8,19650.4,19758.7
1727989200,19764.8,20068.9,19744.9,19999.4
1728252000,20033.4,20066.9,19755.2,19821.9
1728334800,19835.9,20134.7,19713.1,20088.5
1728421200,20097.7,20289.2,20005.1,20253.4
1728507600,20255.8,20319.9,20109.5,20245.9
1728594000,20249.8,20314.5,20136.4,20231.6
1728856800,20252.8,20498.7,20204.6,20457.1
1728939600,20456.6,20481.7,20076.8,20152.5
1729026000,20156.2,20222.5,20032.2,20148.4
1729112400,20156.1,20420.3,20103.4,20208.3
1729198800,20220.6,20365.9,20156.7,20315.3
1729461600,20334.2,20391.9,20183,20375.1
1729544400,20380.5,20444.4,20203.3,20360.1
1729630800,20357.5,20388.4,19926.9,20121.4
1729717200,20144.1,20277.4,20112.9,20233.3
1729803600,20238,20565.3,20216.8,20332.9
1730066400,20424.9,20535.9,20344.2,20362.8
1730149200,20370.4,20620.7,20293.1,20566.9
1730235600,20581,20651.9,20335.6,20364
1730322000,20333.1,20356,19876,19907.2
1730408400,19936.5,20165.4,19896.7,20047.4
1730674800,19997.7,20130.1,19895.9,19992.7
1730757600,20005.8,20269.3,19926.3,20246.2
1730844000,20242,20820.8,20210.5,20806.9
1730930400,20806.5,21139.6,20748.1,21106.5
1731016800,21111,21153.9,21007,21115.1
1731279600,21172,21232.2,20989.4,21097.4
1731362400,21108,21144,20948,21069
1731448800,21074.7,21164,20954.5,21058
1731535200,21058.4,21085.7,20843,20869.2
1731621600,20866.3,20876.5,20305,20401.8
1731884400,20392.7,20626.7,20379.3,20530.7
1731967200,20540.5,20699.3,20289.6,20659.2
1732053600,20668.3,20752.4,20386.8,20641.2
1732140000,20643,20814.6,20424,20701.6
1732226400,20705.9,20798.5,20612.4,20793.3
1732489200,20860.5,21002.5,20702.2,20817.9
1732572000,20825.9,20950.1,20680,20921.9
1732658400,20915.3,20948,20605.9,20734.1
1732744800,20739.1,20838.8,20736.8,20818.8
1732831200,20817.8,20954.8,20744.1,20899.5
1733094000,20937.5,21200.2,20880.8,21150.3
1733176800,21157.4,21273,21079.8,21267.2
1733263200,21266.4,21496.9,21253.8,21461.4
1733349600,21464,21517.3,21385.1,21399.1
1733436000,21394.3,21625.1,21372.1,21585.1
1733698800,21596.4,21663.7,21394.9,21428.7
1733781600,21441.2,21567.8,21314.6,21392.2
1733868000,21399.1,21783.2,21369.6,21717.5
1733954400,21723.4,21739.4,21571.8,21597.1
1734040800,21706.5,21885.3,21644.8,21734.6
1734303600,21760.7,22131.6,21741.6,22087.9
1734386400,22093.6,22107.3,21927,21984.1
1734472800,21992.4,22072.9,20997.2,21141.5
1734559200,21192,21402.6,21050.6,21113.2
1734645600,21130.3,21528.3,20724.3,21262.4
1734908400,21349.6,21504.2,21204.9,21463.5
1734991200,21486.5,21792.1,21447.5,21789.3
1735164000,21786.9,21856.5,21619.5,21729.7
1735250400,21750.8,21772.7,21264.6,21485
1735513200,21492.6,21506.3,21023.6,21153.4
1735596000,21151.2,21298.8,20956.4,21008.3
1735768800,21041.7,21274.2,20768.2,20961.3
1735855200,20976.3,21358.6,20937.3,21289.1
1736118000,21342.6,21703.3,21286.3,21582.9
1736200800,21591.6,21615.9,21089.9,21182.1
1736287200,21180.8,21262.1,20980.6,21137.7
1736373600,21150.9,21169.4,21040.2,21123.8
1736460000,21122.8,21199.6,20704,20821.6
1736722800,20812.1,20866.7,20531.7,20826
1736805600,20858.5,20977.5,20608.2,20808.2
1736892000,20804.4,21291.7,20748.1,21213
1736978400,21228.6,21404.7,21011.9,21050.6
1737064800,21057.7,21528.5,21048.4,21434.7
1737327600,21434.1,21626.5,21378,21569
1737410400,21583.9,21631.6,21219.1,21622.5
1737496800,21659.2,21945.8,21618.4,21834.2
1737583200,21833.4,21904.4,21711,21876.5
1737669600,21868,21941,21706.4,21770.9
1737932400,21599.9,21600.7,20629.8,21167.1
1738015200,21213.8,21495.3,21031.2,21422.9
1738101600,21422.8,21571.1,21242.8,21442.9
1738188000,21422.8,21625.5,21296.9,21479.5
1738274400,21565.8,21846.1,21414.9,21448.1
1738537200,21067.2,21463.3,20833.6,21440.2
1738620000,21489.6,21584.4,21132.6,21473
1738706400,21456.5,21687.8,21323,21661.6
1738792800,21654.2,21776.1,21601.6,21736.3
1738879200,21710,21869.1,21456.5,21473.9
1739142000,21365.6,21795.9,21365.1,21735.8
1739224800,21735.3,21775.3,21574.2,21693.8
1739311200,21704.8,21769.1,21418.2,21768.6
1739397600,21770.1,22033,21662.9,21981
1739484000,21990.2,22137.8,21957.7,22115.7
1739746800,22134.4,22196.2,22107.4,22166.3
1739829600,22145.2,22239.3,22023.2,22142.9
1739916000,22147,22222.9,22042,22139.6
1740002400,22131.5,22154.4,21873.8,22055.1
1740088800,22056.2,22175.6,21582.3,21587.4
1740351600,21636.7,21744.8,21340.3,21360.4
1740434400,21371.2,21387.5,20926.5,21128.5
1740520800,21160.8,21347,20986.5,21210.8
1740607200,21172.5,21328.5,20522.5,20567.6
1740693600,20567.7,20890.8,20407.2,20856.7
1740956400,20925.8,21070.1,20267.2,20475.5
1741039200,20466.2,20683.7,20027.5,20486.7
1741125600,20495.5,20678.9,20170,20562.4
1741212000,20566.7,20602.8,19958.7,20126.5
1741298400,20177.7,20244.2,19726.2,20162.1
1741557600,20043.3,20114.3,19232.6,19431.6
1741640400,19400.4,19646.6,19103.8,19357
1741726800,19382.9,19751.2,19351.2,19532.2
1741813200,19533.9,19660.3,19137.1,19253.1
1741899600,19275.5,19713.4,19269,19642
1742162400,19634.9,19937.7,19530.4,19807.4
1742245200,19819.2,19838.8,19377.8,19473.5
1742331600,19476.1,19924.4,19434.6,19722.5
1742418000,19722.6,19888.5,19518.3,19680.4
1742504400,19680.7,19775.7,19401.8,19764.9
1742767200,19870,20207.8,19856,20154
1742850000,20161,20324.3,20093.4,20315.8
1742936400,20315.9,20338.9,19848.6,19891.4
1743022800,19858.6,20004.5,19744.5,19801.6
1743109200,19799.5,19820.4,19168.3,19170.6
1743372000,19128.3,19307,18790.1,19227.5
1743454800,19228.6,19462.7,19081.1,19418.3
1743541200,19424,19865.5,18898,18950.3
1743627600,18954,19000,18450.2,18482.6
1743714000,18482.2,18555.8,17245.5,17346
1743976800,16738.6,18220.5,16324.1,17491.5
1744059600,17520.5,18216.8,16840.1,17091.3
1744146000,17091.6,19230.8,16605.3,19198.9
1744232400,19131,19234.1,17777.4,18358.4
1744318800,18358.5,18735.2,17930.5,18681.5
1744581600,18976.3,19116.5,18598.2,18763.9
1744664400,18763.8,19006.3,18672.6,18797.3
1744750800,18620.9,18727.3,17985,18237.4
1744837200,18285.6,18531.4,18141,18301.2
1745186400,18208.9,18260.3,17581.8,17793.6
1745269200,17808,18398.6,17747.9,18243.9
1745355600,18243.8,19049.4,18243.8,18733.8
1745442000,18724.3,19295.1,18482.4,19234.8
1745528400,19233.2,19482.5,19107.3,19448.4
1745791200,19392.8,19519.3,19154.8,19374.8
1745874000,19369.7,19583.6,19275.4,19507.4
1745960400,19491,19775.1,19002.4,19740.8
1746046800,19732.8,20025.3,19656.5,19692.3
1746133200,19690.1,20177.4,19656.5,20105
1746396000,20089.9,20100.4,19874.4,19951.2
1746478800,19951.1,19951.1,19653.9,19760
1746565200,19716.7,20043.7,19596.1,19875
1746651600,19845.8,20248.4,19830.5,20067.3
1746738000,20067.9,20207.4,19982.1,20064.7
1747000800,20383.2,20911.7,20298.4,20874.9
1747083600,20875,21259.9,20735.9,21173.4
1747170000,21174,21339.7,21158.1,21311.2
1747256400,21295.5,21446,21109,21305.4
1747342800,21311.6,21430.5,21240.7,21325.5
1747605600,21244.6,21463.9,21034.1,21437.2
1747688400,21437.1,21485.5,21223,21343.9
1747774800,21343,21483.5,21000.5,21070.4
1747861200,21073.9,21266.2,20967.7,21144.2
1747947600,21152,21172.8,20669.2,20896.2
1748210400,20912.3,21250,20897.2,21227.7
1748293200,21230.7,21430,21086,21419.6
1748379600,21420.1,21508.3,21275.8,21468
1748466000,21457.3,21803.9,21252.9,21326.2
1748552400,21314.2,21386.4,21027.7,21319.9
1748815200,21263.7,21534.2,21117.5,21511.7
1748898000,21511.8,21716.8,21357.7,21645.2
1748984400,21644.1,21762.6,21605.3,21702.9
1749070800,21701.3,21894.3,21468.7,21473.5
1749157200,21471.9,21839.3,21438.2,21773.3
1749420000,21787.5,21860.8,21685.8,21794.5
1749502800,21794.8,21964.4,21708.3,21922.5
1749589200,21924.2,22069.9,21768.2,21855.5
1749675600,21859.2,21954.4,21696,21880.8
1749762000,21881.5,21889.6,21454.8,21636.9
1750024800,21549.5,21980.9,21525,21926.8
1750107600,21929.4,21949,21674.8,21715.2
1750194000,21711.8,21863.4,21627.6,21724.8
1750280400,21726.5,21733.3,21416.6,21533.2
1750366800,21547.1,21904.3,21544.9,21653.6
1750629600,21378.6,21875.1,21376.9,21851
1750712400,21854.3,22221.9,21849.8,22181.9
1750798800,22187.1,22327.4,22163.3,22248.9
1750885200,22248.8,22467,22220.1,22445.3
1750971600,22446.3,22603.2,22379.7,22519.6
1751234400,22547.1,22715.8,22537.9,22650.6
1751317200,22654.6,22703.3,22384,22477.5
1751403600,22471.2,22644.3,22374.7,22640.1
1751490000,22639.8,22899.4,22619.6,22851.3
1751576400,22838.2,22856.2,22657.4,22686.2
1751839200,22769.4,22822.9,22583.7,22640.4
1751922000,22639.8,22776.4,22615.8,22704
1752008400,22704.8,22916.1,22648.2,22845.6
1752094800,22843.7,22899.4,22711.5,22820.5
1752181200,22820.6,22868.9,22650,22754.2
1752444000,22642.2,22887.4,22627,22855.4
1752526800,22855.3,23045,22820.9,22842.8
1752613200,22843.2,22928.4,22664.5,22890.8
1752699600,22892.8,23106.4,22848.5,23091.3
1752786000,23089,23155.1,23007.8,23061.3
1753048800,23065.4,23262.9,23041.6,23184.4
1753131600,23186.6,23209.5,22952.2,23043.3
1753218000,23042.3,23263.4,22995.8,23257.6
1753304400,23269.5,23281.1,23147.7,23239.9
1753390800,23237.7,23330,23185.7,23298.4
1753653600,23385.4,23441.7,23297.6,23366.2
1753736400,23366.7,23512.9,23282.2,23309.5
1753822800,23308.3,23551.9,23220.8,23521.4
1753909200,23515.8,23710.9,23153.1,23189.6
1753995600,23194.2,23227.8,22669,22747.2
1754258400,22746.3,23233.7,22703.2,23230.8
1754341200,23239.8,23288.5,22972.5,22981.1
1754427600,22981.6,23330.7,22937.1,23301.8
1754514000,23303.1,23563,23197.1,23418.9
1754600400,23407.9,23660.2,23400.9,23656.9
1754863200,23650.6,23699.5,23484.4,23524.6
1754946000,23525.9,23848,23495,23846.1
1755032400,23845.3,23966,23782.7,23828.3
1755118800,23828.3,23910.7,23697.3,23789.7
1755205200,23789.2,23872.7,23645.7,23703.6
1755468000,23759.9,23794.1,23632,23699.6
1755550800,23703.4,23751.3,23343.2,23390.7
1755637200,23390.1,23405.5,22956.4,23234.9
1755723600,23235.2,23288.8,23041.1,23144.4
1755810000,23143.2,23576.6,23003.5,23508.8
1756072800,23521.4,23548,23375.3,23434
1756155600,23433.2,23541.6,23304.6,23537.8
1756242000,23537.4,23623.3,23371.5,23480.8
1756328400,23467.8,23739.6,23426.7,23695.3
1756414800,23701.6,23702.1,23351.7,23405.5
1756677600,23418.7,23500.9,23320.2,23455.3
1756760400,23447.5,23449.3,22978.5,23331.9
1756846800,23332.1,23484.7,23256.2,23410
1756933200,23406.2,23662.8,23368,23637.3
1757019600,23635.2,23863.6,23465.4,23633.6
1757282400,23642.2,23851.8,23615.7,23758.6
1757365200,23757.7,23886.3,23693.4,23855.9
1757451600,23866.6,24013.1,23756,23827.5
1757538000,23825.7,24016.4,23824.6,23976.7
1757624400,23975.7,24136.3,23947.2,24089.3
1757887200,24092.2,24295.1,24055.3,24277.9
1757970000,24279.4,24389.9,24245.3,24280.3
1758056400,24283.4,24303.5,23992.3,24250.1
1758142800,24252.8,24564.8,24240.4,24467
1758229200,24469.9,24636.2,24407.6,24603.6
1758492000,24597,24781.9,24500.9,24750.4
1758574800,24752.8,24784.3,24535.6,24588.9
1758661200,24604.4,24671.2,24387.1,24505.7
1758747600,24508.3,24554.6,24183.9,24396.4
1758834000,24392.2,24518.3,24294.3,24498.8
1759096800,24506.6,24745.5,24498.4,24582.1
1759179600,24581.9,24690.3,24497.6,24611.3
1759266000,24615.6,24815.8,24411.4,24790.2
1759352400,24789.7,24964.9,24778.6,24888
1759438800,24887.4,24987.6,24711.8,24770.1
1759701600,24806,25044,24803.6,24970.5
1759784400,24969.7,25066.1,24780.2,24850
1759870800,24851.5,25160.3,24824.7,25147.8
1759957200,25150.1,25191.4,24964,25088.9
1760043600,25088.1,25200,23981.1,24009
1760306400,24521.3,24780.2,24477.3,24723.1
1760389200,24728.6,24866.9,24251,24575.3
1760475600,24574.5,24939.7,24490.1,24764.6
1760562000,24762.5,25001.8,24473.1,24619.2
1760648400,24611.1,24882.3,24246.6,24863.5
1760911200,24927.5,25182.6,24791.5,25157.5
1760994000,25158.1,25205.8,25036.9,25097.7
1761080400,25101.1,25176.9,24648.8,24882
1761166800,24878.1,25140.4,24782.9,25119.8
1761253200,25118.1,25418.3,25117.7,25360.1
1761516000,25582.9,25863.9,25552.5,25854.2
1761598800,25851.4,26086.1,25798,26026.7
1761685200,26025.7,26232.2,25903.2,26076.4
1761771600,26084.9,26255.9,25708.2,26001.3
1761858000,26009.8,26135.8,25754.7,25826.9
1762124400,25878.4,26130.6,25878.4,25977.5
1762207200,25982,25986.1,25392.9,25445.3
1762293600,25444.5,25752,25155.7,25599.7
1762380000,25605.7,25703.4,25081.8,25190.7
1762466400,25185.3,25246.3,24600.9,25115.5
1762729200,25252.1,25654.9,25161.6,25613
1762812000,25612,25664.4,25376.6,25549.2
1762898400,25546.7,25721.8,25386.7,25518.4
1762984800,25519.2,25619.8,24905.4,24983.1
1763071200,24984.5,25200.8,24532.7,25051.3
1763334000,25052.1,25273.1,24649.4,24815.8
1763416800,24814.5,24873.7,24296.3,24443.9
1763503200,24446.5,24904.7,24363.5,24867.4
1763589600,24868.9,25220.6,23989.8,23994.8
1763676000,23995.1,24519.5,23829.8,24274.3
1763938800,24456,24919.9,24292.2,24887.5
1764021600,24886.9,25068.3,24532.6,24994.2
1764108000,24994.7,25309.7,24992.9,25249.4
1764194400,25249.6,25276,25222.6,25256.3
1764280800,25242,25444.5,25238.6,25404.8
1764543600,25452.4,25473.5,25139.9,25347.7
1764626400,25347.1,25620.7,25276.8,25553.1
1764712800,25552.2,25639.4,25372.3,25598.2
1764799200,25596.2,25648,25444.8,25582.1
1764885600,25579.4,25827.2,25538.5,25691.7
1765148400,25716,25822,25528,25667.4
1765231200,25669.3,25700.2,25525.4,25643.1
1765317600,25645.8,25832.7,25499.1,25770.6
1765404000,25767.7,25833.9,25356.6,25805.7
1765490400,25800.8,25802.5,25104.2,25181.5
1765753200,25155.8,25392.8,25011.8,25079.6
1765836000,25077.3,25189.7,24806.1,25070.2
1765922400,25074.9,25257,24649.8,24712.6
1766008800,24719.8,25166.5,24665.3,24975.8
1766095200,24978.8,25362.4,24972.1,25354
1766358000,25412.5,25555.7,25390.1,25460.8
1766440800,25466.9,25589,25375,25576.5
1766527200,25574.6,25665.3,25550.9,25637.2
1766700000,25651.4,25712.7,25612.3,25634.1
1766962800,25649.4,25670.8,25436,25528.6
1767045600,25527.2,25577.9,25456.3,25463.7
1767132000,25464,25504.7,25214.5,25221
1767304800,25259,25586.9,25081,25207.6
1767567600,25244.5,25520.3,25223,25391
1767650400,25393.7,25650.9,25343.5,25644.4
1767736800,25647.7,25816.1,25543.1,25656.7
1767823200,25653,25672.3,25395.9,25532.8
1767909600,25534.1,25811.9,25445.1,25760.7
1768172400,25760.1,25850.3,25466.6,25772.2
1768255200,25773.2,25879.2,25639.8,25730.6
1768341600,25732.7,25761.6,25260.3,25445.2
1768428000,25436,25791.3,25400.2,25543.7
1768514400,25541.4,25733.3,25440.9,25525.9
1768777200,25282,25314.8,25080.9,25229
1768860000,25239.2,25288.6,24946.6,24996
1768946400,24994,25501.2,24882,25364.4
1769032800,25358.5,25597.1,25340.3,25487.3
1769119200,25497.6,25712,25405,25546.7
1769382000,25303.4,25796,25254.3,25730
1769464800,25731.4,25984.8,25713.1,25976.7
1769551200,25977.7,26217.6,25867.7,26136.4
1769637600,26137.6,26174.6,25409.2,25856.4
1769724000,25858.5,25901.1,25454.4,25520.6
1769986800,25409.3,25834.4,25064.8,25759.1
1770069600,25763.8,25915.7,25110.7,25312.2
1770156000,25314.2,25410.4,24679,25020.6
1770242400,25009.8,25069.7,24307.9,24329.5
1770328800,24298.8,25131.5,24146.5,25010.9
1770591600,25113.9,25339.4,24868.5,25271.9
1770674400,25272.7,25361.5,25113.4,25172.7
1770760800,25163.5,25381.4,24976.4,25194.7
1770847200,25198.8,25339.2,24641.8,24740.1
1770933600,24736.5,24923.7,24508,24700.9
1771196400,24750.8,24850.7,24599.1,24666
1771279200,24694.3,24820.4,24381,24699.8
1771365600,24704.5,25063.8,24635.8,24865.9
1771452000,24865.4,24986.5,24683.4,24768.6
1771538400,24772.9,25079.4,24618,25017.5
1771801200,24980.6,24996.7,24609.2,24729.3
1771884000,24730.4,25022.1,24642.8,24962.4
1771970400,24961.2,25442.3,24942.2,25408.8
1772056800,25396.8,25396.8,24817.6,24980.7
1772143200,24957.5,25056.9,24739.9,24911.2
1772406000,24685.9,25059,24437.5,24955.7
1772488800,24958.3,24979.1,24316.2,24670.3
1772575200,24666.4,25179.7,24464.1,25099.8
1772661600,25096,25206.2,24741.4,24973
1772748000,24969.6,25111.4,24575.9,24631.9
1773007200,24244.8,25022.8,23972.7,24925.5
1773090000,24952.6,25188.9,24802.7,24981.4
1773176400,24985.3,25153.4,24849.6,24922
1773262800,24925.5,24937,24493.9,24544.6
1773349200,24542.7,24788.1,24315.2,24319.1
1773612000,24317.8,24799.3,24280.5,24641.4
1773694800,24634.6,24879.4,24501.2,24794.2
1773781200,24784.1,24977.3,24340.6,24382.3
1773867600,24387.3,24500.6,24105,24395.3
1773954000,24401.9,24446.6,23756.7,24000.8
1774216800,23762.8,24547.5,23559,24181
1774299600,24189.1,24334.7,23919.1,24190.1
1774386000,24174.8,24330,24075.8,24157.4
1774472400,24153.8,24212.8,23561.8,23619.5
1774558800,23632.7,23781.8,23047.7,23065.9
1774821600,23005.3,23387.9,22839.3,22921.8
1774904400,22925.3,23790.8,22779.3,23721.2
1774990800,23719.8,24161.8,23699.2,24004.7
1775077200,24006.7,24088.1,23490.7,24044.2
1775163600,24037.2,24080.5,23931.3,23956.5
1775426400,23890.4,24277.6,23808.4,24176.9
1775509200,24170.4,24282.3,23775.1,24229.8
1775595600,24231.2,25085.2,24200.1,24864.7
1775682000,24865.4,25096.6,24780.9,25072.8
1775768400,25073.3,25226.8,25028.8,25163.2
1776031200,24776.3,25423.5,24756.5,25420.6
1776114000,25413.6,25833.8,25401.3,25822.5
1776200400,25822.8,26211.6,25769.2,26194.6
1776286800,26189.6,26400.4,26116.4,26303.1
1776373200,26298,26720.3,26280.3,26682.3
1776636000,26425.2,26669.3,26380.5,26615.7
1776718800,26613.3,26744.8,26397.4,26568.8
1776805200,26573.1,26983.4,26570.7,26955.1
1776891600,26958.1,27006.5,26534.8,26793.1
1776978000,26796.5,27318.1,26796.5,27301
1777240800,27272.4,27404.7,27162.8,27281.6
1777323600,27285.8,27377.8,26875.8,27052.4
1777410000,27052.7,27274.5,26957.9,27013.5
1777496400,27035,27488.8,27022.5,27461.2
1777582800,27427.7,27790.7,27405.5,27660.8
1777845600,27776.1,27845,27498,27623.4
1777928400,27628.9,28125.4,27613.9,28084.1
1778014800,28083.1,28681.7,28081.5,28595.4
1778101200,28609.3,28825.6,28433,28522.1
1778187600,28524.6,29270.6,28402.1,29224.4
1778450400,29196.4,29369.5,29117.3,29284.7
1778533200,29279.2,29343.7,28632.6,29027.6
1778619600,29023.6,29454.8,28950.6,29425.1
1778706000,29429,29676,29340.5,29580.5
1778792400,29581.9,29635.2,28992.3,29075.2
1779055200,29063.6,29319.3,28714.4,28974.8
1779138000,28979.9,29089.6,28566,28801.7
1779224400,28800.6,29304.5,28704.4,29183.8
1779310800,29189.7,29462.1,29024,29361.8
1779397200,29359.4,29670.3,29356.7,29445.4
1779660000,29649,29917.9,29645.4,29865.7
1779742800,29864.6,30043,29670.6,29967
1779829200,29965.4,30303.1,29805.4,30053.6
1779915600,30049.9,30263.2,29691.9,30227.9
1780002000,30238,30471.7,30141.4,30326.1
1780264800,30365.1,30637.4,30227.2,30467.8
1780347600,30470.6,30713.8,30264.1,30693
1780434000,30693.5,30758.3,30416.5,30431.4
1780520400,30424.6,30540.5,30091.9,30333.6
1780606800,30338.9,30360.5,28735.1,28782
1780869600,28799.1,29698.6,28779.4,29391
1780952400,29394.1,29802.9,28184.7,29092.1
1781038800,29083.5,29213,28372.1,28428.8
1781125200,28418.9,29506.5,28227.1,29399.4
1781211600,29406.7,29736.7,29205.6,29652.6
1781474400,29970.3,30587.8,29939.1,30508.9
1781557200,30510.1,30652.2,29938.3,29965.6
1781643600,29975.2,30251.5,29605.1,29820.9
1781730000,29827,30460,29781,30401
1781816400,30408.9,30445.6,30064.4,30292.1
1782079200,30254,30652.1,30014.5,30350.6
1782162000,30343,30389,29273,29432.6
1782248400,29434.2,29853.8,28960.8,29795.4
1782334800,29724.4,29963.9,28991.9,29450.1
1782421200,29459.4,29593.4,28865.1,28991.5
1782684000,29021.7,29787.2,28988.6,29714.9
1782766800,29725.1,30325.9,29657,30229.4
1782853200,30231.4,30285,29740.6,29795.1
1782939600,29795.9,30057.9,29083.5,29306.6
1783026000,29303.3,29709.3,29276.3,29661.1
1783288800,29695.3,29846.9,29441.9,29706.9
1783371600,29714.1,29734.6,28974.3,29185.1
1783458000,29184.6,29326.5,28681.3,29174.8
1783544400,29185.3,29773.5,29173.1,29712.5
1783630800,29717.2,29858.6,29476.4,29849
1783893600,29735.9,29827.1,29181.2,29219.2
1783976400,29229.8,29712.8,29096,29591.9
1784062800,29593.7,29861.4,29193.3,29503.5
1784149200,29508.1,29596.7,28879.8,28978.5
1784235600,28975,29029,28217.3,28588.9
1784498400,28598.3,29011.6,28531.7,28597.6
1784581200,28601,29190.3,28525.8,29118.7
1784667600,29132.4,29176,28798.2,29000.6
1784754000,29015.4,29116.1,28271.8,28576.1
1784840400,28579.4,28593.8,28052.8,28147.7
1785103200,28478.2,28604.1,27782.1,28055.1
1785186000,28047.2,28076.3,27454.9,27810.1
1785272400,27816.3,28027.4,27061.7,27118.1
1785358800,27117.2,28274.7,26980.6,28206.7
1785445200,28187.1,28601.7,27956.3,28166.1
1785708000,28439.9,28842.7,28192,28810.1
1785790800,28800,29830.9,28714.5,29697.4
1785877200,29704.6,29951.2,29573.6,29646.5