time,open,high,low,close
1259049600,293.83,294.47,291.04,292.08
1259136000,292.1,294.94,291.3,293.71
1259308800,284.03,289.41,279.28,287.69
1259568000,287.72,289.43,283.72,284.6
1259654400,284.64,292.15,284.64,292.13
1259740800,292.16,293.93,290.88,292.34
1259827200,292.36,295.92,291,291.75
1259913600,291.71,296.21,289.37,294.09
1260172800,294.12,294.12,290.31,292.36
1260259200,292.23,293.54,285.93,287.42
1260345600,287.22,288.55,283.15,285.35
1260432000,285.48,290.08,284.78,288.45
1260518400,288.46,292.72,288.46,290.85
1260777600,290.91,294.41,290.91,293.13
1260864000,293.15,294.45,290.57,293.53
1260950400,293.53,298.1,293.53,298.1
1261036800,298.08,298.09,294.61,295.16
1261123200,295.16,297.91,294.29,294.36
1261382400,294.47,299.52,294.47,299.25
1261468800,299.31,301.8,299.15,299.96
1261555200,300,302.15,299.52,300.74
1261987200,300.75,303.42,300.75,302.97
1262073600,302.97,304.13,302.85,303.37
1262160000,303.36,303.38,300.24,300.62
1262592000,300.87,305.07,300.85,305.07
1262678400,305.02,305.56,303.35,304.28
1262764800,304.29,305.08,302.62,304.37
1262851200,304.38,304.66,300.69,303.73
1262937600,303.74,305.45,301.24,304.53
1263196800,304.54,307.4,304.26,304.74
1263283200,304.74,305.55,298.94,299.84
1263369600,299.7,301.41,298.93,300.91
1263456000,301.09,303.27,300.32,302.21
1263542400,302.22,304,296.06,296.57
1263888000,298.72,302.36,295.36,301.75
1263974400,301.73,301.73,294.41,295.4
1264060800,295.52,298.34,289.88,290.12
1264147200,290.12,290.12,284.72,287.55
1264406400,287.32,287.4,283.86,284.21
1264492800,284.19,286.38,281.26,286.02
1264579200,285.83,285.83,281.25,284.02
1264665600,284.03,287.75,278.64,278.64
1264752000,278.65,284.34,278.65,281.88
1265011200,281.88,285.03,279.76,284.05
1265097600,284.05,287.53,282.56,286.8
1265184000,286.81,288.01,284.21,284.99
1265270400,285,286.19,277.48,278
1265356800,277.99,278.02,273,273.03
1265616000,273.04,276.59,273.04,275.58
1265702400,275.58,278.26,274.36,276.3
1265788800,276.31,281,276.31,278.13
1265875200,278.24,280.43,274,276.51
1265961600,276.55,279.58,274.38,276.41
1266307200,277.03,281.04,276.38,281.04
1266393600,281.17,285.45,281.17,283.73
1266480000,283.73,285.78,282.52,285.25
1266566400,285.1,287.74,282.55,287.34
1266825600,287.34,288.53,285.32,285.55
1266912000,285.57,287.73,280.37,281.34
1266998400,281.36,283.15,279.76,281.92
1267084800,281.89,283.97,277.06,277.8
1267171200,277.8,281.5,277.74,281.16
1267430400,281.42,287.18,281.42,286.98
1267516800,287.01,290.27,286.74,290.12
1267603200,290.01,292.72,288.81,292.16
1267689600,292.09,292.44,289.69,291.07
1267776000,291.12,295.34,291.12,295.24
1268035200,295.23,296.04,294.6,295.07
1268121600,295.06,296.3,293.15,295.57
1268208000,295.54,298.92,295,298.13
1268294400,298.01,298.9,296.57,297.61
1268380800,297.62,300.57,297.58,298.37
1268640000,298.25,298.75,296.11,296.38
1268726400,296.43,300.65,296.4,299.69
1268812800,299.7,302.85,299.7,302.26
1268899200,302.26,302.99,300.85,301.72
1268985600,301.73,303.4,298.87,300.13
1269244800,300.13,300.27,296.41,300.27
1269331200,300.32,302.43,299.91,301.74
1269417600,301.74,303.16,299.1,302.84
1269504000,302.85,307.82,302.67,307.49
1269590400,307.41,307.64,306.11,306.81
1269846000,306.91,309.54,306.91,308.74
1269932400,308.91,311.14,307.66,308.01
1270018800,308.03,309.04,306.31,308.6
1270105200,308.79,312.95,308.79,312.82
1270537200,312.95,314.38,311.77,313.73
1270623600,313.57,313.95,311.49,312.2
1270710000,312.19,312.19,307.85,309.48
1270796400,309.51,313.7,309.51,313.48
1271055600,313.55,315.39,312.13,313.49
1271142000,313.34,313.45,310.89,312.42
1271228400,312.55,316.25,312.55,314.97
1271314800,315.01,316.61,313.48,315.63
1271401200,315.52,316.5,309.34,310.23
1271660400,310.18,310.84,308.21,309.34
1271746800,309.38,314.83,309.1,314.62
1271833200,314.65,315.55,313,313.07
1271919600,313.07,315.87,308.56,309.94
1272006000,309.98,315.01,309.08,313.6
1272265200,313.8,317.84,313.79,317.36
1272351600,317.36,317.46,308.48,308.48
1272438000,308.44,308.59,301.51,304.72
1272524400,304.83,307.82,303.24,307.09
1272610800,307.2,309.3,303.11,305.66
1272870000,305.78,307.61,302.59,306.47
1272956400,306.56,306.84,296.51,297.07
1273042800,297.02,298.08,292.81,294.42
1273129200,294.26,295.94,289.57,290.73
1273215600,288.95,289.06,277,279.61
1273474800,279.62,294.86,279.48,294.86
1273561200,294.78,296.09,290.03,295.85
1273647600,296.03,304.58,294.13,302.96
1273734000,303.17,307.55,303.1,306.31
1273820400,306.49,306.5,294.42,296.49
1274079600,296.24,301.14,294.66,296.93
1274166000,296.95,302.66,296.95,301.42
1274252400,301.34,301.42,292.07,292.96
1274338800,293.01,295.66,282.4,286.79
1274425200,286.68,287.09,277.94,284.98
1274684400,285.05,287.17,280.24,283.92
1274770800,283.85,283.86,273.83,276.99
1274857200,277.37,285.01,277.37,281.58
1274943600,281.81,291.21,281.81,290.47
1275030000,290.57,292.05,289.41,290.35
1275375600,291.39,293.72,284.93,292.15
1275462000,292.09,292.61,286.63,292.09
1275548400,292.41,298.1,292.38,295.67
1275634800,295.71,298.59,288.52,289.86
1275894000,289.6,290.64,285.54,288.12
1275980400,288.17,289.06,282.89,286.29
1276066800,286.4,292.28,284.3,291.84
1276153200,291.8,297.16,288.92,295.55
1276239600,295.62,296.96,291.88,295.09
1276498800,295.27,299.47,295.2,298.87
1276585200,298.71,302.12,296.61,301.14
1276671600,301.32,302.71,299.38,301.77
1276758000,301.79,304.36,300.49,303.56
1276844400,303.56,305.19,301.87,303.28
1277103600,303.44,308.98,303.38,307.19
1277190000,306.77,307.24,303.36,305.95
1277276400,305.59,306.06,301.46,302.74
1277362800,302.8,304.26,297.4,298.34
1277449200,298.55,299.92,294.57,296.09
1277708400,296.41,300.94,295.87,300.36
1277794800,300.28,300.28,289.48,290.3
1277881200,290.24,292.79,289.62,290.94
1277967600,290.86,290.86,284.08,285.57
1278054000,285.59,289.71,284.39,284.46
1278399600,283.61,292.49,283.61,289.77
1278486000,289.73,292.64,285.3,292.39
1278572400,292.42,295.52,292.39,294.41
1278658800,294.44,296.5,294.44,295.85
1278918000,295.86,298.54,295.66,296.44
1279004400,296.35,302.58,296.28,302.13
1279090800,302.34,303.84,300.59,302.96
1279177200,302.92,304.81,298.89,299.97
1279263600,300.03,302.68,293.63,294.65
1279522800,294.64,296.73,292.33,293.09
1279609200,293.07,295.2,288,291.04
1279695600,291.14,295.54,291.14,292.04
1279782000,292.03,299.89,290.69,299.59
1279868400,299.52,301.98,298.12,300.83
1280127600,300.85,302.54,299.17,302.24
1280214000,302.26,305.02,301.84,302.71
1280300400,302.74,304.7,299.73,301.26
1280386800,301.26,304.54,298.76,299.26
1280473200,299.26,301.67,295.55,299.88
1280732400,299.91,306.92,299.88,306.92
1280818800,306.91,307.85,305.63,307.71
1280905200,307.7,310.34,305.57,308.81
1280991600,308.81,311.44,308.16,309.08
1281078000,309.09,311.73,304.55,305.31
1281337200,305.31,310.1,305.3,309.86
1281423600,309.87,309.9,304.75,306.65
1281510000,306.43,306.43,299.58,300.12
1281596400,300.11,301.02,297.18,299.03
1281682800,299.07,300.73,295.76,297.81
1281942000,297.84,300.12,295.44,297.85
1282028400,297.86,303.03,297.84,302.59
1282114800,302.59,303.06,300.08,301.59
1282201200,301.64,303.78,296.01,296.17
1282287600,301.8,303.77,292.44,292.71
1282546800,292.71,295.22,292.24,293.04
1282633200,293,293,286.03,289.26
1282719600,289.26,290.21,284.4,287.42
1282806000,287.42,289.85,287.3,288.1
1282892400,288.07,290.28,284.8,289.99
1283151600,289.98,291.36,287.03,288.12
1283238000,287.89,288.74,284.21,288.72
1283324400,288.88,296.79,286.34,296.56
1283410800,296.55,297.66,295.07,296.66
1283497200,296.75,301.33,296.72,299.18
1283842800,300.16,300.16,296.63,298.32
1283929200,298.29,301.41,295.63,300.63
1284015600,300.64,303.97,299.11,303.4
1284102000,303.32,303.6,301.54,303.08
1284361200,303.16,306.81,303.16,305.35
1284447600,305.38,306.61,303.88,306.02
1284534000,305.95,306.69,303.69,305.42
1284620400,305.34,306.3,303.99,304.76
1284706800,304.89,308.25,301.6,302.83
1284966000,302.83,307.3,302.83,306.94
1285052400,306.87,309.14,305.98,305.98
1285138800,305.95,307.07,301.99,302.7
1285225200,302.71,305.39,298.82,301.57
1285311600,301.62,307.53,299.55,306.99
1285570800,307.01,308.27,305.7,306.03
1285657200,306.02,307.46,301.92,305.71
1285743600,305.72,308.1,302.95,304.01
1285830000,304,308.71,301.92,303.34
1285916400,303.33,306.5,301.22,302.37
1286175600,302.41,302.5,298.27,298.56
1286262000,298.58,303.51,297.68,302.66
1286348400,302.67,306.36,302.67,305.4
1286434800,305.41,307.92,303.55,305.65
1286521200,305.66,306.51,303.66,306.28
1286780400,306.27,307.97,306.16,307.24
1286866800,307.26,307.53,303.26,306.94
1286953200,306.97,314.6,306.97,313.53
1287039600,313.53,316.08,313.53,314.48
1287126000,314.51,317.32,313.56,316.23
1287385200,316.24,318.33,314.71,317.48
1287471600,317.5,319,315.29,316.2
1287558000,316.2,318.13,314.57,317.98
1287644400,317.99,322.5,316.94,321.94
1287730800,321.99,322.5,320.7,321.61
1287990000,321.78,324.59,321.68,323.13
1288076400,323.18,323.31,320.09,321.76
1288162800,321.76,322.62,318.88,319.56
1288249200,319.57,323.19,319.57,320.76
1288335600,320.72,322.4,319.38,320.97
1288598400,320.98,324.38,320.24,321.12
1288684800,321.1,324.15,320.65,323.48
1288771200,323.48,324.91,321.02,321.68
1288857600,321.69,328.62,321.61,327.49
1288944000,327.51,329.7,326.42,328.59
1289203200,328.65,328.84,327.28,328.41
1289289600,328.42,331.46,327.67,330.37
1289376000,330.35,330.35,325.18,327
1289462400,327.01,328.48,326,327.12
1289548800,327.03,328.74,321.95,327.56
1289808000,327.55,331.47,324.9,330.38
1289894400,330.36,330.36,324.17,324.19
1289980800,324.17,326.26,323.63,325.97
1290067200,326.06,332.55,326.05,332.38
1290153600,332.4,333.45,330.44,332.88
1290412800,333.09,335.74,331.05,331.85
1290499200,331.79,332.22,326.18,326.18
1290585600,326.28,332.41,325.89,331.92
1290758400,334.67,334.68,329.49,333.01
1291017600,332.98,335.95,325.61,325.61
1291104000,325.66,328.82,323.5,325.16
1291190400,325.18,334.13,325.18,333.99
1291276800,334,338.67,332.66,338.57
1291363200,338.57,339.68,336.51,338.2
1291622400,338.2,339.38,337.06,338.45
1291708800,338.45,342.9,338.44,340.87
1291795200,340.86,341.31,338.53,339.45
1291881600,339.65,341.84,338.3,339.08
1291968000,339.24,341.99,339.13,341.44
1292227200,341.56,343.53,341.48,342.76
1292313600,342.7,342.89,341.78,342.54
1292400000,342.43,342.83,339.39,342.17
1292486400,342.04,343.02,340.91,342.53
1292572800,342.71,343.49,340.36,340.52
1292832000,340.6,344.83,340.54,342.38
1292918400,342.43,345.86,342.43,345.41
1293004800,345.38,345.67,344.84,344.87
1293091200,344.97,345.6,343.59,344.3
1293436800,344.18,344.69,338.55,339.88
1293523200,339.8,340.88,339.25,339.99
1293609600,340,341.81,339.97,341.14
1293696000,341.2,341.75,336.3,337.16
1294041600,337.16,342.99,337.16,341.33
1294128000,341.33,343.2,339.5,340.61
1294214400,340.6,340.72,334.07,338.81
1294300800,338.81,344.08,338.81,340.68
1294387200,340.68,342.28,338.68,339.17
1294646400,339.17,339.17,333.71,334.73
1294732800,334.75,339.48,334.71,339.01
1294819200,339.01,345.34,339,345.27
1294905600,345.25,346.1,343.81,345.74
1294992000,345.75,346.3,342.94,345.95
1295337600,346.02,349.9,345.82,349.34
1295424000,349.4,350.46,346.05,346.32
1295510400,346.44,346.45,342.65,343.43
1295596800,343.46,348.46,343.34,345.41
1295856000,345.41,346.78,342.19,345.48
1295942400,345.47,347.27,344.18,344.94
1296028800,344.94,349,344.94,347.34
1296115200,347.36,349.99,346.71,348.76
1296201600,348.76,349.89,346.22,346.22
1296460800,346.21,346.51,342.76,344.92
1296547200,345.01,350.43,345.01,350.15
1296633600,350.19,352.05,348.88,349.93
1296720000,349.93,350.76,347.96,350.49
1296806400,350.51,352.18,350.16,351.65
1297065600,351.66,355.14,351.49,354.96
1297152000,354.97,357.13,354.51,357.05
1297238400,357.07,358.42,356.42,356.94
1297324800,356.92,357.95,354.41,357.92
1297411200,357.91,360.38,355.1,359.41
1297670400,359.43,362.03,359.42,360.59
1297756800,360.67,361.76,359.33,360.48
1297843200,360.5,362.48,360.46,361.3
1297929600,361.31,362.31,358.79,360.83
1298016000,360.87,361.83,359.5,361.83
1298361600,356.65,358.04,353.6,356.45
1298448000,356.44,356.44,349.68,350.22
1298534400,350.2,350.21,344.91,346.73
1298620800,346.73,349.9,346.72,349.48
1298880000,349.5,355.32,347.7,353.67
1298966400,353.74,357.77,349.77,351.2
1299052800,351.17,351.18,346.22,349.17
1299139200,349.21,354.67,349.19,351.26
1299225600,351.28,355.52,347.91,348.99
1299484800,348.97,353.44,346.44,348.17
1299571200,348.19,351.07,343.76,348.32
1299657600,348.34,350.82,345.53,346.62
1299744000,346.28,346.29,341.18,343.18
1299830400,343.08,343.09,338.29,339.26
1300089600,339.21,340.2,332.61,333.52
1300176000,333.33,333.33,314.74,322.89
1300262400,323,327.1,315.74,316.37
1300348800,316.44,325.2,316.44,323.44
1300435200,323.53,328.55,323.47,323.85
1300694400,323.96,332.01,323.96,331.25
1300780800,331.23,331.81,328.72,329.48
1300867200,329.5,330.67,326.45,330.55
1300953600,330.56,337.36,329.69,336.95
1301040000,337.05,339.47,336.29,337.56
1301295600,337.45,339.11,335.87,337.31
1301382000,337.43,338.34,333.77,337.02
1301468400,337.26,343.3,337.21,342.87
1301554800,342.88,343.97,341.99,342
1301641200,342.08,349.34,342.07,348.71
1301900400,348.74,349.87,348.27,348.6
1301986800,348.65,349.21,346.42,348.65
1302073200,348.69,351.92,347.79,350.57
1302159600,350.48,351.81,348.62,348.81
1302246000,349,351.47,349,350.65
1302505200,350.64,351.08,347.6,349.84
1302591600,349.61,349.66,344,344.69
1302678000,344.91,349.53,344.79,348.37
1302764400,348.36,348.36,343.64,345.95
1302850800,345.98,348.09,345.82,347.33
1303110000,347.34,347.51,338.22,339.79
1303196400,339.86,342.41,339.86,340.48
1303282800,340.57,351.3,340.57,350.69
1303369200,350.77,352.64,350.77,351.64
1303801200,351.64,354.94,350.82,354.76
1303887600,354.73,358.63,354.73,357.39
1303974000,357.72,361.11,357.7,360.86
1304060400,360.96,362.76,360.27,362.73
1304319600,363.05,366.19,362.7,362.7
1304406000,362.77,362.8,358.61,361.39
1304492400,361.39,362.71,353.96,354.88
1304578800,354.85,356.18,349.68,353.87
1304665200,353.88,357.97,351.35,357.56
1304924400,357.55,357.55,351.01,352.52
1305010800,352.55,358.51,352.55,356.93
1305097200,356.93,359.98,355.28,356.48
1305183600,356.21,356.3,349.73,353.82
1305270000,353.74,355.13,349.34,349.94
1305529200,349.82,349.85,344.22,349.12
1305615600,349.09,349.09,342.76,342.93
1305702000,343.28,346.95,343.05,345.03
1305788400,345.14,350.41,345.14,347.66
1305874800,347.7,350.17,341.41,343.29
1306134000,343.11,343.11,335.54,336.29
1306220400,337.16,340.61,337.16,337.79
1306306800,337.68,339.41,334.02,338.79
1306393200,338.84,340.4,334.17,335.45
1306479600,335.54,339.58,335.27,337.55
1306825200,337.98,344.97,337.98,343.69
1306911600,343.81,344.7,338.97,340.03
1306998000,340.01,340.01,333.32,333.32
1307084400,333.39,335.57,330.98,335.04
1307343600,334.98,335.73,332.77,333.8
1307430000,334.29,336.75,333.91,334.61
1307516400,334.5,334.5,329.4,332.6
1307602800,332.62,338.49,331.54,337.31
1307689200,337.12,338.48,332.29,333.13
1307948400,333.23,335.58,331.7,333.76
1308034800,335.34,340.72,335.34,339.48
1308121200,338.9,339.29,334.33,335.34
1308207600,334.16,335.27,330.83,335.23
1308294000,334.38,340.63,331.76,337.8
1308553200,336.37,337.52,333.01,337.17
1308639600,338.57,343.65,338.52,343.65
1308726000,344.04,344.81,342.6,343.41
1308812400,342.8,342.8,335.88,337.33
1308898800,338.62,343.31,335.22,336.28
1309158000,335.87,337.31,334.28,335.55
1309244400,336.28,339.18,333.93,338.42
1309330800,338.48,345.42,338.48,344.31
1309417200,344.28,348.28,343.9,348.21
1309503600,348.15,351.38,347.26,350.26
1309849200,351.25,353.11,350.79,351.37
1309935600,351.38,351.93,349.4,351.05
1310022000,351.44,354.97,351.44,353.08
1310108400,353.76,355.58,349.16,349.76
1310367600,349.73,349.73,339.51,341.43
1310454000,340.85,340.97,330.29,338.84
1310540400,338.83,343.92,338.42,343.31
1310626800,342.94,343.22,339.99,340.88
1310713200,340.08,342.69,337.35,341.04
1310972400,340.85,340.85,334.98,335.8
1311058800,336.25,341.91,336.25,339.95
1311145200,340.95,343.26,338.78,341.25
1311231600,341.76,346.1,337.54,344.36
1311318000,345.31,347.61,343.36,346.19
1311577200,346.08,348.14,342.94,347.13
1311663600,347.71,348.92,345.11,347.3
1311750000,347.3,347.3,340.82,342.57
1311836400,341.92,341.92,335.69,339.35
1311922800,338.21,339.39,333.35,337.89
1312182000,338.56,343.82,328.37,328.37
1312268400,327.15,327.35,319.48,320.64
1312354800,320.05,320.05,308.47,313.1
1312441200,313.8,317.33,301.32,302.4
1312527600,302.24,303.44,290.71,293.92
1312786800,293.28,295.62,278.92,278.94
1312873200,277.91,283.77,259.12,278.75
1312959600,278.85,286.66,261.02,264.12
1313046000,264.18,274.3,258.51,272.98
1313132400,272.29,283.7,267.47,282.51
1313391600,283.88,287.65,283.09,283.72
1313478000,283.14,283.14,275.49,282.26
1313564400,281.05,283.38,276.32,280.07
1313650800,278.94,278.94,260.42,263.59
1313737200,263.55,263.55,251.23,257.56
1313996400,256.64,262.87,254.14,257.32
1314082800,257.53,265.03,256.22,260.02
1314169200,260.85,270.01,259.24,267.24
1314255600,267.6,271.8,256.74,262.68
1314342000,262.62,262.78,254.06,260.31
1314601200,260.98,268.84,260.98,266.78
1314687600,267.42,269.65,262.3,265.63
1314774000,265.77,276.35,265.77,272.36
1314860400,272.51,272.83,265.28,269.63
1314946800,268.22,268.22,258.36,260.35
1315292400,246.33,250.43,241.68,243.79
1315378800,244.03,253.92,244,253.91
1315465200,253.91,257.09,249.59,254.05
1315551600,253.07,253.31,242.54,243.28
1315810800,242.88,242.96,232.59,237.5
1315897200,237.9,244.77,232.97,242.25
1315983600,240.93,250.8,239.38,250.5
1316070000,251.74,261.11,251.74,258.29
1316156400,258.7,265.2,258.7,261.46
1316415600,260.3,260.3,251.35,253.8
1316502000,252.8,261.48,251.77,261.24
1316588400,260.97,260.97,253.99,254.76
1316674800,254.06,254.06,240.6,241.91
1316761200,242.76,245,232.87,243.56
1317020400,243.9,253.79,239.87,250.47
1317106800,251.21,264.61,251.21,264.19
1317193200,263.68,267.53,259.22,261.93
1317279600,261.91,268.02,259.85,265.05
1317366000,264.7,264.7,255.68,258.43
1317625200,255.76,255.76,248.36,252.46
1317711600,250.2,250.2,240.38,244.69
1317798000,247.08,257.5,247.08,256.96
1317884400,258.5,265.48,257.01,265.48
1317970800,265.34,270.33,263.6,266.9
1318230000,267.88,276.31,265.84,275.16
1318316400,274.48,276.81,271.59,275.95
1318402800,275.6,283.41,272.78,282.22
1318489200,282.2,284.11,276.67,278.37
1318575600,278.78,284.23,276.95,280.89
1318834800,281.1,286.48,273.92,275.82
1318921200,275.43,278.02,270.43,276.61
1319007600,276.78,281.24,276.45,278.24
1319094000,277.73,278.07,270.52,271.11
1319180400,272,281.16,271.44,280.82
1319439600,281.97,285.51,279.33,284.99
1319526000,283.81,289.85,280.96,284.61
1319612400,284.29,289.22,280.23,283.14
1319698800,283.16,299.14,283.16,298.73
1319785200,299.19,303.21,297.18,299.16
1320048000,298.02,298.02,289.29,289.29
1320134400,285.25,285.25,271.29,274.7
1320220800,285.25,285.25,271.28,280.95
1320307200,280.66,291.82,274.76,288.94
1320393600,289.84,290.91,279.16,280.87
1320652800,280.86,283.98,274.69,279.25
1320739200,279.95,286.83,279.55,280.88
1320825600,283.07,285.38,271.67,274.54
1320912000,272.72,279.65,269.48,276.33
1320998400,276.34,285.76,275.75,285.39
1321257600,286.47,288.04,279.55,281.87
1321344000,280.33,282.98,273.91,279.39
1321430400,278.67,283.81,275.6,278.49
1321516800,277.89,278.81,272.14,275.46
1321603200,274.43,277.76,271.62,273.2
1321862400,272.27,272.27,263.5,263.88
1321948800,264.72,267.53,260.69,260.69
1322035200,259.69,263.07,256.79,256.79
1322208000,255.61,260.2,252.5,258.5
1322467200,260.31,271.23,260.31,270.79
1322553600,270.24,274.69,268.16,273.41
1322640000,272.6,289.15,269.85,287.2
1322726400,286.91,288.1,283.67,284.54
1322812800,286,290.89,285.55,286.74
1323072000,287.93,290.86,287.13,288
1323158400,286.8,287.36,283.18,284.4
1323244800,286,289.6,279.13,282.66
1323331200,283.84,286.31,276.57,276.86
1323417600,275.5,283.12,273.46,282.24
1323676800,281.65,281.65,272.62,272.62
1323763200,272.62,275.75,270.19,272.04
1323849600,271.4,271.8,267.14,267.14
1323936000,267.78,272.9,267.5,269.69
1324022400,269.81,271.74,267.94,268.27
1324281600,268.23,271.75,265.64,266.82
1324368000,266.83,275.29,265.33,275.29
1324454400,276.79,280.97,271.75,272.68
1324540800,273.41,277.19,273.41,275.53
1324627200,276.65,278.42,275.17,276.78
1324972800,277.22,279,276.76,277.33
1325059200,277.13,277.85,271.61,271.61
1325145600,271.76,275.23,271.76,275.23
1325232000,275.66,277.64,273.75,277.64
1325577600,286.19,290.83,286.19,290.34
1325664000,289.76,290.16,286.57,287.69
1325750400,287.93,288.52,284.26,286.95
1325836800,287,289.54,283.14,285.11
1326096000,285.11,286.01,281.89,283.14
1326182400,283.25,291.53,283.25,290.21
1326268800,290.17,291.15,287.58,289.83
1326355200,290.09,295.01,289.77,291.17
1326441600,291.4,294.29,285.69,289.5
1326787200,293.14,299.02,293.14,298.52
1326873600,298.56,301.68,296.07,299.47
1326960000,299.61,302.85,298.46,302.61
1327046400,302.53,303.17,300.37,301.91
1327305600,301.74,304.65,299.15,303.24
1327392000,301.74,304.65,298.54,302.29
1327478400,301.74,304.65,298.54,301.24
1327564800,301.74,307.84,298.54,306.86
1327651200,306.61,308.53,304.33,305.61
1327910400,305.16,305.16,301.01,302.37
1327996800,302.98,306.64,302.67,303.08
1328083200,303.67,311.2,303.67,310.67
1328169600,311.02,313.09,310.13,312.51
1328256000,312.42,317.95,311.58,317.91
1328515200,317.67,318.56,315.41,317.76
1328601600,317.85,318.9,313.82,317.2
1328688000,317.22,320.79,316.39,316.98
1328774400,316.96,321.15,316.96,318.9
1328860800,318.66,318.66,312.25,314.31
1329120000,314.77,318.05,314.77,316.47
1329206400,316.21,318.84,314.56,315.92
1329292800,317.13,320.73,316.3,317.3
1329379200,316.96,317.03,312.25,317.03
1329465600,318.06,323.01,318.06,321.68
1329811200,326.51,327.57,322.88,324.46
1329897600,324.55,324.78,320.37,321.47
1329984000,321.52,324.14,316.33,319.95
1330070400,320.1,323.91,320.1,322.76
1330329600,322.72,323.08,317.34,322.22
1330416000,322.24,324.55,320.33,324.03
1330502400,324.2,327.71,321.8,322.41
1330588800,322.33,326.73,320.58,326.33
1330675200,326.35,326.97,324.58,325.38
1330934400,324.98,324.98,320.24,322.68
1331020800,322.65,322.65,311.5,311.5
1331107200,311.47,313.81,310.54,313.31
1331193600,314.45,321.3,314.45,321.16
1331280000,321.4,324.86,320.95,323.33
1331539200,323.14,324.89,321.76,324.29
1331625600,324.95,329.9,324.95,328.76
1331712000,329.29,333.75,329.29,332.86
1331798400,332.67,336.26,332.56,335.95
1331884800,335.95,338.19,335.83,336.48
1332144000,336.49,336.49,333.48,336.25
1332230400,336.04,336.04,330.37,331.39
1332316800,331.99,334.21,329.42,332.24
1332403200,331.9,332.5,326.18,328.31
1332489600,328.31,330.52,324.94,329.03
1332745200,329.07,333.92,327.76,332.79
1332831600,333.06,336.35,332.61,332.77
1332918000,332.67,334.24,328.93,328.93
1333004400,328.83,328.83,321.45,323.08
1333090800,323.14,327.18,323.14,326.54
1333350000,326.68,331.64,325.04,331.64
1333436400,331.76,332.78,328.04,328.04
1333522800,327.88,327.88,318.25,318.72
1333609200,318.83,319.88,313.03,317.34
1334041200,316.83,316.83,309.34,309.34
1334127600,309.25,314.94,309.24,312.69
1334214000,313.17,316.78,311.64,315.92
1334300400,316.02,316.02,307.09,308.47
1334559600,308.21,312.78,306.84,310.41
1334646000,310.37,318.56,309.87,318.56
1334732400,318.43,319.05,314.69,315.35
1334818800,315.61,318.58,312.07,312.31
1334905200,311.73,315.9,310.91,315.43
1335164400,315.41,315.41,303.52,304.58
1335250800,304.88,308.29,303.84,307.64
1335337200,307.74,314.3,307.74,313.03
1335423600,313.01,315.4,310.52,314.78
1335510000,313.94,318.44,310.26,317.27
1335769200,317.39,317.96,313.33,313.33
1335942000,313.51,318.56,308.68,310.79
1336028400,310.8,314.56,307.96,310.09
1336114800,310.12,310.12,301.91,302.64
1336374000,302.55,303.37,295.42,302.96
1336460400,302.9,303.2,295.79,297.09
1336546800,297.09,299.98,294.06,298.61
1336633200,298.62,300.57,295.58,299.07
1336719600,299.02,302.04,295.9,301.64
1336978800,301.58,301.58,293.54,295.64
1337065200,295.66,298.28,291.12,293.25
1337151600,293.23,295.08,288.45,292.37
1337238000,292.49,292.98,287.45,288.15
1337324400,287.81,289.28,284.47,286.37
1337583600,286.47,290.65,285.23,289.15
1337670000,289.49,294.58,289.49,294.07
1337756400,293.54,293.54,285.89,287.12
1337842800,287.15,289.52,284.74,287.95
1337929200,287.83,291.07,285.2,287.9
1338274800,287.75,292.82,287.75,290.79
1338361200,290.52,290.52,284.44,285.45
1338447600,285.49,287.32,282.12,284.63
1338534000,284.65,284.65,272.49,274.47
1338793200,274.02,274.02,269.5,271.08
1338879600,271.12,272.57,268.14,270.68
1338966000,270.89,276.78,270.89,276.42
1339052400,276.58,282.67,276.58,278.68
1339138800,278.02,278.52,274.5,277.87
1339398000,277.97,285.18,277.97,278.42
1339484400,278.09,281.56,275.74,279.2
1339570800,279.61,281.85,276,278.71
1339657200,278.57,279.28,275.22,277.92
1339743600,277.98,283.12,277.98,282.05
1340002800,282.22,285.96,281.72,282.86
1340089200,283.08,288.7,282.28,288.18
1340175600,287.98,290.11,286.97,289.65
1340262000,289.34,291.2,286.78,287.26
1340348400,287.21,287.21,283.24,283.52
1340607600,283.32,283.32,276.84,277.5
1340694000,277.44,278.82,276.32,277.54
1340780400,278.06,282.03,277.16,281.92
1340866800,281.93,282.49,275.89,278.27
1340953200,278.3,290.53,278.3,290.52
1341212400,290.45,295.4,289.42,294.26
1341298800,294.29,298.13,294.29,298.13
1341471600,297.42,301.16,293.41,296.16
1341558000,296.16,296.16,290.2,290.28
1341817200,290.3,290.72,288.62,289.16
1341903600,289.17,293.87,287.42,291.44
1341990000,291.23,293.81,289.73,292.07
1342076400,291.64,291.77,288.1,290.46
1342162800,290.77,296.88,290.77,296.88
1342422000,296.83,297.82,294.84,297.33
1342508400,297.35,299.34,296.28,297.8
1342594800,297.8,302.97,297.8,302.7
1342681200,302.92,306.73,302.92,306.15
1342767600,305.96,307,299.84,300.29
1343026800,299.31,299.31,288.54,290.75
1343113200,290.75,292.28,288.84,289.34
1343199600,288.88,293.32,287.7,290.19
1343286000,290.14,298.51,286.18,297.98
1343372400,298.24,303.03,294.93,302.99
1343631600,303.03,308.06,303.03,307.03
1343718000,307.22,309.81,306.24,306.97
1343804400,306.72,308.23,305.43,306.28
1343890800,306.26,310.34,298.85,299.25
1343977200,299.6,311.79,299.31,311.28
1344236400,311.54,314.84,310.32,313.77
1344322800,313.77,316.59,312.98,316.23
1344409200,316.07,316.14,313.44,316.14
1344495600,316.26,317.07,312.53,315.89
1344582000,315.17,315.43,312.55,314.95
1344841200,314.68,316.29,312.02,313.23
1344927600,313.25,317.09,313.25,316.07
1345014000,315.78,315.99,313.13,314.82
1345100400,314.91,317.31,314,317.15
1345186800,317.18,319.47,317.18,319.47
1345446000,319.44,321.49,317.98,319.06
1345532400,319.41,322.31,319.41,321.65
1345618800,320.73,320.73,317.94,318.51
1345705200,319.27,321.29,314.28,315.44
1345791600,315.38,317.09,312.32,316.26
1346050800,316.36,319.86,315.16,319.79
1346137200,319.5,319.5,316.5,317.76
1346223600,317.73,318.86,315.14,318.15
1346310000,317.34,317.34,311.58,312.66
1346396400,312.51,317.79,312.44,316.08
1346742000,317.94,317.98,313.72,314.14
1346828400,314.36,317.21,312.24,315.49
1346914800,315.8,325.04,315.8,324.81
1347001200,325.09,328.66,325.09,327.12
1347260400,326.9,328.03,326.52,327.16
1347346800,326.97,331.65,325.82,331.49
1347433200,331.74,336.07,331.46,333.12
1347519600,333.16,333.63,330.26,331.57
1347606000,331.85,338.24,331.62,336.72
1347865200,336.08,336.76,335.28,336.21
1347951600,334.77,334.77,331.45,333.46
1348038000,334.22,335.84,332.69,335.74
1348124400,334.75,335.53,332.22,335.51
1348210800,335.78,339.71,335.71,338.58
1348470000,338.5,338.5,335.71,336.82
1348556400,336.74,338.08,334.8,337.44
1348642800,336.78,336.78,329.51,330.41
1348729200,330.75,332.63,330.02,330.9
1348815600,331.28,333.11,327.45,327.45
1349074800,327.63,332.87,327.63,332.32
1349161200,331.78,334.47,329.46,331.29
1349247600,331.21,332.84,329.78,332.05
1349334000,332.35,334.42,330.28,331.24
1349420400,331.53,335.96,331.53,335.4
1349679600,335.03,335.03,330.31,330.55
1349766000,330.72,331.29,327.31,327.84
1349852400,327.58,328.34,326.32,326.56
1349938800,326.58,331.21,325.5,330.16
1350025200,330.08,330.53,327.81,327.81
1350284400,327.73,330.92,327.73,329.02
1350370800,329.22,334.84,329.22,334.42
1350457200,334.49,335.72,334.17,335.48
1350543600,335.56,337.92,335.3,337.46
1350630000,337.37,337.37,334.03,334.82
1350889200,334.77,335.28,331.78,332.46
1350975600,332.48,333.14,324.52,325.41
1351062000,325.46,327.48,322.95,326.44
1351148400,326.44,329.2,325.93,326.71
1351234800,326.37,329.46,324.47,328.27
1351670400,330.85,333.8,329.94,329.94
1351756800,329.84,334.51,329.62,333.52
1351843200,333.42,335.93,332.35,334.64
1352102400,334.04,334.04,331.91,332.84
1352188800,333.07,335.55,332.46,335.08
1352275200,335.57,337.84,328.26,328.47
1352361600,328.66,330.88,326.44,327.26
1352448000,327.4,328.07,320.84,325.29
1352707200,325.32,326.81,324.18,325.51
1352793600,325.23,326.09,321.1,325.35
1352880000,325.19,325.98,321.43,322.19
1352966400,321.63,321.63,318.58,319.56
1353052800,319.69,320.28,315.29,315.29
1353312000,315.45,323.66,315.45,323.34
1353398400,322.69,326.16,322.04,325.64
1353484800,325.19,326.66,324.13,326.3
1353657600,329.08,331.99,327.71,331.93
1353916800,331.34,332.16,330.28,331.21
1354003200,331.62,334.15,331.62,332.88
1354089600,332.64,333.56,329.65,333.22
1354176000,333.74,336.69,333.74,336.06
1354262400,335.89,338.04,335.7,336.24
1354521600,336.59,339.9,336.59,337.56
1354608000,337.54,338.95,336.75,337.53
1354694400,337.7,339.64,337.28,338.43
1354780800,338.37,342.84,338.37,342.04
1354867200,342.05,342.88,339.94,341.31
1355126400,340.72,342.1,338.49,341.87
1355212800,341.92,344.97,341.32,344.66
1355299200,344.65,346.34,344.64,345.8
1355385600,345.74,346.06,343.31,344.3
1355472000,344.47,345.84,343.74,344.88
1355731200,344.9,346.13,343.5,345.37
1355817600,345.76,348.17,345.76,347.54
1355904000,347.64,348.87,347.64,348.17
1355990400,347.76,348.46,346.64,348.38
1356076800,348.21,348.21,344.89,346.63
1356595200,346.63,348.57,346.63,347.61
1356681600,347.62,348.32,345.44,345.88
1357113600,345.93,354.11,345.91,353.65
1357200000,353.37,353.58,351.74,352.62
1357286400,352.61,353.69,351.38,353.63
1357545600,353.58,353.69,350.81,351.63
1357632000,351.4,352.56,349.33,349.88
1357718400,349.98,351.65,349.63,351.08
1357804800,351.25,353.85,349.91,350.88
1357891200,350.89,352.11,350.17,351.71
1358150400,350.83,354.99,350.83,352.36
1358236800,352.83,352.83,347.94,349.74
1358323200,349.73,350.24,348.06,350.09
1358409600,350.18,353.32,348.71,352.13
1358496000,352.17,352.91,350.55,350.57
1358841600,351.43,352.67,347.48,350.15
1358928000,349.79,351.73,349.59,350.6
1359014400,350.6,351.55,347.26,351.23
1359100800,351.24,356.49,351.02,356.21
1359360000,356.14,356.81,355.15,355.22
1359446400,355.83,356.29,353.68,355.87
1359532800,354.98,356.58,352.37,353.94
1359619200,353.92,353.93,351.67,352.26
1359705600,350.87,355.74,350.87,354.94
1359964800,356.74,356.74,345.85,345.93
1360051200,348.2,348.2,345.18,347.01
1360137600,346.54,348.41,341.24,343.24
1360224000,343.47,346.99,342.66,343.77
1360310400,343.55,346.66,338.7,346.66
1360569600,346.48,347.8,344.23,345.83
1360656000,345.8,347.17,343.93,347.1
1360742400,347.07,350.54,346.71,349.36
1360828800,350.68,350.68,344.57,345.6
1360915200,344.68,346.43,343.6,343.78
1361260800,345.51,351.52,344.73,351.14
1361347200,349.76,352.72,349.25,350.1
1361433600,350.02,350.02,342.56,343.35
1361520000,343.47,347.73,343.47,346.69
1361779200,345.12,355.87,345.12,351.77
1361865600,356.28,356.28,342.97,343.35
1361952000,342.8,346.97,341.93,346.89
1362038400,346.02,350.38,346.02,349.79
1362124800,349.75,350.73,344.34,348.01
1362384000,347.34,347.8,344.67,346.98
1362470400,347.03,355.85,347.03,355.27
1362556800,354.6,360.12,354.6,357.48
1362643200,357.61,359.33,357.29,358.42
1362729600,358.27,362.69,358.27,360.73
1362988800,360.56,360.84,359.28,360.65
1363075200,360.56,361.18,358.14,359.61
1363161600,358.48,360.12,358.48,359.74
1363248000,359.98,363.67,359.98,363.64
1363334400,362.15,364.49,360.79,362.89
1363593600,366.91,366.91,356.28,361.37
1363680000,361.39,361.39,357.1,358.37
1363766400,358.76,362.16,358.76,360.98
1363852800,361.51,361.51,355.66,357.71
1363939200,357.65,358.56,355.31,356.63
1364198400,356.63,362.03,353.55,354.58
1364284800,355.17,356.6,354.07,354.97
1364371200,355.91,356.54,349.04,350.77
1364886000,351.08,358,351.08,357.81
1364972400,357.82,358.15,354.37,354.56
1365058800,355.14,357.02,351.39,352
1365145200,352.04,352.83,343.79,344.98
1365404400,345.78,346.77,344.43,345.23
1365490800,345.35,348.01,342.81,344.12
1365577200,343.35,352.52,343.35,352
1365663600,351.76,354.2,349.81,353.59
1365750000,354.31,354.31,346.84,347.71
1366009200,348.28,349.02,343.38,346.2
1366095600,346,347.46,342.76,344.92
1366182000,343.69,346.66,335.28,336.67
1366268400,336.69,339,333.69,335.18
1366354800,335.36,337.33,332.16,334.04
1366614000,334.38,337.59,333.11,334.82
1366700400,334.01,343.13,333.12,342.84
1366786800,342.85,348.06,342.85,347.7
1366873200,347.73,351.33,347.05,351.13
1366959600,351.08,351.08,347.35,349.51
1367218800,348.52,350.22,347.82,350.13
1367305200,350.59,354.38,350.47,352.05
1367478000,352.91,355.91,351.09,353.87
1367564400,352.98,361.79,352.98,361.45
1367823600,361.71,361.71,359.38,359.77
1367910000,359.29,363.99,359.29,362.91
1367996400,362.05,365.09,361.09,364.92
1368082800,364.87,365.77,363.55,365.3
1368169200,367.01,369.43,364.76,365.91
1368428400,365.51,366.66,363.11,365.95
1368514800,365.95,368.81,364.08,368.78
1368601200,371.06,371.06,366.52,369.34
1368687600,369.33,370.58,367.2,369.25
1368774000,370.77,370.77,366.3,369.59
1369033200,368.92,372.31,368.92,372.25
1369119600,372.1,373.1,369.6,373
1369206000,373.01,376.64,371.3,375.47
1369292400,376.62,376.62,364.26,367.36
1369378800,367.43,368.78,363,364.9
1369724400,368.51,374.63,368.51,372.66
1369810800,372.56,372.56,365.73,366.51
1369897200,366.49,369.44,364.28,368.68
1369983600,369.07,369.07,364.32,366.62
1370242800,366.51,368.55,360.64,363.69
1370329200,363.78,368.02,363.32,364.21
1370415600,364.06,364.06,358.75,359.41
1370502000,358.39,361.08,354.89,355
1370588400,353.3,363.05,352.33,361.99
1370847600,362.83,366.3,361.38,364.19
1370934000,363.96,363.96,356.82,360.34
1371020400,359.29,361.19,355.76,356.72
1371106800,355.77,356.77,349.02,354.59
1371193200,354.63,358.73,354.63,356.14
1371452400,356.6,362.08,356.35,359.97
1371538800,359.92,361.07,358.24,360.56
1371625200,360.7,362.83,357.57,359.01
1371711600,363.26,363.26,346.47,347.16
1371798000,345.61,349.59,340.72,340.8
1372057200,340,342.33,335.06,336.67
1372143600,337.27,343.45,337.27,342.05
1372230000,342.11,348.67,341.59,347.78
1372316400,347.02,351.49,346.78,349.98
1372402800,348.69,352,346.31,348.55
1372662000,347.89,351.35,345.8,349.59
1372748400,348.48,350.46,344.92,346.53
1372834800,348.03,348.03,338.7,342.86
1373007600,350.19,351.8,341.72,341.75
1373266800,341.94,351.05,341.82,349
1373353200,348.17,354.14,348.17,352.87
1373439600,352.88,353.64,349.85,353.1
1373526000,353.1,358.02,353.1,357.19
1373612400,356.51,361.08,356.51,359.67
1373871600,359.8,362.16,359.56,360.61
1373958000,359.66,361.64,358.11,359.07
1374044400,359.09,362.15,356.35,361.51
1374130800,361.5,365.27,359.95,365.24
1374217200,363.95,365.24,362.79,364.94
1374476400,364.97,366.83,363.94,364.92
1374562800,364.95,366.52,363.97,364.3
1374649200,364.31,368.81,364.31,367.31
1374735600,367.31,367.31,362.19,363.75
1374822000,362.56,366.37,360.18,361.34
1375081200,361.3,364.75,361.28,361.93
1375167600,361.75,365.49,361.75,362.69
1375254000,362.72,363.79,360.26,362.95
1375340400,363.64,368.91,363.64,368.85
1375426800,368.9,369.84,367.49,368.8
1375686000,368.81,370.02,367.04,368.45
1375772400,368,370.01,362.71,364.09
1375858800,364.16,364.16,361.14,362.52
1375945200,361.63,366.17,361.63,365.16
1376031600,365.06,367.65,363.81,366.03
1376290800,366.95,367.57,361.87,367.03
1376377200,367.07,370.72,367.07,369.55
1376463600,369.56,371.32,368.87,370.59
1376550000,369.93,370.64,364.73,367.78
1376636400,365.72,368.89,365.72,368.53
1376895600,368.75,368.76,365.68,367.39
1376982000,367.79,367.79,362.05,364.34
1377068400,364.74,364.82,362.99,363.66
1377154800,364.8,369.91,363.56,368.72
1377241200,368.72,370.58,367.18,369.69
1377500400,369.78,370.63,368.29,370.51
1377586800,370.51,370.51,361.82,361.85
1377673200,362.11,362.11,355.4,358.18
1377759600,358.2,360.03,357.07,359.86
1377846000,359.66,360.16,355.76,355.84
1378191600,362.26,363,357.75,359.33
1378278000,358.89,360.59,355.66,360.12
1378364400,360.84,362.87,358.89,361.96
1378450800,361.92,364.64,359.46,363.86
1378710000,363.3,365.35,362.59,363.93
1378796400,363.93,372.28,363.93,371.59
1378882800,371.94,374,371.57,373.75
1378969200,373.76,374.76,372.53,373.74
1379055600,373.69,374.45,371.87,374.21
1379314800,374.23,379.09,374.23,378.68
1379401200,378.64,378.68,377.28,377.88
1379487600,377.88,379.94,377.82,379.65
1379574000,379.87,385.6,379.87,382.01
1379660400,382,382.8,380.65,381.07
1379919600,380.27,382.15,377.99,379.3
1380006000,379.09,381.03,379.09,380.69
1380092400,380.65,381.34,378.32,380.7
1380178800,381.02,381.74,379.09,380.63
1380265200,380.24,381.8,378.36,380.48
1380524400,382.15,382.15,375.44,377.51
1380610800,377.75,381.73,377.75,381.65
1380697200,381.53,381.53,377.05,379.02
1380783600,378.64,380.07,377.22,377.57
1380870000,377.61,379.48,376.43,378.78
1381129200,378.33,378.33,373.9,377.39
1381215600,377.39,378.15,375.75,375.86
1381302000,377.18,377.34,372.96,374.05
1381388400,374.31,381.93,374.31,381.66
1381474800,381.9,383.47,381.9,383.23
1381734000,382.79,383.25,381.1,383.25
1381820400,383.67,387.22,383.61,386.66
1381906800,386.62,389.1,385.76,388.54
1381993200,388.59,388.59,384.95,386.94
1382079600,387.15,389.12,386.52,389.12
1382338800,389.11,389.68,387.42,389.27
1382425200,389.32,394.6,388.54,392.83
1382511600,392.84,392.84,390.53,391.5
1382598000,391.65,394.52,391.59,394.26
1382684400,394.07,395.7,392.75,394.62
1382947200,394.13,396.01,392.87,394.16
1383033600,394.43,396.19,393.52,396.04
1383120000,396.86,398.34,395.18,395.75
1383206400,397.83,397.83,394.32,396.93
1383292800,397.01,397.75,395.38,395.97
1383552000,396.14,397.94,396.14,397.35
1383638400,397.89,398.2,393.69,395.65
1383724800,395.64,398.19,395.64,397.09
1383811200,397.25,403.87,396.06,398.95
1383897600,398.67,398.97,394.78,398.78
1384156800,398.02,400.71,398.02,400.01
1384243200,400.01,400.68,398.39,398.43
1384329600,398.65,398.65,394.2,397.49
1384416000,395.97,401.82,395.97,401.69
1384502400,401.98,403.51,400.98,402.66
1384761600,401.78,406.5,401.35,405.28
1384848000,405.52,405.52,403.16,403.82
1384934400,403.52,405.74,402.45,404.21
1385020800,405.88,405.88,400.52,403.97
1385107200,403.27,405.43,402.78,404.99
1385366400,404.5,409.39,404.5,408.34
1385452800,407.33,409.05,407.33,407.89
1385539200,407.36,411.08,407.36,410.62
1385625600,410.36,412.6,410.36,412.16
1385712000,411.96,413.79,411.62,412.93
1385971200,413.21,413.83,412.05,412.8
1386057600,413.03,413.03,404.69,404.81
1386144000,405.36,406.11,398.14,401.22
1386230400,399.26,403.16,398.3,398.44
1386316800,398.64,403.34,398.48,402.33
1386576000,402.33,404.74,402.33,403.39
1386662400,402.5,404.65,398.86,399.82
1386748800,399.92,401.58,397.67,398.21
1386835200,397.88,398.21,394.04,395.5
1386921600,395.55,396.84,394.34,395.03
1387180800,394.35,403.02,394.22,401.96
1387267200,401.29,401.98,398.44,398.52
1387353600,397.32,403.14,397.32,402.66
1387440000,404.86,410.23,402.7,409.41
1387526400,410.63,412.99,409.42,412.37
1387785600,412.42,416.29,412.42,416.23
1388131200,416.33,420.81,416.33,420.76
1388390400,420.75,420.93,418.98,419.11
1388649600,421.66,422.23,412.12,412.37
1388736000,412.59,414.72,410.94,413.9
1388995200,413.9,415.3,412.27,413.47
1389081600,414.22,417.52,413.06,417.01
1389168000,416.66,417.41,415.36,416.58
1389254400,416.54,418.72,412.35,413.15
1389340800,412.31,417.75,412.31,415.16
1389600000,415.04,417.33,414.57,416.98
1389686400,416.68,418.21,411.33,418.18
1389772800,418.2,427.15,418.2,426.59
1389859200,426.74,427.12,425.07,425.78
1389945600,425.72,429.04,425.47,426.94
1390204800,427.28,427.28,423.9,425.77
1390291200,425.83,429.11,425.61,426.32
1390377600,426.31,427.85,423.9,425.88
1390464000,425.62,426.28,420.4,421.88
1390550400,421.65,423.28,410.49,411.32
1390809600,411.21,411.7,407.79,409.32
1390896000,409.6,412.82,409.27,411.93
1390982400,411.91,416.41,402.55,407.49
1391068800,408.08,410.78,404.58,409.05
1391155200,409.54,409.54,400.08,406.18
1391414400,406.31,408.4,400.21,400.77
1391500800,400.77,400.77,395.75,398.41
1391587200,398.42,399.56,396.32,397.83
1391673600,398.05,404.82,397.98,404.1
1391760000,404.47,407.13,401.99,406.1
1392019200,405.46,408.04,405.25,405.71
1392105600,405.22,414.21,405.22,414.14
1392192000,414.28,419.3,414.28,416.97
1392278400,415.89,419.61,414.27,419.41
1392364800,418.12,422.88,418.12,422.22
1392624000,422.39,423,421.4,421.9
1392710400,421.51,423.37,420.04,422.12
1392796800,421.88,423.64,419.21,422.11
1392883200,423.32,423.32,415.23,420.18
1392969600,420.14,422.42,419.26,422.05
1393228800,422.08,423.96,419.36,423.91
1393315200,423.16,424.3,420.83,423.77
1393401600,423.83,424.71,420.15,422.22
1393488000,421.76,422.71,415.07,419.03
1393574400,417.97,423.62,417.97,423.52
1393833600,423.49,423.52,408.94,408.97
1393920000,409.58,419.17,409.38,419.05
1394006400,419.31,419.6,416.81,417.14
1394092800,417.3,419.38,415.66,417.24
1394179200,416.31,417.39,408.67,408.89
1394438400,407.91,410.29,402.92,405.04
1394524800,405.9,409.82,404.76,406.89
1394611200,407.41,407.41,399.61,401.77
1394697600,402.03,403.43,394.19,394.25
1394784000,393.84,397.25,389.47,395.55
1395043200,396.75,401.86,394.84,401.17
1395129600,401.25,407,397.86,403.8
1395216000,403.81,407.2,402.82,405.15
1395302400,407.18,407.18,399.89,405.96
1395388800,406.38,409.48,405.6,408.01
1395648000,407.49,408.69,400.99,401.29
1395734400,399.8,409.31,399.8,407.87
1395820800,406.74,414.54,406.74,412.71
1395907200,413.08,413.67,410.44,412.84
1395993600,412.73,418.87,412.73,418.83
1396249200,418.88,420.91,416.93,417.5
1396335600,417.73,420.9,417.73,419.66
1396422000,419.16,421.53,419.16,420.49
1396508400,420.52,423.33,419.05,420.74
1396594800,421.19,424.88,420.7,423.66
1396854000,423.66,423.66,414.86,415.47
1396940400,415.41,416.42,410.34,414.64
1397026800,414.81,417.05,414.37,415.49
1397113200,414.94,417.55,411.51,412.1
1397199600,411.91,411.91,403.78,406.18
1397458800,405.9,407.24,401.8,407.2
1397545200,407.25,407.46,399.75,399.98
1397631600,400.12,406.39,400.12,406.27
1397718000,406.27,410.39,404.39,410.07
1398150000,410.15,418.37,410.15,418.31
1398236400,417.48,418.7,415.58,415.76
1398322800,415.84,420.07,409.96,415.98
1398409200,415.6,415.8,408.27,409.69
1398668400,409.77,413.78,409.77,411.57
1398754800,411.02,418.08,411.02,417.48
1398841200,417.71,417.98,415.59,417.35
1399014000,417.6,418.07,413.17,414.12
1399273200,413.68,414.25,406.45,411.7
1399359600,411.51,413.86,407.65,408.78
1399446000,409.13,412.5,406.29,410.98
1399532400,410.97,414.2,408.39,413.56
1399618800,414.66,414.66,411.31,412.35
1399878000,411.92,417.76,411.92,417.43
1399964400,417.6,420.93,417.6,419.71
1400050800,419.8,420.21,418.57,419.39
1400137200,419.47,421.78,414.15,415.18
1400223600,415.28,415.28,410.26,412.51
1400482800,412.53,414.4,408.4,413.7
1400569200,413.73,414.74,411.91,412.89
1400655600,412.21,415.65,410.2,415.13
1400742000,414.84,416.17,414.21,415.59
1400828400,415.85,417.7,414.44,417.2
1401087600,417.33,422.6,417.33,422.52
1401174000,422.48,424.99,421.92,424.51
1401260400,424.53,424.77,422.13,423.91
1401346800,423.99,424.62,422.99,423.88
1401433200,423.88,425.21,423.3,424.08
1401692400,424.02,426.07,422.57,424.31
1401778800,424.42,424.57,421.58,423.03
1401865200,423.45,423.45,420.74,423.23
1401951600,423.71,427.07,422,424.24
1402038000,424.28,426.61,424.06,426.06
1402297200,425.25,427.01,425.25,426.94
1402383600,426.82,427.99,426.07,427.76
1402470000,427.94,427.94,423.5,424.72
1402556400,424.37,425.67,423.44,424.29
1402642800,423.74,424.48,419.65,423.24
1402902000,423.2,423.8,421.54,422.03
1402988400,422.28,426.2,421.15,423.6
1403074800,423.6,425.4,423.6,424.05
1403161200,424.11,428.08,424.11,427.26
1403247600,427.6,429.21,426.41,426.51
1403506800,425.46,426.77,422.24,423.69
1403593200,423.11,424.84,422.8,424.36
1403679600,423.69,424.19,420.06,421.32
1403766000,421.24,422.64,416.57,418.54
1403852400,417.17,420.06,417.17,419.02
1404111600,419,422.18,418.33,419.71
1404198000,420.01,422.8,419.76,422.74
1404284400,422.76,424.25,422.31,423.21
1404370800,423.13,428.27,423.06,428.16
1404457200,428.42,428.42,427.25,427.34
1404716400,427.66,427.66,422.85,422.92
1404802800,422.95,423.51,417.15,417.21
1404889200,417.09,419.17,416.28,418.74
1404975600,418.94,418.95,410.58,412.47
1405062000,412.61,414.57,410.98,412.82
1405321200,412.89,418.34,412.89,417.86
1405407600,417.56,418.25,415.05,415.32
1405494000,415.58,421.81,415.43,421.28
1405580400,421.51,421.51,416.28,416.79
1405666800,416.66,416.78,412.88,415.43
1405926000,415.43,415.43,410.2,410.81
1406012400,410.79,416.04,410.79,415.97
1406098800,415.93,418.81,414.84,416.73
1406185200,417.12,419.27,413.61,418.55
1406271600,418.5,418.5,411.24,412.13
1406530800,412,412.96,407.05,409.99
1406617200,409.89,414,408.95,412.38
1406703600,412.42,414.25,408.82,409.73
1406790000,409.38,410.09,401.53,401.88
1406876400,401.74,401.74,392.55,393.49
1407135600,393.78,394.93,390.17,391.13
1407222000,391.03,394.5,391.03,392.52
1407308400,392.27,392.27,385.68,389.93
1407394800,389.3,391.57,385.61,386.12
1407481200,384.86,387.01,380.34,384.91
1407740400,385.53,392.86,385.09,392.1
1407826800,392.82,392.82,386.65,387.41
1407913200,387.08,393.54,387.08,392.92
1407999600,392.84,395.61,390.66,393.97
1408086000,394.33,398.13,387.28,388.31
1408345200,388.25,395.58,388.25,394.8
1408431600,395.26,399.23,394.93,398.61
1408518000,398.94,398.94,394.94,397.8
1408604400,398.53,401.68,396.3,401.53
1408690800,401.32,402.14,397.01,398.93
1408950000,399.97,406.31,399.63,406.25
1409036400,405.9,409.81,403.59,409.61
1409122800,409.71,410.2,407.86,408.85
1409209200,408.73,408.73,402.32,404.25
1409295600,404.63,406.59,400.24,404.52
1409554800,405.73,405.88,402.56,404.84
1409641200,405.15,409.03,405.14,406.05
1409727600,405.69,413.41,405.69,411.12
1409814000,411.01,415.58,407.51,415.28
1409900400,415.12,417.35,413.91,416.25
1410159600,416.94,417.41,415.14,416.69
1410246000,418.58,418.58,414.03,414.71
1410332400,414.42,415.24,411.5,414.32
1410418800,414.62,415.83,411.37,413.95
1410505200,414.46,414.68,410.83,412.27
1410764400,411.79,413.65,410.12,412.62
1410850800,412.57,412.57,409.55,411.46
1410937200,411.56,414.06,411.56,412.7
1411023600,412.57,418.65,412.12,418.62
1411110000,418.81,422.55,418.66,418.7
1411369200,418.37,419.22,416.06,416.62
1411455600,416.75,416.75,409.67,409.93
1411542000,410.3,413.08,407.31,412.73
1411628400,414.7,415.03,405.06,406.19
1411714800,406.25,407.69,403.87,405.39
1411974000,405.58,406.12,400.23,402.49
1412060400,402.37,405.58,401.7,404.68
1412146800,405.08,406.65,399.93,400.79
1412233200,400.82,402.15,392.76,392.85
1412578800,396.73,399.07,392.55,393.44
1412665200,393.35,393.35,388,388.24
1412751600,388.03,388.14,382.86,384.34
1412838000,384.34,390.56,383.9,384.83
1412924400,384.68,384.68,375.52,375.55
1413183600,374.51,379.12,371.81,376.6
1413270000,375.84,378.36,371.92,377.13
1413356400,377.15,377.98,365.48,366.2
1413442800,365.16,370.08,357.26,366.63
1413529200,366.36,378.23,366.36,378.17
1413788400,378.17,378.17,370.91,372.4
1413874800,372.39,379.75,369.49,379.63
1413961200,379.67,382.59,378.52,381.92
1414047600,381.96,387.39,376.9,386.5
1414134000,386.43,386.43,382.58,383.96
1414396800,383.26,387.98,377.51,380.28
1414483200,380.54,387.75,380.54,387.35
1414569600,387.59,391.12,387.41,387.96
1414656000,388.07,390.77,380.39,389.54
1414742400,389.57,399.16,389.57,398.63
1415001600,398.64,399.29,394.74,395.41
1415088000,395.39,398.29,390.97,391.74
1415174400,393.45,398.67,392.03,398.09
1415260800,398.01,404.44,395.79,400.56
1415347200,402.19,402.19,394.61,396.88
1415606400,394.97,399.48,394.07,399.38
1415692800,399.41,401.41,398.21,400.06
1415779200,399.97,399.97,392.28,393.24
1415865600,394,397.5,391.34,394.8
1415952000,395.55,396.39,391.97,394.89
1416211200,393.24,398.13,391.05,397.17
1416297600,396.1,403.81,396.1,403.63
1416384000,403.45,406.4,402.93,404.33
1416470400,404.32,404.89,400.37,404.72
1416556800,404.58,415.69,404.58,415.46
1416816000,415.93,419.79,414.56,417.76
1416902400,418.25,423.66,417.79,421.07
1416988800,421.07,424.55,421.07,423.45
1417075200,423.45,426.76,423.45,425.95
1417161600,427.41,427.41,422.74,426.16
1417420800,427.69,427.69,422.83,425.43
1417507200,426.2,428.6,423.12,424.18
1417593600,424.27,426.84,424.17,425.82
1417680000,426.36,429.54,419.98,420.66
1417766400,422.49,431.04,421.04,430.76
1418025600,431.74,431.74,427.47,427.64
1418112000,427.58,427.58,417.93,418.16
1418198400,419.36,423.04,417.39,418.37
1418284800,416.07,423.02,416.07,421.07
1418371200,420.55,420.55,409.23,409.63
1418630400,409.86,413.15,398.27,398.46
1418716800,398.4,408.45,393.68,408.19
1418803200,409.71,409.71,402.63,407.41
1418889600,407.68,418.87,407.66,418.87
1418976000,419.08,422.61,413.71,417.93
1419235200,418.05,423.74,418.05,421.28
1419321600,422.37,423.79,420.53,423.72
1419840000,423.63,423.9,417.75,423.9
1419926400,424.48,424.48,418.5,418.67
1420185600,422.43,422.43,413.61,416.85
1420444800,419.45,419.45,404.09,404.34
1420531200,404.32,410.8,400.46,404.22
1420617600,404.41,409.49,403.81,406.24
1420704000,406.55,420.62,406.55,419.89
1420790400,419.84,420.78,409.75,411.8
1421049600,412.09,418.88,410.67,417.39
1421136000,416.23,425.82,416.23,424.18
1421222400,423.52,425.12,416.8,418.79
1421308800,419.1,429.3,410.9,427.88
1421395200,426.25,435.43,424,433.71
1421654400,431.41,439.14,431.41,436.91
1421740800,437.49,439.32,435.4,437.47
1421827200,437.83,439.73,432.86,439.29
1421913600,439.27,446.01,436.46,445.24
1422000000,447.96,456.75,445.49,454.42
1422259200,453.84,461.11,451.76,460.72
1422345600,460.96,461.39,451.82,453.49
1422432000,455.71,456.47,448.98,455.73
1422518400,455.22,457.12,451.32,456.87
1422604800,456.95,459.74,452.76,454.98
1422864000,455.13,460.83,454.41,460.78
1422950400,461.25,467.53,461.2,463.66
1423036800,463,464.68,459.99,464.64
1423123200,466.24,466.24,460.82,464.44
1423209600,463.73,464.09,460.09,462
1423468800,461.78,461.78,452.11,454.21
1423555200,454.3,459.97,451.32,458.04
1423641600,458.16,459.6,455.52,457.99
1423728000,457.12,466.83,457.12,465.26
1423814400,462.96,469.12,462.96,467.16
1424073600,466.07,467.09,464.74,465.45
1424160000,467.6,467.6,458.59,464.18
1424246400,464.27,467.88,464.26,467.06
1424332800,465.07,469.78,463.34,468.85
1424419200,468.87,472.23,466.6,471.05
1424678400,471.19,475.61,471.19,474.49
1424764800,474.44,478.64,472.77,477.66
1424851200,477.62,478.47,476.21,477.8
1424937600,477.87,482.94,476.81,482.78
1425024000,482.71,486.03,481.56,485.89
1425283200,485.88,488.25,484.37,486.42
1425369600,486.01,488.78,480.53,480.75
1425456000,481.07,485.5,477.02,485.41
1425542400,486.11,491.54,485.68,490.29
1425628800,490.56,494.41,489.93,492.32
1425888000,491.75,493.84,488.55,493.67
1425974400,495.63,495.63,485.98,490.19
1426060800,490.42,504.01,490.42,503.3
1426147200,503.3,504.32,501.1,503.02
1426233600,503.23,507.47,500.71,507.42
1426492800,507.71,520.95,507.71,518.73
1426579200,518.71,519.93,508.64,510.75
1426665600,510.34,512.35,503.32,508.14
1426752000,504.94,511.46,502.45,507.25
1426838400,504.99,515.23,504.99,513.25
1427097600,513.18,513.18,505.55,507.07
1427184000,505.84,512.93,502.72,511.83
1427270400,511.63,512.64,505.66,505.97
1427356800,504.75,505.55,495.33,505.13
1427443200,510.25,510.25,503.24,506.21
1427698800,507.26,515.81,506.07,515.59
1427785200,515.53,517,509.48,510.5
1427871600,509.46,516.76,506.81,511.94
1427958000,509.52,511.9,508.34,509.23
1428390000,507.34,516.99,507.34,515.92
1428476400,516.61,516.61,511.46,512.24
1428562800,512.93,517.91,512.45,517.81
1428649200,518.05,527.35,518.05,526.63
1428908400,526.48,527.14,524.55,525.05
1428994800,524.81,524.99,518.36,520.2
1429081200,522.57,524.52,519.56,520.35
1429167600,517.57,520.62,509.55,510.38
1429254000,507.98,511.37,496.65,497.24
1429513200,496.38,506.2,496.38,505.67
1429599600,506.35,513.57,506.35,507.56
1429686000,507.54,511.86,501.07,504.52
1429772400,504.51,507.61,496.37,498.42
1429858800,498.43,504.31,497.02,501.22
1430118000,501.25,511.39,497.82,510.95
1430204400,510.95,511.23,498.38,501.27
1430290800,501.26,504.34,484.13,485.16
1430377200,485.17,491.11,480.77,486.11
1430722800,487.04,492.9,482.71,491.41
1430809200,491.34,496.9,478.91,479.1
1430895600,476.14,484.28,474.96,479.57
1430982000,480.14,481.61,470.25,480.35
1431068400,483.2,492.39,479.91,492.17
1431327600,492.18,492.35,488.58,490.71
1431414000,489.2,490.76,478.24,482.18
1431500400,482.18,487,474.66,476.75
1431586800,476.76,485.5,470.33,484.57
1431673200,483.09,487.67,477.18,479.82
1431932400,479.87,486.16,477.16,486.07
1432018800,486.29,497.89,486.29,497.05
1432105200,499.09,499.09,493.86,496.81
1432191600,496.8,497.01,492.38,496.86
1432278000,496.87,496.87,492.48,493.44
1432623600,499.54,499.54,483.77,485.5
1432710000,484.54,492.34,484.06,491.56
1432796400,488.93,491.65,483.37,486.37
1432882800,485.86,487.47,474.9,475.41
1433142000,476.52,479.5,472.5,476.34
1433228400,473.8,477.63,469.43,471.92
1433314800,470.25,479.58,470.25,475.71
1433401200,475.59,476.9,466.06,472.41
1433487600,472.27,472.27,464.68,466.48
1433746800,465.54,467.69,460.64,460.97
1433833200,460.96,461.2,452.58,458.3
1433919600,458.3,470.76,455.72,469.41
1434006000,469.55,477.23,468.18,472.21
1434092400,472.09,473.36,461.2,466.48
1434351600,466.38,466.38,456.29,457.63
1434438000,457.44,461.39,449.89,460.12
1434524400,459.07,463.03,456.14,457.4
1434610800,452.82,462.86,450.22,462.45
1434697200,464.86,468.55,458.57,460.08
1434956400,457.42,478.13,457.42,477.62
1435042800,483.24,484.92,477.34,481.06
1435129200,480.48,483.02,473.89,478.06
1435215600,477.74,483.28,473.6,478.15
1435302000,477.56,481.72,472.95,478.86
1435561200,478.86,478.9,456.92,461.78
1435647600,461.63,464.04,454.11,455.95
1435734000,456.65,470.18,456.32,465.86
1435820400,467.04,467.94,461.66,462.52
1435906800,462.91,463.52,458.59,460.76
1436166000,462.74,462.74,450.83,453.73
1436252400,453.75,456.06,444.3,444.85
1436338800,441.63,449.98,441.63,447.63
1436425200,446.34,459.6,446.34,458.05
1436511600,455.96,472.29,455.96,471.25
1436770800,470.66,479.36,470.66,478.32
1436857200,478.19,479.65,475.22,479.56
1436943600,479.52,481.53,477.85,480.44
1437030000,481.47,490.88,480.88,487.88
1437116400,488.66,489.45,485.01,486.08
1437375600,486.55,491.42,485.76,488.59
1437462000,488.71,490.16,482.26,483.15
1437548400,482.16,483.12,478.09,479.55
1437634800,477.94,483.52,476.85,479.24
1437721200,478.69,480.48,471.76,472.3
1437980400,469.58,472.07,459.93,460.13
1438066800,460.35,467.92,460.35,465.07
1438153200,465.25,468.38,462.96,466.55
1438239600,469.27,470.79,463.68,468.55
1438326000,468.51,470.69,465.09,470.65
1438585200,470.51,476.8,468.1,476.12
1438671600,476.2,477.57,473.57,476.73
1438758000,476.84,485.05,476.84,484.22
1438844400,482.33,485.64,481.59,482.05
1438930800,481.88,482.16,477.83,478.13
1439190000,478.47,483.41,475.68,482.87
1439276400,482.8,482.84,469.24,469.82
1439362800,469.53,469.53,453.16,454.49
1439449200,454.55,464.05,454.55,458.24
1439535600,458.25,461.58,454.03,457.11
1439794800,457.45,462.46,450.48,455.24
1439881200,455.06,456.7,452.82,454.2
1439967600,452.95,453.9,444.37,444.49
1440054000,444.22,444.22,432.79,434.05
1440140400,434.14,434.28,421.26,421.33
1440399600,415.75,421.41,388.72,401.46
1440486000,401.72,423.84,401.46,421.44
1440572400,418.29,422.7,409.93,415.95
1440658800,415.95,431.99,415.88,429.15
1440745200,427.34,430.06,423.52,428.43
1441004400,428.3,428.3,421.49,426.78
1441090800,426.27,426.27,413.05,416.58
1441177200,415.78,420.96,414.41,417.87
1441263600,418.34,431.8,418.34,429.16
1441350000,427.83,428.26,415.68,417.4
1441609200,416.52,423.55,416.52,420.32
1441695600,420.48,431.28,420.48,427.07
1441782000,427.74,437.15,427.7,428.42
1441868400,426.83,429.36,422.37,424.53
1441954800,424.66,425.89,419.06,420.89
1442214000,418.04,425.14,418.04,421.2
1442300400,421.31,425.99,418.68,423.57
1442386800,423.81,429.71,422.98,425.19
1442473200,424.95,427.13,424.47,425.28
1442559600,422.28,425.35,409.82,412.15
1442818800,414.84,414.89,405.84,412.74
1442905200,412.95,413.79,395.9,396.4
1442991600,396.37,402.29,392.98,398.08
1443078000,395.95,402.2,387.58,390.33
1443164400,390.95,403.47,390.95,400.95
1443423600,401.11,401.11,391.87,392.15
1443510000,390.04,394.52,385.55,390.92
1443596400,390.87,402.5,390.87,399.5
1443682800,400.4,404.97,391.77,393.38
1443769200,393.81,399.89,388.46,394.95
1444028400,396.34,407.48,395.52,405.78
1444114800,405.84,411.78,402.2,409.58
1444201200,409.91,418,409.81,412.89
1444287600,411.98,415.36,410.45,413.81
1444374000,414.58,420.2,414.58,418.39
1444633200,417.97,422.16,416.7,419.23
1444719600,419.07,419.1,411.46,415.48
1444806000,414.44,415.9,409.68,410.78
1444892400,410.99,418.04,410.99,417.02
1444978800,417.07,421.26,416.76,418.69
1445238000,418.82,422.87,417.9,421.15
1445324400,420.41,422.45,417.6,420.52
1445410800,420.28,425.97,418.85,424.38
1445497200,424.84,435.52,422.64,434.83
1445583600,436.64,449.72,436.51,447.41
1445846400,447.06,450.23,445.77,447.59
1445932800,447.29,447.83,442.71,442.79
1446019200,443.31,449.35,442.77,448.6
1446105600,454.37,454.37,444.9,447.41
1446192000,446.34,449.68,445.19,449.56
1446451200,449.66,455.12,445.27,453.97
1446537600,454.44,454.79,451.07,453.96
1446624000,454.28,455.6,448.32,449.12
1446710400,450.21,454.03,446.43,450.96
1446796800,450.48,457.95,449.06,455.26
1447056000,454.31,456.25,447.98,448.3
1447142400,447.72,450.4,444.73,448.94
1447228800,446.46,455.73,446.46,451.98
1447315200,451.87,454.13,444.88,446.87
1447401600,445.85,448.26,439.68,443.91
1447660800,443.1,446.17,439.22,443.97
1447747200,444.04,454.76,444.04,454.67
1447833600,454.64,455.46,450.85,454.27
1447920000,454.33,462.27,454.29,459.45
1448006400,459.45,462.78,457.94,460.91
1448265600,462.86,462.86,457.95,459.81
1448352000,458.88,459.94,450.89,453.57
1448438400,451.85,464.15,451.85,463.26
1448524800,463,471.53,462.57,469.67
1448611200,469.5,471.07,466.67,468.51
1448870400,469.06,474.4,466.83,472.61
1448956800,471.56,474.98,466.32,467.28
1449043200,466.51,469.99,463.98,464.25
1449129600,463.64,469.76,447.36,447.78
1449216000,446.89,449,441.42,446.29
1449475200,447.55,456.21,446.35,451.59
1449561600,450.95,451.95,440.2,442.68
1449648000,440.85,445.16,437.83,439.66
1449734400,438.25,442.71,435.9,439.92
1449820800,439.27,439.85,427.08,429.1
1450080000,430.55,433.59,420.04,420.71
1450166400,419.74,434.93,419.74,433.35
1450252800,432.68,438.51,432.22,434.18
1450339200,437.76,449.41,434.17,445.39
1450425600,444.04,445.32,437.43,440.08
1450684800,439.01,447.89,435.31,435.43
1450771200,435.96,440.66,431.39,435.17
1450857600,436.39,445.91,435.83,445.2
1451289600,441.68,446.42,440.98,442.05
1451376000,441.95,450.63,441.95,450.54
1451462400,449.31,450.64,445.42,445.62
1451894400,445.68,445.72,425.06,426.45
1451980800,426.48,430.48,421.75,427.43
1452067200,427.03,427.03,418.32,423.39
1452153600,422.09,423.47,406.41,413.56
1452240000,411.51,419.36,408.05,408.17
1452499200,407.91,413.57,406.4,407.2
1452585600,407.25,418.39,406.15,413.84
1452672000,414.22,421.37,411.51,412.83
1452758400,412.4,412.47,398.37,406.03
1452844800,405.82,407.68,391.95,395.56
1453104000,395.41,400.25,391.86,394.54
1453190400,394.81,404.28,394.57,400.45
1453276800,398.9,400.49,385.95,389.16
1453363200,388.81,400.2,387.28,396.72
1453449600,396.71,407.57,396.71,404.45
1453708800,404.81,406.33,400.85,403.12
1453795200,401.84,408.93,396.07,407.03
1453881600,406.12,408.15,401.61,408.03
1453968000,407.81,409.14,396.08,397.98
1454054400,399.53,404.56,398.16,404.25
1454313600,403.33,405.37,397.48,402.48
1454400000,402.13,402.45,392.95,394.83
1454486400,394.63,394.81,385.15,388.79
1454572800,387.69,393.16,381.88,387.21
1454659200,386.31,390.55,381.62,383.1
1454918400,383.17,385.22,368.68,370.44
1455004800,369.3,373.21,361.74,366.13
1455091200,366.14,376.27,365.98,371.62
1455177600,368.74,371.51,358.26,360.69
1455264000,362.39,369.73,360.77,369.67
1455523200,370.75,381.38,369.6,379.6
1455609600,379.28,382.2,374.26,376.6
1455696000,375.78,387.63,375.78,386.88
1455782400,387.07,394.22,385.69,390.46
1455868800,389.7,391.18,384.11,386.96
1456128000,387.64,395.05,387.28,394.72
1456214400,394.45,394.45,387.54,388.06
1456300800,388.98,388.98,375.87,377.69
1456387200,377.65,386.84,377.65,384.35
1456473600,383.45,394.75,383.45,392.13
1456732800,391,392.01,384.67,391.35
1456819200,390.94,400.69,390.36,400.58
1456905600,400.53,405.64,399.88,403.27
1456992000,401.79,404.54,400.55,402.35
1457078400,401.69,408.41,401.69,405.39
1457337600,406.79,406.79,399.65,403.48
1457424000,403.14,403.73,396.84,399.74
1457510400,402.23,405.76,399.04,400.96
1457596800,402.47,412.32,391.28,391.45
1457683200,391.47,405.32,391.47,405.2
1457942400,405.89,413.99,405.73,411.79
1458028800,411.21,411.21,407.47,409.29
1458115200,410.25,412.98,408.61,411.3
1458201600,404.56,414.52,401.75,407.42
1458288000,407.18,410.64,404.52,410.21
1458547200,411.69,416.22,406.64,410.27
1458633600,410.94,412.14,402.63,412.06
1458720000,413.37,417.04,410.87,413.3
1458806400,413.13,413.13,406.01,406.26
1459234800,405.16,410.14,404.46,407.76
1459321200,403.45,416.58,403.45,414.52
1459407600,415.62,415.62,410.28,411.03
1459494000,410.29,410.29,398.95,403.84
1459753200,403.84,408.48,401.29,404.99
1459839600,404.9,404.9,393.93,394.41
1459926000,394.91,397.38,391.99,396.91
1460012400,394.39,398.54,389.57,391.47
1460098800,392.16,397.58,391.62,395.28
1460358000,395.02,400.59,391.21,397.69
1460444400,397.76,401.02,394.89,400.65
1460530800,401.45,411.72,401.4,411.65
1460617200,412.32,414.66,411.21,414.48
1460703600,414.63,414.63,411.32,412.66
1460962800,412.93,416.69,407.11,415.58
1461049200,415.19,425.74,415.19,424.96
1461135600,425.47,429.05,423.19,428.27
1461222000,429.62,430.55,425.05,428.92
1461308400,428.9,428.97,424.3,426.49
1461567600,426.51,427.48,420.69,423.21
1461654000,423.49,426.96,419.92,421.83
1461740400,421.21,424.71,420.34,423.71
1461826800,422.55,424.25,415.95,423.9
1461913200,421.19,423.22,412.21,412.36
1462172400,412.12,414.46,410.83,413.11
1462258800,413.05,413.05,404.87,405.15
1462345200,405.94,406.21,400.32,401.01
1462431600,401.13,403.12,398.33,400.27
1462518000,399.65,403.09,395.5,401.11
1462777200,401.58,409.24,401.55,405.59
1462863600,405.91,410.85,405.91,408.46
1462950000,408.39,408.86,404.58,405.74
1463036400,406.6,409.61,399.92,400.89
1463122800,403.26,404.02,395.59,402.95
1463468400,401.83,408.11,398.57,400.35
1463554800,399.67,402.57,397.27,402.43
1463641200,404.45,404.45,395.21,396.29
1463727600,395.72,401.52,395.72,401.16
1463986800,400.45,403.4,396.94,398.12
1464073200,397.96,407.67,395.35,406.78
1464159600,407.34,413.88,407.3,412.77
1464246000,411.79,415.29,411.66,414.76
1464332400,414.62,415.71,413.47,415.27
1464591600,415.66,417.33,415.24,417.14
1464678000,417.37,418.43,413.45,414.27
1464764400,414.62,415.07,409.99,411.87
1464850800,411.12,413.44,409.98,412.13
1464937200,412.39,415.08,405.2,407.71
1465196400,407.44,409.68,407.42,408.56
1465282800,409.01,416.38,409.01,415.4
1465369200,414.83,415.27,410.91,412.49
1465455600,412.32,412.43,405.27,406.87
1465542000,407.79,407.79,395.99,396.73
1465801200,397.94,397.94,389.46,389.53
1465887600,390.87,390.87,383.59,384
1465974000,383.42,389.96,383.42,387.55
1466060400,385.73,387.55,380.5,385.21
1466146800,382.1,391.61,382.1,388.54
1466406000,385.44,403.28,385.44,401.93
1466492400,401.79,405.39,400.58,403.9
1466578800,403.83,409.35,403.83,406.09
1466665200,403.98,416.94,403.98,413.67
1466751600,425.54,425.54,372.47,385.71
1467010800,388.28,388.28,371.81,374.01
1467097200,370.77,385.41,370.77,381.04
1467183600,380.37,388.73,380.37,387.5
1467270000,387.36,390.74,383.47,390.06
1467356400,390.78,395.24,389.04,393.99
1467615600,394.42,395.36,390.71,391.13
1467702000,391.43,391.43,382.82,383.84
1467788400,385.37,385.37,374.78,377.58
1467874800,377.36,383.07,377.36,379.32
1467961200,378.99,389.05,378.19,387.82
1468220400,387.93,396.47,387.93,396.08
1468306800,394.58,403.46,394.58,401.44
1468393200,401.43,403.06,399.63,400.07
1468479600,399.98,407.4,399.98,405.65
1468566000,404.86,406.91,402.4,405.67
1468825200,406.13,409.46,403.43,405.56
1468911600,405.51,405.52,399.79,402.24
1468998000,402.22,409.08,402.18,408.87
1469084400,407.81,411.21,406.94,409.55
1469170800,408.58,410.61,406.23,409.2
1469430000,409.55,413.98,408.29,411.32
1469516400,410.05,414.43,409.34,413.32
1469602800,413.11,417.64,413.11,416.26
1469689200,412.53,418.68,412.53,414.22
1469775600,414.3,417.48,414.27,416.86
1470034800,417.63,421.67,414.32,416.42
1470121200,416.03,417.06,408.2,408.86
1470207600,409.7,410.73,406.65,409.9
1470294000,411.48,414.61,410.32,412.46
1470380400,412.33,418.46,411.95,418.13
1470639600,417.66,422.7,417.66,420.75
1470726000,420.73,431.42,420.07,431.07
1470812400,429.95,431.63,428.77,429.45
1470898800,429.29,433.4,428.86,433.29
1470985200,434.71,434.71,430.76,431.88
1471244400,432.27,435.31,431.67,432.89
1471330800,431.17,432.67,428.55,430.25
1471417200,430.17,431.51,423.78,424.71
1471503600,423.26,428.2,423.26,427.14
1471590000,426.5,427.67,422.51,424.72
1471849200,426.24,429.26,420.8,422.73
1471935600,422.6,428.18,422.6,426.79
1472022000,427.83,429.34,423.63,427.89
1472108400,427.24,428.07,421.69,424.23
1472194800,424.19,427.74,422.49,426.68
1472454000,429.82,429.82,420.81,424.83
1472540400,424.57,430.84,424.57,429.51
1472626800,430,430,426.65,426.73
1472713200,426.33,430.35,422.95,424.6
1472799600,424.83,431.05,423.82,430.61
1473058800,430.09,432.8,429.93,430.08
1473145200,429.79,432.96,429.47,430.6
1473231600,430.22,434.43,429.48,433.39
1473318000,433.28,434.54,426,430.16
1473404400,429.96,430.04,424.73,426.05
1473663600,424.63,425.81,415.05,420.45
1473750000,420.75,423.38,418.4,418.66
1473836400,418.96,421.19,417.93,418.27
1473922800,418.79,421.12,416.63,420.47
1474009200,420.85,420.85,413.79,414.19
1474268400,414.19,418.53,414.19,418.15
1474354800,417.44,421.93,417.44,419.03
1474441200,420.1,424.81,419.26,420.76
1474527600,417.5,431.56,417.5,430.25
1474614000,431.52,431.52,427.62,428.3
1474873200,428.09,428.09,418.63,418.98
1474959600,419.86,421.41,413.75,417.55
1475046000,417.44,423.98,417.44,420.82
1475132400,419.69,426.38,418.22,419.63
1475218800,420.36,424.54,411.04,423.72
1475564400,426.14,429.45,422.51,428.31
1475650800,426.1,428.5,422.98,427.05
1475737200,427.24,429.32,425.09,426.33
1475823600,428.42,428.42,422.09,423.14
1476082800,423.04,429.24,421.81,428.53
1476169200,430,431.29,426.13,426.57
1476255600,426.9,427.55,423.48,424.31
1476342000,424.26,424.26,417.29,419.91
1476428400,420.35,428.03,420,426.63
1476687600,427.07,427.07,423,423.54
1476774000,422.62,429.79,422.62,428.65
1476860400,428.63,430.34,426.91,429.23
1476946800,429.29,433.22,426.93,431.38
1477033200,432.09,432.8,430.09,431.69
1477292400,431.06,436.08,431.06,433.69
1477378800,433.95,436.43,432.73,433.52
1477465200,431.64,433.44,428.45,431.53
1477551600,432.19,434.1,429.44,431.97
1477638000,432.19,432.19,426.89,431.13
1477900800,429.91,430.9,428.63,429.89
1477987200,428.95,432.52,423.56,424.38
1478073600,423.21,424.13,417.9,418.09
1478160000,418.01,419.1,415.73,415.83
1478246400,415.7,415.78,411.15,413.13
1478505600,415.52,421.05,413.04,420.97
1478592000,420.15,422.06,419.2,421.97
1478678400,419.26,428.35,409.55,428.23
1478764800,428.98,434.07,425.16,427.38
1478851200,426.32,430.83,425.79,428.94
1479110400,431.61,434.42,428.97,429.92
1479196800,427.97,432.09,427.97,431.55
1479283200,432.46,433.45,426.64,428.84
1479369600,427.06,429.87,426.57,429.75
1479456000,432.59,432.59,428.24,428.91
1479715200,426.63,431.43,426.15,429.75
1479801600,429.93,433.14,429.79,431
1479888000,429.66,432.22,426.56,429.02
1479974400,428.77,431.25,428.68,430.22
1480060800,429.23,431.04,428.69,430.67
1480320000,428.62,430.61,424.92,426.08
1480406400,425.29,427.64,424.39,427.55
1480492800,427.37,430.51,426.32,428.36
1480579200,428.08,428.28,422.86,424.13
1480665600,421.73,424.64,418.82,423.28
1480924800,425.54,431.87,422.39,430.15
1481011200,428.63,434.21,428.63,433.76
1481097600,434.51,442.48,434.04,442.26
1481184000,442.4,450.63,442.05,450.06
1481270400,449.57,452.17,448.54,451
1481529600,449.77,451.39,448.53,450.41
1481616000,448.95,455,448.95,454.28
1481702400,453.9,454.2,452.22,452.72
1481788800,459.8,459.8,452.76,457.68
1481875200,456.15,461.08,456.15,459.16
1482134400,456.72,460.22,456.72,460.09
1482220800,459.9,461.89,459.34,461.6
1482307200,460.27,462.32,460.27,461.95
1482393600,461.73,462.36,460.34,461.54
1482480000,461.54,462.43,459.73,461.24
1482825600,461.92,462.54,461.25,462.14
1482912000,461.79,462.45,461.66,462.36
1482998400,459.79,461.99,459.4,461.26
1483084800,460.4,462.73,459.46,462.51
1483344000,463.8,467.92,459.72,467.15
1483430400,471.06,471.06,465.69,466.75
1483516800,465.23,468.02,464.43,466.69
1483603200,462.96,467.37,462.96,466.75
1483689600,467.61,467.61,464.86,467.24
1483948800,468.95,468.95,464.4,466.3
1484035200,464.52,468.04,464.52,466.96
1484121600,468.42,471.58,464.79,469.81
1484208000,462.67,469.76,462.67,464.65
1484294400,465.59,469.55,464.77,469.13
1484553600,469.62,469.62,465.38,466.02
1484640000,465.69,466.91,460.5,465.29
1484726400,465.93,467.93,465.02,467.8
1484812800,470.02,470.02,466.87,467.58
1484899200,464.89,469.06,464.89,468.84
1485158400,465.89,468.71,464.08,465.62
1485244800,465.99,467.89,465.33,467.76
1485331200,469.55,477.07,468.44,476.18
1485417600,476.71,479.58,476.64,477.75
1485504000,477.46,477.8,475.48,476.13
1485763200,476.34,476.34,469.75,470.72
1485849600,470.32,472.88,464.65,464.79
1485936000,465.86,472.25,465,469.61
1486022400,469.53,469.53,465.99,467.08
1486108800,469.23,469.64,466.91,468.06
1486368000,469.67,469.67,462.12,462.26
1486454400,464.85,466.08,461.06,463.75
1486540800,464.94,465.42,460.77,463.44
1486627200,464.66,467.95,463.54,467.32
1486713600,468.35,470.06,467.45,468.45
1486972800,467.55,474.41,467.55,472.8
1487059200,472.78,473.44,471.98,472.8
1487145600,472.4,475.87,470.82,473.62
1487232000,471.85,474.36,470.75,472
1487318400,472.71,472.71,469.23,471.78
1487577600,472.38,475.17,471.99,474.56
1487664000,476.54,480.98,473.41,480.18
1487750400,481.48,482.68,479.92,481.26
1487836800,480.73,482.1,478.27,479.19
1487923200,478.98,479.16,470.07,473.35
1488182400,472.82,475.74,472.82,474.12
1488268800,474.95,475.37,472.48,474.57
1488355200,478.39,484.22,474.77,483.91
1488441600,484.69,484.69,482.96,483.73
1488528000,484.03,484.03,481.14,482.49
1488787200,480.78,482.34,478.22,479.64
1488873600,479.68,480.98,478.78,479.99
1488960000,480.92,482.17,477.91,480.05
1489046400,479.93,482.22,478.07,480.35
1489132800,479.81,484.02,478.78,479.83
1489392000,478.01,481.57,478.01,481.07
1489478400,482.43,482.43,478.54,480.89
1489564800,481.2,482.46,480.37,481.62
1489651200,477.37,487.39,477.37,484.43
1489737600,483.6,485.59,481.65,484.8
1489996800,483.51,484.74,482.27,483.09
1490083200,481.81,485.54,478.66,479.67
1490169600,480.07,480.07,475.19,477.36
1490256000,477.69,482.61,476.95,482.43
1490342400,483.02,484.12,481.21,483.35
1490598000,480.83,483.11,477.39,480.69
1490684400,482.05,487.24,480.86,486.82
1490770800,490.13,490.26,486.92,489.1
1490857200,488.56,489.56,487.15,489.5
1490943600,491.92,491.92,488.52,491.77
1491202800,492.9,494.21,489.42,489.52
1491289200,489.58,490.72,488.02,490.49
1491375600,489.8,490.98,487.67,487.96
1491462000,487.32,488.88,484.02,488.45
1491548400,488.93,488.93,484.53,488.2
1491807600,489.77,489.77,486.15,487.19
1491894000,487.6,487.74,481.1,484.57
1491980400,485.19,488.7,484.04,485.36
1492066800,483.85,485.25,482.79,483.59
1492498800,482.43,485.71,479.11,479.49
1492585200,478.4,481.21,478.4,480.17
1492671600,480.12,481.47,477.64,480.5
1492758000,482.27,483.01,479.7,481.33
1493017200,474.5,497.49,474.5,497.35
1493103600,496.35,498.73,496.35,498.08
1493190000,498.08,498.93,497.16,498.34
1493276400,496.86,498.36,495.35,496.59
1493362800,495.93,497.28,495.41,496.31
1493708400,495.1,497.5,494.25,497.14
1493794800,496.25,498.16,495.91,497.98
1493881200,499.12,501.21,496.8,501.09
1493967600,500.04,503.89,498.72,503.8
1494226800,504.01,505.61,501.5,502.88
1494313200,504.08,506.45,502.89,504.98
1494399600,505.07,506.05,503.6,505.26
1494486000,504.79,505.42,500.12,502.15
1494572400,502.47,503.64,501.25,503.54
1494831600,502.94,505.31,500.37,503.5
1494918000,503.37,504.95,502.24,503.4
1495004400,502.25,503.08,494.68,496.43
1495090800,497.12,497.12,490.67,494.54
1495177200,494.7,497.27,494.61,496.46
1495436400,496.95,497.67,493.83,495.74
1495522800,496.82,499.03,494.7,497.24
1495609200,499.48,499.48,495.68,496.61
1495695600,494.71,498.76,492.7,495.75
1495782000,495.84,495.84,492.03,494.9
1496041200,495.43,496.05,494.01,495.9
1496127600,497.91,497.91,493.44,494.62
1496214000,494.11,498.7,493.85,494.94
1496300400,495.03,496.4,494.23,496.06
1496386800,496.35,504.38,496.23,502.08
1496732400,502.26,502.26,496.26,496.79
1496818800,496.46,499.14,494.89,496.21
1496905200,496.59,498.79,496.13,497.65
1496991600,499.11,501.76,497.28,501.52
1497250800,500.27,501.47,495.78,496.72
1497337200,497.08,500.57,496.71,499.56
1497423600,498.91,505.57,498.91,501.01
1497510000,504.02,504.02,493.95,496.58
1497596400,496.35,499.37,496.35,498.9
1497855600,498.66,505.05,498.66,504.17
1497942000,504.84,506.59,501.15,501.23
1498028400,501.02,501.2,497.11,499.63
1498114800,498.42,500.97,497.43,500.47
1498201200,499.73,500.24,495.83,497.93
1498460400,498.38,502.02,497.95,499.19
1498546800,499.63,499.63,494.3,495.37
1498633200,492.47,495.37,490.1,494.25
1498719600,492.04,497.37,484.55,485.36
1498806000,485.42,487.07,481.57,481.84
1499065200,481.65,488.09,481.48,487.67
1499151600,487.46,488.1,485.19,486.26
1499238000,485.9,488.64,485.06,486.92
1499324400,486.4,488.47,481.64,484.16
1499410800,483.8,484.46,482.43,484.34
1499670000,483.96,488.08,483.96,486.58
1499756400,486.51,490.24,485.5,486.26
1499842800,484.52,494.61,484.52,493.72
1499929200,492.49,495.78,492.49,494.37
1500015600,493.89,495.21,491.96,494.11
1500274800,493.92,495.08,490.68,492.33
1500361200,489.94,491.86,484.52,486.24
1500447600,488.5,488.5,485.73,487.13
1500534000,487.02,492.28,485.14,487.32
1500620400,486.15,487.92,477.29,479.22
1500879600,479.72,480.62,475.28,477.89
1500966000,477.13,481.53,477.13,480.01
1501052400,481,482.98,479.54,481.7
1501138800,477.53,481.67,476.66,478.14
1501225200,476.87,477.61,473.82,476.27
1501484400,476.71,478.02,473.59,474.51
1501570800,473.31,481.75,473.31,479.71
1501657200,478.49,480.91,475.98,477.05
1501743600,477.05,477.24,474.03,476.12
1501830000,475.84,482.73,474.97,481.76
1502089200,480.35,483.21,478.88,480.13
1502175600,479.7,482.95,477.33,481.49
1502262000,481.08,481.4,473.99,476.11
1502348400,476.52,476.52,469.79,470.57
1502434800,470.15,471.7,467.46,470.43
1502694000,468.82,477.62,468.82,476.37
1502780400,477.97,479.1,475.78,476.6
1502866800,476.05,481.3,476.05,479.86
1502953200,477.41,480.85,476.78,477.53
1503039600,477.71,477.71,472.84,475.97
1503298800,475.87,475.91,470.31,472.11
1503385200,473.21,478.53,472.22,478.27
1503471600,478.28,479.85,475.54,476.3
1503558000,477.35,479.48,476.03,476.53
1503644400,477.05,479.21,474.64,476.03
1503903600,473.6,476.3,471.92,474.3
1503990000,471.84,474.18,464.38,467.42
1504076400,469.96,471.25,468.08,469.71
1504162800,470.68,474.06,469.67,471.72
1504249200,471.92,476.91,471.9,474.94
1504508400,474.18,474.78,471.31,473.36
1504594800,473.68,477.61,473.23,474.28
1504681200,474.34,479.61,471.05,477.82
1504767600,478.22,483.64,478.17,480.98
1504854000,478.81,481.98,478.81,481.32
1505113200,481.86,488.24,481.6,487.95
1505199600,488.21,491.19,488.08,489.86
1505286000,488.98,491.63,488.55,490.99
1505372400,492.25,492.25,488.78,490.51
1505458800,488.43,491.34,488.43,489.7
1505718000,490.21,493.54,490.13,491.33
1505804400,489.63,491.48,489.63,491.3
1505890800,490.44,492.48,489.56,491.54
1505977200,495.67,495.67,491.61,492.8
1506063600,490.85,494.67,490.85,492.45
1506322800,494.89,494.89,491.21,492.52
1506409200,493.41,494.2,490.88,493.19
1506495600,493.51,496.23,493.25,495.04
1506582000,494.34,497.12,494.34,496.85
1506668400,496.41,501.77,496.41,501.68
1506927600,504.11,504.49,501.68,504.4
1507100400,503.25,507.44,503.25,507.07
1507186800,507.01,507.25,505.71,507.11
1507273200,507.95,508.13,505.96,506.68
1507532400,506.87,508.18,506.13,507.42
1507618800,505.72,507.59,504.81,506.28
1507705200,506.08,507.5,505.28,507.21
1507791600,506.29,508.6,506.04,507.87
1507878000,508.21,509.9,507.06,508.1
1508137200,510.23,510.23,508.08,508.54
1508223600,510.29,510.29,507.08,508.15
1508310000,508.02,512.1,508.02,510.12
1508396400,508.2,510.86,505.06,508
1508482800,509.61,510.8,506.46,507.84
1508742000,509.09,510.74,507.09,508.13
1508828400,507.55,510.3,507.33,508.62
1508914800,508.58,510.13,505.11,506.01
1509001200,505.52,513.47,505.37,512.91
1509087600,516.42,517.77,512.95,516.55
1509350400,514.88,518.12,514.88,517.26
1509523200,516.17,527.22,516.17,526.3
1509609600,525.15,526.37,524.16,525.62
1509696000,526.87,528.08,525.32,527.11
1509955200,527.4,527.4,525.54,526.72
1510041600,526.59,529.13,522.93,523.31
1510128000,523.26,524.96,522.1,523.63
1510214400,522.7,525.25,515.56,515.95
1510300800,515.59,517.28,512.93,513.67
1510560000,514.62,515.05,507.11,511.56
1510646400,510.49,513.89,508.33,509.53
1510732800,507.18,508.84,502.26,507.1
1510819200,508.31,510.84,507.46,509.89
1510905600,509.26,511.64,507.65,508.01
1511164800,509.26,511.54,505.31,510.45
1511251200,510.95,516.55,509.22,514.91
1511337600,513.49,515.92,508.93,509.1
1511424000,507.14,510.47,505.43,508.83
1511510400,508.55,514.74,507.74,510.85
1511769600,511.23,512.99,508.04,508.21
1511856000,509.48,510.58,506.77,509.9
1511942400,509.84,515.33,509.25,510.25
1512028800,509.67,514.63,508.48,508.55
1512115200,508.83,509.9,500.26,502.21
1512374400,502.86,512.17,502.37,509.81
1512460800,509.51,511.17,505.98,509.48
1512547200,509.71,509.71,502.58,507.42
1512633600,507.08,510.86,507.08,509.34
1512720000,511.03,516.75,509.47,513.58
1512979200,512.21,515.19,511.76,512.14
1513065600,513.16,514.52,510.45,514.48
1513152000,514.06,514.51,511.96,512.15
1513238400,509.57,513.48,507.84,510.04
1513324800,509.32,511.56,507.64,511.36
1513584000,510.74,520.32,510.74,519.52
1513670400,519.81,520.57,515.49,515.64
1513756800,514.31,517.06,508.17,509.82
1513843200,510.27,512.37,507.68,511.33
1513929600,511.63,511.63,509.34,509.79
1514361600,508.38,512.01,507.74,509.72
1514448000,507.73,509.77,505.69,506.25
1514534400,505.62,506.57,503.53,503.91
1514880000,502.74,504.26,497.49,502.16
1514966400,502.37,508.28,502.31,506.42
1515052800,506.23,515.54,506.23,514.01
1515139200,514.79,520.57,514.05,520.1
1515398400,521.99,523.61,520.11,522.01
1515484800,523.03,524.45,521.95,522.97
1515571200,522.71,522.98,516.68,518.69
1515657600,520.54,520.54,513.52,515.5
1515744000,514.77,518.24,514.39,517.52
1516003200,514.75,517.78,514.75,516.1
1516089600,517.2,521.98,516.08,518.2
1516176000,518.68,518.68,513.86,515.71
1516262400,517.17,519.86,516.14,519.33
1516348800,518,525.57,518,525.16
1516608000,524.58,526.74,524.22,526.48
1516694400,526.41,531.57,526.41,529.94
1516780800,529.08,530.75,524.27,524.35
1516867200,522.75,525.66,516.87,519.7
1516953600,520.95,521.68,518.51,521.3
1517212800,522.58,522.58,518.72,520.56
1517299200,520.75,520.75,514.69,515.64
1517385600,514.25,518.55,514.25,515.5
1517472000,517.72,518.45,505.51,506.78
1517558400,505.18,506.82,497.98,498.1
1517817600,497.94,497.94,491.7,493.92
1517904000,494.87,494.87,475.95,482.47
1517990400,482.86,492.86,482.81,490.42
1518076800,491.44,491.44,475.02,477.77
1518163200,476.74,479.22,467.91,471.9
1518422400,471.11,482.42,471.11,478.79
1518508800,477.2,479.51,475.25,475.33
1518595200,474.76,483.03,470.73,480.92
1518681600,477.37,486.4,477.37,481.27
1518768000,479.33,486.62,479.33,485.58
1519027200,487,488.04,481.85,482.76
1519113600,484.18,486.97,480.71,486.59
1519200000,487.66,487.66,482.01,485.81
1519286400,487.61,487.61,478.74,485.64
1519372800,486.59,487.75,484.51,486.54
1519632000,485.49,491.28,485.49,488.24
1519718400,486.17,490.29,484.83,486.85
1519804800,487.49,487.67,483.78,484.48
1519891200,484.3,484.3,473.36,475.18
1519977600,471.87,474.72,463.02,464.5
1520236800,465.54,471.99,461.11,471.26
1520323200,470.95,477.93,470.95,472.29
1520409600,472.02,478.27,468.55,477.12
1520496000,476.79,482.63,474.56,481.63
1520582400,482,483.87,478.75,481.58
1520841600,480.86,485.87,480.86,484.42
1520928000,484.37,486.02,474.48,476.62
1521014400,476.89,480.68,474.7,477.2
1521100800,476.8,482.68,476.8,481.47
1521187200,481.52,485.56,481.01,482.95
1521446400,483.43,483.43,474.99,476.3
1521532800,475.65,480.23,475.16,479.69
1521619200,479.4,481.05,477.57,479.92
1521705600,475.75,479.6,468.2,471.87
1521792000,471.32,471.52,461.2,463.78
1522047600,463.78,467.71,457.79,460.12
1522134000,459.49,470.17,459.49,467.3
1522220400,467.34,467.34,459.7,466.29
1522306800,468.03,474.73,466.23,472.57
1522738800,471.63,471.88,465.39,468.99
1522825200,469.26,469.34,460.96,467.35
1522911600,468.76,481.31,467.64,480.62
1522998000,480.32,480.4,474.9,476.39
1523257200,475.75,481.41,475.03,477.1
1523343600,476.9,483.44,476.9,482.13
1523430000,481.08,482.14,477.01,478.53
1523516400,479.4,483.88,477.46,483.06
1523602800,482.85,487.31,482.85,484.16
1523862000,484.23,485.83,481.26,481.84
1523948400,482.05,490.38,482.05,489.26
1524034800,489.14,491.37,487.83,489.42
1524121200,489.43,489.75,487.44,488.67
1524207600,489.48,489.5,485.81,487.72
1524466800,487.78,489.41,484.8,488.77
1524553200,489.39,491.49,485.27,487.91
1524639600,487.97,487.97,478.33,482.77
1524726000,482.52,486.17,481.25,486.05
1524812400,487.02,490.6,486.41,488.72
1525071600,487.33,490.26,487.33,489.88
1525244400,492.69,498.06,489.65,497.03
1525330800,495.97,496.98,491.69,492.7
1525417200,492.14,496.72,492.14,496.59
1525676400,496.32,500.72,494.9,500.19
1525762800,500,500.24,496.44,498.67
1525849200,499.81,500.18,497.2,499.36
1525935600,498.67,500.17,496.26,499.8
1526022000,499.03,500.21,497.53,498.87
1526281200,498.42,499.44,496.09,498.03
1526367600,497.51,499.13,495.86,497.86
1526454000,498.74,499.92,497.26,498.42
1526540400,497.81,502.47,497.46,502.39
1526626800,501.33,501.87,497.7,498.73
1526972400,499.07,503.27,498.13,501.94
1527058800,502.22,502.22,492.99,494.76
1527145200,494.08,495.5,487.86,489.83
1527231600,490.79,495.21,489.53,492.8
1527490800,490.47,495.53,487.36,488.73
1527577200,489.82,489.82,478.81,481.31
1527663600,481.41,485.94,480.91,485.81
1527750000,482.8,486.38,476.74,478.89
1527836400,478.36,486.22,478.36,483.22
1528095600,482.35,487.56,482.35,484.98
1528182000,484.98,490.98,484.44,485.72
1528268400,485.79,488.93,483.57,487.28
1528354800,486.04,490.47,484.57,486.5
1528441200,486.07,486.07,478.99,484.88
1528700400,483.24,488.43,483.24,487.46
1528786800,487.58,491.33,486.51,487.59
1528873200,489.5,489.9,485.18,489.34
1528959600,487.6,498.83,486.06,497.74
1529046000,501.18,501.18,494.03,494.11
1529305200,495.86,495.86,485.5,487.37
1529391600,488.66,488.66,478.23,481.39
1529478000,481.22,484.51,481.22,482.1
1529564400,483.66,483.77,474.02,475.49
1529650800,475.51,478.09,474.56,478.01
1529910000,478.21,478.21,466.43,466.51
1529996400,466.15,469.73,463.32,465.04
1530082800,464.94,472.78,460.98,469.33
1530169200,471.59,471.59,460.01,462.73
1530255600,462.87,470.15,462.87,467.14
1530514800,468.08,468.08,460.74,464.79
1530601200,463.22,471.93,463.22,469
1530687600,468.89,469.22,466.78,468.01
1530774000,465.87,475.58,465.87,473.54
1530860400,472.77,475.18,472.15,474.76
1531119600,474.53,477.09,474.26,476.41
1531206000,476.87,479.98,475.86,478.88
1531292400,478.45,478.45,470.84,471.52
1531378800,473.05,474.84,471.37,474.34
1531465200,475.95,477.78,474.4,476.17
1531724400,474.97,478.54,474.9,476.82
1531810800,475.75,481.31,475.22,480.31
1531897200,482.46,484.61,480.32,484
1531983600,484.73,484.73,479.98,481.02
1532070000,479.27,481.83,472.86,476.17
1532329200,475.71,476.56,473.55,475.85
1532415600,477.63,483.92,476.39,481.36
1532502000,481.62,481.62,475.58,477.1
1532588400,475.01,486.48,475.01,485.77
1532674800,486.29,488.75,485.86,487.71
1532934000,487.52,487.52,485.24,485.32
1533020400,484.76,487.17,482.92,485.06
1533106800,485.87,486.27,481.35,482.45
1533193200,484.17,484.17,473.03,475.3
1533279600,476.62,479.29,475.43,478.31
1533538800,479.47,481.93,475.28,477.6
1533625200,476.65,482.99,476.65,479.39
1533711600,479.35,481.55,477.04,479.06
1533798000,479.04,481.56,477.14,480.8
1533884400,485.14,485.14,470.04,471.36
1534143600,473.03,473.03,467.41,468.64
1534230000,468.27,472.51,465.88,468.35
1534316400,469.69,470.81,459.43,461.07
1534402800,461.07,464.26,461.07,463.71
1534489200,463.7,464.12,460.04,462.86
1534748400,463.01,469,463.01,467.38
1534834800,464.03,471.19,464.03,469.45
1534921200,467.5,471.65,467.5,469.68
1535007600,471,471,468.52,468.82
1535094000,468.94,471.8,467.92,469.74
1535353200,470.89,476.24,469.74,475.36
1535439600,474.65,477.61,474.65,475.22
1535526000,477,477,474.18,476.62
1535612400,476.51,476.63,470.72,474.25
1535698800,474.2,474.2,468.96,469.5
1535958000,470.92,470.92,466.92,468.63
1536044400,470.6,470.63,461.7,463.45
1536130800,463.07,463.41,457.07,457.23
1536217200,457.19,459.15,453.61,454.07
1536303600,453.62,455.51,451.6,454.28
1536562800,456.27,457.35,453.06,455.35
1536649200,454.52,456.5,450.86,454.73
1536735600,455.26,457.57,454.02,457.06
1536822000,457.1,460.98,456.54,458.13
1536908400,456.98,461.23,456.98,460.78
1537167600,462.23,462.23,457.57,459.68
1537254000,459.23,463.18,458.65,462.19
1537340400,462.21,465.1,462.08,464.39
1537426800,463.77,469.3,463.47,468.29
1537513200,468.31,473.4,468.31,472.24
1537772400,473.23,473.23,468.61,468.76
1537858800,469.94,471.21,467.55,469.09
1537945200,470.05,470.05,467.26,469.42
1538031600,470.78,472.76,465.45,471.92
1538118000,473.87,473.87,462.28,464.62
1538377200,465.99,469.23,464.36,467.92
1538463600,469.85,469.85,462.75,466.08
1538636400,466.08,468.35,462.03,464.52
1538722800,465.05,465.05,459.28,459.73
1538982000,459.4,459.4,454.12,454.45
1539068400,454.45,455.81,448.68,454.87
1539154800,453.43,455.01,446.1,446.22
1539241200,445.77,446.22,438.56,439.3
1539327600,438.12,444.78,437.77,438.11
1539586800,437.98,442.17,435.95,441.77
1539673200,442.13,448.55,441.55,448.02
1539759600,448.39,450.61,444.11,445.74
1539846000,445.73,448.87,441.26,441.41
1539932400,442.57,442.57,437.94,440.14
1540191600,438.35,444.96,437.91,438.9
1540278000,439.03,439.03,428.21,429.99
1540364400,430.01,434.18,425.66,426.54
1540450800,425.86,431.41,422.48,430.83
1540537200,430.48,430.5,421.66,427.25
1540800000,425.81,436.47,425.81,432.46
1540886400,433.43,434.86,428.72,431.31
1540972800,431.92,439.46,431.84,437.34
1541059200,437.27,442.2,436.19,438.45
1541145600,438.54,447.85,438.54,441.66
1541404800,441.53,443.04,440.15,440.53
1541491200,440.67,441.46,437.91,439.55
1541577600,438.13,445.3,438.13,442.81
1541664000,442.66,445.35,440.15,440.95
1541750400,440.4,441.18,436.18,440.48
1542009600,444.1,444.1,432.31,433
1542096000,433.17,439.58,433.17,438.69
1542182400,438.31,443.11,433.87,437.62
1542268800,437.99,440.56,431.42,435.23
1542355200,435.29,438.72,430.74,434.64
1542614400,434.05,437.46,430.55,431.13
1542700800,430.95,430.95,422.89,425.1
1542787200,426.01,432.41,425.48,431.87
1542873600,431.85,431.85,427.36,428.15
1542960000,428.13,430.66,426.43,430.02
1543219200,430.34,437.93,430.34,436.44
1543305600,437.5,438.47,433.36,435.16
1543392000,435.61,437.1,433.65,434.57
1543478400,434.6,438.13,432.99,433.96
1543564800,433.96,434.56,430.01,431.75
1543824000,429.95,443.98,429.95,439.77
1543910400,438.44,439.77,434.03,434.31
1543996800,433.84,433.84,428.55,429.42
1544083200,430.14,430.14,412.78,414.78
1544169600,415.12,419.01,413.71,413.85
1544428800,412.58,413.79,405.74,407.12
1544515200,407.47,416.56,407.47,412.44
1544601600,412.46,420.6,412.46,418.92
1544688000,418.33,421.4,417.16,418.96
1544774400,418.96,418.96,411.67,416.56
1545033600,415.74,417.13,410.13,412.56
1545120000,411.78,415.42,410.49,411.42
1545206400,411.49,414.64,411.49,412.29
1545292800,412.05,412.05,404.83,406.45
1545379200,404.57,407.66,403.02,406.85
1545897600,408.01,408.01,392.99,396.83
1545984000,394.98,404.16,394.98,402.85
1546416000,401.36,404.78,396.52,403.66
1546502400,403.11,403.11,397.53,398.62
1546588800,398.09,413.14,398.09,412.57
1546848000,412.89,414.48,409.02,411.43
1546934400,412.02,418.14,411.06,414.02
1547020800,413.07,420.05,413.07,417.41
1547107200,416.33,418.49,413.21,418.22
1547193600,418.06,419.46,414.28,416.82
1547452800,416.65,417.11,413.19,415.97
1547539200,415.88,421.45,414.48,417.53
1547625600,418.94,419.56,416.37,418.86
1547712000,418.43,418.43,414.55,417.76
1547798400,417.89,429.03,417.89,428.54
1548057600,427.81,428.87,425,425.66
1548144000,426.09,426.09,420.86,423.07
1548230400,422.83,424.92,419.95,422.9
1548316800,423.31,426.22,421.71,425.45
1548403200,425.66,433.19,425.66,431.64
1548662400,431.38,431.6,428.45,429.1
1548748800,429.03,430.92,426.71,428.78
1548835200,428.22,428.7,425.96,427.83
1548921600,427.83,431.03,421.38,425.78
1549008000,426.84,427.96,423.62,427.51
1549267200,428.48,428.48,423.29,426.36
1549353600,426.3,433.36,426.3,433.24
1549440000,434.08,434.08,430.75,431.97
1549526400,431.97,431.97,420.93,421
1549612800,421.63,421.63,415.09,416.64
1549872000,416.9,421.58,416.89,420.27
1549958400,420.59,425.96,420.59,424.25
1550044800,424.28,427.42,423.99,425.48
1550131200,425.52,428.79,421.96,422.3
1550217600,422.3,431.38,419.65,430.57
1550476800,428.91,430.95,428.16,429.65
1550563200,429.91,431.63,427.13,430.05
1550649600,429.69,435.83,429.69,434.35
1550736000,434.81,436.03,433.56,434.65
1550822400,434.55,437.29,434.3,435.06
1551081600,434.43,438.97,434.43,437.22
1551168000,437.05,439.57,434.61,438.79
1551254400,438,438.92,435.77,437.46
1551340800,437.48,438.85,434.39,438.49
1551427200,438.54,444.67,438.54,442.52
1551686400,442.91,445.29,442.91,443.14
1551772800,443.06,444.23,441.24,443.68
1551859200,443.54,444.7,441.41,442.2
1551945600,442.57,442.64,436.53,439.08
1552032000,439.84,439.84,434.06,436
1552291200,435.48,439.2,435.48,438.75
1552377600,437.03,441.47,436.99,437.84
1552464000,437.62,440.42,436.45,439.86
1552550400,439.92,442.44,439.07,441.24
1552636800,440.4,446.34,440.4,445.74
1552896000,444.88,446.89,444.1,445.04
1552982400,444.67,451.66,444.64,450.12
1553068800,450.18,450.29,441.82,442.42
1553155200,442.22,442.26,437.31,440.58
1553241600,439.51,444.12,433.37,433.87
1553500800,432.91,434.63,431.47,432.77
1553587200,433.17,435.25,430.67,434.33
1553673600,434.35,437.95,432.7,434.59
1553760000,435.13,437.32,433.65,434.21
1553846400,434.55,437.87,433.96,436.96
1554102000,436.67,443.9,436.67,443.07
1554188400,443.82,447.05,442.49,446.17
1554274800,446.33,453.29,446.33,452.98
1554361200,452.64,455.97,451.65,454.27
1554447600,454.32,455.27,453.49,454.63
1554706800,454.46,454.65,452.24,452.99
1554793200,452.97,453.37,448.2,448.51
1554879600,448.48,451.54,448.45,450.53
1554966000,450.64,453.15,448.56,452.3
1555052400,451.81,456.73,450.36,455.38
1555311600,455.42,456.21,454.43,456
1555398000,456.06,459.97,455.89,459.37
1555484400,459.13,462.87,458.75,461.3
1555570800,461.32,464.68,459.37,464.13
1556002800,463.94,465.38,462.99,464.56
1556089200,464.52,468.29,463.37,467.14
1556175600,469.13,469.13,464.46,466.13
1556262000,466.17,467.48,465.21,466.99
1556521200,467.09,467.73,463.51,466.1
1556607600,465.31,466.71,464.27,466.3
1556780400,466.27,468.56,464.38,466.42
1556866800,466.4,469.27,465.33,468.9
1557126000,468.7,468.7,456.33,462.23
1557212400,461.57,463.36,453.62,455.11
1557298800,455.11,458.99,453.52,457.87
1557385200,457.08,457.08,447.48,448.62
1557471600,448.62,453.86,447.87,449.8
1557730800,450.32,450.32,440.88,442.47
1557817200,442.82,446.16,442.51,446.07
1557903600,446.27,449.75,440.53,449.74
1557990000,449.72,455.04,445.83,454.96
1558076400,454.53,454.53,447.13,450.49
1558335600,450.38,450.38,440.97,442.83
1558422000,442.89,447.87,442.89,446.42
1558508400,446.28,448.18,442.13,445.86
1558594800,446.38,446.38,435.44,436.53
1558681200,434.69,440.98,434.69,438.4
1558940400,438.4,442.58,438.4,440.12
1559026800,440.11,441.68,437.6,439.14
1559113200,438.89,438.89,432.22,432.6
1559199600,432.85,435.32,432.85,434.42
1559286000,434.12,434.23,426.4,428.68
1559545200,427.85,430.46,424.46,430.35
1559631600,427.92,437.75,427.06,437.04
1559718000,435.99,439.66,434.43,436.33
1559804400,437.65,438.55,431.86,433.81
1559890800,433.85,437.9,433.85,436.33
1560236400,436.94,442.82,436.94,440.38
1560322800,440.35,440.35,437.09,438.41
1560409200,439.36,441.18,436.75,440.12
1560495600,439.78,440.16,435.33,436.95
1560754800,437.54,438.31,435.63,436.42
1560841200,436.03,446.7,433.11,445.72
1560927600,445.87,446.85,445.14,446.05
1561014000,446.26,450.43,446.26,447.44
1561100400,447.68,449.67,445.74,446.62
1561359600,444.4,446.74,443.14,443.96
1561446000,443.73,444.43,441.69,442.21
1561532400,442.11,445.37,440.76,443.35
1561618800,443.58,447.25,442.76,444.86
1561705200,444.88,449.99,444.88,449.45
1561964400,449.45,457.44,449.45,453.52
1562050800,454.83,454.83,451.87,453.81
1562137200,454.29,458.28,453.84,457.42
1562223600,457.44,459.07,457.44,458.35
1562310000,458.4,458.56,453.86,455.61
1562569200,455.71,456.74,453.27,454.37
1562655600,454.31,454.31,447.43,450.53
1562742000,450.27,451.04,447.68,447.99
1562828400,448.16,449.88,445.61,446.71
1562914800,446.79,447.5,445.4,446.13
1563174000,445.24,449.89,445.24,448.1
1563260400,448.1,450.85,447.55,449.85
1563346800,450.71,450.71,446.2,446.89
1563433200,446.43,446.43,440.7,442.72
1563519600,441.13,446.68,441.13,443.22
1563778800,443.18,445.96,442.26,444.21
1563865200,444.16,453.51,444.16,451.81
1563951600,451.91,454.79,451.43,453.94
1564038000,454.43,457.12,446.55,448.73
1564124400,448.81,450.67,448.3,450.26
1564383600,450.4,452.39,449.05,450.44
1564470000,450.26,450.49,439.1,440.39
1564556400,440.38,443.59,440.2,442.46
1564642800,446.11,446.11,440.62,444.77
1564729200,444.45,444.45,429.89,431.46
1564988400,430.76,431.06,420.63,421.74
1565074800,421.02,425.41,419,419.08
1565161200,418.65,425.59,418.42,421.83
1565247600,422.15,428.59,421.83,428.51
1565334000,428.99,429.61,422,423.03
1565593200,423.05,428.14,420.87,421.81
1565679600,422.79,426.99,416.35,423.91
1565766000,423.97,424.58,413.72,414.93
1565852400,414.97,416.06,406.9,411.69
1565938800,411.89,417.96,411.65,417.49
1566198000,417.85,424.7,417.56,423.21
1566284400,423.92,424.76,419.49,420.27
1566370800,420.31,427.05,420.31,426.02
1566457200,425.47,428.32,423.33,424.49
1566543600,424.89,427.58,419.64,419.75
1566802800,419.69,422.34,417.46,421.4
1566889200,421.68,425.79,420.21,423.97
1566975600,424.43,424.43,418.44,422.85
1567062000,422.68,428.38,421.53,427.61
1567148400,427.58,433.93,427.58,431.88
1567407600,433.04,433.59,431.33,432.25
1567494000,432.19,432.37,429.2,430.86
1567580400,430.92,437.09,430.92,435.28
1567666800,435.66,440.09,435.66,439.22
1567753200,439.26,442.28,439.26,441.28
1568012400,442.02,444.08,441.39,443.88
1568098800,444.17,447.57,443.01,446.97
1568185200,446.69,451.33,446.69,449.29
1568271600,449.33,452.26,447.2,450.47
1568358000,450.46,453.88,450.46,452.79
1568617200,453.33,453.33,448.86,449.88
1568703600,449.9,450.11,446.39,448.75
1568790000,448.75,450.16,448.2,448.94
1568876400,449.53,452.11,447.73,451.86
1568962800,451.8,453.18,450.69,452.22
1569222000,452.04,452.09,444.51,447.51
1569308400,447.65,448.62,445.45,445.53
1569394800,445.33,445.5,439.73,443.24
1569481200,443.21,446.02,442.75,445
1569567600,446,449.77,445.12,448.73
1569826800,448.71,450.83,447.56,450.29
1569913200,451.04,452.74,444.16,444.57
1569999600,444.62,444.62,433.39,433.43
1570172400,432.62,436.3,431.42,436.22
1570431600,436.24,438.73,434.29,438.44
1570518000,438.92,438.92,432.46,434.92
1570604400,434.91,441.89,434.13,439.33
1570690800,439.16,442.67,436.93,441.15
1570777200,440.97,454.28,440.88,454.2
1571036400,454.98,454.98,449.81,453.83
1571122800,453.27,462.06,453.27,460.31
1571209200,459.99,462.96,458.58,461.95
1571295600,461.85,468.13,461.28,462.04
1571382000,462.04,463.94,460.23,462.05
1571641200,462.36,467.95,462.36,466.72
1571727600,466.62,468.67,466.55,467.81
1571814000,468.27,469.8,465.55,469.13
1571900400,469.14,474.09,469.14,471.87
1571986800,471.59,472.67,470.28,472.48
1572249600,472.53,475.85,472.35,474.24
1572336000,474.6,474.6,471.92,473.25
1572422400,472.97,473.93,469.87,472.66
1572508800,472.68,473.79,468.04,470.8
1572595200,470.91,475.63,470.91,474.81
1572854400,474.84,482.9,474.84,481.54
1572940800,482.47,482.47,480.47,481.76
1573027200,481.72,482.88,480.05,482.36
1573113600,482.36,487.21,482.36,486.91
1573200000,486.92,486.96,482.26,483.79
1573459200,483.39,483.73,480.11,482.31
1573545600,482.38,485.8,482.38,485.03
1573632000,485.36,485.36,479.34,482.3
1573718400,482.28,482.73,479.45,479.98
1573804800,480.2,482.89,479.64,482.51
1574064000,482.33,484.19,478.67,481.01
1574150400,481.57,487.12,480.52,481.63
1574236800,482.13,482.13,476.39,479.76
1574323200,479.41,480.01,475.35,478.77
1574409600,479.25,483.08,478.68,480.38
1574668800,480.45,484.42,480.45,483.47
1574755200,483.3,483.98,481.46,483.14
1574841600,483.43,486.4,482.75,485.05
1574928000,484.54,484.93,482.5,483.47
1575014400,483.47,485,480.65,482.5
1575273600,482.54,486.55,473.2,473.58
1575360000,473.76,477.6,471.74,473.83
1575446400,474.07,479.65,473.83,478.82
1575532800,479.14,481.01,475.84,475.92
1575619200,475.3,480.17,475.3,479.85
1575878400,479.75,480.24,477.27,477.4
1575964800,477.28,477.28,469.59,476.45
1576051200,476.45,480.57,475.81,479.75
1576137600,477.48,484.86,477.48,482.63
1576224000,482.69,489.82,482.69,485.22
1576483200,484.85,490.43,484.85,489.74
1576569600,489.49,489.74,484.71,485.45
1576656000,486.43,486.43,482.69,483.01
1576742400,482.97,484.05,479.85,482.31
1576828800,482.2,485.89,481.79,485.24
1577088000,485.29,485.78,484.05,484.62
1577433600,482.72,487.44,482.72,485.96
1577692800,484.48,485.58,482.28,482.5
1577952000,482.22,489.65,481.98,488.2
1578038400,487.76,487.76,479.15,482.83
1578297600,482.83,482.83,473.14,479.51
1578384000,479.59,485.46,479.59,483.1
1578470400,482.89,487.28,478.77,486.68
1578556800,486.92,493.96,486.92,492.84
1578643200,492.6,494.82,492.14,492.27
1578902400,491.85,493.68,489.21,490.62
1578988800,490.62,492.1,487.73,490.28
1579075200,489.95,490.71,487.37,488.96
1579161600,488.96,490.88,486.5,488.36
1579248000,488.6,493.26,488.4,491.44
1579507200,491.44,492.73,490.24,492.64
1579593600,492.26,493.22,488.78,493.06
1579680000,493.6,496.19,490.8,491.52
1579766400,490.88,491.1,486.48,486.61
1579852800,486.32,494.12,486.32,492.55
1580112000,492.01,492.48,479.33,480.01
1580198400,480.01,484.14,478.34,484.01
1580284800,483.82,485.76,482.82,484.34
1580371200,483.75,484.21,476.38,477.51
1580457600,477.77,479.42,470.91,471.42
1580716800,471.71,474.52,471.45,473.14
1580803200,473.46,480.79,473.1,480.74
1580889600,480.74,488.48,478.38,488.36
1580976000,487.23,491.2,487.23,489.9
1581062400,490.37,490.37,485.79,487.46
1581321600,488.17,488.17,484.88,486.46
1581408000,486.86,492.51,486.67,491.03
1581494400,491.1,496.28,491.1,496.11
1581580800,496.82,496.82,489.4,494.4
1581667200,494.46,496.89,494.28,494.65
1581926400,494.85,496.48,494.8,495.55
1582012800,495.44,495.44,490.97,491.86
1582099200,492.77,496.5,492.06,496.41
1582185600,496.52,497.16,492.45,492.59
1582272000,492.46,492.9,486.17,488.99
1582531200,490.58,490.58,467.4,469.74
1582617600,469.77,473.14,460.84,461.4
1582704000,461.34,463.52,446.92,460.8
1582790400,458.45,460.72,440.77,446.38
1582876800,445.97,446.38,423.52,430.67
1583136000,427.65,439.24,421.3,429.18
1583222400,429.58,443.2,429.37,432.38
1583308800,433.11,440.86,430.56,437.95
1583395200,438.62,440.12,426.91,430.42
1583481600,430.36,430.37,413.37,417.07
1583740800,417.07,417.07,382.04,383.68
1583827200,383.98,399.27,377.28,379.11
1583913600,379.56,389.24,374.41,376.41
1584000000,375.29,376.51,327.13,327.92
1584086400,324.97,356.86,323.39,329.5
1584345600,326.37,329.56,295.3,311.63
1584432000,311.61,324.77,299.33,317.29
1584518400,317.29,317.29,297.78,298.3
1584604800,297.88,306.68,292.25,305.12
1584691200,305.12,325.86,305.12,317.16
1584950400,316.98,322.44,302.06,311.73
1585036800,312.41,346.34,312.41,346.24
1585123200,345.88,363.21,338.66,352.52
1585209600,349.57,357.59,341.03,357.52
1585296000,357.71,357.71,340.31,344.14
1585551600,344.12,349.97,337.27,349.91
1585638000,350.38,359.88,346.43,354.21
1585724400,354.01,354.01,339.4,341.19
1585810800,340.78,345.35,334.33,342.4
1585897200,343.46,344.33,338.43,340.5
1586156400,340.66,361.15,340.66,360.22
1586242800,357.71,378.71,357.71,369.34
1586329200,368.98,369.31,364.02,368.93
1586415600,369.26,380.41,368.97,377.47
1586847600,377.39,386.43,377.39,381.66
1586934000,382.01,382.01,365.2,366.51
1587020400,367.09,372.59,365.37,367.68
1587106800,367.5,383.72,367.5,378.87
1587366000,380.06,382.25,372.86,380.38
1587452400,381.83,381.83,365.16,365.23
1587538800,366.17,371.45,366.17,371.05
1587625200,371.44,378.01,367.99,374.14
1587711600,374.14,374.14,366.52,368.47
1587970800,367.33,380.62,367.33,380.55
1588057200,381.51,391.36,380.77,387.54
1588143600,386.86,399.07,386.35,398.39
1588230000,399.2,402.31,388.46,389.17
1588575600,389.1,389.1,373.36,374.43
1588662000,374.93,384.29,374.93,383.92
1588748400,384.06,385.67,379.49,379.78
1588834800,379.96,384.29,378.4,383.31
1588921200,381.32,389.29,381.32,388.59
1589180400,388.66,391.43,382.31,385.25
1589266800,385.39,387.72,383.3,385.27
1589353200,384.76,384.76,374.88,375.46
1589439600,375.61,375.61,361.66,368.14
1589526000,368.67,375.31,368.26,372.17
1589785200,374.09,393.59,374.09,392.33
1589871600,394.17,397.24,388.51,393.83
1589958000,393.66,399.43,389.68,398.46
1590044400,399.35,399.35,391.53,392.68
1590130800,393.2,395.93,385.43,393.33
1590390000,393.71,404.75,393.65,404.67
1590476400,403.76,411.2,403.76,409.7
1590562800,410.69,418.72,409.96,415.57
1590649200,413.8,420.58,413.8,418.8
1590735600,417.16,418.44,410.5,410.85
1591081200,411.09,427.92,410.96,426.66
1591167600,425.67,443.92,425.67,443.14
1591254000,441.88,445.57,437.04,441.84
1591340400,441.93,456.11,441.93,455.71
1591599600,456.5,458.5,449.59,455.68
1591686000,457.01,457.44,443.65,448.36
1591772400,448.54,453.83,443.14,445.51
1591858800,444.45,444.45,425.35,425.43
1591945200,425.07,433.09,420.14,424.98
1592204400,425.5,425.68,412.53,423.36
1592290800,423.36,442.05,423.36,437.62
1592377200,437.72,441.65,436.42,439.49
1592463600,438.3,443.61,435.8,439
1592550000,439.1,443.97,438.53,439.87
1592809200,439.63,440.87,433.65,436.82
1592895600,437.8,448.93,437.8,445.95
1592982000,445.96,445.96,431.3,431.3
1593068400,431.2,437.4,426.78,435.37
1593154800,435.55,440.87,431.18,432.08
1593414000,429.85,438.39,429.59,435.89
1593500400,436.35,440.2,434.57,438.85
1593586800,439.19,441.79,431.02,436.94
1593673200,437.39,450.25,437.39,448.43
1593759600,447.97,450.18,444.01,445.86
1594018800,446.27,456.73,446.27,453.24
1594105200,453.1,453.1,446.1,448.55
1594191600,448.93,449.84,443.24,444.21
1594278000,444.32,451.18,442.97,443.9
1594364400,445.02,449.14,441.17,448.61
1594623600,448.11,455.28,448.11,453.86
1594710000,454.84,454.84,444.67,449.96
1594796400,449.6,459.37,449.6,456.66
1594882800,456.48,456.48,452.39,454.77
1594969200,456.71,457.52,454.78,456.4
1595228400,456.36,461.7,452.45,461.23
1595314800,460.99,470.68,460.99,465.55
1595401200,465.39,466.62,462.44,463.93
1595487600,464.12,467.87,462.43,463.35
1595574000,462.27,462.31,452.78,453.81
1595833200,450.57,455.88,450.57,453.94
1595919600,453.98,457.2,450.54,453.75
1596006000,453.04,454.98,452.44,453.69
1596092400,453.65,453.65,433.15,437.39
1596178800,433.44,442.15,433.44,434.01
1596438000,434.35,448.31,434.35,446.69
1596524400,446.79,451.18,442.96,445.14
1596610800,445.23,450.73,445.23,447
1596697200,446.75,452.08,442.52,445.36
1596783600,445.39,448.95,443.14,448.72
1597042800,449.58,451.76,446.59,449.11
1597129200,449.44,461.93,449.44,457.94
1597215600,457.69,463.67,455.64,462.36
1597302000,461.52,463.28,459.09,460.29
1597388400,460.17,460.17,453.24,456.47
1597647600,455.27,458.73,454.56,457.89
1597734000,457.53,462.81,454.14,456.9
1597820400,456.35,460.36,454.82,460.22
1597906800,459.65,459.65,452.28,454.92
1597993200,453.83,457.72,448.17,452.33
1598252400,452.82,463.67,452.82,462.6
1598338800,463.09,468.04,462.17,462.25
1598425200,462.7,466.99,460.42,466.91
1598511600,467.22,468,462.99,463.26
1598598000,460.13,464.4,457.68,460.43
1598857200,460.08,464.17,456.62,457.17
1598943600,456.5,463.91,454.1,458.36
1599030000,458.71,468.28,458.71,466.88
1599116400,467.04,474.04,458.89,460.76
1599202800,460.41,463.31,450.38,453.67
1599462000,452.35,463.21,452.35,462.35
1599548400,462.5,464.29,454.72,458.71
1599634800,458.81,469.15,458.68,468.5
1599721200,468.83,470.33,465.89,467.46
1599807600,468.82,469.35,464.32,467.23
1600066800,466.71,471.95,465.6,466.57
1600153200,465.9,469.29,464.73,467.32
1600239600,467.32,469.72,466.53,469.24
1600326000,469.21,469.21,461.47,467.55
1600412400,465.21,469.22,464.25,464.32
1600671600,464.36,464.36,442.91,444.42
1600758000,444.27,449.92,444.27,446.02
1600844400,446.15,454.77,446.15,447.88
1600930800,448.71,449.87,443.38,447.18
1601017200,447.22,447.93,438.19,442.31
1601276400,442.01,456.57,442.01,456.42
1601362800,456.35,456.35,451.97,455.29
1601449200,455.18,456.89,451.52,452.9
1601535600,452.99,455.06,449.43,451.44
1601622000,451.44,451.44,445.5,450.32
1601881200,450.48,456.14,450.48,455.7
1601967600,455.96,460.49,454.02,458.07
1602054000,459.49,460.1,455.76,458.71
1602140400,458.03,464.69,458.03,462.73
1602226800,462.75,465.09,461.43,463.02
1602486000,462.97,466.51,462.97,466.16
1602572400,467.17,467.17,459.74,462.02
1602658800,461.98,464.36,460.89,462.78
1602745200,463.67,463.67,447.6,451.51
1602831600,451.83,460.32,451.83,458.45
1603090800,459,462.44,455.5,456.83
1603177200,456.75,456.75,452.23,452.66
1603263600,451.72,453.65,445.22,445.61
1603350000,446.45,446.95,438.36,445.42
1603436400,445.36,450.63,443.64,448.03
1603699200,447.74,447.74,432.08,432.35
1603785600,432.29,433.94,427.01,427.96
1603872000,430.28,430.28,406.27,409.92
1603958400,409.96,414.87,406.72,410.88
1604044800,410.43,411.33,405.82,409.08
1604304000,409.7,418.2,408.99,416.44
1604390400,416.52,426.73,416.52,426.69
1604476800,429.23,435.8,418.48,435.62
1604563200,434.19,443.14,434.19,442.28
1604649600,441.74,443.47,435.83,439.56
1604908800,439.06,467.72,439.06,459.69
1604995200,459.88,464.45,456.83,462.28
1605081600,462.31,465.33,461.03,464.22
1605168000,463.67,463.67,457.9,459.01
1605254400,458.88,462.13,457.33,460.16
1605513600,460.28,466.99,460.28,462.4
1605600000,461.99,463.02,460.01,462.74
1605686400,462.52,466.07,460.82,465.74
1605772800,466.92,466.92,460.01,461.82
1605859200,460.65,464.65,460.24,463.44
1606118400,462.9,469.28,462.74,462.81
1606204800,461.66,468.63,461.66,468.46
1606291200,468.52,470.34,466.58,468.84
1606377600,468.84,470.3,468.03,468.13
1606464000,468.23,470.84,467.3,470.09
1606723200,469.12,473.53,467.14,468.77
1606809600,468.49,473.31,468.49,472.04
1606896000,471.83,471.83,468.13,470.21
1606982400,470.16,470.74,467.49,468.66
1607068800,468.93,471.49,468.17,471.04
1607328000,471.84,471.84,465.7,468.83
1607414400,468.81,470.55,467,470.01
1607500800,469.44,475.88,469.44,472.19
1607587200,471.82,472.95,467.14,470.44
1607673600,470.38,470.49,460.07,463.7
1607932800,463.96,470.08,463.96,467.82
1608019200,467.84,473.73,467.22,473.29
1608105600,473.23,481.92,473.23,481.19
1608192000,479.36,486.81,479.36,484.51
1608278400,484.4,487.99,483,483.09
1608537600,482.2,482.2,462.58,469.17
1608624000,469,475.87,469,474.84
1608710400,474.84,481.15,474.84,480.7
1609142400,480.76,488.91,480.76,487.92
1609228800,488.3,491.61,486.34,486.82
1609315200,485.81,488.23,484.91,485.15
1609747200,485.39,491.37,482.73,485.69
1609833600,485.42,487.22,480.31,483
1609920000,480.55,491.29,480.55,490.2
1610006400,488.96,494.18,488.96,492.49
1610092800,493.27,498.56,492.65,495.92
1610352000,499.05,499.05,487.61,491.63
1610438400,491.87,494.22,489.71,491.61
1610524800,489.78,493.39,489.68,491.76
1610611200,492.47,495.02,491.98,493.74
1610697600,493.7,493.7,482.95,487.07
1610956800,488.06,489.04,484.03,488.96
1611043200,487.74,492.18,487.48,488.05
1611129600,486.95,493.03,486.95,492.2
1611216000,491.59,496.42,491.59,492.97
1611302400,492.44,493.65,488.23,492.65
1611561600,492.87,495.54,483.36,485.2
1611648000,485.88,494.22,485.06,492.12
1611734400,492.35,492.35,478.59,483.95
1611820800,483.87,486.3,473.14,485.2
1611907200,485.9,485.9,476.12,477.28
1612166400,478.1,484.53,477.45,483.86
1612252800,484.4,491.15,484.4,490.87
1612339200,490.53,496.57,490.53,494.69
1612425600,494.88,498.3,493.63,497.9
1612512000,498.59,500.24,495.72,497.02
1612771200,497.16,500.79,496.75,496.84
1612857600,495.46,496.96,493.42,495.78
1612944000,494.49,497.59,490.22,493.86
1613030400,493.89,498.11,493.14,497.79
1613116800,497.79,498.17,493.54,498.15
1613376000,497.59,500.98,497.59,500.32
1613462400,500.37,501.14,498.23,499.04
1613548800,500.9,500.9,492.71,493.24
1613635200,493.31,495.52,491.73,492.72
1613721600,491.22,498.24,491.22,497.02
1613980800,496.96,496.96,490,495.13
1614067200,493.76,496.6,484.65,490.92
1614153600,491.1,495.27,490.28,494.35
1614240000,494.29,497.46,492.66,492.76
1614326400,496.41,496.41,485.04,489.01
1614585600,491.48,496.99,489.13,496.53
1614672000,496.55,499.77,495.04,497.57
1614758400,496.27,503.46,496.27,500.28
1614844800,500.07,500.72,495.96,499.37
1614931200,498.79,500.06,493.04,495.28
1615190400,496.4,511.05,495.14,509.85
1615276800,508.87,512.64,507.24,511.2
1615363200,511.18,515.26,509.75,514.66
1615449600,512.88,516.45,512.88,515.54
1615536000,515.52,515.52,511.12,513.21
1615795200,513.9,516.06,510.01,511.83
1615881600,512.26,517.41,512.26,515.48
1615968000,515.48,517.98,514.68,517.87
1616054400,517.94,526.38,517.94,525.23
1616140800,524.83,524.93,517.12,519.15
1616400000,518.48,521.75,516.43,520.96
1616486400,522.14,522.75,516.15,520.88
1616572800,520.58,520.58,516.22,518.17
1616659200,518.12,518.12,511.63,517.83
1616745600,517.33,523.5,517.33,521.92
1617001200,522.63,525.04,521.95,524.22
1617087600,524.91,531.99,524.32,531.34
1617174000,531.34,532.27,530.31,531.24
1617260400,532.19,535.09,531.54,534.77
1617692400,532.89,540.77,532.89,537.52
1617778800,537.4,538.82,536.05,536.46
1617865200,536.61,539.37,535.59,537.44
1617951600,537.82,539.32,536.16,538.83
1618210800,539.03,540.62,537.62,537.71
1618297200,538.73,540.11,536.87,538.41
1618383600,538.36,539.55,537.25,537.38
1618470000,537.43,539.99,537.43,538.95
1618556400,539.26,547.31,538.82,546.9
1618815600,547.02,548,542.99,543.03
1618902000,540.72,544.32,533.53,534.35
1618988400,534.79,536.85,531.61,536.01
1619074800,536.33,540.86,536.33,540.61
1619161200,540.01,540.55,534.81,539.26
1619420400,537.32,540.58,537.32,539.5
1619506800,539.51,539.71,535.81,538.17
1619593200,539.13,540.51,537.72,538.29
1619679600,536.84,539.23,530.13,532.67
1619766000,532.72,534.06,529.78,529.86
1620025200,530.37,534.52,529.35,533.38
1620111600,535.13,535.13,519.18,519.62
1620198000,519.7,530.43,519.7,530.38
1620284400,529.99,531.94,525.29,528.46
1620370800,528.61,535.19,528.61,535.14
1620630000,534.31,536.26,533.15,534.75
1620716400,535.99,535.99,520.78,524.82
1620802800,526,528.53,523.56,526.17
1620889200,525.43,527.74,513.42,526.26
1620975600,526.62,534.05,526.62,534
1621234800,533.65,536.49,532.2,533.84
1621321200,532.13,538.8,532.13,533.94
1621407600,533.05,533.76,519.24,524.46
1621494000,524.91,532.55,523.35,532.55
1621580400,532.76,535.7,532.65,534.86
1621926000,532.31,539.47,532.31,536.17
1622012400,536.23,538.56,534.36,536.21
1622098800,535.91,536.78,532.3,533.76
1622185200,533.86,538.81,533.86,538.1
1622444400,538.1,538.1,533.99,534.23
1622530800,534.53,543.7,534.53,540.08
1622617200,541.58,542.07,539.57,541.55
1622703600,542.41,544,537.8,543.18
1622790000,544.25,545.72,542.61,545.25
1623049200,545.25,547.67,543.19,546.7
1623135600,547.15,548.2,545.12,545.25
1623222000,545.5,546.13,540.26,542.45
1623308400,542.48,544.34,540.08,542.19
1623394800,541.66,546.98,541.42,546.77
1623654000,547.02,550.38,546.55,546.59
1623740400,546.85,550.04,546.85,548.27
1623826800,548.16,549.78,545.58,546.86
1623913200,546.63,548.82,544.23,547.97
1623999600,548.16,548.23,536.98,537.87
1624258800,537.85,543.32,533.08,543.18
1624345200,543.73,544.42,539.89,543.82
1624431600,544.36,545.47,538.08,538.12
1624518000,538.46,543.75,538.46,543.2
1624604400,543.15,544.72,542.1,544.52
1624863600,545.43,545.59,541.43,541.61
1624950000,541.95,548.14,541.51,546.35
1625036400,546.04,546.84,538.07,540.37
1625122800,540.55,546.56,538.9,542.77
1625209200,544.1,546.24,542.86,544.38
1625468400,543.46,544.93,540.44,544.55
1625554800,543.29,544.54,538.04,539.67
1625641200,539.76,546.31,539.76,546.01
1625727600,546.13,546.13,532.44,536.51
1625814000,537.71,545.43,536.59,545.39
1626073200,545.59,549.75,543.63,549.27
1626159600,549.92,550.24,547.63,549.82
1626246000,549.82,550.35,547.52,549.72
1626332400,549.26,549.29,541.78,543.13
1626418800,543.33,545.2,537.84,539.86
1626678000,539.33,539.33,523.24,526.08
1626764400,526.44,531.66,524.13,527.84
1626850800,527.82,535.96,526.81,535.1
1626937200,535.17,540.42,535.17,538.27
1627023600,539.21,543.6,538.67,542.91
1627282800,542.38,542.79,538.49,541.27
1627369200,542.14,542.14,534.41,537.21
1627455600,537.21,539.33,536.48,539.17
1627542000,536.78,542.63,536.78,541.95
1627628400,541.87,541.87,534.78,536.55
1627887600,536.57,541.67,535.36,538.3
1627974000,538.64,540.19,536.13,538.19
1628060400,537.36,543.45,537.36,542.79
1628146800,543.16,544.5,540.93,544.07
1628233200,544.6,546.69,543.64,544.8
1628492400,544.82,545.85,542.83,544.48
1628578800,544.73,546.48,543.99,545.17
1628665200,545.22,548.88,543.89,546.94
1628751600,546.57,551.96,546.31,551.36
1628838000,551.4,554.31,551.12,552.76
1629097200,552.14,552.14,547.69,549.86
1629183600,549.55,549.89,546.04,549.33
1629270000,549.22,551.07,547.45,550.96
1629356400,550.96,550.96,538.83,543.41
1629442800,542.97,544.49,539.46,544.49
1629702000,544.76,548.66,544.45,546.45
1629788400,546.45,549.34,546.45,548.76
1629874800,548.79,549.93,546.65,546.96
1629961200,546.71,546.91,541.51,544.43
1630047600,543.81,546.48,542.61,546.3
1630306800,545.65,547.85,545.65,547.5
1630393200,546.25,551.98,543.06,545.52
1630479600,545.27,551.01,543.93,545.49
1630566000,545.51,547.18,544.77,545.99
1630652400,545.97,546.95,540.61,543.8
1630911600,544.19,549.16,544.19,548.01
1630998000,547.57,548.4,545.73,546.21
1631084400,546.74,546.74,537.07,538.06
1631170800,538.02,540.4,532.37,538.15
1631257200,537.63,541.12,537.04,538.08
1631516400,538.37,543.79,538.37,540.78
1631602800,540.78,542.76,539.4,541.91
1631689200,542.53,542.53,537.81,538.07
1631775600,539.3,541.88,538.11,539.22
1631862000,539.53,543.7,532.47,533.61
1632121200,533.61,533.61,516.45,519.89
1632207600,519.62,529.09,519.62,527.41
1632294000,527.34,533.36,527.34,533.3
1632380400,533.3,539.57,533.3,537.64
1632466800,537.51,537.51,532.83,534.06
1632726000,534.22,540.26,534.01,536.14
1632812400,536.14,536.2,525.86,526.36
1632898800,526.54,531.86,526.54,530.24
1632985200,530.68,532.64,525.54,526.39
1633071600,526.41,527.05,517.28,522.79
1633330800,522.38,523.4,518.45,519.07
1633417200,519.04,523.94,517.7,523.52
1633503600,524.25,524.25,510.96,516.05
1633590000,514.86,525.28,514.86,525.16
1633676400,525.82,526.58,523.64,524.58
1633935600,524.17,524.89,521.44,524.62
1634022000,524.48,524.48,518.5,522.92
1634108400,522.78,527.93,520.49,525.77
1634194800,525.9,532.92,525.9,532.66
1634281200,531.49,537.2,531.49,536.99
1634540400,537.02,537.02,530.9,532.89
1634626800,530.58,535.22,530.58,534.8
1634713200,534.55,537.08,532.88,535
1634799600,534.98,535.33,531.01,533.28
1634886000,533.69,537.76,533.29,535.42
1635145200,535.57,537.98,535.57,537.09
1635231600,537.46,543.65,537.1,542.6
1635318000,542.48,542.48,539.23,540.49
1635404400,540.4,540.4,537.19,539.57
1635490800,539.41,539.41,532.26,538.35
1635753600,538.75,544.2,538.41,543.25
1635840000,542.39,547.53,542.39,547.37
1635926400,547.32,548.53,546.21,548.44
1636012800,549.03,552.14,548.55,550.28
1636099200,550.3,551.97,549.07,550.18
1636358400,549.87,550.24,547.19,548.19
1636444800,547.86,549.49,546.9,547.43
1636531200,547.54,549.25,545.48,548.5
1636617600,548.57,550.44,547.43,549.8
1636704000,549.82,551.55,549.6,550.72
1636963200,550.46,552.78,549.15,552.74
1637049600,554.7,556.43,552.81,555.66
1637136000,555.64,556.77,555.39,555.8
1637222400,554.48,557.92,554.02,555.37
1637308800,555.59,557.26,550.06,552.85
1637568000,555.67,555.67,550.01,551.2
1637654400,551.03,551.03,542.44,544.66
1637740800,545.51,545.51,537.79,542.21
1637827200,541.27,545.03,541.27,543.16
1637913600,543.16,543.32,520.36,520.96
1638172800,521.34,527.31,519.86,521.53
1638259200,520.93,520.93,511.84,514.54
1638345600,514.58,530.22,514.58,528.92
1638432000,528.59,528.59,518.46,521.44
1638518400,522.58,526.74,516.19,518.47
1638777600,518.65,527.21,518.04,525.91
1638864000,525.1,540.47,525.1,539.86
1638950400,539.89,540.56,535.21,535.69
1639036800,536.23,537.27,532.61,533.15
1639123200,533.06,534.95,529.87,532.8
1639382400,533.44,539.41,532.69,533.39
1639468800,533.44,535.7,526.52,526.89
1639555200,527.48,529.51,527.02,527.83
1639641600,527.96,538.08,527.96,533.06
1639728000,532.49,533.06,525.65,529.4
1639987200,529.34,529.34,512.55,519.79
1640073600,519.79,527.01,519.79,526.45
1640160000,526.24,530.23,524.85,530.14
1640246400,529.92,536.16,529.92,535.55
1640592000,535.1,539.23,533.87,538.5
1640678400,538.59,543.11,538.45,542.74
1640764800,542.67,542.69,537.12,538.7
1640851200,540.25,540.25,537.94,539.64
1641196800,539.5,545.93,539.5,544.73
1641283200,544.85,552.35,544.85,550.31
1641369600,550.77,554.89,550.37,553.91
1641456000,556.29,556.29,545.16,547.58
1641542400,547.09,548.21,542.52,545.39
1641801600,545.86,547.83,538.54,539.86
1641888000,541,547.72,541,546.83
1641974400,545.94,550.98,545.94,549.28
1642060800,547.19,553.2,547.14,551.95
1642147200,551.52,551.52,546.27,548.27
1642406400,548.63,551.06,548.63,549.65
1642492800,549.47,549.47,541.01,544.83
1642579200,544.42,548.22,539.83,545.09
1642665600,544.9,547.91,542.46,547.86
1642752000,547.79,547.79,532.38,537.5
1643011200,536.73,537.13,515.35,517.88
1643097600,518.16,524.1,516.71,521.93
1643184000,521.93,535.33,521.93,532.93
1643270400,537,538.63,524.81,536.16
1643356800,535.98,535.98,522.11,529.02
1643616000,528.71,537.32,528.71,533.94
1643702400,531.29,540.81,531.29,538.35
1643788800,538.35,542.81,538.03,538.03
1643875200,538.05,538.1,531.12,531.38
1643961600,529.04,533.71,522.52,523.45
1644220800,523.95,528.86,523.03,527.17
1644307200,527.19,530.93,525.97,528.11
1644393600,528.66,536.59,528.16,536.59
1644480000,536.62,541.51,533.31,535.02
1644566400,538.9,538.9,527.08,533.13
1644825600,536.21,536.21,512.73,521.98
1644912000,521.77,531.96,519.07,531.7
1644998400,530.79,536.04,529.12,530.57
1645084800,530.52,531.82,524.02,526.45
1645171200,526.37,528.18,515.94,517.77
1645430400,516.29,522.67,503.27,507.65
1645516800,509.45,509.45,493.47,504.75
1645603200,504.5,511.16,500.02,501.63
1645689600,505.18,505.18,473.42,480.71
1645776000,476.55,497.69,476.55,497.56
1646035200,499.94,499.94,480.33,492.59
1646121600,492.43,492.43,474.19,474.28
1646208000,476.35,479.93,467.03,475.94
1646294400,474.72,477.35,464.43,465.47
1646380800,465.41,465.41,444.48,444.54
1646640000,446.49,446.49,420.99,435.52
1646726400,435.52,445.65,430.23,437.14
1646812800,437.97,472.51,437.92,472.47
1646899200,472.04,472.38,455.46,458.89
1646985600,458.89,475.7,458.15,465.13
1647244800,465.45,480.93,465.45,475.46
1647331200,475.37,477.38,463.96,475.29
1647417600,475.29,495.63,475.29,491.87
1647504000,489.62,495.12,485.13,489.84
1647590400,489.82,490.54,480.18,489.33
1647849600,489.24,490.82,485.37,486.02
1647936000,485.97,491.93,485.97,490.62
1648022400,490.58,492.79,481.48,483.35
1648108800,483.31,486.55,479.92,482.04
1648195200,481.99,486.78,480.7,482.8
1648450800,482.8,494.26,482.8,486.71
1648537200,486.62,504.58,486.62,501.13
1648623600,501.04,501.04,491.24,493.17
1648710000,493.13,497.63,485.46,486.03
1648796400,486.16,489.47,485.59,487.13
1649055600,487.18,490.35,483.34,489.8
1649142000,489.71,492.39,484.02,486.13
1649228400,486.08,486.46,473.1,477.75
1649314800,477.7,482.66,474.89,475.18
1649401200,475.14,482.46,475.14,481.2
1649660400,481.2,482.24,475.41,477.8
1649746800,477.8,477.8,467.38,475.15
1649833200,475.15,475.15,469.24,473.3
1649919600,473.26,476.71,471.77,475.32
1650351600,475.32,477.02,470.32,475.54
1650438000,475.58,482.34,475.03,481.8
1650524400,481.8,489.83,481.8,485.99
1650610800,485.9,485.9,475.13,475.22
1650870000,475.08,475.08,465.66,468.05
1650956400,468.01,473.89,461.91,462.13
1651042800,462.04,464.61,455.27,462.36
1651129200,462.45,472.04,462.45,468.67
1651215600,468.62,472.89,468.11,469.64
1651474800,469.55,469.55,454.21,459.58
1651561200,459.62,464.33,458.54,462.16
1651647600,462.07,464.86,460.68,461.41
1651734000,461.37,469.44,453.99,455.47
1651820400,455.38,455.38,445.87,448.57
1652079600,448.57,448.57,438.12,438.21
1652166000,438.13,450.27,438.13,444.44
1652252400,444.31,454.39,444.28,454.26
1652338800,454.26,454.26,441.91,450.63
1652425200,450.58,457.36,450.33,457.02
1652684400,457.02,457.36,451.43,454.91
1652770800,454.91,462.69,454.91,461.86
1652857200,461.82,463.3,456.04,456.29
1652943600,456.29,456.29,444.46,450.91
1653030000,450.91,460.14,450.91,454.38
1653289200,454.42,461.78,454.42,460.55
1653375600,460.38,460.38,453.35,453.71
1653462000,453.71,457.38,451.58,456.01
1653548400,456.01,464.22,455.87,463.34
1653634800,463.39,469.43,463.39,469.33
1653894000,469.2,474.41,469.2,473.8
1653980400,473.66,473.8,466.94,468.49
1654066800,468.45,472.67,467.48,467.76
1654153200,467.81,471.82,467.81,471.22
1654239600,471.27,474.17,469.12,469.68
1654498800,469.68,477.15,469.68,475.26
1654585200,475.26,475.26,468.63,471.93
1654671600,471.98,473.29,466.13,468.6
1654758000,468.64,468.64,460.45,461
1654844400,461,461,446.17,446.78
1655103600,446.83,446.83,434.06,435.95
1655190000,435.95,440.27,431.85,432.63
1655276400,432.63,441.16,432.63,438.3
1655362800,438.35,438.35,423.35,424.49
1655449200,424.49,431.63,424.01,427.81
1655708400,427.76,432.32,427.21,432.24
1655794800,432.32,437.74,431.29,431.85
1655881200,431.85,431.85,421.3,427.65
1655967600,427.73,427.73,419.05,419.13
1656054000,419.17,427.37,418.39,426.16
1656313200,426.16,434.69,426.16,428.86
1656399600,428.82,434.37,428.82,429.57
1656486000,429.57,429.57,420.62,422.49
1656572400,422.49,422.49,408.11,413.74
1656658800,413.7,416.37,408.26,414.4
1656918000,414.32,417.86,412.02,412.95
1657004400,412.99,416.35,401.48,401.78
1657090800,401.74,409.93,401.74,406.68
1657177200,406.72,416.11,406.72,415.52
1657263600,415.52,421.92,413.12,421.84
1657522800,421.84,421.84,413.82,414.16
1657609200,414.08,415.57,407.78,415.49
1657695600,415.37,415.45,405.69,409.92
1657782000,409.96,411.18,399.5,402.51
1657868400,402.51,413.52,402.51,413.03
1658127600,413.15,419.67,413.12,416.48
1658214000,416.48,430.33,412.54,428.94
1658300400,428.98,431.97,423.47,429.04
1658386800,429,429.69,421.89,426.54
1658473200,426.54,430.69,424.27,426.7
1658732400,426.7,430.05,423.56,425.45
1658818800,425.45,425.45,419.32,420.84
1658905200,420.79,424.69,420.35,423.29
1658991600,423.33,427.53,422.66,427.23
1659078000,427.19,434.66,427.19,433.63
1659337200,433.68,437.44,433.24,434.55
1659423600,434.55,434.78,429.75,433.68
1659510000,433.64,438.57,431.32,438.16
1659596400,438.12,445.61,438.12,440.47
1659682800,440.47,441.9,437.24,437.61
1659942000,437.61,442.92,437.61,441.16
1660028400,441.16,441.16,435.17,435.71
1660114800,435.71,441.28,432.98,440.8
1660201200,440.84,442.87,439.24,440.53
1660287600,440.48,444.74,440.48,443.5
1660546800,443.41,445.32,440.61,443.55
1660633200,443.51,447.93,443.51,446.49
1660719600,446.53,447.44,436.36,436.93
1660806000,436.93,441.74,436.79,439.11
1660892400,439.2,439.2,433.5,434.29
1661151600,434.29,434.29,422.07,423.56
1661238000,423.52,426.01,421.23,423.11
1661324400,423.03,424.18,419.18,423.52
1661410800,423.52,428.22,422.79,425.17
1661497200,424.95,428.66,414.15,415.25
1661756400,415.21,415.3,408.86,413.52
1661842800,413.72,422.7,413.6,416.77
1661929200,416.68,419.41,412.52,413.15
1662015600,413.27,413.27,405.76,406.82
1662102000,406.78,420.4,406.76,420.28
1662361200,420.23,420.36,406.03,411.01
1662447600,410.97,416.7,410.88,414.63
1662534000,414.63,417.59,410.41,416.22
1662620400,416.22,419.16,408.43,415.36
1662706800,415.41,423.42,415.35,422.49
1662966000,422.45,434.24,422.45,432.71
1663052400,432.71,437.33,425.29,425.5
1663138800,425.5,425.94,417.99,420.43
1663225200,420.43,422.63,416.91,417.95
1663311600,417.91,417.91,409.96,411.73
1663570800,411.82,415.73,407.07,413.57
1663657200,413.57,417.94,407.93,409.12
1663743600,409.12,411.58,403.81,411.21
1663830000,411.13,412.17,403.49,404.31
1663916400,404.31,404.48,391.98,395.15
1664175600,395.07,397.56,391.54,392.96
1664262000,392.96,399.25,390.03,390.11
1664348400,390.03,392.03,380.81,391.58
1664434800,391.74,391.74,380.63,384.2
1664521200,384.16,389.63,384.06,388.63
1664780400,388.71,392.59,381.3,392.11
1664866800,392.11,406.7,392.11,406.61
1664953200,406.65,406.65,399.06,401.39
1665039600,401.19,405.68,398.19,399.74
1665126000,399.7,400.34,393.14,393.24
1665385200,393.2,398.32,389.71,393.08
1665471600,393.08,393.08,387.21,391.11
1665558000,391.07,393.52,387.29,389.55
1665644400,389.55,395.52,383.64,394.45
1665730800,394.49,404.52,394.41,397.54
1665990000,397.42,407.04,396.45,404.99
1666076400,404.99,414.39,404.99,408.99
1666162800,408.74,411.23,407.25,408.4
1666249200,408.45,410.8,404.29,409.03
1666335600,409.08,409.39,402.08,407.71
1666594800,407.63,416.57,407.63,413.77
1666681200,413.73,419.99,411.82,419.91
1666767600,419.87,423.75,418.26,423.54
1666854000,423.46,425.67,419.03,424.09
1666940400,424.09,424.09,418.43,423.07
1667203200,423.07,424.84,422.14,423.2
1667289600,423.28,429.46,423.26,426.12
1667376000,426.08,427.77,422.89,423.13
1667462400,423.13,423.13,414.83,417.74
1667548800,417.66,431.63,417.66,429.36
1667808000,429.44,434.19,426.92,431.92
1667894400,431.79,436.81,429.97,436.68
1667980800,436.68,436.88,432.19,435.68
1668067200,435.55,453.64,433.46,453.07
1668153600,453.2,457.69,453.2,456.44
1668412800,456.48,463.55,456.43,459.79
1668499200,459.79,463.18,457.55,461.86
1668585600,461.86,461.86,455.43,456.69
1668672000,456.6,462.71,454.39,458.86
1668758400,458.86,465.27,458.86,464.14
1669017600,464.01,464.01,459.73,461.19
1669104000,461.19,464.75,459.79,462.31
1669190400,462.44,463.73,459.64,461.92
1669276800,461.92,467.04,461.92,465.75
1669363200,465.8,466.78,464.29,466.1
1669622400,466.05,466.05,461.53,462.5
1669708800,462.5,464.76,461.1,462.72
1669795200,462.68,467.23,462.68,464.5
1669881600,464.37,470.2,464.37,467.52
1669968000,467.57,470.67,463.34,468.69
1670227200,468.74,468.74,464.38,466.04
1670313600,466,466.39,460.83,462.24
1670400000,462.24,463.51,458.07,459.51
1670486400,459.55,460.27,456.45,458.76
1670572800,458.72,462.32,456.83,461.96
1670832000,461.92,461.92,457.73,459.19
1670918400,459.02,471.57,459.02,465.53
1671004800,465.57,465.57,461.79,463.84
1671091200,463.84,463.84,448.14,448.51
1671177600,448.51,449.27,443.22,445.64
1671436800,445.6,448.92,445.6,446.85
1671523200,446.89,446.89,441.91,445.21
1671609600,445.09,452.43,445.09,452.21
1671696000,452.21,454.25,445.3,446.14
1671782400,446.14,449.03,444.61,446.88
1672128000,446.84,450.39,446.84,448.08
1672214400,448.12,449.3,445.78,446.17
1672300800,446.12,451.34,444.37,451.25
1672387200,451.3,451.3,446.09,446.34
1672646400,446.3,453.71,446.3,452.84
1672732800,452.84,460.12,452.72,456.84
1672819200,456.75,468.38,456.75,468.29
1672905600,468.25,470.54,466.96,468.31
1672992000,468.31,473.26,465.95,473.17
1673251200,473.17,480.59,473.17,479.04
1673337600,479.04,480.11,476,479.57
1673424000,479.48,486.4,479.48,485.4
1673510400,485.35,490.96,485.35,489.53
1673596800,489.53,491.27,488.01,489.44
1673856000,489.53,492.74,489.14,492.17
1673942400,492.08,496.01,489.98,493.33
1674028800,493.2,495.3,492.72,493.55
1674115200,493.5,493.5,483.94,484.55
1674201600,484.5,487.96,484.5,487.91
1674460800,487.87,491.91,487.83,490.29
1674547200,490.29,492.25,488.14,490.03
1674633600,489.99,490.45,485.96,489.92
1674720000,489.92,492.41,489.26,491.4
1674806400,491.35,493.99,490.93,493.58
1675065600,493.4,493.72,488.45,492.53
1675152000,492.49,493.06,488.28,492.67
1675238400,492.71,496.13,491.76,494.84
1675324800,494.75,506.51,494.75,505.89
1675411200,505.84,505.84,500.64,505.06
1675670400,505.06,505.06,498.85,501.01
1675756800,501.05,501.72,497.97,499.6
1675843200,499.6,503.82,499.6,501.37
1675929600,501.33,510.68,501.33,506
1676016000,505.95,506.11,494.58,496.34
1676275200,496.34,498.74,495.97,498.2
1676361600,498.2,503.31,497.66,498.33
1676448000,498.33,502.14,498.16,501.65
1676534400,501.74,505.15,497.97,501.56
1676620800,501.65,501.65,493.97,500.07
1676880000,500.12,502.14,499.09,500.4
1676966400,500.36,500.4,494.06,496.9
1677052800,496.85,496.92,491.9,496.67
1677139200,496.72,500.87,496.66,498.14
1677225600,498.14,499.82,487.32,487.42
1677484800,487.37,495.72,487.37,492.47
1677571200,492.57,494.62,489.33,492.14
1677657600,492.14,496.01,488.79,490.4
1677744000,490.44,491.17,485.31,490.98
1677830400,490.98,499.74,490.98,499.27
1678089600,499.32,502.69,499.28,501.94
1678176000,501.94,503.59,497.8,498.26
1678262400,498.26,501.7,496.54,500.63
1678348800,500.63,501.86,497.51,500.69
1678435200,500.64,500.64,490.72,494.57
1678694400,494.53,495.04,477.85,480.01
1678780800,480.01,489.36,479.71,487.88
1678867200,487.88,488.81,471.55,472.92
1678953600,472.92,481.27,470.09,479.56
1679040000,479.52,485.59,471.36,473.67
1679299200,473.67,480.59,463.72,479.04
1679385600,479,488.97,479,486.98
1679472000,486.85,490.35,486.31,487.84
1679558400,487.84,488.98,483.58,487.93
1679644800,487.93,487.93,474.62,479.75
1679900400,479.75,486.64,479.75,484.62
1679986800,484.53,489.05,483.8,485.08
1680073200,485.04,491.59,485.04,491.28
1680159600,491.46,498.39,491.3,497.86
1680246000,497.81,502.47,497.07,501.46
1680505200,501.46,502.02,498.28,499.24
1680591600,499.15,504.52,499.15,500.03
1680678000,500.03,500.98,495.93,497.29
1680764400,497.29,498.84,495.7,498.55
1681196400,498.55,502.85,498.55,500.68
1681282800,500.68,506.22,500.46,502.15
1681369200,502.15,503.77,500.82,503.15
1681455600,503.1,506.98,503.1,505.83
1681714800,505.83,508.25,503.98,504.56
1681801200,504.61,509.2,504.48,507.75
1681887600,507.7,508.72,505.92,508.16
1681974000,508.21,508.21,502.91,504.96
1682060400,504.96,508.6,502.23,508.08
1682319600,508.04,508.98,506.24,507.17
1682406000,507.21,508.02,504.94,507.42
1682492400,507.47,507.47,502.41,505.37
1682578800,505.37,506.9,502.23,505.28
1682665200,505.51,507.65,500.04,507.47
1683010800,507.47,509.36,499.35,499.98
1683097200,500.02,504.6,500.02,503.09
1683183600,503.05,503.27,496.06,499.14
1683270000,499.14,503.77,497.08,503.68
1683529200,503.68,504.46,502.27,502.91
1683615600,502.91,503.45,500.88,503.06
1683702000,503.11,503.72,499.11,500.68
1683788400,500.54,502.45,495.31,497.8
1683874800,497.76,498.32,495.4,497.25
1684134000,497.2,499.57,495.87,497.32
1684220400,497.41,498.56,494.61,495.49
1684306800,495.49,497.66,493.28,496.49
1684393200,496.49,504.02,496.49,502.05
1684479600,502.05,507.36,502.05,505.47
1684738800,505.52,505.52,503.22,503.93
1684825200,503.93,504.15,501.75,502.13
1684911600,502.18,502.18,491.43,492.56
1684998000,492.56,493.63,488.45,490.67
1685084400,490.67,497.35,488.47,496.47
1685343600,496.52,499.57,494.62,495.46
1685430000,495.69,499.07,493.69,494.17
1685516400,494.22,494.22,485.59,486.63
1685602800,486.73,492.53,486.73,491.78
1685689200,491.82,498.57,491.82,497.57
1685948400,497.57,499.55,494.1,495.04
1686034800,495.04,496.22,493.71,495.69
1686121200,495.69,496.96,493.17,495.02
1686207600,495.02,497.27,493.65,496.16
1686294000,496.16,496.57,493.81,494.81
1686553200,494.9,500.02,494.9,499.27
1686639600,499.27,503.77,499.27,503.73
1686726000,503.68,507.58,503.27,506.77
1686812400,506.68,506.68,502.27,506.24
1686898800,506.24,510.35,505.76,508.02
1687158000,508.02,508.02,502.44,502.87
1687244400,502.87,502.87,498.2,499.33
1687330800,499.38,500.58,496.44,497.1
1687417200,497.14,497.14,490.62,496.21
1687503600,496.3,496.3,490.38,493.26
1687762800,493.17,494.63,489.94,492.77
1687849200,492.77,495.62,491.2,494
1687935600,493.95,498.34,493.95,496.83
1688022000,496.79,498.54,495.85,496.74
1688108400,496.74,503.89,496.58,502.88
1688367600,502.88,504.89,500.5,500.92
1688454000,500.97,502.08,499.68,500.26
1688540400,500.26,500.26,495.01,496.02
1688626800,496.02,496.02,482.07,483.22
1688713200,483.22,487.41,480.96,485.54
1688972400,485.5,489.12,483.76,487.39
1689058800,487.35,491.71,487.05,491.37
1689145200,491.33,499.7,491.33,498.89
1689231600,498.89,503.96,498.05,502.61
1689318000,502.61,503.19,500.66,501.87
1689577200,501.87,501.87,498.28,500.42
1689663600,500.51,502.93,499.01,502.42
1689750000,502.42,506.14,500.76,502.08
1689836400,502.03,505.4,500.46,505.04
1689922800,504.99,505.2,501.91,504.22
1690182000,504.27,505.07,502.49,503.9
1690268400,503.94,506.3,502.36,505.78
1690354800,505.73,506.16,499.21,503.24
1690441200,503.2,513.03,503.2,512.89
1690527600,512.42,515.12,509.53,514.38
1690786800,514.29,516.15,513,513.55
1690873200,513.55,513.69,506.2,506.25
1690959600,506.3,506.3,496.63,498.28
1691046000,498.28,498.28,491.35,494.31
1691132400,494.26,496.87,490.82,496.27
1691391600,496.22,496.58,492.48,496.41
1691478000,496.41,496.41,488.63,490.71
1691564400,490.71,497.56,490.69,493.29
1691650800,493.33,500.48,493.33,498.58
1691737200,498.58,498.58,492.26,493.25
1691996400,493.2,496.79,492.74,495.56
1692082800,495.56,496.11,489.19,491.21
1692169200,491.21,492.61,489.75,492.02
1692255600,492.07,492.16,488.15,488.63
1692342000,488.63,488.63,482.41,485.55
1692601200,485.59,489.66,485.38,485.91
1692687600,485.91,492.06,485.91,489.08
1692774000,489.08,492.89,487.74,489.59
1692860400,489.59,494.83,486.02,486.17
1692946800,486.17,489.8,484.94,486.33
1693206000,486.28,491.44,486.28,490.94
1693292400,490.89,496.01,490.89,495.5
1693378800,495.54,496.37,491.98,493.37
1693465200,493.37,497.8,493.37,494.72
1693551600,494.81,496.17,491.56,491.77
1693810800,491.68,495.35,490.22,491.14
1693897200,491.14,491.35,486.97,489.38
1693983600,489.34,489.53,486.17,488.3
1694070000,488.3,489.19,485.4,486.56
1694156400,486.56,488.94,482.55,488.01
1694415600,488.01,492.22,488.01,491.29
1694502000,491.29,491.72,488.57,489.82
1694588400,489.87,490.09,484.97,487.39
1694674800,487.44,493.41,485.43,492.66
1694761200,492.66,498.45,492.66,495.27
1695020400,495.27,495.27,489.23,490.34
1695106800,490.38,491.29,487.6,488.71
1695193200,488.76,493.55,488.69,492.76
1695279600,492.76,492.76,486.13,487.03
1695366000,487.03,488.17,483.72,486.97
1695625200,486.97,487.32,479.36,481.72
1695711600,481.72,481.72,475.38,476.28
1695798000,476.28,477.72,474.05,474.76
1695884400,474.76,477.36,471.85,477.27
1695970800,477.27,483.39,477.27,479.32
1696230000,479.55,482.19,473.16,475.05
1696316400,475.01,475.26,469.29,469.75
1696402800,469.8,472.9,465.45,470.7
1696489200,470.75,472.47,468.93,469.62
1696575600,469.62,475.03,468.68,474.91
1696834800,474.86,474.86,470.14,472.02
1696921200,472.07,482.04,472.07,481.39
1697007600,481.3,483.47,479.42,482.54
1697094000,482.54,486.13,480.78,481.3
1697180400,481.3,481.38,474.45,474.79
1697439600,474.79,477.51,472.26,476.48
1697526000,476.44,477.37,471.57,475.65
1697612400,475.6,476.75,470.6,471.06
1697698800,471.06,471.42,467.44,469.37
1697785200,469.32,469.32,462.13,462.21
1698044400,462.26,463.41,456.7,461.87
1698130800,461.87,464.79,460.29,463.69
1698217200,463.69,465.38,460.78,464.01
1698303600,464.01,464.01,456.69,459.13
1698390000,459.22,462.48,457.43,457.96
1698652800,458.18,461.26,457.41,458.25
1698739200,458.25,462.31,458.25,461.16
1698825600,461.12,465.16,459.98,464.33
1698912000,464.33,473.61,464.33,471.78
1698998400,471.78,476.1,471.78,473.27
1699257600,473.23,474.95,470.98,471.85
1699344000,471.85,473.61,469.58,472.16
1699430400,472.11,476.04,469.64,474.2
1699516800,474.25,479.7,474.17,479.33
1699603200,479.33,479.33,473.06,475.11
1699862400,475.15,478.14,475.15,478.03
1699948800,477.99,487.21,477.99,486.65
1700035200,486.65,491.82,486.63,491.45
1700121600,491.4,495.38,490.82,493.05
1700208000,493.09,498.4,493.04,497.15
1700467200,497.11,498.59,494.29,495.92
1700553600,495.97,497.19,495.17,495.31
1700640000,495.27,498.5,495.27,497.03
1700726400,497.03,498.68,496.94,498.41
1700812800,498.36,499.94,497.51,499.59
1701072000,499.63,500.01,497.45,497.79
1701158400,497.79,498.36,495.82,498.27
1701244800,498.59,505.17,498,503.82
1701331200,503.78,507.21,503.78,505.09
1701417600,505.09,511.03,505.09,510.94
1701676800,510.94,512.97,510.21,511.72
1701763200,511.77,517.06,511.55,516.43
1701849600,516.48,522.14,516.48,520.13
1701936000,520.18,520.18,517.98,519.1
1702022400,519.05,523.35,518.86,522.58
1702281600,522.62,524.52,521.4,523.67
1702368000,523.72,525.58,522.6,523.32
1702454400,523.37,524.48,521.94,522.21
1702540800,522.21,530.21,519.59,522.55
1702627200,522.55,526.89,521.44,522.52
1702886400,522.57,522.63,518.18,519.02
1702972800,519.02,521.97,518.69,521.77
1703059200,521.87,523.72,520.52,521.73
1703145600,521.78,521.78,517.89,519.66
1703232000,519.61,520.8,518.42,520.01
1703664000,520.06,522.17,519.65,521.15
1703750400,521.15,522.33,519.05,519.51
1703836800,519.51,521.47,519.51,521.16
1704182400,521.16,527.58,517.79,521.46
1704268800,521.46,522.81,513.44,515.25
1704355200,515.25,517.73,513.75,517.43
1704441600,517.38,518.39,511.92,516.64
1704700800,516.64,519.44,513.15,519.35
1704787200,519.35,520.01,515.82,518.18
1704873600,518.18,520.02,516.68,517.6
1704960000,517.6,522.39,512.5,512.68
1705046400,512.78,518.02,512.78,516.38
1705305600,516.38,517.52,513.51,513.95
1705392000,514,514,509.41,512.51
1705478400,512.51,512.51,505.04,507.68
1705564800,507.68,511.76,506.75,511.3
1705651200,511.3,514.11,510.07,511.23
1705910400,511.23,516.01,511.23,515.05
1705996800,515.05,517.14,513.77,513.82
1706083200,513.77,523.38,513.77,522.58
1706169600,522.58,523.05,518.93,522.7
1706256000,522.7,524.37,520.26,523.89
1706515200,523.89,523.89,520.02,522.62
1706601600,522.43,524.7,522.25,523.15
1706688000,523.1,523.88,520.83,521.49
1706774400,521.54,522.2,518.82,520.22
1706860800,520.17,524.11,520.17,521.04
1707120000,520.99,522.8,519.26,520.48
1707206400,520.43,524.18,518.53,523.59
1707292800,523.59,523.87,519.02,519.5
1707379200,519.5,523.07,518.77,521.12
1707465600,521.08,521.45,517.37,518.93
1707724800,518.93,523.25,518.93,523.07
1707811200,522.97,522.97,516.81,518.14
1707897600,518.14,520.67,517.42,520.35
1707984000,520.35,525.56,520.28,524.65
1708070400,524.6,530.05,524.6,527.27
1708329600,527.27,527.63,525.74,527.35
1708416000,527.3,527.3,524.99,526.25
1708502400,526.3,529.2,525.94,527.63
1708588800,527.63,537.68,527.63,535.87
1708675200,535.87,538.07,535.24,537.03
1708934400,537.08,537.92,535.72,536.86
1709020800,536.91,541.69,536.11,541.35
1709107200,541.3,542.22,540.08,540.9
1709193600,540.85,545.58,540.67,543.5
1709280000,543.5,547.99,543.5,545.72
1709539200,545.72,546.79,543.32,544.33
1709625600,544.28,544.81,541.65,543.26
1709712000,543.26,544.84,542.23,543.51
1709798400,543.51,548.88,540.63,547.81
1709884800,547.81,548.95,546.45,547.19
1710144000,547.19,547.19,542.57,546.08
1710230400,546.08,553.27,546.08,552.96
1710316800,552.96,554.31,552.23,552.73
1710403200,552.68,554.87,550.14,551.39
1710489600,551.39,554.11,550.24,550.34
1710748800,550.4,552.5,548.86,549.91
1710835200,549.91,551.21,548.76,551.05
1710921600,551.1,552.39,549.52,551.33
1711008000,551.38,556.42,551.38,555.39
1711094400,555.39,556.83,554.08,556.21
1711353600,556.21,559.14,555.54,558.58
1711440000,558.63,563.56,558.45,562.41
1711526400,562.36,566.33,562.36,565.4
1711612800,565.4,567.03,565.28,566.57
1712041200,566.62,569.14,560.83,561.14
1712127600,561.08,564.53,561.08,564.25
1712214000,564.2,566.42,563.47,565.82
1712300400,565.76,565.76,556.15,557.99
1712559600,557.99,562.5,557.99,562.31
1712646000,562.31,562.31,555.63,556.29
1712732400,556.29,562.06,553.46,557.14
1712818800,557.14,557.14,548.21,550.92
1712905200,550.87,557.16,547.95,550.1
1713164400,550.2,558.09,550.2,552.85
1713250800,552.85,552.85,542.82,544.36
1713337200,544.36,549.08,543.34,544.89
1713423600,544.89,548.46,544.1,547.57
1713510000,547.51,547.57,541.6,545.04
1713769200,545.09,550.29,545.06,549.19
1713855600,549.24,556.75,549.24,556.47
1713942000,556.47,558.92,553.66,554.8
1714028400,554.8,555.2,547.48,551.21
1714114800,551.16,557.79,551.16,556.6
1714374000,556.6,558.99,555.27,555.54
1714460400,555.49,556.76,549.27,549.85
1714633200,549.9,551.69,548.41,548.97
1714719600,548.97,555.52,548.97,552.14
1714978800,552.14,557.02,551.58,556.13
1715065200,556.07,564.51,556.07,564.02
1715151600,564.08,566.5,563.07,565.42
1715238000,565.42,566.6,561.23,566.06
1715324400,566.06,571.17,566.06,569.48
1715583600,569.43,570.55,567.88,568.94
1715670000,568.94,569.53,566.31,568.94
1715756400,568.89,574.16,568.89,573.31
1715842800,573.31,573.46,566.39,567.2
1715929200,567.2,567.2,563.21,565.24
1716188400,565.24,567.83,565.24,566.64
1716274800,566.58,566.58,562.32,564.84
1716361200,564.84,564.93,561.85,563.9
1716447600,563.9,565.89,561.95,563.39
1716534000,563.29,564.74,558.33,564.33
1716793200,564.33,567.02,564.12,566.97
1716879600,566.92,569.5,563.45,564.84
1716966000,564.79,564.79,557.38,558.42
1717052400,558.42,559.77,555.82,559.06
1717138800,559.01,561.7,557.87,560.56
1717398000,560.56,566.51,560.56,564
1717484400,563.95,564.03,555.95,557.88
1717570800,557.88,564.49,557.88,562.81
1717657200,562.76,568.36,562.76,564.35
1717743600,564.4,564.4,557.86,561.9
1718002800,561.85,561.85,556.11,559.9
1718089200,559.9,561.33,553.41,556.01
1718175600,556.01,563.99,556.01,563.05
1718262000,563,563.03,552.11,552.61
1718348400,552.56,553.88,543.33,544.89
1718607600,544.94,549.18,543.84,546.15
1718694000,546.15,550.37,546.13,547.81
1718780400,547.81,548.27,545.56,546.28
1718866800,546.28,551.83,546.28,551.78
1718953200,551.78,551.85,546.46,548.34
1719212400,548.29,555.2,548.29,554.22
1719298800,554.17,554.17,550.07,552.92
1719385200,552.92,558.23,549.39,552.44
1719471600,552.49,555.71,552.21,554.18
1719558000,554.18,559.43,554.18,555.32
1719817200,555.27,562.18,555.27,556.87
1719903600,556.87,556.87,548.97,552.69
1719990000,552.69,558.98,552.69,558.31
1720076400,558.36,560.98,558.36,560.47
1720162800,560.52,565.86,558.73,560.61
1720422000,560.56,565.4,559.78,560.53
1720508400,560.48,560.52,553.4,554.2
1720594800,554.15,559.8,554.15,559.37
1720681200,559.27,564.89,559.27,563.94
1720767600,563.94,571.4,563.94,570.37
1721026800,570.37,570.37,564.83,565.27
1721113200,565.16,565.16,560.73,562.72
1721199600,562.72,563.55,558.2,561.24
1721286000,561.19,564.43,559.45,559.56
1721372400,559.61,559.61,553.1,553.42
1721631600,553.37,562.73,553.37,560.87
1721718000,560.87,566.83,559.97,563.8
1721804400,563.8,563.8,557.37,558.86
1721890800,558.91,558.91,550.21,555.97
1721977200,555.97,559.23,553.4,558.89
1722236400,558.84,562.8,555.93,556.35
1722322800,556.61,560.55,556.43,558.69
1722409200,558.74,561.75,556.97,559.5
1722495600,559.45,559.55,546.71,547.15
1722582000,547.2,547.2,533.14,534.49
1722841200,534.49,534.49,515.1,524.67
1722927600,524.67,529.18,520.12,523.85
1723014000,523.9,533.38,523.9,531.63
1723100400,531.68,534.86,527.13,534.35
1723186800,534.35,537.52,532.43,535.71
1723446000,535.71,538.97,534.59,536.03
1723532400,536.03,538.6,534.03,538.34
1723618800,538.34,541.83,538.34,540.68
1723705200,540.68,550.01,540.68,549.43
1723791600,549.43,554.92,549.43,554.17
1724050800,554.22,558.4,553.59,557.06
1724137200,557.16,559.04,554.91,555.24
1724223600,555.24,559.05,554.86,558.05
1724310000,558.05,561.16,557.88,559.58
1724396400,559.58,564.97,559.58,563.97
1724655600,564.07,564.38,561.53,563.7
1724742000,563.65,567.27,563.65,565.85
1724828400,565.9,571.24,565.9,569.44
1724914800,569.38,573.76,569.38,573.13
1725001200,573.08,575.62,572.7,573.77
1725260400,573.77,575.36,569.93,575.04
1725346800,575.04,576.94,569.03,569.7
1725433200,569.75,569.75,563.56,565.69
1725519600,565.69,569.31,563.42,566.47
1725606000,566.47,566.97,557.38,558.25
1725865200,558.3,563.24,558.3,562.01
1725951600,562.01,562.85,554.42,555.49
1726038000,555.49,560.72,554.19,557.69
1726124400,557.69,565.69,557.69,563.31
1726210800,563.31,569.8,563.31,569.03
1726470000,569.13,569.13,565.7,567.04
1726556400,567.09,572.2,566.99,569.64
1726642800,569.64,571.16,569.05,569.69
1726729200,569.74,578.72,569.74,576.59
1726815600,576.59,576.68,567.79,568.2
1727074800,568.2,572.11,566.67,571.58
1727161200,571.63,577.31,571.63,576.18
1727247600,576.18,576.18,572.82,574.75
1727334000,574.75,584.79,574.75,584.36
1727420400,584.67,593,583.89,592.41
1727679600,592.52,592.52,587.44,588.41
1727766000,588.52,591.49,582.84,585.25
1727852400,585.25,586.57,581.07,584.27
1727938800,584.22,584.22,578.55,580.06
1728025200,580.12,584.85,578.5,583.49
1728284400,583.49,584.53,580.34,582.96
1728370800,582.91,583.02,576.95,581.03
1728457200,581.08,586.24,579.12,586.06
1728543600,586,587.17,583.18,584.72
1728630000,584.67,588.36,583.19,588.2
1728889200,588.2,592.21,588.2,591.88
1728975600,591.83,595.15,590.87,591.6
1729062000,591.6,592.71,588.84,590.02
1729148400,590.02,595.82,589.86,593.15
1729234800,593.15,595.94,591.9,595.78
1729494000,595.73,595.73,589.45,589.66
1729580400,589.66,591.82,585.19,586.73
1729666800,586.73,587.79,584,584.84
1729753200,584.84,590.9,584.83,587.08
1729839600,587.08,588.99,585.12,587.38
1730102400,587.43,590.52,585.51,589.68
1730188800,589.74,592.78,587.06,587.41
1730275200,587.41,587.46,579.08,580.68
1730361600,580.68,580.68,572.55,575.21
1730448000,575.21,581.54,575.03,580.42
1730707200,580.42,581.77,577.37,577.47
1730793600,577.47,580.48,576.14,580.32
1730880000,580.32,588.91,571.72,572.92
1730966400,572.92,583.67,572.92,581.28
1731052800,581.28,582.77,574.71,576.5
1731312000,576.55,586.03,576.55,583.02
1731398400,583.02,583.02,570.04,570.76
1731484800,570.76,574.04,565.12,569.94
1731571200,569.94,579.96,568.94,578.72
1731657600,578.72,580.1,575.06,577.97
1731916800,577.91,580.17,574.23,577.12
1732003200,577.12,578.12,566.01,573.14
1732089600,573.14,576.53,569.5,570.77
1732176000,570.77,574.55,567.3,574.32
1732262400,574.32,580.34,570.92,580.29
1732521600,580.29,584.37,580.15,583.2
1732608000,583.2,583.2,578.32,580.2
1732694400,580.31,580.31,575.36,578.87
1732780800,578.87,583.26,578.87,582.75
1732867200,582.8,588.96,580.94,588.51
1733126400,588.51,597.59,586.72,597
1733212800,597,600,596.62,598.83
1733299200,598.83,605.12,598.81,604.04
1733385600,604.15,609.02,603.88,608.54
1733472000,608.54,610.59,607.71,609
1733731200,609.06,612.01,606.76,607.11
1733817600,607.05,608.31,604.6,606.64
1733904000,606.52,609.56,606.16,609.04
1733990400,609.1,610.69,608.05,608.5
1734076800,608.62,611.84,607.03,608.07
1734336000,608.12,608.12,605.38,605.6
1734422400,605.6,606.31,603.18,603.44
1734508800,603.44,605.89,602.89,602.94
1734595200,603,603,594.51,594.99
1734681600,594.99,594.99,585.88,592.68
1734940800,592.68,593.36,590.53,591.69
1735286400,591.74,595.46,589.76,595.39
1735545600,595.45,595.49,592.53,593.8
1735804800,593.74,596.81,590.34,595.45
1735891200,595.4,596.16,591.34,592.57
1736150400,592.57,601.78,592.57,601.65
1736236800,601.65,606.76,599.47,605.31
1736323200,605.31,608.66,601.56,604.47
1736409600,604.47,605.13,601.48,604.29
1736496000,604.29,606.52,600.15,600.88
1736755200,600.88,600.88,596.03,599.29
1736841600,599.4,605.92,599.4,603.66
1736928000,603.72,614.96,603.6,613.32
1737014400,613.32,615.7,612.26,614.72
1737100800,614.72,622.56,614.72,621.52
1737360000,621.52,626.38,620.41,624.01
1737446400,624.07,625.77,621.9,625.59
1737532800,625.59,633.5,625.59,630.86
1737619200,630.86,636.1,630.86,635.44
1737705600,635.38,638.62,632.95,634.23
1737964800,634.17,635.81,626.28,631.59
1738051200,631.59,637.77,630.4,636.26
1738137600,636.32,643.93,636.32,642.93
1738224000,642.62,645.62,642.62,645.47
1738310400,645.53,647.38,643.85,645.15
1738569600,645.09,645.55,631.29,636.19
1738656000,636.13,638.83,632.29,638.67
1738742400,638.73,640.75,635.23,640.69
1738828800,640.69,651.15,640.69,650.6
1738915200,650.6,652.65,646.76,647.53
1739174400,647.53,652.51,647.53,651.45
1739260800,651.39,654.87,650.62,654.61
1739347200,654.73,659.23,652.84,657.83
1739433600,657.77,673.23,657.77,672.9
1739520000,672.84,672.84,667.99,669.45
1739779200,669.45,678.46,669.07,678.06
1739865600,678.06,680.52,675.28,679.36
1739952000,679.36,682.03,667.03,667.61
1740038400,667.55,672.92,664.4,664.84
1740124800,664.91,667.27,663.03,665.42
1740384000,665.42,671.83,664.06,669.23
1740470400,669.23,673.87,665.97,669.61
1740556800,669.67,681.79,669.67,680.71
1740643200,680.71,680.71,669.49,674.69
1740729600,674.75,674.91,667.63,674.78
1740988800,674.91,695.74,673.38,691.38
1741075200,691.38,691.38,668.67,669.24
1741161600,669.43,693.52,668.16,690.22
1741248000,690.29,703.43,690.29,701.74
1741334400,701.67,701.67,685.49,690.47
1741593600,690.53,695.51,678.23,682.12
1741680000,682.18,688.83,670.41,672.37
1741766400,672.44,685.99,672.44,682.71
1741852800,682.64,684.7,675.52,680.63
1741939200,680.69,694.89,677.29,691.63
1742198400,691.76,696.16,689.74,695.67
1742284800,695.74,705.86,695.74,703.87
1742371200,703.74,704.27,695.48,699.58
1742457600,699.51,700.34,685.2,690.29
1742544000,690.36,690.36,682.32,687.06
1742803200,686.93,693.71,684.24,685
1742889600,685,694.5,685,691.96
1742976000,692.03,695.12,684.9,685.19
1743062400,685.19,685.19,674.63,680.36
1743148800,680.43,680.43,671.88,674.41
1743404400,674.41,674.41,660.51,666.08
1743490800,666.27,677.53,666.27,676.57
1743577200,676.63,676.63,665.77,672.59
1743663600,672.65,672.65,652.57,654.05
1743750000,653.87,653.87,615.96,621.76
1744009200,621.81,627.28,555.08,597.59
1744095600,597.53,618.34,597.53,612.65
1744182000,612.77,612.77,586.4,595.62
1744268400,595.78,640.37,595.45,619.77
1744354800,619.88,626.69,607.22,615.82
1744614000,615.88,635.89,615.88,633.39
1744700400,633.45,643.74,633.45,642.62
1744786800,642.62,644.85,634.21,644.68
1744873200,644.68,648.69,640.71,643.66
1745305200,643.5,648.18,640.6,648.05
1745391600,648.05,665.81,648.05,664.02
1745478000,664.08,668.49,658.28,668.01
1745564400,667.89,674.21,667.72,672.17
1745823600,672.11,676.53,670.49,671.14
1745910000,670.97,676.03,670.97,675.35
1745996400,675.47,680.78,669.36,677.06
1746169200,677,690.86,677,690.5
1746428400,690.5,696.88,687.92,696.35
1746514800,696.29,698.5,682.68,694.49
1746601200,694.43,696.44,690.49,691.23
1746687600,691.17,697.35,691.17,695.92
1746774000,695.98,699.04,695.72,698.18
1747033200,698.18,710.56,694.17,699.2
1747119600,699.14,702.23,698.6,701.15
1747206000,701.08,702.39,695.58,697.6
1747292400,697.72,701.62,690.26,701.43
1747378800,701.49,705.45,698.75,701.62