time,open,high,low,close
1259535600,9081.52,9353.74,9081.52,9345.55
1259622000,9345.55,9572.2,9233.2,9572.2
1259708400,9572.2,9643.32,9514.15,9608.94
1259794800,9608.94,9977.67,9608.94,9977.67
1259881200,9977.67,10022.59,9902.83,10022.59
1260140400,10022.59,10204.58,10022.59,10167.6
1260226800,10167.6,10167.6,10079.81,10140.47
1260313200,10140.47,10140.47,9985.97,10004.72
1260399600,10004.72,10035.92,9834.22,9862.82
1260486000,9862.82,10107.87,9862.82,10107.87
1260745200,10107.87,10126.61,10009.6,10105.68
1260831600,10105.68,10111.76,10033.9,10083.48
1260918000,10083.48,10222.22,10083.48,10177.41
1261004400,10177.41,10260.12,10163.8,10163.8
1261090800,10163.8,10163.8,10027.85,10142.05
1261350000,10142.05,10215.49,10142.05,10183.47
1261436400,10183.47,10378.03,10183.47,10378.03
1261609200,10378.03,10558.41,10378.03,10536.92
1261695600,10536.92,10546.97,10476.65,10494.71
1261954800,10494.71,10652.99,10494.71,10634.23
1262041200,10634.23,10683.12,10597.41,10638.06
1262127600,10638.06,10707.51,10546.44,10546.44
1262559600,10546.44,10694.49,10546.44,10654.79
1262646000,10654.79,10791.04,10654.79,10681.83
1262732400,10681.83,10768.61,10661.17,10731.45
1262818800,10731.45,10774,10636.67,10681.66
1262905200,10681.66,10816.45,10677.56,10798.32
1263250800,10798.32,10905.39,10763.68,10879.14
1263337200,10879.14,10879.14,10729.86,10735.03
1263423600,10735.03,10909.94,10735.03,10907.68
1263510000,10907.68,10982.1,10878.83,10982.1
1263769200,10982.1,10982.1,10781.03,10855.08
1263855600,10855.08,10866.83,10749.47,10764.9
1263942000,10764.9,10860.93,10724.57,10737.52
1264028400,10737.52,10886.64,10649.84,10868.41
1264114800,10868.41,10868.41,10528.33,10590.55
1264374000,10590.55,10590.55,10414.58,10512.69
1264460400,10512.69,10566.49,10324.98,10325.28
1264546800,10325.28,10373.82,10252.08,10252.08
1264633200,10252.08,10462.7,10252.08,10414.29
1264719600,10414.29,10414.29,10198.04,10198.04
1264978800,10198.04,10224.83,10129.91,10205.02
1265065200,10205.02,10396.48,10205.02,10371.09
1265151600,10371.09,10436.52,10356.03,10404.33
1265238000,10404.33,10438.41,10279.57,10355.98
1265324400,10355.98,10355.98,10036.33,10057.09
1265583600,10057.09,10063.53,9942.05,9951.82
1265670000,9951.82,9956.79,9867.39,9932.9
1265756400,9932.9,10049.87,9932.9,9963.99
1265929200,9963.99,10099.46,9963.99,10092.19
1266188400,10092.19,10119.47,10012.53,10013.3
1266274800,10013.3,10062.27,10013.3,10034.25
1266361200,10034.25,10306.83,10034.25,10306.83
1266447600,10306.83,10340.38,10285.05,10335.69
1266534000,10335.69,10354.42,10123.58,10123.58
1266793200,10123.58,10449.75,10123.58,10400.47
1266879600,10400.47,10400.47,10280.33,10352.1
1266966000,10352.1,10352.1,10129.65,10198.83
1267052400,10198.83,10267.43,10087.21,10101.96
1267138800,10101.96,10171.22,10085.13,10126.03
1267398000,10126.03,10215.15,10116.86,10172.06
1267484400,10172.06,10238.96,10150.3,10221.84
1267570800,10221.84,10274.09,10186.68,10253.14
1267657200,10253.14,10263.48,10134.37,10145.72
1267743600,10145.72,10376.41,10145.72,10368.96
1268002800,10368.96,10586.97,10368.96,10585.92
1268089200,10585.92,10593.27,10542.81,10567.65
1268175600,10567.65,10588.69,10547.34,10563.92
1268262000,10563.92,10664.95,10563.92,10664.95
1268348400,10664.95,10777.49,10664.95,10751.26
1268604000,10751.26,10808.84,10708.97,10751.98
1268690400,10751.98,10776.52,10716.2,10721.71
1268776800,10721.71,10864.3,10721.71,10846.98
1268863200,10846.98,10846.98,10731.66,10744.03
1268949600,10744.03,10826.76,10744.03,10824.72
1269295200,10824.72,10824.72,10766.65,10774.15
1269381600,10774.15,10880.62,10769.18,10815.03
1269468000,10815.03,10872.45,10808.71,10828.85
1269554400,10828.85,11001.59,10828.85,10996.37
1269813600,10996.37,10996.37,10901.2,10986.47
1269900000,10986.47,11108.82,10986.47,11097.14
1269986400,11097.14,11147.62,11085.55,11089.94
1270072800,11089.94,11272.73,11089.94,11244.4
1270159200,11244.4,11313.98,11235.98,11286.09
1270418400,11286.09,11408.17,11286.09,11339.3
1270504800,11339.3,11358.45,11217.25,11282.32
1270591200,11282.32,11350.57,11260.42,11292.83
1270677600,11292.83,11292.83,11159.45,11168.2
1270764000,11168.2,11204.87,11148.8,11204.34
1271023200,11204.34,11351.55,11204.34,11251.9
1271109600,11251.9,11251.9,11088.48,11161.23
1271196000,11161.23,11270.2,11161.01,11204.9
1271282400,11204.9,11316.66,11204.9,11273.79
1271368800,11273.79,11273.79,11084.72,11102.18
1271628000,11102.18,11102.18,10878.99,10908.77
1271714400,10908.77,10999.57,10890.82,10900.68
1271800800,10900.68,11093.3,10900.68,11090.05
1271887200,11090.05,11090.05,10866.23,10949.09
1271973600,10949.09,10967.12,10865.92,10914.46
1272232800,10914.46,11165.79,10914.46,11165.79
1272319200,11165.79,11213.45,11108.72,11212.66
1272405600,11212.66,11212.66,10882.4,10924.79
1272578400,10924.79,11092.52,10924.79,11057.4
1273096800,11057.4,11057.4,10682.61,10695.69
1273183200,10695.69,10695.69,10257.32,10364.59
1273442400,10364.59,10540.52,10362.34,10530.7
1273528800,10530.7,10643.28,10392.47,10411.1
1273615200,10411.1,10501.72,10345.19,10394.03
1273701600,10394.03,10638.23,10394.03,10620.55
1273788000,10620.55,10620.55,10390.77,10462.51
1274047200,10462.51,10462.51,10158.3,10235.76
1274133600,10235.76,10336.53,10197.74,10242.64
1274220000,10242.64,10242.64,10041.93,10186.84
1274306400,10186.84,10186.84,9999.59,10030.31
1274392800,10030.31,10030.31,9696.63,9784.54
1274652000,9784.54,9793.46,9693.07,9758.4
1274738400,9758.4,9758.4,9432.09,9459.89
1274824800,9459.89,9622.4,9459.89,9522.66
1274911200,9522.66,9642.16,9395.29,9639.72
1274997600,9639.72,9824.85,9639.72,9762.98
1275256800,9762.98,9831.73,9728.42,9768.7
1275343200,9768.7,9768.7,9658.44,9711.83
1275429600,9711.83,9763.41,9560.16,9603.24
1275516000,9603.24,9920.18,9603.24,9914.19
1275602400,9914.19,9962.42,9868.09,9901.19
1275861600,9901.19,9901.19,9502.62,9520.8
1275948000,9520.8,9587.65,9434.81,9537.94
1276034400,9537.94,9537.94,9378.23,9439.13
1276120800,9439.13,9544.04,9437.47,9542.65
1276207200,9542.65,9764.73,9542.65,9705.25
1276466400,9705.25,9882.05,9705.25,9879.85
1276552800,9879.85,9911.73,9826.44,9887.89
1276639200,9887.89,10109.86,9887.89,10067.15
1276725600,10067.15,10067.15,9989.21,9999.4
1276812000,9999.4,10029.11,9965.16,9995.02
1277071200,9995.02,10251.9,9995.02,10238.01
1277157600,10238.01,10238.01,10105.48,10112.89
1277244000,10112.89,10112.89,9912.8,9923.7
1277330400,9923.7,10009.37,9893.75,9928.34
1277416800,9928.34,9928.34,9697.87,9737.48
1277676000,9737.48,9762.23,9679.17,9693.94
1277762400,9693.94,9760.02,9548.98,9570.67
1277848800,9570.67,9570.67,9347.07,9382.64
1277935200,9382.64,9382.64,9147.68,9191.6
1278021600,9191.6,9259.14,9160.47,9203.71
1278280800,9203.71,9282.9,9203.71,9266.78
1278367200,9266.78,9351.11,9091.7,9338.04
1278453600,9338.04,9338.04,9223.8,9279.65
1278540000,9279.65,9545.99,9279.65,9535.74
1278626400,9535.74,9610.59,9516.97,9585.32
1278885600,9585.32,9632.89,9533.56,9548.11
1278972000,9548.11,9629.98,9502.24,9537.23
1279058400,9537.23,9807.36,9537.23,9795.24
1279144800,9795.24,9795.24,9667,9685.53
1279231200,9685.53,9685.53,9392.21,9408.36
1279576800,9408.36,9408.36,9247.76,9300.46
1279663200,9300.46,9404.07,9230.84,9278.83
1279749600,9278.83,9278.83,9176.12,9220.88
1279836000,9220.88,9474.11,9220.88,9430.96
1280095200,9430.96,9561.82,9430.96,9503.66
1280181600,9503.66,9541.59,9487.65,9496.85
1280268000,9496.85,9760.31,9496.85,9753.27
1280354400,9753.27,9753.27,9648.97,9696.02
1280440800,9696.02,9696.02,9505.64,9537.3
1280700000,9537.3,9676.41,9537.3,9570.31
1280786400,9570.31,9750.88,9570.31,9694.01
1280872800,9694.01,9694.01,9474.67,9489.34
1280959200,9489.34,9688.87,9489.34,9653.92
1281045600,9653.92,9658.04,9545.41,9642.12
1281304800,9642.12,9642.12,9523.63,9572.49
1281391200,9572.49,9667.04,9505.34,9551.05
1281477600,9551.05,9551.05,9283.6,9292.85
1281564000,9292.85,9292.85,9065.94,9212.59
1281650400,9212.59,9278.46,9163.25,9253.46
1281909600,9253.46,9253.46,9095.94,9196.67
1281996000,9196.67,9196.67,9084.24,9161.68
1282082400,9161.68,9280.59,9153.42,9240.54
1282168800,9240.54,9362.68,9240.54,9362.68
1282255200,9362.68,9362.68,9169.17,9179.38
1282514400,9179.38,9179.38,9090.96,9116.69
1282600800,9116.69,9116.69,8983.52,8995.14
1282687200,8995.14,8995.14,8807.41,8845.39
1282773600,8845.39,8910.62,8834.09,8906.48
1282860000,8906.48,9021.75,8810.46,8991.06
1283119200,8991.06,9280.7,8991.06,9149.26
1283205600,9149.26,9149.26,8819.26,8824.06
1283292000,8824.06,8932.15,8796.45,8927.02
1283378400,8927.02,9083.37,8927.02,9062.84
1283464800,9062.84,9141.09,9050.83,9114.13
1283724000,9114.13,9303,9114.13,9301.32
1283810400,9301.32,9311.02,9206.81,9226
1283896800,9226,9226,8997.63,9024.6
1283983200,9024.6,9136.26,9024.6,9098.39
1284069600,9098.39,9291.5,9098.39,9239.17
1284328800,9239.17,9390.9,9239.17,9321.82
1284415200,9321.82,9330.05,9258.18,9299.31
1284501600,9299.31,9578.53,9199.08,9516.56
1284588000,9516.56,9620.9,9479.63,9509.5
1284674400,9509.5,9643.28,9509.5,9626.09
1285020000,9626.09,9704.25,9579.83,9602.11
1285106400,9602.11,9625.41,9546.82,9566.32
1285279200,9566.32,9601.77,9415.96,9471.67
1285538400,9471.67,9613.47,9471.67,9603.14
1285624800,9603.14,9603.14,9471.35,9495.76
1285711200,9495.76,9600.93,9495.76,9559.38
1285797600,9559.38,9566.84,9369.35,9369.35
1285884000,9369.35,9470.36,9358.62,9404.23
1286143200,9404.23,9508.36,9358.82,9381.06
1286229600,9381.06,9538.35,9332.19,9518.76
1286316000,9518.76,9693.74,9518.76,9691.43
1286402400,9691.43,9716.92,9649.17,9684.81
1286488800,9684.81,9684.81,9588.88,9588.88
1286834400,9588.88,9650.2,9387.73,9388.64
1286920800,9388.64,9510.19,9388.64,9403.51
1287007200,9403.51,9614.44,9403.51,9583.51
1287093600,9583.51,9583.51,9478.64,9500.25
1287352800,9500.25,9564.85,9471.48,9498.49
1287439200,9498.49,9575.14,9489.68,9539.45
1287525600,9539.45,9539.45,9316.97,9381.6
1287612000,9381.6,9479.25,9326.78,9376.48
1287698400,9376.48,9457.62,9376.48,9426.71
1287957600,9426.71,9460.7,9392.68,9401.16
1288044000,9401.16,9455.04,9362.13,9377.38
1288130400,9377.38,9453.79,9329.86,9387.03
1288216800,9387.03,9413.68,9350.44,9366.03
1288303200,9366.03,9366.03,9179.15,9202.45
1288562400,9202.45,9258.32,9134.47,9154.72
1288648800,9154.72,9172.03,9123.62,9159.98
1288821600,9159.98,9377.76,9159.98,9358.78
1288908000,9358.78,9680.68,9358.78,9625.99
1289170800,9625.99,9737.01,9625.99,9732.92
1289257200,9732.92,9732.92,9659.86,9694.49
1289343600,9694.49,9842.9,9694.49,9830.52
1289430000,9830.52,9885.37,9830.52,9861.46
1289516400,9861.46,9861.46,9724.81,9724.81
1289775600,9724.81,9830.59,9724.81,9827.51
1289862000,9827.51,9908.3,9774.12,9797.1
1289948400,9797.1,9817.37,9693.21,9811.66
1290034800,9811.66,10013.63,9798.56,10013.63
1290121200,10013.63,10130.23,10013.63,10022.39
1290380400,10022.39,10157.97,10022.39,10115.19
1290553200,10115.19,10115.19,9904.92,10030.11
1290639600,10030.11,10123.27,10030.11,10079.76
1290726000,10079.76,10134.64,10039.56,10039.56
1290985200,10039.56,10149.94,10039.56,10125.99
1291071600,10125.99,10125.99,9937.04,9937.04
1291158000,9937.04,9988.05,9918.55,9988.05
1291244400,9988.05,10187.59,9988.05,10168.52
1291330800,10168.52,10254,10154.99,10178.32
1291590000,10178.32,10179.82,10143.58,10167.23
1291676400,10167.23,10167.23,10094.41,10141.1
1291762800,10141.1,10258.9,10141.1,10232.33
1291849200,10232.33,10298.25,10232.33,10285.88
1291935600,10285.88,10373.7,10194.27,10211.95
1292194800,10211.95,10293.89,10199.73,10293.89
1292281200,10293.89,10319.24,10267.22,10316.77
1292367600,10316.77,10340.69,10282.85,10309.78
1292454000,10309.78,10347.39,10282.54,10311.29
1292540400,10311.29,10327.42,10280.8,10303.83
1292799600,10303.83,10303.83,10182.74,10216.41
1292886000,10216.41,10372.51,10216.41,10370.53
1292972400,10370.53,10394.22,10327.6,10346.48
1293145200,10346.48,10346.48,10264.06,10279.19
1293404400,10279.19,10376.91,10279.19,10355.99
1293490800,10355.99,10355.99,10292.63,10292.63
1293577200,10292.63,10344.54,10276.61,10344.54
1293663600,10344.54,10344.54,10209.93,10228.92
1294095600,10228.92,10409.17,10228.92,10398.1
1294182000,10398.1,10413.45,10358.01,10380.77
1294268400,10380.77,10530.11,10380.77,10529.76
1294354800,10529.76,10550.71,10503.02,10541.04
1294700400,10541.04,10541.04,10476.29,10510.68
1294786800,10510.68,10576.51,10502.96,10512.8
1294873200,10512.8,10620.57,10512.8,10589.76
1294959600,10589.76,10589.76,10497.26,10499.04
1295218800,10499.04,10562.39,10482.69,10502.86
1295305200,10502.86,10548.21,10456.71,10518.98
1295391600,10518.98,10580.68,10518.98,10557.1
1295478000,10557.1,10557.1,10421.83,10437.31
1295564400,10437.31,10461.07,10257.99,10274.52
1295823600,10274.52,10347.94,10274.52,10345.11
1295910000,10345.11,10480.24,10345.11,10464.42
1295996400,10464.42,10464.42,10392.46,10401.9
1296082800,10401.9,10496.4,10401.9,10478.66
1296169200,10478.66,10480.08,10332.65,10360.34
1296428400,10360.34,10360.34,10182.57,10237.92
1296514800,10237.92,10299.38,10237.92,10274.5
1296601200,10274.5,10479.75,10274.5,10457.36
1296687600,10457.36,10457.36,10409.84,10431.36
1296774000,10431.36,10580.36,10431.36,10543.52
1297033200,10543.52,10644.21,10543.52,10592.04
1297119600,10592.04,10648.8,10592.04,10635.98
1297206000,10635.98,10701.92,10599.5,10617.83
1297292400,10617.83,10631.94,10570.62,10605.65
1297638000,10605.65,10725.54,10605.65,10725.54
1297724400,10725.54,10760.99,10712.49,10746.67
1297810800,10746.67,10842.31,10746.67,10808.29
1297897200,10808.29,10891.6,10808.29,10836.64
1297983600,10836.64,10862.43,10810.12,10842.8
1298242800,10842.8,10859.39,10789.41,10857.53
1298329200,10857.53,10857.53,10639.78,10664.7
1298415600,10664.7,10666.72,10569.93,10579.1
1298502000,10579.1,10579.1,10428.38,10452.71
1298588400,10452.71,10532.21,10452.71,10526.76
1298847600,10526.76,10628.76,10448.83,10624.09
1298934000,10624.09,10754.03,10624.09,10754.03
1299020400,10754.03,10754.03,10492.38,10492.38
1299106800,10492.38,10593.34,10492.38,10586.02
1299193200,10586.02,10768.43,10586.02,10693.66
1299452400,10620,10625,10427,10520
1299538800,10520,10625,10510,10620
1299625200,10620,10665,10515,10540
1299711600,10540,10550,10353,10373
1299798000,10373,10373,9958,10038
1300053600,9573,9810,9190,9228
1300140000,9228,9283,7855,9095
1300226400,9095,9133,8388,8533
1300312800,8533,9093,8428,9088
1300399200,9088,9353,9068,9273
1300658400,9215,9608,9215,9550
1300744800,9550,9643,9458,9550
1300831200,9550,9565,9375,9453
1300917600,9453,9593,9383,9578
1301004000,9578,9598,9468,9513
1301263200,9553,9553,9388,9396
1301349600,9396,9651,9381,9493
1301436000,9493,9809,9468,9769
1301522400,9769,9769,9664,9744
1301608800,9744,9839,9694,9809
1301868000,9775,9812,9710,9735
1301954400,9735,9735,9575,9685
1302040800,9685,9687,9572,9670
1302127200,9670,9695,9410,9540
1302213600,9540,9815,9540,9717
1302472800,9717,9780,9575,9600
1302559200,9600,9607,9485,9527
1302645600,9527,9670,9520,9574
1302732000,9574,9684,9554,9636
1302818400,9636,9656,9554,9596
1303077600,9586,9611,9366,9449
1303164000,9449,9549,9391,9546
1303250400,9546,9734,9521,9701
1303336800,9701,9729,9649,9649
1303682400,9649,9749,9626,9626
1303768800,9626,9684,9539,9644
1303855200,9644,9769,9636,9751
1303941600,9751,9949,9716,9934
1304028000,9934,9964,9889,9939
1304287200,9971,10049,9926,9954
1304373600,9954,9989,9874,9909
1304460000,9909,9949,9809,9834
1304546400,9834,9894,9684,9784
1304632800,9784,9929,9769,9786
1304892000,9879,9899,9779,9809
1304978400,9809,9996,9759,9929
1305064800,9929,9934,9714,9774
1305151200,9774,9839,9654,9749
1305237600,9749,9754,9551,9594
1305496800,9594,9629,9491,9514
1305583200,9514,9644,9501,9609
1305669600,9609,9719,9589,9709
1305756000,9709,9729,9599,9614
1305842400,9614,9674,9526,9529
1306101600,9529,9544,9384,9419
1306188000,9419,9539,9409,9489
1306274400,9489,9529,9414,9504
1306360800,9504,9574,9489,9519
1306447200,9519,9594,9486,9494
1306706400,9479,9539,9451,9499
1306792800,9499,9786,9494,9709
1306879200,9709,9729,9514,9534
1306965600,9534,9589,9509,9549
1307052000,9549,9604,9436,9459
1307311200,9459,9494,9329,9374
1307397600,9374,9494,9364,9429
1307484000,9429,9469,9375,9413
1307570400,9413,9568,9373,9523
1307656800,9523,9625,9403,9430
1307916000,9398,9473,9388,9448
1308002400,9448,9628,9438,9583
1308088800,9583,9593,9448,9478
1308175200,9478,9493,9343,9453
1308261600,9453,9453,9303,9373
1308520800,9373,9438,9333,9420
1308607200,9420,9553,9380,9530
1308693600,9530,9653,9528,9560
1308780000,9560,9650,9498,9628
1308866400,9628,9713,9600,9608
1309125600,9635,9700,9575,9678
1309212000,9678,9783,9638,9775
1309298400,9775,9868,9740,9855
1309384800,9855,9928,9793,9883
1309471200,9883,10008,9843,9995
1309730400,9995,10008,9945,9973
1309816800,9973,10023,9955,10000
1309903200,10000,10093,9975,10048
1309989600,10048,10235,10030,10170
1310076000,10170,10195,10008,10053
1310335200,10053,10115,9873,9948
1310421600,9948,9970,9788,9898
1310508000,9898,10023,9888,9937
1310594400,9937,10004,9879,9927
1310680800,9927,10022,9924,10007
1310940000,10007,10019,9807,9937
1311026400,9937,10022,9884,10019
1311112800,10019,10072,9992,10034
1311199200,10034,10124,9977,10119
1311285600,10119,10172,10084,10142
1311544800,10142,10142,10042,10087
1311631200,10087,10139,10049,10062
1311717600,10062,10062,9907,9937
1311804000,9937,9967,9849,9879
1311890400,9879,9917,9752,9819
1312149600,9929,10044,9742,9867
1312236000,9867,9887,9629,9682
1312322400,9682,9699,9517,9689
1312408800,9689,9772,9277,9289
1312495200,9289,9427,9112,9327
1312754400,9179,9179,8704,8772
1312840800,8772,9197,8654,9169
1312927200,9169,9169,8732,8829
1313013600,8829,9137,8777,9087
1313100000,9087,9087,8852,9042
1313359200,9042,9157,9032,9129
1313445600,9129,9149,8987,9037
1313532000,9037,9112,8997,9037
1313618400,9037,9049,8672,8727
1313704800,8727,8799,8594,8634
1313964000,8689,8779,8597,8702
1314050400,8702,8854,8634,8812
1314136800,8812,8822,8622,8759
1314223200,8759,8869,8717,8747
1314309600,8747,8817,8637,8802
1314568800,8802,8964,8757,8962
1314655200,8962,9002,8877,8937
1314741600,8937,9087,8914,9014
1314828000,9014,9102,8977,8982
1314914400,8982,9014,8807,8839
1315173600,8834,8847,8669,8682
1315260000,8682,8759,8589,8748
1315346400,8748,8875,8703,8860
1315432800,8860,8868,8743,8768
1315519200,8768,8798,8493,8550
1315778400,8550,8653,8428,8575
1315864800,8575,8660,8508,8618
1315951200,8618,8723,8485,8658
1316037600,8658,8798,8608,8785
1316124000,8785,8890,8768,8868
1316383200,8868,8868,8668,8740
1316469600,8740,8788,8678,8713
1316556000,8713,8768,8565,8623
1316642400,8623,8628,8328,8415
1316728800,8415,8538,8328,8505
1316988000,8505,8545,8318,8500
1317074400,8500,8773,8480,8662
1317160800,8662,8688,8528,8528
1317247200,8528,8773,8503,8718
1317333600,8718,8763,8563,8573
1317592800,8573,8598,8375,8408
1317679200,8408,8553,8333,8513
1317765600,8513,8538,8353,8488
1317852000,8488,8620,8478,8613
1317938400,8613,8670,8563,8605
1318197600,8605,8803,8605,8790
1318284000,8790,8810,8705,8728
1318370400,8728,8908,8690,8843
1318456800,8843,8855,8748,8780
1318543200,8780,8883,8738,8873
1318802400,8873,8953,8748,8748
1318888800,8748,8890,8688,8830
1318975200,8830,8835,8718,8748
1319061600,8748,8748,8643,8690
1319148000,8690,8753,8658,8740
1319407200,8740,8885,8740,8858
1319493600,8858,8868,8678,8680
1319580000,8680,8800,8653,8773
1319666400,8773,9098,8735,9088
1319752800,9088,9090,8998,9060
1320012000,9060,9160,8848,8873
1320098400,8873,8948,8678,8708
1320184800,8708,8730,8608,8650
1320271200,8650,8818,8558,8793
1320357600,8793,8818,8708,8758
1320620400,8758,8813,8683,8745
1320706800,8745,8770,8643,8730
1320793200,8730,8760,8538,8543
1320879600,8543,8573,8463,8528
1320966000,8528,8613,8463,8593
1321225200,8593,8663,8533,8553
1321311600,8553,8598,8493,8555
1321398000,8555,8565,8390,8433
1321484400,8433,8495,8358,8370
1321570800,8370,8453,8365,8393
1321830000,8393,8393,8228,8265
1321916400,8265,8358,8253,8285
1322002800,8285,8285,8138,8180
1322089200,8180,8220,8123,8140
1322175600,8140,8203,8108,8158
1322434800,8158,8418,8158,8378
1322521200,8378,8503,8355,8400
1322607600,8400,8678,8363,8650
1322694000,8650,8665,8558,8610
1322780400,8610,8753,8595,8650
1323039600,8650,8728,8643,8648
1323126000,8648,8668,8543,8630
1323212400,8630,8875,8613,8663
1323298800,8663,8703,8503,8535
1323385200,8535,8648,8528,8648
1323644400,8648,8668,8488,8520
1323730800,8520,8608,8448,8495
1323817200,8495,8523,8405,8430
1323903600,8430,8438,8363,8413
1323990000,8413,8443,8348,8353
1324249200,8353,8358,8265,8323
1324335600,8323,8488,8310,8455
1324422000,8455,8498,8383,8420
1324508400,8420,8543,8373,8515
1324594800,8515,8550,8478,8538
1325026800,8538,8538,8340,8360
1325113200,8360,8458,8333,8438
1325199600,8438,8468,8403,8410
1325545200,8405,8583,8405,8538
1325631600,8538,8573,8493,8503
1325718000,8503,8513,8443,8493
1325804400,8493,8493,8340,8345
1326063600,8328,8408,8308,8405
1326150000,8405,8473,8400,8435
1326236400,8435,8453,8408,8423
1326322800,8423,8463,8360,8445
1326409200,8445,8508,8418,8463
1326668400,8410,8433,8345,8423
1326754800,8423,8505,8405,8450
1326841200,8450,8623,8438,8598
1326927600,8598,8743,8598,8743
1327014000,8743,8788,8723,8783
1327273200,8750,8813,8745,8808
1327359600,8808,8843,8758,8833
1327446000,8833,8903,8813,8888
1327532400,8888,8913,8833,8843
1327618800,8843,8885,8798,8825
1327878000,8803,8830,8743,8758
1327964400,8758,8833,8758,8778
1328050800,8778,8898,8768,8860
1328137200,8860,8898,8848,8848
1328223600,8848,8943,8818,8913
1328482800,8943,8948,8873,8895
1328569200,8895,8958,8885,8953
1328655600,8953,9010,8950,8990
1328742000,8990,9043,8938,9013
1328828400,9013,9015,8893,8938
1329087600,8945,9055,8943,8973
1329174000,8973,9123,8965,9113
1329260400,9113,9310,9108,9225
1329346800,9225,9398,9210,9398
1329433200,9398,9493,9375,9480
1329692400,9568,9568,9428,9460
1329778800,9460,9513,9438,9468
1329865200,9468,9608,9440,9553
1329951600,9553,9618,9510,9578
1330038000,9578,9743,9573,9713
1330297200,9713,9738,9478,9568
1330383600,9568,9823,9530,9780
1330470000,9780,9875,9705,9780
1330556400,9780,9865,9638,9800
1330642800,9800,9818,9730,9818
1330902000,9818,9818,9628,9713
1330988400,9713,9735,9493,9535
1331074800,9535,9690,9515,9680
1331161200,9680,9905,9663,9898
1331247600,9898,10043,9845,10015
1331503200,10015,10025,9870,9933
1331589600,9933,10113,9875,10083
1331676000,10083,10138,10048,10123
1331762400,10123,10155,10068,10105
1331848800,10105,10188,10085,10085
1332108000,10085,10168,10068,10138
1332194400,10138,10158,10043,10105
1332280800,10105,10133,10048,10058
1332367200,10058,10133,9978,10005
1332453600,10005,10028,9913,10013
1332712800,10013,10163,10003,10158
1332799200,10158,10258,10050,10085
1332885600,10085,10246,10062,10120
1332972000,10120,10137,10000,10067
1333058400,10067,10165,10022,10165
1333317600,10165,10175,10015,10062
1333404000,10062,10075,9985,10040
1333490400,10040,10055,9670,9740
1333576800,9740,9797,9615,9700
1333663200,9700,9725,9485,9515
1333922400,9515,9600,9495,9557
1334008800,9557,9637,9325,9367
1334095200,9367,9520,9365,9465
1334181600,9465,9627,9432,9625
1334268000,9625,9672,9457,9457
1334527200,9457,9520,9412,9447
1334613600,9447,9602,9420,9597
1334700000,9597,9670,9560,9567
1334786400,9567,9645,9475,9557
1334872800,9557,9595,9512,9517
1335132000,9517,9625,9380,9450
1335218400,9450,9560,9400,9557
1335304800,9557,9610,9515,9602
1335391200,9602,9615,9485,9557
1335477600,9557,9680,9435,9515
1335736800,9515,9545,9385,9442
1335823200,9442,9450,9270,9375
1335909600,9375,9397,9240,9280
1335996000,9280,9335,9210,9227
1336082400,9227,9245,9117,9135
1336341600,9135,9210,9070,9180
1336428000,9180,9187,9015,9075
1336514400,9075,9080,8915,8980
1336600800,8980,9070,8960,8982
1336687200,8982,9027,8910,8957
1336946400,8957,9010,8825,8880
1337032800,8880,8940,8810,8850
1337119200,8850,8860,8695,8767
1337205600,8767,8855,8645,8677
1337292000,8677,8677,8520,8530
1337551200,8530,8695,8530,8692
1337637600,8692,8765,8670,8685
1337724000,8685,8687,8455,8527
1337810400,8527,8595,8472,8577
1337896800,8577,8602,8530,8575
1338156000,8575,8600,8537,8545
1338242400,8545,8652,8492,8617
1338328800,8617,8627,8457,8470
1338415200,8470,8545,8415,8447
1338501600,8447,8462,8192,8247
1338760800,8247,8345,8207,8302
1338847200,8302,8452,8287,8417
1338933600,8417,8655,8390,8620
1339020000,8620,8685,8565,8593
1339106400,8593,8595,8398,8578
1339365600,8578,8658,8450,8470
1339452000,8470,8600,8443,8565
1339538400,8565,8615,8508,8528
1339624800,8528,8623,8503,8615
1339711200,8615,8638,8543,8638
1339970400,8638,8763,8638,8690
1340056800,8690,8738,8630,8725
1340143200,8725,8828,8705,8800
1340229600,8800,8893,8713,8720
1340316000,8720,8838,8720,8828
1340575200,8828,8830,8623,8663
1340661600,8663,8713,8613,8675
1340748000,8675,8815,8643,8810
1340834400,8810,8880,8778,8813
1340920800,8813,9125,8793,9125
1341180000,9125,9125,8988,9015
1341266400,9015,9153,9013,9110
1341352800,9110,9130,9058,9068
1341439200,9068,9128,9015,9048
1341525600,9048,9073,8933,8985
1341784800,8985,8985,8853,8923
1341871200,8923,8965,8813,8823
1341957600,8823,8880,8795,8863
1342044000,8863,8863,8653,8690
1342130400,8690,8815,8673,8815
1342389600,8815,8815,8693,8718
1342476000,8718,8805,8713,8783
1342562400,8783,8808,8713,8803
1342648800,8803,8833,8773,8780
1342735200,8780,8788,8593,8615
1342994400,8615,8615,8413,8493
1343080800,8493,8510,8363,8398
1343167200,8398,8438,8320,8400
1343253600,8400,8575,8355,8558
1343340000,8558,8733,8508,8705
1343599200,8705,8705,8583,8588
1343685600,8588,8733,8575,8605
1343772000,8605,8680,8575,8648
1343858400,8648,8700,8503,8535
1343944800,8535,8698,8508,8680
1344204000,8680,8778,8680,8718
1344290400,8718,8938,8710,8890
1344376800,8890,8963,8823,8863
1344463200,8863,8998,8858,8930
1344549600,8930,8948,8833,8933
1344808800,8933,8933,8853,8900
1344895200,8900,8993,8895,8950
1344981600,8950,8963,8860,8963
1345068000,8963,9140,8955,9108
1345154400,9108,9248,9090,9248
1345413600,9248,9248,9148,9173
1345500000,9173,9245,9138,9158
1345586400,9158,9160,9033,9083
1345672800,9083,9198,9045,9063
1345759200,9063,9123,9008,9123
1346018400,9123,9148,9075,9133
1346104800,9133,9135,8985,9048
1346191200,9048,9098,9040,9068
1346277600,9068,9068,8898,8903
1346364000,8903,8933,8818,8853
1346623200,8853,8880,8763,8803
1346709600,8803,8808,8723,8770
1346796000,8770,8770,8638,8690
1346882400,8690,8873,8650,8868
1346968800,8868,8933,8805,8890
1347228000,8890,8890,8683,8815
1347314400,8815,8843,8773,8818
1347400800,8818,9010,8818,8955
1347487200,8955,9108,8930,9065
1347573600,9065,9263,9065,9240
1347832800,9240,9258,9103,9155
1347919200,9155,9213,9090,9165
1348005600,9165,9280,9130,9168
1348092000,9168,9208,9038,9110
1348178400,9110,9183,9083,9183
1348437600,9183,9183,9003,9035
1348524000,9035,9108,8925,8930
1348610400,8930,8960,8825,8865
1348696800,8865,8995,8845,8982
1348783200,8982,8990,8815,8827
1349042400,8827,8865,8760,8817
1349128800,8817,8842,8755,8777
1349215200,8777,8810,8730,8787
1349301600,8787,8885,8740,8850
1349388000,8850,8940,8800,8897
1349647200,8897,8897,8775,8817
1349733600,8817,8842,8650,8655
1349820000,8655,8657,8520,8520
1349906400,8520,8630,8515,8532
1349992800,8532,8595,8520,8547
1350252000,8547,8660,8490,8655
1350338400,8655,8805,8647,8770
1350424800,8770,8885,8762,8877
1350511200,8877,8995,8875,8955
1350597600,8955,9017,8850,8855
1350856800,8855,9085,8855,9070
1350943200,9070,9080,8875,8907
1351029600,8907,9047,8907,8960
1351116000,8960,9120,8950,9065
1351202400,9065,9082,8900,8975
1351461600,8975,8992,8880,8947
1351548000,8947,9005,8812,8927
1351634400,8927,8987,8820,8935
1351720800,8935,9065,8867,9057
1351807200,9057,9095,9005,9027
1352070000,9027,9040,8967,8990
1352156400,8990,9065,8957,9035
1352242800,9035,9040,8815,8867
1352329200,8867,8892,8735,8752
1352415600,8752,8790,8655,8742
1352674800,8742,8742,8672,8715
1352761200,8715,8725,8615,8667
1352847600,8667,8780,8655,8697
1352934000,8697,8907,8680,8900
1353020400,8900,9092,8892,9092
1353279600,9092,9225,9092,9192
1353366000,9192,9230,9085,9217
1353452400,9217,9355,9160,9352
1353538800,9352,9465,9302,9440
1353625200,9440,9450,9337,9432
1353884400,9432,9490,9345,9377
1353970800,9377,9452,9350,9367
1354057200,9367,9405,9215,9370
1354143600,9370,9470,9347,9447
1354230000,9447,9530,9377,9490
1354489200,9490,9525,9430,9435
1354575600,9435,9460,9380,9380
1354662000,9380,9535,9380,9525
1354748400,9525,9562,9500,9555
1354834800,9555,9572,9465,9540
1355094000,9540,9595,9470,9520
1355180400,9520,9595,9490,9590
1355266800,9590,9725,9565,9667
1355353200,9667,9787,9662,9748
1355439600,9748,9775,9673,9758
1355698800,9758,9963,9758,9870
1355785200,9870,10053,9840,10035
1355871600,10035,10188,10008,10143
1355958000,10143,10175,10010,10173
1356044400,10173,10175,9920,10093
1356303600,10093,10153,10058,10148
1356476400,10148,10355,10135,10330
1356562800,10330,10420,10295,10405
1356649200,10405,10445,10340,10340
1356908400,10340,10540,10310,10537
1357081200,10537,10855,10527,10835
1357167600,10835,10852,10700,10752
1357254000,10752,10792,10637,10750
1357513200,10750,10765,10525,10610
1357599600,10610,10610,10355,10407
1357686000,10407,10620,10377,10615
1357772400,10615,10805,10610,10805
1357858800,10805,10905,10735,10900
1358118000,10900,10990,10895,10965
1358204400,10965,10972,10755,10855
1358290800,10855,10860,10455,10620
1358377200,10620,10880,10410,10855
1358463600,10855,10970,10790,10955
1358722800,10955,10980,10695,10780
1358809200,10780,10845,10535,10642
1358895600,10642,10660,10415,10472
1358982000,10472,10820,10425,10810
1359068400,10810,11055,10795,10960
1359327600,10960,11005,10710,10750
1359414000,10750,10930,10715,10887
1359500400,10887,11170,10885,11062
1359586800,11062,11135,10990,11132
1359673200,11132,11310,11105,11270
1359932400,11270,11315,11100,11120
1360018800,11120,11265,11000,11262
1360105200,11262,11490,11250,11412
1360191600,11412,11437,11210,11315
1360278000,11315,11322,11025,11130
1360537200,11130,11500,11115,11490
1360623600,11490,11500,11300,11355
1360710000,11355,11355,11182,11300
1360796400,11300,11350,11195,11207
1360882800,11207,11330,11050,11302
1361142000,11302,11445,11302,11380
1361228400,11380,11425,11310,11407
1361314800,11407,11545,11382,11387
1361401200,11387,11425,11180,11270
1361487600,11270,11495,11155,11482
1361746800,11482,11670,11102,11235
1361833200,11235,11502,11200,11363
1361919600,11363,11453,11208,11443
1362006000,11443,11628,11408,11493
1362092400,11493,11725,11445,11708
1362351600,11708,11755,11608,11735
1362438000,11735,11838,11658,11825
1362524400,11825,12088,11795,12068
1362610800,12068,12163,11938,12118
1362697200,12118,12448,12065,12395
1362952800,12395,12405,12258,12398
1363039200,12398,12443,12188,12213
1363125600,12213,12343,12193,12303
1363212000,12303,12463,12235,12428
1363298400,12428,12543,12403,12458
1363557600,12458,12458,12210,12380
1363644000,12380,12498,12340,12443
1363730400,12443,12678,12383,12650
1363816800,12650,12673,12468,12520
1363903200,12520,12520,12333,12478
1364162400,12478,12603,12333,12440
1364248800,12440,12553,12408,12518
1364335200,12518,12520,12339,12471
1364421600,12471,12476,12254,12394
1364508000,12394,12404,12394,12404
1364767200,12404,12404,11989,12024
1364853600,12024,12169,11781,12131
1364940000,12131,12351,12109,12169
1365026400,12169,13009,12051,12979
1365112800,12979,13214,12736,13069
1365372000,13069,13423,13066,13420
1365458400,13420,13425,13118,13290
1365544800,13290,13503,13170,13498
1365631200,13498,13543,13380,13478
1365717600,13478,13530,13348,13383
1365976800,13383,13408,12960,12973
1366063200,12973,13408,12958,13333
1366149600,13333,13443,13138,13273
1366236000,13273,13385,13203,13263
1366322400,13263,13610,13203,13603
1366581600,13603,13648,13498,13590
1366668000,13590,13773,13478,13745
1366754400,13745,13948,13688,13913
1366840800,13913,14048,13838,13978
1366927200,13978,14003,13765,13793
1367186400,13793,13893,13718,13848
1367272800,13848,13905,13785,13855
1367359200,13855,13873,13750,13775
1367445600,13775,13893,13643,13858
1367532000,13858,14218,13853,14163
1367791200,14163,14238,14153,14183
1367877600,14183,14253,14063,14225
1367964000,14225,14438,14188,14380
1368050400,14380,14588,14183,14550
1368136800,14550,14793,14483,14760
1368396000,14760,14893,14733,14860
1368482400,14860,15093,14758,15078
1368568800,15078,15233,15005,15175
1368655200,15175,15198,14882,14974
1368741600,14974,15382,14902,15347
1369000800,15347,15387,15242,15309
1369087200,15309,15527,15267,15482
1369173600,15482,15987,15447,15657
1369260000,15657,15949,13987,14789
1369346400,14789,15014,13969,14297
1369605600,14297,14424,13679,13937
1369692000,13937,14652,13857,14429
1369778400,14429,14544,13837,13979
1369864800,13979,14084,13537,13817
1369951200,13817,13919,13422,13462
1370210400,13462,13599,12922,13209
1370296800,13209,13707,13052,13564
1370383200,13564,13734,12844,12859
1370469600,12859,13234,12287,12684
1370556000,12684,13294,12519,13219
1370815200,13219,13714,13194,13546
1370901600,13546,13619,12895,12993
1370988000,12993,13393,12803,12973
1371074400,12973,13185,12388,12978
1371160800,12978,13070,12478,12523
1371420000,12523,13203,12523,12938
1371506400,12938,13308,12923,13243
1371592800,13243,13475,13073,13160
1371679200,13160,13298,12763,12793
1371765600,12793,13453,12695,13345
1372024800,13345,13493,12808,13038
1372111200,13038,13238,12755,13190
1372197600,13190,13235,12754,13014
1372284000,13014,13442,12862,13377
1372370400,13377,13772,13332,13697
1372629600,13697,14027,13557,13912
1372716000,13912,14302,13887,14174
1372802400,14174,14264,13762,14069
1372888800,14069,14167,13914,14144
1372975200,14144,14433,14134,14413
1373234400,14413,14500,14058,14308
1373320800,14308,14483,14175,14423
1373407200,14423,14553,14233,14358
1373493600,14358,14558,14253,14558
1373580000,14558,14600,14405,14518
1373839200,14518,14738,14428,14698
1373925600,14698,14723,14428,14518
1374012000,14518,14683,14448,14645
1374098400,14645,14978,14623,14933
1374184800,14933,14953,14395,14815
1374444000,14815,14915,14503,14663
1374530400,14663,14848,14533,14730
1374616800,14730,14798,14618,14725
1374703200,14725,14748,14278,14385
1374789600,14385,14433,13838,13933
1375048800,13933,13947,13497,13524
1375135200,13524,13912,13514,13709
1375221600,13709,13827,13497,13607
1375308000,13607,14234,13577,14187
1375394400,14187,14517,14142,14304
1375653600,14304,14362,14194,14212
1375740000,14212,14402,14012,14177
1375826400,14177,14194,13697,13742
1375912800,13742,14027,13382,13644
1375999200,13644,13747,13492,13542
1376258400,13542,13652,13407,13609
1376344800,13609,13977,13607,13977
1376431200,13977,14053,13740,13870
1376517600,13870,13983,13480,13520
1376604000,13520,13735,13515,13620
1376863200,13620,13793,13540,13558
1376949600,13558,13733,13323,13408
1377036000,13408,13500,13240,13278
1377122400,13278,13633,13223,13570
1377208800,13570,13778,13563,13730
1377468000,13730,13765,13528,13535
1377554400,13535,13673,13188,13208
1377640800,13208,13439,13172,13352
1377727200,13352,13627,13342,13529
1377813600,13529,13622,13247,13314
1378072800,13314,13742,13314,13724
1378159200,13724,14007,13709,13889
1378245600,13889,14147,13832,14127
1378332000,14127,14174,13944,14087
1378418400,14087,14099,13687,13839
1378677600,13839,14369,13839,14327
1378764000,14327,14598,14284,14585
1378850400,14585,14598,14365,14470
1378936800,14470,14488,14198,14330
1379023200,14330,14433,14220,14420
1379282400,14420,14598,14418,14535
1379368800,14535,14583,14313,14458
1379455200,14458,14783,14403,14768
1379541600,14768,14933,14578,14900
1379628000,14900,14908,14678,14723
1379887200,14723,14788,14573,14650
1379973600,14650,14823,14598,14730
1380060000,14730,14763,14563,14615
1380146400,14615,14848,14398,14820
1380232800,14820,14843,14568,14608
1380492000,14608,14613,14323,14505
1380578400,14505,14645,14338,14473
1380664800,14473,14563,14003,14150
1380751200,14150,14205,13963,14058
1380837600,14058,14178,13920,14173
1381096800,14173,14173,13728,13733
1381183200,13733,13923,13718,13733
1381269600,13733,14128,13723,14053
1381356000,14053,14403,14028,14350
1381442400,14350,14513,14278,14513
1381701600,14513,14523,14253,14508
1381788000,14508,14548,14308,14368
1381874400,14368,14658,14333,14600
1381960800,14600,14668,14438,14608
1382047200,14608,14653,14493,14600
1382306400,14600,14735,14600,14705
1382392800,14705,14823,14638,14763
1382479200,14763,14783,14243,14328
1382565600,14328,14495,14263,14395
1382652000,14395,14443,14078,14190
1382911200,14190,14393,14183,14298
1382997600,14298,14483,14210,14483
1383084000,14483,14573,14418,14558
1383170400,14558,14558,14313,14413
1383256800,14413,14428,14113,14295
1383519600,14295,14328,14228,14313
1383606000,14313,14343,14113,14158
1383692400,14158,14403,14118,14395
1383778800,14395,14408,13878,13990
1383865200,13990,14278,13978,14243
1384124400,14243,14353,14203,14308
1384210800,14308,14598,14278,14590
1384297200,14590,14718,14483,14685
1384383600,14685,15083,14668,15060
1384470000,15060,15358,14993,15298
1384729200,15298,15318,15058,15160
1384815600,15160,15253,15010,15190
1384902000,15190,15238,15053,15145
1384988400,15145,15563,15130,15540
1385074800,15540,15583,15300,15513
1385334000,15513,15623,15458,15510
1385420400,15510,15578,15383,15400
1385506800,15400,15635,15365,15628
1385593200,15628,15718,15603,15688
1385679600,15688,15728,15493,15663
1385938800,15663,15833,15570,15745
1386025200,15745,15788,15423,15558
1386111600,15558,15565,15193,15415
1386198000,15415,15423,15048,15053
1386284400,15053,15583,15048,15550
1386543600,15550,15703,15543,15685
1386630000,15685,15690,15443,15530
1386716400,15530,15553,15278,15288
1386802800,15288,15533,15218,15498
1386889200,15498,15533,15235,15455
1387148400,15455,15455,15133,15323
1387234800,15323,15325,15193,15238
1387321200,15238,15888,15218,15888
1387407600,15888,15888,15728,15788
1387494000,15788,15903,15720,15890
1387753200,15890,16053,15833,16033
1387839600,16033,16033,15843,15863
1388012400,15863,16228,15863,16228
1388098800,16228,16273,16023,16248
1388358000,16248,16295,16143,16253
1388444400,16253,16303,16188,16298
1388617200,16298,16298,15928,15943
1388703600,15943,16043,15815,16030
1388962800,16030,16108,15678,15765
1389049200,15765,15920,15708,15890
1389135600,15890,16095,15870,15972
1389222000,15972,15980,15770,15865
1389308400,15865,15942,15670,15795
1389567600,15795,15815,15395,15465
1389654000,15465,15700,15337,15650
1389740400,15650,15815,15600,15805
1389826800,15805,15905,15560,15617
1389913200,15617,15800,15580,15715
1390172400,15715,15715,15530,15662
1390258800,15662,15862,15655,15760
1390345200,15760,15850,15585,15835
1390431600,15835,15925,15240,15385
1390518000,15385,15455,14895,14895
1390777200,14895,15065,14745,14895
1390863600,14895,15110,14877,15107
1390950000,15107,15345,14815,14935
1391036400,14935,15175,14810,15090
1391122800,15090,15122,14545,14570
1391382000,14570,14810,14103,14135
1391468400,14135,14308,13888,14233
1391554800,14233,14273,13953,14148
1391641200,14148,14443,14073,14408
1391727600,14408,14668,14273,14635
1391986800,14635,14708,14533,14613
1392073200,14613,14913,14548,14845
1392159600,14845,14863,14653,14755
1392246000,14755,14755,14285,14583
1392332400,14583,14645,14200,14438
1392591600,14438,14533,14200,14493
1392678000,14493,14903,14443,14788
1392764400,14788,14813,14638,14678
1392850800,14678,14728,14375,14538
1392937200,14538,14903,14533,14778
1393196400,14778,15043,14653,14943
1393282800,14943,15093,14845,14928
1393369200,14928,15079,14869,14904
1393455600,14904,15014,14691,14934
1393542000,14934,15009,14731,14929
1393801200,14929,14929,14434,14519
1393887600,14519,14979,14511,14954
1393974000,14954,14989,14874,14894
1394060400,14894,15326,14864,15309
1394146800,15309,15429,15146,15309
1394402400,15309,15309,15079,15234
1394488800,15234,15269,14990,15023
1394575200,15023,15050,14678,14845
1394661600,14845,14920,14353,14458
1394748000,14458,14498,14120,14218
1395007200,14218,14528,14170,14498
1395093600,14498,14538,14265,14450
1395180000,14450,14658,14288,14573
1395266400,14573,14578,14190,14340
1395352800,14340,14465,14268,14280
1395612000,14280,14523,14263,14370
1395698400,14370,14515,14290,14443
1395784800,14443,14568,14358,14388
1395871200,14388,14658,14208,14550
1395957600,14550,14828,14508,14773
1396216800,14773,14868,14703,14803
1396303200,14803,14890,14718,14890
1396389600,14890,15063,14863,15058
1396476000,15058,15158,14968,15063
1396562400,15063,15148,14788,14850
1396821600,14850,14883,14673,14688
1396908000,14688,14748,14268,14348
1396994400,14348,14523,14263,14498
1397080800,14498,14508,13950,14035
1397167200,14035,14063,13823,13873
1397426400,13873,14123,13808,14098
1397512800,14098,14153,13878,14148
1397599200,14148,14463,14128,14438
1397685600,14438,14518,14348,14493
1397772000,14493,14493,14478,14478
1398031200,14478,14648,14478,14548
1398117600,14548,14603,14338,14478
1398204000,14478,14553,14423,14528
1398290400,14528,14568,14263,14420
1398376800,14420,14560,14253,14315
1398636000,14315,14405,14218,14388
1398722400,14388,14478,14355,14438
1398808800,14438,14443,14198,14285
1398895200,14285,14488,14280,14470
1398981600,14470,14563,14338,14368
1399240800,14368,14393,14248,14338
1399327200,14338,14343,14168,14233
1399413600,14233,14273,14018,14183
1399500000,14183,14250,14053,14078
1399586400,14078,14263,14063,14173
1399845600,14173,14318,14123,14313
1399932000,14313,14473,14308,14458
1400018400,14458,14458,14228,14253
1400104800,14253,14358,14018,14093
1400191200,14093,14163,14003,14163
1400450400,14163,14188,13898,14133
1400536800,14133,14140,13953,13983
1400623200,13983,14218,13923,14173
1400709600,14173,14428,14143,14380
1400796000,14380,14593,14373,14553
1401055200,14553,14618,14523,14613
1401141600,14613,14748,14548,14673
1401228000,14673,14713,14553,14638
1401314400,14638,14748,14565,14743
1401400800,14743,14743,14573,14703
1401660000,14703,15078,14703,15068
1401746400,15068,15088,14953,15055
1401832800,15055,15163,14978,15158
1401919200,15158,15163,15008,15143
1402005600,15143,15193,15033,15193
1402264800,15193,15203,15083,15148
1402351200,15148,15178,14903,15013
1402437600,15013,15068,14893,14938
1402524000,14938,15033,14798,14868
1402610400,14868,15148,14803,15055
1402869600,15055,15070,14853,14938
1402956000,14938,15048,14905,15013
1403042400,15013,15208,14993,15173
1403128800,15173,15393,15123,15378
1403215200,15378,15478,15293,15433
1403474400,15433,15443,15268,15318
1403560800,15318,15473,15243,15295
1403647200,15295,15373,15213,15333
1403733600,15333,15343,15213,15310
1403820000,15310,15315,15028,15138
1404079200,15138,15193,15050,15165
1404165600,15165,15438,15143,15415
1404252000,15415,15448,15348,15408
1404338400,15408,15448,15323,15443
1404424800,15443,15528,15420,15458
1404684000,15458,15478,15293,15303
1404770400,15303,15393,15203,15253
1404856800,15253,15368,15183,15368
1404943200,15368,15373,15003,15103
1405029600,15103,15223,15073,15178
1405288800,15178,15388,15178,15345
1405375200,15345,15443,15323,15400
1405461600,15400,15473,15353,15438
1405548000,15438,15468,15195,15213
1405634400,15213,15348,15103,15333
1405893600,15333,15373,15188,15265
1405980000,15265,15393,15253,15333
1406066400,15333,15378,15313,15353
1406152800,15353,15388,15233,15333
1406239200,15333,15543,15323,15423
1406498400,15423,15598,15413,15550
1406584800,15550,15698,15548,15610
1406671200,15610,15788,15593,15758
1406757600,15758,15773,15463,15468
1406844000,15468,15608,15398,15413
1407103200,15413,15538,15393,15503
1407189600,15503,15528,15168,15233
1407276000,15233,15293,15013,15088
1407362400,15088,15238,14963,14995
1407448800,14995,15063,14663,15008
1407708000,15008,15193,14973,15148
1407794400,15148,15233,15073,15128
1407880800,15128,15328,15103,15313
1407967200,15313,15348,15238,15338
1408053600,15338,15383,15203,15313
1408312800,15313,15433,15300,15430
1408399200,15430,15508,15413,15503
1408485600,15503,15573,15398,15555
1408572000,15555,15658,15518,15648
1408658400,15648,15650,15443,15548
1408917600,15548,15638,15450,15583
1409004000,15583,15613,15463,15548
1409090400,15548,15580,15445,15470
1409176800,15470,15480,15337,15405
1409263200,15405,15460,15345,15435
1409522400,15435,15475,15435,15472
1409608800,15472,15835,15470,15767
1409695200,15767,15825,15685,15705
1409781600,15705,15765,15605,15760
1409868000,15760,15807,15555,15675
1410127200,15675,15800,15650,15800
1410213600,15800,15815,15630,15650
1410300000,15650,15933,15630,15923
1410386400,15923,15937,15813,15927
1410472800,15927,15992,15867,15902
1410732000,15902,15917,15802,15912
1410818400,15912,15992,15837,15987
1410904800,15987,16074,15859,16034
1410991200,16034,16234,15999,16221
1411077600,16221,16369,16179,16294
1411336800,16294,16306,16154,16174
1411423200,16174,16219,16059,16104
1411509600,16104,16359,16059,16324
1411596000,16324,16434,16174,16191
1411682400,16191,16418,16100,16368
1411941600,16368,16393,16163,16258
1412028000,16258,16273,16073,16190
1412114400,16190,16243,15833,15873
1412200800,15873,15938,15373,15578
1412287200,15578,15973,15563,15913
1412546400,15913,15978,15753,15778
1412632800,15778,15923,15493,15493
1412719200,15493,15733,15458,15708
1412805600,15708,15743,15218,15253
1412892000,15253,15403,15053,15058
1413151200,15058,15163,14813,14823
1413237600,14823,15118,14803,14948
1413324000,14948,15103,14483,14693
1413410400,14693,14818,14370,14688
1413496800,14688,14888,14515,14880
1413756000,14880,15163,14880,15125
1413842400,15125,15180,14758,15085
1413928800,15085,15273,15000,15123
1414015200,15123,15463,15063,15365
1414101600,15365,15438,15233,15438
1414360800,15438,15448,15258,15338
1414447200,15338,15432,15263,15422
1414533600,15422,15677,15387,15649
1414620000,15649,15897,15567,15777
1414706400,15777,17027,15777,17014
1414969200,17014,17432,16932,17347
1415055600,17347,17352,16652,16922
1415142000,16922,17117,16772,17049
1415228400,17049,17092,16727,16952
1415314800,16952,16959,16674,16772
1415574000,16772,16952,16692,16922
1415660400,16922,17352,16857,17344
1415746800,17344,17454,17039,17222
1415833200,17222,17492,17104,17402
1415919600,17402,17517,17299,17474
1416178800,17474,17557,16877,17187
1416265200,17187,17442,17104,17419
1416351600,17419,17477,17282,17437
1416438000,17437,17457,17117,17259
1416524400,17259,17537,17102,17397
1416783600,17397,17577,17299,17484
1416870000,17484,17532,17324,17399
1416956400,17399,17437,17302,17339
1417042800,17339,17352,17172,17287
1417129200,17287,17502,17267,17429
1417388400,17429,17652,17379,17522
1417474800,17522,17817,17442,17772
1417561200,17772,17907,17687,17892
1417647600,17892,17912,17722,17849
1417734000,17849,18097,17757,18042
1417993200,18042,18077,17687,17744
1418079600,17744,17894,17307,17614
1418166000,17614,17627,17047,17159
1418252400,17159,17538,17032,17238
1418338800,17238,17530,17128,17138
1418598000,17138,17253,16653,16713
1418684400,16713,16888,16443,16558
1418770800,16558,17225,16548,17200
1418857200,17200,17583,17163,17553
1418943600,17553,17778,17468,17693
1419202800,17693,17783,17563,17773
1419289200,17773,17918,17713,17860
1419375600,17860,17883,17763,17818
1419548400,17818,17938,17765,17913
1419807600,17913,17948,17510,17730
1419894000,17730,17738,17188,17318
1419980400,17318,17398,17238,17295
1420153200,17295,17568,17265,17363
1420412400,17363,17538,17008,17085
1420498800,17085,17088,16530,16680
1420585200,16680,17153,16635,16983
1420671600,16983,17403,16963,17345
1420758000,17345,17383,16895,16895
1421017200,16895,17063,16728,16878
1421103600,16878,17213,16768,16928
1421190000,16928,17020,16533,16790
1421276400,16790,17198,16743,16773
1421362800,16773,17088,16548,17078
1421622000,17078,17138,16913,17063
1421708400,17063,17488,17053,17398
1421794800,17398,17408,17083,17343
1421881200,17343,17593,17153,17545
1421967600,17545,17593,17345,17413
1422226800,17413,17708,17283,17685
1422313200,17685,17770,17488,17670
1422399600,17670,17879,17522,17577
1422486000,17577,17852,17557,17839
1422572400,17839,17862,17472,17499
1422831600,17499,17687,17452,17687
1422918000,17687,17692,17272,17572
1423004400,17572,17747,17527,17537
1423090800,17537,17747,17457,17717
1423177200,17717,17927,17607,17814
1423436400,17814,17827,17532,17602
1423522800,17602,17872,17547,17834
1423609200,17834,18082,17794,18032
1423695600,18032,18037,17702,17927
1423782000,17927,18102,17847,18062
1424041200,18062,18077,17962,17967
1424127600,17967,18182,17897,18132
1424214000,18132,18342,18082,18252
1424300400,18252,18392,18219,18362
1424386800,18362,18547,18277,18527
1424646000,18527,18527,18407,18499
1424732400,18499,18702,18437,18672
1424818800,18672,18678,18548,18623
1424905200,18623,18913,18583,18865
1424991600,18865,18873,18710,18853
1425250800,18853,18978,18773,18928
1425337200,18928,18930,18653,18738
1425423600,18738,18743,18563,18690
1425510000,18690,18913,18648,18853
1425596400,18853,19088,18813,18855
1425852000,18855,18893,18695,18853
1425938400,18853,18913,18498,18543
1426024800,18543,18833,18523,18783
1426111200,18783,19218,18763,19193
1426197600,19193,19338,19103,19273
1426456800,19273,19458,19208,19385
1426543200,19385,19538,19343,19453
1426629600,19453,19598,19373,19475
1426716000,19475,19533,19288,19453
1426802400,19453,19668,19390,19638
1427061600,19638,19765,19593,19695
1427148000,19695,19793,19623,19683
1427234400,19683,19753,19483,19518
1427320800,19518,19600,19093,19378
1427407200,19378,19567,19049,19322
1427666400,19322,19586,19192,19542
1427752800,19542,19592,19142,19189
1427839200,19189,19229,18887,19172
1427925600,19172,19402,19077,19297
1428012000,19297,19507,19267,19297
1428271200,19297,19567,19209,19527
1428357600,19527,19817,19462,19732
1428444000,19732,19897,19667,19857
1428530400,19857,20077,19827,20039
1428616800,20039,20044,19842,20019
1428876000,20019,20019,19822,19857
1428962400,19857,19952,19772,19902
1429048800,19902,19917,19822,19859
1429135200,19859,19892,19747,19802
1429221600,19802,19822,19457,19552
1429480800,19552,19722,19482,19672
1429567200,19672,20062,19657,19994
1429653600,19994,20242,19967,20229
1429740000,20229,20257,20092,20144
1429826400,20144,20157,20002,20058
1430085600,20058,20143,19904,20034
1430172000,20034,20133,19914,19976
1430258400,19976,19982,19662,19788
1430344800,19788,19833,19312,19393
1430431200,19393,19739,19393,19700
1430690400,19700,19786,19582,19731
1430776800,19731,19777,19307,19374
1430863200,19374,19438,19165,19316
1430949600,19316,19449,19027,19358
1431036000,19358,19687,19286,19637
1431295200,19637,19674,19563,19577
1431381600,19577,19657,19442,19516
1431468000,19516,19835,19485,19627
1431554400,19627,19710,19457,19660
1431640800,19660,19850,19591,19776
1431900000,19776,20007,19732,19998
1431986400,19998,20179,19932,20136
1432072800,20136,20282,20103,20272
1432159200,20272,20314,20129,20226
1432245600,20226,20370,20117,20353
1432504800,20353,20460,20308,20406
1432591200,20406,20552,20308,20437
1432677600,20437,20652,20353,20620
1432764000,20620,20648,20435,20566
1432850400,20566,20629,20359,20443
1433109600,20443,20620,20399,20576
1433196000,20576,20613,20398,20416
1433282400,20416,20602,20393,20574
1433368800,20574,20578,20354,20433
1433455200,20433,20613,20360,20579
1433714400,20579,20579,20273,20280
1433800800,20280,20333,19921,20082
1433887200,20082,20259,20008,20101
1433973600,20101,20541,20075,20424
1434060000,20424,20455,20248,20325
1434319200,20325,20393,20198,20338
1434405600,20338,20363,20118,20284
1434492000,20284,20308,20113,20164
1434578400,20164,20212,19870,20118
1434664800,20118,20220,20058,20114
1434924000,20114,20588,20114,20526
1435010400,20526,20902,20516,20888
1435096800,20888,20962,20709,20748
1435183200,20748,20868,20723,20734
1435269600,20734,20880,20651,20841
1435528800,20841,20841,20040,20047
1435615200,20047,20368,20043,20214
1435701600,20214,20610,20208,20546
1435788000,20546,20590,20447,20496
1435874400,20496,20558,20422,20446
1436133600,20446,20446,19995,20277
1436220000,20277,20450,20082,20416
1436306400,20416,20420,19205,19290
1436392800,19290,19892,19095,19645
1436479200,19645,20130,19637,20073
1436738400,20073,20382,19905,20367
1436824800,20367,20517,20313,20499
1436911200,20499,20610,20379,20527
1436997600,20527,20687,20511,20663
1437084000,20663,20717,20595,20707
1437343200,20707,20804,20667,20768
1437429600,20768,20847,20605,20631
1437516000,20631,20678,20530,20641
1437602400,20641,20698,20515,20591
1437688800,20591,20631,20339,20381
1437948000,20381,20498,20050,20160
1438034400,20160,20423,20067,20339
1438120800,20339,20519,20198,20445
1438207200,20445,20580,20433,20544
1438293600,20544,20599,20459,20594
1438552800,20594,20594,20382,20500
1438639200,20500,20563,20413,20528
1438725600,20528,20822,20469,20756
1438812000,20756,20802,20573,20641
1438898400,20641,20742,20564,20651
1439157600,20651,20907,20598,20899
1439244000,20899,20931,20543,20641
1439330400,20641,20693,20080,20373
1439416800,20373,20663,20289,20584
1439503200,20584,20613,20470,20591
1439762400,20591,20678,20528,20653
1439848800,20653,20671,20439,20468
1439935200,20468,20516,20068,20076
1440021600,20076,20241,19583,19603
1440108000,19603,19700,18914,18989
1440367200,18989,19093,17160,17808
1440453600,17808,18848,17655,17728
1440540000,17728,18782,17640,18693
1440626400,18693,19056,18470,19009
1440712800,19009,19193,18930,19158
1440972000,19158,19158,18735,18788
1441058400,18788,18815,17729,17767
1441144800,17767,18469,17744,18304
1441231200,18304,18477,18159,18211
1441317600,18211,18301,17501,17622
1441576800,17622,18009,17459,17835
1441663200,17835,18057,17374,18000
1441749600,18000,18742,17976,18194
1441836000,18194,18401,17948,18226
1441922400,18226,18368,18025,18206
1442181600,18206,18393,17876,17976
1442268000,17976,18332,17828,18253
1442354400,18253,18487,18095,18467
1442440800,18467,18661,18250,18293
1442527200,18293,18358,17774,17879
1442786400,17879,18118,17769,18058
1442872800,18058,18106,17516,17666
1442959200,17666,17838,17443,17715
1443045600,17715,17810,17170,17532
1443132000,17532,18128,17467,17897
1443391200,17897,17955,17273,17368
1443477600,17368,17398,16893,17198
1443564000,17198,17535,17171,17481
1443650400,17481,17850,17384,17632
1443736800,17632,17879,17256,17879
1443996000,17879,18425,17869,18347
1444082400,18347,18363,18046,18161
1444168800,18161,18459,17985,18348
1444255200,18348,18400,18015,18273
1444341600,18273,18452,18178,18322
1444600800,18322,18430,18205,18345
1444687200,18345,18360,18078,18091
1444773600,18091,18121,17658,17730
1444860000,17730,18253,17708,18209
1444946400,18209,18403,18184,18366
1445205600,18366,18366,18084,18276
1445292000,18276,18276,18152,18204
1445378400,18204,18616,18153,18458
1445464800,18458,18886,18375,18880
1445551200,18880,19185,18759,19135
1445810400,19135,19135,18883,18983
1445896800,18983,19023,18758,18837
1445983200,18837,19168,18800,19147
1446069600,19147,19155,18805,18967
1446156000,18967,19203,18718,18874
1446418800,18874,19013,18632,18972
1446505200,18972,19115,18919,19025
1446591600,19025,19182,18875,19039
1446678000,19039,19345,19000,19233
1446764400,19233,19495,19171,19459
1447023600,19459,19692,19345,19435
1447110000,19435,19770,19408,19670
1447196400,19670,19787,19599,19669
1447282800,19669,19730,19435,19467
1447369200,19467,19632,19386,19410
1447628400,19410,19710,19236,19672
1447714800,19672,19890,19630,19801
1447801200,19801,19965,19651,19928
1447887600,19928,19963,19764,19829
1447974000,19829,19950,19716,19934
1448233200,19934,20052,19802,19852
1448319600,19852,19979,19765,19892
1448406000,19892,19937,19791,19895
1448492400,19895,20013,19895,20001
1448578800,20001,20020,19787,19892
1448838000,19892,19892,19711,19793
1448924400,19793,20031,19753,19984
1449010800,19984,20020,19780,19859
1449097200,19859,19972,19423,19535
1449183600,19535,19742,19385,19705
1449442800,19705,19822,19624,19732
1449529200,19732,19764,19239,19391
1449615600,19391,19469,18868,18974
1449702000,18974,19163,18948,19070
1449788400,19070,19286,18614,18705
1450047600,18705,18983,18533,18821
1450134000,18821,18960,18520,18873
1450220400,18873,19408,18852,19337
1450306800,19337,19546,19238,19242
1450393200,19242,19905,18780,18795
1450652400,18795,18978,18638,18918
1450738800,18918,18940,18705,18918
1450825200,18918,19113,18849,19083
1450911600,19083,19107,18730,18845
1451257200,18845,18952,18769,18870
1451343600,18870,19157,18782,19110
1451430000,19110,19127,18907,18929
1451516400,18929,18939,18727,18768
1451862000,18768,18954,18099,18317
1451948400,18317,18557,18148,18409
1452034800,18409,18465,17907,18055
1452121200,18055,18172,17474,17594
1452207600,17594,17987,17243,17291
1452466800,17291,17567,17123,17377
1452553200,17377,17551,17099,17396
1452639600,17396,17744,17179,17248
1452726000,17248,17592,16930,17486
1452812400,17486,17612,16584,16804
1453071600,16804,17037,16652,16856
1453158000,16856,17292,16764,17025
1453244400,17025,17075,15942,16367
1453330800,16367,16787,15796,16456
1453417200,16456,17280,16432,17230
1453676400,17230,17292,16802,16848
1453762800,16848,17100,16540,17011
1453849200,17011,17395,16959,17095
1453935600,17095,17270,16935,17102
1454022000,17102,17875,16747,17862
1454281200,17862,17907,17600,17760
1454367600,17760,17873,17370,17455
1454454000,17455,17472,16630,16987
1454540400,16987,17211,16700,16810
1454626800,16810,16889,16485,16562
1454886000,16562,17087,16210,16455
1454972400,16455,16455,15835,16124
1455058800,16124,16215,15425,15552
1455145200,15552,15621,15027,15216
1455231600,15216,15492,14782,15420
1455490800,15420,16162,15420,15939
1455577200,15939,16342,15749,15941
1455663600,15941,16214,15628,16147
1455750000,16147,16344,15931,15988
1455836400,15988,16044,15752,15844
1456095600,15844,16288,15776,16179
1456182000,16179,16347,15831,15848
1456268400,15848,16081,15540,15978
1456354800,15978,16279,15902,16259
1456441200,16259,16536,16195,16317
1456700400,16317,16467,15901,15992
1456786800,15992,16592,15854,16539
1456873200,16539,16830,16479,16693
1456959600,16693,16991,16651,16869
1457046000,16869,17176,16861,17030
1457305200,17030,17081,16773,16892
1457391600,16892,16906,16569,16671
1457478000,16671,16845,16495,16788
1457564400,16788,17176,16458,16683
1457650800,16683,17210,16559,17185
1457906400,17185,17315,17148,17259
1457992800,17259,17295,16878,16996
1458079200,16996,17104,16886,16956
1458165600,16956,17256,16567,16894
1458252000,16894,16936,16573,16773
1458511200,16773,16906,16640,16892
1458597600,16892,17111,16802,17054
1458684000,17054,17133,16881,16915
1458770400,16915,17045,16720,16895
1458856800,16895,16895,16894,16894
1459116000,16894,17172,16894,17120
1459202400,17120,17148,16948,17076
1459288800,17076,17118,16864,16992
1459375200,16992,17045,16723,16787
1459461600,16787,16801,16088,16164
1459720800,16164,16236,16023,16093
1459807200,16093,16117,15540,15648
1459893600,15648,15821,15563,15755
1459980000,15755,15864,15329,15420
1460066400,15420,16032,15410,15781
1460325600,15781,15901,15521,15692
1460412000,15692,16134,15664,16072
1460498400,16072,16669,16065,16617
1460584800,16617,16920,16614,16798
1460671200,16798,16925,16594,16603
1460930400,16603,16691,16245,16651
1461016800,16651,17153,16645,17038
1461103200,17038,17318,16849,17231
1461189600,17231,17415,17179,17201
1461276000,17201,17772,17138,17743
1461535200,17743,17770,17335,17458
1461621600,17458,17516,17200,17470
1461708000,17470,17510,17230,17455
1461794400,17455,17575,16124,16333
1461880800,16333,16353,15832,15865
1462140000,15865,16185,15857,16135
1462226400,16135,16149,15832,15971
1462312800,15971,16087,15820,15903
1462399200,15903,16130,15882,16058
1462485600,16058,16270,15847,16088
1462744800,16088,16427,16088,16270
1462831200,16270,16814,16197,16785
1462917600,16785,16822,16423,16431
1463004000,16431,16795,16368,16637
1463090400,16637,16819,16312,16392
1463349600,16392,16670,16294,16604
1463436000,16604,16783,16510,16571
1463522400,16571,16796,16509,16729
1463608800,16729,16839,16485,16604
1463695200,16604,16813,16544,16728
1463954400,16728,16745,16408,16520
1464040800,16520,16800,16468,16755
1464127200,16755,16993,16729,16931
1464213600,16931,16966,16733,16892
1464300000,16892,16933,16770,16913
1464559200,16913,17103,16910,17065
1464645600,17065,17258,16988,17082
1464732000,17082,17150,16745,16838
1464818400,16838,16861,16440,16618
1464904800,16618,16708,16260,16329
1465164000,16329,16682,16304,16656
1465250400,16656,16843,16530,16737
1465336800,16737,16854,16582,16804
1465423200,16804,16807,16505,16633
1465509600,16633,16698,16228,16334
1465768800,16334,16334,15930,15949
1465855200,15949,16081,15678,15778
1465941600,15778,16023,15740,15909
1466028000,15909,15950,15268,15581
1466114400,15581,15773,15455,15585
1466373600,15585,16093,15585,15923
1466460000,15923,16293,15760,16155
1466546400,16155,16183,15973,15980
1466632800,15980,16565,15978,16560
1466719200,16560,16668,14835,15168
1466978400,15168,15433,15020,15208
1467064800,15208,15598,14990,15585
1467151200,15585,15833,15393,15830
1467237600,15830,15830,15473,15735
1467324000,15735,15763,15553,15588
1467583200,15588,15825,15523,15723
1467669600,15723,15723,15383,15480
1467756000,15480,15480,15118,15385
1467842400,15385,15423,15235,15298
1467928800,15298,15403,15103,15368
1468188000,15368,16158,15368,16125
1468274400,16125,16579,16023,16511
1468360800,16511,16549,16199,16354
1468447200,16354,16644,16229,16554
1468533600,16554,16628,16404,16503
1468792800,16503,16673,16498,16633
1468879200,16633,16738,16513,16633
1468965600,16633,16883,16553,16850
1469052000,16850,16943,16479,16594
1469138400,16594,16710,16563,16623
1469397600,16623,16780,16538,16593
1469484000,16593,16608,16253,16450
1469570400,16450,16847,16415,16647
1469656800,16647,16677,16388,16603
1469743200,16603,16713,16048,16338
1470002400,16338,16678,16323,16473
1470088800,16473,16543,16008,16138
1470175200,16138,16280,15970,16102
1470261600,16102,16275,15915,16250
1470348000,16250,16498,16203,16438
1470607200,16438,16742,16438,16645
1470693600,16645,16782,16625,16690
1470780000,16690,16832,16655,16684
1470866400,16684,16932,16617,16904
1470952800,16904,16944,16789,16824
1471212000,16824,16944,16819,16871
1471298400,16871,16899,16531,16613
1471384800,16613,16771,16566,16678
1471471200,16678,16743,16483,16546
1471557600,16546,16616,16426,16491
1471816800,16491,16636,16491,16548
1471903200,16548,16663,16451,16569
1471989600,16569,16646,16520,16570
1472076000,16570,16663,16493,16520
1472162400,16520,16603,16340,16603
1472421600,16603,16781,16583,16698
1472508000,16698,16885,16686,16855
1472594400,16855,16920,16813,16890
1472680800,16890,17068,16843,16955
1472767200,16955,17165,16855,17135
1473026400,17135,17165,17007,17035
1473112800,17035,17105,16900,16947
1473199200,16947,17028,16890,16970
1473285600,16970,17008,16833,16990
1473372000,16990,17018,16763,16768
1473631200,16768,16793,16523,16783
1473717600,16783,16848,16526,16653
1473804000,16653,16723,16448,16483
1473890400,16483,16536,16345,16513
1473976800,16513,16538,16368,16383
1474236000,16383,16488,16353,16400
1474322400,16400,16594,16378,16480
1474408800,16480,16868,16375,16628
1474495200,16628,16963,16585,16908
1474581600,16908,16958,16673,16718
1474840800,16718,16733,16379,16433
1474927200,16433,16698,16289,16619
1475013600,16619,16619,16389,16572
1475100000,16572,16763,16475,16553
1475186400,16553,16613,16335,16580
1475445600,16580,16663,16548,16628
1475532000,16628,16868,16605,16780
1475618400,16780,16988,16723,16958
1475704800,16958,16978,16838,16948
1475791200,16948,16948,16748,16793
1476050400,16793,17008,16768,16963
1476136800,16963,17068,16813,16878
1476223200,16878,16980,16823,16935
1476309600,16935,16968,16668,16810
1476396000,16810,16973,16733,16888
1476655200,16888,16953,16823,16848
1476741600,16848,17018,16838,16945
1476828000,16945,17023,16938,16993
1476914400,16993,17290,16974,17279
1477000800,17279,17298,17123,17248
1477260000,17248,17363,17163,17348
1477346400,17348,17425,17303,17335
1477432800,17335,17388,17268,17367
1477519200,17367,17493,17280,17470
1477605600,17470,17491,17340,17405
1477864800,17405,17458,17325,17392
1477951200,17392,17520,17155,17234
1478037600,17234,17281,16953,17025
1478124000,17025,17123,16918,16970
1478210400,16970,17012,16803,16853
1478473200,16853,17313,16853,17293
1478559600,17293,17370,17107,17324
1478646000,17324,17437,16097,17225
1478732400,17225,17561,17117,17501
1478818800,17501,17616,17270,17417
1479078000,17417,17737,17417,17705
1479164400,17705,17913,17609,17888
1479250800,17888,17943,17775,17786
1479337200,17786,18111,17743,18101
1479423600,18101,18121,17919,18020
1479682800,18020,18155,17978,18034
1479769200,18034,18248,18034,18213
1479855600,18213,18453,18153,18413
1479942000,18413,18458,18318,18418
1480028400,18418,18483,18263,18330
1480287600,18330,18378,18213,18270
1480374000,18270,18451,18233,18358
1480460400,18358,18663,18283,18605
1480546800,18605,18748,18393,18463
1480633200,18463,18473,18253,18363
1480892400,18363,18568,18228,18418
1480978800,18418,18493,18315,18460
1481065200,18460,18668,18410,18638
1481151600,18638,18920,18608,18862
1481238000,18862,19240,18810,19230
1481497200,19230,19315,19055,19112
1481583600,19112,19345,19050,19297
1481670000,19297,19460,19158,19370
1481756400,19370,19543,19163,19483
1481842800,19483,19495,19271,19346
1482102000,19346,19458,19281,19408
1482188400,19408,19656,19363,19578
1482274800,19578,19601,19370,19432
1482361200,19432,19460,19322,19419
1482447600,19419,19482,19387,19439
1482793200,19439,19480,19362,19432
1482879600,19432,19482,19312,19334
1482966000,19334,19339,18935,19027
1483052400,19027,19184,18975,19049
1483311600,19049,19099,19049,19099
1483398000,19099,19429,19099,19326
1483484400,19326,19683,19274,19630
1483570800,19630,19663,19378,19423
1483657200,19423,19641,19328,19601
1483916400,19601,19713,19421,19431
1484002800,19431,19488,19248,19340
1484089200,19340,19518,19133,19370
1484175600,19370,19370,18958,19193
1484262000,19193,19381,19155,19311
1484521200,19311,19311,19041,19056
1484607600,19056,19106,18673,18748
1484694000,18748,19038,18645,19005
1484780400,19005,19190,18973,19058
1484866800,19058,19289,19038,19154
1485126000,19154,19154,18798,18845
1485212400,18845,19088,18775,19063
1485298800,19063,19294,18984,19224
1485385200,19224,19574,19214,19521
1485471600,19521,19565,19405,19480
1485730800,19480,19480,19068,19183
1485817200,19183,19200,18835,19000
1485903600,19000,19298,18920,19180
1485990000,19180,19193,18863,19058
1486076400,19058,19108,18818,19058
1486335600,19058,19108,18798,18863
1486422000,18863,18983,18795,18953
1486508400,18953,19057,18877,18939
1486594800,18939,19224,18879,19171
1486681200,19171,19464,19171,19359
1486940400,19359,19538,19359,19523
1487026800,19523,19528,19228,19475
1487113200,19475,19498,19347,19454
1487199600,19454,19522,19182,19289
1487286000,19289,19292,19037,19142
1487545200,19142,19286,19117,19273
1487631600,19273,19486,19256,19463
1487718000,19463,19471,19286,19379
1487804400,19379,19391,19234,19284
1487890800,19284,19385,19078,19163
1488150000,19163,19223,18993,19183
1488236400,19183,19268,19018,19208
1488322800,19208,19613,19155,19585
1488409200,19585,19668,19533,19558
1488495600,19558,19583,19388,19428
1488754800,19428,19513,19300,19352
1488841200,19352,19391,19306,19336
1488927600,19336,19406,19191,19303
1489014000,19303,19453,19258,19420
1489100400,19420,19658,19420,19558
1489356000,19558,19673,19528,19673
1489442400,19673,19708,19510,19527
1489528800,19527,19589,19464,19499
1489615200,19499,19631,19424,19483
1489701600,19483,19543,19403,19433
1489960800,19433,19533,19358,19408
1490047200,19408,19488,19088,19133
1490133600,19133,19175,18906,19048
1490220000,19048,19132,18947,19054
1490306400,19054,19305,19052,19227
1490565600,19227,19227,18875,19137
1490652000,19137,19353,19073,19333
1490738400,19333,19333,19113,19168
1490824800,19168,19238,19028,19235
1490911200,19235,19238,18886,18956
1491170400,18956,19068,18903,18973
1491256800,18973,18998,18698,18930
1491343200,18930,19028,18773,18793
1491429600,18793,18793,18532,18757
1491516000,18757,18859,18509,18789
1491775200,18789,18854,18702,18747
1491861600,18747,18767,18554,18631
1491948000,18631,18649,18451,18456
1492034400,18456,18463,18306,18345
1492380000,18345,18480,18205,18475
1492466400,18475,18545,18270,18302
1492552800,18302,18512,18300,18379
1492639200,18379,18619,18364,18589
1492725600,18589,18670,18539,18620
1492984800,18620,19045,18620,18910
1493071200,18910,19244,18857,19191
1493157600,19191,19327,19159,19184
1493244000,19184,19305,19184,19240
1493330400,19240,19270,19160,19218
1493589600,19218,19371,19165,19363
1493676000,19363,19517,19331,19444
1493762400,19444,19632,19397,19587
1493848800,19587,19672,19507,19592
1493935200,19592,19722,19457,19712
1494194400,19712,19935,19712,19915
1494280800,19915,20025,19840,19927
1494367200,19927,19964,19862,19944
1494453600,19944,19993,19793,19875
1494540000,19875,19945,19788,19813
1494799200,19813,19965,19753,19960
1494885600,19960,20000,19809,19839
1494972000,19839,19844,19443,19445
1495058400,19445,19653,19283,19608
1495144800,19608,19745,19493,19680
1495404000,19680,19717,19610,19707
1495490400,19707,19782,19582,19772
1495576800,19772,19787,19686,19721
1495663200,19721,19854,19703,19819
1495749600,19819,19834,19589,19704
1496008800,19704,19739,19624,19686
1496095200,19686,19714,19569,19636
1496181600,19636,19714,19589,19686
1496268000,19686,19946,19664,19946
1496354400,19946,20246,19926,20166
1496613600,20166,20231,20091,20143
1496700000,20143,20161,19893,19943
1496786400,19943,20023,19908,19998
1496872800,19998,20073,19895,20036
1496959200,20036,20100,19853,19943
1497218400,19943,19958,19783,19850
1497304800,19850,19983,19833,19968
1497391200,19968,20003,19743,19860
1497477600,19860,19968,19738,19910
1497564000,19910,20015,19888,19960
1497823200,19960,20181,19943,20171
1497909600,20171,20326,20166,20188
1497996000,20188,20215,20080,20122
1498082400,20122,20195,20075,20152
1498168800,20152,20165,20083,20128
1498428000,20128,20236,19943,20231
1498514400,20231,20251,20136,20188
1498600800,20188,20238,20068,20233
1498687200,20233,20293,19868,19993
1498773600,19993,20100,19943,20080
1499032800,20080,20200,20030,20155
1499119200,20155,20205,19963,20063
1499205600,20063,20141,19886,20096
1499292000,20096,20113,19875,19893
1499378400,19893,20068,19848,20038
1499637600,20038,20136,20034,20061
1499724000,20061,20204,20056,20156
1499810400,20156,20184,20064,20154
1499896800,20154,20189,20064,20141
1499983200,20141,20164,20039,20054
1500242400,20054,20134,19991,20069
1500328800,20069,20094,19906,20018
1500415200,20018,20061,19951,20053
1500501600,20053,20164,20031,20096
1500588000,20096,20139,19972,20004
1500847200,20004,20007,19882,19972
1500933600,19972,20107,19942,20087
1501020000,20087,20129,20011,20023
1501106400,20023,20180,19970,20045
1501192800,20045,20067,19931,19976
1501452000,19976,20002,19911,19929
1501538400,19929,20064,19904,20061
1501624800,20061,20109,20019,20059
1501711200,20059,20069,19964,19976
1501797600,19976,20069,19939,20044
1502056800,20044,20104,20039,20069
1502143200,20069,20077,19950,19955
1502229600,19955,19957,19660,19790
1502316000,19790,19830,19370,19390
1502402400,19390,19505,19310,19412
1502661600,19412,19619,19412,19609
1502748000,19609,19829,19586,19744
1502834400,19744,19811,19691,19721
1502920800,19721,19738,19473,19503
1503007200,19503,19558,19328,19463
1503266400,19463,19553,19268,19363
1503352800,19363,19505,19348,19505
1503439200,19505,19565,19360,19365
1503525600,19365,19450,19325,19437
1503612000,19437,19550,19385,19465
1503871200,19465,19535,19408,19483
1503957600,19483,19505,19053,19470
1504044000,19470,19596,19440,19561
1504130400,19561,19738,19561,19693
1504216800,19693,19748,19620,19695
1504476000,19695,19695,19425,19512
1504562400,19512,19585,19264,19364
1504648800,19364,19488,19259,19460
1504735200,19460,19483,19356,19431
1504821600,19431,19451,19238,19303
1505080800,19303,19717,19303,19702
1505167200,19702,19833,19663,19758
1505253600,19758,19773,19663,19735
1505340000,19735,19773,19653,19733
1505426400,19733,19893,19620,19838
1505685600,19838,20003,19838,19995
1505772000,19995,20183,19968,20148
1505858400,20148,20283,20123,20275
1505944800,20275,20420,20203,20395
1506031200,20395,20425,20256,20331
1506290400,20331,20448,20241,20348
1506376800,20348,20398,20283,20368
1506463200,20368,20433,20238,20400
1506549600,20400,20413,20300,20317
1506636000,20317,20378,20283,20358
1506895200,20358,20490,20358,20485
1506981600,20485,20682,20445,20672
1507068000,20672,20689,20596,20658
1507154400,20658,20704,20597,20697
1507240800,20697,20757,20637,20662
1507500000,20662,20737,20619,20684
1507586400,20684,20843,20637,20821
1507672800,20821,20972,20786,20954
1507759200,20954,21035,20922,20975
1507845600,20975,21264,20930,21239
1508104800,21239,21354,21194,21327
1508191200,21327,21392,21225,21362
1508277600,21362,21445,21315,21437
1508364000,21437,21511,21206,21328
1508450400,21328,21559,21296,21554
1508709600,21554,21836,21554,21658
1508796000,21658,21931,21626,21898
1508882400,21898,21926,21586,21721
1508968800,21721,21863,21691,21860
1509055200,21860,22121,21815,22046
1509314400,22046,22098,21844,21891
1509400800,21891,22220,21839,22195
1509487200,22195,22597,22165,22514
1509573600,22514,22607,22367,22564
1509660000,22564,22637,22494,22602
1509922800,22602,22652,22422,22562
1510009200,22562,22990,22517,22847
1510095600,22847,22978,22752,22948
1510182000,22948,23420,22312,22650
1510268400,22650,22731,22336,22461
1510527600,22461,22626,22115,22362
1510614000,22362,22545,22257,22294
1510700400,22294,22322,21831,22073
1510786800,22073,22610,21981,22577
1510873200,22577,22760,22271,22328
1511132400,22328,22505,22165,22457
1511218800,22457,22667,22402,22659
1511305200,22659,22682,22347,22397
1511391600,22397,22482,22317,22414
1511478000,22414,22655,22377,22630
1511737200,22630,22695,22418,22506
1511823600,22506,22644,22368,22626
1511910000,22626,22794,22511,22659
1511996400,22659,22961,22509,22871
1512082800,22871,22991,22366,22646
1512342000,22646,22931,22472,22499
1512428400,22499,22684,22449,22479
1512514800,22479,22534,22058,22260
1512601200,22260,22660,22240,22642
1512687600,22642,22905,22560,22885
1512946800,22885,23125,22787,22941
1513033200,22941,22994,22814,22904
1513119600,22904,22921,22672,22697
1513206000,22697,22777,22542,22587
1513292400,22587,22753,22477,22720
1513551600,22720,23010,22718,23000
1513638000,23000,23030,22790,22820
1513724400,22820,22932,22805,22847
1513810800,22847,22942,22724,22822
1513897200,22822,22914,22807,22872
1514242800,22872,22954,22872,22914
1514329200,22914,22964,22874,22939
1514415600,22939,22954,22723,22775
1514502000,22775,22883,22573,22710
1514847600,22710,22900,22623,22785
1514934000,22785,23218,22770,23168
1515020400,23168,23676,23085,23641
1515106800,23641,23823,23521,23795
1515366000,23795,23968,23795,23933
1515452400,23933,24003,23768,23813
1515538800,23813,23853,23555,23620
1515625200,23620,23813,23595,23785
1515711600,23785,23841,23586,23838
1515970800,23838,23871,23681,23706
1516057200,23706,24007,23657,23762
1516143600,23762,24139,23697,24069
1516230000,24069,24144,23705,23825
1516316400,23825,23913,23738,23858
1516575600,23858,23974,23693,23959
1516662000,23959,24197,23919,24024
1516748400,24024,24102,23610,23765
1516834800,23765,23830,23468,23658
1516921200,23658,23800,23556,23716
1517180400,23716,23796,23493,23558
1517266800,23558,23608,23110,23202
1517353200,23202,23382,23089,23272
1517439600,23272,23496,23234,23331
1517526000,23331,23381,22947,22982
1517785200,22982,22987,21370,21612
1517871600,21612,22303,21070,22250
1517958000,22250,22360,21471,21793
1518044400,21793,22016,21098,21183
1518130800,21183,21581,20553,21268
1518390000,21268,21726,21266,21663
1518476400,21663,21728,20933,21233
1518562800,21233,21535,20942,21495
1518649200,21495,21629,21315,21504
1518735600,21504,21929,21499,21896
1518994800,21896,22168,21849,21998
1519081200,21998,22065,21813,21883
1519167600,21883,22185,21820,21875
1519254000,21875,21895,21585,21733
1519340400,21733,22054,21670,22044
1519599600,22044,22424,22044,22411
1519686000,22411,22510,22170,22200
1519772400,22200,22375,21880,21902
1519858800,21902,21965,21029,21136
1519945200,21136,21278,20688,21130
1520204400,21130,21472,20852,21419
1520290800,21419,21813,21393,21638
1520377200,21638,21638,21186,21464
1520463600,21464,21661,21291,21628
1520550000,21628,21896,21349,21871
1520805600,21871,21984,21681,21748
1520892000,21748,22106,21698,21766
1520978400,21766,21918,21603,21733
1521064800,21733,21883,21548,21838
1521151200,21838,21863,21520,21600
1521410400,21600,21670,21095,21325
1521496800,21325,21502,21220,21485
1521583200,21485,21555,21310,21340
1521669600,21340,21585,20910,20950
1521756000,20950,20995,20328,20365
1522015200,20365,20898,20330,20873
1522101600,20873,21372,20805,20882
1522188000,20882,21348,20741,21280
1522274400,21280,21641,20996,21483
1522620000,21483,21606,20934,21061
1522706400,21061,21536,21044,21516
1522792800,21516,21575,21035,21515
1522879200,21515,21920,21457,21872
1522965600,21872,21890,21312,21429
1523224800,21429,21802,21429,21632
1523311200,21632,21970,21534,21865
1523397600,21865,21872,21564,21659
1523484000,21659,21848,21586,21840
1523570400,21840,21926,21701,21776
1523829600,21776,21988,21759,21809
1523916000,21809,21952,21772,21899
1524002400,21899,22197,21889,22164
1524088800,22164,22359,22051,22126
1524175200,22126,22263,22048,22078
1524434400,22078,22209,22024,22204
1524520800,22204,22349,21964,22074
1524607200,22074,22312,22072,22304
1524693600,22304,22447,22262,22437
1524780000,22437,22557,22354,22449
1525039200,22449,22637,22422,22422
1525125600,22422,22593,22418,22580
1525212000,22580,22588,22398,22403
1525298400,22403,22413,22088,22330
1525384800,22330,22503,22158,22463
1525644000,22463,22540,22343,22464
1525730400,22464,22569,22412,22482
1525816800,22482,22502,22364,22492
1525903200,22492,22544,22420,22504
1525989600,22504,22774,22499,22699
1526248800,22699,22891,22699,22868
1526335200,22868,22906,22721,22748
1526421600,22748,22826,22696,22826
1526508000,22826,22952,22792,22872
1526594400,22872,22955,22820,22845
1526853600,22845,23051,22845,23031
1526940000,23031,23031,22918,22925
1527026400,22925,22953,22480,22607
1527112800,22607,22640,22079,22294
1527199200,22294,22518,22261,22348
1527458400,22348,22548,22348,22421
1527544800,22421,22454,21923,22048
1527631200,22048,22278,21928,22250
1527717600,22250,22270,22015,22110
1527804000,22110,22384,22085,22369
1528063200,22369,22574,22294,22566
1528149600,22566,22606,22446,22543
1528236000,22543,22765,22506,22762
1528322400,22762,22875,22635,22710
1528408800,22710,22875,22525,22687
1528668000,22687,23002,22635,22954
1528754400,22954,23024,22793,22888
1528840800,22888,22993,22843,22843
1528927200,22843,22928,22718,22903
1529013600,22903,22923,22693,22823
1529272800,22823,22878,22588,22700
1529359200,22700,22723,22118,22278
1529445600,22278,22598,22170,22500
1529532000,22500,22783,22413,22435
1529618400,22435,22638,22405,22553
1529877600,22553,22573,22043,22215
1529964000,22215,22418,22105,22333
1530050400,22333,22423,22110,22168
1530136800,22168,22328,22043,22310
1530223200,22310,22353,22143,22248
1530482400,22248,22313,21698,21868
1530568800,21868,21928,21567,21759
1530655200,21759,21778,21597,21703
1530741600,21703,21743,21460,21703
1530828000,21703,21883,21638,21818
1531087200,21818,22216,21818,22214
1531173600,22214,22319,22159,22159
1531260000,22159,22166,21754,22031
1531346400,22031,22360,21991,22342
1531432800,22342,22694,22330,22591
1531692000,22591,22744,22554,22559
1531778400,22559,22884,22511,22871
1531864800,22871,22954,22782,22879
1531951200,22879,22927,22684,22717
1532037600,22717,22877,22505,22542
1532296800,22542,22565,22345,22473
1532383200,22473,22625,22415,22567
1532469600,22567,22670,22513,22643
1532556000,22643,22678,22513,22635
1532642400,22635,22752,22577,22637
1532901600,22637,22637,22472,22484
1532988000,22484,22715,22352,22677
1533074400,22677,22837,22572,22722
1533160800,22722,22757,22391,22616
1533247200,22616,22721,22448,22578
1533506400,22578,22623,22458,22560
1533592800,22560,22695,22533,22665
1533679200,22665,22809,22557,22564
1533765600,22564,22644,22499,22559
1533852000,22559,22629,22085,22205
1534111200,22205,22205,21847,22064
1534197600,22064,22396,22042,22321
1534284000,22321,22376,21863,22033
1534370400,22033,22360,21883,22282
1534456800,22282,22345,22095,22275
1534716000,22275,22285,22145,22175
1534802400,22175,22383,22053,22263
1534888800,22263,22465,22155,22387
1534975200,22387,22533,22373,22500
1535061600,22500,22649,22454,22629
1535320800,22629,22931,22629,22926
1535407200,22926,23003,22786,22816
1535493600,22816,23017,22795,23014
1535580000,23014,23137,22656,22716
1535666400,22716,22895,22681,22823
1535925600,22823,22853,22690,22765
1536012000,22765,22802,22596,22711
1536098400,22711,22733,22479,22524
1536184800,22524,22560,22355,22395
1536271200,22395,22443,22158,22341
1536530400,22341,22496,22241,22461
1536616800,22461,22738,22443,22721
1536703200,22721,22738,22528,22653
1536789600,22653,23005,22628,22972
1536876000,22972,23260,22945,23220
1537135200,23220,23370,23130,23195
1537221600,23195,23890,23035,23820
1537308000,23820,23887,23670,23772
1537394400,23772,23858,23580,23858
1537480800,23858,23973,23763,23883
1537740000,23883,23883,23743,23865
1537826400,23865,24023,23808,23985
1537912800,23985,24040,23850,23857
1537999200,23857,24133,23783,24060
1538085600,24060,24293,24008,24158
1538344800,24158,24478,24140,24400
1538431200,24400,24443,24088,24223
1538517600,24223,24360,24032,24290
1538604000,24290,24290,23615,23765
1538690400,23765,23936,23551,23661
1538949600,23661,23806,23361,23616
1539036000,23616,23621,23321,23521
1539122400,23521,23591,22706,22723
1539208800,22723,22901,22241,22531
1539295200,22531,22751,22216,22551
1539554400,22551,22566,22033,22198
1539640800,22198,22895,22153,22885
1539727200,22885,22950,22641,22898
1539813600,22898,22951,22161,22321
1539900000,22321,22691,22221,22446
1540159200,22446,22711,22266,22476
1540245600,22476,22486,21642,22169
1540332000,22169,22210,21345,21520
1540418400,21520,21792,21202,21544
1540504800,21544,21544,20795,21250
1540764000,21250,21500,20800,21010
1540850400,21010,21685,20967,21655
1540936800,21655,21940,21565,21772
1541023200,21772,21867,21512,21754
1541109600,21754,22319,21657,22009
1541372400,22009,22089,21869,22016
1541458800,22016,22265,21984,22255
1541545200,22255,22572,21995,22560
1541631600,22560,22585,22367,22457
1541718000,22457,22490,22015,22130
1541977200,22130,22330,21735,21785
1542063600,21785,21978,21480,21780
1542150000,21780,21993,21558,21693
1542236400,21693,21943,21538,21905
1542322800,21905,21910,21493,21758
1542582000,21758,21918,21528,21590
1542668400,21590,21688,21174,21219
1542754800,21219,21749,21174,21641
1542841200,21641,21744,21474,21569
1542927600,21569,21689,21451,21479
1543186800,21479,22089,21479,21959
1543273200,21959,22199,21819,22114
1543359600,22114,22421,22044,22406
1543446000,22406,22434,22194,22281
1543532400,22281,22424,22234,22419
1543791600,22419,22784,22419,22629
1543878000,22629,22634,21574,21621
1543964400,21621,21981,21589,21876
1544050800,21876,21884,21074,21636
1544137200,21636,21729,21249,21339
1544396400,21339,21393,20948,21343
1544482800,21343,21533,21068,21260
1544569200,21260,21830,21260,21648
1544655600,21648,21918,21630,21725
1544742000,21725,21755,21253,21303
1545001200,21303,21573,20988,21173
1545087600,21173,21340,20990,21008
1545174000,21008,21213,20583,20695
1545260400,20695,20848,20095,20420
1545346800,20420,20465,19793,19868
1545606000,19868,19978,19303,19328
1545778800,19328,20126,18966,20056
1545865200,20056,20238,19551,20068
1545951600,20068,20106,19748,19965
1546210800,19965,20125,19743,19853
1546297200,19853,19853,19853,19853
1546383600,19853,19990,19313,19740
1546470000,19740,19740,19320,19465
1546556400,19465,20220,19245,20125
1546815600,20125,20330,19990,20225
1546902000,20225,20435,20115,20320
1546988400,20320,20505,20188,20276
1547074800,20276,20396,20046,20388
1547161200,20388,20396,20201,20301
1547420400,20301,20301,19996,20136
1547506800,20136,20588,20136,20553
1547593200,20553,20597,20322,20522
1547679600,20522,20625,20205,20537
1547766000,20537,20960,20455,20947
1548025200,20947,20957,20677,20737
1548111600,20737,20815,20350,20455
1548198000,20455,20733,20422,20568
1548284400,20568,20658,20448,20610
1548370800,20610,20915,20563,20823
1548630000,20823,20853,20478,20595
1548716400,20595,20762,20412,20697
1548802800,20697,20854,20524,20826
1548889200,20826,20896,20639,20851
1548975600,20851,20929,20726,20819
1549234800,20819,20923,20759,20908
1549321200,20908,20983,20823,20955
1549407600,20955,20973,20833,20885
1549494000,20885,20915,20468,20553
1549580400,20553,20563,20185,20328
1549839600,20328,20498,20228,20458
1549926000,20458,20988,20413,20965
1550012400,20965,21223,20930,21143
1550098800,21143,21261,20966,20998
1550185200,20998,21244,20839,21239
1550444400,21239,21346,21194,21258
1550530800,21258,21418,21218,21333
1550617200,21333,21498,21310,21428
1550703600,21428,21563,21315,21368
1550790000,21368,21513,21335,21438
1551049200,21438,21647,21438,21584
1551135600,21584,21613,21378,21530
1551222000,21530,21605,21458,21573
1551308400,21573,21578,21288,21465
1551394800,21465,21768,21448,21763
1551654000,21763,21873,21603,21690
1551740400,21690,21838,21663,21700
1551826800,21700,21708,21536,21536
1551913200,21536,21546,21206,21276
1551999600,21276,21331,20836,21091
1552255200,21091,21346,20936,21346
1552341600,21346,21566,21338,21423
1552428000,21423,21521,21171,21516
1552514400,21516,21538,21276,21338
1552600800,21338,21553,21336,21526
1552860000,21526,21641,21496,21591
1552946400,21591,21681,21433,21583
1553032800,21583,21656,21421,21428
1553119200,21428,21611,21321,21603
1553205600,21603,21671,21128,21183
1553464800,21183,21248,20878,21155
1553551200,21155,21533,21143,21468
1553637600,21468,21468,21078,21185
1553724000,21185,21239,20979,21226
1553810400,21226,21294,21159,21279
1554069600,21279,21691,21279,21649
1554156000,21649,21759,21479,21526
1554242400,21526,21844,21494,21784
1554328800,21784,21799,21674,21786
1554415200,21786,21863,21739,21863
1554674400,21863,21968,21720,21802
1554760800,21802,21815,21595,21632
1554847200,21632,21740,21550,21665
1554933600,21665,21745,21625,21717
1555020000,21717,22080,21690,22060
1555279200,22060,22230,22045,22152
1555365600,22152,22322,22130,22245
1555452000,22245,22350,22185,22255
1555538400,22255,22295,22055,22255
1555884000,22255,22290,22095,22277
1555970400,22277,22365,22125,22360
1556056800,22360,22380,22127,22179
1556143200,22179,22362,22152,22194
1556229600,22194,22342,22067,22342
1556488800,22342,22457,22337,22412
1556575200,22412,22427,22267,22417
1556661600,22417,22477,22172,22184
1556748000,22184,22372,22157,22304
1556834400,22304,22492,22217,22482
1557093600,22482,22482,21917,22087
1557180000,22087,22157,21517,21669
1557266400,21669,21679,21419,21507
1557352800,21507,21552,21069,21317
1557439200,21317,21587,21072,21492
1557698400,21492,21492,20772,20807
1557784800,20807,21187,20757,21154
1557871200,21154,21197,20882,21189
1557957600,21189,21342,20944,21252
1558044000,21252,21394,21142,21227
1558303200,21227,21437,21057,21167
1558389600,21167,21392,21157,21374
1558476000,21374,21407,21189,21227
1558562400,21227,21239,20817,20877
1558648800,20877,21192,20797,21127
1558908000,21127,21262,21107,21214
1558994400,21214,21292,20992,21007
1559080800,21007,21062,20728,20893
1559167200,20893,20991,20806,20953
1559253600,20953,20961,20381,20426
1559512800,20426,20533,20291,20478
1559599200,20478,20738,20288,20735
1559685600,20735,20878,20648,20798
1559772000,20798,20918,20663,20850
1559858400,20850,21060,20818,21040
1560117600,21040,21250,21040,21125
1560204000,21125,21330,21070,21182
1560290400,21182,21260,21025,21052
1560376800,21052,21131,20926,21061
1560463200,21061,21116,20976,21046
1560722400,21046,21188,21041,21146
1560808800,21146,21266,20906,21261
1560895200,21261,21376,21238,21343
1560981600,21343,21631,21338,21498
1561068000,21498,21516,21216,21236
1561327200,21236,21331,21183,21231
1561413600,21231,21311,21081,21106
1561500000,21106,21266,21041,21121
1561586400,21121,21341,21108,21248
1561672800,21248,21341,21196,21336
1561932000,21336,21846,21336,21716
1562018400,21716,21786,21601,21723
1562104800,21723,21738,21566,21731
1562191200,21731,21756,21673,21693
1562277600,21693,21741,21596,21686
1562536800,21686,21756,21501,21613
1562623200,21613,21691,21484,21546
1562709600,21546,21647,21497,21562
1562796000,21562,21662,21537,21634
1562882400,21634,21717,21592,21612
1563141600,21612,21712,21542,21617
1563228000,21617,21657,21472,21497
1563314400,21497,21499,21315,21317
1563400800,21317,21345,20992,21195
1563487200,21195,21480,21120,21305
1563746400,21305,21450,21302,21435
1563832800,21435,21735,21407,21710
1563919200,21710,21780,21635,21765
1564005600,21765,21830,21620,21625
1564092000,21625,21710,21589,21677
1564351200,21677,21684,21517,21652
1564437600,21652,21796,21481,21528
1564524000,21528,21591,21271,21356
1564610400,21356,21598,21043,21045
1564696800,21045,21183,20783,20908
1564956000,20908,20953,20198,20213
1565042400,20213,20678,19923,20648
1565128800,20648,20678,20238,20628
1565215200,20628,20818,20465,20803
1565301600,20803,20803,20388,20513
1565560800,20513,20604,20234,20301
1565647200,20301,20781,20236,20768
1565733600,20768,20791,20121,20128
1565820000,20128,20521,20103,20371
1565906400,20371,20616,20301,20596
1566165600,20596,20713,20501,20658
1566252000,20658,20691,20484,20494
1566338400,20494,20744,20471,20721
1566424800,20721,20764,20549,20606
1566511200,20606,20744,20154,20209
1566770400,20209,20619,19866,20554
1566856800,20554,20584,20389,20434
1566943200,20434,20544,20334,20509
1567029600,20509,20731,20361,20696
1567116000,20696,20796,20626,20661
1567375200,20661,20671,20411,20548
1567461600,20548,20681,20521,20603
1567548000,20603,20831,20561,20828
1567634400,20828,21269,20788,21139
1567720800,21139,21247,21137,21227
1567980000,21227,21375,21187,21347
1568066400,21347,21475,21295,21465
1568152800,21465,21685,21445,21680
1568239200,21680,21878,21660,21823
1568325600,21823,22093,21823,22048
1568584800,22048,22048,21798,21938
1568671200,21938,22048,21878,22043
1568757600,22043,22098,21923,22083
1568844000,22083,22260,21998,22103
1568930400,22103,22198,21953,21968
1569189600,21968,22128,21858,21968
1569276000,21968,22168,21828,21890
1569362400,21890,22073,21828,22048
1569448800,22048,22183,21990,22128
1569535200,22128,22128,21686,21726
1569794400,21726,21889,21664,21874
1569880800,21874,22034,21669,21694
1569967200,21694,21795,21290,21365
1570053600,21365,21470,21060,21365
1570140000,21365,21553,21275,21543
1570399200,21543,21611,21275,21483
1570485600,21483,21638,21331,21343
1570572000,21343,21623,21328,21590
1570658400,21590,21753,21310,21738
1570744800,21738,22253,21680,22048
1571004000,22048,22123,21888,22005
1571090400,22005,22573,22000,22533
1571176800,22533,22623,22435,22525
1571263200,22525,22696,22428,22528
1571349600,22528,22656,22411,22501
1571608800,22501,22708,22451,22701
1571695200,22701,22811,22626,22673
1571781600,22673,22806,22486,22801
1571868000,22801,22866,22731,22798
1571954400,22798,22851,22711,22826
1572213600,22826,22981,22826,22976
1572300000,22976,22996,22899,22939
1572386400,22939,22970,22765,22965
1572472800,22965,22995,22662,22717
1572559200,22717,23002,22699,22949
1572822000,22949,23187,22949,23147
1572908400,23147,23378,23112,23335
1572994800,23335,23373,23248,23320
1573081200,23320,23652,23257,23557
1573167600,23557,23602,23309,23479
1573426800,23479,23484,23229,23369
1573513200,23369,23582,23314,23487
1573599600,23487,23504,23167,23327
1573686000,23327,23367,23012,23162
1573772400,23162,23402,23122,23374
1574031600,23374,23502,23272,23404
1574118000,23404,23438,23213,23245
1574204400,23245,23303,23018,23155
1574290800,23155,23163,22728,23088
1574377200,23088,23214,23033,23181
1574636400,23181,23436,23181,23431
1574722800,23431,23621,23316,23441
1574809200,23441,23596,23416,23593
1574895600,23593,23596,23376,23481
1574982000,23481,23498,23281,23333
1575241200,23333,23596,23071,23186
1575327600,23186,23391,22901,23133
1575414000,23133,23381,22973,23341
1575500400,23341,23443,23250,23320
1575586800,23320,23558,23303,23528
1575846000,23528,23563,23347,23349
1575932400,23349,23483,23263,23440
1576018800,23440,23475,23323,23460
1576105200,23460,23788,23365,23770
1576191600,23770,24098,23770,23960
1576450800,23960,24168,23940,24140
1576537200,24140,24143,23988,24053
1576623600,24053,24053,23863,23928
1576710000,23928,23948,23793,23860
1576796400,23860,23903,23741,23871
1577055600,23871,23926,23791,23868
1577142000,23868,23871,23793,23821
1577314800,23821,23996,23761,23976
1577401200,23976,23976,23774,23804
1577660400,23804,23834,23419,23441
1577746800,23441,23484,23319,23476
1577919600,23476,23801,23449,23724
1578006000,23724,23804,23174,23319
1578265200,23319,23374,23059,23336
1578351600,23336,23579,23284,23359
1578438000,23359,23614,22944,23534
1578524400,23534,23808,23506,23790
1578610800,23790,23908,23668,23711
1578870000,23711,23981,23711,23968
1578956400,23968,24056,23866,24011
1579042800,24011,24011,23874,23964
1579129200,23964,24104,23904,24096
1579215600,24096,24144,24012,24057
1579474800,24057,24107,24029,24067
1579561200,24067,24072,23778,23795
1579647600,23795,24050,23783,23830
1579734000,23830,23913,23633,23818
1579820400,23818,23918,23573,23573
1580079600,23573,23573,23055,23060
1580166000,23060,23403,23020,23378
1580252400,23378,23420,23208,23258
1580338800,23258,23309,22842,23219
1580425200,23219,23422,22637,22737
1580684400,22737,23039,22647,22891
1580770800,22891,23426,22829,23406
1580857200,23406,23729,23241,23711
1580943600,23711,24002,23659,24002
1581030000,24002,24042,23682,23697
1581289200,23697,23820,23552,23710
1581375600,23710,24035,23695,23910
1581462000,23910,23995,23730,23985
1581548400,23985,23990,23578,23740
1581634800,23740,23783,23488,23553
1581894000,23553,23633,23338,23513
1581980400,23513,23513,23103,23215
1582066800,23215,23683,23215,23605
1582153200,23605,23810,23340,23505
1582239600,23505,23590,23113,23213
1582498800,23213,23213,22088,22213
1582585200,22213,22751,21911,22148
1582671600,22148,22519,22009,22199
1582758000,22199,22335,21176,21198
1582844400,21198,21453,20466,21016
1583103600,21016,21596,20546,21488
1583190000,21488,21731,20681,20841
1583276400,20841,21436,20788,21436
1583362800,21436,21458,20746,20813
1583449200,20813,21066,20211,20428
1583704800,20428,20428,18508,18866
1583791200,18866,20196,18601,20036
1583877600,20036,20036,18932,19177
1583964000,19177,19347,16785,16805
1584050400,16805,18438,16670,18135
1584309600,18135,18165,16068,16446
1584396000,16446,17556,16271,17335
1584482400,17335,17530,16210,16665
1584568800,16665,17555,16273,17075
1584655200,17075,18053,16983,17248
1584914400,17248,17883,15338,17530
1585000800,17530,19253,17530,19183
1585087200,19183,19645,18558,19145
1585173600,19145,19310,18385,19300
1585260000,19300,19383,18703,18733
1585519200,18733,19148,18394,19138
1585605600,19138,19343,18566,18681
1585692000,18681,18785,17593,17628
1585778400,17628,18158,17553,18065
1585864800,18065,18163,17598,17703
1586124000,17703,19003,17670,18925
1586210400,18925,19893,18553,19010
1586296800,19010,19465,18730,19175
1586383200,19175,19648,19122,19478
1586728800,19478,19620,18968,19145
1586815200,19145,19720,19103,19597
1586901600,19597,19660,19195,19305
1586988000,19305,19447,19010,19447
1587074400,19447,19930,19388,19618
1587333600,19618,19788,19313,19338
1587420000,19338,19538,18988,19045
1587506400,19045,19348,18853,19253
1587592800,19253,19677,19208,19394
1587679200,19394,19487,19169,19449
1587938400,19449,19847,19357,19802
1588024800,19802,20157,19635,19967
1588111200,19967,20530,19920,20460
1588197600,20460,20470,19828,19943
1588284000,19943,19978,19465,19525
1588543200,19525,19525,19080,19425
1588629600,19425,19760,19390,19595
1588716000,19595,19767,19375,19390
1588802400,19390,19859,19295,19801
1588888800,19801,20228,19784,20228
1589148000,20228,20628,20158,20503
1589234400,20503,20540,20068,20068
1589320800,20068,20428,20048,20158
1589407200,20158,20243,19623,20085
1589493600,20085,20193,19831,20031
1589752800,20031,20688,20001,20578
1589839200,20578,20690,20365,20392
1589925600,20392,20820,20342,20727
1590012000,20727,20757,20455,20485
1590098400,20485,20615,20235,20555
1590357600,20555,20990,20555,20982
1590444000,20982,21365,20935,21280
1590530400,21280,21725,21140,21662
1590616800,21662,22109,21579,21921
1590703200,21921,21964,21664,21959
1590962400,21959,22243,21754,22210
1591048800,22210,22705,22118,22625
1591135200,22625,22953,22463,22910
1591221600,22910,22990,22493,22740
1591308000,22740,23308,22563,23138
1591567200,23138,23278,22968,23215
1591653600,23215,23223,22705,22883
1591740000,22883,23178,22743,22873
1591826400,22873,22940,21628,21765
1591912800,21765,22493,21705,22225
1592172000,22225,22253,21373,21983
1592258400,21983,22632,21983,22364
1592344800,22364,22781,22258,22503
1592431200,22503,22551,22121,22413
1592517600,22413,22731,22351,22361
1592776800,22361,22646,22178,22638
1592863200,22638,22831,22251,22586
1592949600,22586,22676,22108,22295
1593036000,22295,22555,22078,22530
1593122400,22530,22593,22263,22315
1593381600,22315,22406,21968,22358
1593468000,22358,22461,22180,22340
1593554400,22340,22400,21982,22237
1593640800,22237,22455,22072,22342
1593727200,22342,22385,22147,22227
1593986400,22227,22773,22227,22673
1594072800,22673,22738,22437,22469
1594159200,22469,22669,22357,22542
1594245600,22542,22693,22283,22380
1594332000,22380,22637,22260,22630
1594591200,22630,22878,22533,22600
1594677600,22600,22758,22510,22753
1594764000,22753,23045,22753,22933
1594850400,22933,22965,22677,22784
1594936800,22784,22857,22627,22697
1595196000,22697,22832,22579,22807
1595282400,22807,22949,22724,22744
1595368800,22744,22854,22649,22786
1595455200,22786,22909,22489,22559
1595541600,22559,22644,22274,22364
1595800800,22364,22744,22344,22676
1595887200,22676,22839,22507,22562
1595973600,22562,22572,22360,22547
1596060000,22547,22569,21967,22284
1596146400,22284,22352,21705,21705
1596405600,21943,22411,21888,22393
1596492000,22393,22656,22376,22498
1596578400,22498,22641,22358,22498
1596664800,22498,22591,22276,22441
1596751200,22441,22501,22206,22448
1597010400,22448,22541,22346,22508
1597096800,22508,22966,22471,22733
1597183200,22733,23264,22671,23199
1597269600,23199,23321,23149,23231
1597356000,23231,23361,23066,23066
1597615200,23156,23261,23058,23126
1597701600,23126,23166,22936,23041
1597788000,23041,23206,22961,23096
1597874400,23096,23098,22846,22968
1597960800,22968,23141,22711,22711
1598220000,22901,23183,22853,23138
1598306400,23138,23436,23138,23321
1598392800,23321,23351,23163,23321
1598479200,23321,23356,23146,23253
1598565600,23253,23388,22565,22933
1598824800,22933,23373,22933,23060
1598911200,23060,23228,22988,23228
1598997600,23228,23528,23163,23513
1599084000,23513,23633,22973,23083
1599170400,23083,23318,22828,23175
1599429600,23175,23218,23033,23195
1599516000,23195,23313,22918,23040
1599602400,23040,23238,22805,23175
1599688800,23175,23273,23060,23120
1599775200,23120,23430,23105,23353
1600034400,23353,23613,23353,23450
1600120800,23450,23528,23358,23475
1600207200,23475,23530,23398,23473
1600293600,23473,23493,23225,23358
1600380000,23358,23423,23193,23260
1600639200,23260,23393,22623,22920
1600725600,22920,23088,22733,23045
1600812000,23045,23408,23038,23238
1600898400,23238,23280,23018,23163
1600984800,23163,23318,22993,23313
1601244000,23313,23548,23298,23520
1601330400,23520,23633,23383,23453
1601416800,23453,23545,23143,23290
1601503200,23290,23383,23233,23343
1601589600,23343,23368,22955,23188
1601848800,23188,23438,23188,23430
1601935200,23430,23450,23235,23237
1602021600,23237,23525,23230,23525
1602108000,23525,23705,23475,23660
1602194400,23660,23740,23550,23577
1602453600,23577,23660,23500,23640
1602540000,23640,23675,23490,23532
1602626400,23532,23660,23520,23565
1602712800,23565,23652,23375,23492
1602799200,23492,23575,23385,23530
1603058400,23530,23735,23505,23557
1603144800,23557,23675,23520,23572
1603231200,23572,23695,23528,23583
1603317600,23583,23618,23423,23600
1603404000,23600,23628,23468,23558
1603663200,23558,23568,23358,23413
1603749600,23413,23528,23238,23353
1603836000,23353,23452,23067,23072
1603922400,23072,23402,23072,23229
1604008800,23229,23307,22880,23170
1604271600,23170,23450,23050,23450
1604358000,23450,23925,23445,23820
1604444400,23820,24083,23503,24060
1604530800,24060,24378,23873,24215
1604617200,24215,24468,24080,24328
1604876400,24328,25903,24328,25383
1604962800,25383,25478,24833,25320
1605049200,25320,25708,25153,25578
1605135600,25578,25593,25219,25324
1605222000,25324,25667,25207,25622
1605481200,25622,26217,25622,26157
1605567600,26157,26172,25859,25957
1605654000,25957,25982,25557,25599
1605740400,25599,25687,25407,25512
1605826800,25512,25757,25422,25674
1606086000,25757,26054,25657,25952
1606172400,25952,26518,25924,26470
1606258800,26470,26708,26179,26269
1606345200,26269,26595,26249,26477
1606431600,26477,26815,26417,26795
1606690800,26795,26937,26305,26507
1606777200,26507,26975,26460,26902
1606863600,26902,26925,26690,26875
1606950000,26875,26922,26695,26755
1607036400,26755,26880,26652,26855
1607295600,26855,26955,26320,26355
1607382000,26355,26575,26317,26548
1607468400,26548,26918,26508,26685
1607554800,26685,26849,26629,26709
1607641200,26709,26826,26439,26611
1607900400,26611,26869,26611,26690
1607986800,26690,26846,26606,26826
1608073200,26826,26876,26721,26833
1608159600,26833,26873,26688,26800
1608246000,26800,26888,26708,26838
1608505200,26838,27038,26223,26538
1608591600,26538,26653,26368,26553
1608678000,26553,26763,26418,26718
1608764400,26718,26753,26598,26666
1609110000,26666,26991,26583,26946
1609196400,26946,27709,26902,27534
1609282800,27534,27629,27346,27466
1609369200,27466,27579,27429,27511
1609714800,27511,27676,27036,27118
1609801200,27118,27278,26963,27148
1609887600,27148,27483,26953,27370
1609974000,27370,27668,27325,27610
1610060400,27610,28350,27608,28348
1610319600,28348,28360,27963,28075
1610406000,28075,28293,27968,28170
1610492400,28170,28523,28122,28448
1610578800,28448,28993,28413,28833
1610665200,28833,28923,28160,28300
1610924400,28300,28370,28110,28342
1611010800,28342,28796,28325,28751
1611097200,28751,28836,28401,28684
1611183600,28684,28854,28524,28661
1611270000,28661,28703,28413,28633
1611529200,28633,28861,28481,28821
1611615600,28821,28836,28520,28715
1611702000,28715,28765,28103,28205
1611788400,28205,28542,27832,28389
1611874800,28389,28429,27587,27587
1612134000,27727,28327,27587,28302
1612220400,28302,28531,28089,28488
1612306800,28488,28733,28413,28613
1612393200,28613,28688,28301,28673
1612479600,28673,28906,28546,28803
1612738800,28803,29541,28803,29481
1612825200,29481,29596,29351,29411
1612911600,29411,29568,29181,29291
1612998000,29291,29506,29241,29493
1613084400,29493,29676,29318,29655
1613343600,29655,30293,29635,30243
1613430000,30243,30728,30185,30449
1613516400,30449,30462,30157,30364
1613602800,30364,30579,29900,30125
1613689200,30125,30327,29762,30182
1613948400,30182,30465,29974,29986
1614034800,29986,30144,29649,29989
1614121200,29989,30124,29619,30059
1614207600,30059,30231,29497,29589
1614294000,29589,29662,28980,29237
1614553200,29237,29930,29237,29907
1614639600,29907,30020,29307,29450
1614726000,29450,29760,29255,29300
1614812400,29300,29335,28707,28940
1614898800,28940,29190,28297,29180
1615158000,29180,29472,28560,28850
1615244400,28850,29282,28610,29197
1615330800,29197,29265,28957,29128
1615417200,29128,29379,29013,29309
1615503600,29309,29779,29209,29779
1615759200,29779,29899,29591,29833
1615845600,29833,30038,29748,29843
1615932000,29843,30041,29803,29991
1616018400,29991,30501,29901,29938
1616104800,29938,30055,29100,29507
1616364000,29507,29507,28900,29270
1616450400,29270,29495,28790,28832
1616536800,28832,28885,28280,28485
1616623200,28485,29080,28402,29057
1616709600,29057,29635,28945,29625
1616968800,29625,29625,29185,29512
1617055200,29512,29620,29308,29335
1617141600,29335,29478,29143,29353
1617228000,29353,29728,29318,29710
1617314400,29710,30103,29663,30053
1617573600,30053,30253,29988,30243
1617660000,30243,30285,29613,29625
1617746400,29625,29868,29518,29673
1617832800,29673,29775,29510,29768
1617919200,29768,30073,29748,29748
1618178400,29748,29990,29533,29583
1618264800,29583,29903,29485,29808
1618351200,29808,29838,29565,29623
1618437600,29623,29788,29523,29758
1618524000,29758,29835,29618,29618
1618783200,29618,29813,29193,29323
1618869600,29323,29405,28523,28588
1618956000,28588,28915,28413,28860
1619042400,28860,29218,28798,28920
1619128800,28920,29318,28770,29318
1619388000,29318,29318,28898,29205
1619474400,29205,29280,28833,28988
1619560800,28988,29140,28870,28955
1619647200,28955,29193,28855,29018
1619733600,29018,29055,28763,28763
1619992800,28763,29133,28763,29078
1620079200,29078,29148,28583,28705
1620165600,28705,29178,28678,29023
1620252000,29023,29443,28970,29340
1620338400,29340,29458,29238,29415
1620597600,29415,29698,29233,29240
1620684000,29240,29310,28253,28543
1620770400,28543,28840,27658,27710
1620856800,27710,27813,27133,27693
1620943200,27693,28328,27690,28305
1621202400,28305,28348,27625,27773
1621288800,27773,28488,27763,28038
1621375200,28038,28220,27593,27948
1621461600,27948,28323,27785,28185
1621548000,28185,28478,28185,28395
1621807200,28395,28593,28205,28510
1621893600,28510,28625,28358,28438
1621980000,28438,28720,28388,28610
1622066400,28610,28918,28358,28910
1622152800,28910,29198,28888,29020
1622412000,29020,29158,28795,28915
1622498400,28915,29090,28603,28735
1622584800,28735,29020,28563,28850
1622671200,28850,29155,28838,28975
1622757600,28975,29158,28763,29128
1623016800,29128,29275,28943,29145
1623103200,29145,29208,28953,28978
1623189600,28978,29013,28751,28828
1623276000,28828,29141,28778,28963
1623362400,28963,29081,28826,29060
1623621600,29060,29305,29023,29265
1623708000,29265,29483,29243,29338
1623794400,29338,29435,29157,29254
1623880800,29254,29287,28865,29162
1623967200,29162,29262,28525,28525
1624226400,28525,28760,27760,28743
1624312800,28743,28908,28538,28853
1624399200,28853,29010,28708,28793
1624485600,28793,29168,28755,29085
1624572000,29085,29168,28988,29050
1624831200,29050,29123,28913,28945
1624917600,28945,28948,28720,28858
1625004000,28858,29025,28548,28783
1625090400,28783,28883,28583,28758
1625176800,28758,28853,28693,28853
1625436000,28853,28853,28513,28643
1625522400,28643,28763,28266,28368
1625608800,28368,28496,28136,28351
1625695200,28351,28378,27511,27743
1625781600,27743,28581,27411,28553
1626040800,28553,28711,28396,28691
1626127200,28691,28866,28498,28523
1626213600,28523,28698,28465,28558
1626300000,28558,28573,28005,28043
1626386400,28043,28210,27745,27745
1626645600,27745,27793,27073,27290
1626732000,27290,27818,27275,27713
1626818400,27713,27994,27434,27926
1626904800,27926,28076,27879,28044
1626991200,28044,28254,28014,28209
1627250400,28209,28254,27664,27934
1627336800,27934,28044,27379,27541
1627423200,27541,27909,27459,27801
1627509600,27801,27948,27648,27768
1627596000,27768,27768,27268,27498
1627855200,27498,27838,27448,27578
1627941600,27578,27728,27428,27618
1628028000,27618,27650,27453,27528
1628114400,27528,27868,27498,27855
1628200800,27855,27973,27713,27895
1628460000,27895,27940,27698,27920
1628546400,27920,28138,27808,28003
1628632800,28003,28256,27973,28241
1628719200,28241,28281,27926,28104
1628805600,28104,28126,27864,27879
1629064800,27879,27879,27403,27671
1629151200,27671,27753,27246,27441
1629237600,27441,27686,27346,27383
1629324000,27383,27511,26965,27270
1629410400,27270,27313,26860,27268
1629669600,27268,27651,27203,27618
1629756000,27618,27858,27618,27796
1629842400,27796,27898,27661,27776
1629928800,27776,27831,27616,27678
1630015200,27678,27886,27476,27866
1630274400,27866,27929,27654,27716
1630360800,27716,28209,27604,28109
1630447200,28109,28658,28079,28553
1630533600,28553,28733,28415,28645
1630620000,28645,29626,28593,29603
1630879200,29603,30203,29476,30093
1630965600,30093,30103,29618,29933
1631052000,29933,30260,29813,29960
1631138400,29960,30273,29860,30113
1631224800,30113,30541,30033,30143
1631484000,30143,30756,30138,30628
1631570400,30628,30811,30286,30348
1631656800,30348,30627,30321,30627
1631743200,30627,30652,30203,30478
1631829600,30478,30593,30243,30270
1632088800,30270,30375,29433,29683
1632175200,29683,30200,29658,29903
1632261600,29903,30078,29575,29965
1632348000,29965,30313,29945,30290
1632434400,30290,30348,30058,30218
1632693600,30218,30413,30141,30228
1632780000,30228,30246,29633,29705
1632866400,29705,29858,29340,29750
1632952800,29750,29803,29260,29305
1633039200,29305,29403,28675,29053
1633298400,29053,29193,27640,27873
1633384800,27873,28288,27453,28183
1633471200,28183,28248,26983,27688
1633557600,27688,28159,27573,28064
1633644000,28064,28329,27991,28049
1633903200,28049,28784,27894,28474
1633989600,28474,28504,27964,28121
1634076000,28121,28379,27989,28204
1634162400,28204,28816,28199,28814
1634248800,28814,29259,28731,29201
1634508000,29201,29281,28859,29074
1634594400,29074,29409,29009,29354
1634680800,29354,29494,29204,29264
1634767200,29264,29301,28424,28541
1634853600,28541,28994,28424,28699
1635112800,28699,28892,28371,28814
1635199200,28814,29251,28787,28964
1635285600,28964,29139,28629,28699
1635372000,28699,28929,28664,28891
1635458400,28891,29069,28466,29051
1635717600,29051,29666,29051,29561
1635804000,29561,29599,29411,29521
1635890400,29521,29784,29414,29781
1635976800,29781,29956,29591,29731
1636063200,29731,29829,29501,29679
1636326000,29679,29839,29439,29676
1636412400,29676,29809,29184,29284
1636498800,29284,29386,29001,29058
1636585200,29058,29476,28976,29426
1636671600,29426,29761,29376,29761
1636930800,29761,29856,29646,29733
1637017200,29733,29968,29686,29833
1637103600,29833,29926,29486,29563
1637190000,29563,29723,29381,29606
1637276400,29606,29786,29478,29626
1637535600,29626,29916,29538,29708
1637622000,29708,29791,29511,29716
1637708400,29716,29751,29208,29458
1637794800,29458,29581,29433,29495
1637881200,29495,29503,28020,28058
1638140400,28058,28785,28058,28408
1638226800,28408,28715,27375,27715
1638313200,27715,28233,27403,27458
1638399600,27458,28063,27458,28038
1638486000,28038,28181,27573,27768
1638745200,27768,28161,27686,28101
1638831600,28101,28866,27958,28858
1638918000,28858,28948,28613,28923
1639004400,28923,28946,28583,28623
1639090800,28623,28698,28385,28615
1639350000,28615,28793,28443,28518
1639436400,28518,28678,28178,28330
1639522800,28330,28940,28268,28913
1639609200,28913,29206,28736,28823
1639695600,28823,28908,28396,28491
1639954800,28491,28493,27800,28245
1640041200,28245,28723,28223,28703
1640127600,28703,28743,28453,28713
1640214000,28713,28940,28630,28870
1640300400,28870,28887,28870,28887
1640559600,28887,29053,28655,29025
1640646000,29025,29128,28870,29015
1640732400,29015,29110,28720,28840
1640818800,28840,28970,28577,28865
1640905200,28865,29012,28730,28915
1641164400,28915,29172,28835,28980
1641250800,28980,29382,28957,29302
1641337200,29302,29394,28987,29032
1641423600,29032,29124,28484,28727
1641510000,28727,28814,28190,28405
1641769200,28405,28585,27880,28195
1641855600,28195,28485,28080,28450
1641942000,28450,28820,28432,28645
1642028400,28645,28690,28258,28275
1642114800,28275,28343,27878,28320
1642374000,28320,28455,28278,28405
1642460400,28405,28745,27958,28028
1642546800,28028,28053,27308,27558
1642633200,27558,27963,27210,27363
1642719600,27363,27703,27130,27703
1642978800,27703,27703,26708,27393
1643065200,27393,27475,26858,26963
1643151600,26963,27420,26795,26945
1643238000,26945,27200,26043,26633
1643324400,26633,26797,26242,26704
1643583600,26704,27347,26529,27339
1643670000,27339,27412,26987,27217
1643756400,27217,27582,27192,27394
1643842800,27394,27409,26957,27159
1643929200,27159,27459,27074,27259
1644188400,27259,27382,27087,27254
1644274800,27254,27469,27209,27419
1644361200,27419,27889,27404,27884
1644447600,27884,27909,27359,27394
1644534000,27394,27469,26864,26864
1644793200,26864,27189,26854,27049
1644879600,27049,27474,26719,27419
1644966000,27419,27563,27271,27451
1645052400,27451,27528,26881,26918
1645138800,26918,27226,26791,26791
1645398000,26791,27034,26551,26611
1645484400,26611,26929,26241,26701
1645570800,26701,26909,26294,26326
1645657200,26326,26356,25559,26209
1645743600,26209,26998,26110,26963
1646002800,26963,26963,26260,26720
1646089200,26720,27020,26328,26430
1646175600,26430,26708,26198,26640
1646262000,26640,26735,26293,26415
1646348400,26415,26445,25723,25723
1646607600,25723,25783,24933,24935
1646694000,24935,25310,24507,24710
1646780400,24710,25455,24680,25397
1646866800,25397,25767,25205,25355
1646953200,25355,25760,24965,25157
1647208800,25157,25645,25157,25295
1647295200,25295,25713,25075,25680
1647381600,25680,26393,25453,26361
1647468000,26361,26781,26281,26693
1647554400,26693,27361,26581,27348
1647813600,27348,27386,27161,27321
1647900000,27321,27733,27126,27675
1647986400,27675,28108,27598,27650
1648072800,27650,28375,27605,28350
1648159200,28350,28355,27948,28245
1648418400,28245,28285,27813,28205
1648504800,28205,28653,28035,28518
1648591200,28518,28518,27683,27800
1648677600,27800,28113,27535,27577
1648764000,27577,27875,27405,27707
1649023200,27707,28034,27580,27956
1649109600,27956,27981,27442,27549
1649196000,27549,27569,26992,27077
1649282400,27077,27222,26792,27037
1649368800,27037,27194,26764,26764
1649628000,26764,27039,26710,26715
1649714400,26715,26750,26245,26315
1649800800,26315,26990,26315,26932
1649887200,26932,27315,26860,26925
1649973600,26925,26925,26922,26922
1650232800,26922,27030,26565,26920
1650319200,26920,27275,26770,27222
1650405600,27222,27395,27062,27211
1650492000,27211,27760,27132,27140
1650578400,27140,27239,26704,26704
1650837600,26704,26854,26412,26824
1650924000,26824,26894,25975,26008
1651010400,26008,26588,26008,26465
1651096800,26465,27386,26333,27216
1651183200,27216,27473,26708,26763
1651442400,26708,26956,26558,26903
1651528800,26903,27121,26766,27066
1651615200,27066,27491,26791,27426
1651701600,27426,27476,26591,26756
1651788000,26756,27127,26548,26812
1652047200,26812,26812,25935,26027
1652133600,26027,26338,25775,26070
1652220000,26070,26390,25820,25905
1652306400,25905,26027,25535,25705
1652392800,25705,26688,25705,26635
1652652000,26635,26878,26428,26475
1652738400,26475,26875,26440,26837
1652824800,26837,27060,26235,26277
1652911200,26277,26557,26082,26387
1652997600,26387,26942,26364,26752
1653256800,26752,27152,26752,27112
1653343200,27112,27112,26512,26687
1653429600,26687,26882,26495,26757
1653516000,26757,27028,26593,26930
1653602400,26930,27170,26728,27170
1653861600,27170,27418,27055,27340
1653948000,27340,27475,27129,27219
1654034400,27219,27614,27194,27456
1654120800,27456,27783,27254,27743
1654207200,27743,27811,27521,27566
1654466400,27566,28113,27511,28036
1654552800,28036,28215,27856,28152
1654639200,28152,28285,28082,28157
1654725600,28157,28398,27953,28033
1654812000,28033,28103,27308,27405
1655071200,27405,27405,26370,26465
1655157600,26465,26738,26313,26478
1655244000,26478,26692,26195,26587
1655330400,26587,26957,25605,25730
1655416800,25730,26147,25667,26019
1655676000,26019,26219,25510,26048
1655762400,26048,26538,25988,26535
1655848800,26535,26543,25993,26228
1655935200,26228,26408,26025,26197
1656021600,26197,26935,26137,26935
1656280800,26935,27004,26673,26747
1656367200,26747,27285,26717,26817
1656453600,26817,26878,26633,26745
1656540000,26745,26758,26151,26391
1656626400,26391,26531,25791,26338
1656885600,26338,26371,25943,26272
1656972000,26272,26545,25915,26237
1657058400,26237,26359,26004,26289
1657144800,26289,26705,26131,26650
1657231200,26650,26888,26423,26830
1657490400,26830,27070,26590,26615
1657576800,26615,26700,26255,26440
1657663200,26440,26568,26228,26488
1657749600,26488,26777,26308,26714
1657836000,26714,27014,26562,26999
1658095200,26999,27244,26909,26971
1658181600,26971,27421,26786,27406
1658268000,27406,27760,27376,27567
1658354400,27567,27903,27530,27870
1658440800,27870,27978,27588,27715
1658700000,27715,27853,27648,27746
1658786400,27746,27746,27429,27489
1658872800,27489,28078,27479,28018
1658959200,28018,28035,27614,27952
1659045600,27952,28019,27723,27723
1659304800,27723,28082,27723,27919
1659391200,27919,27932,27532,27754
1659477600,27754,28037,27634,28024
1659564000,28024,28084,27829,27879
1659650400,27879,28241,27831,28136
1659909600,28136,28337,28036,28182
1659996000,28182,28207,27802,27877
1660082400,27877,28147,27729,28122
1660168800,28122,28252,28049,28152
1660255200,28152,28787,28122,28777
1660514400,28777,28917,28642,28892
1660600800,28892,29020,28759,28980
1660687200,28980,29234,28904,29021
1660773600,29021,29148,28844,29100
1660860000,29100,29148,28676,28676
1661119200,28676,28848,28448,28498
1661205600,28498,28593,28363,28468
1661292000,28468,28543,28268,28470
1661378400,28470,28697,28363,28677
1661464800,28677,28802,28133,28133
1661724000,28133,28172,27773,28049
1661810400,28049,28343,27858,27930
1661896800,27930,28128,27818,27855
1661983200,27855,27885,27553,27790
1662069600,27790,27901,27456,27538
1662328800,27538,27714.5,27411,27692
1662415200,27692,27814.5,27512.5,27560
1662501600,27560,27745.5,27260,27728
1662588000,27728,28121.5,27710.5,28114
1662674400,28114,28431.5,28081.5,28409
1662933600,28409,28649.5,28409,28564.5
1663020000,28564.5,28682,27834.5,27864.5
1663106400,27864.5,28047.5,27757,27990
1663192800,27990,28017.5,27668.5,27668.5
1663279200,27668.5,27683.5,27433.5,27591
1663538400,27591,27766,27358.5,27751
1663624800,27751,27918.5,27328.5,27461
1663711200,27461,27673.5,27078.5,27091
1663797600,27091,27405.5,26910.5,27038
1663884000,27038,27080.5,26480.5,26643
1664143200,26480.5,26740.5,26417.5,26552.5
1664229600,26552.5,26685.5,26275.5,26438
1664316000,26438,26758.5,25901,26678.5
1664402400,26678.5,26678.5,26042.5,26180
1664488800,26180,26277.5,25800.5,25800.5
1664748000,25800.5,26717.5,25615.5,26610
1664834400,26610,27197.5,26527.5,27190
1664920800,27190,27197.5,26845.5,27078
1665007200,27078,27408,27000.5,27013
1665093600,27013,27200.5,26658,26718
1665352800,26718,26760.5,26498,26673
1665439200,26673,26738,26288.5,26388.5
1665525600,26388.5,26501,26300.5,26373
1665612000,26373,26837,25864.5,26817
1665698400,26817,27181.5,26581.5,26586.5
1665957600,26586.5,27124.5,26564,27122
1666044000,27122,27308.5,26911,27173.5
1666130400,27173.5,27368.5,26908.5,27073.5
1666216800,27073.5,27302.5,26872.5,27030
1666303200,27030,27154.5,26797,27154.5
1666562400,27154.5,27384.5,26857.5,27160
1666648800,27160,27563.5,27082.5,27523.5
1666735200,27523.5,27633.5,27378.5,27446
1666821600,27446,27483.5,26940,27057.5
1666908000,27057.5,27552.5,26977.5,27550
1667167200,27550,27591.5,27412.5,27571.5
1667253600,27571.5,27783,27510.5,27568
1667340000,27568,27751.5,27291.5,27329
1667426400,27329,27411.5,27176.5,27299
1667512800,27299,27536.5,27024,27536.5
1667775600,27536.5,27726.5,27361.5,27644
1667862000,27644,28005.5,27634,27855.5
1667948400,27855.5,27950.5,27517.5,27552.5
1668034800,27552.5,27998.5,27362.5,27998.5
1668121200,27998.5,28338.5,27975.5,28093
1668380400,28093,28225.5,27940.5,28003
1668466800,28003,28219.5,27890.5,27984.5
1668553200,27984.5,28117.5,27734.5,27952.5
1668639600,27952.5,28033.5,27783.5,27971
1668726000,27971,28053.5,27863.5,27863.5
1668985200,27966,28092.5,27847.5,28055
1669071600,28055,28352.5,28017.5,28350
1669158000,28350,28422.5,28297.5,28355
1669244400,28355,28505,28337.5,28380
1669330800,28380,28412.5,28257.5,28360
1669590000,28257.5,28315,28047.5,28108.5
1669676400,28108.5,28121,27898.5,27981
1669762800,27981,28420,27808.5,28420
1669849200,28420,28485,27927.5,27990
1669935600,27990,28045,27493.5,27648.5
1670194800,27648.5,27870.5,27618.5,27693
1670281200,27693,27938.5,27543.5,27658.5
1670367600,27658.5,27781.5,27554,27606.5
1670454000,27606.5,27769.5,27409.5,27732
1670540400,27732,28001.5,27652,27781.5
1670799600,27781.5,28072.5,27709,28042.5
1670886000,28042.5,28315.5,27907,28025.5
1670972400,28025.5,28200.5,27880.5,28005.5
1671058800,28005.5,28165.5,27628.5,27668.5
1671145200,27668.5,27696,27197.5,27320
1671404400,27320,27385.5,27143,27233
1671490800,27233,27340.5,26136.5,26394
1671577200,26394,26616.5,26259,26529
1671663600,26529,26626.5,25974,26151.5
1671750000,26151.5,26366,26099,26313.5
1672095600,26313.5,26636,26225.5,26303
1672182000,26303,26378.5,26103.5,26141
1672268400,26141,26360.5,25930.5,26285.5
1672354800,26285.5,26303,25655.5,25775.5
1672700400,25775.5,25975.5,25600.5,25828
1672786800,25828,25940.5,25625.5,25870.5
1672873200,25870.5,25960.5,25703.5,25738.5
1672959600,25738.5,26223.5,25713.5,26161
1673218800,26161,26468.5,26161,26226
1673305200,26226,26321,26101.5,26284
1673391600,26284,26563.5,26284,26548.5
1673478000,26548.5,26563.5,26013.5,26226
1673564400,26226,26393.5,25705.5,25705.5
1673823600,25705.5,25943,25705.5,25888.5
1673910000,25888.5,26410.5,25866,26285.5
1673996400,26285.5,26935,26215.5,26490
1674082800,26490,26597.5,26259.5,26374.5
1674169200,26374.5,26947.5,26304.5,26925
1674428400,26925,27234.5,26792.5,27184.5
1674514800,27184.5,27389.5,27104.5,27232
1674601200,27232,27479.5,27144.5,27419.5
1674687600,27419.5,27541.5,27281.5,27494
1674774000,27494,27501.5,27306.5,27469
1675033200,27469,27596.5,27331.5,27441.5
1675119600,27441.5,27512.5,27207.5,27490
1675206000,27490,27540,27167.5,27495
1675292400,27495,27615.5,27342.5,27495.5
1675378800,27495.5,27750.5,27430.5,27750.5
1675638000,27640.5,27855.5,27544.5,27682
1675724400,27682,27807,27379.5,27652
1675810800,27652,27664.5,27386.5,27444
1675897200,27444,27714,27421.5,27536.5
1675983600,27536.5,27811.5,27413.5,27606
1676242800,27606,27740.5,27265.5,27715.5
1676329200,27715.5,27787.5,27537.5,27745
1676415600,27745,27762.5,27440,27650
1676502000,27650,27740.5,27500.5,27513
1676588400,27513,27610.5,27397.5,27510
1676847600,27510,27547.5,27422.5,27497.5
1676934000,27497.5,27542.5,27272.5,27290
1677020400,27290,27310,26964.5,27082
1677106800,27082,27264.5,27024.5,27229.5
1677193200,27229.5,27469.5,27154.5,27357
1677452400,27357,27565.5,27300.5,27538
1677538800,27538,27585.5,27375,27382.5
1677625200,27382.5,27563,27302.5,27518
1677711600,27518,27742.5,27405,27715
1677798000,27715,28227.5,27642.5,28212.5
1678057200,28212.5,28313.5,28160,28236
1678143600,28236,28452.5,28167.5,28185
1678230000,28185,28640.5,28162.5,28623
1678316400,28623,28730.5,28197.5,28280
1678402800,28280,28461.5,27759,27759
1678658400,27759,27979,27247.5,27482.5
1678744800,27482.5,27537.5,27092.5,27440
1678831200,27440,27502.5,26459,26741.5
1678917600,26741.5,27309,26629,27291.5
1679004000,27291.5,27411.5,26906.5,26966.5
1679263200,26966.5,27371.5,26646.5,27114
1679349600,27114,27411.5,27076.5,27384
1679436000,27384,27632.5,27220,27270
1679522400,27270,27628.5,27183.5,27356
1679608800,27356,27491,27108.5,27108.5
1679868000,27108.5,27616.5,27108.5,27609
1679954400,27609,27631.5,27397.5,27502.5
1680040800,27502.5,28093.5,27502.5,28076
1680127200,28076,28076,27628.5,27951
1680213600,27951,28240.5,27936,28233
1680472800,28233,28275.5,28040.5,28213
1680559200,28213,28330.5,28010.5,28100.5
1680645600,28100.5,28145.5,27562.5,27677.5
1680732000,27677.5,27702.5,27430,27617.5
1680818400,27617.5,27657.5,27458,27653
1681077600,27653,27880.5,27595.5,27870.5
1681164000,27870.5,28089.5,27850.5,28034.5
1681250400,28034.5,28239.5,27909.5,27912
1681336800,27912,28440.5,27859.5,28380.5
1681423200,28380.5,28592,28325.5,28532
1681682400,28532,28605.5,28419.5,28588
1681768800,28588,28761.5,28515.5,28661.5
1681855200,28661.5,28681.5,28397.5,28537.5
1681941600,28537.5,28698.5,28435,28608.5
1682028000,28608.5,28778.5,28487.5,28487.5
1682287200,28487.5,28742.5,28487.5,28690
1682373600,28690,28805,28362.5,28442.5
1682460000,28442.5,28555,28253.5,28321
1682546400,28321,28753.5,28248.5,28718.5
1682632800,28718.5,29093.5,28491,29093.5
1682892000,29071,29353.5,29016,29266
1682978400,29266,29288.5,28656.5,28779
1683064800,28779,28941.5,28636.5,28669
1683151200,28669,28781.5,28544,28609
1683237600,28609,29146.5,28609,29074
1683496800,29074,29141.5,28933,29040.5
1683583200,29040.5,29278.5,29018,29216
1683669600,29216,29248.5,28893,29053
1683756000,29053,29195.5,28960.5,29125.5
1683842400,29125.5,29585.5,29108,29570.5
1684101600,29570.5,29901.5,29475.5,29859
1684188000,29859,29991.5,29776.5,29881.5
1684274400,29881.5,30541.5,29864,30516.5
1684360800,30516.5,30932.5,30376.5,30900
1684447200,30900,30980.5,30665.5,30665.5
1684706400,30665.5,31294.5,30665.5,31197
1684792800,31197,31354.5,30544.5,30669.5
1684879200,30669.5,30854.5,30399.5,30592
1684965600,30592,31104.5,30507,31057
1685052000,31057,31554.5,30879.5,31554.5
1685311200,31554.5,31667,31162,31294.5
1685397600,31294.5,31444.5,31059.5,31119.5
1685484000,31119.5,31142,30637,30762
1685570400,30762,31437.5,30762,31397.5
1685656800,31397.5,32012.5,31272.5,31960
1685916000,31960,32567.5,31815,32130
1686002400,32130,32702,31930,32627
1686088800,32627,32712,31762,31857
1686175200,31857,32034.5,31419.5,31882
1686261600,31882,32549.5,31867,32322
1686520800,32322,32746,32261,32716
1686607200,32716,33592.5,32648.5,33465
1686693600,33465,33820.5,33207.5,33643
1686780000,33643,33800.5,33160.5,33500.5
1686866400,33500.5,34013.5,33185.5,33753.5
1687125600,33753.5,33866,33228,33383
1687212000,33383,33480.5,33070.5,33138
1687298400,33138,33793,33108,33575.5
1687384800,33575.5,33643,33162.5,33505
1687471200,33505,33570,32398.5,32653.5
1687730400,32653.5,32918,32381,32598
1687816800,32598,32890.5,32303,32825.5
1687903200,32825.5,33373.5,32640.5,33291
1687989600,33291,33538.5,33098,33163
1688076000,33163,33518.5,32915.5,33431
1688335200,33431,33831,33431,33611
1688421600,33611,33626,33173.5,33208.5
1688508000,33208.5,33386,32986,33108.5
1688594400,33108.5,33121,32243,32405.5
1688680800,32405.5,32733,32225.5,32225.5
1688940000,32225.5,32568,32060,32335
1689026400,32335,32480,32056.5,32326.5
1689112800,32326.5,32404,31766.5,32042
1689199200,32042,32827.5,31949.5,32767.5
1689285600,32767.5,32887.5,32217,32344.5
1689544800,32344.5,32472,32109.5,32369.5
1689631200,32369.5,32821.5,32334,32754
1689717600,32754,33067.5,32669,32882.5
1689804000,32882.5,32895,32257.5,32332.5
1689890400,32332.5,32781.5,32080,32781.5
1690149600,32781.5,32840,32505,32757.5
1690236000,32757.5,32777.5,32512,32649.5
1690322400,32649.5,32732,32411.5,32539
1690408800,32539,33234.5,32434.5,32589.5
1690495200,32589.5,33168.5,32023.5,33126
1690754400,33126,33413.5,33011,33303
1690840800,33303,33485,33162.5,33210
1690927200,33210,33210,32272,32277
1691013600,32277,32452,31677,31919.5
1691100000,31919.5,32307.5,31879.5,31955
1691359200,31955,32452.5,31812.5,32430
1691445600,32430,32542.5,32105,32312.5
1691532000,32312.5,32415,32064.5,32192
1691618400,32192,32831.5,32027,32539
1691704800,32539,32726.5,32446.5,32479
1691964000,32479,32621.5,32031.5,32306.5
1692050400,32306.5,32406.5,31898.5,31921
1692136800,31921,31998.5,31646,31663.5
1692223200,31663.5,31796,31306,31341
1692309600,31341,31648.5,31251,31648.5
1692568800,31648.5,31861.5,31406,31836.5
1692655200,31836.5,32036.5,31691.5,31756.5
1692741600,31756.5,32216.5,31711.5,32214
1692828000,32214,32306.5,31686.5,31711.5
1692914400,31711.5,31910.5,31565.5,31880.5
1693173600,31880.5,32331.5,31880.5,32326.5
1693260000,32326.5,32462.5,32160,32452.5
1693346400,32452.5,32562.5,32192.5,32407.5
1693432800,32407.5,32697.5,32347.5,32500
1693519200,32500,32847.5,32462.5,32762.5
1693778400,32762.5,33092.5,32712.5,32902.5
1693864800,32902.5,33170,32782.5,33062.5
1693951200,33062.5,33300,33010,33135
1694037600,33135,33332.5,32777.5,32902.5
1694124000,32902.5,32970,32482.5,32732.5
1694383200,32732.5,32752.5,32392.5,32670
1694469600,32670,32897.5,32485,32780
1694556000,32780,32927.5,32615,32860
1694642400,32860,33413.5,32832.5,33403.5
1694728800,33403.5,33648,33230.5,33275.5
1694988000,33275.5,33345.5,33145.5,33260.5
1695074400,33260.5,33385.5,33125.5,33253
1695160800,33253,33295.5,32965.5,32965.5
1695247200,32965.5,32970.5,32215.5,32223
1695333600,32223,32629.5,32150.5,32497
1695592800,32497,32748.5,32382,32711
1695679200,32711,32711,32051.5,32124
1695765600,32124,32474.5,31954,32289.5
1695852000,32289.5,32289.5,31671.5,32011.5
1695938400,32011.5,32134.5,31717,31809.5
1696197600,31809.5,32414.5,31479.5,31604.5
1696284000,31604.5,31662,30666.5,30724
1696370400,30724,30834,30276.5,30706.5
1696456800,30706.5,31203.5,30564,31033.5
1696543200,31033.5,31398.5,30863.5,31343.5
1696802400,31343.5,31344.5,30939.5,31277
1696888800,31277,31971,31262,31791
1696975200,31791,32086.5,31758.5,32021.5
1697061600,32021.5,32658.5,32006.5,32276
1697148000,32276,32523.5,31851.5,31889
1697407200,31889,32056,31561,31986
1697493600,31986,32263.5,31818.5,32126
1697580000,32126,32136,31588.5,31653.5
1697666400,31653.5,31738.5,31248.5,31266
1697752800,31266,31433.5,31003.5,31016
1698012000,31016,31198.5,30731,31068.5
1698098400,31068.5,31296,30546,31253.5
1698184800,31253.5,31467.5,30937.5,30955
1698271200,30955,30955,30464.5,30549.5
1698357600,30549.5,31094.5,30524.5,30619.5
1698616800,30619.5,30861.5,30386.5,30584
1698703200,30584,31398.5,30546.5,31368.5
1698789600,31368.5,31913.5,31296,31911
1698876000,31911,32349.5,31819.5,32327
1698962400,32327,32824.5,32224.5,32824.5
1699225200,32824.5,32824.5,32474.5,32612
1699311600,32612,32634.5,32204.5,32502
1699398000,32502,32567,32044.5,32312
1699484400,32312,32869.5,32197,32512
1699570800,32512,32924.5,32244.5,32817
1699830000,32817,32997,32497,32777
1699916400,32777,33239.5,32664.5,33229.5
1700002800,33229.5,33587.5,33194.5,33370
1700089200,33370,33615,33204.5,33417
1700175600,33417,33610,33257,33490
1700434800,33610,33862.5,33192.5,33410
1700521200,33410,33470,33132,33174.5
1700607600,33174.5,33774.5,33099.5,33762
1700694000,33762,33762,33627,33732
1700780400,33732,33824.5,33589.5,33589.5
1701039600,33674.5,33814.5,33398.5,33516
1701126000,33516,33571,33218.5,33303.5
1701212400,33303.5,33520.5,33178.5,33313
1701298800,33313,33586.5,33156.5,33519
1701385200,33519,33574,33251.5,33251.5
1701644400,33479,33479,32905.5,33063
1701730800,33063,33085.5,32693,32918
1701817200,32918,33463,32883,33133
1701903600,33133,33188,32162.5,32410
1701990000,32410,32633,32210.5,32578
1702249200,32578,33130.5,32550.5,33113
1702335600,33113,33210.5,32767.5,33000
1702422000,33000,33097.5,32702.5,32925
1702508400,32925,33172.5,32507.5,32687.5
1702594800,32687.5,33126,32687.5,32703.5
1702854000,32703.5,32871.5,32541.5,32786.5
1702940400,32786.5,33693.5,32649,33443.5
1703026800,33443.5,33836,33066,33216
1703113200,33216,33359.5,33094.5,33322
1703199600,33322,33439.5,33117,33302
1703545200,33302,33576.5,33186.5,33529
1703631600,33529,33774,33440.5,33515.5
1703718000,33515.5,33568,33290.5,33438
1703804400,33438,33648,33202.5,33310
1704150000,33310,33442.5,32972.5,33082.5
1704236400,33082.5,33364.5,33054.5,33082
1704322800,33082,33523.5,32694.5,33373.5
1704409200,33373.5,33633.5,33266,33438.5
1704668400,33438.5,33943.5,33263.5,33871
1704754800,33871,33993.5,33596.5,33894
1704841200,33894,34957.5,33851.5,34947.5
1704927600,34947.5,35804,34840,35241.5
1705014000,35241.5,35724,35179,35553
1705273200,35553,36207.5,35508,36175
1705359600,36175,36175,35555,35905
1705446000,35905,36245.5,35300.5,35513
1705532400,35513,36087.5,35358,36072.5
1705618800,36072.5,36353,35788,36268
1705878000,36353,36732,36294.5,36699.5
1705964400,36699.5,36995,36039.5,36517
1706050800,36517,36574.5,36099.5,36124.5
1706137200,36124.5,36311,35901,36033.5
1706223600,36033.5,36102.5,35682.5,36102.5
1706482800,36102.5,36195.5,35795,36165.5
1706569200,36165.5,36273.5,35743,35755.5
1706655600,35755.5,36404.5,35673,35972
1706742000,35972,36311.5,35736.5,36276.5
1706828400,36276.5,36444,36031.5,36394
1707087600,36394,36524,36127.5,36365
1707174000,36365,36380,35826.5,35981.5
1707260400,35981.5,36401.5,35844,36391.5
1707346800,36391.5,37146.5,36309,37119
1707433200,37119,37284,36869.5,37127
1707692400,37127,37594.5,37064.5,37464.5
1707778800,37464.5,38402.5,37404.5,37717.5
1707865200,37717.5,38132.5,37587.5,38107.5
1707951600,38107.5,38657,37932,38622
1708038000,38622,38864.5,38229.5,38249.5
1708297200,38249.5,38614.5,38249.5,38562
1708383600,38562,38744.5,38109.5,38302
1708470000,38302,38814.5,38089.5,38779.5
1708556400,38779.5,39485.5,38649.5,39433
1708642800,39433,39625.5,39268,39423
1708902000,39423,39523,39183,39313
1708988400,39313,39423,39111,39341
1709074800,39341,39341,38967.5,38997.5
1709161200,38997.5,39342.5,38875,39317.5
1709247600,39317.5,40282.5,39277.5,40175
1709506800,40175,40345,40005,40060
1709593200,40060,40223.5,39663.5,39861
1709679600,39861,40562.5,39751,40375
1709766000,40375,40480,39137.5,39730
1709852400,39730,40004.5,38979.5,39067
1710108000,39067,39067,38307.5,38420
1710194400,38420,39115,38275,39077.5
1710280800,39077.5,39192.5,38455.5,38563
1710367200,38563,38889.5,38297,38554.5
1710453600,38554.5,38967.5,38457,38885
1710712800,38885,39794.5,38885,39637
1710799200,39637,40112.5,39400,40047.5
1710885600,40047.5,40617.5,40047.5,40592.5
1710972000,40592.5,41135,40450,41012.5
1711058400,41012.5,41095,40655.5,40655.5
1711317600,40655.5,40843,40184.5,40382
1711404000,40382,40697.5,40287.5,40467.5
1711490400,40467.5,40980,40447.5,40710
1711576800,40710,40710,40058,40360.5
1711922400,40360.5,40735.5,39683,39945.5
1712008800,39945.5,40173,39430.5,39678
1712095200,39678,40052.5,39235.5,39985
1712181600,39985,40255,39037.5,39055
1712268000,39055,39372.5,38752.5,39297.5
1712527200,39372.5,39629,39204,39451.5
1712613600,39451.5,39792.5,39267.5,39675
1712700000,39675,39717.5,39006,39093.5
1712786400,39093.5,39690,38991,39667.5
1712872800,39667.5,39952.5,38769.5,38837
1713132000,38837,39491,38613.5,38681
1713218400,38681,38738.5,38278.5,38468.5
1713304800,38468.5,38646,37605,37702.5
1713391200,37702.5,38225,37635,37735
1713477600,37735,37777.5,36690,36690
1713736800,37087,37831.5,37044,37711.5
1713823200,37711.5,37939.5,37399.5,37934.5
1713909600,37934.5,38444.5,37897,38042
1713996000,38042,38042,37110.5,37835.5
1714082400,37835.5,38391.5,37545,38344
1714341600,38344,38739,38161.5,38311.5
1714428000,38311.5,38608.5,38076.5,38094
1714514400,38094,38491,37743.5,37821
1714600800,37821,38360,37735,37942.5
1714687200,37942.5,38377.5,37800,38350
1714946400,38350,38900,38350,38892.5
1715032800,38892.5,38942.5,38538,38702.5
1715119200,38702.5,38762.5,38151.5,38369
1715205600,38369,38458.5,37967.5,38420
1715292000,38420,38752.5,38100.5,38100.5
1715551200,38100.5,38275,37952.5,38164
1715637600,38164,38605.5,38080.5,38595.5
1715724000,38595.5,38833,38260.5,38708
1715810400,38708,38970.5,38513,38520.5
1715896800,38520.5,38855.5,38520.5,38670.5
1716156000,38670.5,39466.5,38670.5,39214
1716242400,39214,39354,38751.5,38866.5
1716328800,38866.5,38954,38451.5,38759
1716415200,38759,39177.5,38412.5,38537.5
1716501600,38537.5,38877.5,38350,38785
1716760800,38785,38979,38661.5,38946.5
1716847200,38946.5,38991.5,38751.5,38949
1716933600,38949,39159,38158.5,38166
1717020000,38166,38341.5,37613.5,38101.5
1717106400,38101.5,38736.5,37971.5,38724
1717365600,38736.5,39039,38421,38688.5
1717452000,38688.5,38892.5,38295,38445
1717538400,38445,38980.5,38342.5,38950.5
1717624800,38950.5,39075.5,38537.5,38652.5
1717711200,38652.5,38908,38543,38653
1717970400,38653,39236,38563,39206
1718056800,39206,39340.5,38800.5,38928
1718143200,38928,39288.5,38801,39198.5
1718229600,39198.5,39296,38385.5,38590.5
1718316000,38590.5,39037,38292.5,38472.5
1718575200,38472.5,38582.5,37942.5,38457.5
1718661600,38457.5,38643.5,38330.5,38598.5
1718748000,38598.5,38803.5,38327.5,38355
1718834400,38355,38735.5,38262.5,38608
1718920800,38608,38793,38375,38525
1719180000,38525,38992.5,38400,38737.5
1719266400,38737.5,39362.5,38725,39337.5
1719352800,39337.5,39802.5,39232.5,39445
1719439200,39445,39664.5,39182.5,39577
1719525600,39577,39958.5,39481,39958.5
1719784800,39821,39966,39437.5,39497.5
1719871200,39497.5,40259.5,39452.5,40232
1719957600,40232,40719.5,40154.5,40654.5
1720044000,40654.5,40968.5,40598.5,40866
1720130400,40866,41123.5,40748.5,41014
1720389600,41014,41111.5,40786.5,40944
1720476000,40944,41770,40926.5,41530
1720562400,41530,42482.5,41422.5,42457.5
1720648800,42457.5,42487.5,41468,41608
1720735200,41608,41790.5,40990.5,41183
1720994400,41183,41390.5,41010.5,41163
1721080800,41163,41559,41106.5,41521.5
1721167200,41521.5,41596.5,40131,40251
1721253600,40251,40420.5,39863,40028
1721340000,40028,40217,39825.5,40217
1721599200,40217,40217,39454.5,39879.5
1721685600,39879.5,39959.5,39430,39435
1721772000,39435,39642.5,38097.5,38170
1721858400,38170,38306.5,37334,37714
1721944800,37714,38271.5,37601.5,38211.5
1722204000,38211.5,38719,38171.5,38299
1722290400,38299,38730,37887.5,38030
1722376800,38030,39279.5,37950,38707
1722463200,38707,38879.5,36429,36771.5
1722549600,36771.5,36771.5,34359.5,34819.5
1722808800,34819.5,34819.5,30386.5,33408
1722895200,33408,34923.5,32858,33445.5
1722981600,33445.5,35865.5,33253,34356
1723068000,34356,35786,33721,35713.5
1723154400,35713.5,35941,34448.5,35300
1723413600,35300,35875,35192.5,35567.5
1723500000,35567.5,36484.5,35445,36417
1723586400,36417,36687,35864.5,36304.5
1723672800,36304.5,37742.5,36254.5,37742.5
1723759200,37742.5,38151.5,37311.5,37654
1724018400,37654,38132,37165.5,37838
1724104800,37838,38292,37489.5,37632
1724191200,37632,38257.5,37497,38052.5
1724277600,38052.5,38662.5,37882.5,38147.5
1724364000,38147.5,38690.5,38048,38325.5
1724623200,38325.5,38375.5,37813,37941
1724709600,37941,38559.5,37871,38277
1724796000,38277,38600.5,37915.5,38155.5
1724882400,38155.5,38833.5,37871,38391
1724968800,38391,39062.5,38321,39062.5
1725228000,39062.5,39177.5,38470,38855
1725314400,38855,38970,37435,37615
1725400800,37615,37747.5,36522,36539.5
1725487200,36539.5,37118,36197,36980.5
1725573600,36980.5,37050.5,35117.5,35155
1725832800,35155,36510,35120,36332.5
1725919200,36332.5,36544,35608.5,36121
1726005600,36121,36633.5,35258.5,36596
1726092000,36596,37067.5,36367.5,36915
1726178400,36915,37060,36291.5,36434
1726437600,36434,36721.5,36209,36654
1726524000,36654,36772.5,35792.5,36687.5
1726610400,36687.5,36717.5,36120,36686.5
1726696800,36686.5,37928,36644,37725.5
1726783200,37725.5,38407,37647,38212
1727042400,38212,38652,38117,38317
1727128800,38317,38497,37686,37873.5
1727215200,37873.5,38332.5,37796,38322.5
1727301600,38322.5,39628,38320,39568
1727388000,39568,39927.5,37250,37370
1727647200,37250,38420,37250,38197
1727733600,38197,38777,37587,37977
1727820000,37977,38722.5,37655,38677.5
1727906400,38677.5,39012.5,38302.5,38562.5
1727992800,38562.5,39627.5,38410,39537.5
1728252000,39537.5,39832.5,38719.5,38902
1728338400,38902,39493.5,38654.5,39371
1728424800,39371,39671.5,39096.5,39659
1728511200,39659,39701.5,38866.5,39389
1728597600,39389,39926,39356.5,39736
1728856800,39736,40133.5,39536,40113.5
1728943200,40113.5,40272,38824.5,38939.5
1729029600,38939.5,39495,38862,39445
1729116000,39445,39457.5,38750,39213
1729202400,39213,39280.5,38892,39152
1729461600,38892,39237,38709.5,39117
1729548000,39117,39117,38176.5,38285
1729634400,38285,38515,37614.5,37832
1729720800,37832,38325,37702,38072.5
1729807200,38072.5,38352.5,37707.5,38042.5
1730066400,38042.5,38751,37205,38606
1730152800,38606,39270.5,38403.5,39183
1730239200,39183,39711,39008,39271
1730325600,39271,39303.5,38108,38343
1730412000,38343,38773.5,37936,38561
1730674800,38561,38646,38241,38421
1730761200,38421,39089.5,38151,38959.5
1730847600,38959.5,40154.5,38677,40072
1730934000,40072,40094.5,39015,39688
1731020400,39688,39920.5,38937.5,39070
1731279600,38937.5,39808.5,38937.5,39621
1731366000,39621,39865,38990.5,39210.5
1731452400,39210.5,39390.5,38484,38946.5
1731538800,38946.5,39085,38495.5,38893
1731625200,38893,39118,37754.5,38062
1731884400,38062,38554,37912,38351.5
1731970800,38351.5,38564,37690.5,38228
1732057200,38228,38527.5,37840,38342.5
1732143600,38342.5,38362.5,37694.5,38207
1732230000,38207,38633,38035.5,38633
1732489200,38633,39057,38565.5,38847
1732575600,38847,38882,38015,38323
1732662000,38323,38433,37634,37799
1732748400,37799,38483,37786.5,38293
1732834800,38293,38456.5,37983,38354
1733094000,38456.5,38711.5,37956,38619
1733180400,38619,39423.5,38594,39256
1733266800,39256,39771.5,39039,39704
1733353200,39704,39736.5,39249.5,39312
1733439600,39312,39462,38932,39292.5
1733698800,39292.5,39526.5,38972.5,39209
1733785200,39209,39508.5,39151.5,39343.5
1733871600,39343.5,40158,39137,39968
1733958000,39968,40094.5,39542.5,39605
1734044400,39605,39765,39244,39560
1734303600,39560,39717.5,39368.5,39640
1734390000,39640,39775,39214.5,39292
1734476400,39292,39448.5,38251,38536
1734562800,38536,39366,38201,38991
1734649200,38991,39173,38345.5,38818
1734908400,38818,39327.5,38818,39295
1734994800,39295,39337.5,38988,39247
1735167600,39247,39725,39102,39632.5
1735254000,39632.5,40395,39528,40055
1735513200,40055,40295,39242,39384.5
1735599600,39384.5,39494.5,39152,39352
1735772400,39352,39657,39154.5,39392
1735858800,39392,39602,39197,39504.5
1736118000,39504.5,39974.5,39229,39728.5
1736204400,39728.5,40305.5,39628,39805.5
1736290800,39805.5,40109.5,39698,39874.5
1736377200,39874.5,39922.5,39383.5,39531
1736463600,39531,39573.5,38630.5,38753
1736722800,38753,38818,38133,38708
1736809200,38708,39063,38304,38714
1736895600,38714,38830,38220,38695
1736982000,38695,38935,38262.5,38320
1737068400,38320,38917.5,38060,38802.5
1737327600,38802.5,39103,38685,38950.5
1737414000,38950.5,39345.5,38620.5,39340.5
1737500400,39340.5,39942,39318,39772
1737586800,39772,40034.5,39674.5,39859.5
1737673200,39859.5,40612,39809.5,40467
1737932400,40467,40467,38644.5,39084.5
1738018800,39084.5,39430,38875,39382.5
1738105200,39382.5,39608,39110.5,39375.5
1738191600,39375.5,39705.2,39203.7,39552.7
1738278000,39552.7,39822.7,39285.2,39312.5
1738537200,39312.5,39312.5,38382,39184.5
1738623600,39184.5,39309.5,38573,39015.5
1738710000,39015.5,39120.5,38564.5,38931.5
1738796400,38931.5,39194,38829.5,38946.5
1738882800,38946.5,39012,38335.5,38420.5
1739142000,38420.5,38970.5,38255.5,38922.5
1739228400,38922.5,39090.5,38760.5,39042.5
1739314800,39042.5,39227.5,38757.5,39180.5
1739401200,39180.5,39585,39115.5,39454.5
1739487600,39454.5,39572.5,39002.5,39145.5
1739746800,39145.5,39240.5,38997.5,39183.5
1739833200,39183.5,39509,39121.5,39336.5
1739919600,39336.5,39336.5,38767.5,38990.5
1740006000,38990.5,38990.5,38392.5,38550.5
1740092400,38550.5,38877.5,38062.5,38145.5
1740351600,38145.5,38385,37882.5,38040.5
1740438000,38040.5,38484,37683.5,38056.5
1740524400,38056.5,38489.5,37739,38184.5
1740610800,38184.5,38387.5,37547.5,37710.5
1740697200,37710.5,37790.5,36837,37594.5
1740956400,37594.5,38247.5,37085.5,37340.5
1741042800,37340.5,37551.5,36256.5,37209.5
1741129200,37209.5,37834.5,37091.5,37634.5
1741215600,37634.5,37879.5,36836.5,37039.5
1741302000,37039.5,37329.5,36471.5,37211.5
1741557600,37211.5,37211.5,36171.5,36411.5
1741644000,36411.5,36934.5,35982,36524.5
1741730400,36524.5,37223.5,36524.5,36996.5
1741816800,36996.5,37329,36553.5,36746.5
1741903200,36746.5,37625.5,36534,37523.5
1742162400,37523.5,38027.5,37376,37904.5
1742248800,37904.5,38004,37648.5,37778.5
1742335200,37778.5,38123,37550.5,37860.5
1742421600,37860.5,37947.5,37407.5,37695.5
1742508000,37695.5,37973,37345.5,37567.5
1742767200,37567.5,37995.5,37567.5,37970.5
1742853600,37970.5,38120,37685,38082.5
1742940000,38082.5,38225,37660.5,37707.5
1743026400,37707.5,37848,37507.5,37695.5
1743112800,37695.5,37695.5,36257.5,36262.5
1743372000,36262.5,36262.5,35429.5,35974.5
1743458400,35974.5,36040,35093.5,35660.5
1743544800,35660.5,36455.5,34783.5,34813.5
1743631200,34813.5,34848,33360.5,33585.5
1743717600,33585.5,34329,31934.5,32194.5
1743976800,32194.5,33685.5,30341.5,32480.5
1744063200,32480.5,33893.5,31783.5,32100.5
1744149600,32100.5,35103.5,31078.5,34995.5
1744236000,34995.5,35193.5,32430.5,33387.5
1744322400,33387.5,33710.5,32613,33680.5
1744581600,33680.5,34474.5,33680.5,34269.5
1744668000,34269.5,34606.5,34144.5,34451.5
1744754400,34451.5,34451.5,33569.5,33774.5
1744840800,33774.5,34709.5,33744.5,34481.5
1745186400,34481.5,34612,33836.5,34093.5
1745272800,34093.5,34931.5,33971.5,34781.5
1745359200,34781.5,35474.5,34671,35399.5
1745445600,35399.5,35639.5,34766.5,35549.5
1745532000,35549.5,36044.5,35402,36016.5
1745791200,36016.5,36074,35684.5,35864.5
1745877600,35864.5,36199.5,35814.5,36019.5
1745964000,36019.5,36291.5,35599.5,36234.5
1746050400,36234.5,37041.5,36044,36721.5
1746136800,36721.5,37213.5,36618,37188.5
1746396000,37188.5,37315.5,36888,37110.5
1746482400,37110.5,37176,36603.5,36685.5
1746568800,36685.5,37135.5,36558.5,36923.5
1746655200,36923.5,37562.5,36611,37357.5
1746741600,37357.5,37645.5,37230,37440.5
1747000800,37440.5,38771.5,37418,38716.5
1747087200,38716.5,38741.5,38002.5,38289.5
1747173600,38289.5,38367.5,37580.5,37638.5
1747260000,37638.5,37861,37570.5,37783.5
1747346400,37783.5,37985.5,37473,37797.5
1747605600,37797.5,37797.5,37232.5,37569.5
1747692000,37569.5,37927,37385.5,37603.5
1747778400,37603.5,37661,36811.5,36836.5
1747864800,36836.5,37207.5,36700.5,37117.5
1747951200,37117.5,37380,36452.5,36867.5
1748210400,36867.5,37664.5,36832.5,37599.5
1748296800,37599.5,38382.5,37412,38327.5
1748383200,38327.5,38327.5,37649.5,37922.5
1748469600,37922.5,38450,37697.5,37890.5
1748556000,37890.5,38111,37383.5,37668.5
1748815200,37668.5,37847.5,37275.5,37785.5
1748901600,37785.5,37788.5,37358.5,37720.5
1748988000,37720.5,37873,37476.5,37539.5
1749074400,37539.5,37729,37309.5,37459.5
1749160800,37459.5,38153.5,37404.5,38000.5
1749420000,38000.5,38336.5,37888.5,38226.5
1749506400,38226.5,38497,38128.5,38383.5
1749592800,38383.5,38798.5,38288,38383.5
1749679200,38383.5,38406,37978.5,38206.5
1749765600,38206.5,38206.5,37499,37972.5
1750024800,37972.5,38628.5,37814.5,38578.5
1750111200,38578.5,38635.5,38213.5,38258.5
1750197600,38258.5,38977.5,38143.5,38687.5
1750284000,38687.5,38860,38385.5,38415.5
1750370400,38415.5,38680.5,38257.5,38407.5
1750629600,38407.5,38645.5,37947.5,38645.5
1750716000,38645.5,38993,38577.5,38778.5
1750802400,38778.5,39168.5,38716,38996.5
1750888800,38996.5,39838.5,38966.5,39828.5
1750975200,39828.5,40629.5,39801.5,40562.5
1751234400,40562.5,40855,40204.5,40227.5
1751320800,40227.5,40337,39564.5,39567.5
1751407200,39567.5,39950,39422.5,39734.5
1751493600,39734.5,40120.5,39653,40112.5
1751580000,40112.5,40135.5,39601.5,39729.5
1751839200,39729.5,39914.5,39341.5,39351.5
1751925600,39351.5,40041.5,39338.5,39946.5
1752012000,39946.5,39984,39572,39916.5
1752098400,39916.5,39961.5,39536,39728.5
1752184800,39728.5,39953,39268.5,39460.5
1752444000,39460.5,39605,39190.5,39502.5
1752530400,39502.5,39824.5,39378,39604.5
1752616800,39604.5,39922,39127.5,39559.5
1752703200,39559.5,40120.5,39352,40072.5
1752789600,40072.5,40142.5,39634.5,39711.5
1753048800,39711.5,39976.5,39676.5,39819.5
1753135200,39819.5,40274,39455.5,39618.5
1753221600,39618.5,41742.5,39618.5,41702.5
1753308000,41702.5,42070,41522.5,41652.5
1753394400,41652.5,41733,41279.5,41372.5
1753653600,41372.5,41692.5,40662.5,40807.5
1753740000,40807.5,40960.5,40558,40665.5
1753826400,40665.5,40785.5,40490.5,40738.5
1753912800,40738.5,41292.5,40587.5,40804.5
1753999200,40804.5,41003,39730.5,39912.5
1754258400,39912.5,40647.5,39740,40627.5
1754344800,40627.5,40682.5,40345.5,40522.5
1754431200,40522.5,40909.5,40425,40809.5
1754517600,40809.5,41348.5,40594.5,41183.5
1754604000,41183.5,42390.5,41148.5,42285.5
1754863200,42285.5,42493,42185.5,42275.5
1754949600,42275.5,43372.5,42193.5,43304.5
1755036000,43304.5,43480.5,43017,43097.5
1755122400,43097.5,43198,42526.5,42801.5
1755208800,42801.5,43494.5,42736,43394.5
1755468000,43394.5,43935.5,43379.5,43783.5
1755554400,43783.5,43886,43323.5,43378.5
1755640800,43378.5,43476.5,42558.5,42848.5
1755727200,42848.5,42929,42511.5,42656.5
1755813600,42656.5,43111.5,42322,42961.5
1756072800,42961.5,43199.5,42522.5,42530.5
1756159200,42530.5,42705,42135,42534.5
1756245600,42534.5,42627,42269,42493.5
1756332000,42493.5,43034.5,42266,42906.5
1756418400,42906.5,42944.5,42019.5,42094.5
1756677600,42094.5,42457,41774,42338.5
1756764000,42338.5,42486,41700.5,42165.5
1756850400,42165.5,42296,41866,42121.5
1756936800,42121.5,42918.5,42021,42913.5
1757023200,42913.5,43236,42578.5,42903.5
1757282400,42903.5,44028.5,42903.5,43956.5
1757368800,43956.5,44194,43076.5,43593.5
1757455200,43593.5,44025.5,43446.5,43873.5
1757541600,43873.5,44816.5,43838.5,44773.5
1757628000,44773.5,44924,44551,44675.5
1757887200,44675.5,44963.5,44616,44915.5
1757973600,44915.5,45065,44618,44775.5
1758060000,44775.5,45035,44582.5,44875.5
1758146400,44875.5,45944.5,44815,45839.5
1758232800,45839.5,45904.5,44475,45287.5
1758492000,45287.5,45770,45222,45729.5
1758578400,45729.5,45892,45492.5,45562.5
1758664800,45562.5,45849.5,45210,45667.5
1758751200,45667.5,45827,45262.5,45619.5
1758837600,45619.5,45757,45170.5,45445.5
1759096800,45445.5,45445.5,44894,45074.5
1759183200,45074.5,45139,44566.5,44809.5
1759269600,44809.5,44889.5,44306.5,44779.5
1759356000,44779.5,45169.5,44660,44987.5
1759442400,44987.5,46160.5,44872.5,46022.5
1759701600,46022.5,48652.5,46022.5,48515.5
1759788000,48515.5,48605.5,47760.5,47992.5
1759874400,47992.5,48185,47683,48115.5
1759960800,48115.5,48886.5,48028,48491.5
1760047200,48491.5,48656.5,45138.5,45188.5
1760306400,45188.5,47006.5,45188.5,46936.5
1760392800,46936.5,47874,46446.5,46938.5
1760479200,46938.5,48243.5,46893.5,47993.5
1760565600,47993.5,48486.5,47718.5,47973.5
1760652000,47973.5,48254.5,46974.5,48231.5
1760911200,48231.5,49738.5,48231.5,49588.5
1760997600,49588.5,49951,49073.5,49318.5
1761084000,49318.5,49650,48390.5,48762.5
1761170400,48762.5,49032.5,48393,48937.5
1761256800,48937.5,49622.5,48907.5,49500.5
1761516000,49500.5,50627.5,49500.5,50465.5
1761602400,50465.5,50762.5,50105,50622.5
1761688800,50622.5,51495.5,50590.5,50980.5
1761775200,50980.5,51829.5,50787.5,51534.5
1761861600,51534.5,52620.5,51451.5,52220.5
1762124400,52220.5,52588.5,52108,52440.5
1762210800,52440.5,52648,51065.5,51120.5
1762297200,51120.5,51331.5,49070,51169.5
1762383600,51169.5,51261.5,49999.5,50276.5
1762470000,50276.5,50469.5,49486.5,50446.5
1762729200,50446.5,51294.5,50429.5,51277.5
1762815600,51277.5,51515.5,50578,51180.5
1762902000,51180.5,51500.5,50550.5,51353.5
1762988400,51353.5,51398.5,49986.5,50054.5
1763074800,50054.5,50734,49666.5,50429.5
1763334000,50429.5,50463.5,49460.5,49783.5
1763420400,49783.5,49933.5,48345,48630.5
1763506800,48630.5,49819.5,48236.5,49812.5
1763593200,49812.5,50586.5,48317.5,48344.5
1763679600,48344.5,49039.5,47997.5,48674.5
1763938800,48674.5,49604.5,48619.5,49492.5
1764025200,49492.5,49697.5,48225.5,49112.5
1764111600,49112.5,50167.5,48950.5,50097.5
1764198000,50097.5,50319.5,49927.5,50019.5
1764284400,50019.5,50244.5,49997,50207.5
1764543600,50207.5,50372.5,49052.5,49460.5
1764630000,49460.5,49719.5,49177,49529.5
1764716400,49529.5,50148,49273.5,49850.5
1764802800,49850.5,51050,49790.5,50612.5
1764889200,50612.5,50842.5,50218,50622.5
1765148400,50622.5,50742.5,50166.5,50366.5
1765234800,50366.5,51029.5,50366.5,50769.5
1765321200,50769.5,51111.5,50334,50950.5
1765407600,50950.5,50992.5,49925,50922.5
1765494000,50922.5,51140.5,49694.5,50149.5
1765753200,50149.5,50367.5,49875.5,50057.5
1765839600,50057.5,50105.5,49346,49548.5
1765926000,49548.5,49734.5,48887.5,49102.5
1766012400,49102.5,49542.5,48627.5,49204.5
1766098800,49204.5,50422.5,49204.5,50344.5
1766358000,50344.5,50603,50133.5,50341.5
1766444400,50341.5,50692.5,50260,50475.5
1766530800,50475.5,50640,50157.5,50405.5
1766703600,50405.5,50938,50397.5,50695.5
1766962800,50695.5,50797.5,50187.5,50325.5
1767049200,50325.5,50675.5,50185.5,50542.5
1767135600,50542.5,50725.5,50235.5,50345.5
1767308400,50345.5,51290.5,50345.5,51100.5
1767567600,51100.5,52247.5,50735.5,52172.5
1767654000,52172.5,52651,51905.5,52083.5
1767740400,52083.5,52415,51830,51880.5
1767826800,51880.5,51910.5,51047,51542.5
1767913200,51542.5,53822.5,51337.5,53529.5
1768172400,53529.5,54157.5,53527.5,54062.5
1768258800,54062.5,54182.5,53451,53891.5
1768345200,53891.5,54505.5,53612.5,53977.5
1768431600,53977.5,54440.5,53690.5,54000.5
1768518000,54000.5,54110,53535.5,53667.5
1768777200,53667.5,53701.5,53083,53481.5
1768863600,53481.5,53519.5,51949.5,52101.5
1768950000,52101.5,53482.5,51806.5,53225.5
1769036400,53225.5,54122.5,53212.5,54014.5
1769122800,54014.5,54042,52758.5,52770.5
1769382000,52770.5,53138.5,52143.5,52495.5
1769468400,52495.5,53365,52440.5,52785.5
1769554800,52785.5,53845,52785.5,53735.5
1769641200,53735.5,54098.5,52372.5,53289.5
1769727600,53289.5,53781.5,52891,53428.5
1769986800,53428.5,54258,52520,53817.5
1770073200,53817.5,54792,53474.5,54114.5
1770159600,54114.5,55086.5,53867.5,54658.5
1770246000,54658.5,54738.5,53653,53733.5
1770332400,53733.5,56494.5,52918.5,56454.5
1770591600,56454.5,58567.5,56040.5,57240.5
1770678000,57240.5,58442.5,56925.5,57942.5
1770764400,57942.5,58487.5,57707.5,58107.5
1770850800,58107.5,58194.5,56505.5,56925.5
1770937200,56925.5,57682.5,56657.5,57485.5
1771196400,57485.5,57722.5,56674.5,56712.5
1771282800,56712.5,57186.5,56129,57006.5
1771369200,57006.5,57728.5,56753.5,57518.5
1771455600,57518.5,57710,56750.5,57030.5
1771542000,57030.5,57280.5,56647.5,57092.5
1771801200,57092.5,57165.5,56455,56797.5
1771887600,56797.5,58092.5,56645.5,57892.5
1771974000,57892.5,60050.5,57754.5,59967.5
1772060400,59967.5,59967.5,58230.5,58587.5
1772146800,58587.5,59381.5,58122.5,58581.5
1772406000,58581.5,58581.5,57030.5,57500.5
1772492400,57500.5,57852.5,53585.5,55197.5
1772578800,55197.5,56467.5,53618,56257.5
1772665200,56257.5,56617.5,53939.5,54271.5
1772751600,54271.5,55776.5,53723.5,54018.5
1773007200,54018.5,54930.5,51173.5,54603.5
1773093600,54603.5,55780.5,53538,54832.5
1773180000,54832.5,55747,54293.5,54628.5
1773266400,54628.5,54801.5,53521.5,53733.5
1773352800,53733.5,54290.5,52707.5,53150.5
1773612000,53150.5,54605.5,52822.5,54412.5
1773698400,54412.5,54630.5,53475,54447.5
1773784800,54447.5,55325,53367.5,53482.5
1773871200,53482.5,53974.5,51925.5,53262.5
1773957600,53262.5,53697.5,51142.5,51297.5
1774216800,51297.5,54257.5,50632.5,53270.5
1774303200,53270.5,53615.5,51630.5,53312.5
1774389600,53312.5,54375.5,53280.5,53812.5
1774476000,53812.5,54172.5,52348.5,52658.5
1774562400,52658.5,53725.5,51490.5,51522.5
1774821600,51522.5,52298.5,50466.5,51073.5
1774908000,51073.5,53131.5,50608.5,52911.5
1774994400,52911.5,54629.5,52694.5,54177.5
1775080800,54177.5,54364.5,52131.5,53104.5
1775167200,53104.5,53464.5,52891.5,53204.5
1775426400,53204.5,54081.5,52626.5,53884.5
1775512800,53884.5,54029.5,52751.5,53941.5
1775599200,53941.5,57247.5,53941.5,56905.5
1775685600,56905.5,56937.5,55657.5,56570.5
1775772000,56570.5,57387.5,56372.5,57379.5
1776031200,57379.5,57664.5,55829.5,57609.5
1776117600,57609.5,58788.5,57374.5,58728.5
1776204000,58728.5,58795.5,58041.5,58499.5
1776290400,58499.5,59692.5,58469.5,59272.5
1776376800,59272.5,60004.5,58514.5,59661.5
1776636000,59661.5,59661.5,58599.5,59224.5
1776722400,59224.5,59611.5,58248.5,58780.5
1776808800,58780.5,59860.5,58700.5,59788.5
1776895200,59788.5,60193.5,58286.5,58841.5
1776981600,58841.5,60099.5,58813.5,60069.5
1777240800,60069.5,60905.5,59624.5,60145.5
1777327200,60145.5,60447.5,58842.5,58974.5
1777413600,58974.5,59472.5,58544.5,58589.5
1777500000,58589.5,59839.5,58567.5,59689.5
1777586400,59689.5,59857.5,59057.5,59247.5
1777845600,59247.5,59994.5,59089.5,59439.5
1777932000,59439.5,60702.5,59274.5,60689.5
1778018400,60689.5,62319.5,60627.5,62069.5
1778104800,62069.5,63218.5,61682.5,61953.5
1778191200,61953.5,63798.5,61823.5,63793.5
1778450400,63793.5,63793.5,62298.5,62848.5
1778536800,62848.5,63219.5,61746.5,62469.5
1778623200,62469.5,63455.5,62219.5,63452.5
1778709600,63452.5,63810.5,62499.5,62994.5
1778796000,62994.5,63234.5,60930.5,61765.5
1779055200,61765.5,61805.5,60342.5,61440.5
1779141600,61440.5,61610.5,59905.5,60513.5
1779228000,60513.5,61508.5,59283.5,61193.5
1779314400,61193.5,62330.5,60960.5,62060.5
1779400800,62060.5,63774.5,62028.5,63254.5
1779660000,63254.5,65630.5,63254.5,65438.5
1779746400,65438.5,65638.5,64598.5,65488.5
1779832800,65488.5,66475.5,64730.5,65232.5
1779919200,65232.5,65887.5,63870.5,65767.5
1780005600,65767.5,66628.5,65542.5,66178.5
1780264800,66178.5,67608.5,66025.5,67223.5
1780351200,67223.5,67601.5,65561.5,67493.5
1780437600,67493.5,68781.5,66853.5,68098.5
1780524000,68098.5,68098.5,66917.5,67614.5
1780610400,67614.5,67662.5,63491.5,63836.5
1780869600,63836.5,65900.5,63398.5,65455.5
1780956000,65455.5,66110.5,63107.5,64445.5
1781042400,64445.5,65092.5,63125.5,63200.5
1781128800,63200.5,66607.5,62340.5,66379.5
1781215200,66379.5,67403.5,65841.5,67281.5
1781474400,67281.5,69761.5,67281.5,69626.5
1781560800,69626.5,70013.5,68973.5,68988.5
1781647200,68988.5,70878.5,68743.5,69843.5
1781733600,69843.5,72104.5,69670.5,71861.5
1781820000,71861.5,72206.5,70556.5,71718.5
1782079200,71718.5,73519.5,70951.5,72859.5
1782165600,72859.5,72991.5,68260.5,69158.5
1782252000,69158.5,70990.5,68451.5,70962.5
1782338400,70962.5,72602.5,70642.5,71137.5
1782424800,71137.5,71605.5,68649.5,69514.5
1782684000,69514.5,70687.5,68021.5,70479.5
1782770400,70479.5,71239.5,69299.5,70861.5
1782856800,70861.5,71960.5,69386.5,69491.5
1782943200,69491.5,69893.5,67456.5,68153.5
1783029600,68153.5,69871.5,67608.5,69681.5
1783288800,69681.5,70366.5,68814.5,70137.5
1783375200,70137.5,70182.5,67289.5,67469.5
1783461600,67469.5,68428.5,65297.5,67532.5
1783548000,67532.5,68959.5,67339.5,68922.5
1783634400,68922.5,69392.5,68114.5,69229.5
1783893600,69229.5,69229.5,66637.5,66977.5
1783980000,66977.5,68738.5,66247.5,68118.5
1784066400,68118.5,68826.5,67001.5,67581.5
1784152800,67581.5,67823.5,65627.5,65842.5
1784239200,65842.5,65892.5,62683.5,64928.5
1784498400,64928.5,65903.5,64540.5,65035.5
1784584800,65035.5,67250.5,64223.5,67130.5
1784671200,67130.5,67589.5,65547.5,66262.5
1784757600,66262.5,67014.5,64934.5,65377.5
1784844000,65377.5,65652.5,64154.5,64224.5
1785103200,64224.5,65647.5,63305.5,63810.5
1785189600,63810.5,63900.5,61843.5,62328.5
1785276000,62328.5,63183.5,60432.5,60935.5
1785362400,60935.5,63790.5,60918.5,63605.5
1785448800,63605.5,65429.5,62590.5,62857.5
1785708000,62857.5,64125.5,62057.5,63415.5
1785794400,63415.5,65626.5,62870.5,65443.5
1785880800,65443.5,66776.5,65443.5,65903.5