time,open,high,low,close
1261060200,164.53,164.53,164.53,164.53
1261146600,167.04,167.04,167.04,167.04
1261405800,165.43,165.43,165.43,165.43
1261492200,165.95,165.95,165.95,165.95
1261578600,171.37,171.37,171.37,171.37
1261665000,172.01,172.01,172.01,172.01
1262010600,171.29,171.29,171.29,171.29
1262097000,169.47,169.47,169.47,169.47
1262183400,168.12,168.12,168.12,168.12
1262269800,168.25,168.25,168.25,168.25
1262615400,174.02,174.02,174.02,174.02
1262701800,176.02,176.02,176.02,176.02
1262788200,180.76,180.76,180.76,180.76
1262874600,179.21,179.21,179.21,179.21
1262961000,181.74,181.74,181.74,181.74
1263220200,182.62,182.62,182.62,182.62
1263306600,175.92,175.92,175.92,175.92
1263393000,177.92,177.92,177.92,177.92
1263479400,176.4,176.4,176.4,176.4
1263565800,172.78,172.78,172.78,172.78
1263911400,173.9,173.9,173.9,173.9
1263997800,167.29,167.29,167.29,167.29
1264084200,159.49,159.49,159.49,159.49
1264170600,158.78,158.78,158.78,158.78
1264429800,157.24,157.24,157.24,157.24
1264516200,156.08,156.08,156.08,156.08
1264602600,154.73,154.73,154.73,154.73
1264689000,153.42,153.42,153.42,153.42
1264775400,147.93,147.93,147.93,147.93
1265034600,156.13,156.13,156.13,156.13
1265121000,156.55,156.55,156.55,156.55
1265207400,154.76,154.76,154.76,154.76
1265293800,146.42,146.42,146.42,146.42
1265380200,154.25,154.25,154.25,154.25
1265639400,149.34,149.34,149.34,149.34
1265725800,155.07,155.07,155.07,155.07
1265812200,154.58,154.58,154.58,154.58
1265898600,160.71,160.71,160.71,160.71
1265985000,159.6,159.6,159.6,159.6
1266330600,163.99,163.99,163.99,163.99
1266417000,162.97,162.97,162.97,162.97
1266503400,165.29,165.29,165.29,165.29
1266589800,164.44,164.44,164.44,164.44
1266849000,162,162,162,162
1266935400,156.46,156.46,156.46,156.46
1267021800,155.42,155.42,155.42,155.42
1267108200,160,160,160,160
1267194600,161.39,161.39,161.39,161.39
1267453800,164.11,164.11,164.11,164.11
1267540200,167.96,167.96,167.96,167.96
1267626600,170.28,170.28,170.28,170.28
1267713000,168.03,168.03,168.03,168.03
1267799400,170.81,170.81,170.81,170.81
1268058600,169.21,169.21,169.21,169.21
1268145000,168.22,168.22,168.22,168.22
1268231400,165.83,165.83,165.83,165.83
1268317800,167.24,167.24,167.24,167.24
1268404200,166.04,166.04,166.04,166.04
1268659800,165.51,165.51,165.51,165.51
1268746200,169.92,169.92,169.92,169.92
1268832600,169.77,169.77,169.77,169.77
1268919000,168.6,168.6,168.6,168.6
1269005400,165.99,165.99,165.99,165.99
1269264600,166.49,166.49,166.49,166.49
1269351000,167.02,167.02,167.02,167.02
1269437400,161.1,161.1,161.1,161.1
1269523800,158.31,158.31,158.31,158.31
1269610200,161.41,161.41,161.41,161.41
1269869400,164.54,164.54,164.54,164.54
1269955800,163.72,163.72,163.72,163.72
1270042200,165.28,165.28,165.28,165.28
1270128600,171.28,171.28,171.28,171.28
1270474200,173.07,173.07,173.07,173.07
1270560600,172.58,172.58,172.58,172.58
1270647000,176.05,176.05,176.05,176.05
1270733400,175.95,175.95,175.95,175.95
1270819800,177,177,177,177
1271079000,174.96,174.96,174.96,174.96
1271165400,173.71,173.71,173.71,173.71
1271251800,174.87,174.87,174.87,174.87
1271338200,173.06,173.06,173.06,173.06
1271424600,168.67,168.67,168.67,168.67
1271683800,168.47,168.47,168.47,168.47
1271770200,168.01,168.01,168.01,168.01
1271856600,168.61,168.61,168.61,168.61
1271943000,170.55,170.55,170.55,170.55
1272029400,172.43,172.43,172.43,172.43
1272288600,172.49,172.49,172.49,172.49
1272375000,171.89,171.89,171.89,171.89
1272461400,176.6,176.6,176.6,176.6
1272547800,178.59,178.59,178.59,178.59
1272634200,179.02,179.02,179.02,179.02
1272893400,176.57,176.57,176.57,176.57
1272979800,174.39,174.39,174.39,174.39
1273066200,172.86,172.86,172.86,172.86
1273152600,174.59,174.59,174.59,174.59
1273239000,171.89,171.89,171.89,171.89
1273498200,176.68,176.68,176.68,176.68
1273584600,184.25,184.25,184.25,184.25
1273671000,186.06,186.06,186.06,186.06
1273757400,182.76,182.76,182.76,182.76
1273843800,183.8,183.8,183.8,183.8
1274103000,179.96,179.96,179.96,179.96
1274189400,178.75,178.75,178.75,178.75
1274275800,172.53,172.53,172.53,172.53
1274362200,164.82,164.82,164.82,164.82
1274448600,166.11,166.11,166.11,166.11
1274707800,166.06,166.06,166.06,166.06
1274794200,171.2,171.2,171.2,171.2
1274880600,170.74,170.74,170.74,170.74
1274967000,175.6,175.6,175.6,175.6
1275053400,173.93,173.93,173.93,173.93
1275399000,173.02,173.02,173.02,173.02
1275485400,177.03,177.03,177.03,177.03
1275571800,173.21,173.21,173.21,173.21
1275658200,169.06,169.06,169.06,169.06
1275917400,172.25,172.25,172.25,172.25
1276003800,174.56,174.56,174.56,174.56
1276090200,172.43,172.43,172.43,172.43
1276176600,175,175,175,175
1276263000,175.31,175.31,175.31,175.31
1276522200,172.65,172.65,172.65,172.65
1276608600,176.95,176.95,176.95,176.95
1276695000,178.71,178.71,178.71,178.71
1276781400,182.38,182.38,182.38,182.38
1276867800,185.62,185.62,185.62,185.62
1277127000,181.6,181.6,181.6,181.6
1277213400,179.75,179.75,179.75,179.75
1277299800,180.21,180.21,180.21,180.21
1277386200,178.67,178.67,178.67,178.67
1277472600,185.12,185.12,185.12,185.12
1277731800,183.11,183.11,183.11,183.11
1277818200,177.9,177.9,177.9,177.9
1277904600,177.63,177.63,177.63,177.63
1277991000,169.88,169.88,169.88,169.88
1278077400,169.76,169.76,169.76,169.76
1278423000,168.37,168.37,168.37,168.37
1278509400,173.09,173.09,173.09,173.09
1278595800,170.88,170.88,170.88,170.88
1278682200,175.08,175.08,175.08,175.08
1278941400,173.73,173.73,173.73,173.73
1279027800,174.03,174.03,174.03,174.03
1279114200,173.79,173.79,173.79,173.79
1279200600,173.06,173.06,173.06,173.06
1279287000,167.39,167.39,167.39,167.39
1279546200,165.25,165.25,165.25,165.25
1279632600,169.08,169.08,169.08,169.08
1279719000,168.69,168.69,168.69,168.69
1279805400,172.34,172.34,172.34,172.34
1279891800,173.42,173.42,173.42,173.42
1280151000,171.82,171.82,171.82,171.82
1280237400,166.25,166.25,166.25,166.25
1280323800,166.78,166.78,166.78,166.78
1280410200,167.55,167.55,167.55,167.55
1280496600,169.72,169.72,169.72,169.72
1280755800,170.19,170.19,170.19,170.19
1280842200,170.25,170.25,170.25,170.25
1280928600,173.91,173.91,173.91,173.91
1281015000,173.8,173.8,173.8,173.8
1281101400,175.49,175.49,175.49,175.49
1281360600,175.42,175.42,175.42,175.42
1281447000,175.27,175.27,175.27,175.27
1281533400,170.72,170.72,170.72,170.72
1281619800,174.14,174.14,174.14,174.14
1281706200,172.4,172.4,172.4,172.4
1281965400,174.99,174.99,174.99,174.99
1282051800,177.38,177.38,177.38,177.38
1282138200,180.84,180.84,180.84,180.84
1282224600,179.29,179.29,179.29,179.29
1282311000,178.13,178.13,178.13,178.13
1282570200,175.84,175.84,175.84,175.84
1282656600,173.16,173.16,173.16,173.16
1282743000,177.39,177.39,177.39,177.39
1282829400,180.38,180.38,180.38,180.38
1282915800,184.14,184.14,184.14,184.14
1283175000,182.86,182.86,182.86,182.86
1283261400,185.15,185.15,185.15,185.15
1283347800,184.26,184.26,184.26,184.26
1283434200,186.41,186.41,186.41,186.41
1283520600,186.81,186.81,186.81,186.81
1283866200,187.37,187.37,187.37,187.37
1283952600,186.82,186.82,186.82,186.82
1284039000,183.49,183.49,183.49,183.49
1284125400,185.2,185.2,185.2,185.2
1284384600,185.63,185.63,185.63,185.63
1284471000,190.7,190.7,190.7,190.7
1284557400,190.26,190.26,190.26,190.26
1284643800,192.83,192.83,192.83,192.83
1284730200,191.68,191.68,191.68,191.68
1284989400,194.35,194.35,194.35,194.35
1285075800,195.58,195.58,195.58,195.58
1285162200,197.89,197.89,197.89,197.89
1285248600,196.42,196.42,196.42,196.42
1285335000,197.08,197.08,197.08,197.08
1285594200,195.52,195.52,195.52,195.52
1285680600,199.31,199.31,199.31,199.31
1285767000,198.94,198.94,198.94,198.94
1285853400,196.96,196.96,196.96,196.96
1285939800,200.26,200.26,200.26,200.26
1286199000,196.77,196.77,196.77,196.77
1286285400,202.88,202.88,202.88,202.88
1286371800,206.79,206.79,206.79,206.79
1286458200,201.3,201.3,201.3,201.3
1286544600,204.82,204.82,204.82,204.82
1286803800,204.87,204.87,204.87,204.87
1286890200,204.18,204.18,204.18,204.18
1286976600,209.64,209.64,209.64,209.64
1287063000,208.36,208.36,208.36,208.36
1287149400,206.06,206.06,206.06,206.06
1287408600,204.95,204.95,204.95,204.95
1287495000,195.43,195.43,195.43,195.43
1287581400,198.79,198.79,198.79,198.79
1287667800,196.48,196.48,196.48,196.48
1287754200,196.82,196.82,196.82,196.82
1288013400,199.62,199.62,199.62,199.62
1288099800,200.41,200.41,200.41,200.41
1288186200,196.53,196.53,196.53,196.53
1288272600,201.68,201.68,201.68,201.68
1288359000,204.3,204.3,204.3,204.3
1288618200,204.86,204.86,204.86,204.86
1288704600,206.31,206.31,206.31,206.31
1288791000,204.5,204.5,204.5,204.5
1288877400,214.11,214.11,214.11,214.11
1288963800,214.91,214.91,214.91,214.91
1289226600,220.17,220.17,220.17,220.17
1289313000,214.37,214.37,214.37,214.37
1289399400,219.6,219.6,219.6,219.6
1289485800,222.03,222.03,222.03,222.03
1289572200,216.1,216.1,216.1,216.1
1289831400,212.84,212.84,212.84,212.84
1289917800,206.73,206.73,206.73,206.73
1290004200,207.19,207.19,207.19,207.19
1290090600,210.79,210.79,210.79,210.79
1290177000,212.37,212.37,212.37,212.37
1290436200,214.73,214.73,214.73,214.73
1290522600,212.5,212.5,212.5,212.5
1290609000,213.51,213.51,213.51,213.51
1290781800,209.79,209.79,209.79,209.79
1291041000,210.8,210.8,210.8,210.8
1291127400,213.17,213.17,213.17,213.17
1291213800,217.47,217.47,217.47,217.47
1291300200,220.83,220.83,220.83,220.83
1291386600,225.27,225.27,225.27,225.27
1291645800,228.76,228.76,228.76,228.76
1291732200,225.18,225.18,225.18,225.18
1291818600,220.45,220.45,220.45,220.45
1291905000,222.21,222.21,222.21,222.21
1291991400,223.45,223.45,223.45,223.45
1292250600,225.78,225.78,225.78,225.78
1292337000,225.09,225.09,225.09,225.09
1292423400,221.2,221.2,221.2,221.2
1292509800,218.29,218.29,218.29,218.29
1292596200,219.01,219.01,219.01,219.01
1292855400,220.46,220.46,220.46,220.46
1292941800,220.8,220.8,220.8,220.8
1293028200,219.15,219.15,219.15,219.15
1293114600,221.26,221.26,221.26,221.26
1293460200,220.5,220.5,220.5,220.5
1293546600,224.89,224.89,224.89,224.89
1293633000,225.67,225.67,225.67,225.67
1293719400,224.19,224.19,224.19,224.19
1293805800,226.58,226.58,226.58,226.58
1294065000,223.75,223.75,223.75,223.75
1294151400,219,219,219,219
1294237800,215.84,215.84,215.84,215.84
1294324200,210.99,210.99,210.99,210.99
1294410600,211.3,211.3,211.3,211.3
1294669800,212.5,212.5,212.5,212.5
1294756200,216.37,216.37,216.37,216.37
1294842600,216.15,216.15,216.15,216.15
1294929000,208.74,208.74,208.74,208.74
1295015400,205.72,205.72,205.72,205.72
1295361000,208.37,208.37,208.37,208.37
1295447400,205.56,205.56,205.56,205.56
1295533800,202.26,202.26,202.26,202.26
1295620200,200.12,200.12,200.12,200.12
1295879400,198.53,198.53,198.53,198.53
1295965800,196.83,196.83,196.83,196.83
1296052200,204.04,204.04,204.04,204.04
1296138600,198.8,198.8,198.8,198.8
1296225000,199.71,199.71,199.71,199.71
1296484200,199.92,199.92,199.92,199.92
1296570600,206.29,206.29,206.29,206.29
1296657000,204.04,204.04,204.04,204.04
1296743400,208.84,208.84,208.84,208.84
1296829800,207.25,207.25,207.25,207.25
1297089000,206.05,206.05,206.05,206.05
1297175400,209.8,209.8,209.8,209.8
1297261800,206.29,206.29,206.29,206.29
1297348200,204.49,204.49,204.49,204.49
1297434600,203.73,203.73,203.73,203.73
1297693800,208.12,208.12,208.12,208.12
1297780200,209.79,209.79,209.79,209.79
1297866600,211.4,211.4,211.4,211.4
1297953000,212.56,212.56,212.56,212.56
1298039400,212.45,212.45,212.45,212.45
1298385000,209.25,209.25,209.25,209.25
1298471400,213.3,213.3,213.3,213.3
1298557800,208.43,208.43,208.43,208.43
1298644200,212.21,212.21,212.21,212.21
1298903400,215.32,215.32,215.32,215.32
1298989800,217.26,217.26,217.26,217.26
1299076200,217.29,217.29,217.29,217.29
1299162600,215.06,215.06,215.06,215.06
1299249000,215.86,215.86,215.86,215.86
1299508200,213.98,213.98,213.98,213.98
1299594600,212.12,212.12,212.12,212.12
1299681000,208.78,208.78,208.78,208.78
1299767400,202.92,202.92,202.92,202.92
1299853800,206.81,206.81,206.81,206.81
1300109400,206.39,206.39,206.39,206.39
1300195800,204.21,204.21,204.21,204.21
1300368600,202.04,202.04,202.04,202.04
1300455000,204.3,204.3,204.3,204.3
1300714200,208.6,208.6,208.6,208.6
1300800600,209.75,209.75,209.75,209.75
1300887000,217.46,217.46,217.46,217.46
1300973400,215.77,215.77,215.77,215.77
1301059800,214.66,214.66,214.66,214.66
1301319000,211.54,211.54,211.54,211.54
1301405400,211.47,211.47,211.47,211.47
1301491800,215.16,215.16,215.16,215.16
1301578200,216.74,216.74,216.74,216.74
1301664600,214.93,214.93,214.93,214.93
1301923800,215.89,215.89,215.89,215.89
1302010200,225.28,225.28,225.28,225.28
1302096600,224.98,224.98,224.98,224.98
1302183000,226,226,226,226
1302269400,226.12,226.12,226.12,226.12
1302528600,222.7,222.7,222.7,222.7
1302615000,218.74,218.74,218.74,218.74
1302701400,216.67,216.67,216.67,216.67
1302787800,219.18,219.18,219.18,219.18
1302874200,218.71,218.71,218.71,218.71
1303133400,216.72,216.72,216.72,216.72
1303219800,220.47,220.47,220.47,220.47
1303306200,222.78,222.78,222.78,222.78
1303392600,225.79,225.79,225.79,225.79
1303738200,220.14,220.14,220.14,220.14
1303824600,218.04,218.04,218.04,218.04
1303911000,222.02,222.02,222.02,222.02
1303997400,220.39,220.39,220.39,220.39
1304083800,222.22,222.22,222.22,222.22
1304343000,215.4,215.4,215.4,215.4
1304429400,210.05,210.05,210.05,210.05
1304515800,208.75,208.75,208.75,208.75
1304602200,201.58,201.58,201.58,201.58
1304688600,202.19,202.19,202.19,202.19
1304947800,206.53,206.53,206.53,206.53
1305034200,205.63,205.63,205.63,205.63
1305120600,197.12,197.12,197.12,197.12
1305207000,196.59,196.59,196.59,196.59
1305293400,195.26,195.26,195.26,195.26
1305552600,195.36,195.36,195.36,195.36
1305639000,196.39,196.39,196.39,196.39
1305725400,198.63,198.63,198.63,198.63
1305811800,198.54,198.54,198.54,198.54
1305898200,199.29,199.29,199.29,199.29
1306157400,197.54,197.54,197.54,197.54
1306243800,202.63,202.63,202.63,202.63
1306330200,205.04,205.04,205.04,205.04
1306416600,205.46,205.46,205.46,205.46
1306503000,208.47,208.47,208.47,208.47
1306848600,208.78,208.78,208.78,208.78
1306935000,204.63,204.63,204.63,204.63
1307021400,203.22,203.22,203.22,203.22
1307107800,203.27,203.27,203.27,203.27
1307367000,199.03,199.03,199.03,199.03
1307453400,198.34,198.34,198.34,198.34
1307539800,194.11,194.11,194.11,194.11
1307626200,197.19,197.19,197.19,197.19
1307712600,193.73,193.73,193.73,193.73
1307971800,191.47,191.47,191.47,191.47
1308058200,194.64,194.64,194.64,194.64
1308144600,193.62,193.62,193.62,193.62
1308231000,189.49,189.49,189.49,189.49
1308317400,190.12,190.12,190.12,190.12
1308576600,190.42,190.42,190.42,190.42
1308663000,196.74,196.74,196.74,196.74
1308749400,198.26,198.26,198.26,198.26
1308835800,196.47,196.47,196.47,196.47
1308922200,191.89,191.89,191.89,191.89
1309181400,192.17,192.17,192.17,192.17
1309267800,195.32,195.32,195.32,195.32
1309354200,199.44,199.44,199.44,199.44
1309440600,201.13,201.13,201.13,201.13
1309527000,199.45,199.45,199.45,199.45
1309872600,204.43,204.43,204.43,204.43
1309959000,206.06,206.06,206.06,206.06
1310045400,208.13,208.13,208.13,208.13
1310131800,207.81,207.81,207.81,207.81
1310391000,204.63,204.63,204.63,204.63
1310477400,210.19,210.19,210.19,210.19
1310563800,215.85,215.85,215.85,215.85
1310650200,214.28,214.28,214.28,214.28
1310736600,216.95,216.95,216.95,216.95
1310995800,219.47,219.47,219.47,219.47
1311082200,217.84,217.84,217.84,217.84
1311168600,219.06,219.06,219.06,219.06
1311255000,217.93,217.93,217.93,217.93
1311341400,220.36,220.36,220.36,220.36
1311600600,218.47,218.47,218.47,218.47
1311687000,218.84,218.84,218.84,218.84
1311773400,212.35,212.35,212.35,212.35
1311859800,210.14,210.14,210.14,210.14
1311946200,205.81,205.81,205.81,205.81
1312205400,206.99,206.99,206.99,206.99
1312291800,208.23,208.23,208.23,208.23
1312378200,209.8,209.8,209.8,209.8
1312464600,197.12,197.12,197.12,197.12
1312551000,196.06,196.06,196.06,196.06
1312810200,192.74,192.74,192.74,192.74
1312896600,201.22,201.22,201.22,201.22
1312983000,205.54,205.54,205.54,205.54
1313069400,208.65,208.65,208.65,208.65
1313155800,206.55,206.55,206.55,206.55
1313415000,212.43,212.43,212.43,212.43
1313501400,210.28,210.28,210.28,210.28
1313587800,212.52,212.52,212.52,212.52
1313674200,206.52,206.52,206.52,206.52
1313760600,210.44,210.44,210.44,210.44
1314019800,217.12,217.12,217.12,217.12
1314106200,211.6,211.6,211.6,211.6
1314192600,207.48,207.48,207.48,207.48
1314279000,210.93,210.93,210.93,210.93
1314365400,215.94,215.94,215.94,215.94
1314624600,215.31,215.31,215.31,215.31
1314711000,218.51,218.51,218.51,218.51
1314797400,217.96,217.96,217.96,217.96
1314883800,219.29,219.29,219.29,219.29
1314970200,222.79,222.79,222.79,222.79
1315315800,223.07,223.07,223.07,223.07
1315402200,224.49,224.49,224.49,224.49
1315488600,227.03,227.03,227.03,227.03
1315575000,223.21,223.21,223.21,223.21
1315834200,217.25,217.25,217.25,217.25
1315920600,218.34,218.34,218.34,218.34
1316007000,214.8,214.8,214.8,214.8
1316093400,215.18,215.18,215.18,215.18
1316179800,217.56,217.56,217.56,217.56
1316439000,215.44,215.44,215.44,215.44
1316525400,220.02,220.02,220.02,220.02
1316611800,213.8,213.8,213.8,213.8
1316698200,197.11,197.11,197.11,197.11
1316784600,188.92,188.92,188.92,188.92
1317043800,192.68,192.68,192.68,192.68
1317130200,192.96,192.96,192.96,192.96
1317216600,184.1,184.1,184.1,184.1
1317303000,184.44,184.44,184.44,184.44
1317389400,185,185,185,185
1317648600,182.98,182.98,182.98,182.98
1317735000,178.79,178.79,178.79,178.79
1317821400,186.88,186.88,186.88,186.88
1317907800,191.68,191.68,191.68,191.68
1317994200,187.44,187.44,187.44,187.44
1318253400,193.8,193.8,193.8,193.8
1318339800,193.47,193.47,193.47,193.47
1318426200,195.23,195.23,195.23,195.23
1318512600,191.45,191.45,191.45,191.45
1318599000,197.77,197.77,197.77,197.77
1318858200,192.83,192.83,192.83,192.83
1318944600,193.13,193.13,193.13,193.13
1319031000,182.72,182.72,182.72,182.72
1319117400,181.46,181.46,181.46,181.46
1319203800,184.87,184.87,184.87,184.87
1319463000,192.89,192.89,192.89,192.89
1319549400,195.59,195.59,195.59,195.59
1319635800,197.66,197.66,197.66,197.66
1319722200,203.36,203.36,203.36,203.36
1319808600,207.98,207.98,207.98,207.98
1320067800,201.24,201.24,201.24,201.24
1320154200,199.34,199.34,199.34,199.34
1320240600,203.81,203.81,203.81,203.81
1320327000,209.66,209.66,209.66,209.66
1320413400,208.97,208.97,208.97,208.97
1320676200,215.3,215.3,215.3,215.3
1320762600,213.63,213.63,213.63,213.63
1320849000,206.49,206.49,206.49,206.49
1320935400,205.59,205.59,205.59,205.59
1321021800,212.43,212.43,212.43,212.43
1321281000,209.09,209.09,209.09,209.09
1321367400,209.27,209.27,209.27,209.27
1321453800,205.19,205.19,205.19,205.19
1321540200,197.79,197.79,197.79,197.79
1321626600,196.04,196.04,196.04,196.04
1321885800,192.39,192.39,192.39,192.39
1321972200,195.21,195.21,195.21,195.21
1322058600,189.71,189.71,189.71,189.71
1322231400,187.68,187.68,187.68,187.68
1322490600,193.4,193.4,193.4,193.4
1322577000,194.87,194.87,194.87,194.87
1322663400,208.3,208.3,208.3,208.3
1322749800,207.7,207.7,207.7,207.7
1322836200,202.28,202.28,202.28,202.28
1323095400,201.44,201.44,201.44,201.44
1323181800,204.77,204.77,204.77,204.77
1323268200,204.92,204.92,204.92,204.92
1323354600,198.24,198.24,198.24,198.24
1323441000,200.64,200.64,200.64,200.64
1323700200,193.78,193.78,193.78,193.78
1323786600,187.82,187.82,187.82,187.82
1323873000,182.58,182.58,182.58,182.58
1323959400,180.56,180.56,180.56,180.56
1324045800,183.33,183.33,183.33,183.33
1324305000,179.04,179.04,179.04,179.04
1324391400,185.4,185.4,185.4,185.4
1324477800,185.36,185.36,185.36,185.36
1324564200,184.11,184.11,184.11,184.11
1324650600,185.12,185.12,185.12,185.12
1324996200,182.66,182.66,182.66,182.66
1325082600,176.34,176.34,176.34,176.34
1325169000,179.43,179.43,179.43,179.43
1325255400,180.64,180.64,180.64,180.64
1325601000,189.29,189.29,189.29,189.29
1325687400,189.34,189.34,189.34,189.34
1325773800,189.02,189.02,189.02,189.02
1325860200,187.17,187.17,187.17,187.17
1326119400,188.03,188.03,188.03,188.03
1326205800,191.7,191.7,191.7,191.7
1326292200,193.05,193.05,193.05,193.05
1326378600,195.12,195.12,195.12,195.12
1326465000,192.91,192.91,192.91,192.91
1326810600,189.94,189.94,189.94,189.94
1326897000,191.2,191.2,191.2,191.2
1326983400,188.04,188.04,188.04,188.04
1327069800,187.02,187.02,187.02,187.02
1327329000,189.99,189.99,189.99,189.99
1327415400,186.34,186.34,186.34,186.34
1327501800,197.7,197.7,197.7,197.7
1327588200,199.93,199.93,199.93,199.93
1327674600,202.68,202.68,202.68,202.68
1327933800,201.03,201.03,201.03,201.03
1328020200,201.04,201.04,201.04,201.04
1328106600,200.77,200.77,200.77,200.77
1328193000,202.74,202.74,202.74,202.74
1328279400,200.34,200.34,200.34,200.34
1328538600,200.36,200.36,200.36,200.36
1328625000,199.29,199.29,199.29,199.29
1328711400,198.95,198.95,198.95,198.95
1328797800,198.32,198.32,198.32,198.32
1328884200,194.71,194.71,194.71,194.71
1329143400,193.85,193.85,193.85,193.85
1329229800,191.01,191.01,191.01,191.01
1329316200,190.34,190.34,190.34,190.34
1329402600,195.73,195.73,195.73,195.73
1329489000,192.82,192.82,192.82,192.82
1329834600,198.2,198.2,198.2,198.2
1329921000,201.28,201.28,201.28,201.28
1330007400,202.36,202.36,202.36,202.36
1330093800,200.1,200.1,200.1,200.1
1330353000,198.3,198.3,198.3,198.3
1330439400,202.19,202.19,202.19,202.19
1330525800,195.56,195.56,195.56,195.56
1330612200,197.61,197.61,197.61,197.61
1330698600,194.22,194.22,194.22,194.22
1330957800,189.92,189.92,189.92,189.92
1331044200,185.86,185.86,185.86,185.86
1331130600,185.67,185.67,185.67,185.67
1331217000,187.89,187.89,187.89,187.89
1331303400,186.85,186.85,186.85,186.85
1331559000,184.22,184.22,184.22,184.22
1331645400,183.53,183.53,183.53,183.53
1331731800,177.23,177.23,177.23,177.23
1331818200,177.68,177.68,177.68,177.68
1331904600,177.33,177.33,177.33,177.33
1332163800,176.97,176.97,176.97,176.97
1332250200,177.75,177.75,177.75,177.75
1332336600,177.79,177.79,177.79,177.79
1332423000,174.26,174.26,174.26,174.26
1332509400,177.1,177.1,177.1,177.1
1332768600,179.85,179.85,179.85,179.85
1332855000,177.33,177.33,177.33,177.33
1332941400,173.46,173.46,173.46,173.46
1333027800,173.83,173.83,173.83,173.83
1333114200,175.46,175.46,175.46,175.46
1333373400,178.92,178.92,178.92,178.92
1333459800,173.41,173.41,173.41,173.41
1333546200,167.1,167.1,167.1,167.1
1333632600,165.3,165.3,165.3,165.3
1333978200,165.97,165.97,165.97,165.97
1334064600,167.07,167.07,167.07,167.07
1334151000,164.32,164.32,164.32,164.32
1334237400,170.38,170.38,170.38,170.38
1334323800,167.64,167.64,167.64,167.64
1334583000,165.27,165.27,165.27,165.27
1334669400,167.04,167.04,167.04,167.04
1334755800,165.96,165.96,165.96,165.96
1334842200,165.68,165.68,165.68,165.68
1334928600,164.12,164.12,164.12,164.12
1335187800,161.03,161.03,161.03,161.03
1335274200,161.07,161.07,161.07,161.07
1335360600,164.22,164.22,164.22,164.22
1335447000,163.58,163.58,163.58,163.58
1335533400,165.81,165.81,165.81,165.81
1335792600,164.89,164.89,164.89,164.89
1335879000,165.34,165.34,165.34,165.34
1335965400,162.5,162.5,162.5,162.5
1336051800,156.72,156.72,156.72,156.72
1336138200,156.76,156.76,156.76,156.76
1336397400,155.88,155.88,155.88,155.88
1336483800,150.86,150.86,150.86,150.86
1336570200,153.46,153.46,153.46,153.46
1336656600,153.42,153.42,153.42,153.42
1336743000,151.25,151.25,151.25,151.25
1337002200,147.23,147.23,147.23,147.23
1337088600,141.6,141.6,141.6,141.6
1337175000,142.34,142.34,142.34,142.34
1337261400,147.69,147.69,147.69,147.69
1337347800,147.76,147.76,147.76,147.76
1337607000,152.38,152.38,152.38,152.38
1337693400,150.78,150.78,150.78,150.78
1337779800,156.88,156.88,156.88,156.88
1337866200,157.06,157.06,157.06,157.06
1337952600,157.83,157.83,157.83,157.83
1338298200,155.66,155.66,155.66,155.66
1338384600,155.36,155.36,155.36,155.36
1338471000,153.8,153.8,153.8,153.8
1338557400,162.71,162.71,162.71,162.71
1338816600,164.65,164.65,164.65,164.65
1338903000,165.4,165.4,165.4,165.4
1338989400,165.69,165.69,165.69,165.69
1339075800,161.14,161.14,161.14,161.14
1339162200,162.1,162.1,162.1,162.1
1339421400,159.4,159.4,159.4,159.4
1339507800,162.55,162.55,162.55,162.55
1339594200,162.57,162.57,162.57,162.57
1339680600,163.69,163.69,163.69,163.69
1339767000,164.09,164.09,164.09,164.09
1340026200,167.1,167.1,167.1,167.1
1340112600,167.71,167.71,167.71,167.71
1340199000,166.19,166.19,166.19,166.19
1340285400,157.04,157.04,157.04,157.04
1340371800,156.29,156.29,156.29,156.29
1340631000,157.56,157.56,157.56,157.56
1340717400,155.56,155.56,155.56,155.56
1340803800,155.45,155.45,155.45,155.45
1340890200,152.45,152.45,152.45,152.45
1340976600,157.54,157.54,157.54,157.54
1341235800,157.71,157.71,157.71,157.71
1341322200,163.59,163.59,163.59,163.59
1341495000,161.94,161.94,161.94,161.94
1341581400,157.41,157.41,157.41,157.41
1341840600,156.31,156.31,156.31,156.31
1341927000,151.18,151.18,151.18,151.18
1342013400,148.53,148.53,148.53,148.53
1342099800,147.88,147.88,147.88,147.88
1342186200,150.22,150.22,150.22,150.22
1342445400,149.62,149.62,149.62,149.62
1342531800,148.09,148.09,148.09,148.09
1342618200,146.3,146.3,146.3,146.3
1342704600,148.02,148.02,148.02,148.02
1342791000,147.58,147.58,147.58,147.58
1343050200,143.54,143.54,143.54,143.54
1343136600,143.11,143.11,143.11,143.11
1343223000,147.08,147.08,147.08,147.08
1343309400,149.98,149.98,149.98,149.98
1343395800,151.8,151.8,151.8,151.8
1343655000,153.82,153.82,153.82,153.82
1343741400,150.9,150.9,150.9,150.9
1343827800,149.11,149.11,149.11,149.11
1343914200,147.73,147.73,147.73,147.73
1344000600,150.33,150.33,150.33,150.33
1344259800,154.1,154.1,154.1,154.1
1344346200,156.15,156.15,156.15,156.15
1344432600,155.5,155.5,155.5,155.5
1344519000,157.44,157.44,157.44,157.44
1344605400,158.37,158.37,158.37,158.37
1344864600,156.05,156.05,156.05,156.05
1344951000,154.99,154.99,154.99,154.99
1345037400,155.62,155.62,155.62,155.62
1345123800,160.65,160.65,160.65,160.65
1345210200,160.01,160.01,160.01,160.01
1345469400,161.05,161.05,161.05,161.05
1345555800,164.36,164.36,164.36,164.36
1345642200,168.05,168.05,168.05,168.05
1345728600,168.41,168.41,168.41,168.41
1345815000,168.5,168.5,168.5,168.5
1346074200,166.37,166.37,166.37,166.37
1346160600,166.2,166.2,166.2,166.2
1346247000,164.49,164.49,164.49,164.49
1346333400,162.88,162.88,162.88,162.88
1346419800,169.88,169.88,169.88,169.88
1346765400,169.83,169.83,169.83,169.83
1346851800,169.6,169.6,169.6,169.6
1346938200,173.77,173.77,173.77,173.77
1347024600,179.28,179.28,179.28,179.28
1347283800,176.47,176.47,176.47,176.47
1347370200,177.14,177.14,177.14,177.14
1347456600,177.78,177.78,177.78,177.78
1347543000,186.63,186.63,186.63,186.63
1347629400,191.97,191.97,191.97,191.97
1347888600,191.64,191.64,191.64,191.64
1347975000,193.17,193.17,193.17,193.17
1348061400,194.87,194.87,194.87,194.87
1348147800,193.5,193.5,193.5,193.5
1348234200,195.2,195.2,195.2,195.2
1348493400,189.07,189.07,189.07,189.07
1348579800,185.92,185.92,185.92,185.92
1348666200,186.56,186.56,186.56,186.56
1348752600,192.18,192.18,192.18,192.18
1348839000,191,191,191,191
1349098200,192.1,192.1,192.1,192.1
1349184600,190.81,190.81,190.81,190.81
1349271000,188.02,188.02,188.02,188.02
1349357400,193.5,193.5,193.5,193.5
1349443800,191.53,191.53,191.53,191.53
1349703000,190.08,190.08,190.08,190.08
1349789400,186.13,186.13,186.13,186.13
1349875800,187.43,187.43,187.43,187.43
1349962200,188.3,188.3,188.3,188.3
1350048600,184.9,184.9,184.9,184.9
1350307800,185.15,185.15,185.15,185.15
1350394200,188.88,188.88,188.88,188.88
1350480600,191.04,191.04,191.04,191.04
1350567000,186.06,186.06,186.06,186.06
1350653400,185.8,185.8,185.8,185.8
1350912600,188.07,188.07,188.07,188.07
1350999000,182.4,182.4,182.4,182.4
1351085400,179.3,179.3,179.3,179.3
1351171800,184.14,184.14,184.14,184.14
1351258200,182.72,182.72,182.72,182.72
1351690200,188.25,188.25,188.25,188.25
1351776600,187.08,187.08,187.08,187.08
1351863000,178.96,178.96,178.96,178.96
1352125800,177.78,177.78,177.78,177.78
1352212200,180.83,180.83,180.83,180.83
1352298600,182.39,182.39,182.39,182.39
1352385000,183.63,183.63,183.63,183.63
1352471400,181.11,181.11,181.11,181.11
1352730600,178.71,178.71,178.71,178.71
1352817000,176.72,176.72,176.72,176.72
1352903400,168.49,168.49,168.49,168.49
1352989800,164.36,164.36,164.36,164.36
1353076200,165.67,165.67,165.67,165.67
1353335400,170.58,170.58,170.58,170.58
1353421800,168.99,168.99,168.99,168.99
1353508200,171.31,171.31,171.31,171.31
1353681000,174.34,174.34,174.34,174.34
1353940200,173.99,173.99,173.99,173.99
1354026600,170.2,170.2,170.2,170.2
1354113000,171.39,171.39,171.39,171.39
1354199400,171.85,171.85,171.85,171.85
1354285800,170.2,170.2,170.2,170.2
1354545000,166.85,166.85,166.85,166.85
1354631400,166.97,166.97,166.97,166.97
1354717800,160.39,160.39,160.39,160.39
1354804200,160.62,160.62,160.62,160.62
1354890600,162.08,162.08,162.08,162.08
1355149800,164.15,164.15,164.15,164.15
1355236200,163.68,163.68,163.68,163.68
1355322600,167.82,167.82,167.82,167.82
1355409000,163.67,163.67,163.67,163.67
1355495400,164.75,164.75,164.75,164.75
1355754600,165.05,165.05,165.05,165.05
1355841000,162.54,162.54,162.54,162.54
1355927400,160.91,160.91,160.91,160.91
1356013800,160.08,160.08,160.08,160.08
1356100200,160.3,160.3,160.3,160.3
1356359400,160.6,160.6,160.6,160.6
1356532200,161.34,161.34,161.34,161.34
1356618600,162.2,162.2,162.2,162.2
1356705000,160.62,160.62,160.62,160.62
1356964200,165.6,165.6,165.6,165.6
1357137000,168.47,168.47,168.47,168.47
1357223400,162.16,162.16,162.16,162.16
1357309800,162.53,162.53,162.53,162.53
1357569000,160.2,160.2,160.2,160.2
1357655400,160.55,160.55,160.55,160.55
1357741800,159.84,159.84,159.84,159.84
1357828200,163.61,163.61,163.61,163.61
1357914600,163.36,163.36,163.36,163.36
1358173800,162.66,162.66,162.66,162.66
1358260200,163.53,163.53,163.53,163.53
1358346600,162.43,162.43,162.43,162.43
1358433000,161.52,161.52,161.52,161.52
1358519400,161.34,161.34,161.34,161.34
1358865000,164.15,164.15,164.15,164.15
1358951400,159.82,159.82,159.82,159.82
1359037800,154.78,154.78,154.78,154.78
1359124200,150.82,150.82,150.82,150.82
1359383400,149.21,149.21,149.21,149.21
1359469800,151.72,151.72,151.72,151.72
1359556200,150.95,150.95,150.95,150.95
1359642600,149.68,149.68,149.68,149.68
1359729000,151.94,151.94,151.94,151.94
1359988200,152.06,152.06,152.06,152.06
1360074600,152.01,152.01,152.01,152.01
1360161000,152.97,152.97,152.97,152.97
1360247400,153.23,153.23,153.23,153.23
1360333800,152.43,152.43,152.43,152.43
1360593000,149.32,149.32,149.32,149.32
1360679400,150.62,150.62,150.62,150.62
1360765800,148.36,148.36,148.36,148.36
1360852200,148.82,148.82,148.82,148.82
1360938600,143.9,143.9,143.9,143.9
1361284200,141.99,141.99,141.99,141.99
1361370600,134.57,134.57,134.57,134.57
1361457000,137.04,137.04,137.04,137.04
1361543400,136.31,136.31,136.31,136.31
1361802600,138.05,138.05,138.05,138.05
1361889000,139.71,139.71,139.71,139.71
1361975400,137.23,137.23,137.23,137.23
1362061800,134.24,134.24,134.24,134.24
1362148200,133.29,133.29,133.29,133.29
1362407400,129.12,129.12,129.12,129.12
1362493800,128.89,128.89,128.89,128.89
1362580200,134.29,134.29,134.29,134.29
1362666600,132.61,132.61,132.61,132.61
1362753000,133.3,133.3,133.3,133.3
1363008600,132.97,132.97,132.97,132.97
1363095000,136.28,136.28,136.28,136.28
1363181400,132.6,132.6,132.6,132.6
1363267800,133.96,133.96,133.96,133.96
1363354200,134.46,134.46,134.46,134.46
1363613400,134.77,134.77,134.77,134.77
1363699800,134.73,134.73,134.73,134.73
1363786200,134.49,134.49,134.49,134.49
1363872600,137.7,137.7,137.7,137.7
1363959000,136.96,136.96,136.96,136.96
1364218200,135.47,135.47,135.47,135.47
1364304600,134.42,134.42,134.42,134.42
1364391000,136.61,136.61,136.61,136.61
1364477400,135.76,135.76,135.76,135.76
1364823000,133.98,133.98,133.98,133.98
1364909400,128.7,128.7,128.7,128.7
1364995800,123.24,123.24,123.24,123.24
1365082200,126.51,126.51,126.51,126.51
1365168600,126.13,126.13,126.13,126.13
1365427800,124.69,124.69,124.69,124.69
1365514200,129.69,129.69,129.69,129.69
1365600600,125.27,125.27,125.27,125.27
1365687000,123.33,123.33,123.33,123.33
1365773400,116.37,116.37,116.37,116.37
1366032600,105.23,105.23,105.23,105.23
1366119000,104.52,104.52,104.52,104.52
1366205400,98.85,98.85,98.85,98.85
1366291800,101.71,101.71,101.71,101.71
1366378200,102.89,102.89,102.89,102.89
1366637400,104.29,104.29,104.29,104.29
1366723800,102.3,102.3,102.3,102.3
1366810200,108.76,108.76,108.76,108.76
1366896600,109.94,109.94,109.94,109.94
1366983000,106.31,106.31,106.31,106.31
1367242200,107.88,107.88,107.88,107.88
1367328600,109.36,109.36,109.36,109.36
1367415000,107.26,107.26,107.26,107.26
1367501400,107.15,107.15,107.15,107.15
1367587800,107.67,107.67,107.67,107.67
1367847000,107.72,107.72,107.72,107.72
1367933400,105.15,105.15,105.15,105.15
1368019800,110.46,110.46,110.46,110.46
1368106200,108.83,108.83,108.83,108.83
1368192600,108.52,108.52,108.52,108.52
1368451800,105.81,105.81,105.81,105.81
1368538200,104.64,104.64,104.64,104.64
1368624600,100.44,100.44,100.44,100.44
1368711000,100.79,100.79,100.79,100.79
1368797400,97.49,97.49,97.49,97.49
1369056600,103.06,103.06,103.06,103.06
1369143000,100.23,100.23,100.23,100.23
1369229400,101.3,101.3,101.3,101.3
1369315800,101.85,101.85,101.85,101.85
1369402200,100.58,100.58,100.58,100.58
1369747800,100.05,100.05,100.05,100.05
1369834200,104.04,104.04,104.04,104.04
1369920600,109.49,109.49,109.49,109.49
1370007000,107.36,107.36,107.36,107.36
1370266200,110.23,110.23,110.23,110.23
1370352600,108.23,108.23,108.23,108.23
1370439000,108.49,108.49,108.49,108.49
1370525400,109.9,109.9,109.9,109.9
1370611800,105.62,105.62,105.62,105.62
1370871000,105.8,105.8,105.8,105.8
1370957400,102.44,102.44,102.44,102.44
1371043800,103.27,103.27,103.27,103.27
1371130200,104.25,104.25,104.25,104.25
1371216600,102.56,102.56,102.56,102.56
1371475800,103.01,103.01,103.01,103.01
1371562200,100.32,100.32,100.32,100.32
1371648600,97.46,97.46,97.46,97.46
1371735000,90.21,90.21,90.21,90.21
1371821400,91.41,91.41,91.41,91.41
1372080600,87.33,87.33,87.33,87.33
1372167000,87.22,87.22,87.22,87.22
1372253400,82.35,82.35,82.35,82.35
1372339800,84.35,84.35,84.35,84.35
1372426200,90.15,90.15,90.15,90.15
1372685400,91.47,91.47,91.47,91.47
1372771800,87.66,87.66,87.66,87.66
1372858200,89.29,89.29,89.29,89.29
1373031000,86.44,86.44,86.44,86.44
1373290200,84.98,84.98,84.98,84.98
1373376600,85.99,85.99,85.99,85.99
1373463000,85.71,85.71,85.71,85.71
1373549400,91.71,91.71,91.71,91.71
1373635800,89.57,89.57,89.57,89.57
1373895000,89.5,89.5,89.5,89.5
1373981400,93.99,93.99,93.99,93.99
1374067800,91.5,91.5,91.5,91.5
1374154200,91.38,91.38,91.38,91.38
1374240600,94.82,94.82,94.82,94.82
1374499800,100.34,100.34,100.34,100.34
1374586200,103.59,103.59,103.59,103.59
1374672600,98.91,98.91,98.91,98.91
1374759000,99.94,99.94,99.94,99.94
1374845400,100.88,100.88,100.88,100.88
1375104600,100.02,100.02,100.02,100.02
1375191000,99.18,99.18,99.18,99.18
1375277400,98.76,98.76,98.76,98.76
1375363800,96.11,96.11,96.11,96.11
1375450200,94.19,94.19,94.19,94.19
1375709400,93.74,93.74,93.74,93.74
1375795800,88.84,88.84,88.84,88.84
1375882200,88.51,88.51,88.51,88.51
1375968600,95.96,95.96,95.96,95.96
1376055000,97.66,97.66,97.66,97.66
1376314200,102.73,102.73,102.73,102.73
1376400600,100.29,100.29,100.29,100.29
1376487000,105.21,105.21,105.21,105.21
1376573400,111.04,111.04,111.04,111.04
1376659800,109.27,109.27,109.27,109.27
1376919000,107.36,107.36,107.36,107.36
1377005400,110.92,110.92,110.92,110.92
1377091800,106.44,106.44,106.44,106.44
1377178200,108.4,108.4,108.4,108.4
1377264600,111.39,111.39,111.39,111.39
1377523800,112.27,112.27,112.27,112.27
1377610200,107.31,107.31,107.31,107.31
1377696600,104.3,104.3,104.3,104.3
1377783000,104.83,104.83,104.83,104.83
1377869400,103.44,103.44,103.44,103.44
1378215000,104.69,104.69,104.69,104.69
1378301400,104.75,104.75,104.75,104.75
1378387800,101.25,101.25,101.25,101.25
1378474200,103.01,103.01,103.01,103.01
1378733400,102.19,102.19,102.19,102.19
1378819800,98.55,98.55,98.55,98.55
1378906200,99.44,99.44,99.44,99.44
1378992600,94.56,94.56,94.56,94.56
1379079000,95.68,95.68,95.68,95.68
1379338200,94.94,94.94,94.94,94.94
1379424600,96.51,96.51,96.51,96.51
1379511000,104.88,104.88,104.88,104.88
1379597400,101.95,101.95,101.95,101.95
1379683800,95.75,95.75,95.75,95.75
1379943000,94.07,94.07,94.07,94.07
1380029400,93.72,93.72,93.72,93.72
1380115800,95.28,95.28,95.28,95.28
1380202200,93.77,93.77,93.77,93.77
1380288600,93.74,93.74,93.74,93.74
1380547800,93.42,93.42,93.42,93.42
1380634200,91.36,91.36,91.36,91.36
1380720600,91.77,91.77,91.77,91.77
1380807000,90.55,90.55,90.55,90.55
1380893400,90.36,90.36,90.36,90.36
1381152600,91.79,91.79,91.79,91.79
1381239000,88.94,88.94,88.94,88.94
1381325400,88.79,88.79,88.79,88.79
1381411800,88.53,88.53,88.53,88.53
1381498200,86.75,86.75,86.75,86.75
1381757400,87.31,87.31,87.31,87.31
1381843800,89.4,89.4,89.4,89.4
1381930200,88.22,88.22,88.22,88.22
1382016600,92.67,92.67,92.67,92.67
1382103000,92.17,92.17,92.17,92.17
1382362200,93.96,93.96,93.96,93.96
1382448600,97.92,97.92,97.92,97.92
1382535000,95.35,95.35,95.35,95.35
1382621400,99.04,99.04,99.04,99.04
1382707800,99.72,99.72,99.72,99.72
1382967000,100.23,100.23,100.23,100.23
1383053400,97.7,97.7,97.7,97.7
1383139800,99.15,99.15,99.15,99.15
1383226200,95.07,95.07,95.07,95.07
1383312600,92.04,92.04,92.04,92.04
1383575400,94.35,94.35,94.35,94.35
1383661800,93.28,93.28,93.28,93.28
1383748200,94.33,94.33,94.33,94.33
1383834600,91.74,91.74,91.74,91.74
1383921000,92.49,92.49,92.49,92.49
1384180200,92.73,92.73,92.73,92.73
1384266600,90.84,90.84,90.84,90.84
1384353000,91.46,91.46,91.46,91.46
1384439400,93.73,93.73,93.73,93.73
1384525800,92.61,92.61,92.61,92.61
1384785000,90.72,90.72,90.72,90.72
1384871400,90.75,90.75,90.75,90.75
1384957800,88.08,88.08,88.08,88.08
1385044200,87.12,87.12,87.12,87.12
1385130600,86.37,86.37,86.37,86.37
1385389800,86.12,86.12,86.12,86.12
1385476200,84.25,84.25,84.25,84.25
1385562600,84.74,84.74,84.74,84.74
1385735400,86.46,86.46,86.46,86.46
1385994600,81.88,81.88,81.88,81.88
1386081000,80.88,80.88,80.88,80.88
1386167400,83.01,83.01,83.01,83.01
1386253800,80.97,80.97,80.97,80.97
1386340200,80.8,80.8,80.8,80.8
1386599400,82.48,82.48,82.48,82.48
1386685800,85.79,85.79,85.79,85.79
1386772200,82.83,82.83,82.83,82.83
1386858600,81.78,81.78,81.78,81.78
1386945000,82.15,82.15,82.15,82.15
1387204200,82.94,82.94,82.94,82.94
1387290600,82.6,82.6,82.6,82.6
1387377000,81.59,81.59,81.59,81.59
1387463400,80.41,80.41,80.41,80.41
1387549800,80.43,80.43,80.43,80.43
1387809000,80.49,80.49,80.49,80.49
1387895400,82.79,82.79,82.79,82.79
1388068200,83.33,83.33,83.33,83.33
1388154600,84.29,84.29,84.29,84.29
1388413800,82.38,82.38,82.38,82.38
1388500200,84.15,84.15,84.15,84.15
1388673000,87.54,87.54,87.54,87.54
1388759400,86.63,86.63,86.63,86.63
1389018600,86.96,86.96,86.96,86.96
1389105000,86.93,86.93,86.93,86.93
1389191400,85.77,85.77,85.77,85.77
1389277800,84.2,84.2,84.2,84.2
1389364200,87.05,87.05,87.05,87.05
1389623400,89.07,89.07,89.07,89.07
1389709800,87.74,87.74,87.74,87.74
1389796200,88.95,88.95,88.95,88.95
1389882600,89.85,89.85,89.85,89.85
1389969000,92.3,92.3,92.3,92.3
1390314600,93.57,93.57,93.57,93.57
1390401000,91.19,91.19,91.19,91.19
1390487400,93.45,93.45,93.45,93.45
1390573800,92.68,92.68,92.68,92.68
1390833000,89.58,89.58,89.58,89.58
1390919400,91.15,91.15,91.15,91.15
1391005800,93.15,93.15,93.15,93.15
1391092200,91.17,91.17,91.17,91.17
1391178600,90.71,90.71,90.71,90.71
1391437800,89.93,89.93,89.93,89.93
1391524200,90.55,90.55,90.55,90.55
1391610600,89.46,89.46,89.46,89.46
1391697000,89.42,89.42,89.42,89.42
1391783400,92.22,92.22,92.22,92.22
1392042600,95.05,95.05,95.05,95.05
1392129000,98.67,98.67,98.67,98.67
1392215400,95.95,95.95,95.95,95.95
1392301800,99.57,99.57,99.57,99.57
1392388200,101.99,101.99,101.99,101.99
1392733800,102.84,102.84,102.84,102.84
1392820200,99.48,99.48,99.48,99.48
1392906600,103.38,103.38,103.38,103.38
1392993000,102.88,102.88,102.88,102.88
1393252200,103.23,103.23,103.23,103.23
1393338600,101.6,101.6,101.6,101.6
1393425000,100.25,100.25,100.25,100.25
1393511400,100.09,100.09,100.09,100.09
1393597800,99.55,99.55,99.55,99.55
1393857000,101,101,101,101
1393943400,100.49,100.49,100.49,100.49
1394029800,101.95,101.95,101.95,101.95
1394116200,103.15,103.15,103.15,103.15
1394202600,100.64,100.64,100.64,100.64
1394458200,99.86,99.86,99.86,99.86
1394544600,99.87,99.87,99.87,99.87
1394631000,102.83,102.83,102.83,102.83
1394717400,105.3,105.3,105.3,105.3
1394803800,106.2,106.2,106.2,106.2
1395063000,102.91,102.91,102.91,102.91
1395149400,102.08,102.08,102.08,102.08
1395235800,98.28,98.28,98.28,98.28
1395322200,98.55,98.55,98.55,98.55
1395408600,98.51,98.51,98.51,98.51
1395667800,93.92,93.92,93.92,93.92
1395754200,94.52,94.52,94.52,94.52
1395840600,90.82,90.82,90.82,90.82
1395927000,91.82,91.82,91.82,91.82
1396013400,93.36,93.36,93.36,93.36
1396272600,91.2,91.2,91.2,91.2
1396359000,91.54,91.54,91.54,91.54
1396445400,93.53,93.53,93.53,93.53
1396531800,92.69,92.69,92.69,92.69
1396618200,93.3,93.3,93.3,93.3
1396877400,92.94,92.94,92.94,92.94
1396963800,95.2,95.2,95.2,95.2
1397050200,95.78,95.78,95.78,95.78
1397136600,94.19,94.19,94.19,94.19
1397223000,92.55,92.55,92.55,92.55
1397482200,93.83,93.83,93.83,93.83
1397568600,91.87,91.87,91.87,91.87
1397655000,90.83,90.83,90.83,90.83
1397741400,90.18,90.18,90.18,90.18
1398087000,89.9,89.9,89.9,89.9
1398173400,91.05,91.05,91.05,91.05
1398259800,92.88,92.88,92.88,92.88
1398346200,91.62,91.62,91.62,91.62
1398432600,93.31,93.31,93.31,93.31
1398691800,91.37,91.37,91.37,91.37
1398778200,92.88,92.88,92.88,92.88
1398864600,92.26,92.26,92.26,92.26
1398951000,90.99,90.99,90.99,90.99
1399037400,93,93,93,93
1399296600,92.73,92.73,92.73,92.73
1399383000,92.01,92.01,92.01,92.01
1399469400,90.03,90.03,90.03,90.03
1399555800,89.91,89.91,89.91,89.91
1399642200,89.38,89.38,89.38,89.38
1399901400,90.63,90.63,90.63,90.63
1399987800,90.39,90.39,90.39,90.39
1400074200,90.96,90.96,90.96,90.96
1400160600,89.68,89.68,89.68,89.68
1400247000,88.86,88.86,88.86,88.86
1400506200,89.1,89.1,89.1,89.1
1400592600,88.68,88.68,88.68,88.68
1400679000,88.7,88.7,88.7,88.7
1400765400,88.77,88.77,88.77,88.77
1400851800,88.22,88.22,88.22,88.22
1401197400,85.09,85.09,85.09,85.09
1401283800,83.64,83.64,83.64,83.64
1401370200,84.43,84.43,84.43,84.43
1401456600,85.06,85.06,85.06,85.06
1401715800,84.63,84.63,84.63,84.63
1401802200,84.98,84.98,84.98,84.98
1401888600,85.04,85.04,85.04,85.04
1401975000,86.66,86.66,86.66,86.66
1402061400,86.7,86.7,86.7,86.7
1402320600,86.43,86.43,86.43,86.43
1402407000,88.18,88.18,88.18,88.18
1402493400,89.69,89.69,89.69,89.69
1402579800,91.76,91.76,91.76,91.76
1402666200,92.3,92.3,92.3,92.3
1402925400,91.89,91.89,91.89,91.89
1403011800,92.39,92.39,92.39,92.39
1403098200,94.71,94.71,94.71,94.71
1403184600,99.12,99.12,99.12,99.12
1403271000,98.46,98.46,98.46,98.46
1403530200,100.19,100.19,100.19,100.19
1403616600,97.31,97.31,97.31,97.31
1403703000,98.16,98.16,98.16,98.16
1403789400,98.97,98.97,98.97,98.97
1403875800,99.1,99.1,99.1,99.1
1404135000,100.86,100.86,100.86,100.86
1404221400,99.95,99.95,99.95,99.95
1404307800,101.34,101.34,101.34,101.34
1404394200,101.48,101.48,101.48,101.48
1404739800,99.98,99.98,99.98,99.98
1404826200,101.15,101.15,101.15,101.15
1404912600,103.77,103.77,103.77,103.77
1404999000,101.72,101.72,101.72,101.72
1405085400,104.07,104.07,104.07,104.07
1405344600,101.36,101.36,101.36,101.36
1405431000,98.3,98.3,98.3,98.3
1405517400,99.9,99.9,99.9,99.9
1405603800,102.45,102.45,102.45,102.45
1405690200,101.98,101.98,101.98,101.98
1405949400,101.92,101.92,101.92,101.92
1406035800,100.79,100.79,100.79,100.79
1406122200,100.31,100.31,100.31,100.31
1406208600,98.56,98.56,98.56,98.56
1406295000,101.59,101.59,101.59,101.59
1406554200,102.19,102.19,102.19,102.19
1406640600,101.86,101.86,101.86,101.86
1406727000,100.91,100.91,100.91,100.91
1406813400,98.87,98.87,98.87,98.87
1406899800,99.49,99.49,99.49,99.49
1407159000,98.31,98.31,98.31,98.31
1407245400,99.07,99.07,99.07,99.07
1407331800,101.13,101.13,101.13,101.13
1407418200,101.1,101.1,101.1,101.1
1407504600,101.26,101.26,101.26,101.26
1407763800,102.41,102.41,102.41,102.41
1407850200,103.85,103.85,103.85,103.85
1407936600,103.83,103.83,103.83,103.83
1408023000,102.6,102.6,102.6,102.6
1408109400,101.97,101.97,101.97,101.97
1408368600,102.47,102.47,102.47,102.47
1408455000,101.6,101.6,101.6,101.6
1408541400,101.83,101.83,101.83,101.83
1408627800,99.65,99.65,99.65,99.65
1408714200,99.45,99.45,99.45,99.45
1408973400,98.08,98.08,98.08,98.08
1409059800,100.21,100.21,100.21,100.21
1409146200,100.07,100.07,100.07,100.07
1409232600,101.04,101.04,101.04,101.04
1409319000,102.27,102.27,102.27,102.27
1409664600,98.72,98.72,98.72,98.72
1409751000,98.2,98.2,98.2,98.2
1409837400,95.07,95.07,95.07,95.07
1409923800,95.3,95.3,95.3,95.3
1410183000,92.75,92.75,92.75,92.75
1410269400,93.61,93.61,93.61,93.61
1410355800,92.26,92.26,92.26,92.26
1410442200,93,93,93,93
1410528600,91.66,91.66,91.66,91.66
1410787800,91.69,91.69,91.69,91.69
1410874200,92.4,92.4,92.4,92.4
1410960600,90.43,90.43,90.43,90.43
1411047000,89.14,89.14,89.14,89.14
1411133400,86.93,86.93,86.93,86.93
1411392600,84.44,84.44,84.44,84.44
1411479000,85.88,85.88,85.88,85.88
1411565400,84.98,84.98,84.98,84.98
1411651800,84.95,84.95,84.95,84.95
1411738200,83.92,83.92,83.92,83.92
1411997400,82.85,82.85,82.85,82.85
1412083800,81.11,81.11,81.11,81.11
1412170200,81.01,81.01,81.01,81.01
1412256600,81.63,81.63,81.63,81.63
1412343000,78.42,78.42,78.42,78.42
1412602200,79.65,79.65,79.65,79.65
1412688600,76.77,76.77,76.77,76.77
1412775000,82.1,82.1,82.1,82.1
1412861400,78.96,78.96,78.96,78.96
1412947800,77.26,77.26,77.26,77.26
1413207000,78.49,78.49,78.49,78.49
1413293400,79.27,79.27,79.27,79.27
1413379800,79.22,79.22,79.22,79.22
1413466200,79.3,79.3,79.3,79.3
1413552600,77.08,77.08,77.08,77.08
1413811800,78.55,78.55,78.55,78.55
1413898200,78.75,78.75,78.75,78.75
1413984600,75.93,75.93,75.93,75.93
1414071000,76.25,76.25,76.25,76.25
1414157400,75.93,75.93,75.93,75.93
1414416600,74.58,74.58,74.58,74.58
1414503000,75.83,75.83,75.83,75.83
1414589400,72.9,72.9,72.9,72.9
1414675800,67.97,67.97,67.97,67.97
1414762200,64.88,64.88,64.88,64.88
1415025000,66.83,66.83,66.83,66.83
1415111400,64.35,64.35,64.35,64.35
1415197800,61.63,61.63,61.63,61.63
1415284200,64.27,64.27,64.27,64.27
1415370600,69.04,69.04,69.04,69.04
1415629800,65.09,65.09,65.09,65.09
1415716200,67.87,67.87,67.87,67.87
1415802600,67.71,67.71,67.71,67.71
1415889000,66.7,66.7,66.7,66.7
1415975400,70.82,70.82,70.82,70.82
1416234600,71.94,71.94,71.94,71.94
1416321000,75.1,75.1,75.1,75.1
1416407400,71.21,71.21,71.21,71.21
1416493800,73.07,73.07,73.07,73.07
1416580200,73.77,73.77,73.77,73.77
1416839400,72.77,72.77,72.77,72.77
1416925800,75.42,75.42,75.42,75.42
1417012200,74.44,74.44,74.44,74.44
1417185000,68.4,68.4,68.4,68.4
1417444200,73.12,73.12,73.12,73.12
1417530600,70.67,70.67,70.67,70.67
1417617000,73.07,73.07,73.07,73.07
1417703400,71.46,71.46,71.46,71.46
1417789800,70.15,70.15,70.15,70.15
1418049000,70.18,70.18,70.18,70.18
1418135400,73.31,73.31,73.31,73.31
1418221800,71,71,71,71
1418308200,69.96,69.96,69.96,69.96
1418394600,68.68,68.68,68.68,68.68
1418653800,64.09,64.09,64.09,64.09
1418740200,63.15,63.15,63.15,63.15
1418826600,66.51,66.51,66.51,66.51
1418913000,69.47,69.47,69.47,69.47
1418999400,69.36,69.36,69.36,69.36
1419258600,65.36,65.36,65.36,65.36
1419345000,64.82,64.82,64.82,64.82
1419431400,66.58,66.58,66.58,66.58
1419604200,68.4,68.4,68.4,68.4
1419863400,66.68,66.68,66.68,66.68
1419949800,69.06,69.06,69.06,69.06
1420036200,68.78,68.78,68.78,68.78
1420209000,70.51,70.51,70.51,70.51
1420468200,71.8,71.8,71.8,71.8
1420554600,75.84,75.84,75.84,75.84
1420641000,74.61,74.61,74.61,74.61
1420727400,73.33,73.33,73.33,73.33
1420813800,76.17,76.17,76.17,76.17
1421073000,79.03,79.03,79.03,79.03
1421159400,75.3,75.3,75.3,75.3
1421245800,73.28,73.28,73.28,73.28
1421332200,77.21,77.21,77.21,77.21
1421418600,79.52,79.52,79.52,79.52
1421764200,82.07,82.07,82.07,82.07
1421850600,81.21,81.21,81.21,81.21
1421937000,81.12,81.12,81.12,81.12
1422023400,78.33,78.33,78.33,78.33
1422282600,79.53,79.53,79.53,79.53
1422369000,81.92,81.92,81.92,81.92
1422455400,78.45,78.45,78.45,78.45
1422541800,77.13,77.13,77.13,77.13
1422628200,79.4,79.4,79.4,79.4
1422887400,80.37,80.37,80.37,80.37
1422973800,78.9,78.9,78.9,78.9
1423060200,80.02,80.02,80.02,80.02
1423146600,81.03,81.03,81.03,81.03
1423233000,76.92,76.92,76.92,76.92
1423492200,78.25,78.25,78.25,78.25
1423578600,76.88,76.88,76.88,76.88
1423665000,75.37,75.37,75.37,75.37
1423751400,76.48,76.48,76.48,76.48
1423837800,77.12,77.12,77.12,77.12
1424183400,74.8,74.8,74.8,74.8
1424269800,76.47,76.47,76.47,76.47
1424356200,74.68,74.68,74.68,74.68
1424442600,74.28,74.28,74.28,74.28
1424701800,74.23,74.23,74.23,74.23
1424788200,73.98,73.98,73.98,73.98
1424874600,75.4,75.4,75.4,75.4
1424961000,75.84,75.84,75.84,75.84
1425047400,76.94,76.94,76.94,76.94
1425306600,75.26,75.26,75.26,75.26
1425393000,73.81,73.81,73.81,73.81
1425479400,72.69,72.69,72.69,72.69
1425565800,72.53,72.53,72.53,72.53
1425652200,67.6,67.6,67.6,67.6
1425907800,65.23,65.23,65.23,65.23
1425994200,63.78,63.78,63.78,63.78
1426080600,65.97,65.97,65.97,65.97
1426167000,65.57,65.57,65.57,65.57
1426253400,65.58,65.58,65.58,65.58
1426512600,65.5,65.5,65.5,65.5
1426599000,64.39,64.39,64.39,64.39
1426685400,67.58,67.58,67.58,67.58
1426771800,67.23,67.23,67.23,67.23
1426858200,69.27,69.27,69.27,69.27
1427117400,70.81,70.81,70.81,70.81
1427203800,70.56,70.56,70.56,70.56
1427290200,69.49,69.49,69.49,69.49
1427376600,68.39,68.39,68.39,68.39
1427463000,67.73,67.73,67.73,67.73
1427722200,66.52,66.52,66.52,66.52
1427808600,65.5,65.5,65.5,65.5
1427895000,68.9,68.9,68.9,68.9
1427981400,67.96,67.96,67.96,67.96
1428327000,70.48,70.48,70.48,70.48
1428413400,69.07,69.07,69.07,69.07
1428499800,68.08,68.08,68.08,68.08
1428586200,67.67,67.67,67.67,67.67
1428672600,69.27,69.27,69.27,69.27
1428931800,68.3,68.3,68.3,68.3
1429018200,69.11,69.11,69.11,69.11
1429104600,71.83,71.83,71.83,71.83
1429191000,70.9,70.9,70.9,70.9
1429277400,70.95,70.95,70.95,70.95
1429536600,71.2,71.2,71.2,71.2
1429623000,71.22,71.22,71.22,71.22
1429709400,69.38,69.38,69.38,69.38
1429795800,70.63,70.63,70.63,70.63
1429882200,69.95,69.95,69.95,69.95
1430141400,71.68,71.68,71.68,71.68
1430227800,74.12,74.12,74.12,74.12
1430314200,74.71,74.71,74.71,74.71
1430400600,72.87,72.87,72.87,72.87
1430487000,73.19,73.19,73.19,73.19
1430746200,73.45,73.45,73.45,73.45
1430832600,72.93,72.93,72.93,72.93
1430919000,71.54,71.54,71.54,71.54
1431005400,71.79,71.79,71.79,71.79
1431091800,72.47,72.47,72.47,72.47
1431351000,72.78,72.78,72.78,72.78
1431437400,73.53,73.53,73.53,73.53
1431523800,75.24,75.24,75.24,75.24
1431610200,75.36,75.36,75.36,75.36
1431696600,75.12,75.12,75.12,75.12
1431955800,74.87,74.87,74.87,74.87
1432042200,71.98,71.98,71.98,71.98
1432128600,72.07,72.07,72.07,72.07
1432215000,71.85,71.85,71.85,71.85
1432301400,71.25,71.25,71.25,71.25
1432647000,68.69,68.69,68.69,68.69
1432733400,68.76,68.76,68.76,68.76
1432819800,69.83,69.83,69.83,69.83
1432906200,69.7,69.7,69.7,69.7
1433165400,69.29,69.29,69.29,69.29
1433251800,70.53,70.53,70.53,70.53
1433338200,69.25,69.25,69.25,69.25
1433424600,68.63,68.63,68.63,68.63
1433511000,67.72,67.72,67.72,67.72
1433770200,68.13,68.13,68.13,68.13
1433856600,67.56,67.56,67.56,67.56
1433943000,68.47,68.47,68.47,68.47
1434029400,67.13,67.13,67.13,67.13
1434115800,66.55,66.55,66.55,66.55
1434375000,66.95,66.95,66.95,66.95
1434461400,65.99,65.99,65.99,65.99
1434547800,67.45,67.45,67.45,67.45
1434634200,68.37,68.37,68.37,68.37
1434720600,66.65,66.65,66.65,66.65
1434979800,65.6,65.6,65.6,65.6
1435066200,65.74,65.74,65.74,65.74
1435152600,65.85,65.85,65.85,65.85
1435239000,65.1,65.1,65.1,65.1
1435325400,64.68,64.68,64.68,64.68
1435584600,63.91,63.91,63.91,63.91
1435671000,63.14,63.14,63.14,63.14
1435757400,61.37,61.37,61.37,61.37
1435843800,62.65,62.65,62.65,62.65
1436189400,63.5,63.5,63.5,63.5
1436275800,60.41,60.41,60.41,60.41
1436362200,59.95,59.95,59.95,59.95
1436448600,59.69,59.69,59.69,59.69
1436535000,59.01,59.01,59.01,59.01
1436794200,59.48,59.48,59.48,59.48
1436880600,59,59,59,59
1436967000,57.35,57.35,57.35,57.35
1437053400,56.9,56.9,56.9,56.9
1437139800,54.2,54.2,54.2,54.2
1437399000,48.63,48.63,48.63,48.63
1437485400,50.01,50.01,50.01,50.01
1437571800,49.65,49.65,49.65,49.65
1437658200,47.29,47.29,47.29,47.29
1437744600,48.52,48.52,48.52,48.52
1438003800,46.66,46.66,46.66,46.66
1438090200,47.47,47.47,47.47,47.47
1438176600,48.37,48.37,48.37,48.37
1438263000,46.64,46.64,46.64,46.64
1438349400,47.57,47.57,47.57,47.57
1438608600,45.54,45.54,45.54,45.54
1438695000,45.67,45.67,45.67,45.67
1438781400,44.51,44.51,44.51,44.51
1438867800,45.86,45.86,45.86,45.86
1438954200,45.7,45.7,45.7,45.7
1439213400,49.24,49.24,49.24,49.24
1439299800,49.47,49.47,49.47,49.47
1439386200,52.86,52.86,52.86,52.86
1439472600,50.09,50.09,50.09,50.09
1439559000,49.71,49.71,49.71,49.71
1439818200,51.56,51.56,51.56,51.56
1439904600,50.56,50.56,50.56,50.56
1439991000,51.96,51.96,51.96,51.96
1440077400,53.75,53.75,53.75,53.75
1440163800,52.17,52.17,52.17,52.17
1440423000,48.09,48.09,48.09,48.09
1440509400,46.19,46.19,46.19,46.19
1440595800,43.97,43.97,43.97,43.97
1440682200,46.84,46.84,46.84,46.84
1440768600,48.82,48.82,48.82,48.82
1441027800,48.43,48.43,48.43,48.43
1441114200,46.81,46.81,46.81,46.81
1441200600,46.23,46.23,46.23,46.23
1441287000,45.62,45.62,45.62,45.62
1441373400,45.33,45.33,45.33,45.33
1441719000,45.77,45.77,45.77,45.77
1441805400,44.48,44.48,44.48,44.48
1441891800,44.44,44.44,44.44,44.44
1441978200,45.03,45.03,45.03,45.03
1442237400,44.27,44.27,44.27,44.27
1442323800,44.27,44.27,44.27,44.27
1442410200,47.31,47.31,47.31,47.31
1442496600,48.47,48.47,48.47,48.47
1442583000,48.67,48.67,48.67,48.67
1442842200,47.45,47.45,47.45,47.45
1442928600,45.23,45.23,45.23,45.23
1443015000,44.61,44.61,44.61,44.61
1443101400,47.89,47.89,47.89,47.89
1443187800,47.27,47.27,47.27,47.27
1443447000,44.63,44.63,44.63,44.63
1443533400,44.84,44.84,44.84,44.84
1443619800,46.25,46.25,46.25,46.25
1443706200,45.2,45.2,45.2,45.2
1443792600,49.02,49.02,49.02,49.02
1444051800,51.28,51.28,51.28,51.28
1444138200,53.38,53.38,53.38,53.38
1444224600,53.98,53.98,53.98,53.98
1444311000,53.65,53.65,53.65,53.65
1444397400,56.04,56.04,56.04,56.04
1444656600,53.95,53.95,53.95,53.95
1444743000,54.06,54.06,54.06,54.06
1444829400,57.78,57.78,57.78,57.78
1444915800,57.96,57.96,57.96,57.96
1445002200,56.03,56.03,56.03,56.03
1445261400,53.59,53.59,53.59,53.59
1445347800,55.64,55.64,55.64,55.64
1445434200,53.65,53.65,53.65,53.65
1445520600,54.89,54.89,54.89,54.89
1445607000,56.3,56.3,56.3,56.3
1445866200,54.54,54.54,54.54,54.54
1445952600,54.57,54.57,54.57,54.57
1446039000,54.09,54.09,54.09,54.09
1446125400,52.25,52.25,52.25,52.25
1446211800,51.45,51.45,51.45,51.45
1446474600,51.92,51.92,51.92,51.92
1446561000,51.85,51.85,51.85,51.85
1446647400,50.49,50.49,50.49,50.49
1446733800,48.24,48.24,48.24,48.24
1446820200,46.01,46.01,46.01,46.01
1447079400,47.05,47.05,47.05,47.05
1447165800,45.68,45.68,45.68,45.68
1447252200,45.94,45.94,45.94,45.94
1447338600,45.23,45.23,45.23,45.23
1447425000,45.56,45.56,45.56,45.56
1447684200,46.11,46.11,46.11,46.11
1447770600,43.63,43.63,43.63,43.63
1447857000,45.48,45.48,45.48,45.48
1447943400,46.52,46.52,46.52,46.52
1448029800,44.77,44.77,44.77,44.77
1448289000,44.42,44.42,44.42,44.42
1448375400,46.15,46.15,46.15,46.15
1448461800,45.96,45.96,45.96,45.96
1448634600,44.92,44.92,44.92,44.92
1448893800,46.15,46.15,46.15,46.15
1448980200,47.69,47.69,47.69,47.69
1449066600,46.54,46.54,46.54,46.54
1449153000,47.17,47.17,47.17,47.17
1449239400,49.95,49.95,49.95,49.95
1449498600,47.3,47.3,47.3,47.3
1449585000,46.47,46.47,46.47,46.47
1449671400,47.21,47.21,47.21,47.21
1449757800,47.37,47.37,47.37,47.37
1449844200,47.41,47.41,47.41,47.41
1450103400,44.57,44.57,44.57,44.57
1450189800,44.68,44.68,44.68,44.68
1450276200,46.7,46.7,46.7,46.7
1450362600,43.21,43.21,43.21,43.21
1450449000,44.54,44.54,44.54,44.54
1450708200,45.33,45.33,45.33,45.33
1450794600,45.36,45.36,45.36,45.36
1450881000,46.71,46.71,46.71,46.71
1450967400,47.81,47.81,47.81,47.81
1451313000,45.78,45.78,45.78,45.78
1451399400,46.15,46.15,46.15,46.15
1451485800,45.2,45.2,45.2,45.2
1451572200,45.3,45.3,45.3,45.3
1451917800,46.4,46.4,46.4,46.4
1452004200,46.18,46.18,46.18,46.18
1452090600,46.81,46.81,46.81,46.81
1452177000,48.46,48.46,48.46,48.46
1452263400,47.1,47.1,47.1,47.1
1452522600,44.38,44.38,44.38,44.38
1452609000,42.85,42.85,42.85,42.85
1452695400,43.05,43.05,43.05,43.05
1452781800,41.52,41.52,41.52,41.52
1452868200,41.42,41.42,41.42,41.42
1453213800,38.84,38.84,38.84,38.84
1453300200,40.1,40.1,40.1,40.1
1453386600,40.62,40.62,40.62,40.62
1453473000,40.92,40.92,40.92,40.92
1453732200,42.09,42.09,42.09,42.09
1453818600,44.44,44.44,44.44,44.44
1453905000,45.66,45.66,45.66,45.66
1453991400,44.71,44.71,44.71,44.71
1454077800,45.96,45.96,45.96,45.96
1454337000,47.36,47.36,47.36,47.36
1454423400,46.25,46.25,46.25,46.25
1454509800,50.02,50.02,50.02,50.02
1454596200,52.62,52.62,52.62,52.62
1454682600,55.3,55.3,55.3,55.3
1454941800,56.78,56.78,56.78,56.78
1455028200,54.34,54.34,54.34,54.34
1455114600,55.4,55.4,55.4,55.4
1455201000,58.76,58.76,58.76,58.76
1455287400,60.64,60.64,60.64,60.64
1455633000,57.24,57.24,57.24,57.24
1455719400,58.71,58.71,58.71,58.71
1455805800,61.55,61.55,61.55,61.55
1455892200,60.53,60.53,60.53,60.53
1456151400,61.47,61.47,61.47,61.47
1456237800,62.39,62.39,62.39,62.39
1456324200,62.89,62.89,62.89,62.89
1456410600,63.53,63.53,63.53,63.53
1456497000,61.9,61.9,61.9,61.9
1456756200,63.92,63.92,63.92,63.92
1456842600,61.61,61.61,61.61,61.61
1456929000,64.02,64.02,64.02,64.02
1457015400,66.89,66.89,66.89,66.89
1457101800,66.75,66.75,66.75,66.75
1457361000,68.94,68.94,68.94,68.94
1457447400,65.88,65.88,65.88,65.88
1457533800,66.6,66.6,66.6,66.6
1457620200,69.28,69.28,69.28,69.28
1457706600,68.09,68.09,68.09,68.09
1457962200,66.37,66.37,66.37,66.37
1458048600,66.75,66.75,66.75,66.75
1458135000,71.39,71.39,71.39,71.39
1458221400,70.92,70.92,70.92,70.92
1458307800,71.18,71.18,71.18,71.18
1458567000,71.43,71.43,71.43,71.43
1458653400,71.32,71.32,71.32,71.32
1458739800,66.1,66.1,66.1,66.1
1458826200,67.48,67.48,67.48,67.48
1459171800,67.22,67.22,67.22,67.22
1459258200,70.75,70.75,70.75,70.75
1459344600,70.32,70.32,70.32,70.32
1459431000,69.51,69.51,69.51,69.51
1459517400,69.72,69.72,69.72,69.72
1459776600,67.63,67.63,67.63,67.63
1459863000,69.61,69.61,69.61,69.61
1459949400,69.88,69.88,69.88,69.88
1460035800,71.09,71.09,71.09,71.09
1460122200,74.02,74.02,74.02,74.02
1460381400,78.63,78.63,78.63,78.63
1460467800,79.91,79.91,79.91,79.91
1460554200,78.43,78.43,78.43,78.43
1460640600,75.97,75.97,75.97,75.97
1460727000,77.92,77.92,77.92,77.92
1460986200,78.43,78.43,78.43,78.43
1461072600,82.99,82.99,82.99,82.99
1461159000,81.52,81.52,81.52,81.52
1461245400,82.59,82.59,82.59,82.59
1461331800,80.86,80.86,80.86,80.86
1461591000,80.16,80.16,80.16,80.16
1461677400,82.07,82.07,82.07,82.07
1461763800,83.43,83.43,83.43,83.43
1461850200,86.9,86.9,86.9,86.9
1461936600,92.85,92.85,92.85,92.85
1462195800,90.73,90.73,90.73,90.73
1462282200,87.23,87.23,87.23,87.23
1462368600,83.27,83.27,83.27,83.27
1462455000,85.15,85.15,85.15,85.15
1462541400,88.53,88.53,88.53,88.53
1462800600,82.48,82.48,82.48,82.48
1462887000,85.59,85.59,85.59,85.59
1462973400,88.25,88.25,88.25,88.25
1463059800,86.49,86.49,86.49,86.49
1463146200,86.98,86.98,86.98,86.98
1463405400,89.21,89.21,89.21,89.21
1463491800,90.93,90.93,90.93,90.93
1463578200,83.68,83.68,83.68,83.68
1463664600,85.34,85.34,85.34,85.34
1463751000,85.44,85.44,85.44,85.44
1464010200,85.1,85.1,85.1,85.1
1464096600,80.15,80.15,80.15,80.15
1464183000,82.23,82.23,82.23,82.23
1464269400,82.12,82.12,82.12,82.12
1464355800,79.41,79.41,79.41,79.41
1464701400,80.58,80.58,80.58,80.58
1464787800,80.44,80.44,80.44,80.44
1464874200,80.65,80.65,80.65,80.65
1464960600,89.06,89.06,89.06,89.06
1465219800,89.91,89.91,89.91,89.91
1465306200,88.63,88.63,88.63,88.63
1465392600,91.61,91.61,91.61,91.61
1465479000,92.34,92.34,92.34,92.34
1465565400,90.39,90.39,90.39,90.39
1465824600,90.58,90.58,90.58,90.58
1465911000,88.52,88.52,88.52,88.52
1465997400,92.42,92.42,92.42,92.42
1466083800,89.86,89.86,89.86,89.86
1466170200,90.34,90.34,90.34,90.34
1466429400,91.02,91.02,91.02,91.02
1466515800,89.25,89.25481,89.25,89.25481
1466602200,90.89,90.89,90.89,90.89
1466688600,90.43,90.43,90.43,90.43
1466775000,93.7,93.7,93.7,93.7
1467034200,94.06,94.06,94.06,94.06
1467120600,93.27,93.27,93.27,93.27
1467207000,95.8,95.8,95.8,95.8
1467293400,97.64,97.64,97.64,97.64
1467379800,102.5,102.5,102.5,102.5
1467725400,103.47,103.47,103.47,103.47
1467811800,106.86,106.86,106.86,106.86
1467898200,103.84,103.84,103.84,103.84
1467984600,107.19,107.19,107.19,107.19
1468243800,108.2,108.2,108.2,108.2
1468330200,105.21,105.21,105.21,105.21
1468416600,108.46,108.46,108.46,108.46
1468503000,108.41,108.41,108.41,108.41
1468589400,107.73,107.73,107.73,107.73
1468848600,108.42,108.42,108.42,108.42
1468935000,106.8,106.8,106.8,106.8
1469021400,100.47,100.47,100.47,100.47
1469107800,104.04,104.04,104.04,104.04
1469194200,103.74,103.74,103.74,103.74
1469453400,99.89,99.89,99.89,99.89
1469539800,103,103,103,103
1469626200,107.59,107.59,107.59,107.59
1469712600,107.74,107.74,107.74,107.74
1469799000,110.28,110.28,110.28,110.28
1470058200,111.61,111.61,111.61,111.61
1470144600,112.86,112.86,112.86,112.86
1470231000,111.93,111.93,111.93,111.93
1470317400,112.83,112.83,112.83,112.83
1470403800,109.61,109.61,109.61,109.61
1470663000,110.39,110.39,110.39,110.39
1470749400,111.1,111.1,111.1,111.1
1470835800,112.73,112.73,112.73,112.73
1470922200,112.29,112.29,112.29,112.29
1471008600,111.73,111.73,111.73,111.73
1471267800,111.47,111.47,111.47,111.47
1471354200,110.83,110.83,110.83,110.83
1471440600,109.24,109.24,109.24,109.24
1471527000,110.72,110.72,110.72,110.72
1471613400,107.69,107.69,107.69,107.69
1471872600,105.71,105.71,105.71,105.71
1471959000,103.89,103.89,103.89,103.89
1472045400,95.34,95.34,95.34,95.34
1472131800,96.51,96.51,96.51,96.51
1472218200,95.8,95.8,95.8,95.8
1472477400,96.93,96.93,96.93,96.93
1472563800,91.84,91.84,91.84,91.84
1472650200,90.17,90.17,90.17,90.17
1472736600,93.32,93.32,93.32,93.32
1472823000,96.63,96.63,96.63,96.63
1473168600,101.55,101.55,101.55,101.55
1473255000,101.08,101.08,101.08,101.08
1473341400,99.28,99.28,99.28,99.28
1473427800,93.46,93.46,93.46,93.46
1473687000,96.75,96.75,96.75,96.75
1473773400,92.24,92.24,92.24,92.24
1473859800,92.28,92.28,92.28,92.28
1473946200,92.71,92.71,92.71,92.71
1474032600,91.5,91.5,91.5,91.5
1474291800,92.28,92.28,92.28,92.28
1474378200,92.43,92.43,92.43,92.43
1474464600,99.2,99.2,99.2,99.2
1474551000,98.78,98.78,98.78,98.78
1474637400,95.76,95.76,95.76,95.76
1474896600,94.45,94.45,94.45,94.45
1474983000,92.98,92.98,92.98,92.98
1475069400,95.67,95.67,95.67,95.67
1475155800,95.01,95.01,95.01,95.01
1475242200,94,94,94,94
1475501400,92.07,92.07,92.07,92.07
1475587800,83.42,83.42,83.42,83.42
1475674200,83.88,83.88,83.88,83.88
1475760600,81.44,81.44,81.44,81.44
1475847000,81.32,81.32,81.32,81.32
1476106200,81.93,81.93,81.93,81.93
1476192600,80.17,80.17,80.17,80.17
1476279000,81.93,81.93,81.93,81.93
1476365400,82.59,82.59,82.59,82.59
1476451800,81.03,81.03,81.03,81.03
1476711000,82.23,82.23,82.23,82.23
1476797400,85.34,85.34,85.34,85.34
1476883800,87.59,87.59,87.59,87.59
1476970200,87.47,87.47,87.47,87.47
1477056600,86.87,86.87,86.87,86.87
1477315800,85.17,85.17,85.17,85.17
1477402200,87.31,87.31,87.31,87.31
1477488600,85.43,85.43,85.43,85.43
1477575000,84.26,84.26,84.26,84.26
1477661400,84.77,84.77,84.77,84.77
1477920600,86.95,86.95,86.95,86.95
1478007000,89.31,89.31,89.31,89.31
1478093400,87.72,87.72,87.72,87.72
1478179800,89.33,89.33,89.33,89.33
1478266200,89.12,89.12,89.12,89.12
1478529000,86.72,86.72,86.72,86.72
1478615400,87.19,87.19,87.19,87.19
1478701800,89.83,89.83,89.83,89.83
1478788200,83.82,83.82,83.82,83.82
1478874600,78.05,78.05,78.05,78.05
1479133800,78.83,78.83,78.83,78.83
1479220200,82.4,82.4,82.4,82.4
1479306600,81.5,81.5,81.5,81.5
1479393000,79.85,79.85,79.85,79.85
1479479400,79.31,79.31,79.31,79.31
1479738600,81.08,81.08,81.08,81.08
1479825000,81.98,81.98,81.98,81.98
1479911400,78.92,78.92,78.92,78.92
1480084200,79.13,79.13,79.13,79.13
1480343400,81.69,81.69,81.69,81.69
1480429800,80.88,80.88,80.88,80.88
1480516200,79.88,79.88,79.88,79.88
1480602600,79.31,79.31,79.31,79.31
1480689000,82.3,82.3,82.3,82.3
1480948200,82.79,82.79,82.79,82.79
1481034600,82.15,82.15,82.15,82.15
1481121000,82.57,82.57,82.57,82.57
1481207400,82.57,82.57,82.57,82.57
1481293800,80.08,80.08,80.08,80.08
1481553000,80.26,80.26,80.26,80.26
1481639400,81.19,81.19,81.19,81.19
1481725800,77.02,77.02,77.02,77.02
1481812200,73.71,73.71,73.71,73.71
1481898600,73.41,73.41,73.41,73.41
1482157800,73.53,73.53,73.53,73.53
1482244200,73.81,73.81,73.81,73.81
1482330600,73.65,73.65,73.65,73.65
1482417000,73.03,73.03,73.03,73.03
1482503400,74.23,74.23,74.23,74.23
1482849000,76,76,76,76
1482935400,77.3,77.3,77.3,77.3
1483021800,82.04,82.04,82.04,82.04
1483108200,78.86,78.86,78.86,78.86
1483453800,82.01,82.01,82.01,82.01
1483540200,83.39,83.39,83.39,83.39
1483626600,87.93,87.93,87.93,87.93
1483713000,85.31,85.31,85.31,85.31
1483972200,85.4,85.4,85.4,85.4
1484058600,86.5,86.5,86.5,86.5
1484145000,86.41,86.41,86.41,86.41
1484231400,86.22,86.22,86.22,86.22
1484317800,87.04,87.04,87.04,87.04
1484663400,89.1,89.1,89.1,89.1
1484749800,87.96,87.96,87.96,87.96
1484836200,87.56,87.56,87.56,87.56
1484922600,88.68,88.68,88.68,88.68
1485181800,91.26,91.26,91.26,91.26
1485268200,91.91,91.91,91.91,91.91
1485354600,90.36,90.36,90.36,90.36
1485441000,88.2,88.2,88.2,88.2
1485527400,89.58,89.58,89.58,89.58
1485786600,89.02,89.02,89.02,89.02
1485873000,91.76,91.76,91.76,91.76
1485959400,91.75,91.75,91.75,91.75
1486045800,93.11,93.11,93.11,93.11
1486132200,92.92,92.92,92.92,92.92
1486391400,96.19,96.19,96.19,96.19
1486477800,95.29,95.29,95.29,95.29
1486564200,96.72,96.72,96.72,96.72
1486650600,94.02,94.02,94.02,94.02
1486737000,95.42,95.42,95.42,95.42
1486996200,94.51,94.51,94.51,94.51
1487082600,94.27,94.27,94.27,94.27
1487169000,93.4,93.4,93.4,93.4
1487255400,94.46,94.46,94.46,94.46
1487341800,92.56,92.56,92.56,92.56
1487687400,91.73,91.73,91.73,91.73
1487773800,89.91,89.91,89.91,89.91
1487860200,89.61,89.61,89.61,89.61
1487946600,88.62,88.62,88.62,88.62
1488205800,84.47,84.47,84.47,84.47
1488292200,84.58,84.58,84.58,84.58
1488378600,85.03,85.03,85.03,85.03
1488465000,80.96,80.96,80.96,80.96
1488551400,82.14,82.14,82.14,82.14
1488810600,79.88,79.88,79.88,79.88
1488897000,79.16,79.16,79.16,79.16
1488983400,78.52,78.52,78.52,78.52
1489069800,77.7,77.7,77.7,77.7
1489156200,79.8,79.8,79.8,79.8
1489411800,80.4,80.4,80.4,80.4
1489498200,78.01,78.01,78.01,78.01
1489584600,83.75,83.75,83.75,83.75
1489671000,83.25,83.25,83.25,83.25
1489757400,82.55,82.55,82.55,82.55
1490016600,83.57,83.57,83.57,83.57
1490103000,84.73,84.73,84.73,84.73
1490189400,85.1,85.1,85.1,85.1
1490275800,84.46,84.46,84.46,84.46
1490362200,83.99,83.99,83.99,83.99
1490621400,85.32,85.32,85.32,85.32
1490707800,83.42,83.42,83.42,83.42
1490794200,84.11,84.11,84.11,84.11
1490880600,83.27,83.27,83.27,83.27
1490967000,83.77,83.77,83.77,83.77
1491226200,85.3,85.3,85.3,85.3
1491312600,86.28,86.28,86.28,86.28
1491399000,86.35,86.35,86.35,86.35
1491485400,86.28,86.28,86.28,86.28
1491571800,86.12,86.12,86.12,86.12
1491831000,86.67,86.67,86.67,86.67
1491917400,89.02,89.02,89.02,89.02
1492003800,89.43,89.43,89.43,89.43
1492090200,89.4,89.4,89.4,89.4
1492435800,89.36,89.36,89.36,89.36
1492522200,89.16,89.16,89.16,89.16
1492608600,86.3,86.3,86.3,86.3
1492695000,86.77,86.77,86.77,86.77
1492781400,86.84,86.84,86.84,86.84
1493040600,85.44,85.44,85.44,85.44
1493127000,82.38,82.38,82.38,82.38
1493213400,83.31,83.31,83.31,83.31
1493299800,81.08,81.08,81.08,81.08
1493386200,83.1,83.1,83.1,83.1
1493645400,80.77,80.77,80.77,80.77
1493731800,81.26,81.26,81.26,81.26
1493818200,80.57,80.57,80.57,80.57
1493904600,78.26,78.26,78.26,78.26
1493991000,80.28,80.28,80.28,80.28
1494250200,80.56,80.56,80.56,80.56
1494336600,80.2,80.2,80.2,80.2
1494423000,81.51,81.51,81.51,81.51
1494509400,83.84,83.84,83.84,83.84
1494595800,84.97,84.97,84.97,84.97
1494855000,85.16,85.16,85.16,85.16
1494941400,85.78,85.78,85.78,85.78
1495027800,86.54,86.54,86.54,86.54
1495114200,84.25,84.25,84.25,84.25
1495200600,85.16,85.16,85.16,85.16
1495459800,86.16,86.16,86.16,86.16
1495546200,83.85,83.85,83.85,83.85
1495632600,84.86,84.86,84.86,84.86
1495719000,84.07,84.07,84.07,84.07
1495805400,84.65,84.65,84.65,84.65
1496151000,83.45,83.45,83.45,83.45
1496237400,83.39,83.39,83.39,83.39
1496323800,83.05,83.05,83.05,83.05
1496410200,83.22,83.22,83.22,83.22
1496669400,83.12,83.12,83.12,83.12
1496755800,87.39,87.39,87.39,87.39
1496842200,86.59,86.59,86.59,86.59
1496928600,85.67,85.67,85.67,85.67
1497015000,84.37,84.37,84.37,84.37
1497274200,83.42,83.42,83.42,83.42
1497360600,84.29,84.29,84.29,84.29
1497447000,81.17,81.17,81.17,81.17
1497533400,79.84,79.84,79.84,79.84
1497619800,79.71,79.71,79.71,79.71
1497879000,79.67,79.67,79.67,79.67
1497965400,79.05,79.05,79.05,79.05
1498051800,80.19,80.19,80.19,80.19
1498138200,81.75,81.75,81.75,81.75
1498224600,83.43,83.43,83.43,83.43
1498483800,82.83,82.83,82.83,82.83
1498570200,81.78,81.78,81.78,81.78
1498656600,82.27,82.27,82.27,82.27
1498743000,80.29,80.29,80.29,80.29
1498829400,80.78,80.78,80.78,80.78
1499088600,79.01,79.01,79.01,79.01
1499261400,79.87,79.87,79.87,79.87
1499347800,78.98,78.98,78.98,78.98
1499434200,77.5,77.5,77.5,77.5
1499693400,79.93,79.93,79.93,79.93
1499779800,80.43,80.43,80.43,80.43
1499866200,80.53,80.53,80.53,80.53
1499952600,79.43,79.43,79.43,79.43
1500039000,80.8,80.8,80.8,80.8
1500298200,82.06,82.06,82.06,82.06
1500384600,82.4,82.4,82.4,82.4
1500471000,82.61,82.61,82.61,82.61
1500557400,83.09,83.09,83.09,83.09
1500643800,83.63,83.63,83.63,83.63
1500903000,81.88,81.88,81.88,81.88
1500989400,83.55,83.55,83.55,83.55
1501075800,86.13,86.13,86.13,86.13
1501162200,84.05,84.05,84.05,84.05
1501248600,85.56,85.56,85.56,85.56
1501507800,85.32,85.32,85.32,85.32
1501594200,85.5,85.5,85.5,85.5
1501680600,84.4,84.4,84.4,84.4
1501767000,83.99,83.99,83.99,83.99
1501853400,82.04,82.04,82.04,82.04
1502112600,81.93,81.93,81.93,81.93
1502199000,81.71,81.71,81.71,81.71
1502285400,82.84,82.84,82.84,82.84
1502371800,84.08,84.08,84.08,84.08
1502458200,84.09,84.09,84.09,84.09
1502717400,83.29,83.29,83.29,83.29
1502803800,82.21,82.21,82.21,82.21
1502890200,84.59,84.59,84.59,84.59
1502976600,84.31,84.31,84.31,84.31
1503063000,83.9,83.9,83.9,83.9
1503322200,85.41,85.41,85.41,85.41
1503408600,84.88,84.88,84.88,84.88
1503495000,85.64,85.64,85.64,85.64
1503581400,86.13,86.13,86.13,86.13
1503667800,85.82,85.82,85.82,85.82
1503927000,89.18,89.18,89.18,89.18
1504013400,89.38,89.38,89.38,89.38
1504099800,88.16,88.16,88.16,88.16
1504186200,90.12,90.12,90.12,90.12
1504272600,90.54,90.54,90.54,90.54
1504618200,92.41,92.41,92.41,92.41
1504704600,91.35,91.35,91.35,91.35
1504791000,93.26,93.26,93.26,93.26
1504877400,91.65,91.65,91.65,91.65
1505136600,89.61,89.61,89.61,89.61
1505223000,90.2,90.2,90.2,90.2
1505309400,88.42,88.42,88.42,88.42
1505395800,88.88,88.88,88.88,88.88
1505482200,88.38,88.38,88.38,88.38
1505741400,86.84,86.84,86.84,86.84
1505827800,87.22,87.22,87.22,87.22
1505914200,85.48,85.48,85.48,85.48
1506000600,85.03,85.03,85.03,85.03
1506087000,86.06,86.06,86.06,86.06
1506346200,87.42,87.42,87.42,87.42
1506432600,85.86,85.86,85.86,85.86
1506519000,84.75,84.75,84.75,84.75
1506605400,85.69,85.69,85.69,85.69
1506691800,84.65,84.65,84.65,84.65
1506951000,85.03,85.03,85.03,85.03
1507037400,85.98,85.98,85.98,85.98
1507123800,86.5,86.5,86.5,86.5
1507210200,86.06,86.06,86.06,86.06
1507296600,86.9,86.9,86.9,86.9
1507555800,87.66,87.66,87.66,87.66
1507642200,86.74,86.74,86.74,86.74
1507728600,87.14,87.14,87.14,87.14
1507815000,87.12,87.12,87.12,87.12
1507901400,87.29,87.29,87.29,87.29
1508160600,86.14,86.14,86.14,86.14
1508247000,85.76,85.76,85.76,85.76
1508333400,85.06,85.06,85.06,85.06
1508419800,85.52,85.52,85.52,85.52
1508506200,85.01,85.01,85.01,85.01
1508765400,84.17,84.17,84.17,84.17
1508851800,83.51,83.51,83.51,83.51
1508938200,82.61,82.61,82.61,82.61
1509024600,81.09,81.09,81.09,81.09
1509111000,81.57,81.57,81.57,81.57
1509370200,82.37,82.37,82.37,82.37
1509456600,81.2,81.2,81.2,81.2
1509543000,81.28,81.28,81.28,81.28
1509629400,81.3,81.3,81.3,81.3
1509715800,80.72,80.72,80.72,80.72
1509978600,82.28,82.28,82.28,82.28
1510065000,81.87,81.87,81.87,81.87
1510151400,82.41,82.41,82.41,82.41
1510237800,81.88,81.88,81.88,81.88
1510324200,80.6,80.6,80.6,80.6
1510583400,80.42,80.42,80.42,80.42
1510669800,80,80,80,80
1510756200,80.04,80.04,80.04,80.04
1510842600,79.84,79.84,79.84,79.84
1510929000,80.88,80.88,80.88,80.88
1511188200,80.01,80.01,80.01,80.01
1511274600,80.66,80.66,80.66,80.66
1511361000,81.75,81.75,81.75,81.75
1511533800,81.11,81.11,81.11,81.11
1511793000,81.47,81.47,81.47,81.47
1511879400,81.14,81.14,81.14,81.14
1511965800,79.65,79.65,79.65,79.65
1512052200,79.42,79.42,79.42,79.42
1512138600,79.66,79.66,79.66,79.66
1512397800,78.73,78.73,78.73,78.73
1512484200,77.51,77.51,77.51,77.51
1512570600,76.42,76.42,76.42,76.42
1512657000,76.46,76.46,76.46,76.46
1512743400,76.93,76.93,76.93,76.93
1513002600,76.99,76.99,76.99,76.99
1513089000,76.9,76.9,76.9,76.9
1513175400,79.89,79.89,79.89,79.89
1513261800,79.68,79.68,79.68,79.68
1513348200,80.23,80.23,80.23,80.23
1513607400,81.68,81.68,81.68,81.68
1513693800,81.57,81.57,81.57,81.57
1513780200,83.01,83.01,83.01,83.01
1513866600,83.38,83.38,83.38,83.38
1513953000,84.01,84.01,84.01,84.01
1514298600,85.65,85.65,85.65,85.65
1514385000,85.32,85.32,85.32,85.32
1514471400,85.45,85.45,85.45,85.45
1514557800,85.27,85.27,85.27,85.27
1514903400,88.14,88.14,88.14,88.14
1514989800,87.08,87.08,87.08,87.08
1515076200,87.79,87.79,87.79,87.79
1515162600,87.39,87.39,87.39,87.39
1515421800,86.29,86.29,86.29,86.29
1515508200,84.95,84.95,84.95,84.95
1515594600,86.07,86.07,86.07,86.07
1515681000,87.04,87.04,87.04,87.04
1515767400,89.11,89.11,89.11,89.11
1516113000,90.27,90.27,90.27,90.27
1516199400,89.12,89.12,89.12,89.12
1516285800,87.57,87.57,87.57,87.57
1516372200,87.97,87.97,87.97,87.97
1516631400,88.31,88.31,88.31,88.31
1516717800,89.91,89.91,89.91,89.91
1516804200,92.08,92.08,92.08,92.08
1516890600,89.91,89.91,89.91,89.91
1516977000,90.31,90.31,90.31,90.31
1517236200,87.47,87.47,87.47,87.47
1517322600,86.56,86.56,86.56,86.56
1517409000,87.66,87.66,87.66,87.66
1517495400,87.6,87.6,87.6,87.6
1517581800,83.88,83.88,83.88,83.88
1517841000,83.07,83.07,83.07,83.07
1517927400,82.1,82.1,82.1,82.1
1518013800,80.54,80.54,80.54,80.54
1518100200,79.86,79.86,79.86,79.86
1518186600,78.35,78.35,78.35,78.35
1518445800,81.08,81.08,81.08,81.08
1518532200,81.06,81.06,81.06,81.06
1518618600,85.5,85.5,85.5,85.5
1518705000,85.48,85.48,85.48,85.48
1518791400,83.23,83.23,83.23,83.23
1519137000,80.83,80.83,80.83,80.83
1519223400,80.51,80.51,80.51,80.51
1519309800,80.02,80.02,80.02,80.02
1519396200,80.53,80.53,80.53,80.53
1519655400,81.27,81.27,81.27,81.27
1519741800,78.97,78.97,78.97,78.97
1519828200,78.27,78.27,78.27,78.27
1519914600,78.93,78.93,78.93,78.93
1520001000,78.75,78.75,78.75,78.75
1520260200,79.1,79.1,79.1,79.1
1520346600,80.8,80.8,80.8,80.8
1520433000,78.79,78.79,78.79,78.79
1520519400,78.97,78.97,78.97,78.97
1520605800,78.9,78.9,78.9,78.9
1520861400,79.67,79.67,79.67,79.67
1520947800,79.7,79.7,79.7,79.7
1521034200,79.79,79.79,79.79,79.79
1521120600,78.81,78.81,78.81,78.81
1521207000,78.7,78.7,78.7,78.7
1521466200,78.66,78.66,78.66,78.66
1521552600,78.13,78.13,78.13,78.13
1521639000,80.59,80.59,80.59,80.59
1521725400,79.39,79.39,79.39,79.39
1521811800,81.5,81.5,81.5,81.5
1522071000,82.5,82.5,82.5,82.5
1522157400,81.25,81.25,81.25,81.25
1522243800,79.64,79.64,79.64,79.64
1522330200,81.12,81.12,81.12,81.12
1522675800,82.01,82.01,82.01,82.01
1522762200,81.22,81.22,81.22,81.22
1522848600,80.84,80.84,80.84,80.84
1522935000,81.47,81.47,81.47,81.47
1523021400,81.54,81.54,81.54,81.54
1523280600,81.05,81.05,81.05,81.05
1523367000,81.94,81.94,81.94,81.94
1523453400,83.69,83.69,83.69,83.69
1523539800,82.76,82.76,82.76,82.76
1523626200,84.08,84.08,84.08,84.08
1523885400,83.98,83.98,83.98,83.98
1523971800,84.21,84.21,84.21,84.21
1524058200,85.21,85.21,85.21,85.21
1524144600,85.67,85.67,85.67,85.67
1524231000,85.12,85.12,85.12,85.12
1524490200,83.25,83.25,83.25,83.25
1524576600,83.28,83.28,83.28,83.28
1524663000,82.47,82.47,82.47,82.47
1524749400,82.52,82.52,82.52,82.52
1524835800,82.93,82.93,82.93,82.93
1525095000,81.15,81.15,81.15,81.15
1525181400,81.42,81.42,81.42,81.42
1525267800,81.92,81.92,81.92,81.92
1525354200,82.38,82.38,82.38,82.38
1525440600,82.4,82.4,82.4,82.4
1525699800,81.99,81.99,81.99,81.99
1525786200,82.67,82.67,82.67,82.67
1525872600,82.38,82.38,82.38,82.38
1525959000,83.81,83.81,83.81,83.81
1526045400,83.86,83.86,83.86,83.86
1526304600,83.47,83.47,83.47,83.47
1526391000,81.77,81.77,81.77,81.77
1526477400,81.93,81.93,81.93,81.93
1526563800,81.84,81.84,81.84,81.84
1526650200,82.06,82.06,82.06,82.06
1526909400,82.08,82.08,82.08,82.08
1526995800,82.16,82.16,82.16,82.16
1527082200,83.15,83.15,83.15,83.15
1527168600,84.38,84.38,84.38,84.38
1527255000,83.48,83.48,83.48,83.48
1527600600,83.05,83.05,83.05,83.05
1527687000,83.85,83.85,83.85,83.85
1527773400,83.32,83.32,83.32,83.32
1527859800,83.04,83.04,83.04,83.04
1528119000,82.18,82.18,82.18,82.18
1528205400,83.05,83.05,83.05,83.05
1528291800,83.38,83.38,83.38,83.38
1528378200,82.99,82.99,82.99,82.99
1528464600,82.93,82.93,82.93,82.93
1528723800,83.63,83.63,83.63,83.63
1528810200,83.82,83.82,83.82,83.82
1528896600,83.79,83.79,83.79,83.79
1528983000,84.67,84.67,84.67,84.67
1529069400,82.58,82.58,82.58,82.58
1529328600,82.38,82.38,82.38,82.38
1529415000,81.67,81.67,81.67,81.67
1529501400,81.25,81.25,81.25,81.25
1529587800,80.89,80.89,80.89,80.89
1529674200,82,82,82,82
1529933400,80.52,80.52,80.52,80.52
1530019800,80.48,80.48,80.48,80.48
1530106200,79.93,79.93,79.93,79.93
1530192600,79.83,79.83,79.83,79.83
1530279000,81.59,81.59,81.59,81.59
1530538200,81.11,81.11,81.11,81.11
1530624600,82.87,82.87,82.87,82.87
1530797400,83.71,83.71,83.71,83.71
1530883800,83.75,83.75,83.75,83.75
1531143000,83.28,83.28,83.28,83.28
1531229400,83.54,83.54,83.54,83.54
1531315800,80.98,80.98,80.98,80.98
1531402200,81.11,81.11,81.11,81.11
1531488600,80.43,80.43,80.43,80.43
1531747800,80.14,80.14,80.14,80.14
1531834200,80.03,80.03,80.03,80.03
1531920600,80.17,80.17,80.17,80.17
1532007000,79,79,79,79
1532093400,79.57,79.57,79.57,79.57
1532352600,78.11,78.11,78.11,78.11
1532439000,78.83,78.83,78.83,78.83
1532525400,79.29,79.29,79.29,79.29
1532611800,76.96,76.96,76.96,76.96
1532698200,76.79,76.79,76.79,76.79
1532957400,76.68,76.68,76.68,76.68
1533043800,77.3,77.3,77.3,77.3
1533130200,75.87,75.87,75.87,75.87
1533216600,75.39,75.39,75.39,75.39
1533303000,76.09,76.09,76.09,76.09
1533562200,75.2,75.2,75.2,75.2
1533648600,74.16,74.16,74.16,74.16
1533735000,74.39,74.39,74.39,74.39
1533821400,74.46,74.46,74.46,74.46
1533907800,73.87,73.87,73.87,73.87
1534167000,71.62,71.62,71.62,71.62
1534253400,70.69,70.69,70.69,70.69
1534339800,66.06,66.06,66.06,66.06
1534426200,64.27,64.27,64.27,64.27
1534512600,65.92,65.92,65.92,65.92
1534771800,66.11,66.11,66.11,66.11
1534858200,66.78,66.78,66.78,66.78
1534944600,67.42,67.42,67.42,67.42
1535031000,65.3,65.3,65.3,65.3
1535117400,67.68,67.68,67.68,67.68
1535376600,68.79,68.79,68.79,68.79
1535463000,67.45,67.45,67.45,67.45
1535549400,67.6,67.6,67.6,67.6
1535635800,66.4,66.4,66.4,66.4
1535722200,66.24,66.24,66.24,66.24
1536067800,63.43,63.43,63.43,63.43
1536154200,63.07,63.07,63.07,63.07
1536240600,62.91,62.91,62.91,62.91
1536327000,63.04,63.04,63.04,63.04
1536586200,61.92,61.92,61.92,61.92
1536672600,61.92,61.92,61.92,61.92
1536759000,64.06,64.06,64.06,64.06
1536845400,63.74,63.74,63.74,63.74
1536931800,63.36,63.36,63.36,63.36
1537191000,64.95,64.95,64.95,64.95
1537277400,65.4,65.4,65.4,65.4
1537363800,66.69,66.69,66.69,66.69
1537450200,66.79,66.79,66.79,66.79
1537536600,66.03,66.03,66.03,66.03
1537795800,66.29,66.29,66.29,66.29
1537882200,66.71,66.71,66.71,66.71
1537968600,65.02,65.02,65.02,65.02
1538055000,64.59,64.59,64.59,64.59
1538141400,65.18,65.18,65.18,65.18
1538400600,65.14,65.14,65.14,65.14
1538487000,66.98,66.98,66.98,66.98
1538573400,66.15,66.15,66.15,66.15
1538659800,65.93,65.93,65.93,65.93
1538746200,65.49,65.49,65.49,65.49
1539005400,65.93,65.93,65.93,65.93
1539091800,64.88,64.88,64.88,64.88
1539178200,65.51,65.51,65.51,65.51
1539264600,69.97,69.97,69.97,69.97
1539351000,69.28,69.28,69.28,69.28
1539610200,70.45,70.45,70.45,70.45
1539696600,70.1,70.1,70.1,70.1
1539783000,69.86,69.86,69.86,69.86
1539869400,70.05,70.05,70.05,70.05
1539955800,70.09,70.09,70.09,70.09
1540215000,69.04,69.04,69.04,69.04
1540301400,69.5,69.5,69.5,69.5
1540387800,68.04,68.04,68.04,68.04
1540474200,64.72,64.72,64.72,64.72
1540560600,65.17,65.17,65.17,65.17
1540819800,64.7,64.7,64.7,64.7
1540906200,65.44,65.44,65.44,65.44
1540992600,64.28,64.28,64.28,64.28
1541079000,67.19,67.19,67.19,67.19
1541165400,67.19,67.19,67.19,67.19
1541428200,67.14,67.14,67.14,67.14
1541514600,66.31,66.31,66.31,66.31
1541601000,65.59,65.59,65.59,65.59
1541687400,65.39,65.39,65.39,65.39
1541773800,64.16,64.16,64.16,64.16
1542033000,62.65,62.65,62.65,62.65
1542119400,61.84,61.84,61.84,61.84
1542205800,63.53,63.53,63.53,63.53
1542292200,64.99,64.99,64.99,64.99
1542378600,66.08,66.08,66.08,66.08
1542637800,65.7,65.7,65.7,65.7
1542724200,65.17,65.17,65.17,65.17
1542810600,67.2,67.2,67.2,67.2
1542983400,65.27,65.27,65.27,65.27
1543242600,64.73,64.73,64.73,64.73
1543329000,63.55,63.55,63.55,63.55
1543415400,65.53,65.53,65.53,65.53
1543501800,64.8,64.8,64.8,64.8
1543588200,64.46,64.46,64.46,64.46
1543847400,65.84,65.84,65.84,65.84
1543933800,66.16,66.16,66.16,66.16
1544106600,66.35,66.35,66.35,66.35
1544193000,67.94,67.94,67.94,67.94
1544452200,67.4,67.4,67.4,67.4
1544538600,67.09,67.09,67.09,67.09
1544625000,68.64,68.64,68.64,68.64
1544711400,68.75,68.75,68.75,68.75
1544797800,67.59,67.59,67.59,67.59
1545057000,69.19,69.19,69.19,69.19
1545143400,70.61,70.61,70.61,70.61
1545229800,66.61,66.61,66.61,66.61
1545316200,69.79,69.79,69.79,69.79
1545402600,68.67,68.67,68.67,68.67
1545661800,70.55,70.55,70.55,70.55
1545834600,69.98,69.98,69.98,69.98
1545921000,70.78,70.78,70.78,70.78
1546007400,69.68,69.68,69.68,69.68
1546266600,70.66,70.66,70.66,70.66
1546439400,70.94,70.94,70.94,70.94
1546525800,72.17,72.17,72.17,72.17
1546612200,71.87,71.87,71.87,71.87
1546871400,71.2,71.2,71.2,71.2
1546957800,71.47,71.47,71.47,71.47
1547044200,72.78,72.78,72.78,72.78
1547130600,71.57,71.57,71.57,71.57
1547217000,71.71,71.71,71.71,71.71
1547476200,71.15,71.15,71.15,71.15
1547562600,69.37,69.37,69.37,69.37
1547649000,69.54,69.54,69.54,69.54
1547735400,69.53,69.53,69.53,69.53
1547821800,68.38,68.38,68.38,68.38
1548167400,68.74,68.74,68.74,68.74
1548253800,68.86,68.86,68.86,68.86
1548340200,68.57,68.57,68.57,68.57
1548426600,71.17,71.17,71.17,71.17
1548685800,71.65,71.65,71.65,71.65
1548772200,73.52,73.52,73.52,73.52
1548858600,74.53,74.53,74.53,74.53
1548945000,76.3,76.3,76.3,76.3
1549031400,75.91,75.91,75.91,75.91
1549290600,75.82,75.82,75.82,75.82
1549377000,76.31,76.31,76.31,76.31
1549463400,75.36,75.36,75.36,75.36
1549549800,74.76,74.76,74.76,74.76
1549636200,75.75,75.75,75.75,75.75
1549895400,74.81,74.81,74.81,74.81
1549981800,74.28,74.28,74.28,74.28
1550068200,74.04,74.04,74.04,74.04
1550154600,74.5,74.5,74.5,74.5
1550241000,75.64,75.64,75.64,75.64
1550586600,78.82,78.82,78.82,78.82
1550673000,79.42,79.42,79.42,79.42
1550759400,78.3,78.3,78.3,78.3
1550845800,78.61,78.61,78.61,78.61
1551105000,77.87,77.87,77.87,77.87
1551191400,77.7,77.7,77.7,77.7
1551277800,76.26,76.26,76.26,76.26
1551364200,75.85,75.85,75.85,75.85
1551450600,74.04,74.04,74.04,74.04
1551709800,74.61,74.61,74.61,74.61
1551796200,74.91,74.91,74.91,74.91
1551882600,73.15,73.15,73.15,73.15
1551969000,73.63,73.63,73.63,73.63
1552055400,76.02,76.02,76.02,76.02
1552311000,75.53,75.53,75.53,75.53
1552397400,77.07,77.07,77.07,77.07
1552483800,77.42,77.42,77.42,77.42
1552570200,75.33,75.33,75.33,75.33
1552656600,76.05,76.05,76.05,76.05
1552915800,75.12,75.12,75.12,75.12
1553002200,75.4,75.4,75.4,75.4
1553088600,76.82,76.82,76.82,76.82
1553175000,77.29,77.29,77.29,77.29
1553261400,77.38,77.38,77.38,77.38
1553520600,79.27,79.27,79.27,79.27
1553607000,79.67,79.67,79.67,79.67
1553693400,78.51,78.51,78.51,78.51
1553779800,76.5,76.5,76.5,76.5
1553866200,76.36,76.36,76.36,76.36
1554125400,75.09,75.09,75.09,75.09
1554211800,75.28,75.28,75.28,75.28
1554298200,75.42,75.42,75.42,75.42
1554384600,77.09,77.09,77.09,77.09
1554471000,76.84,76.84,76.84,76.84
1554730200,77.81,77.81,77.81,77.81
1554816600,77.97,77.97,77.97,77.97
1554903000,76.97,76.97,76.97,76.97
1554989400,75.98,75.98,75.98,75.98
1555075800,75.78,75.78,75.78,75.78
1555335000,75.93,75.93,75.93,75.93
1555421400,74.55,74.55,74.55,74.55
1555507800,73.92,73.92,73.92,73.92
1555594200,72.89,72.89,72.89,72.89
1555939800,71.62,71.62,71.62,71.62
1556026200,71.08,71.08,71.08,71.08
1556112600,71.71,71.71,71.71,71.71
1556199000,70.63,70.63,70.63,70.63
1556285400,72.65,72.65,72.65,72.65
1556544600,70.9,70.9,70.9,70.9
1556631000,71.16,71.16,71.16,71.16
1556717400,69.59,69.59,69.59,69.59
1556803800,68.25,68.25,68.25,68.25
1556890200,68.79,68.79,68.79,68.79
1557149400,68.77,68.77,68.77,68.77
1557235800,69.69,69.69,69.69,69.69
1557322200,68.34,68.34,68.34,68.34
1557408600,67.99,67.99,67.99,67.99
1557495000,67.29,67.29,67.29,67.29
1557754200,68.81,68.81,68.81,68.81
1557840600,68.39,68.39,68.39,68.39
1557927000,68.3,68.3,68.3,68.3
1558013400,67.43,67.43,67.43,67.43
1558099800,67.49,67.49,67.49,67.49
1558359000,67.25,67.25,67.25,67.25
1558445400,67.42,67.42,67.42,67.42
1558531800,66.14,66.14,66.14,66.14
1558618200,66.21,66.21,66.21,66.21
1558704600,66.56,66.56,66.56,66.56
1559050200,66.24,66.24,66.24,66.24
1559136600,66.4,66.4,66.4,66.4
1559223000,67.45,67.45,67.45,67.45
1559309400,70.02,70.02,70.02,70.02
1559568600,73,73,73,73
1559655000,73.6,73.6,73.6,73.6
1559741400,73.7,73.7,73.7,73.7
1559827800,74.41,74.41,74.41,74.41
1559914200,74.33,74.33,74.33,74.33
1560173400,73.32,73.32,73.32,73.32
1560259800,73.9,73.9,73.9,73.9
1560346200,74.86,74.86,74.86,74.86
1560432600,75.99,75.99,75.99,75.99
1560519000,75.81,75.81,75.81,75.81
1560778200,76.59,76.59,76.59,76.59
1560864600,77.36,77.36,77.36,77.36
1560951000,78.27,78.27,78.27,78.27
1561037400,81.79,81.79,81.79,81.79
1561123800,82.14,82.14,82.14,82.14
1561383000,84.89,84.89,84.89,84.89
1561469400,83.77,83.77,83.77,83.77
1561555800,83.74,83.74,83.74,83.74
1561642200,83.41,83.41,83.41,83.41
1561728600,84.13,84.13,84.13,84.13
1561987800,81.22,81.22,81.22,81.22
1562074200,83.85,83.85,83.85,83.85
1562160600,84.05,84.05,84.05,84.05
1562333400,83.18,83.18,83.18,83.18
1562592600,83.15,83.15,83.15,83.15
1562679000,83.91,83.91,83.91,83.91
1562765400,85.86,85.86,85.86,85.86
1562851800,84.96,84.96,84.96,84.96
1562938200,85.8,85.8,85.8,85.8
1563197400,85.87,85.87,85.87,85.87
1563283800,85.99,85.99,85.99,85.99
1563370200,89.26,89.26,89.26,89.26
1563456600,92.3,92.3,92.3,92.3
1563543000,91.66,91.66,91.66,91.66
1563802200,91.95,91.95,91.95,91.95
1563888600,91.21,91.21,91.21,91.21
1563975000,92.93,92.93,92.93,92.93
1564061400,90.82,90.82,90.82,90.82
1564147800,90.65,90.65,90.65,90.65
1564407000,91.83,91.83,91.83,91.83
1564493400,92.24,92.24,92.24,92.24
1564579800,87.64,87.64,87.64,87.64
1564666200,91.82,91.82,91.82,91.82
1564752600,90.82,90.82,90.82,90.82
1565011800,94.08,94.08,94.08,94.08
1565098200,94.31,94.31,94.31,94.31
1565184600,96.05,96.05,96.05,96.05
1565271000,96.92,96.92,96.92,96.92
1565357400,95.78,95.78,95.78,95.78
1565616600,95.01,95.01,95.01,95.01
1565703000,93.27,93.27,93.27,93.27
1565789400,92.91,92.91,92.91,92.91
1565875800,93.82,93.82,93.82,93.82
1565962200,92.84,92.84,92.84,92.84
1566221400,92.04,92.04,92.04,92.04
1566307800,94.74,94.74,94.74,94.74
1566394200,94.53,94.53,94.53,94.53
1566480600,94,94,94,94
1566567000,97.78,97.78,97.78,97.78
1566826200,97.7,97.7,97.7,97.7
1566912600,101.04,101.04,101.04,101.04
1566999000,101.19,101.19,101.19,101.19
1567085400,98.47,98.47,98.47,98.47
1567171800,98.98,98.98,98.98,98.98
1567517400,100.21,100.21,100.21,100.21
1567603800,101.76,101.76,101.76,101.76
1567690200,97.27,97.27,97.27,97.27
1567776600,94.26,94.26,94.26,94.26
1568035800,92.09,92.09,92.09,92.09
1568122200,91.76,91.76,91.76,91.76
1568208600,92.35,92.35,92.35,92.35
1568295000,91.08,91.08,91.08,91.08
1568381400,89.49,89.49,89.49,89.49
1568640600,90.61,90.61,90.61,90.61
1568727000,93.02,93.02,93.02,93.02
1568813400,91.23,91.23,91.23,91.23
1568899800,92.99,92.99,92.99,92.99
1568986200,94.6,94.6,94.6,94.6
1569245400,96.68,96.68,96.68,96.68
1569331800,97.68,97.68,97.68,97.68
1569418200,94.54,94.54,94.54,94.54
1569504600,93.17,93.17,93.17,93.17
1569591000,91.07,91.07,91.07,91.07
1569850200,88.4,88.4,88.4,88.4
1569936600,88.54,88.54,88.54,88.54
1570023000,89.62,89.62,89.62,89.62
1570109400,89.32,89.32,89.32,89.32
1570195800,91.11,91.11,91.11,91.11
1570455000,90.29,90.29,90.29,90.29
1570541400,92.36,92.36,92.36,92.36
1570627800,91.46,91.46,91.46,91.46
1570714200,92.13,92.13,92.13,92.13
1570800600,88.92,88.92,88.92,88.92
1571059800,89.29,89.29,89.29,89.29
1571146200,86.87,86.87,86.87,86.87
1571232600,88.26,88.26,88.26,88.26
1571319000,90.02,90.02,90.02,90.02
1571405400,90.53,90.53,90.53,90.53
1571664600,88.81,88.81,88.81,88.81
1571751000,89,89,89,89
1571837400,90,90,90,90
1571923800,92,92,92,92
1572010200,93.54,93.54,93.54,93.54
1572269400,91.82,91.82,91.82,91.82
1572355800,92.46,92.46,92.46,92.46
1572442200,93.26,93.26,93.26,93.26
1572528600,95.62,95.62,95.62,95.62
1572615000,95.94,95.94,95.94,95.94
1572877800,94.65,94.65,94.65,94.65
1572964200,93.34,93.34,93.34,93.34
1573050600,94.09,94.09,94.09,94.09
1573137000,91.8,91.8,91.8,91.8
1573223400,91.69,91.69,91.69,91.69
1573482600,91.53,91.53,91.53,91.53
1573569000,92.6,92.6,92.6,92.6
1573655400,93.26,93.26,93.26,93.26
1573741800,93.94,93.94,93.94,93.94
1573828200,93.61,93.61,93.61,93.61
1574087400,94.92,94.92,94.92,94.92
1574173800,95.34,95.34,95.34,95.34
1574260200,95.67,95.67,95.67,95.67
1574346600,93.84,93.84,93.84,93.84
1574433000,93.66,93.66,93.66,93.66
1574692200,92.89,92.89,92.89,92.89
1574778600,94.74,94.74,94.74,94.74
1574865000,93.93,93.93,93.93,93.93
1575037800,95.52,95.52,95.52,95.52
1575297000,96.03,96.03,96.03,96.03
1575383400,97.97,97.97,97.97,97.97
1575469800,97.51,97.51,97.51,97.51
1575556200,98.38,98.38,98.38,98.38
1575642600,95.9,95.9,95.9,95.9
1575901800,95.85,95.85,95.85,95.85
1575988200,96.79,96.79,96.79,96.79
1576074600,99.56,99.56,99.56,99.56
1576161000,99.43,99.43,99.43,99.43
1576247400,100.28,100.28,100.28,100.28
1576506600,99.24,99.24,99.24,99.24
1576593000,98.54,98.54,98.54,98.54
1576679400,99.55,99.55,99.55,99.55
1576765800,99.4,99.4,99.4,99.4
1576852200,97.56,97.56,97.56,97.56
1577111400,101.29,101.29,101.29,101.29
1577197800,104.67,104.67,104.67,104.67
1577370600,106.09,106.09,106.09,106.09
1577457000,105.13,105.13,105.13,105.13
1577716200,107.17,107.17,107.17,107.17
1577802600,106.92,106.92,106.92,106.92
1577975400,106.51,106.51,106.51,106.51
1578061800,105.41,105.41,105.41,105.41
1578321000,105.07,105.07,105.07,105.07
1578407400,106.21,106.21,106.21,106.21
1578493800,101.87,101.87,101.87,101.87
1578580200,100.69,100.69,100.69,100.69
1578666600,102.25,102.25,102.25,102.25
1578925800,100.19,100.19,100.19,100.19
1579012200,101.36,101.36,101.36,101.36
1579098600,103.4,103.4,103.4,103.4
1579185000,102.82,102.82,102.82,102.82
1579271400,101.84,101.84,101.84,101.84
1579617000,103.29,103.29,103.29,103.29
1579703400,103.15,103.15,103.15,103.15
1579789800,102.93,102.93,102.93,102.93
1579876200,104.82,104.82,104.82,104.82
1580135400,103.17,103.17,103.17,103.17
1580221800,100.8,100.8,100.8,100.8
1580308200,103.11,103.11,103.11,103.11
1580394600,103.52,103.52,103.52,103.52
1580481000,103.94,103.94,103.94,103.94
1580740200,102.96,102.96,102.96,102.96
1580826600,101.71,101.71,101.71,101.71
1580913000,102.19,102.19,102.19,102.19
1580999400,103.42,103.42,103.42,103.42
1581085800,101.33,101.33,101.33,101.33
1581345000,102.85,102.85,102.85,102.85
1581431400,102.87,102.87,102.87,102.87
1581517800,102.12,102.12,102.12,102.12
1581604200,103.14,103.14,103.14,103.14
1581690600,102.01,102.01,102.01,102.01
1582036200,105.95,105.95,105.95,105.95
1582122600,107.74,107.74,107.74,107.74
1582209000,107.9,107.9,107.9,107.9
1582295400,111.06,111.06,111.06,111.06
1582554600,111.51,111.51,111.51,111.51
1582641000,107.48,107.48,107.48,107.48
1582727400,107.35,107.35,107.35,107.35
1582813800,99.83,99.83,99.83,99.83
1582900200,94.15,94.15,94.15,94.15
1583159400,97.87,97.87,97.87,97.87
1583245800,101.47,101.47,101.47,101.47
1583332200,102.67,102.67,102.67,102.67
1583418600,104.7,104.7,104.7,104.7
1583505000,103.01,103.01,103.01,103.01
1583760600,94.29,94.29,94.29,94.29
1583847000,95.49,95.49,95.49,95.49
1583933400,87.67,87.67,87.67,87.67
1584019800,77.78,77.78,77.78,77.78
1584106200,70.26,70.26,70.26,70.26
1584365400,75.18,75.18,75.18,75.18
1584451800,85,85,85,85
1584538200,73.45,73.45,73.45,73.45
1584624600,74.82,74.82,74.82,74.82
1584711000,70.12,70.12,70.12,70.12
1584970200,74.66,74.66,74.66,74.66
1585056600,86.27,86.27,86.27,86.27
1585143000,88.83,88.83,88.83,88.83
1585229400,88.15,88.15,88.15,88.15
1585315800,81.81,81.81,81.81,81.81
1585575000,80.39,80.39,80.39,80.39
1585661400,78.95,78.95,78.95,78.95
1585747800,80.94,80.94,80.94,80.94
1585834200,84.5,84.5,84.5,84.5
1585920600,84.36,84.36,84.36,84.36
1586179800,89.32,89.32,89.32,89.32
1586266200,88.96,88.96,88.96,88.96
1586352600,89.7,89.7,89.7,89.7
1586439000,98.22,98.22,98.22,98.22
1586784600,105.17,105.17,105.17,105.17
1586871000,106.22,106.22,106.22,106.22
1586957400,104.29,104.29,104.29,104.29
1587043800,106.13,106.13,106.13,106.13
1587130200,104.28,104.28,104.28,104.28
1587389400,106.39,106.39,106.39,106.39
1587475800,105.29,105.29,105.29,105.29
1587562200,112.06,112.06,112.06,112.06
1587648600,115.25,115.25,115.25,115.25
1587735000,117.55,117.55,117.55,117.55
1587994200,117.69,117.69,117.69,117.69
1588080600,117.58,117.58,117.58,117.58
1588167000,119.47,119.47,119.47,119.47
1588253400,113.68,113.68,113.68,113.68
1588339800,117.36,117.36,117.36,117.36
1588599000,119.62,119.62,119.62,119.62
1588685400,121.37,121.37,121.37,121.37
1588771800,117.89,117.89,117.89,117.89
1588858200,122.3,122.3,122.3,122.3
1588944600,122.09,122.09,122.09,122.09
1589203800,118.09,118.09,118.09,118.09
1589290200,117.74,117.74,117.74,117.74
1589376600,117.98,117.98,117.98,117.98
1589463000,121.25,121.25,121.25,121.25
1589549400,126.61,126.61,126.61,126.61
1589808600,124.73,124.73,124.73,124.73
1589895000,129.26,129.26,129.26,129.26
1589981400,128.07,128.07,128.07,128.07
1590067800,124.55,124.55,124.55,124.55
1590154200,124.24,124.24,124.24,124.24
1590499800,118.88,118.88,118.88,118.88
1590586200,118.63,118.63,118.63,118.63
1590672600,118.44,118.44,118.44,118.44
1590759000,120.1,120.1,120.1,120.1
1591018200,123.09,123.09,123.09,123.09
1591104600,118.8,118.8,118.8,118.8
1591191000,115.32,115.32,115.32,115.32
1591277400,116.45,116.45,116.45,116.45
1591363800,114.87,114.87,114.87,114.87
1591623000,115.71,115.71,115.71,115.71
1591709400,117.04,117.04,117.04,117.04
1591795800,122.42,122.42,122.42,122.42
1591882200,114.84,114.84,114.84,114.84
1591968600,114.48,114.48,114.48,114.48
1592227800,117.24,117.24,117.24,117.24
1592314200,114.11,114.11,114.11,114.11
1592400600,114.41,114.41,114.41,114.41
1592487000,112.57,112.57,112.57,112.57
1592573400,116.75,116.75,116.75,116.75
1592832600,121.7,121.7,121.7,121.7
1592919000,123.72,123.72,123.72,123.72
1593005400,121.06,121.06,121.06,121.06
1593091800,122.27,122.27,122.27,122.27
1593178200,122.91,122.91,122.91,122.91
1593437400,124.73,124.73,124.73,124.73
1593523800,129.16,129.16,129.16,129.16
1593610200,128.68,128.68,128.68,128.68
1593696600,127.06,127.06,127.06,127.06
1594042200,129.65,129.65,129.65,129.65
1594128600,132.95,132.95,132.95,132.95
1594215000,136.58,136.58,136.58,136.58
1594301400,136.55,136.55,136.55,136.55
1594387800,135.9,135.9,135.9,135.9
1594647000,131.24,131.24,131.24,131.24
1594733400,137.07,137.07,137.07,137.07
1594819800,137.93,137.93,137.93,137.93
1594906200,135.92,135.92,135.92,135.92
1594992600,140.16,140.16,140.16,140.16
1595251800,144.34,144.34,144.34,144.34
1595338200,146.59,146.59,146.59,146.59
1595424600,149.99,149.99,149.99,149.99
1595511000,146.48,146.48,146.48,146.48
1595597400,150.69,150.69,150.69,150.69
1595856600,158.21,158.21,158.21,158.21
1595943000,157.28,157.28,157.28,157.28
1596029400,155.7,155.7,155.7,155.7
1596115800,150.26,150.26,150.26,150.26
1596202200,154.53,154.53,154.53,154.53
1596461400,152.79,152.79,152.79,152.79
1596547800,159.35,159.35,159.35,159.35
1596634200,161.14,161.14,161.14,161.14
1596720600,159.6,159.6,159.6,159.6
1596807000,154.14,154.14,154.14,154.14
1597066200,153.03,153.03,153.03,153.03
1597152600,141.47,141.47,141.47,141.47
1597239000,141.68,141.68,141.68,141.68
1597325400,146.56,146.56,146.56,146.56
1597411800,145.96,145.96,145.96,145.96
1597671000,154.47,154.47,154.47,154.47
1597757400,153.28,153.28,153.28,153.28
1597843800,148.49,148.49,148.49,148.49
1597930200,150.88,150.88,150.88,150.88
1598016600,147.51,147.51,147.51,147.51
1598275800,146.38,146.38,146.38,146.38
1598362200,145.96,145.96,145.96,145.96
1598448600,150.5,150.5,150.5,150.5
1598535000,147.49,147.49,147.49,147.49
1598621400,152.85,152.85,152.85,152.85
1598880600,154.21,154.21,154.21,154.21
1598967000,152.3954,152.3954,152.3954,152.3954
1599053400,152.3941,152.3941,152.3941,152.3941
1599139800,150.9277,150.9277,150.9277,150.9277
1599226200,149.5784,149.5784,149.5784,149.5784
1599571800,147.9829,147.9829,147.9829,147.9829
1599658200,154.7971,154.7971,154.7971,154.7971
1599744600,152.3423,152.3423,152.3423,152.3423
1599831000,150.34,150.34,150.34,150.34
1600090200,156.3961,156.3961,156.3961,156.3961
1600176600,156.1823,156.1823,156.1823,156.1823
1600263000,156.0624,156.0624,156.0624,156.0624
1600349400,154.0606,154.0606,154.0606,154.0606
1600435800,151.5123,151.5123,151.5123,151.5123
1600695000,144.7754,144.7754,144.7754,144.7754
1600781400,145.5413,145.5413,145.5413,145.5413
1600867800,135.7458,135.7458,135.7458,135.7458
1600954200,140.8774,140.8774,140.8774,140.8774
1601040600,139.9622,139.9622,139.9622,139.9622
1601299800,141.5608,141.5608,141.5608,141.5608
1601386200,143.2263,143.2263,143.2263,143.2263
1601472600,143.082,143.082,143.082,143.082
1601559000,144.5461,144.5461,144.5461,144.5461
1601645400,142.8419,142.8419,142.8419,142.8419
1601904600,145.5845,145.5845,145.5845,145.5845
1601991000,139.8117,139.8117,139.8117,139.8117
1602077400,140.8486,140.8486,140.8486,140.8486
1602163800,143.335,143.335,143.335,143.335
1602250200,150.0179,150.0179,150.0179,150.0179
1602509400,149.8597,149.8597,149.8597,149.8597
1602595800,148.7078,148.7078,148.7078,148.7078
1602682200,150.6805,150.6805,150.6805,150.6805
1602768600,149.0673,149.0673,149.0673,149.0673
1602855000,147.0914,147.0914,147.0914,147.0914
1603114200,144.3638,144.3638,144.3638,144.3638
1603200600,145.9916,145.9916,145.9916,145.9916
1603287000,148.0806,148.0806,148.0806,148.0806
1603373400,146.4089,146.4089,146.4089,146.4089
1603459800,145.4557,145.4557,145.4557,145.4557
1603719000,142.9099,142.9099,142.9099,142.9099
1603805400,145.5602,145.5602,145.5602,145.5602
1603891800,135.6394,135.6394,135.6394,135.6394
1603978200,137.903,137.903,137.903,137.903
1604064600,140.3201,140.3201,140.3201,140.3201
1604327400,144.6861,144.6861,144.6861,144.6861
1604413800,147.4091,147.4091,147.4091,147.4091
1604500200,143.4013,143.4013,143.4013,143.4013
1604586600,154.1562,154.1562,154.1562,154.1562
1604673000,155.3834,155.3834,155.3834,155.3834
1604932200,146.6328,146.6328,146.6328,146.6328
1605018600,142.0528,142.0528,142.0528,142.0528
1605105000,140.6045,140.6045,140.6045,140.6045
1605191400,142.0365,142.0365,142.0365,142.0365
1605277800,143.3848,143.3848,143.3848,143.3848
1605537000,143.4039,143.4039,143.4039,143.4039
1605623400,141.2424,141.2424,141.2424,141.2424
1605709800,136.7101,136.7101,136.7101,136.7101
1605796200,135.8866,135.8866,135.8866,135.8866
1605882600,137.2039,137.2039,137.2039,137.2039
1606141800,132.5378,132.5378,132.5378,132.5378
1606228200,130.8189,130.8189,130.8189,130.8189
1606314600,133.0015,133.0015,133.0015,133.0015
1606487400,133.7592,133.7592,133.7592,133.7592
1606746600,134.7245,134.7245,134.7245,134.7245
1606833000,139.9139,139.9139,139.9139,139.9139
1606919400,140.6443,140.6443,140.6443,140.6443
1607005800,139.6015,139.6015,139.6015,139.6015
1607092200,139.337,139.337,139.337,139.337
1607351400,143.589,143.589,143.589,143.589
1607437800,143.2978,143.2978,143.2978,143.2978
1607524200,139.6125,139.6125,139.6125,139.6125
1607610600,140.1026,140.1026,140.1026,140.1026
1607697000,138.6079,138.6079,138.6079,138.6079
1607956200,135.35,135.35,135.35,135.35
1608042600,140.1981,140.1981,140.1981,140.1981
1608129000,142.9412,142.9412,142.9412,142.9412
1608215400,148.2484,148.2484,148.2484,148.2484
1608301800,144.9043,144.9043,144.9043,144.9043
1608561000,145.3418,145.3418,145.3418,145.3418
1608647400,140.5301,140.5301,140.5301,140.5301
1608733800,143.008,143.008,143.008,143.008
1608820200,143.7266,143.7266,143.7266,143.7266
1609165800,142.335,142.335,142.335,142.335
1609252200,142.4588,142.4588,142.4588,142.4588
1609338600,147.1415,147.1415,147.1415,147.1415
1609425000,144.1923,144.1923,144.1923,144.1923
1609770600,154.0715,154.0715,154.0715,154.0715
1609857000,154.0798,154.0798,154.0798,154.0798
1609943400,155.1262,155.1262,155.1262,155.1262
1610029800,154.5193,154.5193,154.5193,154.5193
1610116200,147.2386,147.2386,147.2386,147.2386
1610375400,143.9535,143.9535,143.9535,143.9535
1610461800,144.7393,144.7393,144.7393,144.7393
1610548200,142.3291,142.3291,142.3291,142.3291
1610634600,143.0683,143.0683,143.0683,143.0683
1610721000,137.5131,137.5131,137.5131,137.5131
1611066600,139.0001,139.0001,139.0001,139.0001
1611153000,143.244,143.244,143.244,143.244
1611239400,141.2396,141.2396,141.2396,141.2396
1611325800,140.1493,140.1493,140.1493,140.1493
1611585000,138.5731,138.5731,138.5731,138.5731
1611671400,137.4656,137.4656,137.4656,137.4656
1611757800,131.5703,131.5703,131.5703,131.5703
1611844200,138.6796,138.6796,138.6796,138.6796
1611930600,138.5889,138.5889,138.5889,138.5889
1612189800,146.3172,146.3172,146.3172,146.3172
1612276200,139.0538,139.0538,139.0538,139.0538
1612362600,139.6336,139.6336,139.6336,139.6336
1612449000,137.508,137.508,137.508,137.508
1612535400,141.5205,141.5205,141.5205,141.5205
1612794600,144.5679,144.5679,144.5679,144.5679
1612881000,143.9214,143.9214,143.9214,143.9214
1612967400,143.651,143.651,143.651,143.651
1613053800,141.2893,141.2893,141.2893,141.2893
1613140200,141.7242,141.7242,141.7242,141.7242
1613485800,140.0021,140.0021,140.0021,140.0021
1613572200,137.4314,137.4314,137.4314,137.4314
1613658600,135.7169,135.7169,135.7169,135.7169
1613745000,136.7814,136.7814,136.7814,136.7814
1614004200,143.6846,143.6846,143.6846,143.6846
1614090600,140.9007,140.9007,140.9007,140.9007
1614177000,143.3547,143.3547,143.3547,143.3547
1614263400,137.3639,137.3639,137.3639,137.3639
1614349800,130.7857,130.7857,130.7857,130.7857
1614609000,130.3307,130.3307,130.3307,130.3307
1614695400,134.843,134.843,134.843,134.843
1614781800,131.7959,131.7959,131.7959,131.7959
1614868200,130.6778,130.6778,130.6778,130.6778
1614954600,133.5832,133.5832,133.5832,133.5832
1615213800,131.7058,131.7058,131.7058,131.7058
1615300200,134.7504,134.7504,134.7504,134.7504
1615386600,135.6462,135.6462,135.6462,135.6462
1615473000,139.1429,139.1429,139.1429,139.1429
1615559400,139.7329,139.7329,139.7329,139.7329
1615815000,142.1201,142.1201,142.1201,142.1201
1615901400,140.4169,140.4169,140.4169,140.4169
1615987800,144.2008,144.2008,144.2008,144.2008
1616074200,141.2689,141.2689,141.2689,141.2689
1616160600,141.5706,141.5706,141.5706,141.5706
1616419800,140.1479,140.1479,140.1479,140.1479
1616506200,135.283,135.283,135.283,135.283
1616592600,133.696,133.696,133.696,133.696
1616679000,132.8373,132.8373,132.8373,132.8373
1616765400,135.8709,135.8709,135.8709,135.8709
1617024600,135.8801,135.8801,135.8801,135.8801
1617111000,131.7279,131.7279,131.7279,131.7279
1617197400,134.3921,134.3921,134.3921,134.3921
1617283800,139.9288,139.9288,139.9288,139.9288
1617629400,140.6323,140.6323,140.6323,140.6323
1617715800,143.0331,143.0331,143.0331,143.0331
1617802200,140.6657,140.6657,140.6657,140.6657
1617888600,144.2571,144.2571,144.2571,144.2571
1617975000,143.7612,143.7612,143.7612,143.7612
1618234200,140.814,140.814,140.814,140.814
1618320600,143.014,143.014,143.014,143.014
1618407000,142.1291,142.1291,142.1291,142.1291
1618493400,148.1539,148.1539,148.1539,148.1539
1618579800,149.1587,149.1587,149.1587,149.1587
1618839000,147.5738,147.5738,147.5738,147.5738
1618925400,148.4062,148.4062,148.4062,148.4062
1619011800,151.7641,151.7641,151.7641,151.7641
1619098200,148.5536,148.5536,148.5536,148.5536
1619184600,148.5325,148.5325,148.5325,148.5325
1619443800,148.9292,148.9292,148.9292,148.9292
1619530200,146.0423,146.0423,146.0423,146.0423
1619616600,147.6136,147.6136,147.6136,147.6136
1619703000,144.2986,144.2986,144.2986,144.2986
1619789400,142.1302,142.1302,142.1302,142.1302
1620048600,148.7181,148.7181,148.7181,148.7181
1620135000,146.5827,146.5827,146.5827,146.5827
1620221400,148.0911,148.0911,148.0911,148.0911
1620307800,153.8115,153.8115,153.8115,153.8115
1620394200,156.276,156.276,156.276,156.276
1620653400,154.7186,154.7186,154.7186,154.7186
1620739800,157.1376,157.1376,157.1376,157.1376
1620826200,153.6571,153.6571,153.6571,153.6571
1620912600,152.944,152.944,152.944,152.944
1620999000,157.3586,157.3586,157.3586,157.3586
1621258200,166.0094,166.0094,166.0094,166.0094
1621344600,165.332,165.332,165.332,165.332
1621431000,162.003,162.003,162.003,162.003
1621517400,164.0544,164.0544,164.0544,164.0544
1621603800,163.0609,163.0609,163.0609,163.0609
1621863000,163.9924,163.9924,163.9924,163.9924
1621949400,163.3706,163.3706,163.3706,163.3706
1622035800,163.2878,163.2878,163.2878,163.2878
1622122200,163.1378,163.1378,163.1378,163.1378
1622208600,163.9562,163.9562,163.9562,163.9562
1622554200,165.6429,165.6429,165.6429,165.6429
1622640600,165.6964,165.6964,165.6964,165.6964
1622727000,159.958,159.958,159.958,159.958
1622813400,162.0619,162.0619,162.0619,162.0619
1623072600,161.2814,161.2814,161.2814,161.2814
1623159000,159.0846,159.0846,159.0846,159.0846
1623245400,158.8329,158.8329,158.8329,158.8329
1623331800,162.7768,162.7768,162.7768,162.7768
1623418200,160.0913,160.0913,160.0913,160.0913
1623677400,158.9991,158.9991,158.9991,158.9991
1623763800,156.6258,156.6258,156.6258,156.6258
1623850200,154.1555,154.1555,154.1555,154.1555
1623936600,145.2311,145.2311,145.2311,145.2311
1624023000,141.8165,141.8165,141.8165,141.8165
1624282200,144.1317,144.1317,144.1317,144.1317
1624368600,143.6815,143.6815,143.6815,143.6815
1624455000,142.9249,142.9249,142.9249,142.9249
1624541400,143.2305,143.2305,143.2305,143.2305
1624627800,143.2305,143.2305,141.9852,141.9852
1624887000,143.2305,143.2305,140.4305,140.4305
1624973400,143.2305,143.2305,139.6978,139.6978
1625059800,143.2305,143.2305,141.1674,141.1674
1625146200,143.2305,143.2305,140.8713,140.8713
1625232600,143.2305,143.2305,142.9571,142.9571
1625578200,143.2305,143.2305,142.5325,142.5325
1625664600,143.2305,143.2305,142.5946,142.5946
1625751000,143.2305,143.2305,137.9797,137.9797
1625837400,143.2305,143.2305,141.3666,141.3666
1626096600,143.2305,143.2305,139.3373,139.3373
1626183000,143.2305,143.2305,140.6175,140.6175
1626269400,143.2305,143.2305,141.432,141.432
1626355800,143.2305,143.2305,142.4966,142.4966
1626442200,143.2305,143.2305,137.5622,137.5622
1626701400,143.2305,143.2305,134.315,134.315
1626787800,143.2305,143.2305,135.1341,135.1341
1626874200,143.2305,143.2305,137.7589,137.7589
1626960600,143.2305,143.2305,136.5876,136.5876
1627047000,143.2305,143.2305,135.6362,135.6362
1627306200,143.2305,143.2305,138.1238,138.1238
1627392600,143.2305,143.2305,138.0905,138.0905
1627479000,143.2305,143.2305,140.47,140.47
1627565400,143.2305,144.3257,143.2305,144.3257
1627651800,143.2305,143.7696,143.2305,143.7696
1627911000,143.2305,143.2305,142.1324,142.1324
1627997400,143.2305,143.4675,143.2305,143.4675
1628083800,143.2305,143.2305,141.8636,141.8636
1628170200,143.2305,143.2305,139.8017,139.8017
1628256600,143.2305,143.2305,136.7611,136.7611
1628515800,143.2305,143.2305,133.0054,133.0054
1628602200,143.2305,143.2305,132.0977,132.0977
1628688600,143.2305,143.2305,135.3489,135.3489
1628775000,143.2305,143.2305,133.0387,133.0387
1628861400,143.2305,143.2305,135.2741,135.2741
1629120600,143.2305,143.2305,134.0505,134.0505
1629207000,143.2305,143.2305,132.0664,132.0664
1629293400,143.2305,143.2305,128.4939,128.4939
1629379800,143.2305,143.2305,125.7768,125.7768
1629466200,143.2305,143.2305,125.887,125.887
1629725400,143.2305,143.2305,131.4614,131.4614
1629811800,143.2305,143.2305,132.0264,132.0264
1629898200,143.2305,143.2305,129.9092,129.9092
1629984600,143.2305,143.2305,129.1082,129.1082
1630071000,143.2305,143.2305,134.4645,134.4645
1630330200,143.2305,143.2305,132.2022,132.2022
1630416600,143.2305,143.2305,134.063,134.063
1630503000,143.2305,143.2305,132.66,132.66
1630589400,143.2305,143.2305,132.8015,132.8015
1630675800,143.2305,143.2305,136.0392,136.0392
1631021400,143.2305,143.2305,132.3022,132.3022
1631107800,143.2305,143.2305,131.4265,131.4265
1631194200,143.2305,143.2305,130.131,130.131
1631280600,143.2305,143.2305,128.4156,128.4156
1631539800,143.2305,143.2305,130.1166,130.1166
1631626200,143.2305,143.2305,130.5332,130.5332
1631712600,143.2305,143.2305,131.2325,131.2325
1631799000,143.2305,143.2305,124.9425,124.9425
1631885400,143.2305,143.2305,123.704,123.704
1632144600,143.2305,143.2305,122.5365,122.5365
1632231000,143.2305,143.2305,122.5184,122.5184
1632317400,143.2305,143.2305,122.7034,122.7034
1632403800,143.2305,143.2305,120.4864,120.4864
1632490200,143.2305,143.2305,119.7752,119.7752
1632749400,143.2305,143.2305,120.1411,120.1411
1632835800,143.2305,143.2305,119.9944,119.9944
1632922200,143.2305,143.2305,117.0647,117.0647
1633008600,143.2305,143.2305,118.9605,118.9605
1633095000,143.2305,143.2305,118.4398,118.4398
1633354200,143.2305,143.2305,119.6434,119.6434
1633440600,143.2305,143.2305,119.199,119.199
1633527000,143.2305,143.2305,121.2895,121.2895
1633613400,143.2305,143.2305,122.96,122.96
1633699800,143.2305,143.2305,123.754,123.754
1633959000,143.2305,143.2305,123.3116,123.3116
1634045400,143.2305,143.2305,125.1981,125.1981
1634131800,143.2305,143.2305,129.7807,129.7807
1634218200,143.2305,143.2305,132.8517,132.8517
1634304600,143.2305,143.2305,132.0603,132.0603
1634563800,143.2305,143.2305,130.5348,130.5348
1634650200,143.2305,143.2305,132.2654,132.2654
1634736600,143.2305,143.2305,133.778,133.778
1634823000,143.2305,143.2305,133.5065,133.5065
1634909400,143.2305,143.2305,134.3423,134.3423
1635168600,143.2305,143.2305,136.7021,136.7021
1635255000,143.2305,143.2305,136.1203,136.1203
1635341400,143.2305,143.2305,135.1279,135.1279
1635427800,143.2305,143.2305,133.4997,133.4997
1635514200,143.2305,143.2305,129.6116,129.6116
1635773400,143.2305,143.2305,130.7217,130.7217
1635859800,143.2305,143.2305,130.07,130.07
1635946200,143.2305,143.2305,131.5536,131.5536
1636032600,143.2305,143.2305,130.4837,130.4837
1636119000,143.2305,143.2305,134.094,134.094
1636381800,143.2305,143.2305,135.1988,135.1988
1636468200,143.2305,143.2305,136.6118,136.6118
1636554600,143.2305,143.2305,138.533,138.533
1636641000,143.2305,143.2305,142.9438,142.9438
1636727400,143.2305,143.5931,143.2305,143.5931
1636986600,143.2305,143.7449,143.2305,143.7449
1637073000,143.2305,143.2305,141.4815,141.4815
1637159400,143.2305,143.2305,142.3004,142.3004
1637245800,143.2305,143.2305,140.3106,140.3106
1637332200,143.2305,143.2305,137.7807,137.7807
1637591400,143.2305,143.2305,135.2846,135.2846
1637677800,143.2305,143.2305,133.4613,133.4613
1637764200,143.2305,143.2305,133.3271,133.3271
1637937000,143.2305,143.2305,131.057,131.057
1638196200,143.2305,143.2305,131.3531,131.3531
1638282600,143.2305,143.2305,130.2202,130.2202
1638369000,143.2305,143.2305,125.9635,125.9635
1638455400,143.2305,143.2305,125.1992,125.1992
1638541800,143.2305,143.2305,125.5222,125.5222
1638801000,143.2305,143.2305,127.2316,127.2316
1638887400,143.2305,143.2305,128.5983,128.5983
1638973800,143.2305,143.2305,128.8882,128.8882
1639060200,143.2305,143.2305,125.1981,125.1981
1639146600,143.2305,143.2305,124.0495,124.0495
1639405800,143.2305,143.2305,124.1545,124.1545
1639492200,143.2305,143.2305,122.2812,122.2812
1639578600,143.2305,143.2305,120.4256,120.4256
1639665000,143.2305,143.2305,126.5696,126.5696
1639751400,143.2305,143.2305,126.5878,126.5878
1640010600,143.2305,143.2305,126.3842,126.3842
1640097000,143.2305,143.2305,127.9845,127.9845
1640183400,143.2305,143.2305,129.6071,129.6071
1640269800,143.2305,143.2305,130.6124,130.6124
1640615400,143.2305,143.2305,130.7715,130.7715
1640701800,143.2305,143.2305,130.2468,130.2468
1640788200,143.2305,143.2305,129.6611,129.6611
1640874600,143.2305,143.2305,131.6777,131.6777
1640961000,143.2305,143.2305,132.4543,132.4543
1641220200,143.2305,143.2305,129.7064,129.7064
1641306600,143.2305,143.2305,130.1628,130.1628
1641393000,143.2305,143.2305,127.6641,127.6641
1641479400,143.2305,143.2305,123.3809,123.3809
1641565800,143.2305,143.2305,124.436,124.436
1641825000,143.2305,143.2305,126.4867,126.4867
1641911400,143.2305,143.2305,129.2732,129.2732
1641997800,143.2305,143.2305,131.8876,131.8876
1642084200,143.2305,143.2305,130.0015,130.0015
1642170600,143.2305,143.2305,128.5357,128.5357
1642516200,143.2305,143.2305,127.096,127.096
1642602600,143.2305,143.2305,136.4777,136.4777
1642689000,143.2305,143.2305,133.902,133.902
1642775400,143.2305,143.2305,129.9938,129.9938
1643034600,143.2305,143.2305,128.4003,128.4003
1643121000,143.2305,143.2305,129.8637,129.8637
1643207400,143.2305,143.2305,125.8055,125.8055
1643293800,143.2305,143.2305,122.1428,122.1428
1643380200,143.2305,143.2305,121.0913,121.0913
1643639400,143.2305,143.2305,125.0125,125.0125
1643725800,143.2305,143.2305,126.4582,126.4582
1643812200,143.2305,143.2305,126.2431,126.2431
1643898600,143.2305,143.2305,124.1313,124.1313
1643985000,143.2305,143.2305,124.5764,124.5764
1644244200,143.2305,143.2305,128.871,128.871
1644330600,143.2305,143.2305,131.3912,131.3912
1644417000,143.2305,143.2305,131.5963,131.5963
1644503400,143.2305,143.2305,128.2372,128.2372
1644589800,143.2305,143.2305,134.9285,134.9285
1644849000,143.2305,143.2305,137.1641,137.1641
1644935400,143.2305,143.2305,135.7273,135.7273
1645021800,143.2305,143.2305,139.5015,139.5015
1645108200,143.2305,143.5044,143.2305,143.5044
1645194600,143.2305,143.2305,142.0829,142.0829
1645540200,143.2305,143.2305,140.0125,140.0125
1645626600,143.2305,143.2598,143.2305,143.2598
1645713000,143.2305,143.2305,140.4549,140.4549
1645799400,143.2305,143.2305,142.9392,142.9392
1646058600,143.2305,143.2305,142.8142,142.8142
1646145000,143.2305,149.3638,143.2305,149.3638
1646231400,143.2305,148.9116,143.2305,148.9116
1646317800,143.2305,150.1841,143.2305,150.1841
1646404200,155.0497,155.0497,155.0497,155.0497
1646663400,157.652,157.652,157.652,157.652
1646749800,159.0849,159.0849,159.0849,159.0849
1646836200,157.5399,157.5399,157.5399,157.5399
1646922600,160.6295,160.6295,160.6295,160.6295
1647009000,158.725,158.725,158.725,158.725
1647264600,151.7849,151.7849,151.7849,151.7849
1647351000,153.1237,153.1237,153.1237,153.1237
1647437400,153.0761,153.0761,153.0761,153.0761
1647523800,156.9471,156.9471,156.9471,156.9471
1647610200,155.8041,155.8041,155.8041,155.8041
1647869400,159.1496,159.1496,159.1496,159.1496
1647955800,157.4417,157.4417,157.4417,157.4417
1648042200,160.5455,160.5455,160.5455,160.5455
1648128600,160.5969,160.5969,160.5969,160.5969
1648215000,160.7893,160.7893,160.7893,160.7893
1648474200,156.1592,156.1592,156.1592,156.1592
1648560600,157.4829,157.4829,157.4829,157.4829
1648647000,159.7089,159.7089,159.7089,159.7089
1648733400,158.423,158.423,158.423,158.423
1648819800,163.1953,163.1953,163.1953,163.1953
1649079000,162.2516,162.2516,162.2516,162.2516
1649165400,158.0859,158.0859,158.0859,158.0859
1649251800,157.9933,157.9933,157.9933,157.9933
1649338200,159.9164,159.9164,159.9164,159.9164
1649424600,163.6745,163.6745,163.6745,163.6745
1649683800,162.7691,162.7691,162.7691,162.7691
1649770200,163.9634,163.9634,163.9634,163.9634
1649856600,167.6171,167.6171,167.6171,167.6171
1649943000,167.7552,167.7552,167.7552,167.7552
1650288600,167.7631,167.7631,167.7631,167.7631
1650375000,163.5471,163.5471,163.5471,163.5471
1650461400,165.2184,165.2184,165.2184,165.2184
1650547800,156.4776,156.4776,156.4776,156.4776
1650634200,151.1392,151.1392,151.1392,151.1392
1650893400,145.7985,145.7985,145.7985,145.7985
1650979800,141.9196,141.9196,141.9196,141.9196
1651066200,141.2065,141.2065,141.2065,141.2065
1651152600,144.0817,144.0817,144.0817,144.0817
1651239000,142.6141,142.6141,142.6141,142.6141
1651498200,140.5137,140.5137,140.5137,140.5137
1651584600,143.0832,143.0832,143.0832,143.0832
1651671000,145.9891,145.9891,145.9891,145.9891
1651757400,140.4812,140.4812,140.4812,140.4812
1651843800,138.5108,138.5108,138.5108,138.5108
1652103000,129.9558,129.9558,129.9558,129.9558
1652189400,128.3773,128.3773,128.3773,128.3773
1652275800,128.0056,128.0056,128.0056,128.0056
1652362200,122.1882,122.1882,122.1882,122.1882
1652448600,124.8699,124.8699,124.8699,124.8699
1652707800,125.807,125.807,125.807,125.807
1652794200,127.3207,127.3207,127.3207,127.3207
1652880600,123.4601,123.4601,123.4601,123.4601
1652967000,130.0431,130.0431,130.0431,130.0431
1653053400,129.5181,129.5181,129.5181,129.5181
1653312600,130.4307,130.4307,130.4307,130.4307
1653399000,132.4706,132.4706,132.4706,132.4706
1653485400,131.6301,131.6301,131.6301,131.6301
1653571800,131.2799,131.2799,131.2799,131.2799
1653658200,132.0894,132.0894,132.0894,132.0894
1654003800,128.7648,128.7648,128.7648,128.7648
1654090200,129.793,129.793,129.793,129.793
1654176600,136.779,136.779,136.779,136.779
1654263000,133.5852,133.5852,133.5852,133.5852
1654522200,132.2598,132.2598,132.2598,132.2598
1654608600,132.9894,132.9894,132.9894,132.9894
1654695000,132.0553,132.0553,132.0553,132.0553
1654781400,127.1515,127.1515,127.1515,127.1515
1654867800,132.9215,132.9215,132.9215,132.9215
1655127000,123.7432,123.7432,123.7432,123.7432
1655213400,120.6074,120.6074,120.6074,120.6074
1655299800,121.8962,121.8962,121.8962,121.8962
1655386200,123.3185,123.3185,123.3185,123.3185
1655472600,121.42,121.42,121.42,121.42
1655818200,122.8579,122.8579,122.8579,122.8579
1655904600,120.2811,120.2811,120.2811,120.2811
1655991000,115.8041,115.8041,115.8041,115.8041
1656077400,119.3368,119.3368,119.3368,119.3368
1656336600,120.2514,120.2514,120.2514,120.2514
1656423000,117.0491,117.0491,117.0491,117.0491
1656509400,115.7903,115.7903,115.7903,115.7903
1656595800,111.118,111.118,111.118,111.118
1656682200,114.0991,114.0991,114.0991,114.0991
1657027800,108.1452,108.1452,108.1452,108.1452
1657114200,107.7941,107.7941,107.7941,107.7941
1657200600,109.7363,109.7363,109.7363,109.7363
1657287000,108.9675,108.9675,108.9675,108.9675
1657546200,107.6012,107.6012,107.6012,107.6012
1657632600,105.664,105.664,105.664,105.664
1657719000,108.2689,108.2689,108.2689,108.2689
1657805400,103.4354,103.4354,103.4354,103.4354
1657891800,103.2388,103.2388,103.2388,103.2388
1658151000,104.6451,104.6451,104.6451,104.6451
1658237400,105.8656,105.8656,105.8656,105.8656
1658323800,103.0185,103.0185,103.0185,103.0185
1658410200,104.3915,104.3915,104.3915,104.3915
1658496600,103.0569,103.0569,103.0569,103.0569
1658755800,100.6479,100.6479,100.6479,100.6479
1658842200,102.2488,102.2488,102.2488,102.2488
1658928600,104.1855,104.1855,104.1855,104.1855
1659015000,107.0244,107.0244,107.0244,107.0244
1659101400,108.733,108.733,108.733,108.733
1659360600,107.9769,107.9769,107.9769,107.9769
1659447000,106.4751,106.4751,106.4751,106.4751
1659533400,104.5617,104.5617,104.5617,104.5617
1659619800,108.1842,108.1842,108.1842,108.1842
1659706200,107.9984,107.9984,107.9984,107.9984
1659965400,110.6683,110.6683,110.6683,110.6683
1660051800,110.4554,110.4554,110.4554,110.4554
1660138200,111.7961,111.7961,111.7961,111.7961
1660224600,109.4317,109.4317,109.4317,109.4317
1660311000,111.6197,111.6197,111.6197,111.6197
1660570200,109.542,109.542,109.542,109.542
1660656600,110.0961,110.0961,110.0961,110.0961
1660743000,106.0047,106.0047,106.0047,106.0047
1660829400,106.7349,106.7349,106.7349,106.7349
1660915800,104.0673,104.0673,104.0673,104.0673
1661175000,103.9199,103.9199,103.9199,103.9199
1661261400,106.2173,106.2173,106.2173,106.2173
1661347800,107.7685,107.7685,107.7685,107.7685
1661434200,108.7666,108.7666,108.7666,108.7666
1661520600,103.8399,103.8399,103.8399,103.8399
1661779800,102.5092,102.5092,102.5092,102.5092
1661866200,99.6074,99.6074,99.6074,99.6074
1661952600,98.0521,98.0521,98.0521,98.0521
1662039000,94.7051,94.7051,94.7051,94.7051
1662125400,98.0675,98.0675,98.0675,98.0675
1662471000,97.0794,97.0794,97.0794,97.0794
1662557400,100.6772,100.6772,100.6772,100.6772
1662643800,102.0742,102.0742,102.0742,102.0742
1662730200,105.0001,105.0001,105.0001,105.0001
1662989400,106.5771,106.5771,106.5771,106.5771
1663075800,102.3809,102.3809,102.3809,102.3809
1663162200,102.2603,102.2603,102.2603,102.2603
1663248600,99.1789,99.1789,99.1789,99.1789
1663335000,99.7607,99.7607,99.7607,99.7607
1663594200,102.4249,102.4249,102.4249,102.4249
1663680600,99.7217,99.7217,99.7217,99.7217
1663767000,99.5325,99.5325,99.5325,99.5325
1663853400,99.0273,99.0273,99.0273,99.0273
1663939800,93.8109,93.8109,93.8109,93.8109
1664199000,91.4024,91.4024,91.4024,91.4024
1664285400,92.0576,92.0576,92.0576,92.0576
1664371800,98.1746,98.1746,98.1746,98.1746
1664458200,99.3503,99.3503,99.3503,99.3503
1664544600,100.9057,100.9057,100.9057,100.9057
1664803800,105.9987,105.9987,105.9987,105.9987
1664890200,108.8997,108.8997,108.8997,108.8997
1664976600,107.2849,107.2849,107.2849,107.2849
1665063000,108.3781,108.3781,108.3781,108.3781
1665149400,103.3058,103.3058,103.3058,103.3058
1665408600,101.8905,101.8905,101.8905,101.8905
1665495000,101.0801,101.0801,101.0801,101.0801
1665581400,101.8306,101.8306,101.8306,101.8306
1665667800,100.9574,100.9574,100.9574,100.9574
1665754200,96.4173,96.4173,96.4173,96.4173
1666013400,99.0766,99.0766,99.0766,99.0766
1666099800,99.9836,99.9836,99.9836,99.9836
1666186200,97.2813,97.2813,97.2813,97.2813
1666272600,98.6479,98.6479,98.6479,98.6479
1666359000,103.6947,103.6947,103.6947,103.6947
1666618200,102.3805,102.3805,102.3805,102.3805
1666704600,103.8639,103.8639,103.8639,103.8639
1666791000,107.123,107.123,107.123,107.123
1666877400,105.6516,105.6516,105.6516,105.6516
1666963800,104.8794,104.8794,104.8794,104.8794
1667223000,103.3085,103.3085,103.3085,103.3085
1667309400,105.4331,105.4331,105.4331,105.4331
1667395800,99.2374,99.2374,99.2374,99.2374
1667482200,96.9746,96.9746,96.9746,96.9746
1667568600,106.3024,106.3024,106.3024,106.3024
1667831400,106.6448,106.6448,106.6448,106.6448
1667917800,112.1432,112.1432,112.1432,112.1432
1668004200,108.9591,108.9591,108.9591,108.9591
1668090600,116.379,116.379,116.379,116.379
1668177000,117.4019,117.4019,117.4019,117.4019
1668436200,117.2019,117.2019,117.2019,117.2019
1668522600,115.9516,115.9516,115.9516,115.9516
1668609000,114.8914,114.8914,114.8914,114.8914
1668695400,112.8064,112.8064,112.8064,112.8064
1668781800,113.8006,113.8006,113.8006,113.8006
1669041000,113.0432,113.0432,113.0432,113.0432
1669127400,118.1717,118.1717,118.1717,118.1717
1669213800,119.5157,119.5157,119.5157,119.5157
1669386600,118.2579,118.2579,118.2579,118.2579
1669645800,113.3551,113.3551,113.3551,113.3551
1669732200,116.5926,116.5926,116.5926,116.5926
1669818600,120.7296,120.7296,120.7296,120.7296
1669905000,124.3717,124.3717,124.3717,124.3717
1669991400,124.3967,124.3967,124.3967,124.3967
1670250600,120.1885,120.1885,120.1885,120.1885
1670337000,119.4075,119.4075,119.4075,119.4075
1670423400,121.5576,121.5576,121.5576,121.5576
1670509800,121.7707,121.7707,121.7707,121.7707
1670596200,119.8965,119.8965,119.8965,119.8965
1670855400,119.9248,119.9248,119.9248,119.9248
1670941800,122.8174,122.8174,122.8174,122.8174
1671028200,122.0206,122.0206,122.0206,122.0206
1671114600,116.891,116.891,116.891,116.891
1671201000,117.5809,117.5809,117.5809,117.5809
1671460200,115.6674,115.6674,115.6674,115.6674
1671546600,120.6208,120.6208,120.6208,120.6208
1671633000,121.919,121.919,121.919,121.919
1671719400,121.086,121.086,121.086,121.086
1671805800,121.8884,121.8884,121.8884,121.8884
1672151400,124.8474,124.8474,124.8474,124.8474
1672237800,121.0708,121.0708,121.0708,121.0708
1672324200,121.6226,121.6226,121.6226,121.6226
1672410600,120.857,120.857,120.857,120.857
1672756200,124.1899,124.1899,124.1899,124.1899
1672842600,129.6912,129.6912,129.6912,129.6912
1672929000,128.8957,128.8957,128.8957,128.8957
1673015400,132.0412,132.0412,132.0412,132.0412
1673274600,131.3287,131.3287,131.3287,131.3287
1673361000,133.9512,133.9512,133.9512,133.9512
1673447400,133.0755,133.0755,133.0755,133.0755
1673533800,135.1004,135.1004,135.1004,135.1004
1673620200,136.6999,136.6999,136.6999,136.6999
1673965800,132.2486,132.2486,132.2486,132.2486
1674052200,131.1598,131.1598,131.1598,131.1598
1674138600,133.5883,133.5883,133.5883,133.5883
1674225000,135.6664,135.6664,135.6664,135.6664
1674484200,135.4977,135.4977,135.4977,135.4977
1674570600,136.5497,136.5497,136.5497,136.5497
1674657000,139.1578,139.1578,139.1578,139.1578
1674743400,136.8872,136.8872,136.8872,136.8872
1674829800,134.7912,134.7912,134.7912,134.7912
1675089000,132.8577,132.8577,132.8577,132.8577
1675175400,133.5136,133.5136,133.5136,133.5136
1675261800,136.1006,136.1006,136.1006,136.1006
1675348200,132.5895,132.5895,132.5895,132.5895
1675434600,127.6037,127.6037,127.6037,127.6037
1675693800,126.204,126.204,126.204,126.204
1675780200,127.6624,127.6624,127.6624,127.6624
1675866600,126.6637,126.6637,126.6637,126.6637
1675953000,124.1311,124.1311,124.1311,124.1311
1676039400,123.4366,123.4366,123.4366,123.4366
1676298600,122.6073,122.6073,122.6073,122.6073
1676385000,122.8335,122.8335,122.8335,122.8335
1676471400,119.3113,119.3113,119.3113,119.3113
1676557800,119.2935,119.2935,119.2935,119.2935
1676644200,117.642,117.642,117.642,117.642
1676989800,116.3632,116.3632,116.3632,116.3632
1677076200,114.1421,114.1421,114.1421,114.1421
1677162600,112.8746,112.8746,112.8746,112.8746
1677249000,111.8367,111.8367,111.8367,111.8367
1677508200,112.7478,112.7478,112.7478,112.7478
1677594600,113.7244,113.7244,113.7244,113.7244
1677681000,116.9363,116.9363,116.9363,116.9363
1677767400,116.9527,116.9527,116.9527,116.9527
1677853800,118.9045,118.9045,118.9045,118.9045
1678113000,116.7899,116.7899,116.7899,116.7899
1678199400,111.6943,111.6943,111.6943,111.6943
1678285800,111.248,111.248,111.248,111.248
1678372200,110.5276,110.5276,110.5276,110.5276
1678458600,111.5901,111.5901,111.5901,111.5901
1678714200,117.9444,117.9444,117.9444,117.9444
1678800600,119.1067,119.1067,119.1067,119.1067
1678887000,118.5582,118.5582,118.5582,118.5582
1678973400,118.1575,118.1575,118.1575,118.1575
1679059800,123.8636,123.8636,123.8636,123.8636
1679319000,125.6664,125.6664,125.6664,125.6664
1679405400,121.5023,121.5023,121.5023,121.5023
1679491800,123.2553,123.2553,123.2553,123.2553
1679578200,125.5922,125.5922,125.5922,125.5922
1679664600,127.0296,127.0296,127.0296,127.0296
1679923800,127.2922,127.2922,127.2922,127.2922
1680010200,130.3041,130.3041,130.3041,130.3041
1680096600,129.9984,129.9984,129.9984,129.9984
1680183000,132.0109,132.0109,132.0109,132.0109
1680269400,131.4418,131.4418,131.4418,131.4418
1680528600,133.7249,133.7249,133.7249,133.7249
1680615000,138.0262,138.0262,138.0262,138.0262
1680701400,138.2031,138.2031,138.2031,138.2031
1680787800,138.6854,138.6854,138.6854,138.6854
1681133400,137.3594,137.3594,137.3594,137.3594
1681219800,139.0444,139.0444,139.0444,139.0444
1681306200,140.2985,140.2985,140.2985,140.2985
1681392600,144.3657,144.3657,144.3657,144.3657
1681479000,141.5376,141.5376,141.5376,141.5376
1681738200,138.2645,138.2645,138.2645,138.2645
1681824600,138.9202,138.9202,138.9202,138.9202
1681911000,136.093,136.093,136.093,136.093
1681997400,135.9416,135.9416,135.9416,135.9416
1682083800,134.2128,134.2128,134.2128,134.2128
1682343000,134.9667,134.9667,134.9667,134.9667
1682429400,134.4394,134.4394,134.4394,134.4394
1682515800,133.0704,133.0704,133.0704,133.0704
1682602200,134.5997,134.5997,134.5997,134.5997
1682688600,133.9814,133.9814,133.9814,133.9814
1682947800,133.3476,133.3476,133.3476,133.3476
1683034200,137.5763,137.5763,137.5763,137.5763
1683120600,137.8427,137.8427,137.8427,137.8427
1683207000,141.1126,141.1126,141.1126,141.1126
1683293400,140.5926,140.5926,140.5926,140.5926
1683552600,140.1503,140.1503,140.1503,140.1503
1683639000,140.0631,140.0631,140.0631,140.0631
1683725400,138.9054,138.9054,138.9054,138.9054
1683811800,133.458,133.458,133.458,133.458
1683898200,133.5172,133.5172,133.5172,133.5172
1684157400,134.6755,134.6755,134.6755,134.6755
1684243800,131.1305,131.1305,131.1305,131.1305
1684330200,130.258,130.258,130.258,130.258
1684416600,127.2965,127.2965,127.2965,127.2965
1684503000,127.842,127.842,127.842,127.842
1684762200,127.4936,127.4936,127.4936,127.4936
1684848600,126.8713,126.8713,126.8713,126.8713
1684935000,123.6435,123.6435,123.6435,123.6435
1685021400,121.1156,121.1156,121.1156,121.1156
1685107800,121.7072,121.7072,121.7072,121.7072
1685453400,120.5218,120.5218,120.5218,120.5218
1685539800,122.3883,122.3883,122.3883,122.3883
1685626200,126.3964,126.3964,126.3964,126.3964
1685712600,125.3447,125.3447,125.3447,125.3447
1685971800,125.309,125.309,125.309,125.309
1686058200,125.7369,125.7369,125.7369,125.7369
1686144600,124.0441,124.0441,124.0441,124.0441
1686231000,125.4908,125.4908,125.4908,125.4908
1686317400,123.8915,123.8915,123.8915,123.8915
1686576600,123.9029,123.9029,123.9029,123.9029
1686663000,123.5954,123.5954,123.5954,123.5954
1686749400,123.2997,123.2997,123.2997,123.2997
1686835800,123.1558,123.1558,123.1558,123.1558
1686922200,124.2542,124.2542,124.2542,124.2542
1687267800,119.6285,119.6285,119.6285,119.6285
1687354200,119.2668,119.2668,119.2668,119.2668
1687440600,118.9492,118.9492,118.9492,118.9492
1687527000,118.3061,118.3061,118.3061,118.3061
1687786200,119.4632,119.4632,119.4632,119.4632
1687872600,118.3731,118.3731,118.3731,118.3731
1687959000,116.6226,116.6226,116.6226,116.6226
1688045400,118.0029,118.0029,118.0029,118.0029
1688131800,120.0301,120.0301,120.0301,120.0301
1688391000,121.9657,121.9657,121.9657,121.9657
1688563800,118.5972,118.5972,118.5972,118.5972
1688650200,115.6824,115.6824,115.6824,115.6824
1688736600,117.1054,117.1054,117.1054,117.1054
1688995800,119.6397,119.6397,119.6397,119.6397
1689082200,120.6258,120.6258,120.6258,120.6258
1689168600,126.9775,126.9775,126.9775,126.9775
1689255000,128.0804,128.0804,128.0804,128.0804
1689341400,127.1454,127.1454,127.1454,127.1454
1689600600,127.2627,127.2627,127.2627,127.2627
1689687000,129.6497,129.6497,129.6497,129.6497
1689773400,129.7392,129.7392,129.7392,129.7392
1689859800,126.7096,126.7096,126.7096,126.7096
1689946200,126.4795,126.4795,126.4795,126.4795
1690205400,126.3072,126.3072,126.3072,126.3072
1690291800,128.1786,128.1786,128.1786,128.1786
1690378200,127.6431,127.6431,127.6431,127.6431
1690464600,122.8154,122.8154,122.8154,122.8154
1690551000,124.2727,124.2727,124.2727,124.2727
1690810200,127.0613,127.0613,127.0613,127.0613
1690896600,122.5591,122.5591,122.5591,122.5591
1690983000,119.067,119.067,119.067,119.067
1691069400,118.4485,118.4485,118.4485,118.4485
1691155800,119.6257,119.6257,119.6257,119.6257
1691415000,118.7465,118.7465,118.7465,118.7465
1691501400,118.4018,118.4018,118.4018,118.4018
1691587800,117.8928,117.8928,117.8928,117.8928
1691674200,118.079,118.079,118.079,118.079
1691760600,119.2766,119.2766,119.2766,119.2766
1692019800,117.6005,117.6005,117.6005,117.6005
1692106200,114.4025,114.4025,114.4025,114.4025
1692192600,112.9211,112.9211,112.9211,112.9211
1692279000,112.3621,112.3621,112.3621,112.3621
1692365400,111.6751,111.6751,111.6751,111.6751
1692624600,111.973,111.973,111.973,111.973
1692711000,112.8076,112.8076,112.8076,112.8076
1692797400,116.3391,116.3391,116.3391,116.3391
1692883800,115.6168,115.6168,115.6168,115.6168
1692970200,114.404,114.404,114.404,114.404
1693229400,117.1502,117.1502,117.1502,117.1502
1693315800,119.1939,119.1939,119.1939,119.1939
1693402200,119.1905,119.1905,119.1905,119.1905
1693488600,117.8599,117.8599,117.8599,117.8599
1693575000,117.3788,117.3788,117.3788,117.3788
1693920600,114.4034,114.4034,114.4034,114.4034
1694007000,114.0513,114.0513,114.0513,114.0513
1694093400,113.2008,113.2008,113.2008,113.2008
1694179800,113.1553,113.1553,113.1553,113.1553
1694439000,114.8794,114.8794,114.8794,114.8794
1694525400,114.9998,114.9998,114.9998,114.9998
1694611800,114.6826,114.6826,114.6826,114.6826
1694698200,116.3841,116.3841,116.3841,116.3841
1694784600,118.6749,118.6749,118.6749,118.6749
1695043800,118.9308,118.9308,118.9308,118.9308
1695130200,116.9369,116.9369,116.9369,116.9369
1695216600,118.0547,118.0547,118.0547,118.0547
1695303000,115.0942,115.0942,115.0942,115.0942
1695389400,114.5751,114.5751,114.5751,114.5751
1695648600,113.4079,113.4079,113.4079,113.4079
1695735000,110.0503,110.0503,110.0503,110.0503
1695821400,107.1889,107.1889,107.1889,107.1889
1695907800,107.8573,107.8573,107.8573,107.8573
1695994200,107.4776,107.4776,107.4776,107.4776
1696253400,103.5299,103.5299,103.5299,103.5299
1696339800,104.2188,104.2188,104.2188,104.2188
1696426200,103.3142,103.3142,103.3142,103.3142
1696512600,104.3724,104.3724,104.3724,104.3724
1696599000,106.6562,106.6562,106.6562,106.6562
1696858200,108.938,108.938,108.938,108.938
1696944600,109.8483,109.8483,109.8483,109.8483
1697031000,112.075,112.075,112.075,112.075
1697117400,109.593,109.593,109.593,109.593
1697203800,114.3455,114.3455,114.3455,114.3455
1697463000,114.7301,114.7301,114.7301,114.7301
1697549400,117.2196,117.2196,117.2196,117.2196
1697635800,116.5791,116.5791,116.5791,116.5791
1697722200,116.4786,116.4786,116.4786,116.4786
1697808600,116.3305,116.3305,116.3305,116.3305
1698067800,115.593,115.593,115.593,115.593
1698154200,115.7182,115.7182,115.7182,115.7182
1698240600,113.8262,113.8262,113.8262,113.8262
1698327000,112.8933,112.8933,112.8933,112.8933
1698413400,115.0735,115.0735,115.0735,115.0735
1698672600,113.7032,113.7032,113.7032,113.7032
1698759000,111.2504,111.2504,111.2504,111.2504
1698845400,110.6943,110.6943,110.6943,110.6943
1698931800,111.5427,111.5427,111.5427,111.5427
1699018200,116.2481,116.2481,116.2481,116.2481
1699281000,115.0481,115.0481,115.0481,115.0481
1699367400,112.3323,112.3323,112.3323,112.3323
1699453800,109.1608,109.1608,109.1608,109.1608
1699540200,108.8923,108.8923,108.8923,108.8923
1699626600,107.8898,107.8898,107.8898,107.8898
1699885800,106.7207,106.7207,106.7207,106.7207
1699972200,112.123,112.123,112.123,112.123
1700058600,111.5783,111.5783,111.5783,111.5783
1700145000,113.3548,113.3548,113.3548,113.3548
1700231400,112.9161,112.9161,112.9161,112.9161
1700490600,113.0849,113.0849,113.0849,113.0849
1700577000,115.4847,115.4847,115.4847,115.4847
1700663400,116.0162,116.0162,116.0162,116.0162
1700836200,116.666,116.666,116.666,116.666
1701095400,118.5702,118.5702,118.5702,118.5702
1701181800,123.398,123.398,123.398,123.398
1701268200,123.047,123.047,123.047,123.047
1701354600,123.35,123.35,123.35,123.35
1701441000,125.7954,125.7954,125.7954,125.7954
1701700200,122.4502,122.4502,122.4502,122.4502
1701786600,120.0778,120.0778,120.0778,120.0778
1701873000,120.0032,120.0032,120.0032,120.0032
1701959400,119.5148,119.5148,119.5148,119.5148
1702045800,118.0913,118.0913,118.0913,118.0913
1702305000,117.0533,117.0533,117.0533,117.0533
1702391400,113.9294,113.9294,113.9294,113.9294
1702477800,121.0491,121.0491,121.0491,121.0491
1702564200,124.2549,124.2549,124.2549,124.2549
1702650600,123.7632,123.7632,123.7632,123.7632
1702909800,124.193,124.193,124.193,124.193
1702996200,127.7519,127.7519,127.7519,127.7519
1703082600,124.9015,124.9015,124.9015,124.9015
1703169000,126.9481,126.9481,126.9481,126.9481
1703255400,127.9384,127.9384,127.9384,127.9384
1703601000,128.3038,128.3038,128.3038,128.3038
1703687400,129.5807,129.5807,129.5807,129.5807
1703773800,126.5371,126.5371,126.5371,126.5371
1703860200,125.6949,125.6949,125.6949,125.6949
1704205800,123.5865,123.5865,123.5865,123.5865
1704292200,120.3193,120.3193,120.3193,120.3193
1704378600,120.6114,120.6114,120.6114,120.6114
1704465000,120.2964,120.2964,120.2964,120.2964
1704724200,120.5398,120.5398,120.5398,120.5398
1704810600,118.6564,118.6564,118.6564,118.6564
1704897000,118.5516,118.5516,118.5516,118.5516
1704983400,117.4414,117.4414,117.4414,117.4414
1705069800,120.6427,120.6427,120.6427,120.6427
1705415400,115.9031,115.9031,115.9031,115.9031
1705501800,112.7757,112.7757,112.7757,112.7757
1705588200,112.6543,112.6543,112.6543,112.6543
1705674600,112.9372,112.9372,112.9372,112.9372
1705933800,112.6979,112.6979,112.6979,112.6979
1706020200,115.1759,115.1759,115.1759,115.1759
1706106600,112.7004,112.7004,112.7004,112.7004
1706193000,114.1637,114.1637,114.1637,114.1637
1706279400,113.741,113.741,113.741,113.741
1706538600,115.1416,115.1416,115.1416,115.1416
1706625000,114.1887,114.1887,114.1887,114.1887
1706711400,113.5418,113.5418,113.5418,113.5418
1706797800,117.5389,117.5389,117.5389,117.5389
1706884200,114.063,114.063,114.063,114.063
1707143400,111.4853,111.4853,111.4853,111.4853
1707229800,112.8952,112.8952,112.8952,112.8952
1707316200,111.6996,111.6996,111.6996,111.6996
1707402600,110.5123,110.5123,110.5123,110.5123
1707489000,109.3202,109.3202,109.3202,109.3202
1707748200,110.5455,110.5455,110.5455,110.5455
1707834600,103.7045,103.7045,103.7045,103.7045
1707921000,104.2731,104.2731,104.2731,104.2731
1708007400,107.4949,107.4949,107.4949,107.4949
1708093800,107.8594,107.8594,107.8594,107.8594
1708439400,107.8375,107.8375,107.8375,107.8375
1708525800,107.043,107.043,107.043,107.043
1708612200,104.8473,104.8473,104.8473,104.8473
1708698600,106.7229,106.7229,106.7229,106.7229
1708957800,105.1938,105.1938,105.1938,105.1938
1709044200,104.3898,104.3898,104.3898,104.3898
1709130600,102.9405,102.9405,102.9405,102.9405
1709217000,105.372,105.372,105.372,105.372
1709303400,108.6492,108.6492,108.6492,108.6492
1709562600,112.9877,112.9877,112.9877,112.9877
1709649000,113.0061,113.0061,113.0061,113.0061
1709735400,115.2761,115.2761,115.2761,115.2761
1709821800,117.523,117.523,117.523,117.523
1709908200,117.3557,117.3557,117.3557,117.3557
1710163800,119.989,119.989,119.989,119.989
1710250200,118.0789,118.0789,118.0789,118.0789
1710336600,121.3526,121.3526,121.3526,121.3526
1710423000,119.6864,119.6864,119.6864,119.6864
1710509400,120.5047,120.5047,120.5047,120.5047
1710768600,119.3566,119.3566,119.3566,119.3566
1710855000,116.8269,116.8269,116.8269,116.8269
1710941400,121.3242,121.3242,121.3242,121.3242
1711027800,120.8515,120.8515,120.8515,120.8515
1711114200,119.2108,119.2108,119.2108,119.2108
1711373400,120.0281,120.0281,120.0281,120.0281
1711459800,119.4572,119.4572,119.4572,119.4572
1711546200,123.7289,123.7289,123.7289,123.7289
1711632600,127.0014,127.0014,127.0014,127.0014
1711978200,128.8042,128.8042,128.8042,128.8042
1712064600,130.5791,130.5791,130.5791,130.5791
1712151000,134.3296,134.3296,134.3296,134.3296
1712237400,132.6358,132.6358,132.6358,132.6358
1712323800,136.3455,136.3455,136.3455,136.3455
1712583000,135.6542,135.6542,135.6542,135.6542
1712669400,138.6206,138.6206,138.6206,138.6206
1712755800,136.7924,136.7924,136.7924,136.7924
1712842200,138.6908,138.6908,138.6908,138.6908
1712928600,136.1106,136.1106,136.1106,136.1106
1713187800,134.7145,134.7145,134.7145,134.7145
1713274200,132.945,132.945,132.945,132.945
1713360600,134.7263,134.7263,134.7263,134.7263
1713447000,135.2866,135.2866,135.2866,135.2866
1713533400,136.0103,136.0103,136.0103,136.0103
1713792600,131.0103,131.0103,131.0103,131.0103
1713879000,132.8568,132.8568,132.8568,132.8568
1713965400,133.0532,133.0532,133.0532,133.0532
1714051800,137.22,137.22,137.22,137.22
1714138200,138.6752,138.6752,138.6752,138.6752
1714397400,139.7789,139.7789,139.7789,139.7789
1714483800,133.4474,133.4474,133.4474,133.4474
1714570200,134.2447,134.2447,134.2447,134.2447
1714656600,134.2999,134.2999,134.2999,134.2999
1714743000,134.5566,134.5566,134.5566,134.5566
1715002200,137.6656,137.6656,137.6656,137.6656
1715088600,137.7494,137.7494,137.7494,137.7494
1715175000,137.6986,137.6986,137.6986,137.6986
1715261400,142.1687,142.1687,142.1687,142.1687
1715347800,142.237,142.237,142.237,142.237
1715607000,141.0421,141.0421,141.0421,141.0421
1715693400,143.0975,143.0975,143.0975,143.0975
1715779800,144.6737,144.6737,144.6737,144.6737
1715866200,143.8152,143.8152,143.8152,143.8152
1715952600,149.2254,149.2254,149.2254,149.2254
1716211800,151.3582,151.3582,151.3582,151.3582
1716298200,150.499,150.499,150.499,150.499
1716384600,144.6997,144.6997,144.6997,144.6997
1716471000,141.8435,141.8435,141.8435,141.8435
1716557400,143.4659,143.4659,143.4659,143.4659
1716903000,147.3733,147.3733,147.3733,147.3733
1716989400,144.2858,144.2858,144.2858,144.2858
1717075800,145.9187,145.9187,145.9187,145.9187
1717162200,145.1583,145.1583,145.1583,145.1583
1717421400,145.0652,145.0652,145.0652,145.0652
1717507800,138.6537,138.6537,138.6537,138.6537
1717594200,140.8302,140.8302,140.8302,140.8302
1717680600,145.3785,145.3785,145.3785,145.3785
1717767000,136.1956,136.1956,136.1956,136.1956
1718026200,138.1761,138.1761,138.1761,138.1761
1718112600,136.714,136.714,136.714,136.714
1718199000,137.6663,137.6663,137.6663,137.6663
1718285400,134.1092,134.1092,134.1092,134.1092
1718371800,135.0053,135.0053,135.0053,135.0053
1718631000,133.9336,133.9336,133.9336,133.9336
1718717400,135.6973,135.6973,135.6973,135.6973
1718890200,139.1653,139.1653,139.1653,139.1653
1718976600,137.6626,137.6626,137.6626,137.6626
1719235800,138.2089,138.2089,138.2089,138.2089
1719322200,136.6807,136.6807,136.6807,136.6807
1719408600,137.0368,137.0368,137.0368,137.0368
1719495000,138.0412,138.0412,138.0412,138.0412
1719581400,137.3693,137.3693,137.3693,137.3693
1719840600,136.2031,136.2031,136.2031,136.2031
1719927000,137.1683,137.1683,137.1683,137.1683
1720013400,142.1137,142.1137,142.1137,142.1137
1720186200,145.7074,145.7074,145.7074,145.7074
1720445400,145.5907,145.5907,145.5907,145.5907
1720531800,145.3155,145.3155,145.3155,145.3155
1720618200,149.3229,149.3229,149.3229,149.3229
1720704600,153.2017,153.2017,153.2017,153.2017
1720791000,153.7328,153.7328,153.7328,153.7328
1721050200,152.8167,152.8167,152.8167,152.8167
1721136600,157.7015,157.7015,157.7015,157.7015
1721223000,154.6773,154.6773,154.6773,154.6773
1721309400,151.6758,151.6758,151.6758,151.6758
1721395800,149.8947,149.8947,149.8947,149.8947
1721655000,150.3158,150.3158,150.3158,150.3158
1721741400,150.7148,150.7148,150.7148,150.7148
1721827800,149.3664,149.3664,149.3664,149.3664
1721914200,145.7499,145.7499,145.7499,145.7499
1722000600,146.7755,146.7755,146.7755,146.7755
1722259800,147.8174,147.8174,147.8174,147.8174
1722346200,148.4753,148.4753,148.4753,148.4753
1722432600,152.3304,152.3304,152.3304,152.3304
1722519000,149.4045,149.4045,149.4045,149.4045
1722605400,145.5083,145.5083,145.5083,145.5083
1722864600,140.3931,140.3931,140.3931,140.3931
1722951000,142.182,142.182,142.182,142.182
1723037400,137.9177,137.9177,137.9177,137.9177
1723123800,140.9874,140.9874,140.9874,140.9874
1723210200,142.2059,142.2059,142.2059,142.2059
1723469400,146.8972,146.8972,146.8972,146.8972
1723555800,149.133,149.133,149.133,149.133
1723642200,148.4823,148.4823,148.4823,148.4823
1723728600,149.8121,149.8121,149.8121,149.8121
1723815000,153.5291,153.5291,153.5291,153.5291
1724074200,156.7049,156.7049,156.7049,156.7049
1724160600,157.9884,157.9884,157.9884,157.9884
1724247000,158.9294,158.9294,158.9294,158.9294
1724333400,155.2559,155.2559,155.2559,155.2559
1724419800,157.2705,157.2705,157.2705,157.2705
1724679000,157.2413,157.2413,157.2413,157.2413
1724765400,156.8719,156.8719,156.8719,156.8719
1724851800,153.1156,153.1156,153.1156,153.1156
1724938200,154.883,154.883,154.883,154.883
1725024600,153.9078,153.9078,153.9078,153.9078
1725370200,147.466,147.466,147.466,147.466
1725456600,146.5678,146.5678,146.5678,146.5678
1725543000,147.8285,147.8285,147.8285,147.8285
1725629400,143.7648,143.7648,143.7648,143.7648
1725888600,145.3653,145.3653,145.3653,145.3653
1725975000,147.3206,147.3206,147.3206,147.3206
1726061400,148.701,148.701,148.701,148.701
1726147800,156.6854,156.6854,156.6854,156.6854
1726234200,160.3876,160.3876,160.3876,160.3876
1726493400,159.6604,159.6604,159.6604,159.6604
1726579800,158.4814,158.4814,158.4814,158.4814
1726666200,156.6079,156.6079,156.6079,156.6079
1726752600,158.7479,158.7479,158.7479,158.7479
1726839000,161.1124,161.1124,161.1124,161.1124
1727098200,160.4253,160.4253,160.4253,160.4253
1727184600,165.1793,165.1793,165.1793,165.1793
1727271000,164.9917,164.9917,164.9917,164.9917
1727357400,167.3728,167.3728,167.3728,167.3728
1727443800,162.2461,162.2461,162.2461,162.2461
1727703000,158.7187,158.7187,158.7187,158.7187
1727789400,161.2783,161.2783,161.2783,161.2783
1727875800,161.4827,161.4827,161.4827,161.4827
1727962200,158.7587,158.7587,158.7587,158.7587
1728048600,158.0734,158.0734,158.0734,158.0734
1728307800,155.9169,155.9169,155.9169,155.9169
1728394200,154.8137,154.8137,154.8137,154.8137
1728480600,154.4712,154.4712,154.4712,154.4712
1728567000,158.7674,158.7674,158.7674,158.7674
1728653400,159.485,159.485,159.485,159.485
1728912600,159.314,159.314,159.314,159.314
1728999000,160.6269,160.6269,160.6269,160.6269
1729085400,162.1044,162.1044,162.1044,162.1044
1729171800,163.6776,163.6776,163.6776,163.6776
1729258200,171.3122,171.3122,171.3122,171.3122
1729517400,172.171,172.171,172.171,172.171
1729603800,175.7432,175.7432,175.7432,175.7432
1729690200,172.4323,172.4323,172.4323,172.4323
1729776600,169.4446,169.4446,169.4446,169.4446
1729863000,166.2888,166.2888,166.2888,166.2888
1730122200,165.9341,165.9341,165.9341,165.9341
1730208600,168.6609,168.6609,168.6609,168.6609
1730295000,166.4435,166.4435,166.4435,166.4435
1730381400,161.1976,161.1976,161.1976,161.1976
1730467800,159.2791,159.2791,159.2791,159.2791
1730730600,159.0035,159.0035,159.0035,159.0035
1730817000,159.8404,159.8404,159.8404,159.8404
1730903400,155.9359,155.9359,155.9359,155.9359
1730989800,159.2543,159.2543,159.2543,159.2543
1731076200,156.7269,156.7269,156.7269,156.7269
1731335400,147.7819,147.7819,147.7819,147.7819
1731421800,145.5567,145.5567,145.5567,145.5567
1731508200,143.4214,143.4214,143.4214,143.4214
1731594600,144.6482,144.6482,144.6482,144.6482
1731681000,143.1617,143.1617,143.1617,143.1617
1731940200,149.135,149.135,149.135,149.135
1732026600,152.2228,152.2228,152.2228,152.2228
1732113000,151.6584,151.6584,151.6584,151.6584
1732199400,153.412,153.412,153.412,153.412
1732285800,153.6895,153.6895,153.6895,153.6895
1732545000,149.1399,149.1399,149.1399,149.1399
1732631400,149.8164,149.8164,149.8164,149.8164
1732717800,149.7662,149.7662,149.7662,149.7662
1732890600,150.4701,150.4701,150.4701,150.4701
1733149800,147.8804,147.8804,147.8804,147.8804
1733236200,152.4573,152.4573,152.4573,152.4573
1733322600,151.492,151.492,151.492,151.492
1733409000,150.6402,150.6402,150.6402,150.6402
1733495400,147.7172,147.7172,147.7172,147.7172
1733754600,152.2891,152.2891,152.2891,152.2891
1733841000,151.988,151.988,151.988,151.988
1733927400,157.3062,157.3062,157.3062,157.3062
1734013800,151.5417,151.5417,151.5417,151.5417
1734100200,147.9161,147.9161,147.9161,147.9161
1734359400,146.4362,146.4362,146.4362,146.4362
1734445800,145.2566,145.2566,145.2566,145.2566
1734532200,138.4451,138.4451,138.4451,138.4451
1734618600,137.435,137.435,137.435,137.435
1734705000,139.2234,139.2234,139.2234,139.2234
1734964200,139.3855,139.3855,139.3855,139.3855
1735050600,139.6836,139.6836,139.6836,139.6836
1735223400,139.9088,139.9088,139.9088,139.9088
1735309800,138.818,138.818,138.818,138.818
1735569000,136.24,136.24,136.24,136.24
1735655400,137.18,137.18,137.18,137.18
1735828200,142.9582,142.9582,142.9582,142.9582
1735914600,141.465,141.465,141.465,141.465
1736173800,140.0861,140.0861,140.0861,140.0861
1736260200,141.9368,141.9368,141.9368,141.9368
1736346600,145.4179,145.4179,145.4179,145.4179
1736519400,145.3163,145.3163,145.3163,145.3163
1736778600,142.3794,142.3794,142.3794,142.3794
1736865000,146.081,146.081,146.081,146.081
1736951400,146.8532,146.8532,146.8532,146.8532
1737037800,146.0245,146.0245,146.0245,146.0245
1737124200,147.0397,147.0397,147.0397,147.0397
1737469800,150.163,150.163,150.163,150.163
1737556200,149.3899,149.3899,149.3899,149.3899
1737642600,148.9622,148.9622,148.9622,148.9622
1737729000,150.8937,150.8937,150.8937,150.8937
1737988200,147.7464,147.7464,147.7464,147.7464
1738074600,148.9084,148.9084,148.9084,148.9084
1738161000,150.0457,150.0457,150.0457,150.0457
1738247400,156.0572,156.0572,156.0572,156.0572
1738333800,153.9925,153.9925,153.9925,153.9925
1738593000,156.2611,156.2611,156.2611,156.2611
1738679400,158.0551,158.0551,158.0551,158.0551
1738765800,162.1203,162.1203,162.1203,162.1203
1738852200,161.7117,161.7117,161.7117,161.7117
1738938600,161.016,161.016,161.016,161.016
1739197800,165.3175,165.3175,165.3175,165.3175
1739284200,162.5251,162.5251,162.5251,162.5251
1739370600,165.6782,165.6782,165.6782,165.6782
1739457000,167.393,167.393,167.393,167.393
1739543400,161.1782,161.1782,161.1782,161.1782
1739889000,163.2174,163.2174,163.2174,163.2174
1739975400,162.5095,162.5095,162.5095,162.5095
1740061800,165.2096,165.2096,165.2096,165.2096
1740148200,158.5652,158.5652,158.5652,158.5652
1740407400,159.7012,159.7012,159.7012,159.7012
1740493800,157.4645,157.4645,157.4645,157.4645
1740580200,160.4873,160.4873,160.4873,160.4873
1740666600,154.4582,154.4582,154.4582,154.4582
1740753000,155.3182,155.3182,155.3182,155.3182
1741012200,154.4198,154.4198,154.4198,154.4198
1741098600,155.6873,155.6873,155.6873,155.6873
1741185000,162.312,162.312,162.312,162.312
1741271400,160.6239,160.6239,160.6239,160.6239
1741357800,161.5865,161.5865,161.5865,161.5865
1741613400,156.2906,156.2906,156.2906,156.2906
1741699800,162.1513,162.1513,162.1513,162.1513
1741786200,163.465,163.465,163.465,163.465
1741872600,167.8113,167.8113,167.8113,167.8113
1741959000,169.3809,169.3809,169.3809,169.3809
1742218200,174.1006,174.1006,174.1006,174.1006
1742304600,175.1925,175.1925,175.1925,175.1925
1742391000,176.4725,176.4725,176.4725,176.4725
1742477400,176.5242,176.5242,176.5242,176.5242
1742563800,174.2219,174.2219,174.2219,174.2219
1742823000,174.2644,174.2644,174.2644,174.2644
1742909400,177.105,177.105,177.105,177.105
1742995800,175.2407,175.2407,175.2407,175.2407
1743082200,178.6648,178.6648,178.6648,178.6648
1743168600,176.6391,176.6391,176.6391,176.6391
1743427800,177.1414,177.1414,177.1414,177.1414
1743514200,177.3087,177.3087,177.3087,177.3087
1743600600,177.9187,177.9187,177.9187,177.9187
1743687000,174.8553,174.8553,174.8553,174.8553
1743773400,157.757,157.757,157.757,157.757
1744032600,158.419,158.419,158.419,158.419
1744119000,156.9697,156.9697,156.9697,156.9697
1744205400,171.0231,171.0231,171.0231,171.0231
1744291800,177.2843,177.2843,177.2843,177.2843
1744378200,188.0088,188.0088,188.0088,188.0088
1744637400,189.7144,189.7144,189.7144,189.7144
1744723800,190.9839,190.9839,190.9839,190.9839
1744810200,195.3344,195.3344,195.3344,195.3344
1744896600,191.4927,191.4927,191.4927,191.4927
1745242200,193.0365,193.0365,193.0365,193.0365
1745328600,189.7042,189.7042,189.7042,189.7042
1745415000,185.9837,185.9837,185.9837,185.9837
1745501400,189.3863,189.3863,189.3863,189.3863
1745587800,186.0046,186.0046,186.0046,186.0046
1745847000,187.7769,187.7769,187.7769,187.7769
1745933400,185.3823,185.3823,185.3823,185.3823
1746019800,187.4879,187.4879,187.4879,187.4879
1746106200,180.7765,180.7765,180.7765,180.7765
1746192600,179.3836,179.3836,179.3836,179.3836
1746451800,184.4153,184.4153,184.4153,184.4153
1746538200,191.7318,191.7318,191.7318,191.7318
1746624600,189.2952,189.2952,189.2952,189.2952
1746711000,186.0928,186.0928,186.0928,186.0928
1746797400,192.5014,192.5014,192.5014,192.5014
1747056600,179.1469,179.1469,179.1469,179.1469
1747143000,179.444,179.444,179.444,179.444
1747229400,175.3645,175.3645,175.3645,175.3645
1747315800,178.5498,178.5498,178.5498,178.5498
1747402200,178.3593,178.3593,178.3593,178.3593
1747661400,181.8684,181.8684,181.8684,181.8684
1747747800,187.2469,187.2469,187.2469,187.2469
1747834200,189.3339,189.3339,189.3339,189.3339
1747920600,187.766,187.766,187.766,187.766
1748007000,192.1023,192.1023,192.1023,192.1023
1748352600,190.9045,190.9045,190.9045,190.9045
1748439000,192.6777,192.6777,192.6777,192.6777
1748525400,191.9208,191.9208,191.9208,191.9208
1748611800,192.2197,192.2197,192.2197,192.2197
1748871000,204.0335,204.0335,204.0335,204.0335
1748957400,203.2009,203.2009,203.2009,203.2009
1749043800,205.0133,205.0133,205.0133,205.0133
1749130200,207.909,207.909,207.909,207.909
1749216600,203.3377,203.3377,203.3377,203.3377
1749475800,205.2421,205.2421,205.2421,205.2421
1749562200,202.0319,202.0319,202.0319,202.0319
1749648600,203.1569,203.1569,203.1569,203.1569
1749735000,207.6406,207.6406,207.6406,207.6406
1749821400,210.8106,210.8106,210.8106,210.8106
1750080600,209.3201,209.3201,209.3201,209.3201
1750167000,208.8157,208.8157,208.8157,208.8157
1750253400,207.3152,207.3152,207.3152,207.3152
1750426200,204.9387,204.9387,204.9387,204.9387
1750685400,207.7778,207.7778,207.7778,207.7778
1750771800,203.8059,203.8059,203.8059,203.8059
1750858200,203.9662,203.9662,203.9662,203.9662
1750944600,208.4026,208.4026,208.4026,208.4026
1751031000,200.815,200.815,200.815,200.815
1751290200,205.6356,205.6356,205.6356,205.6356
1751376600,206.0363,206.0363,206.0363,206.0363
1751463000,209.2414,209.2414,209.2414,209.2414
1751549400,210.6803,210.6803,210.6803,210.6803
1751895000,212.9409,212.9409,212.9409,212.9409
1751981400,203.2381,203.2381,203.2381,203.2381
1752067800,205.9239,205.9239,205.9239,205.9239
1752154200,207.8849,207.8849,207.8849,207.8849
1752240600,211.0512,211.0512,211.0512,211.0512
1752499800,210.2987,210.2987,210.2987,210.2987
1752586200,207.2648,207.2648,207.2648,207.2648
1752672600,207.1814,207.1814,207.1814,207.1814
1752759000,205.5964,205.5964,205.5964,205.5964
1752845400,204.7335,204.7335,204.7335,204.7335
1753104600,211.9262,211.9262,211.9262,211.9262
1753191000,217.5635,217.5635,217.5635,217.5635
1753277400,215.2051,215.2051,215.2051,215.2051
1753363800,212.9268,212.9268,212.9268,212.9268
1753450200,213.7974,213.7974,213.7974,213.7974
1753709400,209.3176,209.3176,209.3176,209.3176
1753795800,211.1258,211.1258,211.1258,211.1258
1753882200,204.0691,204.0691,204.0691,204.0691
1753968600,204.2097,204.2097,204.2097,204.2097
1754055000,206.4969,206.4969,206.4969,206.4969
1754314200,215.7664,215.7664,215.7664,215.7664
1754400600,221.9148,221.9148,221.9148,221.9148
1754487000,224.9263,224.9263,224.9263,224.9263
1754573400,229.4021,229.4021,229.4021,229.4021
1754659800,230.3017,230.3017,230.3017,230.3017
1754919000,229.2561,229.2561,229.2561,229.2561
1755005400,231.9502,231.9502,231.9502,231.9502
1755091800,231.4177,231.4177,231.4177,231.4177
1755178200,229.3675,229.3675,229.3675,229.3675
1755264600,231.4268,231.4268,231.4268,231.4268
1755523800,231.3667,231.3667,231.3667,231.3667
1755610200,225.2854,225.2854,225.2854,225.2854
1755696600,230.2666,230.2666,230.2666,230.2666
1755783000,234.9911,234.9911,234.9911,234.9911
1755869400,239.2349,239.2349,239.2349,239.2349
1756128600,239.4043,239.4043,239.4043,239.4043
1756215000,244.059,244.059,244.059,244.059
1756301400,243.3231,243.3231,243.3231,243.3231
1756387800,242.2184,242.2184,242.2184,242.2184
1756474200,249.0781,249.0781,249.0781,249.0781
1756819800,255.0522,255.0522,255.0522,255.0522
1756906200,257.0718,257.0718,257.0718,257.0718
1756992600,254.6596,254.6596,254.6596,254.6596
1757079000,261.0233,261.0233,261.0233,261.0233
1757338200,265.9309,265.9309,265.9309,265.9309
1757424600,262.8093,262.8093,262.8093,262.8093
1757511000,269.3249,269.3249,269.3249,269.3249
1757597400,273.7734,273.7734,273.7734,273.7734
1757683800,272.9912,272.9912,272.9912,272.9912
1757943000,277.839,277.839,277.839,277.839
1758029400,271.4763,271.4763,271.4763,271.4763
1758115800,270.2958,270.2958,270.2958,270.2958
1758202200,270.8146,270.8146,270.8146,270.8146
1758288600,283.6963,283.6963,283.6963,283.6963
1758547800,291.0685,291.0685,291.0685,291.0685
1758634200,291.9844,291.9844,291.9844,291.9844
1758720600,282.1639,282.1639,282.1639,282.1639
1758807000,284.8553,284.8553,284.8553,284.8553
1758893400,291.2286,291.2286,291.2286,291.2286
1759152600,294.2423,294.2423,294.2423,294.2423
1759239000,297.109,297.109,297.109,297.109
1759325400,300.7567,300.7567,300.7567,300.7567
1759411800,299.1385,299.1385,299.1385,299.1385
1759498200,299.9279,299.9279,299.9279,299.9279
1759757400,305.0511,305.0511,305.0511,305.0511
1759843800,300.2323,300.2323,300.2323,300.2323
1759930200,309.1204,309.1204,309.1204,309.1204
1760016600,296.1826,296.1826,296.1826,296.1826
1760103000,295.5296,295.5296,295.5296,295.5296
1760362200,309.5877,309.5877,309.5877,309.5877
1760448600,307.1117,307.1117,307.1117,307.1117
1760535000,318.4675,318.4675,318.4675,318.4675
1760621400,329.3161,329.3161,329.3161,329.3161
1760707800,306.0126,306.0126,306.0126,306.0126
1760967000,314.0299,314.0299,314.0299,314.0299
1761053400,283.987,283.987,283.987,283.987
1761139800,285.578,285.578,285.578,285.578
1761226200,287.9993,287.9993,287.9993,287.9993
1761312600,285.5932,285.5932,285.5932,285.5932
1761571800,274.5801,274.5801,274.5801,274.5801
1761658200,278.0858,278.0858,278.0858,278.0858
1761744600,278.5213,278.5213,278.5213,278.5213
1761831000,283.8036,283.8036,283.8036,283.8036
1761917400,279.67,279.67,279.67,279.67
1762180200,277.5571,277.5571,277.5571,277.5571
1762266600,265.0271,265.0271,265.0271,265.0271
1762353000,272.0157,272.0157,272.0157,272.0157
1762439400,271.8775,271.8775,271.8775,271.8775
1762525800,278.531,278.531,278.531,278.531
1762785000,291.4811,291.4811,291.4811,291.4811
1762871400,294.9924,294.9924,294.9924,294.9924
1762957800,305.0782,305.0782,305.0782,305.0782
1763044200,297.0622,297.0622,297.0622,297.0622
1763130600,294.4278,294.4278,294.4278,294.4278
1763389800,289.4765,289.4765,289.4765,289.4765
1763476200,292.903,292.903,292.903,292.903
1763562600,296.8163,296.8163,296.8163,296.8163
1763649000,281.8087,281.8087,281.8087,281.8087
1763735400,284.1164,284.1164,284.1164,284.1164
1763994600,299.7791,299.7791,299.7791,299.7791
1764081000,301.8166,301.8166,301.8166,301.8166
1764167400,316.851,316.851,316.851,316.851
1764340200,324.5856,324.5856,324.5856,324.5856
1764599400,324.5753,324.5753,324.5753,324.5753
1764685800,319.1411,319.1411,319.1411,319.1411
1764772200,318.0121,318.0121,318.0121,318.0121
1764858600,319.2898,319.2898,319.2898,319.2898
1764945000,318.4598,318.4598,318.4598,318.4598
1765204200,311.005,311.005,311.005,311.005
1765290600,322.0152,322.0152,322.0152,322.0152
1765377000,326.613,326.613,326.613,326.613
1765463400,341.3941,341.3941,341.3941,341.3941
1765549800,337.732,337.732,337.732,337.732
1765809000,336.3529,336.3529,336.3529,336.3529
1765895400,335.4376,335.4376,335.4376,335.4376
1765981800,338.3249,338.3249,338.3249,338.3249
1766068200,338.3649,338.3649,338.3649,338.3649
1766154600,347.8043,347.8043,347.8043,347.8043
1766413800,358.6295,358.6295,358.6295,358.6295
1766500200,360.4665,360.4665,360.4665,360.4665
1766586600,358.0142,358.0142,358.0142,358.0142
1766759400,363.2099,363.2099,363.2099,363.2099
1767018600,344.2895,344.2895,344.2895,344.2895
1767105000,347.0143,347.0143,347.0143,347.0143
1767191400,342.2843,342.2843,342.2843,342.2843
1767364200,342.5854,342.5854,342.5854,342.5854
1767623400,353.8573,353.8573,353.8573,353.8573
1767709800,370.5616,370.5616,370.5616,370.5616
1767796200,366.9541,366.9541,366.9541,366.9541
1767882600,367.308,367.308,367.308,367.308
1767969000,374.5258,374.5258,374.5258,374.5258
1768228200,388.4984,388.4984,388.4984,388.4984
1768314600,392.1496,392.1496,392.1496,392.1496
1768401000,393.3318,393.3318,393.3318,393.3318
1768487400,394.7542,394.7542,394.7542,394.7542
1768573800,395.0071,395.0071,395.0071,395.0071
1768919400,415.6504,415.6504,415.6504,415.6504
1769005800,410.5725,410.5725,410.5725,410.5725
1769092200,426.0781,426.0781,426.0781,426.0781
1769178600,434.4624,434.4624,434.4624,434.4624
1769437800,436.2662,436.2662,436.2662,436.2662
1769524200,440.6208,440.6208,440.6208,440.6208
1769610600,451.1292,451.1292,451.1292,451.1292
1769697000,437.0195,437.0195,437.0195,437.0195
1769783400,382.3326,382.3326,382.3326,382.3326
1770042600,380.8145,380.8145,380.8145,380.8145
1770129000,398.4299,398.4299,398.4299,398.4299
1770215400,397.5269,397.5269,397.5269,397.5269
1770301800,372.6625,372.6625,372.6625,372.6625
1770388200,391.9547,391.9547,391.9547,391.9547
1770647400,414.8978,414.8978,414.8978,414.8978
1770733800,417.928,417.928,417.928,417.928
1770820200,428.7145,428.7145,428.7145,428.7145
1770906600,398.1954,398.1954,398.1954,398.1954
1770993000,419.8014,419.8014,419.8014,419.8014
1771338600,406.6161,406.6161,406.6161,406.6161
1771425000,416.3925,416.3925,416.3925,416.3925
1771511400,422.6902,422.6902,422.6902,422.6902
1771597800,431.6738,431.6738,431.6738,431.6738
1771857000,443.3165,443.3165,443.3165,443.3165
1771943400,449.3934,449.3934,449.3934,449.3934
1772029800,450.5322,450.5322,450.5322,450.5322
1772116200,462.757,462.757,462.757,462.757
1772202600,470.3711,470.3711,470.3711,470.3711
1772461800,469.2655,469.2655,469.2655,469.2655
1772548200,431.3463,431.3463,431.3463,431.3463
1772634600,433.3756,433.3756,433.3756,433.3756
1772721000,415.6147,415.6147,415.6147,415.6147
1772807400,413.3909,413.3909,413.3909,413.3909
1773063000,418.0092,418.0092,418.0092,418.0092
1773149400,424.335,424.335,424.335,424.335
1773235800,415.3182,415.3182,415.3182,415.3182
1773322200,405.8431,405.8431,405.8431,405.8431
1773408600,383.9409,383.9409,383.9409,383.9409
1773667800,387.8291,387.8291,387.8291,387.8291
1773754200,386.2049,386.2049,386.2049,386.2049
1773840600,362.4391,362.4391,362.4391,362.4391
1773927000,341.3063,341.3063,341.3063,341.3063
1774013400,328.2776,328.2776,328.2776,328.2776
1774272600,340.8665,340.8665,340.8665,340.8665
1774359000,344.6321,344.6321,344.6321,344.6321
1774445400,353.4077,353.4077,353.4077,353.4077
1774531800,340.912,340.912,340.912,340.912
1774618200,353.2042,353.2042,353.2042,353.2042
1774877400,349.47,349.47,349.47,349.47
1774963800,374.2117,374.2117,374.2117,374.2117
1775050200,389.4815,389.4815,389.4815,389.4815
1775136600,387.1542,387.1542,387.1542,387.1542
1775482200,384.5757,384.5757,384.5757,384.5757
1775568600,386.9771,386.9771,386.9771,386.9771
1775655000,399.6522,399.6522,399.6522,399.6522
1775741400,399.6113,399.6113,399.6113,399.6113
1775827800,405.0653,405.0653,405.0653,405.0653
1776087000,402.9553,402.9553,402.9553,402.9553
1776173400,409.3512,409.3512,409.3512,409.3512
1776259800,399.9935,399.9935,399.9935,399.9935
1776346200,398.3805,398.3805,398.3805,398.3805
1776432600,410.9089,410.9089,410.9089,410.9089
1776691800,405.5959,405.5959,405.5959,405.5959
1776778200,381.3372,381.3372,381.3372,381.3372
1776864600,387.8051,387.8051,387.8051,387.8051
1776951000,376.7602,376.7602,376.7602,376.7602
1777037400,382.681,382.681,382.681,382.681
1777296600,376.1086,376.1086,376.1086,376.1086
1777383000,359.4392,359.4392,359.4392,359.4392
1777469400,350.0319,350.0319,350.0319,350.0319
1777555800,358.2145,358.2145,358.2145,358.2145
1777642200,353.3707,353.3707,353.3707,353.3707
1777901400,347.9677,347.9677,347.9677,347.9677
1777987800,348.6767,348.6767,348.6767,348.6767
1778074200,375.3708,375.3708,375.3708,375.3708
1778160600,373.1485,373.1485,373.1485,373.1485
1778247000,384.7172,384.7172,384.7172,384.7172
1778506200,400.4912,400.4912,400.4912,400.4912
1778592600,400.6661,400.6661,400.6661,400.6661
1778679000,398.9836,398.9836,398.9836,398.9836
1778765400,389.1108,389.1108,389.1108,389.1108
1778851800,361.8912,361.8912,361.8912,361.8912
1779111000,358.6406,358.6406,358.6406,358.6406
1779197400,345.671,345.671,345.671,345.671
1779283800,357.5245,357.5245,357.5245,357.5245
1779370200,357.9497,357.9497,357.9497,357.9497
1779456600,353.7728,353.7728,353.7728,353.7728
1779802200,367.1736,367.1736,367.1736,367.1736
1779888600,356.472,356.472,356.472,356.472
1779975000,364.9327,364.9327,364.9327,364.9327
1780061400,372.4691,372.4691,372.4691,372.4691
1780320600,364.893,364.893,364.893,364.893
1780407000,370.731,370.731,370.731,370.731
1780493400,358.1196,358.1196,358.1196,358.1196
1780579800,363.347,363.347,363.347,363.347
1780666200,331.8321,331.8321,331.3107,331.3107
1780925400,330.4581,330.4581,330.4581,330.4581
1781011800,326.125,326.125,326.125,326.125
1781098200,311.3599,311.3599,311.3599,311.3599
1781184600,328.1864,328.1864,328.1864,328.1864
1781271000,337.7386,337.7386,337.7386,337.7386
1781530200,357.9712,357.9712,357.9712,357.9712
1781616600,365.492,365.492,365.492,365.492
1781703000,355.8927,355.8927,355.8927,355.8927
1781789400,348.031,348.031,348.031,348.031
1782135000,342.7894,342.7894,342.7894,342.7894
1782221400,326.8027,326.8027,326.8027,326.8027
1782307800,313.4064,313.4064,313.4064,313.4064
1782394200,318.5718,318.5718,318.5718,318.5718
1782480600,322.6037,322.6037,322.6037,322.6037
1782739800,317.4534,317.4534,317.4534,317.4534
1782826200,317.7113,317.7113,317.7113,317.7113
1782912600,316.6695,316.6695,316.6695,316.6695
1782999000,328.4176,328.4176,328.4176,328.4176
1783344600,326.7034,326.7034,326.7034,326.7034
1783431000,315.9926,315.9926,315.9926,315.9926
1783517400,304.7227,304.7227,304.7227,304.7227
1783603800,315.2918,315.2918,315.2918,315.2918
1783690200,314.0401,314.0401,314.0401,314.0401
1783949400,306.6175,306.6175,306.6175,306.6175
1784035800,311.2392,311.2392,311.2392,311.2392
1784122200,308.8197,308.8197,308.8197,308.8197
1784208600,297.0771,297.0771,297.0771,297.0771
1784295000,295.8015,295.8015,295.8015,295.8015
1784554200,294.4186,294.4186,294.4186,294.4186
1784640600,310.1653,310.1653,310.1653,310.1653
1784727000,319.9034,319.9034,319.9034,319.9034
1784813400,313.1832,313.1832,313.1832,313.1832
1784899800,312.8898,312.8898,312.8898,312.8898
1785159000,314.4925,314.4925,314.4925,314.4925
1785245400,307.6481,307.6481,307.6481,307.6481
1785331800,305.1396,305.1396,305.1396,305.1396
1785418200,317.9477,317.9477,317.9477,317.9477
1785504600,307.8977,307.8977,307.8977,307.8977
1785763800,315.3126,315.3126,315.3126,315.3126
1785850200,323.7218,323.7218,323.7218,323.7218