time,open,high,low,close
1257804000,3.812,3.949,3.772,3.917
1257890400,3.917,4.009,3.897,3.905
1257976800,3.905,3.963,3.808,3.886
1258063200,3.886,3.929,3.837,3.879
1258322400,3.879,4.008,3.879,3.998
1258408800,3.998,4.023,3.951,4.001
1258495200,4.001,4.079,3.959,3.974
1258581600,3.974,3.99,3.885,3.94
1258668000,3.94,3.975,3.888,3.896
1258927200,3.896,4.017,3.838,3.845
1259013600,3.845,3.86,3.733,3.759
1259100000,3.759,3.926,3.759,3.909
1259272800,3.909,3.975,3.78,3.965
1259532000,3.965,4.044,3.914,4.002
1259618400,4.002,4.052,3.965,3.967
1259704800,3.967,3.983,3.893,3.91
1259791200,3.91,3.966,3.844,3.849
1259877600,3.849,3.859,3.727,3.729
1260136800,3.729,3.776,3.671,3.686
1260223200,3.686,3.747,3.672,3.702
1260309600,3.702,3.73,3.635,3.682
1260396000,3.682,3.805,3.658,3.768
1260482400,3.768,3.909,3.743,3.884
1260741600,3.884,3.948,3.848,3.94
1260828000,3.94,3.949,3.901,3.918
1260914400,3.918,3.987,3.886,3.958
1261000800,3.958,3.958,3.791,3.811
1261087200,3.811,3.869,3.771,3.834
1261346400,3.834,3.928,3.821,3.861
1261432800,3.861,3.884,3.802,3.848
1261519200,3.848,3.917,3.839,3.905
1261605600,3.905,3.953,3.896,3.948
1261951200,3.948,4.054,3.948,4.022
1262037600,4.022,4.051,4.005,4.041
1262124000,4.041,4.041,3.897,4.009
1262210400,4.009,4.056,3.995,4.016
1262556000,4.016,4.141,4.015,4.052
1262642400,4.052,4.082,4.036,4.07
1262728800,4.07,4.103,4.045,4.101
1262815200,4.101,4.125,4.037,4.064
1262901600,4.064,4.122,4.038,4.093
1263160800,4.093,4.141,4.074,4.076
1263247200,4.076,4.084,3.827,3.827
1263333600,3.827,3.827,3.589,3.733
1263420000,3.733,3.735,3.676,3.696
1263506400,3.696,3.707,3.607,3.627
1263852000,3.627,3.669,3.596,3.611
1263938400,3.611,3.624,3.544,3.61
1264024800,3.61,3.641,3.563,3.639
1264111200,3.639,3.649,3.562,3.577
1264370400,3.577,3.62,3.577,3.611
1264456800,3.611,3.619,3.534,3.546
1264543200,3.546,3.566,3.516,3.521
1264629600,3.521,3.564,3.512,3.557
1264716000,3.557,3.569,3.489,3.494
1264975200,3.494,3.548,3.494,3.521
1265061600,3.521,3.613,3.521,3.589
1265148000,3.589,3.624,3.47,3.475
1265234400,3.475,3.532,3.437,3.491
1265320800,3.491,3.502,3.424,3.463
1265580000,3.463,3.571,3.463,3.512
1265666400,3.512,3.587,3.5,3.535
1265752800,3.535,3.608,3.507,3.574
1265839200,3.574,3.604,3.551,3.588
1265925600,3.588,3.598,3.533,3.577
1266271200,3.577,3.65,3.577,3.638
1266357600,3.638,3.641,3.56,3.572
1266444000,3.572,3.581,3.522,3.534
1266530400,3.534,3.573,3.5,3.566
1266789600,3.566,3.739,3.566,3.694
1266876000,3.694,3.703,3.646,3.651
1266962400,3.651,3.732,3.649,3.727
1267048800,3.727,3.727,3.669,3.694
1267135200,3.694,3.778,3.694,3.77
1267394400,3.77,3.792,3.676,3.693
1267480800,3.693,3.719,3.637,3.68
1267567200,3.68,3.764,3.68,3.741
1267653600,3.741,3.741,3.68,3.71
1267740000,3.71,3.759,3.632,3.645
1267999200,3.645,3.672,3.617,3.639
1268085600,3.639,3.64,3.576,3.581
1268172000,3.581,3.603,3.523,3.555
1268258400,3.555,3.573,3.519,3.549
1268344800,3.549,3.58,3.529,3.554
1268600400,3.554,3.574,3.534,3.543
1268686800,3.543,3.603,3.543,3.582
1268773200,3.582,3.659,3.566,3.651
1268859600,3.651,3.68,3.606,3.675
1268946000,3.675,3.678,3.632,3.649
1269205200,3.649,3.668,3.627,3.627
1269291600,3.627,3.644,3.55,3.562
1269378000,3.562,3.591,3.517,3.586
1269464400,3.586,3.591,3.47,3.479
1269550800,3.479,3.51,3.479,3.498
1269810000,3.498,3.532,3.483,3.5
1269896400,3.5,3.525,3.454,3.484
1269982800,3.484,3.484,3.382,3.392
1270069200,3.392,3.43,3.376,3.386
1270414800,3.386,3.418,3.386,3.409
1270501200,3.409,3.445,3.39,3.413
1270587600,3.413,3.537,3.387,3.518
1270674000,3.518,3.518,3.413,3.433
1270760400,3.433,3.471,3.392,3.417
1271019600,3.417,3.467,3.411,3.436
1271106000,3.436,3.491,3.41,3.491
1271192400,3.491,3.594,3.472,3.542
1271278800,3.542,3.596,3.521,3.591
1271365200,3.591,3.609,3.545,3.577
1271624400,3.577,3.588,3.443,3.446
1271710800,3.446,3.531,3.446,3.531
1271797200,3.531,3.599,3.519,3.567
1271883600,3.567,3.598,3.529,3.591
1271970000,3.591,3.595,3.491,3.501
1272229200,3.501,3.569,3.495,3.502
1272315600,3.502,3.508,3.427,3.454
1272402000,3.454,3.595,3.454,3.555
1272488400,3.555,3.678,3.545,3.576
1272574800,3.576,3.647,3.576,3.647
1272834000,3.647,3.674,3.59,3.6
1272920400,3.6,3.612,3.521,3.591
1273006800,3.591,3.637,3.533,3.635
1273093200,3.635,3.716,3.601,3.614
1273179600,3.614,3.668,3.599,3.63
1273438800,3.63,3.692,3.612,3.612
1273525200,3.612,3.696,3.576,3.691
1273611600,3.691,3.787,3.675,3.715
1273698000,3.715,3.736,3.653,3.653
1273784400,3.653,3.678,3.555,3.57
1274043600,3.57,3.582,3.495,3.512
1274130000,3.512,3.567,3.51,3.555
1274216400,3.555,3.573,3.477,3.536
1274302800,3.536,3.572,3.485,3.572
1274389200,3.572,3.666,3.533,3.637
1274648400,3.637,3.672,3.624,3.65
1274734800,3.65,3.65,3.572,3.589
1274821200,3.589,3.667,3.589,3.652
1274907600,3.652,3.685,3.63,3.668
1274994000,3.668,3.678,3.536,3.558
1275339600,3.558,3.564,3.485,3.501
1275426000,3.501,3.531,3.435,3.437
1275512400,3.437,3.473,3.404,3.461
1275598800,3.461,3.466,3.358,3.37
1275858000,3.37,3.372,3.318,3.321
1275944400,3.321,3.367,3.314,3.337
1276030800,3.337,3.378,3.33,3.343
1276117200,3.343,3.445,3.326,3.403
1276203600,3.403,3.464,3.394,3.456
1276462800,3.456,3.514,3.454,3.497
1276549200,3.497,3.52,3.478,3.505
1276635600,3.505,3.575,3.499,3.546
1276722000,3.546,3.569,3.514,3.549
1276808400,3.549,3.615,3.53,3.573
1277067600,3.573,3.648,3.489,3.519
1277154000,3.519,3.539,3.46,3.493
1277240400,3.493,3.496,3.437,3.439
1277326800,3.439,3.465,3.402,3.44
1277413200,3.44,3.441,3.376,3.381
1277672400,3.381,3.381,3.305,3.307
1277758800,3.307,3.327,3.231,3.236
1277845200,3.236,3.558,3.236,3.528
1277931600,3.528,3.659,3.502,3.636
1278018000,3.636,3.65,3.6,3.635
1278363600,3.635,3.704,3.584,3.602
1278450000,3.602,3.705,3.59,3.705
1278536400,3.705,3.779,3.693,3.761
1278622800,3.761,3.775,3.727,3.755
1278882000,3.755,3.762,3.696,3.713
1278968400,3.713,3.742,3.659,3.664
1279054800,3.664,3.768,3.657,3.761
1279141200,3.761,3.894,3.749,3.833
1279227600,3.833,3.876,3.795,3.864
1279486800,3.864,3.864,3.694,3.741
1279573200,3.741,3.741,3.661,3.671
1279659600,3.671,3.743,3.661,3.716
1279746000,3.716,3.798,3.671,3.676
1279832400,3.676,3.726,3.631,3.643
1280091600,3.643,3.654,3.556,3.573
1280178000,3.573,3.626,3.559,3.572
1280264400,3.572,3.733,3.562,3.703
1280350800,3.703,3.791,3.694,3.734
1280437200,3.734,3.868,3.724,3.866
1280696400,3.866,3.983,3.838,3.85
1280782800,3.85,3.888,3.797,3.832
1280869200,3.832,3.964,3.82,3.949
1280955600,3.949,4.192,3.9,3.955
1281042000,3.955,4.028,3.868,3.979
1281301200,3.979,4.059,3.961,3.983
1281387600,3.983,3.983,3.883,3.886
1281474000,3.886,3.958,3.86,3.899
1281560400,3.899,4.093,3.899,4.042
1281646800,4.042,4.092,4.015,4.065
1281906000,4.065,4.134,4.017,4.032
1281992400,4.032,4.123,4.024,4.12
1282078800,4.12,4.159,4.055,4.152
1282165200,4.152,4.192,4.076,4.098
1282251600,4.098,4.184,4.055,4.182
1282510800,4.182,4.191,4.119,4.139
1282597200,4.139,4.139,3.969,4.004
1282683600,4.004,4.06,3.975,4.02
1282770000,4.02,4.17,4.02,4.138
1282856400,4.138,4.224,4.134,4.179
1283115600,4.179,4.271,4.179,4.244
1283202000,4.244,4.275,4.142,4.245
1283288400,4.245,4.311,4.213,4.304
1283374800,4.304,4.313,4.268,4.313
1283461200,4.313,4.501,4.292,4.486
1283806800,4.486,4.578,4.422,4.485
1283893200,4.485,4.521,4.461,4.466
1283979600,4.466,4.563,4.442,4.563
1284066000,4.563,4.642,4.524,4.639
1284325200,4.639,4.716,4.623,4.704
1284411600,4.704,4.807,4.659,4.798
1284498000,4.798,4.837,4.772,4.799
1284584400,4.799,4.83,4.752,4.823
1284670800,4.823,5.023,4.821,4.977
1284930000,4.977,5.091,4.936,4.946
1285016400,4.946,5.03,4.896,4.899
1285102800,4.899,4.98,4.866,4.917
1285189200,4.917,4.927,4.819,4.844
1285275600,4.844,5.096,4.832,5.076
1285534800,5.076,5.152,4.982,4.982
1285621200,4.982,5.005,4.869,4.876
1285707600,4.876,4.934,4.738,4.929
1285794000,4.929,4.957,4.665,4.833
1285880400,4.833,4.833,4.544,4.544
1286139600,4.544,4.627,4.435,4.603
1286226000,4.603,4.819,4.544,4.787
1286312400,4.787,4.846,4.762,4.767
1286398800,4.767,4.913,4.767,4.869
1286485200,4.869,5.166,4.85,5.166
1286744400,5.166,5.599,5.166,5.438
1286830800,5.438,5.722,5.43,5.66
1286917200,5.66,5.76,5.542,5.564
1287003600,5.564,5.681,5.544,5.559
1287090000,5.559,5.636,5.509,5.514
1287349200,5.514,5.524,5.426,5.471
1287435600,5.471,5.516,5.328,5.364
1287522000,5.364,5.656,5.34,5.624
1287608400,5.624,5.691,5.518,5.542
1287694800,5.542,5.61,5.498,5.503
1287954000,5.503,5.66,5.503,5.572
1288040400,5.572,5.679,5.529,5.618
1288126800,5.618,5.699,5.526,5.674
1288213200,5.674,5.762,5.662,5.701
1288299600,5.701,5.742,5.623,5.734
1288558800,5.734,5.823,5.683,5.701
1288645200,5.701,5.749,5.644,5.686
1288731600,5.686,5.744,5.611,5.719
1288818000,5.719,5.879,5.719,5.82
1288904400,5.82,5.842,5.757,5.79
1289167200,5.79,5.85,5.776,5.788
1289253600,5.788,5.965,5.647,5.672
1289340000,5.672,5.737,5.587,5.607
1289426400,5.607,5.68,5.515,5.579
1289512800,5.579,5.604,5.284,5.284
1289772000,5.284,5.614,5.284,5.5
1289858400,5.5,5.51,5.207,5.229
1289944800,5.229,5.312,5.046,5.204
1290031200,5.204,5.416,5.204,5.367
1290117600,5.367,5.437,5.143,5.175
1290376800,5.175,5.283,5.081,5.123
1290463200,5.123,5.279,5.028,5.249
1290549600,5.249,5.357,5.249,5.353
1290722400,5.353,5.402,5.279,5.341
1290981600,5.341,5.423,5.326,5.359
1291068000,5.359,5.384,5.271,5.279
1291154400,5.279,5.502,5.266,5.484
1291240800,5.484,5.511,5.384,5.394
1291327200,5.394,5.57,5.39,5.568
1291586400,5.568,5.59,5.471,5.521
1291672800,5.521,5.607,5.416,5.456
1291759200,5.456,5.587,5.377,5.585
1291845600,5.585,5.634,5.535,5.597
1291932000,5.597,5.645,5.531,5.598
1292191200,5.598,5.759,5.558,5.759
1292277600,5.759,5.759,5.704,5.736
1292364000,5.736,5.813,5.671,5.711
1292450400,5.711,5.771,5.686,5.737
1292536800,5.737,5.86,5.727,5.829
1292796000,5.829,5.914,5.829,5.867
1292882400,5.867,5.915,5.856,5.896
1292968800,5.896,5.973,5.877,5.961
1293055200,5.961,6.024,5.945,6.011
1293400800,6.011,6.071,5.974,6.025
1293487200,6.025,6.124,6.011,6.114
1293573600,6.114,6.148,6.074,6.116
1293660000,6.116,6.134,6.012,6.064
1293746400,6.064,6.185,6.044,6.183
1294005600,6.183,6.229,6.092,6.094
1294092000,6.094,6.127,5.931,5.98
1294178400,5.98,6.093,5.9,6.075
1294264800,6.075,6.108,5.902,5.912
1294351200,5.912,5.945,5.852,5.869
1294610400,5.869,6.043,5.869,5.994
1294696800,5.994,6.06,5.966,5.979
1294783200,5.979,6.273,5.962,6.236
1294869600,6.236,6.398,6.236,6.351
1294956000,6.351,6.402,6.269,6.4
1295301600,6.4,6.537,6.365,6.492
1295388000,6.492,6.572,6.287,6.329
1295474400,6.329,6.459,6.192,6.459
1295560800,6.459,6.583,6.42,6.485
1295820000,6.485,6.533,6.426,6.475
1295906400,6.475,6.475,6.316,6.368
1295992800,6.368,6.543,6.326,6.503
1296079200,6.503,6.54,6.401,6.443
1296165600,6.443,6.504,6.353,6.368
1296424800,6.368,6.526,6.354,6.504
1296511200,6.504,6.599,6.489,6.595
1296597600,6.595,6.678,6.566,6.609
1296684000,6.609,6.672,6.521,6.558
1296770400,6.558,6.728,6.532,6.721
1297029600,6.721,6.765,6.639,6.684
1297116000,6.684,6.693,6.608,6.673
1297202400,6.673,6.95,6.673,6.913
1297288800,6.913,6.986,6.887,6.932
1297375200,6.932,7.013,6.896,7.011
1297634400,7.011,7.055,6.902,6.919
1297720800,6.919,6.95,6.757,6.879
1297807200,6.879,6.904,6.783,6.875
1297893600,6.875,7.083,6.875,7.071
1297980000,7.071,7.107,6.976,7.05
1298325600,7.05,7.205,6.764,6.764
1298412000,6.764,6.903,6.534,6.9
1298498400,6.9,6.948,6.77,6.802
1298584800,6.802,7.192,6.802,7.078
1298844000,7.078,7.21,7.046,7.195
1298930400,7.195,7.255,7.15,7.247
1299016800,7.247,7.303,6.977,7.099
1299103200,7.099,7.281,7.09,7.271
1299189600,7.271,7.332,7.145,7.195
1299448800,7.195,7.247,7.031,7.091
1299535200,7.091,7.109,6.94,6.97
1299621600,6.97,7.039,6.842,6.937
1299708000,6.937,6.952,6.747,6.747
1299794400,6.747,6.772,6.458,6.596
1300050000,6.596,6.697,6.508,6.63
1300136400,6.63,6.633,6.318,6.318
1300222800,6.318,6.435,6.04,6.137
1300309200,6.137,6.424,6.12,6.424
1300395600,6.424,6.872,6.424,6.795
1300654800,6.795,6.943,6.72,6.824
1300741200,6.824,6.829,6.691,6.808
1300827600,6.808,6.873,6.744,6.761
1300914000,6.761,6.993,6.727,6.986
1301000400,6.986,7.133,6.845,6.862
1301259600,6.862,6.912,6.648,6.668
1301346000,6.668,6.736,6.579,6.681
1301432400,6.681,6.716,6.582,6.582
1301518800,6.582,6.899,6.561,6.899
1301605200,6.899,7.348,6.899,7.288
1301864400,7.288,7.617,7.288,7.562
1301950800,7.562,7.675,7.513,7.62
1302037200,7.62,7.635,7.544,7.593
1302123600,7.593,7.701,7.5,7.574
1302210000,7.574,7.662,7.483,7.65
1302469200,7.65,7.806,7.575,7.747
1302555600,7.747,7.747,7.442,7.506
1302642000,7.506,7.659,7.44,7.527
1302728400,7.527,7.577,7.388,7.523
1302814800,7.523,7.558,7.372,7.377
1303074000,7.377,7.512,7.317,7.502
1303160400,7.502,7.552,7.455,7.485
1303246800,7.485,7.66,7.271,7.289
1303333200,7.289,7.397,7.27,7.364
1303678800,7.364,7.637,7.364,7.592
1303765200,7.592,7.693,7.508,7.641
1303851600,7.641,7.663,7.487,7.512
1303938000,7.512,7.599,7.143,7.216
1304024400,7.216,7.573,7.186,7.543
1304283600,7.543,7.568,7.274,7.286
1304370000,7.286,7.376,7.152,7.177
1304456400,7.177,7.3,7.113,7.25
1304542800,7.25,7.323,6.984,7.049
1304629200,7.049,7.16,6.77,6.817
1304888400,6.817,7.057,6.817,7.05
1304974800,7.05,7.205,7.007,7.058
1305061200,7.058,7.111,6.684,6.684
1305147600,6.684,6.93,6.592,6.8
1305234000,6.8,6.91,6.775,6.84
1305493200,6.84,7.09,6.84,6.99
1305579600,6.99,7.22,6.965,7.217
1305666000,7.217,7.513,7.217,7.513
1305752400,7.513,7.61,7.435,7.51
1305838800,7.51,7.66,7.442,7.612
1306098000,7.612,7.76,7.509,7.534
1306184400,7.534,7.599,7.276,7.341
1306270800,7.341,7.479,7.331,7.434
1306357200,7.434,7.594,7.434,7.494
1306443600,7.494,7.598,7.416,7.588
1306789200,7.588,7.645,7.438,7.495
1306875600,7.495,7.613,7.417,7.598
1306962000,7.598,7.707,7.553,7.67
1307048400,7.67,7.697,7.517,7.53
1307307600,7.53,7.587,7.321,7.324
1307394000,7.324,7.384,7.299,7.374
1307480400,7.374,7.671,7.351,7.639
1307566800,7.639,7.929,7.601,7.846
1307653200,7.846,8.001,7.779,7.866
1307912400,7.866,7.931,7.778,7.826
1307998800,7.826,7.826,7.53,7.548
1308085200,7.548,7.625,7.26,7.262
1308171600,7.262,7.29,6.992,7.007
1308258000,7.007,7.149,6.917,7.027
1308517200,7.027,7.081,6.959,7.019
1308603600,7.019,7.196,7.019,7.084
1308690000,7.084,7.144,6.778,6.778
1308776400,6.778,6.841,6.393,6.828
1308862800,6.828,6.981,6.693,6.701
1309122000,6.701,6.701,6.503,6.613
1309208400,6.613,6.845,6.612,6.815
1309294800,6.815,7.147,6.815,6.987
1309381200,6.987,7.087,6.152,6.262
1309467600,6.262,6.529,6.209,6.407
1309813200,6.407,6.844,6.407,6.841
1309899600,6.841,6.841,6.476,6.476
1309986000,6.476,6.681,6.476,6.519
1310072400,6.519,6.711,6.519,6.706
1310331600,6.706,6.81,6.635,6.798
1310418000,6.798,7.135,6.67,6.92
1310504400,6.92,7.4,6.92,7.29
1310590800,7.29,7.411,7.185,7.4
1310677200,7.4,7.574,7.321,7.499
1310936400,7.499,7.499,7.253,7.398
1311022800,7.398,7.676,7.388,7.422
1311109200,7.422,7.514,7.266,7.287
1311195600,7.287,7.312,7.101,7.193
1311282000,7.193,7.301,7.115,7.296
1311541200,7.296,7.296,7.082,7.142
1311627600,7.142,7.271,7.119,7.268
1311714000,7.268,7.29,7.123,7.277
1311800400,7.277,7.277,7.146,7.193
1311886800,7.193,7.193,6.952,6.999
1312146000,6.999,7.159,6.967,7.137
1312232400,7.137,7.435,7.079,7.435
1312318800,7.435,7.463,7.316,7.352
1312405200,7.352,7.371,7.113,7.25
1312491600,7.25,7.292,7.079,7.222
1312750800,7.222,7.222,6.966,7.015
1312837200,7.015,7.138,6.836,7.062
1312923600,7.062,7.147,7.011,7.031
1313010000,7.031,7.333,7.006,7.278
1313096400,7.278,7.325,7.22,7.255
1313355600,7.255,7.341,7.248,7.296
1313442000,7.296,7.367,7.213,7.353
1313528400,7.353,7.413,7.289,7.327
1313614800,7.327,7.327,7.146,7.199
1313701200,7.199,7.336,7.12,7.299
1313960400,7.299,7.396,7.29,7.381
1314046800,7.381,7.476,7.365,7.471
1314133200,7.471,7.531,7.438,7.455
1314219600,7.455,7.512,7.388,7.468
1314306000,7.468,7.695,7.44,7.685
1314565200,7.685,7.783,7.644,7.666
1314651600,7.666,7.772,7.585,7.744
1314738000,7.744,7.758,7.669,7.703
1314824400,7.703,7.703,7.373,7.378
1314910800,7.378,7.622,7.378,7.593
1315256400,7.593,7.593,7.406,7.527
1315342800,7.527,7.608,7.385,7.405
1315429200,7.405,7.446,7.26,7.279
1315515600,7.279,7.325,7.232,7.292
1315774800,7.292,7.377,7.184,7.337
1315861200,7.337,7.369,7.055,7.096
1315947600,7.096,7.142,7.024,7.095
1316034000,7.095,7.108,6.866,6.871
1316120400,6.871,6.936,6.785,6.789
1316379600,6.789,6.811,6.639,6.801
1316466000,6.801,6.915,6.776,6.778
1316552400,6.778,6.848,6.728,6.728
1316638800,6.728,6.728,6.359,6.366
1316725200,6.366,6.47,6.267,6.294
1316984400,6.294,6.421,6.192,6.377
1317070800,6.377,6.55,6.351,6.398
1317157200,6.398,6.398,6.183,6.195
1317243600,6.195,6.278,6.127,6.236
1317330000,6.236,6.256,5.829,5.829
1317589200,5.829,5.894,5.633,5.853
1317675600,5.853,5.853,5.681,5.763
1317762000,5.763,5.986,5.763,5.981
1317848400,5.981,6.077,5.949,5.962
1317934800,5.962,5.985,5.874,5.941
1318194000,5.941,6.098,5.9,5.96
1318280400,5.96,6.361,5.914,6.361
1318366800,6.361,6.46,6.202,6.357
1318453200,6.357,6.357,6.136,6.282
1318539600,6.282,6.399,6.239,6.313
1318798800,6.313,6.388,6.275,6.307
1318885200,6.307,6.388,6.224,6.37
1318971600,6.37,6.434,6.298,6.313
1319058000,6.313,6.433,6.244,6.423
1319144400,6.423,6.577,6.409,6.419
1319403600,6.419,6.544,6.393,6.426
1319490000,6.426,6.513,6.399,6.452
1319576400,6.452,6.485,6.263,6.315
1319662800,6.315,6.507,6.31,6.47
1319749200,6.47,6.503,6.387,6.493
1320008400,6.493,6.494,6.319,6.436
1320094800,6.436,6.541,6.256,6.502
1320181200,6.502,6.535,6.347,6.377
1320267600,6.377,6.527,6.35,6.482
1320354000,6.482,6.518,6.389,6.491
1320616800,6.491,6.511,6.428,6.476
1320703200,6.476,6.588,6.468,6.576
1320789600,6.576,6.609,6.418,6.508
1320876000,6.508,6.571,6.403,6.423
1320962400,6.423,6.458,6.32,6.352
1321221600,6.352,6.405,6.262,6.292
1321308000,6.292,6.417,6.273,6.41
1321394400,6.41,6.441,6.329,6.381
1321480800,6.381,6.381,6.067,6.114
1321567200,6.114,6.138,5.981,6.076
1321826400,6.076,6.081,5.903,5.96
1321912800,5.96,5.986,5.914,5.957
1321999200,5.957,5.984,5.816,5.859
1322172000,5.859,5.921,5.796,5.799
1322431200,5.799,5.942,5.799,5.89
1322517600,5.89,6.036,5.863,5.966
1322604000,5.966,6.079,5.865,5.987
1322690400,5.987,6.043,5.891,5.934
1322776800,5.934,5.965,5.838,5.853
1323036000,5.853,5.924,5.789,5.804
1323122400,5.804,5.848,5.69,5.848
1323208800,5.848,5.878,5.777,5.819
1323295200,5.819,5.908,5.743,5.898
1323381600,5.898,5.924,5.764,5.844
1323640800,5.844,5.883,5.763,5.863
1323727200,5.863,5.919,5.834,5.882
1323813600,5.882,5.93,5.754,5.756
1323900000,5.756,5.791,5.715,5.737
1323986400,5.737,5.827,5.727,5.78
1324245600,5.78,5.992,5.78,5.96
1324332000,5.96,6.037,5.916,6.027
1324418400,6.027,6.142,5.963,6.12
1324504800,6.12,6.202,6.068,6.118
1324591200,6.118,6.171,6.096,6.156
1324936800,6.156,6.322,6.156,6.29
1325023200,6.29,6.417,6.257,6.367
1325109600,6.367,6.412,6.308,6.343
1325196000,6.343,6.44,6.308,6.425
1325541600,6.425,6.599,6.425,6.557
1325628000,6.557,6.575,6.493,6.548
1325714400,6.548,6.555,6.354,6.384
1325800800,6.384,6.454,6.362,6.395
1326060000,6.395,6.59,6.389,6.503
1326146400,6.503,6.536,6.442,6.489
1326232800,6.489,6.517,6.423,6.497
1326319200,6.497,6.557,6.08,6.08
1326405600,6.08,6.113,5.952,5.961
1326751200,5.961,6.085,5.961,6.028
1326837600,6.028,6.033,5.894,5.899
1326924000,5.899,6.039,5.899,6.037
1327010400,6.037,6.107,5.983,6.105
1327269600,6.105,6.183,6.091,6.176
1327356000,6.176,6.331,6.117,6.276
1327442400,6.276,6.351,6.227,6.329
1327528800,6.329,6.429,6.305,6.324
1327615200,6.324,6.395,6.282,6.395
1327874400,6.395,6.401,6.25,6.295
1327960800,6.295,6.395,6.285,6.375
1328047200,6.375,6.475,6.357,6.395
1328133600,6.395,6.446,6.319,6.408
1328220000,6.408,6.441,6.356,6.411
1328479200,6.411,6.463,6.371,6.418
1328565600,6.418,6.428,6.371,6.406
1328652000,6.406,6.467,6.3,6.412
1328738400,6.412,6.5,6.308,6.34
1328824800,6.34,6.368,6.264,6.281
1329084000,6.281,6.417,6.281,6.378
1329170400,6.378,6.388,6.298,6.306
1329256800,6.306,6.369,6.237,6.254
1329343200,6.254,6.354,6.202,6.347
1329429600,6.347,6.452,6.337,6.4
1329775200,6.4,6.437,6.24,6.28
1329861600,6.28,6.383,6.245,6.378
1329948000,6.378,6.423,6.321,6.378
1330034400,6.378,6.404,6.334,6.394
1330293600,6.394,6.448,6.321,6.438
1330380000,6.438,6.537,6.413,6.535
1330466400,6.535,6.583,6.505,6.557
1330552800,6.557,6.5675,6.487,6.538
1330639200,6.538,6.578,6.472,6.576
1330898400,6.576,6.702,6.557,6.684
1330984800,6.684,6.684,6.547,6.631
1331071200,6.631,6.631,6.524,6.526
1331157600,6.526,6.526,6.389,6.439
1331244000,6.439,6.612,6.414,6.54
1331499600,6.54,6.703,6.506,6.68
1331586000,6.68,6.755,6.648,6.704
1331672400,6.704,6.735,6.629,6.664
1331758800,6.664,6.815,6.664,6.774
1331845200,6.774,6.819,6.745,6.811
1332104400,6.811,6.838,6.7105,6.7105
1332190800,6.7105,6.7115,6.512,6.546
1332277200,6.546,6.583,6.496,6.496
1332363600,6.496,6.548,6.441,6.514
1332450000,6.514,6.591,6.495,6.524
1332709200,6.524,6.627,6.443,6.445
1332795600,6.445,6.512,6.373,6.373
1332882000,6.373,6.414,6.253,6.268
1332968400,6.268,6.298,6.09,6.1
1333054800,6.1,6.503,6.099,6.503
1333314000,6.503,6.653,6.503,6.61
1333400400,6.61,6.714,6.579,6.639
1333486800,6.639,6.696,6.564,6.612
1333573200,6.612,6.686,6.603,6.647
1333659600,6.647,6.647,6.634,6.634
1333918800,6.634,6.694,6.535,6.541
1334005200,6.541,6.583,6.392,6.395
1334091600,6.395,6.4415,6.3555,6.401
1334178000,6.401,6.488,6.401,6.425
1334264400,6.425,6.458,6.286,6.325
1334523600,6.325,6.326,6.249,6.271
1334610000,6.271,6.315,6.199,6.199
1334696400,6.199,6.216,6.029,6.048
1334782800,6.048,6.262,6.048,6.248
1334869200,6.248,6.316,6.127,6.16
1335128400,6.16,6.245,6.132,6.244
1335214800,6.244,6.348,6.18,6.207
1335301200,6.207,6.2955,6.1285,6.1345
1335387600,6.1345,6.2075,6.1195,6.2055
1335474000,6.2055,6.4285,6.1915,6.387
1335733200,6.387,6.4665,6.3335,6.4555
1335819600,6.4555,6.4695,6.3805,6.4215
1335906000,6.4215,6.4215,6.228,6.228
1335992400,6.228,6.288,6.193,6.265
1336078800,6.265,6.38,6.158,6.327
1336338000,6.327,6.327,6.237,6.316
1336424400,6.316,6.434,6.302,6.337
1336510800,6.337,6.342,6.18,6.183
1336597200,6.183,6.23,5.962,5.982
1336683600,5.982,6.029,5.825,5.937
1336942800,5.937,5.968,5.862,5.927
1337029200,5.927,6.076,5.914,6.068
1337115600,6.068,6.3,6.005,6.295
1337202000,6.295,6.365,6.264,6.349
1337288400,6.349,6.487,6.293,6.455
1337547600,6.455,6.542,6.384,6.427
1337634000,6.427,6.441,6.04,6.05
1337720400,6.05,6.198,6.01,6.116
1337806800,6.116,6.176,5.854,5.874
1337893200,5.874,5.977,5.814,5.877
1338152400,5.877,5.927,5.866,5.919
1338238800,5.919,5.919,5.643,5.691
1338325200,5.691,5.744,5.641,5.666
1338411600,5.666,5.709,5.607,5.632
1338498000,5.632,5.863,5.579,5.605
1338757200,5.605,5.752,5.605,5.734
1338843600,5.734,5.818,5.665,5.744
1338930000,5.744,5.921,5.744,5.921
1339016400,5.921,6.072,5.906,6.002
1339102800,6.002,6.114,5.91,6.036
1339362000,6.036,6.076,5.94,5.981
1339448400,5.981,5.997,5.833,5.886
1339534800,5.886,6.066,5.842,6.016
1339621200,6.016,6.132,5.967,6.07
1339707600,6.07,6.085,5.848,5.848
1339966800,5.8485,6.113,5.8035,6.05
1340053200,6.05,6.209,6.05,6.159
1340139600,6.159,6.207,6.129,6.166
1340226000,6.166,6.166,5.905,5.905
1340312400,5.905,6.038,5.905,5.935
1340571600,5.935,6.342,5.935,6.342
1340658000,6.342,6.54,6.3295,6.501
1340744400,6.501,6.809,6.501,6.63
1340830800,6.63,6.798,6.601,6.611
1340917200,6.611,6.781,6.599,6.653
1341176400,6.6535,6.9405,6.6535,6.8855
1341262800,6.8855,7.115,6.8855,7.099
1341349200,7.099,7.099,7.099,7.099
1341435600,7.099,7.417,7.099,7.395
1341522000,7.395,7.404,7.254,7.303
1341781200,7.303,7.718,7.303,7.702
1341867600,7.702,7.702,7.485,7.569
1341954000,7.569,7.718,7.203,7.271
1342040400,7.271,7.735,7.271,7.692
1342126800,7.692,7.819,7.609,7.703
1342386000,7.703,8.118,7.703,8.099
1342472400,8.099,8.316,8.007,8.136
1342558800,8.136,8.277,7.961,8.256
1342645200,8.256,8.456,8.239,8.353
1342731600,8.353,8.579,8.353,8.571
1342990800,8.571,8.571,8.265,8.4
1343077200,8.4,8.4,8.034,8.21
1343163600,8.21,8.309,8.115,8.277
1343250000,8.277,8.277,8.069,8.11
1343336400,8.11,8.297,8.061,8.254
1343595600,8.254,8.505,8.254,8.495
1343682000,8.495,8.522,8.321,8.367
1343768400,8.367,8.445,8.075,8.116
1343854800,8.116,8.338,8.091,8.27
1343941200,8.27,8.425,8.115,8.344
1344200400,8.344,8.344,8.172,8.274
1344286800,8.274,8.295,8.143,8.181
1344373200,8.181,8.332,8.091,8.306
1344459600,8.306,8.475,8.306,8.463
1344546000,8.463,8.474,8.199,8.28
1344805200,8.28,8.28,7.994,8.061
1344891600,8.061,8.0825,7.951,7.986
1344978000,7.986,8.134,7.986,8.116
1345064400,8.116,8.177,8.0635,8.156
1345150800,8.156,8.207,8.103,8.168
1345410000,8.168,8.321,8.154,8.305
1345496400,8.305,8.467,8.286,8.442
1345582800,8.442,8.477,8.365,8.423
1345669200,8.423,8.471,8.178,8.247
1345755600,8.247,8.294,8.123,8.163
1346014800,8.163,8.217,8.057,8.072
1346101200,8.072,8.092,7.998,8.031
1346187600,8.031,8.189,7.978,8.175
1346274000,8.175,8.218,8.131,8.138
1346360400,8.138,8.14,7.977,8.031
1346619600,8.031,8.04,8.025,8.032
1346706000,8.032,8.192,8.013,8.097
1346792400,8.097,8.106,7.937,7.94
1346878800,7.94,8.0575,7.922,8.0265
1346965200,8.0265,8.087,7.964,8.052
1347224400,8.052,8.104,7.85,7.872
1347310800,7.872,7.922,7.792,7.812
1347397200,7.812,7.8775,7.6275,7.7255
1347483600,7.7255,7.786,7.6805,7.777
1347570000,7.777,7.931,7.764,7.842
1347829200,7.8415,7.8445,7.505,7.508
1347915600,7.508,7.573,7.4245,7.4245
1348002000,7.4245,7.624,7.4245,7.585
1348088400,7.585,7.607,7.424,7.499
1348174800,7.499,7.576,7.479,7.496
1348434000,7.496,7.5435,7.397,7.483
1348520400,7.483,7.523,7.422,7.453
1348606800,7.453,7.477,7.257,7.27
1348693200,7.27,7.296,7.148,7.168
1348779600,7.168,7.594,7.08,7.594
1349038800,7.582,7.708,7.546,7.575
1349125200,7.575,7.628,7.491,7.602
1349211600,7.602,7.662,7.499,7.597
1349298000,7.597,7.705,7.563,7.611
1349384400,7.611,7.611,7.49,7.502
1349643600,7.502,7.504,7.426,7.442
1349730000,7.442,7.509,7.429,7.449
1349816400,7.449,7.459,7.348,7.383
1349902800,7.383,7.784,7.363,7.752
1349989200,7.752,7.752,7.518,7.551
1350248400,7.5505,7.5505,7.348,7.404
1350334800,7.404,7.477,7.376,7.401
1350421200,7.401,7.479,7.386,7.479
1350507600,7.479,7.641,7.469,7.629
1350594000,7.629,7.711,7.606,7.633
1350853200,7.633,7.69,7.607,7.635
1350939600,7.635,7.644,7.516,7.582
1351026000,7.582,7.654,7.536,7.559
1351112400,7.559,7.593,7.428,7.435
1351198800,7.435,7.465,7.395,7.4
1351458000,7.4,7.477,7.346,7.376
1351544400,7.376,7.454,7.376,7.431
1351630800,7.431,7.593,7.431,7.566
1351717200,7.566,7.648,7.525,7.525
1351803600,7.525,7.53,7.377,7.402
1352066400,7.402,7.464,7.346,7.361
1352152800,7.361,7.428,7.361,7.418
1352239200,7.418,7.531,7.355,7.455
1352325600,7.455,7.493,7.42,7.427
1352412000,7.427,7.562,7.3495,7.405
1352671200,7.405,7.4465,7.138,7.197
1352757600,7.197,7.2675,7.118,7.253
1352844000,7.253,7.302,7.215,7.267
1352930400,7.267,7.2875,7.214,7.224
1353016800,7.224,7.307,7.121,7.285
1353276000,7.285,7.423,7.2735,7.398
1353362400,7.398,7.48,7.354,7.45
1353448800,7.45,7.4775,7.39,7.416
1353621600,7.416,7.4965,7.416,7.459
1353880800,7.459,7.535,7.4255,7.473
1353967200,7.473,7.605,7.4705,7.6
1354053600,7.6,7.641,7.555,7.613
1354140000,7.613,7.636,7.531,7.546
1354226400,7.546,7.5525,7.449,7.482
1354485600,7.482,7.6075,7.463,7.505
1354572000,7.505,7.538,7.438,7.488
1354658400,7.488,7.561,7.473,7.538
1354744800,7.538,7.558,7.451,7.474
1354831200,7.474,7.496,7.322,7.352
1355090400,7.352,7.352,7.225,7.271
1355176800,7.271,7.318,7.211,7.246
1355263200,7.246,7.2885,7.164,7.233
1355349600,7.233,7.252,7.125,7.182
1355436000,7.182,7.289,7.1505,7.279
1355695200,7.279,7.3195,7.188,7.207
1355781600,7.207,7.231,7.129,7.164
1355868000,7.164,7.204,6.994,7.011
1355954400,7.011,7.0245,6.853,6.947
1356040800,6.947,7.022,6.9445,7.004
1356300000,7.004,7.047,6.983,7.026
1356472800,7.026,7.039,6.902,6.909
1356559200,6.909,6.932,6.87,6.89
1356645600,6.89,6.942,6.866,6.91
1356904800,6.91,6.973,6.873,6.956
1357077600,6.956,6.988,6.859,6.879
1357164000,6.879,6.926,6.832,6.903
1357250400,6.903,6.903,6.782,6.782
1357509600,6.782,6.88,6.763,6.833
1357596000,6.833,6.925,6.821,6.878
1357682400,6.878,6.941,6.848,6.913
1357768800,6.913,6.986,6.913,6.966
1357855200,6.966,7.217,6.846,7.073
1358114400,7.073,7.248,7.073,7.221
1358200800,7.221,7.326,7.2035,7.279
1358287200,7.279,7.332,7.229,7.277
1358373600,7.277,7.321,7.207,7.225
1358460000,7.225,7.277,7.2145,7.257
1358805600,7.257,7.33,7.249,7.279
1358892000,7.279,7.289,7.179,7.192
1358978400,7.192,7.234,7.132,7.234
1359064800,7.234,7.262,7.162,7.192
1359324000,7.192,7.28,7.178,7.28
1359410400,7.28,7.311,7.263,7.276
1359496800,7.276,7.393,7.243,7.381
1359583200,7.381,7.431,7.331,7.381
1359669600,7.381,7.449,7.344,7.349
1359928800,7.349,7.407,7.297,7.33
1360015200,7.33,7.338,7.23,7.277
1360101600,7.277,7.2845,7.196,7.226
1360188000,7.226,7.226,7.104,7.109
1360274400,7.109,7.198,7.059,7.078
1360533600,7.078,7.127,7.002,7.022
1360620000,7.022,7.023,6.908,6.958
1360706400,6.958,7.001,6.866,6.948
1360792800,6.948,6.983,6.893,6.935
1360879200,6.935,7.024,6.934,6.981
1361224800,6.981,7.025,6.905,6.939
1361311200,6.939,7.003,6.925,6.99
1361397600,6.99,7.006,6.895,6.898
1361484000,6.898,6.971,6.896,6.896
1361743200,6.896,6.945,6.869,6.937
1361829600,6.937,7.02,6.889,7.017
1361916000,7.017,7.052,6.978,7.019
1362002400,7.019,7.124,7.0015,7.078
1362088800,7.078,7.161,7.057,7.151
1362348000,7.151,7.191,7.017,7.07
1362434400,7.07,7.175,7.07,7.147
1362520800,7.147,7.156,6.946,6.946
1362607200,6.946,6.987,6.879,6.961
1362693600,6.961,7.104,6.956,7.079
1362949200,7.079,7.218,7.079,7.167
1363035600,7.167,7.232,7.144,7.194
1363122000,7.194,7.231,7.061,7.143
1363208400,7.143,7.217,7.137,7.21
1363294800,7.21,7.249,7.176,7.216
1363554000,7.216,7.24,7.151,7.24
1363640400,7.24,7.331,7.236,7.331
1363726800,7.331,7.366,7.295,7.365
1363813200,7.365,7.392,7.314,7.363
1363899600,7.363,7.3775,7.248,7.31
1364158800,7.31,7.374,7.261,7.369
1364245200,7.369,7.373,7.3,7.34
1364331600,7.34,7.42,7.322,7.399
1364418000,7.399,7.404,6.991,6.991
1364763600,6.991,6.991,6.401,6.415
1364850000,6.415,6.57,6.374,6.43
1364936400,6.43,6.501,6.392,6.441
1365022800,6.441,6.4705,6.302,6.333
1365109200,6.333,6.389,6.296,6.315
1365368400,6.315,6.382,6.3095,6.364
1365454800,6.364,6.486,6.364,6.479
1365541200,6.479,6.694,6.37,6.521
1365627600,6.521,6.64,6.498,6.552
1365714000,6.552,6.621,6.538,6.6
1365973200,6.6,6.6215,6.467,6.507
1366059600,6.507,6.654,6.434,6.651
1366146000,6.651,6.676,6.588,6.639
1366232400,6.639,6.665,6.462,6.469
1366318800,6.469,6.544,6.449,6.541
1366578000,6.541,6.541,6.424,6.476
1366664400,6.476,6.493,6.4,6.402
1366750800,6.402,6.464,6.377,6.415
1366837200,6.415,6.498,6.4075,6.456
1366923600,6.456,6.4685,6.405,6.412
1367182800,6.412,6.827,6.412,6.827
1367269200,6.827,6.919,6.7,6.739
1367355600,6.739,6.746,6.611,6.692
1367442000,6.692,6.842,6.667,6.826
1367528400,6.826,6.887,6.794,6.822
1367787600,6.822,6.822,6.532,6.555
1367874000,6.555,6.655,6.534,6.602
1367960400,6.602,6.624,6.456,6.515
1368046800,6.515,6.717,6.478,6.677
1368133200,6.677,6.677,6.433,6.549
1368392400,6.549,6.793,6.5125,6.726
1368478800,6.726,6.758,6.642,6.698
1368565200,6.698,6.775,6.626,6.674
1368651600,6.674,6.692,6.574,6.576
1368738000,6.576,6.73,6.55,6.691
1368997200,6.691,6.769,6.585,6.647
1369083600,6.647,6.647,6.478,6.563
1369170000,6.563,6.742,6.53,6.729
1369256400,6.729,6.852,6.683,6.777
1369342800,6.777,6.797,6.706,6.736
1369688400,6.736,6.835,6.69,6.805
1369774800,6.805,6.818,6.649,6.781
1369861200,6.781,6.805,6.626,6.671
1369947600,6.671,6.785,6.652,6.737
1370206800,6.737,6.807,6.555,6.676
1370293200,6.676,6.758,6.596,6.704
1370379600,6.704,6.783,6.698,6.715
1370466000,6.715,6.749,6.665,6.726
1370552400,6.726,6.847,6.703,6.764
1370811600,6.764,6.764,6.581,6.604
1370898000,6.604,6.704,6.566,6.685
1370984400,6.685,6.71,6.558,6.611
1371070800,6.611,6.615,6.492,6.517
1371157200,6.517,6.663,6.517,6.66
1371416400,6.66,6.79,6.592,6.737
1371502800,6.737,6.862,6.716,6.842
1371589200,6.842,7.089,6.805,7.086
1371675600,7.086,7.086,6.834,6.94
1371762000,6.94,6.952,6.856,6.887
1372021200,6.887,6.887,6.668,6.695
1372107600,6.695,6.721,6.595,6.637
1372194000,6.637,6.676,6.587,6.604
1372280400,6.604,6.604,6.539,6.547
1372366800,6.547,6.576,6.193,6.304
1372626000,6.304,6.304,6.054,6.057
1372712400,6.057,6.085,5.996,6.046
1372798800,6.046,6.124,5.989,6.044
1372971600,6.044,6.045,5.949,5.951
1373230800,5.951,6.028,5.9145,5.985
1373317200,5.985,6.226,5.985,6.182
1373403600,6.182,6.256,6.146,6.194
1373490000,6.194,6.301,6.106,6.301
1373576400,6.301,6.301,6.087,6.119
1373835600,6.119,6.119,5.948,5.951
1373922000,5.951,6.099,5.951,6.04
1374008400,6.04,6.083,5.956,5.957
1374094800,5.957,5.986,5.882,5.983
1374181200,5.983,6.019,5.927,6.005
1374440400,6.005,6.005,5.893,5.927
1374526800,5.927,5.927,5.717,5.719
1374613200,5.719,5.734,5.553,5.553
1374699600,5.553,5.578,5.374,5.427
1374786000,5.427,5.446,5.367,5.367
1375045200,5.367,5.395,5.293,5.299
1375131600,5.299,5.363,5.299,5.351
1375218000,5.351,5.393,5.331,5.39
1375304400,5.39,5.392,5.247,5.256
1375390800,5.256,5.271,5.132,5.148
1375650000,5.148,5.148,4.986,5.025
1375736400,5.025,5.081,4.982,5.045
1375822800,5.045,5.08,4.987,4.999
1375909200,4.999,5.066,4.9965,5.038
1375995600,5.038,5.072,4.953,4.965
1376254800,4.965,5.073,4.833,4.996
1376341200,4.996,5.034,4.79,4.813
1376427600,4.813,4.906,4.798,4.882
1376514000,4.882,5.101,4.882,5.039
1376600400,5.039,5.087,4.94,4.956
1376859600,4.956,5.185,4.956,5.179
1376946000,5.179,5.2035,5.062,5.083
1377032400,5.083,5.182,5.06,5.163
1377118800,5.163,5.163,4.963,4.963
1377205200,4.963,5.062,4.963,5.026
1377464400,5.026,5.415,5.026,5.339
1377550800,5.339,5.368,5.185,5.185
1377637200,5.185,5.235,5.097,5.113
1377723600,5.113,5.145,5.073,5.102
1377810000,5.102,5.115,5.063,5.102
1378155600,5.102,5.237,4.986,5.025
1378242000,5.025,5.0365,4.941,4.965
1378328400,4.965,4.969,4.841,4.883
1378414800,4.883,4.954,4.872,4.946
1378674000,4.946,4.9765,4.879,4.894
1378760400,4.894,4.956,4.868,4.956
1378846800,4.956,4.977,4.923,4.977
1378933200,4.977,4.9855,4.813,4.905
1379019600,4.905,4.909,4.829,4.842
1379278800,4.842,4.86,4.778,4.799
1379365200,4.799,4.926,4.768,4.778
1379451600,4.778,4.8,4.752,4.789
1379538000,4.789,4.865,4.786,4.829
1379624400,4.829,4.829,4.73,4.735
1379883600,4.735,4.767,4.699,4.742
1379970000,4.742,4.785,4.693,4.698
1380056400,4.698,4.778,4.693,4.761
1380142800,4.761,4.774,4.72,4.766
1380229200,4.766,4.798,4.737,4.745
1380488400,4.745,4.821,4.617,4.617
1380574800,4.617,4.639,4.541,4.572
1380661200,4.572,4.596,4.537,4.57
1380747600,4.57,4.622,4.565,4.578
1380834000,4.578,4.619,4.571,4.615
1381093200,4.615,4.671,4.592,4.668
1381179600,4.668,4.672,4.57,4.59
1381266000,4.59,4.64,4.576,4.608
1381352400,4.608,4.632,4.53,4.543
1381438800,4.543,4.543,4.487,4.494
1381698000,4.494,4.525,4.474,4.523
1381784400,4.523,4.592,4.514,4.587
1381870800,4.587,4.611,4.541,4.592
1381957200,4.592,4.614,4.563,4.576
1382043600,4.576,4.623,4.564,4.564
1382302800,4.564,4.582,4.517,4.581
1382389200,4.581,4.581,4.52,4.522
1382475600,4.522,4.594,4.5085,4.562
1382562000,4.562,4.575,4.514,4.532
1382648400,4.532,4.546,4.523,4.527
1382907600,4.527,4.527,4.419,4.424
1382994000,4.424,4.453,4.396,4.434
1383080400,4.434,4.461,4.404,4.414
1383166800,4.414,4.471,4.378,4.388
1383253200,4.388,4.401,4.363,4.379
1383516000,4.379,4.384,4.35,4.365
1383602400,4.365,4.365,4.335,4.345
1383688800,4.345,4.351,4.304,4.308
1383775200,4.308,4.329,4.289,4.289
1383861600,4.289,4.381,4.241,4.349
1384120800,4.349,4.454,4.349,4.433
1384207200,4.433,4.458,4.381,4.401
1384293600,4.401,4.419,4.363,4.37
1384380000,4.37,4.384,4.327,4.345
1384466400,4.345,4.368,4.289,4.299
1384725600,4.299,4.299,4.186,4.191
1384812000,4.191,4.241,4.174,4.24
1384898400,4.24,4.248,4.209,4.231
1384984800,4.231,4.278,4.219,4.264
1385071200,4.264,4.294,4.244,4.266
1385330400,4.266,4.302,4.265,4.283
1385416800,4.283,4.287,4.199,4.228
1385503200,4.228,4.27,4.21,4.233
1385589600,4.233,4.233,4.233,4.233
1385676000,4.233,4.243,4.191,4.224
1385935200,4.224,4.224,4.162,4.217
1386021600,4.217,4.296,4.207,4.291
1386108000,4.291,4.369,4.242,4.334
1386194400,4.334,4.352,4.287,4.316
1386280800,4.316,4.342,4.277,4.312
1386540000,4.312,4.36,4.303,4.348
1386626400,4.348,4.383,4.286,4.34
1386712800,4.34,4.373,4.321,4.37
1386799200,4.37,4.37,4.259,4.316
1386885600,4.316,4.326,4.232,4.237
1387144800,4.237,4.242,4.185,4.213
1387231200,4.213,4.27,4.2,4.248
1387317600,4.248,4.275,4.21,4.231
1387404000,4.231,4.285,4.223,4.28
1387490400,4.28,4.308,4.256,4.303
1387749600,4.303,4.339,4.299,4.326
1387836000,4.326,4.326,4.299,4.306
1388008800,4.306,4.306,4.241,4.245
1388095200,4.245,4.27,4.242,4.254
1388354400,4.254,4.254,4.213,4.218
1388440800,4.218,4.218,4.206,4.208
1388613600,4.208,4.256,4.167,4.177
1388700000,4.177,4.224,4.155,4.217
1388959200,4.217,4.262,4.217,4.252
1389045600,4.252,4.284,4.238,4.253
1389132000,4.253,4.259,4.133,4.168
1389218400,4.168,4.168,4.066,4.115
1389304800,4.115,4.313,4.049,4.311
1389564000,4.311,4.339,4.292,4.331
1389650400,4.331,4.331,4.259,4.289
1389736800,4.289,4.299,4.247,4.247
1389823200,4.247,4.285,4.237,4.269
1389909600,4.269,4.269,4.21,4.223
1390168800,4.223,4.223,4.223,4.223
1390255200,4.223,4.244,4.199,4.234
1390341600,4.234,4.276,4.234,4.251
1390428000,4.251,4.299,4.247,4.277
1390514400,4.277,4.292,4.244,4.28
1390773600,4.28,4.315,4.26,4.307
1390860000,4.307,4.325,4.298,4.31
1390946400,4.31,4.31,4.2605,4.2605
1391032800,4.2605,4.3355,4.2605,4.3245
1391119200,4.3245,4.3305,4.3035,4.3205
1391378400,4.3205,4.3765,4.3205,4.3445
1391464800,4.3445,4.4065,4.3365,4.4035
1391551200,4.4035,4.4145,4.3795,4.4095
1391637600,4.4095,4.4465,4.3925,4.4195
1391724000,4.4195,4.4305,4.3905,4.4305
1391983200,4.4305,4.4765,4.3885,4.4125
1392069600,4.4125,4.4305,4.3665,4.3965
1392156000,4.3965,4.4435,4.3825,4.3965
1392242400,4.3965,4.4145,4.3855,4.3975
1392328800,4.3975,4.4355,4.3705,4.4355
1392674400,4.4355,4.4905,4.4355,4.4885
1392760800,4.4885,4.5425,4.4815,4.5375
1392847200,4.5375,4.5605,4.5165,4.5535
1392933600,4.5535,4.5685,4.5045,4.5315
1393192800,4.5315,4.5315,4.4645,4.5155
1393279200,4.5155,4.5595,4.4855,4.5515
1393365600,4.5515,4.5925,4.5395,4.5625
1393452000,4.5625,4.5805,4.4855,4.4885
1393538400,4.4885,4.5935,4.4835,4.5715
1393797600,4.5715,4.772,4.5715,4.6345
1393884000,4.6345,4.7915,4.6015,4.7915
1393970400,4.7915,4.8245,4.7405,4.7655
1394056800,4.7655,4.8705,4.7335,4.8555
1394143200,4.8555,4.9695,4.7945,4.8535
1394398800,4.8535,4.8535,4.7055,4.7395
1394485200,4.7395,4.7995,4.6865,4.7795
1394571600,4.7795,4.8375,4.7185,4.8305
1394658000,4.8305,4.8855,4.7765,4.8205
1394744400,4.8205,4.8415,4.7405,4.8165
1395003600,4.8165,4.8285,4.7225,4.7625
1395090000,4.7625,4.8245,4.7275,4.8125
1395176400,4.8125,4.8725,4.7805,4.8405
1395262800,4.8405,4.8405,4.7395,4.7475
1395349200,4.7475,4.7675,4.7205,4.7525
1395608400,4.7525,4.8695,4.7445,4.8515
1395694800,4.8515,4.8595,4.8125,4.8325
1395781200,4.8325,4.8385,4.7885,4.8015
1395867600,4.8015,4.8885,4.7845,4.8815
1395954000,4.8815,4.9245,4.8545,4.8895
1396213200,4.8895,5.0015,4.7235,4.9845
1396299600,4.9845,5.0885,4.9815,5.0395
1396386000,5.0395,5.0395,4.8745,4.9145
1396472400,4.9145,4.9755,4.9095,4.9635
1396558800,4.9635,4.9825,4.8975,4.9795
1396818000,4.9795,4.9945,4.9175,4.9625
1396904400,4.9625,5.0475,4.9355,5.0395
1396990800,5.0395,5.1605,4.9735,4.9935
1397077200,4.9935,5.0015,4.9145,4.9765
1397163600,4.9765,5.0245,4.9575,4.9575
1397422800,4.9575,5.0445,4.9525,5.0005
1397509200,5.0005,5.0455,4.9535,5.0135
1397595600,5.0135,5.0285,4.9315,4.9515
1397682000,4.9515,4.9895,4.9105,4.9275
1398027600,4.9275,4.9275,4.8385,4.8585
1398114000,4.8585,4.9815,4.8575,4.9495
1398200400,4.9495,5.0255,4.9295,5.0155
1398286800,5.0155,5.0635,4.9845,4.9945
1398373200,4.9945,5.0935,4.9945,5.0735
1398632400,5.0735,5.1135,5.0445,5.0695
1398718800,5.0695,5.1465,5.0695,5.1345
1398805200,5.1345,5.145,5.0785,5.1195
1398891600,5.1195,5.1405,4.9805,4.9975
1398978000,4.9975,5.0305,4.9145,4.9295
1399237200,4.9295,5.0335,4.9125,5.0165
1399323600,5.0165,5.1255,4.9605,5.1125
1399410000,5.1125,5.1265,5.0425,5.0675
1399496400,5.0675,5.1075,5.0215,5.0975
1399582800,5.0975,5.1655,5.0005,5.0195
1399842000,5.0195,5.0195,4.9305,4.9405
1399928400,4.9405,4.9765,4.9215,4.9745
1400014800,4.9745,4.9885,4.9035,4.9085
1400101200,4.9085,4.918,4.7685,4.7975
1400187600,4.7975,4.8175,4.7535,4.7765
1400446800,4.7765,4.7765,4.7165,4.7245
1400533200,4.7245,4.7645,4.6885,4.6885
1400619600,4.6885,4.7135,4.6805,4.7065
1400706000,4.7065,4.779,4.6815,4.7245
1400792400,4.7245,4.7595,4.7125,4.744
1401138000,4.744,4.744,4.6565,4.6585
1401224400,4.6585,4.6845,4.6275,4.6845
1401310800,4.6845,4.6905,4.6355,4.6455
1401397200,4.6455,4.6955,4.6195,4.6235
1401656400,4.6235,4.6695,4.5695,4.6365
1401742800,4.6365,4.6365,4.5285,4.5555
1401829200,4.5555,4.5735,4.5115,4.5145
1401915600,4.5145,4.5465,4.4585,4.4665
1402002000,4.4665,4.5555,4.4415,4.5535
1402261200,4.5535,4.5535,4.4285,4.4725
1402347600,4.4725,4.521,4.4245,4.4295
1402434000,4.4295,4.4705,4.3685,4.3755
1402520400,4.3755,4.4185,4.3715,4.409
1402606800,4.409,4.4715,4.409,4.4375
1402866000,4.4375,4.4745,4.3825,4.3925
1402952400,4.3925,4.3925,4.3355,4.366
1403038800,4.366,4.406,4.365,4.383
1403125200,4.383,4.466,4.379,4.466
1403211600,4.466,4.508,4.433,4.505
1403470800,4.505,4.555,4.417,4.422
1403557200,4.422,4.422,4.358,4.389
1403643600,4.389,4.391,4.363,4.373
1403730000,4.373,4.446,4.373,4.421
1403816400,4.421,4.448,4.388,4.438
1404075600,4.438,4.438,4.213,4.223
1404162000,4.223,4.223,4.125,4.173
1404248400,4.173,4.188,4.122,4.14
1404334800,4.14,4.16,4.112,4.117
1404680400,4.117,4.117,3.99,4.025
1404766800,4.025,4.043,3.985,3.997
1404853200,3.997,3.997,3.904,3.924
1404939600,3.924,3.959,3.871,3.881
1405026000,3.881,3.901,3.773,3.803
1405285200,3.803,3.844,3.757,3.82
1405371600,3.82,3.825,3.727,3.758
1405458000,3.758,3.8765,3.753,3.794
1405544400,3.794,3.891,3.762,3.814
1405630800,3.814,3.8255,3.7245,3.7245
1405890000,3.7245,3.7245,3.641,3.656
1405976400,3.656,3.681,3.616,3.616
1406062800,3.616,3.641,3.588,3.633
1406149200,3.633,3.702,3.576,3.6285
1406235600,3.6285,3.645,3.583,3.643
1406494800,3.643,3.702,3.643,3.692
1406581200,3.692,3.695,3.597,3.619
1406667600,3.619,3.652,3.589,3.614
1406754000,3.614,3.624,3.581,3.584
1406840400,3.584,3.596,3.533,3.536
1407099600,3.536,3.62,3.525,3.595
1407186000,3.595,3.595,3.54,3.573
1407272400,3.573,3.648,3.565,3.628
1407358800,3.628,3.636,3.565,3.602
1407445200,3.602,3.603,3.525,3.525
1407704400,3.525,3.584,3.514,3.569
1407790800,3.569,3.627,3.486,3.594
1407877200,3.594,3.616,3.554,3.592
1407963600,3.592,3.636,3.559,3.627
1408050000,3.627,3.686,3.612,3.666
1408309200,3.666,3.705,3.6105,3.6175
1408395600,3.6175,3.6335,3.5745,3.6255
1408482000,3.6255,3.6255,3.5605,3.5805
1408568400,3.5805,3.6325,3.5665,3.5965
1408654800,3.5965,3.6405,3.587,3.6145
1408914000,3.6145,3.6145,3.5645,3.5845
1409000400,3.5845,3.589,3.5295,3.5575
1409086800,3.5575,3.5635,3.5325,3.5565
1409173200,3.5565,3.6095,3.5475,3.5985
1409259600,3.5985,3.5995,3.539,3.5455
1409605200,3.5455,3.5905,3.5395,3.5545
1409691600,3.5545,3.5545,3.4455,3.4465
1409778000,3.4465,3.451,3.3585,3.3855
1409864400,3.3855,3.4935,3.3855,3.4765
1410123600,3.4765,3.5005,3.3885,3.4045
1410210000,3.4045,3.4055,3.3575,3.3695
1410296400,3.3695,3.3975,3.3575,3.3885
1410382800,3.3885,3.3885,3.2875,3.3325
1410469200,3.3325,3.3665,3.3035,3.3155
1410728400,3.3155,3.3645,3.2875,3.3595
1410814800,3.3595,3.4355,3.321,3.3675
1410901200,3.3675,3.3735,3.3265,3.3505
1410987600,3.3505,3.3505,3.3155,3.3155
1411074000,3.3155,3.3155,3.2525,3.2525
1411333200,3.2525,3.2525,3.2055,3.2395
1411419600,3.2395,3.2475,3.194,3.1985
1411506000,3.1985,3.2395,3.1895,3.2365
1411592400,3.2365,3.2495,3.1955,3.1995
1411678800,3.1995,3.2105,3.1715,3.1745
1411938000,3.1745,3.2085,3.166,3.1965
1412024400,3.1965,3.2085,3.1425,3.1575
1412110800,3.1575,3.1805,3.1285,3.1585
1412197200,3.1585,3.1785,3.1415,3.1735
1412283600,3.1735,3.2035,3.1605,3.1795
1412542800,3.1795,3.2725,3.1795,3.2725
1412629200,3.2725,3.3695,3.2555,3.3475
1412715600,3.3475,3.3775,3.3255,3.3765
1412802000,3.3765,3.4275,3.3585,3.4055
1412888400,3.4055,3.4335,3.2785,3.2905
1413147600,3.2905,3.4255,3.2605,3.3915
1413234000,3.3915,3.5135,3.3845,3.5135
1413320400,3.5135,3.5335,3.4205,3.4325
1413406800,3.4325,3.4775,3.4035,3.4705
1413493200,3.4705,3.51,3.4215,3.4365
1413752400,3.4365,3.4465,3.3795,3.4365
1413838800,3.4365,3.5455,3.4295,3.5115
1413925200,3.5115,3.5665,3.4825,3.4975
1414011600,3.4975,3.5575,3.471,3.5455
1414098000,3.5455,3.6075,3.4845,3.4895
1414357200,3.4895,3.5925,3.4465,3.5875
1414443600,3.5875,3.6775,3.5735,3.602
1414530000,3.602,3.7065,3.5895,3.7015
1414616400,3.7015,3.7705,3.6795,3.7025
1414702800,3.7025,3.7225,3.6455,3.7205
1414965600,3.7205,3.7205,3.6735,3.7005
1415052000,3.7005,3.7005,3.6145,3.6175
1415138400,3.6175,3.6845,3.5605,3.6745
1415224800,3.6745,3.7155,3.6355,3.6915
1415311200,3.6915,3.6915,3.6145,3.6495
1415570400,3.6495,3.7585,3.6215,3.6545
1415656800,3.6545,3.7145,3.6305,3.7095
1415743200,3.7095,3.8225,3.7025,3.7425
1415829600,3.7425,3.863,3.7425,3.8395
1415916000,3.8395,3.8435,3.7815,3.7915
1416175200,3.7915,3.8185,3.7195,3.7585
1416261600,3.7585,3.7655,3.6935,3.6995
1416348000,3.6995,3.6995,3.6095,3.6125
1416434400,3.6125,3.7215,3.6075,3.7095
1416520800,3.7095,3.7905,3.6885,3.7445
1416780000,3.7445,3.7445,3.6405,3.6595
1416866400,3.6595,3.7285,3.6485,3.7115
1416952800,3.7115,3.7705,3.7115,3.7685
1417125600,3.7685,3.7925,3.6885,3.7545
1417384800,3.7545,3.7745,3.6945,3.7575
1417471200,3.7575,3.7735,3.6795,3.6825
1417557600,3.6825,3.6895,3.6425,3.6765
1417644000,3.6765,3.7695,3.6715,3.7625
1417730400,3.7625,3.8235,3.7295,3.8095
1417989600,3.8095,3.8635,3.7675,3.7775
1418076000,3.7775,3.8295,3.746,3.8215
1418162400,3.8215,3.8535,3.7675,3.8045
1418248800,3.8045,3.8805,3.7975,3.8585
1418335200,3.8585,3.9685,3.8465,3.9505
1418594400,3.9505,3.9975,3.9265,3.9615
1418680800,3.9615,3.9885,3.9185,3.9385
1418767200,3.9385,3.9755,3.9155,3.9585
1418853600,3.9585,4.0155,3.9505,3.9835
1418940000,3.9835,3.9845,3.9325,3.9785
1419199200,3.9785,4.024,3.9705,4.0025
1419285600,4.0025,4.0405,3.9915,4.0235
1419372000,4.0235,4.034,3.944,3.971
1419544800,3.971,4.0325,3.95,4.0305
1419804000,4.0305,4.0605,4.0025,4.0125
1419890400,4.0125,4.0205,3.9605,3.9625
1419976800,3.9625,3.9625,3.8665,3.8675
1420149600,3.8675,3.8675,3.8185,3.8575
1420408800,3.8575,3.9715,3.8525,3.9685
1420495200,3.9685,4,3.9315,3.9485
1420581600,3.9485,3.9785,3.872,3.8735
1420668000,3.8735,3.8965,3.8385,3.8485
1420754400,3.8485,3.9255,3.8435,3.9105
1421013600,3.9105,3.982,3.8195,3.9375
1421100000,3.9375,3.979,3.7645,3.7805
1421186400,3.7805,3.7825,3.6845,3.7165
1421272800,3.7165,3.8015,3.6865,3.7235
1421359200,3.7235,3.8025,3.7215,3.7905
1421704800,3.7905,3.8305,3.7545,3.8275
1421791200,3.8275,3.8525,3.7945,3.8125
1421877600,3.8125,3.8355,3.7565,3.7615
1421964000,3.7615,3.8175,3.7555,3.7955
1422223200,3.7955,3.8205,3.7625,3.7795
1422309600,3.7795,3.7975,3.7415,3.7515
1422396000,3.7515,3.7555,3.6785,3.6785
1422482400,3.6785,3.6795,3.6255,3.6385
1422568800,3.6385,3.6685,3.6055,3.6225
1422828000,3.6225,3.7345,3.6225,3.6475
1422914400,3.6475,3.8345,3.6475,3.8155
1423000800,3.8155,3.8305,3.7475,3.7765
1423087200,3.7765,3.8245,3.7675,3.7945
1423173600,3.7945,3.8455,3.7545,3.8005
1423432800,3.8005,3.8725,3.7935,3.8705
1423519200,3.8705,3.8705,3.8045,3.8345
1423605600,3.8345,3.8555,3.8015,3.8185
1423692000,3.8185,3.8365,3.7755,3.7925
1423778400,3.7925,3.8455,3.7855,3.8275
1424124000,3.8275,3.8755,3.8195,3.8535
1424210400,3.8535,3.8715,3.8005,3.8065
1424296800,3.8065,3.8815,3.7945,3.8595
1424383200,3.8595,3.865,3.8055,3.82
1424642400,3.82,3.8345,3.7525,3.7615
1424728800,3.7615,3.8455,3.7505,3.7555
1424815200,3.7555,3.7715,3.6965,3.731
1424901600,3.731,3.8025,3.7305,3.7855
1424988000,3.7855,3.8595,3.7565,3.8355
1425247200,3.8355,3.8515,3.7705,3.7755
1425333600,3.7755,3.8225,3.7525,3.8145
1425420000,3.8145,3.8235,3.7705,3.7995
1425506400,3.7995,3.8355,3.7855,3.8085
1425592800,3.8085,3.8085,3.7445,3.7615
1425848400,3.7615,3.8255,3.7615,3.8005
1425934800,3.8005,3.8255,3.7495,3.7925
1426021200,3.7925,3.8505,3.7825,3.8255
1426107600,3.8255,3.8345,3.7815,3.7935
1426194000,3.7935,3.8145,3.7235,3.7275
1426453200,3.7275,3.7445,3.681,3.7135
1426539600,3.7135,3.7215,3.6285,3.6315
1426626000,3.6315,3.6735,3.6005,3.6695
1426712400,3.6695,3.7305,3.6355,3.6535
1426798800,3.6535,3.8015,3.6535,3.7725
1427058000,3.7725,3.8475,3.7725,3.8325
1427144400,3.8325,3.8705,3.8185,3.8635
1427230800,3.8635,3.8895,3.8495,3.8815
1427317200,3.8815,3.9025,3.8285,3.8495
1427403600,3.8495,3.8685,3.8305,3.8405
1427662800,3.8405,3.8885,3.8405,3.882
1427749200,3.882,3.9245,3.7025,3.7115
1427835600,3.7115,3.7655,3.6865,3.7635
1427922000,3.7635,3.8285,3.7295,3.8005
1428267600,3.8005,3.8475,3.787,3.8055
1428354000,3.8055,3.823,3.7735,3.7805
1428440400,3.7805,3.802,3.7225,3.7405
1428526800,3.7405,3.7535,3.7085,3.7355
1428613200,3.7355,3.752,3.7025,3.7195
1428872400,3.7195,3.7195,3.6645,3.6695
1428958800,3.6695,3.7055,3.6635,3.7015
1429045200,3.7015,3.745,3.6695,3.7085
1429131600,3.7085,3.735,3.6905,3.7245
1429218000,3.7245,3.7625,3.7055,3.7515
1429477200,3.7515,3.7755,3.7175,3.74
1429563600,3.74,3.74,3.677,3.6915
1429650000,3.6915,3.705,3.6585,3.6855
1429736400,3.6855,3.7405,3.6695,3.6695
1429822800,3.6695,3.6705,3.5975,3.6005
1430082000,3.6005,3.6015,3.552,3.5625
1430168400,3.5625,3.5785,3.5345,3.5615
1430254800,3.5615,3.587,3.5425,3.5845
1430341200,3.5845,3.6075,3.5515,3.5715
1430427600,3.5715,3.5765,3.5215,3.5335
1430686800,3.5335,3.5495,3.5175,3.5325
1430773200,3.5325,3.5405,3.4765,3.5395
1430859600,3.5395,3.6105,3.5395,3.5805
1430946000,3.5805,3.583,3.5255,3.5285
1431032400,3.5285,3.5565,3.517,3.5375
1431291600,3.5375,3.5665,3.5155,3.5295
1431378000,3.5295,3.5805,3.5005,3.5335
1431464400,3.5335,3.5645,3.5005,3.5415
1431550800,3.5415,3.6105,3.5405,3.6055
1431637200,3.6055,3.6405,3.5495,3.5815
1431896400,3.5815,3.6435,3.5725,3.6145
1431982800,3.6145,3.6155,3.5375,3.5525
1432069200,3.5525,3.5575,3.5215,3.5315
1432155600,3.5315,3.5985,3.5315,3.5795
1432242000,3.5795,3.612,3.5415,3.5415
1432587600,3.5415,3.5645,3.4845,3.4915
1432674000,3.4915,3.5075,3.4335,3.4415
1432760400,3.4415,3.4935,3.4295,3.4815
1432846800,3.4815,3.5145,3.4485,3.4655
1433106000,3.4655,3.4915,3.4315,3.4565
1433192400,3.4565,3.5445,3.4565,3.5415
1433278800,3.5415,3.5895,3.5235,3.5385
1433365200,3.5385,3.5955,3.519,3.5835
1433451600,3.5835,3.625,3.5505,3.5655
1433710800,3.5655,3.6185,3.5625,3.6035
1433797200,3.6035,3.6435,3.5845,3.6045
1433883600,3.6045,3.624,3.5285,3.5325
1433970000,3.5325,3.5595,3.5075,3.5205
1434056400,3.5205,3.5315,3.4865,3.4895
1434315600,3.4895,3.4965,3.4365,3.445
1434402000,3.445,3.5135,3.44,3.513
1434488400,3.513,3.5855,3.513,3.5655
1434574800,3.5655,3.5865,3.5415,3.5565
1434661200,3.5565,3.5565,3.4925,3.5115
1434920400,3.5115,3.5555,3.4795,3.5535
1435006800,3.5535,3.6515,3.5535,3.636
1435093200,3.636,3.6795,3.6065,3.6435
1435179600,3.6435,3.7495,3.609,3.7435
1435266000,3.7435,3.8875,3.743,3.8385
1435525200,3.8385,3.9145,3.8295,3.8395
1435611600,3.8395,4.14,3.8305,4.1395
1435698000,4.1395,4.1815,4.0395,4.1235
1435784400,4.1235,4.2245,4.1065,4.2075
1436130000,4.2075,4.2075,4.0935,4.1875
1436216400,4.1875,4.1875,4.0775,4.1595
1436302800,4.1595,4.214,4.1125,4.1685
1436389200,4.1685,4.2545,4.168,4.204
1436475600,4.204,4.3165,4.1695,4.2675
1436734800,4.2675,4.3475,4.2395,4.34
1436821200,4.34,4.3625,4.2055,4.212
1436907600,4.212,4.2515,4.1455,4.2315
1436994000,4.2315,4.3185,4.222,4.2225
1437080400,4.2225,4.2315,4.122,4.1365
1437339600,4.1365,4.1365,3.9885,3.9985
1437426000,3.9985,4.0455,3.9695,4.013
1437512400,4.013,4.0145,3.9435,3.9755
1437598800,3.9755,3.9965,3.9295,3.9745
1437685200,3.9745,3.9745,3.8695,3.8695
1437944400,3.8695,3.8695,3.6795,3.6865
1438030800,3.6865,3.7125,3.6555,3.7105
1438117200,3.7105,3.7225,3.6275,3.6275
1438203600,3.6275,3.6975,3.6155,3.6965
1438290000,3.6965,3.7305,3.6515,3.676
1438549200,3.676,3.676,3.6115,3.6345
1438635600,3.6345,3.6895,3.6305,3.6505
1438722000,3.6505,3.7,3.6375,3.6915
1438808400,3.6915,3.7115,3.6565,3.6575
1438894800,3.6575,3.7125,3.6305,3.696
1439154000,3.696,3.8785,3.696,3.8635
1439240400,3.8635,3.8635,3.7285,3.7435
1439326800,3.7435,3.7945,3.444,3.5635
1439413200,3.5635,3.625,3.5305,3.6175
1439499600,3.6175,3.6375,3.5805,3.6225
1439758800,3.6225,3.6625,3.5975,3.6175
1439845200,3.6175,3.6615,3.6035,3.6375
1439931600,3.6375,3.6985,3.6375,3.6585
1440018000,3.6585,3.7005,3.6555,3.6945
1440104400,3.6945,3.7125,3.6335,3.6455
1440363600,3.6455,3.6945,3.5375,3.6925
1440450000,3.6925,3.7415,3.633,3.6525
1440536400,3.6525,3.6825,3.6095,3.6175
1440622800,3.6175,3.6665,3.5985,3.6275
1440709200,3.6275,3.6795,3.6235,3.6295
1440968400,3.6295,3.6535,3.5935,3.6375
1441054800,3.6375,3.6375,3.5655,3.5725
1441141200,3.5725,3.6045,3.5345,3.5645
1441227600,3.5645,3.5695,3.5065,3.5095
1441314000,3.5095,3.5395,3.4995,3.5205
1441659600,3.5205,3.5805,3.5205,3.5805
1441746000,3.5805,3.6195,3.5585,3.5835
1441832400,3.5835,3.643,3.5675,3.6385
1441918800,3.6385,3.7685,3.556,3.7655
1442178000,3.7655,3.8345,3.7615,3.8265
1442264400,3.8265,3.8445,3.7865,3.7995
1442350800,3.7995,3.807,3.7325,3.7595
1442437200,3.7595,3.7595,3.697,3.7085
1442523600,3.7085,3.7265,3.6705,3.6755
1442782800,3.6755,3.7595,3.6595,3.7525
1442869200,3.7525,3.7525,3.6825,3.7095
1442955600,3.7095,3.7525,3.7005,3.7375
1443042000,3.7375,3.7485,3.7045,3.7275
1443128400,3.7275,3.8035,3.7225,3.8005
1443387600,3.8005,3.8355,3.7525,3.7835
1443474000,3.7835,3.8075,3.766,3.8055
1443560400,3.8055,3.8575,3.7525,3.8005
1443646800,3.8005,3.8445,3.7675,3.8055
1443733200,3.8055,3.8305,3.7595,3.8075
1443992400,3.8075,3.8585,3.8075,3.8565
1444078800,3.8565,3.9085,3.8395,3.8985
1444165200,3.8985,3.9165,3.8605,3.8735
1444251600,3.8735,3.8785,3.8305,3.8395
1444338000,3.8395,3.8655,3.7435,3.7475
1444597200,3.7475,3.7795,3.7335,3.7375
1444683600,3.7375,3.7765,3.7225,3.7745
1444770000,3.7745,3.7975,3.719,3.7215
1444856400,3.7215,3.7295,3.6855,3.6905
1444942800,3.6905,3.7135,3.6625,3.7055
1445202000,3.7055,3.7085,3.6655,3.6695
1445288400,3.6695,3.7185,3.6605,3.7055
1445374800,3.7055,3.7485,3.6965,3.7445
1445461200,3.7445,3.7745,3.7175,3.7225
1445547600,3.7225,3.7415,3.6945,3.7385
1445806800,3.7385,3.8015,3.7275,3.7935
1445893200,3.7935,3.8195,3.7405,3.7405
1445979600,3.7405,3.7535,3.7075,3.7145
1446066000,3.7145,3.7525,3.7055,3.7475
1446152400,3.7475,3.7855,3.7375,3.7715
1446415200,3.7715,3.7715,3.7155,3.7175
1446501600,3.7175,3.7755,3.7135,3.7515
1446588000,3.7515,3.7895,3.7225,3.7585
1446674400,3.7585,3.7585,3.6965,3.6965
1446760800,3.6965,3.7095,3.6605,3.6875
1447020000,3.6875,3.7145,3.629,3.6355
1447106400,3.6355,3.6395,3.5265,3.5655
1447192800,3.5655,3.5985,3.5615,3.5895
1447279200,3.5895,3.5995,3.561,3.5825
1447365600,3.5825,3.5885,3.5495,3.5495
1447624800,3.5495,3.5795,3.5445,3.5695
1447711200,3.5695,3.5935,3.5555,3.5865
1447797600,3.5865,3.611,3.5655,3.5955
1447884000,3.5955,3.6265,3.5775,3.6095
1447970400,3.6095,3.6345,3.5985,3.6105
1448229600,3.6105,3.6475,3.5805,3.6395
1448316000,3.6395,3.6405,3.6065,3.6115
1448402400,3.6115,3.6435,3.6115,3.6365
1448575200,3.6365,3.6365,3.5885,3.5915
1448834400,3.5915,3.6575,3.5835,3.6405
1448920800,3.6405,3.6725,3.6315,3.6585
1449007200,3.6585,3.6585,3.6225,3.6245
1449093600,3.6245,3.6985,3.6005,3.6845
1449180000,3.6845,3.7365,3.6845,3.7345
1449439200,3.7345,3.7405,3.6505,3.6565
1449525600,3.6565,3.6755,3.6485,3.6585
1449612000,3.6585,3.7155,3.6295,3.6695
1449698400,3.6695,3.7215,3.6505,3.7165
1449784800,3.7165,3.7295,3.673,3.6855
1450044000,3.6855,3.726,3.6725,3.7175
1450130400,3.7175,3.7225,3.6885,3.7005
1450216800,3.7005,3.7065,3.6255,3.6375
1450303200,3.6375,3.6805,3.5595,3.6705
1450389600,3.6705,3.7255,3.6615,3.6765
1450648800,3.6765,3.7025,3.6345,3.6585
1450735200,3.6585,3.6795,3.5985,3.6005
1450821600,3.6005,3.6135,3.5845,3.5915
1450908000,3.5915,3.5965,3.5745,3.5845
1451253600,3.5845,3.5955,3.5485,3.5535
1451340000,3.5535,3.5715,3.5145,3.5715
1451426400,3.5715,3.5815,3.5255,3.5305
1451512800,3.5305,3.545,3.5215,3.5315
1451858400,3.5315,3.5455,3.4555,3.4725
1451944800,3.4725,3.5075,3.4685,3.4805
1452031200,3.4805,3.4965,3.4515,3.4835
1452117600,3.4835,3.4915,3.4375,3.4795
1452204000,3.4795,3.5275,3.4775,3.5195
1452463200,3.5195,3.524,3.4505,3.4675
1452549600,3.4675,3.5895,3.451,3.5105
1452636000,3.5105,3.5605,3.5105,3.5345
1452722400,3.5345,3.5565,3.5115,3.5365
1452808800,3.5365,3.5895,3.5175,3.5865
1453154400,3.5865,3.6515,3.5865,3.6345
1453240800,3.6345,3.6495,3.6125,3.6475
1453327200,3.6475,3.6775,3.6155,3.6255
1453413600,3.6255,3.6735,3.6255,3.6625
1453672800,3.6625,3.6855,3.6435,3.6585
1453759200,3.6585,3.6815,3.6345,3.6525
1453845600,3.6525,3.6725,3.6405,3.6565
1453932000,3.6565,3.6655,3.6165,3.6185
1454018400,3.6185,3.6895,3.6165,3.6835
1454277600,3.6835,3.6835,3.6465,3.6815
1454364000,3.6815,3.7045,3.6595,3.6945
1454450400,3.6945,3.7005,3.6725,3.6785
1454536800,3.6785,3.7035,3.6515,3.6585
1454623200,3.6585,3.6645,3.6275,3.6285
1454882400,3.6285,3.6425,3.5905,3.5975
1454968800,3.5975,3.6005,3.5685,3.5875
1455055200,3.5875,3.5915,3.5695,3.5765
1455141600,3.5765,3.6075,3.5625,3.5845
1455228000,3.5845,3.5955,3.5605,3.5655
1455573600,3.5655,3.6135,3.5655,3.6085
1455660000,3.6085,3.649,3.6015,3.6485
1455746400,3.6485,3.658,3.6305,3.6315
1455832800,3.6315,3.6485,3.6245,3.6345
1456092000,3.6345,3.6735,3.6345,3.6625
1456178400,3.6625,3.6625,3.6025,3.6025
1456264800,3.6025,3.6155,3.5785,3.5825
1456351200,3.5825,3.605,3.5425,3.5505
1456437600,3.5505,3.5585,3.519,3.5435
1456696800,3.5435,3.5605,3.5135,3.5165
1456783200,3.5165,3.5315,3.5045,3.5045
1456869600,3.5045,3.5205,3.498,3.5055
1456956000,3.5055,3.5235,3.4935,3.5135
1457042400,3.5135,3.5535,3.5085,3.5345
1457301600,3.5345,3.5705,3.5335,3.5385
1457388000,3.5385,3.5745,3.5125,3.5545
1457474400,3.5545,3.5645,3.5225,3.5425
1457560800,3.5425,3.5855,3.531,3.5745
1457647200,3.5745,3.6035,3.5735,3.5965
1457902800,3.5965,3.6475,3.5965,3.6355
1457989200,3.6355,3.6455,3.6185,3.6365
1458075600,3.6365,3.6395,3.6165,3.6345
1458162000,3.6345,3.6745,3.6205,3.6355
1458248400,3.6355,3.6485,3.6185,3.6275
1458507600,3.6275,3.6575,3.6185,3.6535
1458594000,3.6535,3.6765,3.6485,3.6565
1458680400,3.6565,3.6595,3.6225,3.6495
1458766800,3.6495,3.6625,3.6325,3.6605
1459112400,3.6605,3.6835,3.641,3.6735
1459198800,3.6735,3.6935,3.6515,3.6915
1459285200,3.6915,3.7045,3.6355,3.6375
1459371600,3.6375,3.6385,3.4455,3.4825
1459458000,3.4825,3.5125,3.4435,3.5075
1459717200,3.5075,3.5205,3.4805,3.5155
1459803600,3.5155,3.5405,3.5085,3.5405
1459890000,3.5405,3.5615,3.5245,3.5525
1459976400,3.5525,3.5915,3.5495,3.5865
1460062800,3.5865,3.6,3.5625,3.5925
1460322000,3.5925,3.5925,3.5375,3.5475
1460408400,3.5475,3.6325,3.5455,3.6055
1460494800,3.6055,3.7225,3.6055,3.7135
1460581200,3.7135,3.7215,3.6735,3.7165
1460667600,3.7165,3.7815,3.6995,3.7545
1460926800,3.7545,3.8185,3.7315,3.7925
1461013200,3.7925,3.8415,3.7815,3.8325
1461099600,3.8325,3.9405,3.8175,3.9385
1461186000,3.9385,4.0055,3.8255,3.8315
1461272400,3.8315,3.8315,3.6865,3.6975
1461531600,3.6975,3.834,3.6635,3.7735
1461618000,3.7735,3.8175,3.7285,3.8105
1461704400,3.8105,3.8175,3.7595,3.7835
1461790800,3.7835,3.8925,3.7665,3.8585
1461877200,3.8585,3.896,3.8265,3.8695
1462136400,3.8695,3.8695,3.7995,3.8665
1462222800,3.8665,3.8935,3.7195,3.7385
1462309200,3.7385,3.7665,3.7095,3.7125
1462395600,3.7125,3.7425,3.6635,3.6895
1462482000,3.6895,3.7385,3.6865,3.7235
1462741200,3.7235,3.7605,3.6395,3.6405
1462827600,3.6405,3.8105,3.6355,3.7485
1462914000,3.7485,3.7865,3.7075,3.7325
1463000400,3.7325,3.8445,3.7325,3.8415
1463086800,3.8415,3.8645,3.8075,3.8595
1463346000,3.8595,3.8965,3.8195,3.8895
1463432400,3.8895,3.9345,3.8735,3.9335
1463518800,3.9335,3.9625,3.8985,3.9325
1463605200,3.9325,3.9335,3.8145,3.8545
1463691600,3.8545,3.9265,3.8495,3.9045
1463950800,3.9045,3.9515,3.8725,3.9415
1464037200,3.9415,3.9915,3.9075,3.9235
1464123600,3.9235,4.0095,3.9205,4.0095
1464210000,4.0095,4.0525,3.9635,4.0475
1464296400,4.0475,4.0935,4.0265,4.0935
1464555600,4.0935,4.0935,4.0865,4.0865
1464642000,4.0865,4.0935,4.0075,4.0145
1464728400,4.0145,4.1045,3.9805,4.1035
1464814800,4.1035,4.16,4.0925,4.1075
1464901200,4.1075,4.1555,4.0735,4.1555
1465160400,4.1555,4.2425,4.1555,4.2405
1465246800,4.2405,4.2485,4.1965,4.2465
1465333200,4.2465,4.3605,4.2335,4.2615
1465419600,4.2615,4.2695,4.2025,4.2475
1465506000,4.2475,4.3405,4.1715,4.2085
1465765200,4.2085,4.3525,4.2085,4.2705
1465851600,4.2705,4.3435,4.2105,4.3415
1465938000,4.3415,4.3645,4.2625,4.2655
1466024400,4.2655,4.2755,4.1815,4.23
1466110800,4.23,4.3585,4.2115,4.355
1466370000,4.355,4.355,4.1895,4.1895
1466456400,4.1895,4.2025,3.9435,3.9515
1466542800,3.9515,3.9915,3.9075,3.9095
1466629200,3.9095,3.9105,3.8235,3.8595
1466715600,3.8595,3.883,3.7195,3.8365
1466974800,3.8365,3.9055,3.8205,3.8465
1467061200,3.8465,3.9715,3.8145,3.8375
1467147600,3.8375,3.8595,3.7225,3.7255
1467234000,3.7255,3.77,3.5555,3.6275
1467320400,3.6275,3.639,3.5415,3.5465
1467666000,3.5465,3.5465,3.3685,3.4635
1467752400,3.4635,3.48,3.3495,3.3865
1467838800,3.3865,3.495,3.3645,3.3745
1467925200,3.3745,3.513,3.3745,3.5115
1468184400,3.5115,3.563,3.4015,3.4485
1468270800,3.4485,3.5085,3.387,3.4815
1468357200,3.4815,3.6355,3.4815,3.5865
1468443600,3.5865,3.6885,3.52,3.5225
1468530000,3.5225,3.571,3.396,3.4815
1468789200,3.4815,3.5375,3.4485,3.5355
1468875600,3.5355,3.5355,3.3825,3.3965
1468962000,3.3965,3.4315,3.3185,3.346
1469048400,3.346,3.3855,3.2965,3.3015
1469134800,3.3015,3.3345,3.2355,3.3315
1469394000,3.3315,3.3505,3.2745,3.3245
1469480400,3.3245,3.3345,3.2825,3.294
1469566800,3.294,3.3495,3.289,3.3295
1469653200,3.3295,3.3575,3.2635,3.2925
1469739600,3.2925,3.3215,3.2615,3.3105
1469998800,3.3105,3.3115,3.2315,3.2365
1470085200,3.2365,3.249,3.1695,3.2195
1470171600,3.2195,3.2625,3.1995,3.2325
1470258000,3.2325,3.244,3.1855,3.1895
1470344400,3.1895,3.2255,3.1785,3.2215
1470603600,3.2215,3.2575,3.2055,3.2355
1470690000,3.2355,3.2455,3.2005,3.2055
1470776400,3.2055,3.2365,3.1935,3.2085
1470862800,3.2085,3.2175,3.1875,3.1895
1470949200,3.1895,3.2105,3.1035,3.2065
1471208400,3.2065,3.2715,3.196,3.2565
1471294800,3.2565,3.2725,3.2275,3.2595
1471381200,3.2595,3.2905,3.253,3.2855
1471467600,3.2855,3.3135,3.2505,3.3125
1471554000,3.3125,3.3315,3.2865,3.3275
1471813200,3.3275,3.332,3.2925,3.3235
1471899600,3.3235,3.3235,3.2515,3.2735
1471986000,3.2735,3.2915,3.2425,3.2665
1472072400,3.2665,3.2755,3.2125,3.2235
1472158800,3.2235,3.24,3.1505,3.1565
1472418000,3.1565,3.1765,3.1095,3.1175
1472504400,3.1175,3.1265,3.0665,3.0685
1472590800,3.0685,3.1035,3.0595,3.0645
1472677200,3.0645,3.1575,3.0625,3.1425
1472763600,3.1425,3.205,3.1425,3.1955
1473109200,3.1955,3.206,3.1475,3.1845
1473195600,3.1845,3.2505,3.1775,3.2505
1473282000,3.2505,3.2965,3.2395,3.2905
1473368400,3.2905,3.3305,3.2595,3.3115
1473627600,3.3115,3.3475,3.273,3.3165
1473714000,3.3165,3.3285,3.2145,3.2195
1473800400,3.2195,3.2375,3.1865,3.2375
1473886800,3.2375,3.2645,3.1965,3.2165
1473973200,3.2165,3.3005,3.1955,3.2805
1474232400,3.2805,3.3195,3.2465,3.2935
1474318800,3.2935,3.3425,3.2735,3.3235
1474405200,3.3235,3.3315,3.3025,3.3205
1474491600,3.3205,3.3375,3.2735,3.2875
1474578000,3.2875,3.3085,3.2645,3.2825
1474837200,3.2825,3.2915,3.2165,3.2185
1474923600,3.2185,3.2535,3.2045,3.2475
1475010000,3.2475,3.2545,3.2205,3.2225
1475096400,3.2225,3.2655,3.2135,3.2235
1475182800,3.2235,3.3075,3.1855,3.2955
1475442000,3.2955,3.4085,3.287,3.3905
1475528400,3.3905,3.422,3.3705,3.4145
1475614800,3.4145,3.4255,3.3885,3.4085
1475701200,3.4085,3.4115,3.3205,3.3445
1475787600,3.3445,3.383,3.334,3.3365
1476046800,3.3365,3.3835,3.332,3.3715
1476133200,3.3715,3.4085,3.3525,3.3945
1476219600,3.3945,3.4245,3.3095,3.3165
1476306000,3.3165,3.4375,3.3165,3.4355
1476392400,3.4355,3.5275,3.4305,3.4785
1476651600,3.4785,3.5195,3.4485,3.4905
1476738000,3.4905,3.5185,3.4625,3.4815
1476824400,3.4815,3.5245,3.458,3.5245
1476910800,3.5245,3.5375,3.4415,3.4545
1476997200,3.4545,3.4895,3.4545,3.4675
1477256400,3.4675,3.4945,3.416,3.4385
1477342800,3.4385,3.4735,3.4265,3.4495
1477429200,3.4495,3.5095,3.4445,3.4965
1477515600,3.4965,3.5375,3.4755,3.5325
1477602000,3.5325,3.537,3.4985,3.5115
1477861200,3.5115,3.5365,3.4815,3.5015
1477947600,3.5015,3.505,3.4335,3.4485
1478034000,3.4485,3.464,3.4045,3.4275
1478120400,3.4275,3.4475,3.4135,3.4405
1478206800,3.4405,3.4585,3.4185,3.4425
1478469600,3.4425,3.4585,3.4165,3.4345
1478556000,3.4345,3.5295,3.418,3.5025
1478642400,3.5025,3.5155,3.3745,3.3805
1478728800,3.3805,3.4345,3.3725,3.3945
1478815200,3.3945,3.417,3.361,3.3765
1479074400,3.3765,3.3835,3.3295,3.3455
1479160800,3.3455,3.3945,3.3325,3.3925
1479247200,3.3925,3.4075,3.3585,3.3635
1479333600,3.3635,3.4085,3.3595,3.396
1479420000,3.396,3.4425,3.383,3.4325
1479679200,3.4325,3.4775,3.4275,3.4775
1479765600,3.4775,3.4955,3.4435,3.4905
1479852000,3.4905,3.4905,3.4465,3.4855
1479938400,3.4855,3.4855,3.4855,3.4855
1480024800,3.4855,3.4885,3.4685,3.4735
1480284000,3.4735,3.5155,3.4535,3.4785
1480370400,3.4785,3.4785,3.3805,3.3805
1480456800,3.3805,3.4255,3.3765,3.3815
1480543200,3.3815,3.3945,3.3195,3.3295
1480629600,3.3295,3.3765,3.3295,3.3725
1480888800,3.3725,3.4955,3.3725,3.4865
1480975200,3.4865,3.5385,3.4765,3.4965
1481061600,3.4965,3.5045,3.4635,3.4835
1481148000,3.4835,3.5015,3.4085,3.4455
1481234400,3.4455,3.4995,3.4175,3.4905
1481493600,3.4905,3.5155,3.4685,3.5105
1481580000,3.5105,3.5525,3.5005,3.5175
1481666400,3.5175,3.5265,3.4925,3.5265
1481752800,3.5265,3.5375,3.4745,3.4755
1481839200,3.4755,3.4995,3.4485,3.4825
1482098400,3.4825,3.4825,3.4315,3.4485
1482184800,3.4485,3.4515,3.4105,3.4155
1482271200,3.4155,3.4285,3.3875,3.3945
1482357600,3.3945,3.3975,3.3785,3.3935
1482444000,3.3935,3.398,3.3775,3.3895
1482789600,3.3895,3.4815,3.3895,3.4695
1482876000,3.4695,3.4695,3.3995,3.4115
1482962400,3.4115,3.4345,3.4005,3.4275
1483048800,3.4275,3.4545,3.4055,3.4375
1483394400,3.4375,3.5125,3.4375,3.4885
1483480800,3.4885,3.5285,3.478,3.5265
1483567200,3.5265,3.556,3.517,3.5415
1483653600,3.5415,3.5545,3.498,3.5185
1483912800,3.5185,3.542,3.4895,3.5285
1483999200,3.5285,3.5285,3.5095,3.5145
1484085600,3.5145,3.518,3.4595,3.5085
1484172000,3.5085,3.536,3.47,3.5195
1484258400,3.5195,3.532,3.4935,3.5235
1484604000,3.5235,3.606,3.5235,3.5955
1484690400,3.5955,3.62,3.572,3.5875
1484776800,3.5875,3.618,3.57,3.6075
1484863200,3.6075,3.644,3.5965,3.6435
1485122400,3.6435,3.646,3.624,3.6415
1485208800,3.6415,3.658,3.574,3.5825
1485295200,3.5825,3.6165,3.5615,3.6115
1485381600,3.6115,3.618,3.5735,3.5905
1485468000,3.5905,3.594,3.5595,3.5845
1485727200,3.5845,3.5845,3.5155,3.5375
1485813600,3.5375,3.568,3.536,3.5535
1485900000,3.5535,3.642,3.537,3.6335
1485986400,3.6335,3.654,3.622,3.6255
1486072800,3.6255,3.636,3.602,3.6065
1486332000,3.6065,3.6485,3.5895,3.6015
1486418400,3.6015,3.652,3.59,3.6485
1486504800,3.6485,3.674,3.63,3.6635
1486591200,3.6635,3.692,3.642,3.6555
1486677600,3.6555,3.72,3.652,3.7075
1486936800,3.7075,3.736,3.688,3.723
1487023200,3.723,3.723,3.701,3.712
1487109600,3.712,3.76,3.69,3.755
1487196000,3.755,3.771,3.704,3.706
1487282400,3.706,3.706,3.655,3.659
1487628000,3.659,3.684,3.645,3.675
1487714400,3.675,3.705,3.672,3.688
1487800800,3.688,3.699,3.634,3.639
1487887200,3.639,3.65,3.61,3.632
1488146400,3.632,3.644,3.593,3.61
1488232800,3.61,3.778,3.606,3.653
1488319200,3.653,3.74,3.644,3.737
1488405600,3.737,3.74,3.687,3.708
1488492000,3.708,3.737,3.698,3.73
1488751200,3.73,3.753,3.689,3.71
1488837600,3.71,3.721,3.661,3.685
1488924000,3.685,3.693,3.647,3.652
1489010400,3.652,3.668,3.592,3.607
1489096800,3.607,3.607,3.559,3.579
1489352400,3.579,3.586,3.542,3.545
1489438800,3.545,3.58,3.538,3.558
1489525200,3.558,3.583,3.556,3.576
1489611600,3.576,3.607,3.576,3.599
1489698000,3.599,3.615,3.586,3.615
1489957200,3.615,3.647,3.574,3.579
1490043600,3.579,3.584,3.538,3.558
1490130000,3.558,3.561,3.53,3.5305
1490216400,3.5305,3.545,3.511,3.511
1490302800,3.511,3.529,3.502,3.51
1490562000,3.51,3.532,3.495,3.51
1490648400,3.51,3.538,3.51,3.526
1490734800,3.526,3.559,3.52,3.537
1490821200,3.537,3.54,3.523,3.533
1490907600,3.533,3.621,3.507,3.601
1491166800,3.601,3.673,3.601,3.634
1491253200,3.634,3.655,3.588,3.589
1491339600,3.589,3.616,3.576,3.606
1491426000,3.606,3.614,3.563,3.568
1491512400,3.568,3.578,3.537,3.559
1491771600,3.559,3.634,3.557,3.632
1491858000,3.632,3.655,3.59,3.63
1491944400,3.63,3.681,3.628,3.659
1492030800,3.659,3.697,3.654,3.68
1492376400,3.68,3.691,3.629,3.638
1492462800,3.638,3.652,3.583,3.588
1492549200,3.588,3.626,3.581,3.594
1492635600,3.594,3.615,3.551,3.552
1492722000,3.552,3.564,3.522,3.547
1492981200,3.547,3.584,3.542,3.5745
1493067600,3.5745,3.664,3.543,3.637
1493154000,3.637,3.665,3.581,3.583
1493240400,3.583,3.631,3.58,3.605
1493326800,3.605,3.61,3.559,3.583
1493586000,3.583,3.711,3.583,3.687
1493672400,3.687,3.705,3.629,3.644
1493758800,3.644,3.682,3.627,3.669
1493845200,3.669,3.684,3.589,3.599
1493931600,3.599,3.666,3.597,3.64
1494190800,3.64,3.642,3.584,3.594
1494277200,3.594,3.625,3.591,3.599
1494363600,3.599,3.672,3.595,3.663
1494450000,3.663,3.67,3.624,3.629
1494536400,3.629,3.649,3.617,3.644
1494795600,3.644,3.655,3.613,3.615
1494882000,3.615,3.626,3.592,3.614
1494968400,3.614,3.662,3.604,3.654
1495054800,3.654,3.654,3.586,3.601
1495141200,3.601,3.671,3.601,3.665
1495400400,3.665,3.718,3.664,3.699
1495486800,3.699,3.702,3.638,3.648
1495573200,3.648,3.664,3.636,3.654
1495659600,3.654,3.677,3.638,3.648
1495746000,3.648,3.696,3.638,3.687
1496091600,3.687,3.689,3.618,3.626
1496178000,3.626,3.718,3.626,3.674
1496264400,3.674,3.692,3.633,3.661
1496350800,3.661,3.703,3.65,3.681
1496610000,3.681,3.716,3.681,3.691
1496696400,3.691,3.756,3.674,3.747
1496782800,3.747,3.829,3.744,3.812
1496869200,3.812,3.877,3.806,3.808
1496955600,3.808,3.859,3.773,3.841
1497214800,3.841,3.841,3.731,3.738
1497301200,3.738,3.804,3.738,3.781
1497387600,3.781,3.817,3.735,3.738
1497474000,3.738,3.788,3.672,3.75
1497560400,3.75,3.814,3.746,3.812
1497819600,3.812,3.812,3.726,3.731
1497906000,3.731,3.749,3.667,3.672
1497992400,3.672,3.71,3.661,3.671
1498078800,3.671,3.672,3.609,3.609
1498165200,3.609,3.629,3.552,3.573
1498424400,3.573,3.602,3.563,3.585
1498510800,3.585,3.632,3.585,3.588
1498597200,3.588,3.599,3.572,3.577
1498683600,3.577,3.629,3.57,3.605
1498770000,3.605,3.738,3.605,3.711
1499029200,3.711,3.869,3.711,3.766
1499202000,3.766,3.842,3.766,3.834
1499288400,3.834,3.834,3.737,3.823
1499374800,3.823,3.883,3.797,3.833
1499634000,3.833,3.941,3.833,3.938
1499720400,3.938,3.963,3.866,3.935
1499806800,3.935,3.935,3.767,3.778
1499893200,3.778,3.778,3.614,3.631
1499979600,3.631,3.71,3.629,3.6915
1500238800,3.6915,3.716,3.635,3.687
1500325200,3.687,3.816,3.686,3.703
1500411600,3.703,3.819,3.674,3.761
1500498000,3.761,3.862,3.739,3.839
1500584400,3.839,3.841,3.721,3.733
1500843600,3.733,3.733,3.65,3.705
1500930000,3.705,3.777,3.628,3.635
1501016400,3.635,3.673,3.604,3.671
1501102800,3.671,3.713,3.671,3.679
1501189200,3.679,3.712,3.672,3.693
1501448400,3.693,3.693,3.624,3.667
1501534800,3.667,3.667,3.571,3.58
1501621200,3.58,3.622,3.58,3.598
1501707600,3.598,3.623,3.564,3.589
1501794000,3.589,3.632,3.584,3.629
1502053200,3.629,3.68,3.629,3.674
1502139600,3.674,3.7,3.641,3.651
1502226000,3.651,3.682,3.646,3.6755
1502312400,3.6755,3.713,3.527,3.553
1502398800,3.553,3.573,3.533,3.572
1502658000,3.572,3.594,3.526,3.589
1502744400,3.589,3.589,3.508,3.521
1502830800,3.521,3.536,3.462,3.497
1502917200,3.497,3.507,3.466,3.472
1503003600,3.472,3.494,3.469,3.4865
1503262800,3.4865,3.4865,3.44,3.456
1503349200,3.456,3.483,3.437,3.4415
1503435600,3.4415,3.462,3.393,3.4
1503522000,3.4,3.404,3.385,3.401
1503608400,3.401,3.407,3.368,3.376
1503867600,3.376,3.393,3.353,3.353
1503954000,3.353,3.356,3.32,3.333
1504040400,3.333,3.341,3.303,3.303
1504126800,3.303,3.431,3.297,3.423
1504213200,3.423,3.454,3.384,3.399
1504558800,3.399,3.456,3.399,3.431
1504645200,3.431,3.473,3.418,3.461
1504731600,3.461,3.461,3.408,3.412
1504818000,3.412,3.445,3.41,3.427
1505077200,3.427,3.454,3.413,3.44
1505163600,3.44,3.44,3.326,3.382
1505250000,3.382,3.433,3.372,3.391
1505336400,3.391,3.429,3.391,3.414
1505422800,3.414,3.424,3.397,3.412
1505682000,3.412,3.427,3.38,3.392
1505768400,3.392,3.408,3.345,3.361
1505854800,3.361,3.392,3.353,3.385
1505941200,3.385,3.391,3.367,3.382
1506027600,3.382,3.441,3.377,3.417
1506286800,3.417,3.433,3.399,3.421
1506373200,3.421,3.442,3.403,3.406
1506459600,3.406,3.431,3.373,3.424
1506546000,3.424,3.424,3.396,3.416
1506632400,3.416,3.468,3.398,3.453
1506891600,3.453,3.454,3.407,3.412
1506978000,3.412,3.412,3.386,3.391
1507064400,3.391,3.395,3.361,3.378
1507150800,3.378,3.411,3.374,3.392
1507237200,3.392,3.41,3.388,3.4
1507496400,3.4,3.421,3.387,3.4
1507582800,3.4,3.418,3.391,3.399
1507669200,3.399,3.399,3.368,3.368
1507755600,3.368,3.448,3.338,3.402
1507842000,3.402,3.444,3.397,3.439
1508101200,3.439,3.445,3.414,3.423
1508187600,3.423,3.433,3.403,3.421
1508274000,3.421,3.424,3.398,3.405
1508360400,3.405,3.433,3.405,3.409
1508446800,3.409,3.42,3.369,3.369
1508706000,3.369,3.442,3.358,3.437
1508792400,3.437,3.455,3.423,3.453
1508878800,3.453,3.479,3.435,3.439
1508965200,3.439,3.45,3.426,3.434
1509051600,3.434,3.434,3.408,3.416
1509310800,3.416,3.431,3.41,3.422
1509397200,3.422,3.423,3.394,3.394
1509483600,3.394,3.43,3.392,3.423
1509570000,3.423,3.458,3.413,3.445
1509656400,3.445,3.45,3.418,3.425
1509919200,3.425,3.447,3.425,3.427
1510005600,3.427,3.429,3.411,3.424
1510092000,3.424,3.438,3.408,3.424
1510178400,3.424,3.449,3.36,3.372
1510264800,3.372,3.391,3.363,3.389
1510524000,3.389,3.394,3.373,3.378
1510610400,3.378,3.379,3.332,3.333
1510696800,3.333,3.349,3.33,3.346
1510783200,3.346,3.35,3.323,3.328
1510869600,3.328,3.396,3.328,3.395
1511128800,3.395,3.418,3.384,3.415
1511215200,3.415,3.424,3.396,3.417
1511301600,3.417,3.438,3.407,3.416
1511474400,3.416,3.428,3.371,3.391
1511733600,3.391,3.402,3.363,3.368
1511820000,3.368,3.373,3.346,3.348
1511906400,3.348,3.393,3.346,3.39
1511992800,3.39,3.42,3.374,3.4085
1512079200,3.4085,3.446,3.401,3.441
1512338400,3.441,3.459,3.385,3.388
1512424800,3.388,3.427,3.386,3.396
1512511200,3.396,3.419,3.373,3.388
1512597600,3.388,3.396,3.37,3.38
1512684000,3.38,3.402,3.375,3.391
1512943200,3.391,3.391,3.354,3.364
1513029600,3.364,3.399,3.348,3.353
1513116000,3.353,3.371,3.351,3.363
1513202400,3.363,3.38,3.355,3.36
1513288800,3.36,3.381,3.342,3.347
1513548000,3.347,3.366,3.346,3.353
1513634400,3.353,3.367,3.347,3.358
1513720800,3.358,3.378,3.356,3.375
1513807200,3.375,3.399,3.37,3.392
1513893600,3.392,3.408,3.39,3.405
1514239200,3.405,3.421,3.401,3.414
1514325600,3.414,3.432,3.409,3.427
1514412000,3.427,3.427,3.394,3.404
1514498400,3.404,3.408,3.397,3.403
1514844000,3.403,3.438,3.403,3.432
1514930400,3.432,3.446,3.424,3.43
1515016800,3.43,3.438,3.406,3.414
1515103200,3.414,3.425,3.408,3.418
1515362400,3.418,3.422,3.378,3.384
1515448800,3.384,3.409,3.383,3.399
1515535200,3.399,3.41,3.393,3.403
1515621600,3.403,3.416,3.394,3.402
1515708000,3.402,3.41,3.371,3.384
1516053600,3.384,3.41,3.382,3.404
1516140000,3.404,3.452,3.404,3.447
1516226400,3.447,3.46,3.43,3.438
1516312800,3.438,3.462,3.436,3.45
1516572000,3.45,3.471,3.441,3.449
1516658400,3.449,3.449,3.426,3.443
1516744800,3.443,3.498,3.429,3.494
1516831200,3.494,3.509,3.478,3.487
1516917600,3.487,3.501,3.479,3.496
1517176800,3.496,3.528,3.496,3.522
1517263200,3.522,3.558,3.522,3.551
1517349600,3.551,3.557,3.535,3.553
1517436000,3.553,3.559,3.527,3.557
1517522400,3.557,3.565,3.538,3.553
1517781600,3.553,3.553,3.52,3.538
1517868000,3.538,3.586,3.511,3.584
1517954400,3.584,3.605,3.575,3.597
1518040800,3.597,3.626,3.595,3.601
1518127200,3.601,3.605,3.568,3.573
1518386400,3.573,3.625,3.573,3.622
1518472800,3.622,3.641,3.618,3.625
1518559200,3.625,3.642,3.607,3.628
1518645600,3.628,3.646,3.616,3.641
1518732000,3.641,3.645,3.628,3.638
1519077600,3.638,3.666,3.622,3.624
1519164000,3.624,3.65,3.61,3.629
1519250400,3.629,3.64,3.615,3.637
1519336800,3.637,3.65,3.626,3.637
1519596000,3.637,3.679,3.637,3.667
1519682400,3.667,3.688,3.658,3.688
1519768800,3.688,3.74,3.678,3.709
1519855200,3.709,3.759,3.693,3.755
1519941600,3.755,3.774,3.733,3.748
1520200800,3.748,3.774,3.741,3.769
1520287200,3.769,3.785,3.757,3.78
1520373600,3.78,3.791,3.769,3.772
1520460000,3.772,3.839,3.763,3.834
1520546400,3.834,3.835,3.804,3.812
1520802000,3.812,3.821,3.78,3.811
1520888400,3.811,3.861,3.809,3.827
1520974800,3.827,3.843,3.794,3.797
1521061200,3.797,3.82,3.771,3.783
1521147600,3.783,3.789,3.743,3.743
1521406800,3.743,3.743,3.671,3.677
1521493200,3.677,3.692,3.658,3.67
1521579600,3.67,3.682,3.664,3.677
1521666000,3.677,3.7,3.668,3.686
1521752400,3.686,3.709,3.623,3.698
1522011600,3.698,3.739,3.669,3.679
1522098000,3.679,3.692,3.658,3.673
1522184400,3.673,3.683,3.657,3.669
1522270800,3.669,3.825,3.669,3.808
1522616400,3.808,3.862,3.808,3.815
1522702800,3.815,3.86,3.807,3.824
1522789200,3.824,3.831,3.666,3.754
1522875600,3.754,3.838,3.753,3.835
1522962000,3.835,3.844,3.767,3.833
1523221200,3.833,3.873,3.833,3.861
1523307600,3.861,3.872,3.838,3.849
1523394000,3.849,3.856,3.812,3.822
1523480400,3.822,3.848,3.806,3.841
1523566800,3.841,3.847,3.807,3.812
1523826000,3.812,3.821,3.782,3.785
1523912400,3.785,3.805,3.761,3.766
1523998800,3.766,3.797,3.764,3.791
1524085200,3.791,3.798,3.774,3.781
1524171600,3.781,3.782,3.731,3.738
1524430800,3.738,3.761,3.734,3.757
1524517200,3.757,3.786,3.743,3.781
1524603600,3.781,3.846,3.779,3.834
1524690000,3.834,3.848,3.818,3.836
1524776400,3.836,3.874,3.829,3.871
1525035600,3.871,3.926,3.871,3.898
1525122000,3.898,3.95,3.888,3.936
1525208400,3.936,3.951,3.929,3.942
1525294800,3.942,3.972,3.925,3.97
1525381200,3.97,3.973,3.949,3.952
1525640400,3.952,3.953,3.903,3.909
1525726800,3.909,3.938,3.894,3.934
1525813200,3.934,3.947,3.923,3.928
1525899600,3.928,3.971,3.905,3.915
1525986000,3.915,3.921,3.865,3.872
1526245200,3.872,3.884,3.854,3.874
1526331600,3.874,3.935,3.872,3.927
1526418000,3.927,3.96,3.894,3.902
1526504400,3.902,3.932,3.867,3.867
1526590800,3.867,3.949,3.867,3.937
1526850000,3.937,3.992,3.934,3.944
1526936400,3.944,3.989,3.932,3.962
1527022800,3.962,4.01,3.953,4.005
1527109200,4.005,4.043,3.963,3.965
1527195600,3.965,3.989,3.958,3.988
1527541200,3.988,4.03,3.909,3.931
1527627600,3.931,3.931,3.844,3.867
1527714000,3.867,3.919,3.867,3.873
1527800400,3.873,3.906,3.847,3.847
1528059600,3.847,3.847,3.75,3.753
1528146000,3.753,3.796,3.746,3.779
1528232400,3.779,3.812,3.729,3.734
1528318800,3.734,3.767,3.693,3.715
1528405200,3.715,3.739,3.687,3.727
1528664400,3.727,3.742,3.627,3.627
1528750800,3.627,3.75,3.627,3.722
1528837200,3.722,3.752,3.692,3.717
1528923600,3.717,3.717,3.587,3.593
1529010000,3.593,3.642,3.517,3.573
1529269200,3.573,3.584,3.505,3.521
1529355600,3.521,3.544,3.358,3.507
1529442000,3.507,3.54,3.446,3.507
1529528400,3.507,3.562,3.462,3.541
1529614800,3.541,3.568,3.523,3.543
1529874000,3.543,3.571,3.473,3.473
1529960400,3.473,3.522,3.457,3.499
1530046800,3.499,3.54,3.494,3.5
1530133200,3.5,3.506,3.433,3.433
1530219600,3.433,3.539,3.433,3.486
1530478800,3.486,3.515,3.366,3.376
1530565200,3.376,3.435,3.376,3.425
1530738000,3.425,3.479,3.404,3.414
1530824400,3.414,3.512,3.399,3.494
1531083600,3.494,3.496,3.414,3.449
1531170000,3.449,3.449,3.355,3.386
1531256400,3.386,3.386,3.312,3.32
1531342800,3.32,3.409,3.289,3.363
1531429200,3.363,3.38,3.307,3.32
1531688400,3.32,3.375,3.309,3.337
1531774800,3.337,3.406,3.337,3.384
1531861200,3.384,3.409,3.382,3.388
1531947600,3.388,3.44,3.374,3.43
1532034000,3.43,3.478,3.422,3.472
1532293200,3.472,3.509,3.472,3.497
1532379600,3.497,3.497,3.444,3.456
1532466000,3.456,3.527,3.45,3.51
1532552400,3.51,3.584,3.51,3.538
1532638800,3.538,3.566,3.526,3.547
1532898000,3.547,3.624,3.547,3.603
1532984400,3.603,3.678,3.598,3.657
1533070800,3.657,3.664,3.578,3.592
1533157200,3.592,3.663,3.584,3.608
1533243600,3.608,3.65,3.588,3.64
1533502800,3.64,3.662,3.626,3.65
1533589200,3.65,3.678,3.634,3.654
1533675600,3.654,3.682,3.646,3.66
1533762000,3.66,3.673,3.614,3.636
1533848400,3.636,3.648,3.52,3.526
1534107600,3.526,3.53,3.479,3.522
1534194000,3.522,3.585,3.522,3.575
1534280400,3.575,3.591,3.546,3.571
1534366800,3.571,3.632,3.563,3.612
1534453200,3.612,3.638,3.579,3.604
1534712400,3.604,3.622,3.561,3.591
1534798800,3.591,3.601,3.55,3.563
1534885200,3.563,3.563,3.49,3.495
1534971600,3.495,3.518,3.434,3.434
1535058000,3.434,3.47,3.434,3.455
1535317200,3.455,3.459,3.407,3.437
1535403600,3.437,3.453,3.386,3.389
1535490000,3.389,3.413,3.383,3.392
1535576400,3.392,3.417,3.389,3.392
1535662800,3.392,3.486,3.392,3.484
1536008400,3.484,3.519,3.447,3.519
1536094800,3.519,3.529,3.477,3.487
1536181200,3.487,3.512,3.474,3.496
1536267600,3.496,3.521,3.475,3.505
1536526800,3.505,3.521,3.487,3.512
1536613200,3.512,3.532,3.501,3.509
1536699600,3.509,3.509,3.362,3.383
1536786000,3.383,3.408,3.344,3.363
1536872400,3.363,3.378,3.352,3.37
1537131600,3.37,3.373,3.341,3.341
1537218000,3.341,3.349,3.292,3.294
1537304400,3.294,3.334,3.294,3.322
1537390800,3.322,3.425,3.316,3.387
1537477200,3.387,3.441,3.387,3.436
1537736400,3.436,3.486,3.427,3.478
1537822800,3.478,3.509,3.444,3.504
1537909200,3.504,3.516,3.482,3.492
1537995600,3.492,3.527,3.483,3.52
1538082000,3.52,3.538,3.423,3.439
1538341200,3.439,3.541,3.439,3.534
1538427600,3.534,3.569,3.511,3.552
1538514000,3.552,3.568,3.525,3.53
1538600400,3.53,3.565,3.53,3.561
1538686800,3.561,3.578,3.516,3.56
1538946000,3.56,3.578,3.53,3.555
1539032400,3.555,3.569,3.527,3.536
1539118800,3.536,3.546,3.514,3.515
1539205200,3.515,3.611,3.497,3.584
1539291600,3.584,3.632,3.58,3.627
1539550800,3.627,3.682,3.616,3.671
1539637200,3.671,3.672,3.636,3.651
1539723600,3.651,3.662,3.635,3.641
1539810000,3.641,3.641,3.601,3.608
1539896400,3.608,3.614,3.568,3.571
1540155600,3.571,3.616,3.567,3.605
1540242000,3.605,3.638,3.594,3.612
1540328400,3.612,3.612,3.593,3.596
1540414800,3.596,3.599,3.524,3.532
1540501200,3.532,3.617,3.532,3.599
1540760400,3.599,3.638,3.577,3.591
1540846800,3.591,3.603,3.569,3.574
1540933200,3.574,3.578,3.554,3.561
1541019600,3.561,3.636,3.558,3.587
1541106000,3.587,3.658,3.581,3.641
1541368800,3.641,3.675,3.63,3.673
1541455200,3.673,3.679,3.654,3.665
1541541600,3.665,3.668,3.645,3.659
1541628000,3.659,3.727,3.601,3.673
1541714400,3.673,3.678,3.623,3.638
1541973600,3.638,3.669,3.627,3.648
1542060000,3.648,3.656,3.602,3.61
1542146400,3.61,3.631,3.607,3.619
1542232800,3.619,3.667,3.617,3.624
1542319200,3.624,3.641,3.588,3.602
1542578400,3.602,3.622,3.573,3.585
1542664800,3.585,3.596,3.574,3.58
1542751200,3.58,3.593,3.564,3.576
1542924000,3.576,3.582,3.555,3.557
1543183200,3.557,3.564,3.525,3.533
1543269600,3.533,3.556,3.529,3.537
1543356000,3.537,3.588,3.535,3.583
1543442400,3.583,3.604,3.567,3.581
1543528800,3.581,3.628,3.579,3.621
1543788000,3.621,3.701,3.621,3.67
1543874400,3.67,3.698,3.652,3.698
1543960800,3.698,3.719,3.68,3.697
1544047200,3.697,3.701,3.658,3.684
1544133600,3.684,3.715,3.68,3.71
1544392800,3.71,3.719,3.694,3.697
1544479200,3.697,3.72,3.675,3.711
1544565600,3.711,3.739,3.708,3.714
1544652000,3.714,3.726,3.692,3.704
1544738400,3.704,3.739,3.697,3.713
1544997600,3.713,3.729,3.705,3.708
1545084000,3.708,3.736,3.706,3.725
1545170400,3.725,3.725,3.694,3.694
1545256800,3.694,3.702,3.63,3.635
1545343200,3.635,3.672,3.629,3.663
1545602400,3.663,3.673,3.638,3.662
1545775200,3.662,3.676,3.614,3.618
1545861600,3.618,3.654,3.618,3.634
1545948000,3.634,3.663,3.634,3.642
1546207200,3.642,3.662,3.621,3.638
1546380000,3.638,3.675,3.638,3.653
1546466400,3.653,3.701,3.647,3.699
1546552800,3.699,3.734,3.696,3.727
1546812000,3.727,3.741,3.72,3.729
1546898400,3.729,3.747,3.696,3.706
1546984800,3.706,3.739,3.706,3.727
1547071200,3.727,3.733,3.67,3.677
1547157600,3.677,3.7,3.676,3.7
1547416800,3.7,3.722,3.683,3.705
1547503200,3.705,3.723,3.628,3.633
1547589600,3.633,3.666,3.633,3.659
1547676000,3.659,3.731,3.658,3.719
1547762400,3.719,3.747,3.698,3.728
1548021600,3.728,3.728,3.727,3.727
1548108000,3.727,3.748,3.694,3.714
1548194400,3.714,3.742,3.708,3.716
1548280800,3.716,3.726,3.688,3.702
1548367200,3.702,3.733,3.69,3.731
1548626400,3.731,3.742,3.713,3.733
1548712800,3.733,3.741,3.697,3.712
1548799200,3.712,3.75,3.71,3.748
1548885600,3.748,3.751,3.695,3.698
1548972000,3.698,3.746,3.698,3.721
1549231200,3.721,3.743,3.711,3.738
1549317600,3.738,3.757,3.717,3.747
1549404000,3.747,3.755,3.738,3.746
1549490400,3.746,3.751,3.713,3.715
1549576800,3.715,3.766,3.692,3.692
1549836000,3.692,3.706,3.674,3.689
1549922400,3.689,3.742,3.688,3.735
1550008800,3.735,3.746,3.722,3.745
1550095200,3.745,3.747,3.701,3.707
1550181600,3.707,3.727,3.692,3.707
1550527200,3.707,3.727,3.656,3.669
1550613600,3.669,3.702,3.652,3.68
1550700000,3.68,3.753,3.675,3.721
1550786400,3.721,3.747,3.717,3.725
1551045600,3.725,3.758,3.675,3.685
1551132000,3.685,3.688,3.634,3.641
1551218400,3.641,3.662,3.613,3.616
1551304800,3.616,3.629,3.588,3.591
1551391200,3.591,3.621,3.551,3.612
1551650400,3.612,3.667,3.612,3.638
1551736800,3.638,3.664,3.632,3.652
1551823200,3.652,3.657,3.602,3.614
1551909600,3.614,3.615,3.548,3.548
1551996000,3.548,3.573,3.525,3.543
1552251600,3.543,3.575,3.522,3.522
1552338000,3.522,3.579,3.518,3.562
1552424400,3.562,3.605,3.542,3.574
1552510800,3.574,3.629,3.57,3.609
1552597200,3.609,3.645,3.6,3.638
1552856400,3.638,3.665,3.618,3.63
1552942800,3.63,3.651,3.595,3.627
1553029200,3.627,3.64,3.606,3.628
1553115600,3.628,3.693,3.626,3.675
1553202000,3.675,3.724,3.674,3.704
1553461200,3.704,3.729,3.692,3.716
1553547600,3.716,3.727,3.681,3.696
1553634000,3.696,3.696,3.646,3.661
1553720400,3.661,3.674,3.65,3.662
1553806800,3.662,3.681,3.494,3.499
1554066000,3.499,3.565,3.499,3.555
1554152400,3.555,3.57,3.532,3.554
1554238800,3.554,3.585,3.546,3.568
1554325200,3.568,3.601,3.568,3.589
1554411600,3.589,3.589,3.549,3.561
1554670800,3.561,3.583,3.543,3.546
1554757200,3.546,3.57,3.504,3.552
1554843600,3.552,3.576,3.55,3.565
1554930000,3.565,3.58,3.538,3.553
1555016400,3.553,3.567,3.539,3.557
1555275600,3.557,3.6,3.557,3.583
1555362000,3.583,3.584,3.533,3.543
1555448400,3.543,3.559,3.527,3.544
1555534800,3.544,3.553,3.533,3.546
1555880400,3.546,3.553,3.512,3.512
1555966800,3.512,3.518,3.474,3.484
1556053200,3.484,3.495,3.428,3.428
1556139600,3.428,3.482,3.395,3.443
1556226000,3.443,3.508,3.443,3.487
1556485200,3.487,3.537,3.487,3.494
1556571600,3.494,3.512,3.468,3.511
1556658000,3.511,3.569,3.509,3.567
1556744400,3.567,3.59,3.549,3.583
1556830800,3.583,3.599,3.546,3.587
1557090000,3.587,3.587,3.468,3.534
1557176400,3.534,3.572,3.523,3.56
1557262800,3.56,3.573,3.508,3.528
1557349200,3.528,3.528,3.422,3.425
1557435600,3.425,3.452,3.358,3.409
1557694800,3.409,3.477,3.338,3.465
1557781200,3.465,3.608,3.465,3.588
1557867600,3.588,3.699,3.584,3.592
1557954000,3.592,3.708,3.592,3.699
1558040400,3.699,3.749,3.699,3.727
1558299600,3.727,3.82,3.727,3.794
1558386000,3.794,3.895,3.794,3.847
1558472400,3.847,3.873,3.774,3.857
1558558800,3.857,3.899,3.782,3.811
1558645200,3.811,3.957,3.809,3.957
1558990800,3.957,4.121,3.957,4.121
1559077200,4.121,4.294,4.042,4.089
1559163600,4.089,4.282,4.053,4.277
1559250000,4.277,4.292,4.153,4.193
1559509200,4.193,4.23,4.11,4.159
1559595600,4.159,4.268,4.142,4.176
1559682000,4.176,4.176,4.053,4.067
1559768400,4.067,4.148,4.005,4.138
1559854800,4.138,4.168,4.086,4.091
1560114000,4.091,4.106,4.031,4.101
1560200400,4.101,4.24,4.026,4.207
1560286800,4.207,4.285,4.183,4.241
1560373200,4.241,4.368,4.241,4.359
1560459600,4.359,4.516,4.359,4.476
1560718800,4.476,4.588,4.455,4.495
1560805200,4.495,4.528,4.377,4.44
1560891600,4.44,4.471,4.339,4.361
1560978000,4.361,4.459,4.324,4.458
1561064400,4.458,4.495,4.377,4.392
1561323600,4.392,4.443,4.367,4.436
1561410000,4.436,4.494,4.435,4.436
1561496400,4.436,4.436,4.377,4.404
1561582800,4.404,4.427,4.369,4.369
1561669200,4.369,4.512,4.126,4.185
1561928400,4.185,4.212,4.059,4.074
1562014800,4.074,4.132,4.06,4.121
1562101200,4.121,4.294,4.121,4.284
1562274000,4.284,4.321,4.227,4.316
1562533200,4.316,4.378,4.265,4.32
1562619600,4.32,4.32,4.219,4.246
1562706000,4.246,4.294,4.202,4.275
1562792400,4.275,4.376,4.199,4.367
1562878800,4.367,4.488,4.35,4.483
1563138000,4.483,4.53,4.334,4.352
1563224400,4.352,4.352,4.229,4.286
1563310800,4.286,4.351,4.254,4.289
1563397200,4.289,4.297,4.172,4.19
1563483600,4.19,4.282,4.177,4.255
1563742800,4.255,4.264,4.156,4.164
1563829200,4.164,4.212,4.13,4.197
1563915600,4.197,4.25,4.161,4.173
1564002000,4.173,4.203,4.132,4.132
1564088400,4.132,4.143,4.082,4.094
1564347600,4.094,4.146,4.074,4.121
1564434000,4.121,4.122,4.058,4.063
1564520400,4.063,4.094,3.958,3.959
1564606800,3.959,3.989,3.833,3.892
1564693200,3.892,3.957,3.892,3.95
1564952400,3.95,4.027,3.872,4.018
1565038800,4.018,4.043,3.97,4.006
1565125200,4.006,4.037,3.97,4.032
1565211600,4.032,4.082,4.02,4.075
1565298000,4.075,4.133,4.039,4.066
1565557200,4.066,4.066,3.821,3.821
1565643600,3.821,3.821,3.629,3.631
1565730000,3.631,3.676,3.56,3.572
1565816400,3.572,3.61,3.556,3.586
1565902800,3.586,3.686,3.586,3.686
1566162000,3.686,3.686,3.612,3.626
1566248400,3.626,3.679,3.572,3.579
1566334800,3.579,3.616,3.552,3.605
1566421200,3.605,3.644,3.572,3.606
1566507600,3.606,3.612,3.558,3.567
1566766800,3.567,3.603,3.556,3.572
1566853200,3.572,3.584,3.554,3.557
1566939600,3.557,3.632,3.54,3.61
1567026000,3.61,3.664,3.601,3.601
1567112400,3.601,3.641,3.588,3.589
1567458000,3.589,3.601,3.511,3.511
1567544400,3.511,3.534,3.473,3.485
1567630800,3.485,3.532,3.485,3.501
1567717200,3.501,3.509,3.441,3.464
1567976400,3.464,3.489,3.436,3.451
1568062800,3.451,3.537,3.451,3.53
1568149200,3.53,3.545,3.48,3.509
1568235600,3.509,3.588,3.449,3.586
1568322000,3.586,3.63,3.569,3.599
1568581200,3.599,3.658,3.591,3.658
1568667600,3.658,3.658,3.578,3.598
1568754000,3.598,3.635,3.576,3.635
1568840400,3.635,3.653,3.614,3.646
1568926800,3.646,3.664,3.615,3.627
1569186000,3.627,3.667,3.627,3.645
1569272400,3.645,3.678,3.624,3.678
1569358800,3.678,3.695,3.647,3.669
1569445200,3.669,3.679,3.608,3.648
1569531600,3.648,3.654,3.624,3.646
1569790800,3.646,3.806,3.644,3.794
1569877200,3.794,3.851,3.78,3.839
1569963600,3.839,3.842,3.784,3.798
1570050000,3.798,3.834,3.784,3.817
1570136400,3.817,3.817,3.768,3.779
1570395600,3.779,3.808,3.779,3.801
1570482000,3.801,3.895,3.794,3.883
1570568400,3.883,3.904,3.864,3.869
1570654800,3.869,3.882,3.72,3.735
1570741200,3.735,3.921,3.735,3.913
1571000400,3.913,3.96,3.872,3.911
1571086800,3.911,3.924,3.866,3.866
1571173200,3.866,3.867,3.817,3.859
1571259600,3.859,3.912,3.855,3.883
1571346000,3.883,3.9,3.841,3.849
1571605200,3.849,3.881,3.81,3.82
1571691600,3.82,3.873,3.798,3.828
1571778000,3.828,3.841,3.787,3.834
1571864400,3.834,3.855,3.803,3.818
1571950800,3.818,3.849,3.809,3.824
1572210000,3.824,3.824,3.788,3.794
1572296400,3.794,3.828,3.776,3.818
1572382800,3.818,3.866,3.81,3.861
1572469200,3.861,3.867,3.805,3.852
1572555600,3.852,3.873,3.821,3.841
1572818400,3.841,3.841,3.792,3.795
1572904800,3.795,3.808,3.768,3.781
1572991200,3.781,3.811,3.74,3.747
1573077600,3.747,3.763,3.704,3.713
1573164000,3.713,3.801,3.69,3.733
1573423200,3.733,3.737,3.693,3.703
1573509600,3.703,3.748,3.698,3.748
1573596000,3.748,3.748,3.719,3.732
1573682400,3.732,3.745,3.717,3.726
1573768800,3.726,3.736,3.682,3.684
1574028000,3.684,3.692,3.652,3.656
1574114400,3.656,3.705,3.655,3.677
1574200800,3.677,3.681,3.637,3.645
1574287200,3.645,3.675,3.642,3.663
1574373600,3.663,3.681,3.654,3.664
1574632800,3.664,3.711,3.664,3.682
1574719200,3.682,3.687,3.655,3.655
1574805600,3.655,3.671,3.608,3.613
1574978400,3.613,3.695,3.613,3.685
1575237600,3.685,3.724,3.671,3.704
1575324000,3.704,3.726,3.685,3.695
1575410400,3.695,3.713,3.657,3.665
1575496800,3.665,3.678,3.646,3.649
1575583200,3.649,3.679,3.638,3.649
1575842400,3.649,3.672,3.644,3.649
1575928800,3.649,3.669,3.642,3.658
1576015200,3.658,3.66,3.606,3.606
1576101600,3.606,3.693,3.606,3.667
1576188000,3.667,3.745,3.667,3.704
1576447200,3.704,3.788,3.704,3.771
1576533600,3.771,3.799,3.76,3.79
1576620000,3.79,3.795,3.756,3.766
1576706400,3.766,3.786,3.75,3.762
1576792800,3.762,3.793,3.761,3.781
1577052000,3.781,3.802,3.776,3.787
1577138400,3.787,3.795,3.775,3.783
1577311200,3.783,3.795,3.773,3.791
1577397600,3.791,3.816,3.786,3.806
1577656800,3.806,3.826,3.78,3.793
1577743200,3.793,3.808,3.773,3.786
1577916000,3.786,3.833,3.786,3.828
1578002400,3.828,3.833,3.778,3.778
1578261600,3.778,3.795,3.749,3.769
1578348000,3.769,3.777,3.758,3.768
1578434400,3.768,3.776,3.746,3.769
1578520800,3.769,3.792,3.748,3.758
1578607200,3.758,3.789,3.693,3.786
1578866400,3.786,3.822,3.784,3.822
1578952800,3.822,3.832,3.812,3.815
1579039200,3.815,3.834,3.797,3.803
1579125600,3.803,3.807,3.688,3.693
1579212000,3.693,3.826,3.693,3.824
1579471200,3.824,3.825,3.824,3.825
1579557600,3.825,3.828,3.782,3.814
1579644000,3.814,3.847,3.805,3.825
1579730400,3.825,3.878,3.816,3.875
1579816800,3.875,3.875,3.808,3.81
1580076000,3.81,3.81,3.72,3.752
1580162400,3.752,3.815,3.733,3.803
1580248800,3.803,3.83,3.776,3.794
1580335200,3.794,3.797,3.736,3.748
1580421600,3.748,3.777,3.737,3.767
1580680800,3.767,3.772,3.721,3.739
1580767200,3.739,3.789,3.739,3.774
1580853600,3.774,3.787,3.75,3.763
1580940000,3.763,3.776,3.719,3.766
1581026400,3.766,3.807,3.76,3.79
1581285600,3.79,3.79,3.753,3.779
1581372000,3.779,3.782,3.745,3.762
1581458400,3.762,3.801,3.748,3.791
1581544800,3.791,3.791,3.757,3.76
1581631200,3.76,3.781,3.731,3.745
1581976800,3.745,3.803,3.745,3.798
1582063200,3.798,3.799,3.759,3.777
1582149600,3.777,3.785,3.756,3.758
1582236000,3.758,3.779,3.739,3.74
1582495200,3.74,3.74,3.681,3.709
1582581600,3.709,3.729,3.694,3.704
1582668000,3.704,3.722,3.671,3.687
1582754400,3.687,3.687,3.61,3.622
1582840800,3.622,3.642,3.603,3.63
1583100000,3.63,3.709,3.622,3.707
1583186400,3.707,3.791,3.707,3.752
1583272800,3.752,3.814,3.739,3.796
1583359200,3.796,3.796,3.745,3.76
1583445600,3.76,3.776,3.702,3.713
1583701200,3.713,3.713,3.622,3.684
1583787600,3.684,3.749,3.684,3.729
1583874000,3.729,3.729,3.676,3.695
1583960400,3.695,3.695,3.607,3.607
1584046800,3.607,3.672,3.592,3.62
1584306000,3.62,3.634,3.501,3.523
1584392400,3.523,3.526,3.393,3.396
1584478800,3.396,3.416,3.285,3.325
1584565200,3.325,3.508,3.325,3.414
1584651600,3.414,3.529,3.388,3.393
1584910800,3.393,3.414,3.35,3.387
1584997200,3.387,3.472,3.348,3.442
1585083600,3.442,3.495,3.423,3.46
1585170000,3.46,3.46,3.406,3.454
1585256400,3.454,3.466,3.395,3.429
1585515600,3.429,3.434,3.372,3.389
1585602000,3.389,3.416,3.308,3.387
1585688400,3.387,3.398,3.309,3.324
1585774800,3.324,3.406,3.304,3.309
1585861200,3.309,3.357,3.255,3.28
1586120400,3.28,3.292,3.233,3.255
1586206800,3.255,3.33,3.255,3.303
1586293200,3.303,3.316,3.261,3.284
1586379600,3.284,3.311,3.259,3.299
1586725200,3.299,3.319,3.247,3.292
1586811600,3.292,3.3,3.24,3.24
1586898000,3.24,3.248,3.159,3.179
1586984400,3.179,3.207,3.163,3.173
1587070800,3.173,3.23,3.173,3.209
1587330000,3.209,3.213,3.133,3.134
1587416400,3.134,3.148,3.012,3.102
1587502800,3.102,3.191,3.079,3.167
1587589200,3.167,3.229,3.141,3.188
1587675600,3.188,3.195,3.113,3.153
1587934800,3.153,3.153,3.047,3.058
1588021200,3.058,3.09,3.031,3.043
1588107600,3.043,3.106,3.022,3.074
1588194000,3.074,3.148,3.055,3.121
1588280400,3.121,3.126,3.084,3.11
1588539600,3.11,3.11,3.054,3.088
1588626000,3.088,3.116,3.072,3.106
1588712400,3.106,3.114,3.068,3.075
1588798800,3.075,3.138,3.075,3.118
1588885200,3.118,3.163,3.108,3.132
1589144400,3.132,3.165,3.11,3.117
1589230800,3.117,3.177,3.083,3.161
1589317200,3.161,3.161,3.116,3.119
1589403600,3.119,3.134,3.098,3.115
1589490000,3.115,3.145,3.11,3.134
1589749200,3.134,3.162,3.123,3.156
1589835600,3.156,3.198,3.151,3.159
1589922000,3.159,3.159,3.12,3.14
1590008400,3.14,3.149,3.112,3.129
1590094800,3.129,3.14,3.11,3.125
1590440400,3.125,3.181,3.118,3.149
1590526800,3.149,3.172,3.147,3.159
1590613200,3.159,3.259,3.15,3.229
1590699600,3.229,3.247,3.188,3.211
1590958800,3.211,3.236,3.152,3.192
1591045200,3.192,3.21,3.18,3.202
1591131600,3.202,3.206,3.173,3.201
1591218000,3.201,3.256,3.201,3.249
1591304400,3.249,3.284,3.244,3.283
1591563600,3.283,3.31,3.275,3.296
1591650000,3.296,3.303,3.234,3.238
1591736400,3.238,3.245,3.21,3.233
1591822800,3.233,3.276,3.221,3.268
1591909200,3.268,3.293,3.252,3.266
1592168400,3.266,3.266,3.228,3.26
1592254800,3.26,3.309,3.255,3.259
1592341200,3.259,3.281,3.229,3.271
1592427600,3.271,3.306,3.257,3.269
1592514000,3.269,3.304,3.243,3.297
1592773200,3.297,3.297,3.253,3.256
1592859600,3.256,3.256,3.188,3.213
1592946000,3.213,3.252,3.196,3.196
1593032400,3.196,3.199,3.108,3.132
1593118800,3.132,3.161,3.093,3.115
1593378000,3.115,3.223,3.112,3.218
1593464400,3.218,3.39,3.196,3.341
1593550800,3.341,3.467,3.336,3.43
1593637200,3.43,3.465,3.364,3.368
1593982800,3.368,3.434,3.368,3.404
1594069200,3.404,3.416,3.342,3.371
1594155600,3.371,3.405,3.331,3.397
1594242000,3.397,3.486,3.397,3.435
1594328400,3.435,3.453,3.306,3.311
1594587600,3.311,3.311,3.214,3.229
1594674000,3.229,3.268,3.206,3.206
1594760400,3.206,3.236,3.177,3.209
1594846800,3.209,3.279,3.209,3.257
1594933200,3.257,3.294,3.257,3.282
1595192400,3.282,3.282,3.211,3.236
1595278800,3.236,3.236,3.175,3.184
1595365200,3.184,3.221,3.18,3.219
1595451600,3.219,3.239,3.198,3.229
1595538000,3.229,3.249,3.218,3.232
1595797200,3.232,3.242,3.203,3.223
1595883600,3.223,3.223,3.171,3.178
1595970000,3.178,3.196,3.143,3.146
1596056400,3.146,3.178,3.144,3.149
1596142800,3.149,3.166,3.14,3.146
1596402000,3.146,3.174,3.146,3.17
1596488400,3.17,3.17,3.09,3.095
1596574800,3.095,3.122,3.095,3.116
1596661200,3.116,3.135,3.104,3.126
1596747600,3.126,3.131,3.093,3.099
1597006800,3.099,3.129,3.097,3.127
1597093200,3.127,3.166,3.118,3.129
1597179600,3.129,3.17,3.097,3.165
1597266000,3.165,3.296,3.165,3.274
1597352400,3.274,3.282,3.246,3.271
1597611600,3.271,3.341,3.271,3.338
1597698000,3.338,3.351,3.3,3.308
1597784400,3.308,3.318,3.276,3.289
1597870800,3.289,3.304,3.254,3.29
1597957200,3.29,3.313,3.286,3.307
1598216400,3.307,3.352,3.307,3.352
1598302800,3.352,3.445,3.352,3.438
1598389200,3.438,3.446,3.412,3.444
1598475600,3.444,3.486,3.427,3.478
1598562000,3.478,3.494,3.45,3.494
1598821200,3.494,3.54,3.465,3.487
1598907600,3.487,3.488,3.414,3.481
1598994000,3.481,3.496,3.447,3.484
1599080400,3.484,3.494,3.439,3.442
1599166800,3.442,3.496,3.442,3.479
1599512400,3.479,3.54,3.475,3.524
1599598800,3.524,3.524,3.49,3.51
1599685200,3.51,3.574,3.505,3.562
1599771600,3.562,3.602,3.546,3.602
1600030800,3.602,3.619,3.585,3.604
1600117200,3.604,3.606,3.564,3.574
1600203600,3.574,3.631,3.531,3.629
1600290000,3.629,3.686,3.593,3.659
1600376400,3.659,3.704,3.652,3.697
1600635600,3.697,3.699,3.602,3.617
1600722000,3.617,3.649,3.578,3.61
1600808400,3.61,3.62,3.579,3.605
1600894800,3.605,3.605,3.551,3.556
1600981200,3.556,3.596,3.556,3.574
1601240400,3.574,3.621,3.533,3.597
1601326800,3.597,3.604,3.539,3.568
1601413200,3.568,3.75,3.549,3.714
1601499600,3.714,3.778,3.707,3.749
1601586000,3.749,3.76,3.7,3.723
1601845200,3.723,3.753,3.706,3.724
1601931600,3.724,3.82,3.714,3.775
1602018000,3.775,3.848,3.771,3.821
1602104400,3.821,3.874,3.798,3.805
1602190800,3.805,3.912,3.796,3.874
1602450000,3.874,3.924,3.807,3.822
1602536400,3.822,3.862,3.817,3.85
1602622800,3.85,3.91,3.818,3.902
1602709200,3.902,3.977,3.874,3.975
1602795600,3.975,4.025,3.956,3.962
1603054800,3.962,4.006,3.949,3.989
1603141200,3.989,4.039,3.977,4.029
1603227600,4.029,4.094,4.02,4.082
1603314000,4.082,4.13,4.048,4.101
1603400400,4.101,4.141,4.084,4.141
1603659600,4.141,4.141,4.075,4.117
1603746000,4.117,4.168,4.103,4.105
1603832400,4.105,4.105,3.956,3.966
1603918800,3.966,3.992,3.883,3.925
1604005200,3.925,3.951,3.896,3.93
1604268000,3.93,3.935,3.887,3.917
1604354400,3.917,3.988,3.91,3.959
1604440800,3.959,4.016,3.924,4.006
1604527200,4.006,4.131,3.999,4.042
1604613600,4.042,4.079,4.018,4.021
1604872800,4.021,4.061,3.981,4.036
1604959200,4.036,4.233,4.027,4.181
1605045600,4.181,4.241,4.128,4.133
1605132000,4.133,4.151,4.027,4.042
1605218400,4.042,4.098,4.003,4.063
1605477600,4.063,4.133,4.06,4.13
1605564000,4.13,4.175,4.13,4.146
1605650400,4.146,4.215,4.134,4.185
1605736800,4.185,4.194,4.132,4.162
1605823200,4.162,4.219,4.153,4.173
1606082400,4.173,4.246,4.173,4.227
1606168800,4.227,4.227,4.128,4.216
1606255200,4.216,4.241,4.166,4.168
1606428000,4.168,4.248,4.155,4.244
1606687200,4.244,4.29,4.144,4.166
1606773600,4.166,4.188,4.106,4.106
1606860000,4.106,4.148,4.05,4.133
1606946400,4.133,4.176,4.122,4.166
1607032800,4.166,4.172,4.099,4.106
1607292000,4.106,4.158,4.062,4.136
1607378400,4.136,4.151,4.095,4.11
1607464800,4.11,4.152,4.108,4.148
1607551200,4.148,4.183,4.117,4.131
1607637600,4.131,4.157,4.093,4.149
1607896800,4.149,4.196,4.128,4.157
1607983200,4.157,4.168,4.119,4.166
1608069600,4.166,4.208,4.154,4.186
1608156000,4.186,4.243,4.16,4.239
1608242400,4.239,4.298,4.236,4.284
1608501600,4.284,4.323,4.22,4.32
1608588000,4.32,4.359,4.29,4.344
1608674400,4.344,4.414,4.332,4.388
1608760800,4.388,4.432,4.382,4.422
1609106400,4.422,4.495,4.404,4.491
1609192800,4.491,4.592,4.459,4.585
1609279200,4.585,4.679,4.543,4.664
1609365600,4.664,4.774,4.652,4.774
1609711200,4.774,4.898,4.721,4.772
1609797600,4.772,4.882,4.749,4.852
1609884000,4.852,4.95,4.842,4.884
1609970400,4.884,4.884,4.798,4.87
1610056800,4.87,4.92,4.851,4.893
1610316000,4.893,4.933,4.835,4.848
1610402400,4.848,5.103,4.823,5.103
1610488800,5.103,5.342,5.103,5.17
1610575200,5.17,5.292,5.121,5.272
1610661600,5.272,5.293,5.207,5.236
1611007200,5.236,5.276,5.17,5.188
1611093600,5.188,5.201,5.067,5.152
1611180000,5.152,5.251,5.132,5.173
1611266400,5.173,5.173,4.934,4.946
1611525600,4.946,5.098,4.873,5.059
1611612000,5.059,5.285,5.027,5.263
1611698400,5.263,5.382,5.241,5.279
1611784800,5.279,5.451,5.237,5.283
1611871200,5.283,5.482,5.28,5.42
1612130400,5.42,5.505,5.339,5.448
1612216800,5.448,5.474,5.353,5.38
1612303200,5.38,5.476,5.319,5.472
1612389600,5.472,5.53,5.425,5.447
1612476000,5.447,5.478,5.41,5.444
1612735200,5.444,5.614,5.444,5.604
1612821600,5.604,5.692,5.411,5.521
1612908000,5.521,5.521,5.285,5.293
1612994400,5.293,5.427,5.215,5.365
1613080800,5.365,5.43,5.333,5.358
1613426400,5.358,5.483,5.348,5.476
1613512800,5.476,5.503,5.428,5.483
1613599200,5.483,5.506,5.449,5.471
1613685600,5.471,5.534,5.391,5.406
1613944800,5.406,5.494,5.406,5.492
1614031200,5.492,5.577,5.484,5.515
1614117600,5.515,5.564,5.494,5.552
1614204000,5.552,5.564,5.397,5.477
1614290400,5.477,5.477,5.388,5.474
1614549600,5.474,5.528,5.358,5.371
1614636000,5.371,5.471,5.304,5.428
1614722400,5.428,5.428,5.316,5.333
1614808800,5.333,5.396,5.281,5.315
1614895200,5.315,5.461,5.289,5.455
1615154400,5.455,5.551,5.36,5.459
1615240800,5.459,5.46,5.354,5.443
1615327200,5.443,5.445,5.302,5.315
1615413600,5.315,5.405,5.303,5.365
1615500000,5.365,5.393,5.3,5.385
1615755600,5.385,5.495,5.318,5.471
1615842000,5.471,5.543,5.458,5.521
1615928400,5.521,5.573,5.511,5.551
1616014800,5.551,5.568,5.444,5.453
1616101200,5.453,5.581,5.446,5.559
1616360400,5.559,5.578,5.459,5.486
1616446800,5.486,5.549,5.469,5.506
1616533200,5.506,5.527,5.475,5.514
1616619600,5.514,5.515,5.407,5.455
1616706000,5.455,5.53,5.43,5.512
1616965200,5.512,5.512,5.416,5.446
1617051600,5.446,5.466,5.329,5.37
1617138000,5.37,5.636,5.356,5.636
1617224400,5.636,5.82,5.558,5.586
1617570000,5.586,5.636,5.489,5.519
1617656400,5.519,5.607,5.517,5.539
1617742800,5.539,5.615,5.532,5.605
1617829200,5.605,5.823,5.587,5.789
1617915600,5.789,5.938,5.75,5.752
1618174800,5.752,5.853,5.668,5.67
1618261200,5.67,5.838,5.65,5.802
1618347600,5.802,5.968,5.786,5.936
1618434000,5.936,6.004,5.87,5.906
1618520400,5.906,5.952,5.85,5.882
1618779600,5.882,5.978,5.882,5.936
1618866000,5.936,6.106,5.936,6.06
1618952400,6.06,6.228,6.01,6.19
1619038800,6.19,6.454,6.182,6.454
1619125200,6.454,6.5,6.328,6.484
1619384400,6.484,6.714,6.484,6.712
1619470800,6.712,6.978,6.594,6.694
1619557200,6.694,6.842,6.42,6.524
1619643600,6.524,6.664,6.487,6.61
1619730000,6.61,6.866,6.58,6.866
1619989200,6.866,7.112,6.866,6.932
1620075600,6.932,7.17,6.886,7.106
1620162000,7.106,7.248,7.04,7.208
1620248400,7.208,7.354,7.184,7.328
1620334800,7.328,7.482,7.284,7.44
1620594000,7.44,7.44,7.206,7.25
1620680400,7.25,7.446,7.152,7.354
1620766800,7.354,7.432,7.158,7.258
1620853200,7.258,7.258,6.855,6.856
1620939600,6.856,6.98,6.52,6.552
1621198800,6.552,6.664,6.428,6.622
1621285200,6.622,6.794,6.622,6.688
1621371600,6.688,6.728,6.464,6.704
1621458000,6.704,6.81,6.66,6.73
1621544400,6.73,6.758,6.626,6.66
1621803600,6.66,6.67,6.542,6.666
1621890000,6.666,6.704,6.252,6.284
1621976400,6.284,6.368,6.106,6.328
1622062800,6.328,6.728,6.292,6.728
1622149200,6.728,6.806,6.594,6.638
1622408400,6.638,6.64,6.638,6.638
1622494800,6.638,7.047,6.638,6.954
1622581200,6.954,7.016,6.734,6.822
1622667600,6.822,6.922,6.598,6.672
1622754000,6.672,6.928,6.672,6.882
1623013200,6.882,7.132,6.81,6.834
1623099600,6.834,7.046,6.834,6.882
1623186000,6.882,7.016,6.758,6.956
1623272400,6.956,7.236,6.938,7.048
1623358800,7.048,7.09,6.786,6.91
1623618000,6.91,6.91,6.584,6.632
1623704400,6.632,6.702,6.518,6.672
1623790800,6.672,6.816,6.599,6.625
1623877200,6.625,6.648,6.164,6.176
1623963600,6.176,6.606,6.154,6.502
1624222800,6.502,6.502,6.192,6.405
1624309200,6.405,6.488,6.156,6.188
1624395600,6.188,6.22,6.07,6.122
1624482000,6.122,6.206,5.894,6.122
1624568400,6.122,6.191,5.896,5.901
1624827600,5.901,6.208,5.871,6.189
1624914000,6.189,6.318,6.124,6.178
1625000400,6.178,6.635,5.988,6.634
1625086800,6.634,6.92,6.606,6.644
1625173200,6.644,6.754,6.492,6.528
1625518800,6.528,6.528,6.056,6.068
1625605200,6.068,6.124,5.83,5.966
1625691600,5.966,6.022,5.852,5.866
1625778000,5.866,5.876,5.696,5.754
1626037200,5.754,5.948,5.75,5.928
1626123600,5.928,6.074,5.866,5.994
1626210000,5.994,6.212,5.946,6.18
1626296400,6.18,6.206,6.088,6.116
1626382800,6.116,6.232,6.048,6.058
1626642000,6.058,6.232,5.992,6.07
1626728400,6.07,6.274,6.07,6.22
1626814800,6.22,6.294,6.184,6.244
1626901200,6.244,6.244,6.046,6.172
1626987600,6.172,6.2,5.932,5.953
1627246800,5.953,5.994,5.828,5.978
1627333200,5.978,6.136,5.936,5.978
1627419600,5.978,6.042,5.938,6.014
1627506000,6.014,6.096,5.974,6.078
1627592400,6.078,6.078,5.938,5.95
1627851600,5.95,6.1,5.898,6.092
1627938000,6.092,6.158,5.964,6.02
1628024400,6.02,6.06,5.894,5.958
1628110800,5.958,6.07,5.94,6.02
1628197200,6.02,6.086,5.954,6.052
1628456400,6.052,6.056,5.96,6.018
1628542800,6.018,6.018,5.94,6.002
1628629200,6.002,6.09,5.986,6.052
1628715600,6.052,6.436,5.976,6.192
1628802000,6.192,6.298,6.13,6.194
1629061200,6.194,6.224,6.102,6.146
1629147600,6.146,6.194,6.064,6.092
1629234000,6.092,6.134,6.058,6.076
1629320400,6.076,6.078,5.894,5.944
1629406800,5.944,5.972,5.74,5.784
1629666000,5.784,5.838,5.696,5.764
1629752400,5.764,5.878,5.764,5.85
1629838800,5.85,5.97,5.812,5.914
1629925200,5.914,5.948,5.876,5.902
1630011600,5.902,5.946,5.84,5.94
1630270800,5.94,5.974,5.748,5.818
1630357200,5.818,5.838,5.622,5.722
1630443600,5.722,5.736,5.542,5.582
1630530000,5.582,5.646,5.524,5.608
1630616400,5.608,5.638,5.552,5.584
1630962000,5.584,5.606,5.434,5.434
1631048400,5.434,5.5,5.406,5.432
1631134800,5.432,5.458,5.366,5.448
1631221200,5.448,5.568,5.29,5.494
1631480400,5.494,5.51,5.386,5.448
1631566800,5.448,5.528,5.442,5.526
1631653200,5.526,5.662,5.516,5.66
1631739600,5.66,5.692,5.592,5.608
1631826000,5.608,5.616,5.52,5.584
1632085200,5.584,5.584,5.444,5.518
1632171600,5.518,5.518,5.41,5.45
1632258000,5.45,5.55,5.444,5.54
1632344400,5.54,5.596,5.486,5.578
1632430800,5.578,5.578,5.522,5.54
1632690000,5.54,5.676,5.512,5.672
1632776400,5.672,5.692,5.592,5.598
1632862800,5.598,5.68,5.598,5.664
1632949200,5.664,5.758,5.532,5.638
1633035600,5.638,5.718,5.582,5.686
1633294800,5.686,5.73,5.612,5.66
1633381200,5.66,5.678,5.598,5.616
1633467600,5.616,5.694,5.558,5.568
1633554000,5.568,5.594,5.51,5.574
1633640400,5.574,5.626,5.534,5.536
1633899600,5.536,5.564,5.512,5.554
1633986000,5.554,5.554,5.408,5.454
1634072400,5.454,5.466,5.274,5.322
1634158800,5.322,5.388,5.318,5.372
1634245200,5.372,5.492,5.348,5.476
1634504400,5.476,5.534,5.426,5.528
1634590800,5.528,5.566,5.488,5.494
1634677200,5.494,5.59,5.478,5.59
1634763600,5.59,5.592,5.494,5.512
1634850000,5.512,5.586,5.508,5.568
1635109200,5.568,5.6,5.526,5.558
1635195600,5.558,5.646,5.502,5.598
1635282000,5.598,5.81,5.566,5.752
1635368400,5.752,5.86,5.712,5.804
1635454800,5.804,5.862,5.754,5.858
1635714000,5.858,5.982,5.81,5.952
1635800400,5.952,6.018,5.878,5.88
1635886800,5.88,5.884,5.782,5.784
1635973200,5.784,5.844,5.71,5.736
1636059600,5.736,5.77,5.664,5.668
1636322400,5.668,5.678,5.622,5.646
1636408800,5.646,5.766,5.602,5.684
1636495200,5.684,5.842,5.674,5.808
1636581600,5.808,5.912,5.784,5.814
1636668000,5.814,5.938,5.784,5.892
1636927200,5.892,5.894,5.802,5.87
1637013600,5.87,5.88,5.804,5.806
1637100000,5.806,5.94,5.802,5.85
1637186400,5.85,5.926,5.816,5.826
1637272800,5.826,5.852,5.772,5.794
1637532000,5.794,5.87,5.784,5.844
1637618400,5.844,5.886,5.804,5.886
1637704800,5.886,5.966,5.831,5.852
1637791200,5.852,5.852,5.848,5.848
1637877600,5.848,5.932,5.722,5.922
1638136800,5.922,5.938,5.792,5.828
1638223200,5.828,5.828,5.626,5.684
1638309600,5.684,5.764,5.674,5.712
1638396000,5.712,5.816,5.696,5.766
1638482400,5.766,5.868,5.754,5.852
1638741600,5.852,5.854,5.759,5.844
1638828000,5.844,5.886,5.786,5.861
1638914400,5.861,5.894,5.831,5.876
1639000800,5.876,5.932,5.826,5.911
1639087200,5.911,5.941,5.868,5.902
1639346400,5.902,5.902,5.824,5.846
1639432800,5.846,5.938,5.814,5.906
1639519200,5.906,5.964,5.818,5.861
1639605600,5.861,5.919,5.844,5.911
1639692000,5.911,5.986,5.894,5.926
1639951200,5.926,5.956,5.871,5.914
1640037600,5.914,5.988,5.896,5.981
1640124000,5.981,6.066,5.972,6.024
1640210400,6.024,6.068,6.004,6.068
1640556000,6.068,6.156,6.068,6.144
1640642400,6.144,6.176,6.036,6.042
1640728800,6.042,6.106,5.996,6.058
1640815200,6.058,6.062,5.928,5.956
1640901600,5.956,5.994,5.926,5.926
1641160800,5.926,6.034,5.849,5.898
1641247200,5.898,6.111,5.898,6.092
1641333600,6.092,6.096,6.014,6.026
1641420000,6.026,6.059,5.962,6.044
1641506400,6.044,6.084,5.988,6.066
1641765600,6.066,6.078,5.964,5.994
1641852000,5.994,6.046,5.978,6.012
1641938400,6.012,6.038,5.911,5.982
1642024800,5.982,5.996,5.854,5.871
1642111200,5.871,5.978,5.854,5.978
1642456800,5.978,6.009,5.884,6.002
1642543200,6.002,6.144,6.002,6.104
1642629600,6.104,6.142,6.062,6.102
1642716000,6.102,6.186,6.044,6.182
1642975200,6.182,6.216,6.094,6.212
1643061600,6.212,6.312,6.184,6.194
1643148000,6.194,6.276,6.151,6.262
1643234400,6.262,6.276,6.214,6.241
1643320800,6.241,6.374,6.236,6.362
1643580000,6.362,6.424,6.226,6.248
1643666400,6.248,6.394,6.246,6.346
1643752800,6.346,6.406,6.166,6.222
1643839200,6.222,6.244,6.104,6.172
1643925600,6.172,6.231,6.134,6.216
1644184800,6.216,6.366,6.216,6.366
1644271200,6.366,6.366,6.274,6.322
1644357600,6.322,6.468,6.304,6.456
1644444000,6.456,6.612,6.382,6.412
1644530400,6.412,6.572,6.372,6.504
1644789600,6.504,6.566,6.424,6.558
1644876000,6.558,6.558,6.358,6.372
1644962400,6.372,6.474,6.36,6.45
1645048800,6.45,6.51,6.424,6.48
1645135200,6.48,6.57,6.466,6.538
1645480800,6.538,6.748,6.538,6.746
1645567200,6.746,6.826,6.678,6.796
1645653600,6.796,7.171,6.796,6.864
1645740000,6.864,7.02,6.556,6.56
1645999200,6.56,6.912,6.56,6.912
1646085600,6.912,7.264,6.912,7.264
1646172000,7.264,7.48,7.122,7.28
1646258400,7.28,7.606,7.226,7.606
1646344800,7.606,7.834,7.342,7.526
1646604000,7.526,7.806,7.37,7.51
1646690400,7.51,7.61,7.292,7.542
1646776800,7.542,7.6,7.316,7.348
1646863200,7.348,7.658,7.296,7.552
1646949600,7.552,7.646,7.446,7.632
1647205200,7.632,7.676,7.404,7.46
1647291600,7.46,7.592,7.364,7.58
1647378000,7.58,7.58,7.27,7.304
1647464400,7.304,7.578,7.297,7.54
1647550800,7.54,7.552,7.368,7.428
1647810000,7.428,7.652,7.428,7.57
1647896400,7.57,7.612,7.444,7.518
1647982800,7.518,7.706,7.494,7.574
1648069200,7.574,7.626,7.454,7.48
1648155600,7.48,7.554,7.43,7.538
1648414800,7.538,7.538,7.41,7.47
1648501200,7.47,7.476,7.136,7.282
1648587600,7.282,7.492,7.276,7.39
1648674000,7.39,7.702,7.328,7.476
1648760400,7.476,7.518,7.306,7.342
1649019600,7.342,7.526,7.342,7.504
1649106000,7.504,7.682,7.504,7.604
1649192400,7.604,7.618,7.506,7.556
1649278800,7.556,7.594,7.488,7.58
1649365200,7.58,7.73,7.53,7.678
1649624400,7.678,7.78,7.62,7.646
1649710800,7.646,7.79,7.646,7.758
1649797200,7.758,7.84,7.682,7.83
1649883600,7.83,7.908,7.8,7.89
1650229200,7.89,8.144,7.884,8.106
1650315600,8.106,8.184,8.016,8.034
1650402000,8.034,8.148,7.962,8.134
1650488400,8.134,8.138,7.978,7.992
1650574800,7.992,8.082,7.848,7.926
1650834000,7.926,8.034,7.852,8.018
1650920400,8.018,8.14,7.974,8.066
1651006800,8.066,8.226,7.998,8.186
1651093200,8.186,8.238,8.128,8.172
1651179600,8.172,8.284,8.138,8.172
1651438800,8.172,8.172,7.942,8.08
1651525200,8.08,8.174,7.958,7.966
1651611600,7.966,8.074,7.93,7.968
1651698000,7.968,8.056,7.948,8
1651784400,8,8,7.802,7.9
1652043600,7.9,7.9,7.724,7.762
1652130000,7.762,7.82,7.724,7.792
1652216400,7.792,7.936,7.786,7.922
1652302800,7.922,8.04,7.858,7.942
1652389200,7.942,8.002,7.808,7.844
1652648400,7.844,8.132,7.844,8.12
1652734800,8.12,8.122,8.004,8.042
1652821200,8.042,8.054,7.81,7.854
1652907600,7.854,7.928,7.76,7.852
1652994000,7.852,7.852,7.772,7.812
1653253200,7.812,7.906,7.772,7.888
1653339600,7.888,7.898,7.646,7.724
1653426000,7.724,7.754,7.576,7.73
1653512400,7.73,7.748,7.598,7.66
1653598800,7.66,7.83,7.638,7.79
1653944400,7.79,7.79,7.492,7.546
1654030800,7.546,7.584,7.224,7.318
1654117200,7.318,7.412,7.284,7.308
1654203600,7.308,7.378,7.276,7.292
1654462800,7.292,7.46,7.292,7.448
1654549200,7.448,7.668,7.37,7.59
1654635600,7.59,7.76,7.58,7.654
1654722000,7.654,7.844,7.598,7.736
1654808400,7.736,7.81,7.676,7.752
1655067600,7.752,7.838,7.602,7.676
1655154000,7.676,7.724,7.606,7.64
1655240400,7.64,7.72,7.572,7.642
1655326800,7.642,7.832,7.642,7.774
1655413200,7.774,7.9,7.704,7.74
1655758800,7.74,7.74,7.312,7.412
1655845200,7.412,7.458,7.308,7.318
1655931600,7.318,7.318,6.844,6.958
1656018000,6.958,7.144,6.904,7.12
1656277200,7.12,7.12,6.816,6.886
1656363600,6.886,7.036,6.886,6.952
1656450000,6.952,7,6.894,6.904
1656536400,6.904,6.912,6.532,6.582
1656622800,6.582,6.622,6.41,6.444
1656968400,6.444,6.444,6.046,6.133
1657054800,6.133,6.236,6.038,6.224
1657141200,6.224,6.464,6.224,6.314
1657227600,6.314,6.576,6.308,6.576
1657486800,6.576,6.89,6.562,6.562
1657573200,6.562,6.636,6.112,6.142
1657659600,6.142,6.328,6.042,6.224
1657746000,6.224,6.33,6.152,6.258
1657832400,6.258,6.32,6.15,6.248
1658091600,6.248,6.426,6.2,6.302
1658178000,6.302,6.302,6.03,6.156
1658264400,6.156,6.174,6.048,6.098
1658350800,6.098,6.098,5.888,5.922
1658437200,5.922,6.01,5.808,5.812
1658696400,5.812,6.03,5.812,6.01
1658782800,6.01,6.22,6.01,6.186
1658869200,6.186,6.262,6.134,6.234
1658955600,6.234,6.412,6.232,6.382
1659042000,6.382,6.564,6.352,6.416
1659301200,6.416,6.418,6.158,6.294
1659387600,6.294,6.294,6.104,6.112
1659474000,6.112,6.178,6.054,6.138
1659560400,6.138,6.29,6.084,6.246
1659646800,6.246,6.334,6.186,6.268
1659906000,6.268,6.288,6.186,6.248
1659992400,6.248,6.424,6.248,6.314
1660078800,6.314,6.458,6.284,6.36
1660165200,6.36,6.462,6.33,6.456
1660251600,6.456,6.606,6.34,6.57
1660510800,6.57,6.57,6.352,6.446
1660597200,6.446,6.464,6.244,6.264
1660683600,6.264,6.336,6.236,6.286
1660770000,6.286,6.37,6.202,6.314
1660856400,6.314,6.41,6.284,6.398
1661115600,6.398,6.472,6.302,6.438
1661202000,6.438,6.79,6.438,6.726
1661288400,6.726,6.878,6.668,6.734
1661374800,6.734,6.832,6.656,6.672
1661461200,6.672,6.822,6.636,6.82
1661720400,6.82,7.004,6.82,6.992
1661806800,6.992,6.992,6.87,6.948
1661893200,6.948,6.968,6.768,6.866
1661979600,6.866,6.886,6.696,6.742
1662066000,6.742,6.852,6.72,6.798
1662411600,6.798,6.914,6.764,6.91
1662498000,6.91,7.032,6.84,6.852
1662584400,6.852,6.902,6.736,6.838
1662670800,6.838,7.004,6.838,6.994
1662930000,6.994,7.14,6.9,7.09
1663016400,7.09,7.126,7.026,7.05
1663102800,7.05,7.07,6.956,6.958
1663189200,6.958,7.04,6.902,6.902
1663275600,6.902,6.942,6.81,6.922
1663534800,6.922,6.932,6.814,6.912
1663621200,6.912,7.066,6.908,7.048
1663707600,7.048,7.116,6.922,6.99
1663794000,6.99,7.04,6.942,7.004
1663880400,7.004,7.006,6.82,6.878
1664139600,6.878,6.91,6.774,6.778
1664226000,6.778,6.898,6.778,6.798
1664312400,6.798,6.846,6.732,6.826
1664398800,6.826,6.882,6.778,6.808
1664485200,6.808,7.076,6.808,6.906
1664744400,6.906,6.986,6.836,6.916
1664830800,6.916,7.024,6.876,6.946
1664917200,6.946,6.982,6.866,6.952
1665003600,6.952,6.964,6.826,6.856
1665090000,6.856,6.948,6.82,6.94
1665349200,6.94,7.166,6.936,7.076
1665435600,7.076,7.12,7.008,7.028
1665522000,7.028,7.098,6.898,7.026
1665608400,7.026,7.092,6.934,7.074
1665694800,7.074,7.09,6.98,7
1665954000,7,7.012,6.902,6.918
1666040400,6.918,6.924,6.832,6.906
1666126800,6.906,6.93,6.826,6.866
1666213200,6.866,6.954,6.852,6.922
1666299600,6.922,6.962,6.862,6.916
1666558800,6.916,6.942,6.852,6.894
1666645200,6.894,6.954,6.854,6.922
1666731600,6.922,6.972,6.906,6.932
1666818000,6.932,6.966,6.866,6.892
1666904400,6.892,6.908,6.836,6.87
1667163600,6.87,7.068,6.87,6.97
1667250000,6.97,7.05,6.94,7.036
1667336400,7.036,7.038,6.866,6.932
1667422800,6.932,6.932,6.848,6.85
1667509200,6.85,6.912,6.846,6.864
1667772000,6.864,6.866,6.81,6.81
1667858400,6.81,6.826,6.718,6.722
1667944800,6.722,6.768,6.634,6.692
1668031200,6.692,6.722,6.578,6.578
1668117600,6.578,6.658,6.578,6.624
1668376800,6.624,6.662,6.568,6.612
1668463200,6.612,6.794,6.556,6.696
1668549600,6.696,6.7,6.618,6.692
1668636000,6.692,6.718,6.586,6.714
1668722400,6.714,6.762,6.698,6.71
1668981600,6.71,6.714,6.626,6.656
1669068000,6.656,6.688,6.614,6.62
1669154400,6.62,6.688,6.604,6.676
1669327200,6.676,6.75,6.662,6.728
1669586400,6.728,6.746,6.662,6.728
1669672800,6.728,6.76,6.702,6.71
1669759200,6.71,6.748,6.664,6.68
1669845600,6.68,6.71,6.614,6.62
1669932000,6.62,6.624,6.478,6.482
1670191200,6.482,6.508,6.398,6.426
1670277600,6.426,6.472,6.374,6.392
1670364000,6.392,6.478,6.368,6.44
1670450400,6.44,6.472,6.402,6.44
1670536800,6.44,6.514,6.438,6.458
1670796000,6.458,6.57,6.458,6.566
1670882400,6.566,6.616,6.542,6.542
1670968800,6.542,6.552,6.484,6.528
1671055200,6.528,6.558,6.496,6.556
1671141600,6.556,6.574,6.518,6.55
1671400800,6.55,6.55,6.458,6.492
1671487200,6.492,6.558,6.482,6.536
1671573600,6.536,6.646,6.53,6.646
1671660000,6.646,6.662,6.604,6.614
1671746400,6.614,6.692,6.608,6.678
1672092000,6.678,6.772,6.678,6.754
1672178400,6.754,6.85,6.748,6.85
1672264800,6.85,6.85,6.788,6.812
1672351200,6.812,6.864,6.782,6.802
1672696800,6.802,6.826,6.696,6.732
1672783200,6.732,6.732,6.542,6.56
1672869600,6.56,6.59,6.5,6.548
1672956000,6.548,6.608,6.53,6.546
1673215200,6.546,6.582,6.522,6.538
1673301600,6.538,6.652,6.496,6.562
1673388000,6.562,6.602,6.54,6.574
1673474400,6.574,6.746,6.506,6.734
1673560800,6.734,6.778,6.71,6.776
1673906400,6.776,6.88,6.7,6.872
1673992800,6.872,6.898,6.79,6.81
1674079200,6.81,6.862,6.772,6.774
1674165600,6.774,6.79,6.736,6.774
1674424800,6.774,6.774,6.624,6.678
1674511200,6.678,6.784,6.674,6.778
1674597600,6.778,6.816,6.748,6.754
1674684000,6.754,6.864,6.74,6.826
1674770400,6.826,6.868,6.794,6.846
1675029600,6.846,6.88,6.796,6.848
1675116000,6.848,6.894,6.79,6.802
1675202400,6.802,6.828,6.736,6.812
1675288800,6.812,6.866,6.752,6.754
1675375200,6.754,6.806,6.724,6.778
1675634400,6.778,6.8,6.732,6.788
1675720800,6.788,6.794,6.742,6.748
1675807200,6.748,6.8,6.734,6.794
1675893600,6.794,6.816,6.71,6.714
1675980000,6.714,6.832,6.698,6.818
1676239200,6.818,6.87,6.774,6.848
1676325600,6.848,6.882,6.824,6.826
1676412000,6.826,6.83,6.762,6.77
1676498400,6.77,6.79,6.75,6.774
1676584800,6.774,6.812,6.772,6.806
1676930400,6.806,6.854,6.784,6.834
1677016800,6.834,6.838,6.77,6.778
1677103200,6.778,6.79,6.604,6.628
1677189600,6.628,6.646,6.518,6.52
1677448800,6.52,6.55,6.458,6.464
1677535200,6.464,6.492,6.326,6.328
1677621600,6.328,6.402,6.248,6.386
1677708000,6.386,6.442,6.33,6.36
1677794400,6.36,6.45,6.346,6.434
1678053600,6.434,6.434,6.364,6.404
1678140000,6.404,6.412,6.356,6.372
1678226400,6.372,6.396,6.268,6.28
1678312800,6.28,6.318,6.126,6.142
1678399200,6.142,6.208,6.09,6.204
1678654800,6.204,6.222,6.106,6.154
1678741200,6.154,6.236,6.114,6.226
1678827600,6.226,6.308,6.214,6.274
1678914000,6.274,6.368,6.266,6.34
1679000400,6.34,6.406,6.322,6.37
1679259600,6.37,6.37,6.27,6.344
1679346000,6.344,6.402,6.306,6.314
1679432400,6.314,6.376,6.252,6.354
1679518800,6.354,6.456,6.29,6.324
1679605200,6.324,6.466,6.294,6.46
1679864400,6.46,6.502,6.388,6.488
1679950800,6.488,6.528,6.462,6.484
1680037200,6.484,6.57,6.474,6.524
1680123600,6.524,6.562,6.494,6.512
1680210000,6.512,6.658,6.488,6.604
1680469200,6.604,6.7,6.576,6.586
1680555600,6.586,6.588,6.5,6.548
1680642000,6.548,6.612,6.482,6.532
1680728400,6.532,6.536,6.432,6.452
1681074000,6.452,6.56,6.414,6.556
1681160400,6.556,6.59,6.48,6.528
1681246800,6.528,6.594,6.5,6.566
1681333200,6.566,6.628,6.526,6.542
1681419600,6.542,6.688,6.522,6.686
1681678800,6.686,6.754,6.634,6.75
1681765200,6.75,6.804,6.7,6.76
1681851600,6.76,6.766,6.678,6.682
1681938000,6.682,6.69,6.53,6.574
1682024400,6.574,6.584,6.41,6.45
1682283600,6.45,6.472,6.33,6.368
1682370000,6.368,6.39,6.292,6.362
1682456400,6.362,6.402,6.284,6.292
1682542800,6.292,6.3,6.07,6.082
1682629200,6.082,6.14,5.978,6.102
1682888400,6.102,6.126,6.022,6.094
1682974800,6.094,6.158,6.026,6.032
1683061200,6.032,6.152,5.932,6.122
1683147600,6.122,6.166,6.03,6.128
1683234000,6.128,6.234,6.128,6.208
1683493200,6.208,6.232,6.17,6.188
1683579600,6.188,6.188,6.034,6.08
1683666000,6.08,6.186,6.01,6.156
1683752400,6.156,6.156,6.024,6.036
1683838800,6.036,6.152,5.94,6.056
1684098000,6.056,6.196,6.022,6.134
1684184400,6.134,6.134,5.98,6.016
1684270800,6.016,6.024,5.73,5.8
1684357200,5.8,5.802,5.652,5.726
1684443600,5.726,5.902,5.696,5.742
1684702800,5.742,5.93,5.704,5.886
1684789200,5.886,5.982,5.812,5.946
1684875600,5.946,6.07,5.91,6.048
1684962000,6.048,6.096,6.006,6.086
1685048400,6.086,6.238,6.054,6.224
1685394000,6.224,6.224,6.068,6.094
1685480400,6.094,6.094,5.924,6.08
1685566800,6.08,6.208,6.064,6.08
1685653200,6.08,6.252,5.954,6.222
1685912400,6.222,6.28,6.084,6.102
1685998800,6.102,6.242,6.102,6.208
1686085200,6.208,6.254,6.146,6.148
1686171600,6.148,6.258,6.078,6.216
1686258000,6.216,6.216,6.096,6.166
1686517200,6.166,6.352,6.166,6.304
1686603600,6.304,6.426,6.232,6.32
1686690000,6.32,6.346,6.22,6.31
1686776400,6.31,6.59,6.31,6.571
1686862800,6.571,6.852,6.559,6.846
1687208400,6.846,6.93,6.708,6.782
1687294800,6.782,7.142,6.782,7.142
1687381200,7.142,7.142,6.959,7.036
1687467600,7.036,7.036,6.612,6.62
1687726800,6.62,6.768,6.49,6.622
1687813200,6.622,6.694,6.234,6.297
1687899600,6.297,6.321,5.984,6.026
1687986000,6.026,6.082,5.884,5.9
1688072400,5.9,6,5.484,5.5
1688331600,5.5,5.602,5.428,5.468
1688504400,5.468,5.566,5.36,5.425
1688590800,5.425,5.592,5.414,5.588
1688677200,5.588,5.598,5.422,5.466
1688936400,5.466,5.514,5.414,5.454
1689022800,5.454,5.54,5.416,5.474
1689109200,5.474,5.526,5.244,5.259
1689195600,5.259,5.458,5.238,5.45
1689282000,5.45,5.604,5.419,5.596
1689541200,5.596,5.708,5.446,5.474
1689627600,5.474,5.854,5.434,5.768
1689714000,5.768,6.102,5.758,5.982
1689800400,5.982,6.09,5.868,5.908
1689886800,5.908,5.908,5.746,5.802
1690146000,5.802,6.176,5.802,6.144
1690232400,6.144,6.172,5.974,6.104
1690318800,6.104,6.104,5.876,5.922
1690405200,5.922,5.98,5.838,5.842
1690491600,5.842,5.898,5.662,5.73
1690750800,5.73,5.73,5.464,5.508
1690837200,5.508,5.56,5.436,5.458
1690923600,5.458,5.622,5.346,5.368
1691010000,5.368,5.398,5.292,5.31
1691096400,5.31,5.438,5.294,5.342
1691355600,5.342,5.368,5.24,5.332
1691442000,5.332,5.368,5.254,5.342
1691528400,5.342,5.378,5.278,5.308
1691614800,5.308,5.326,5.282,5.31
1691701200,5.31,5.414,5.166,5.21
1691960400,5.21,5.256,5.136,5.192
1692046800,5.192,5.192,5.056,5.056
1692133200,5.056,5.168,5.052,5.136
1692219600,5.136,5.196,5.082,5.184
1692306000,5.184,5.274,5.164,5.25
1692565200,5.25,5.386,5.118,5.126
1692651600,5.126,5.16,5.042,5.092
1692738000,5.092,5.228,5.084,5.202
1692824400,5.202,5.254,5.136,5.18
1692910800,5.18,5.23,5.158,5.168
1693170000,5.168,5.27,5.168,5.264
1693256400,5.264,5.286,5.142,5.16
1693342800,5.16,5.204,5.074,5.088
1693429200,5.088,5.144,5.044,5.068
1693515600,5.068,5.128,5.052,5.099
1693861200,5.099,5.158,5.05,5.134
1693947600,5.134,5.168,5.096,5.122
1694034000,5.122,5.15,5.094,5.126
1694120400,5.126,5.146,5.078,5.086
1694379600,5.086,5.116,5.056,5.11
1694466000,5.11,5.118,4.978,5.014
1694552400,5.014,5.07,4.986,5.064
1694638800,5.064,5.09,5.022,5.046
1694725200,5.046,5.074,4.984,4.99
1694984400,4.99,5.016,4.914,4.938
1695070800,4.938,4.992,4.9,4.984
1695157200,4.984,5.052,4.968,5.038
1695243600,5.038,5.046,4.958,4.966
1695330000,4.966,5.004,4.96,4.992
1695589200,4.992,5.036,4.946,5.032
1695675600,5.032,5.044,4.972,5.002
1695762000,5.002,5.074,4.998,5.05
1695848400,5.05,5.096,5.014,5.094
1695934800,5.094,5.1,4.954,4.96
1696194000,4.96,5.09,4.952,5.082
1696280400,5.082,5.084,5.034,5.07
1696366800,5.07,5.086,5.01,5.048
1696453200,5.048,5.174,5.01,5.152
1696539600,5.152,5.176,5.1,5.108
1696798800,5.108,5.148,5.048,5.056
1696885200,5.056,5.056,5.012,5.03
1696971600,5.03,5.054,5.004,5.048
1697058000,5.048,5.156,4.988,5.122
1697144400,5.122,5.154,5.072,5.102
1697403600,5.102,5.128,5.052,5.056
1697490000,5.056,5.084,5.032,5.04
1697576400,5.04,5.092,5.038,5.078
1697662800,5.078,5.206,5.052,5.204
1697749200,5.204,5.246,5.098,5.1
1698008400,5.1,5.11,5.042,5.044
1698094800,5.044,5.046,4.964,4.964
1698181200,4.964,4.99,4.896,4.93
1698267600,4.93,4.97,4.904,4.922
1698354000,4.922,4.964,4.91,4.94
1698613200,4.94,4.96,4.892,4.902
1698699600,4.902,4.944,4.89,4.904
1698786000,4.904,4.91,4.836,4.866
1698872400,4.866,4.88,4.802,4.804
1698958800,4.804,4.916,4.784,4.884
1699221600,4.884,4.904,4.866,4.87
1699308000,4.87,4.87,4.774,4.782
1699394400,4.782,4.896,4.778,4.842
1699480800,4.842,4.85,4.754,4.772
1699567200,4.772,4.776,4.702,4.722
1699826400,4.722,4.856,4.688,4.85
1699912800,4.85,4.876,4.808,4.86
1699999200,4.86,4.878,4.751,4.792
1700085600,4.792,4.84,4.736,4.825
1700172000,4.825,4.833,4.75,4.76
1700431200,4.76,4.784,4.73,4.777
1700517600,4.777,4.836,4.765,4.793
1700604000,4.793,4.835,4.776,4.781
1700776800,4.781,4.797,4.726,4.734
1701036000,4.734,4.758,4.643,4.665
1701122400,4.665,4.678,4.624,4.646
1701208800,4.646,4.684,4.62,4.667
1701295200,4.667,4.756,4.662,4.738
1701381600,4.738,4.806,4.703,4.754
1701640800,4.754,4.798,4.729,4.768
1701727200,4.768,4.821,4.752,4.819
1701813600,4.819,4.852,4.753,4.754
1701900000,4.754,4.808,4.746,4.794
1701986400,4.794,4.836,4.76,4.79
1702245600,4.79,4.796,4.718,4.743
1702332000,4.743,4.8,4.741,4.771
1702418400,4.771,4.771,4.7,4.725
1702504800,4.725,4.767,4.716,4.723
1702591200,4.723,4.763,4.704,4.749
1702850400,4.749,4.753,4.685,4.7
1702936800,4.7,4.712,4.646,4.658
1703023200,4.658,4.686,4.615,4.635
1703109600,4.635,4.67,4.625,4.658
1703196000,4.658,4.671,4.646,4.658
1703541600,4.658,4.743,4.65,4.741
1703628000,4.741,4.741,4.682,4.701
1703714400,4.701,4.725,4.678,4.681
1703800800,4.681,4.686,4.644,4.644
1704146400,4.644,4.651,4.569,4.588
1704232800,4.588,4.602,4.562,4.594
1704319200,4.594,4.634,4.578,4.61
1704405600,4.61,4.623,4.546,4.564
1704664800,4.564,4.571,4.47,4.494
1704751200,4.494,4.552,4.468,4.54
1704837600,4.54,4.565,4.496,4.538
1704924000,4.538,4.566,4.507,4.521
1705010400,4.521,4.549,4.364,4.438
1705356000,4.438,4.466,4.377,4.392
1705442400,4.392,4.439,4.355,4.378
1705528800,4.378,4.406,4.326,4.393
1705615200,4.393,4.451,4.391,4.41
1705874400,4.41,4.438,4.401,4.416
1705960800,4.416,4.466,4.402,4.427
1706047200,4.427,4.487,4.425,4.48
1706133600,4.48,4.493,4.438,4.474
1706220000,4.474,4.478,4.419,4.427
1706479200,4.427,4.431,4.34,4.365
1706565600,4.365,4.447,4.33,4.447
1706652000,4.447,4.453,4.401,4.451
1706738400,4.451,4.451,4.401,4.434
1706824800,4.434,4.454,4.387,4.397
1707084000,4.397,4.42,4.367,4.4
1707170400,4.4,4.425,4.356,4.356
1707256800,4.356,4.364,4.302,4.322
1707343200,4.322,4.342,4.273,4.308
1707429600,4.308,4.343,4.259,4.276
1707688800,4.276,4.303,4.256,4.283
1707775200,4.283,4.324,4.266,4.292
1707861600,4.292,4.292,4.203,4.22
1707948000,4.22,4.228,4.148,4.151
1708034400,4.151,4.186,4.138,4.147
1708380000,4.147,4.204,4.141,4.185
1708466400,4.185,4.188,4.1,4.102
1708552800,4.102,4.152,4.043,4.062
1708639200,4.062,4.09,3.993,4.012
1708898400,4.012,4.1,3.969,4.092
1708984800,4.092,4.14,4.092,4.12
1709071200,4.12,4.181,4.098,4.179
1709157600,4.179,4.197,4.119,4.18
1709244000,4.18,4.189,4.104,4.13
1709503200,4.13,4.218,4.127,4.189
1709589600,4.189,4.194,4.139,4.147
1709676000,4.147,4.183,4.124,4.18
1709762400,4.18,4.274,4.173,4.269
1709848800,4.269,4.288,4.207,4.286
1710104400,4.286,4.322,4.229,4.308
1710190800,4.308,4.343,4.277,4.312
1710277200,4.312,4.34,4.281,4.311
1710363600,4.311,4.32,4.232,4.244
1710450000,4.244,4.299,4.221,4.282
1710709200,4.282,4.308,4.248,4.273
1710795600,4.273,4.306,4.259,4.301
1710882000,4.301,4.303,4.266,4.303
1710968400,4.303,4.365,4.285,4.322
1711054800,4.322,4.326,4.274,4.304
1711314000,4.304,4.328,4.289,4.292
1711400400,4.292,4.325,4.242,4.242
1711486800,4.242,4.242,4.187,4.189
1711573200,4.189,4.4,4.185,4.348
1711918800,4.348,4.348,4.254,4.291
1712005200,4.291,4.297,4.179,4.211
1712091600,4.211,4.265,4.192,4.257
1712178000,4.257,4.293,4.236,4.29
1712264400,4.29,4.319,4.26,4.27
1712523600,4.27,4.315,4.257,4.295
1712610000,4.295,4.296,4.24,4.257
1712696400,4.257,4.3,4.253,4.283
1712782800,4.283,4.318,4.227,4.239
1712869200,4.239,4.315,4.221,4.294
1713128400,4.294,4.299,4.256,4.271
1713214800,4.271,4.284,4.239,4.262
1713301200,4.262,4.279,4.246,4.248
1713387600,4.248,4.249,4.199,4.204
1713474000,4.204,4.274,4.202,4.269
1713733200,4.269,4.354,4.245,4.344
1713819600,4.344,4.375,4.329,4.373
1713906000,4.373,4.386,4.329,4.331
1713992400,4.331,4.381,4.315,4.367
1714078800,4.367,4.388,4.345,4.352
1714338000,4.352,4.368,4.314,4.348
1714424400,4.348,4.359,4.306,4.333
1714510800,4.333,4.376,4.301,4.362
1714597200,4.362,4.463,4.362,4.458
1714683600,4.458,4.537,4.436,4.46
1714942800,4.46,4.563,4.411,4.556
1715029200,4.556,4.583,4.529,4.54
1715115600,4.54,4.54,4.448,4.46
1715202000,4.46,4.491,4.418,4.445
1715288400,4.445,4.571,4.445,4.561
1715547600,4.561,4.631,4.535,4.597
1715634000,4.597,4.632,4.547,4.56
1715720400,4.56,4.61,4.501,4.513
1715806800,4.513,4.539,4.446,4.459
1715893200,4.459,4.492,4.402,4.417
1716152400,4.417,4.528,4.417,4.494
1716238800,4.494,4.505,4.446,4.476
1716325200,4.476,4.528,4.476,4.512
1716411600,4.512,4.57,4.484,4.546
1716498000,4.546,4.567,4.509,4.55
1716843600,4.55,4.616,4.512,4.539
1716930000,4.539,4.54,4.457,4.472
1717016400,4.472,4.483,4.393,4.403
1717102800,4.403,4.454,4.375,4.378
1717362000,4.378,4.415,4.317,4.354
1717448400,4.354,4.408,4.329,4.349
1717534800,4.349,4.37,4.314,4.319
1717621200,4.319,4.461,4.319,4.458
1717707600,4.458,4.474,4.377,4.426
1717966800,4.426,4.464,4.417,4.449
1718053200,4.449,4.5,4.434,4.436
1718139600,4.436,4.49,4.427,4.478
1718226000,4.478,4.548,4.478,4.524
1718312400,4.524,4.541,4.43,4.43
1718571600,4.43,4.448,4.375,4.383
1718658000,4.39,4.457,4.381,4.423
1718830800,4.422,4.43,4.331,4.336
1718917200,4.341,4.361,4.295,4.298
1719176400,4.3,4.313,4.204,4.287
1719262800,4.29,4.3,4.193,4.204
1719349200,4.206,4.257,4.145,4.148
1719435600,4.165,4.176,4.125,4.132
1719522000,4.134,4.19,3.906,3.984
1719781200,3.955,4.009,3.924,3.99
1719867600,3.991,4.047,3.971,3.991
1719954000,3.994,4.012,3.956,3.961
1720126800,4.002,4.036,3.99,4.022
1720386000,4.007,4.017,3.837,3.854
1720472400,3.864,3.909,3.843,3.863
1720558800,3.86,3.903,3.834,3.883
1720645200,3.881,3.955,3.879,3.936
1720731600,3.914,3.971,3.839,3.962
1720990800,3.935,3.947,3.833,3.833
1721077200,3.845,3.91,3.841,3.892
1721163600,3.894,3.93,3.891,3.926
1721250000,3.924,3.931,3.851,3.86
1721336400,3.858,3.911,3.846,3.862
1721595600,3.888,3.961,3.881,3.961
1721682000,3.952,4.029,3.928,3.979
1721768400,3.97,4.042,3.956,3.985
1721854800,3.984,4.041,3.971,4.02
1721941200,4.018,4.027,3.909,3.911
1722200400,3.885,3.946,3.877,3.944
1722286800,3.942,3.942,3.864,3.866
1722373200,3.874,3.886,3.805,3.822
1722459600,3.83,3.832,3.78,3.821
1722546000,3.821,3.872,3.814,3.863
1722805200,3.861,3.905,3.795,3.903
1722891600,3.901,3.918,3.853,3.875
1722978000,3.873,3.875,3.826,3.848
1723064400,3.841,3.87,3.801,3.801
1723150800,3.804,3.826,3.776,3.79
1723410000,3.784,3.868,3.752,3.859
1723496400,3.854,3.871,3.798,3.815
1723582800,3.812,3.859,3.8,3.854
1723669200,3.852,3.879,3.81,3.817
1723755600,3.818,3.818,3.751,3.77
1724014800,3.785,3.856,3.771,3.856
1724101200,3.859,3.859,3.828,3.833
1724187600,3.838,3.856,3.82,3.839
1724274000,3.837,3.842,3.787,3.788
1724360400,3.79,3.818,3.767,3.774
1724619600,3.765,3.77,3.715,3.727
1724706000,3.732,3.806,3.716,3.786
1724792400,3.784,3.802,3.754,3.771
1724878800,3.761,3.825,3.76,3.82
1724965200,3.821,3.88,3.818,3.877
1725310800,3.87,3.964,3.855,3.957
1725397200,3.95,4,3.943,3.997
1725483600,3.998,3.998,3.938,3.977
1725570000,3.968,4.026,3.925,3.93
1725829200,3.92,3.953,3.909,3.948
1725915600,3.941,3.949,3.911,3.918
1726002000,3.918,3.95,3.892,3.929
1726088400,3.922,3.974,3.853,3.945
1726174800,3.952,4.016,3.95,4.014
1726434000,4,4.006,3.969,3.986
1726520400,3.982,4.012,3.971,4.007
1726606800,4.01,4.033,3.996,4.009
1726693200,4.011,4.016,3.942,3.949
1726779600,3.947,3.96,3.906,3.909
1727038800,3.91,4.032,3.91,4.022
1727125200,4.02,4.072,3.995,4.012
1727211600,4.002,4.047,3.981,4.042
1727298000,4.038,4.085,4.022,4.026
1727384400,4.012,4.091,4.005,4.072
1727643600,4.063,4.173,4.053,4.142
1727730000,4.135,4.221,4.118,4.184
1727816400,4.19,4.242,4.185,4.218
1727902800,4.215,4.231,4.177,4.18
1727989200,4.168,4.174,4.135,4.154
1728248400,4.126,4.176,4.121,4.173
1728334800,4.169,4.186,4.104,4.113
1728421200,4.111,4.144,4.111,4.125
1728507600,4.122,4.15,4.094,4.094
1728594000,4.099,4.139,4.066,4.078
1728853200,4.066,4.069,3.999,3.999
1728939600,3.992,3.995,3.929,3.939
1729026000,3.937,3.989,3.937,3.97
1729112400,3.97,3.998,3.917,3.996
1729198800,3.996,4.014,3.963,3.968
1729458000,3.968,4.048,3.961,4.023
1729544400,4.021,4.098,4.014,4.096
1729630800,4.094,4.129,4.072,4.117
1729717200,4.117,4.169,4.115,4.145
1729803600,4.136,4.141,4.078,4.09
1730062800,4.059,4.084,4.04,4.042
1730149200,4.04,4.088,4.04,4.078
1730235600,4.071,4.082,4.052,4.055
1730322000,4.053,4.068,4.036,4.056
1730408400,4.049,4.099,4.049,4.092
1730671200,4.085,4.145,4.085,4.109
1730757600,4.109,4.144,4.102,4.135
1730844000,4.13,4.215,4.093,4.213
1730930400,4.21,4.234,4.174,4.231
1731016800,4.229,4.297,4.219,4.265
1731276000,4.258,4.273,4.222,4.252
1731362400,4.254,4.29,4.223,4.248
1731448800,4.236,4.256,4.202,4.22
1731535200,4.22,4.238,4.145,4.148
1731621600,4.153,4.209,4.137,4.195
1731880800,4.195,4.244,4.179,4.242
1731967200,4.24,4.262,4.219,4.224
1732053600,4.224,4.264,4.201,4.252
1732140000,4.245,4.272,4.21,4.214
1732226400,4.215,4.24,4.199,4.209
1732485600,4.199,4.212,4.176,4.188
1732572000,4.179,4.199,4.117,4.136
1732658400,4.144,4.169,4.137,4.138
1732831200,4.147,4.198,4.138,4.193
1733090400,4.199,4.214,4.165,4.197
1733176800,4.2,4.225,4.179,4.191
1733263200,4.192,4.202,4.164,4.168
1733349600,4.164,4.228,4.154,4.226
1733436000,4.221,4.275,4.214,4.27
1733695200,4.266,4.291,4.25,4.284
1733781600,4.284,4.368,4.28,4.358
1733868000,4.356,4.384,4.352,4.355
1733954400,4.353,4.353,4.303,4.312
1734040800,4.31,4.318,4.28,4.302
1734300000,4.297,4.337,4.297,4.332
1734386400,4.335,4.348,4.297,4.319
1734472800,4.322,4.347,4.257,4.262
1734559200,4.26,4.297,4.246,4.293
1734645600,4.286,4.36,4.286,4.347
1734904800,4.355,4.371,4.344,4.366
1734991200,4.366,4.377,4.358,4.375
1735164000,4.389,4.434,4.382,4.431
1735250400,4.429,4.442,4.418,4.433
1735509600,4.442,4.48,4.395,4.424
1735596000,4.42,4.487,4.42,4.485
1735768800,4.475,4.497,4.465,4.497
1735855200,4.497,4.498,4.396,4.413
1736114400,4.44,4.51,4.438,4.478
1736200800,4.469,4.492,4.44,4.487
1736287200,4.486,4.5,4.447,4.449
1736373600,4.457,4.482,4.445,4.477
1736460000,4.475,4.633,4.47,4.619
1736719200,4.612,4.682,4.612,4.672
1736805600,4.665,4.71,4.651,4.661
1736892000,4.666,4.709,4.664,4.704
1736978400,4.705,4.705,4.652,4.662
1737064800,4.672,4.766,4.668,4.759
1737410400,4.783,4.825,4.75,4.819
1737496800,4.807,4.845,4.749,4.766
1737583200,4.769,4.869,4.733,4.818
1737669600,4.778,4.821,4.763,4.786
1737928800,4.758,4.775,4.709,4.756
1738015200,4.764,4.824,4.744,4.787
1738101600,4.79,4.907,4.79,4.895
1738188000,4.898,4.9,4.837,4.837
1738274400,4.804,4.807,4.732,4.767
1738533600,4.696,4.85,4.669,4.823
1738620000,4.829,4.914,4.817,4.887
1738706400,4.895,4.927,4.844,4.876
1738792800,4.876,4.909,4.808,4.905
1738879200,4.905,4.913,4.805,4.824
1739138400,4.781,4.878,4.776,4.869
1739224800,4.866,4.917,4.796,4.801
1739311200,4.804,4.878,4.782,4.868
1739397600,4.876,4.892,4.824,4.882
1739484000,4.88,4.944,4.88,4.918
1739829600,4.895,5.008,4.89,4.988
1739916000,4.987,5.019,4.947,4.957
1740002400,4.964,5.014,4.956,4.959
1740088800,4.966,4.977,4.888,4.888
1740348000,4.887,4.897,4.801,4.821
1740434400,4.824,4.834,4.74,4.801
1740520800,4.804,4.851,4.778,4.793
1740607200,4.791,4.816,4.661,4.666
1740693600,4.676,4.697,4.556,4.561
1740952800,4.577,4.594,4.421,4.435
1741039200,4.418,4.465,4.306,4.401
1741125600,4.445,4.48,4.366,4.436
1741212000,4.46,4.608,4.409,4.514
1741298400,4.531,4.586,4.488,4.567
1741554000,4.606,4.628,4.547,4.604
1741640400,4.589,4.656,4.576,4.579
1741726800,4.603,4.603,4.453,4.505
1741813200,4.505,4.587,4.486,4.533
1741899600,4.518,4.519,4.459,4.481
1742158800,4.524,4.55,4.472,4.504
1742245200,4.509,4.521,4.454,4.481
1742331600,4.469,4.529,4.459,4.522
1742418000,4.537,4.602,4.526,4.58
1742504400,4.578,4.599,4.518,4.538
1742763600,4.566,4.569,4.506,4.553
1742850000,4.548,4.559,4.481,4.496
1742936400,4.501,4.522,4.424,4.431
1743022800,4.434,4.442,4.391,4.418
1743109200,4.406,4.457,4.341,4.445
1743368400,4.434,4.514,4.366,4.499
1743454800,4.497,4.572,4.463,4.525
1743541200,4.521,4.526,4.468,4.503
1743627600,4.437,4.548,4.405,4.509
1743714000,4.512,4.553,4.424,4.533
1743973200,4.485,4.607,4.485,4.583
1744059600,4.591,4.629,4.57,4.626
1744146000,4.626,4.691,4.603,4.686
1744232400,4.701,4.777,4.679,4.76
1744318800,4.763,4.85,4.758,4.844
1744578000,4.845,4.855,4.804,4.807
1744664400,4.814,4.842,4.757,4.774
1744750800,4.774,4.834,4.757,4.797
1744837200,4.796,4.825,4.779,4.794
1745182800,4.816,4.84,4.79,4.794
1745269200,4.801,4.809,4.724,4.724
1745355600,4.739,4.742,4.671,4.691
1745442000,4.696,4.749,4.689,4.736
1745528400,4.737,4.772,4.737,4.743
1745787600,4.716,4.759,4.668,4.729
1745874000,4.725,4.755,4.605,4.613
1745960400,4.618,4.69,4.594,4.656
1746046800,4.671,4.706,4.61,4.625
1746133200,4.633,4.68,4.594,4.597
1746392400,4.607,4.618,4.451,4.461
1746478800,4.466,4.489,4.445,4.477
1746565200,4.494,4.551,4.407,4.416
1746651600,4.412,4.439,4.346,4.405
1746738000,4.415,4.47,4.394,4.416
1746997200,4.431,4.51,4.385,4.398
1747083600,4.398,4.405,4.295,4.355
1747170000,4.362,4.407,4.323,4.38
1747256400,4.371,4.43,4.366,4.413
1747342800,4.421,4.444,4.36,4.363
1747602000,4.373,4.43,4.364,4.406
1747688400,4.411,4.488,4.382,4.481
1747774800,4.494,4.554,4.469,4.536
1747861200,4.539,4.582,4.503,4.565
1747947600,4.572,4.58,4.489,4.526
1748293200,4.543,4.571,4.504,4.526
1748379600,4.549,4.574,4.446,4.453
1748466000,4.466,4.466,4.383,4.415
1748552400,4.418,4.441,4.379,4.387
1748811600,4.387,4.459,4.331,4.333
1748898000,4.336,4.376,4.297,4.337
1748984400,4.335,4.412,4.331,4.336
1749070800,4.344,4.381,4.289,4.339
1749157200,4.352,4.407,4.308,4.372
1749416400,4.38,4.415,4.289,4.292
1749502800,4.294,4.355,4.258,4.35
1749589200,4.365,4.408,4.324,4.324
1749675600,4.324,4.378,4.317,4.352
1749762000,4.355,4.415,4.316,4.41
1750021200,4.426,4.43,4.282,4.31
1750107600,4.332,4.368,4.318,4.352
1750194000,4.362,4.418,4.346,4.4
1750366800,4.406,4.428,4.362,4.372
1750626000,4.378,4.382,4.27,4.278
1750712400,4.268,4.284,4.218,4.22
1750798800,4.226,4.236,4.138,4.148
1750885200,4.16,4.184,4.118,4.138
1750971600,4.15,4.218,4.148,4.204
1751230800,4.218,4.228,4.146,4.182
1751317200,4.17,4.174,4.092,4.148
1751403600,4.142,4.276,4.106,4.272
1751490000,4.286,4.352,4.272,4.3
1751835600,4.182,4.202,4.106,4.12
1751922000,4.11,4.116,4.048,4.064
1752008400,4.074,4.088,4.042,4.074
1752094800,4.058,4.08,4.04,4.068
1752181200,4.064,4.09,4.02,4.038
1752440400,3.992,4.08,3.984,4.08
1752526800,4.078,4.132,4.022,4.076
1752613200,4.082,4.142,4.074,4.126
1752699600,4.128,4.142,4.079,4.091
1752786000,4.109,4.182,4.096,4.16
1753045200,4.132,4.16,4.085,4.112
1753131600,4.126,4.126,4.056,4.066
1753218000,4.074,4.089,4.047,4.062
1753304400,4.074,4.109,4.065,4.094
1753390800,4.1,4.107,4.068,4.078
1753650000,4.068,4.088,4.022,4.029
1753736400,4.022,4.042,3.989,4.003
1753822800,4.001,4.038,3.996,4.019
1753909200,4.019,4.037,3.985,4.034
1753995600,4.037,4.054,3.998,4.003
1754254800,4.022,4.024,3.969,3.971
1754341200,3.959,3.967,3.919,3.919
1754427600,3.918,3.922,3.873,3.922
1754514000,3.932,3.981,3.932,3.974
1754600400,3.98,4.011,3.947,3.962
1754859600,3.947,3.996,3.937,3.984
1754946000,3.977,3.982,3.831,3.858
1755032400,3.86,3.893,3.846,3.876
1755118800,3.882,3.898,3.837,3.896
1755205200,3.901,3.965,3.882,3.963
1755464400,3.94,3.989,3.925,3.977
1755550800,3.963,3.968,3.926,3.941
1755637200,3.952,3.971,3.925,3.954
1755723600,3.96,4.048,3.954,4.038
1755810000,4.038,4.046,4.012,4.029
1756069200,4.046,4.078,4.029,4.041
1756155600,4.029,4.059,4.003,4.013
1756242000,4.013,4.015,3.972,3.979
1756328400,3.98,4.026,3.955,4.024
1756414800,4.032,4.12,4.024,4.113
1756760400,4.089,4.155,4.062,4.148
1756846800,4.158,4.161,4.085,4.102
1756933200,4.098,4.13,4.064,4.128
1757019600,4.128,4.17,4.094,4.101
1757278800,4.093,4.145,4.077,4.141
1757365200,4.136,4.149,4.117,4.122
1757451600,4.117,4.125,4.095,4.095
1757538000,4.101,4.138,4.096,4.126
1757624400,4.121,4.227,4.099,4.208
1757883600,4.197,4.212,4.151,4.166
1757970000,4.166,4.24,4.164,4.221
1758056400,4.216,4.241,4.187,4.199
1758142800,4.195,4.205,4.168,4.176
1758229200,4.178,4.228,4.157,4.174
1758488400,4.178,4.183,4.117,4.159
1758574800,4.152,4.199,4.125,4.192
1758661200,4.19,4.21,4.173,4.175
1758747600,4.181,4.218,4.173,4.189
1758834000,4.189,4.194,4.152,4.155
1759093200,4.149,4.167,4.13,4.155
1759179600,4.155,4.155,4.084,4.101
1759266000,4.099,4.137,4.048,4.122
1759352400,4.129,4.167,4.093,4.155
1759438800,4.152,4.173,4.131,4.133
1759698000,4.135,4.17,4.121,4.165
1759784400,4.156,4.191,4.139,4.141
1759870800,4.137,4.174,4.134,4.169
1759957200,4.167,4.18,4.131,4.133
1760043600,4.133,4.141,4.075,4.08
1760302800,4.089,4.101,4.06,4.06
1760389200,4.062,4.088,4.05,4.088
1760475600,4.08,4.138,4.066,4.123
1760562000,4.121,4.188,4.121,4.173
1760648400,4.17,4.201,4.17,4.184
1760907600,4.186,4.196,4.154,4.196
1760994000,4.194,4.202,4.145,4.155
1761080400,4.154,4.195,4.145,4.195
1761166800,4.191,4.243,4.171,4.236
1761253200,4.229,4.234,4.192,4.197
1761512400,4.234,4.279,4.224,4.244
1761598800,4.239,4.324,4.237,4.28
1761685200,4.27,4.313,4.265,4.31
1761771600,4.298,4.333,4.244,4.256
1761858000,4.262,4.289,4.232,4.277
1762120800,4.284,4.317,4.247,4.314
1762207200,4.31,4.312,4.263,4.278
1762293600,4.276,4.328,4.258,4.323
1762380000,4.309,4.314,4.255,4.257
1762466400,4.257,4.278,4.241,4.243
1762725600,4.25,4.285,4.238,4.27
1762812000,4.263,4.301,4.261,4.294
1762898400,4.296,4.326,4.287,4.322
1762984800,4.312,4.393,4.308,4.39
1763071200,4.381,4.401,4.271,4.271
1763330400,4.27,4.343,4.262,4.321
1763416800,4.322,4.356,4.302,4.33
1763503200,4.323,4.333,4.251,4.261
1763589600,4.262,4.277,4.214,4.226
1763676000,4.229,4.24,4.203,4.228
1763935200,4.238,4.246,4.2,4.224
1764021600,4.227,4.245,4.22,4.235
1764108000,4.233,4.319,4.233,4.317
1764280800,4.319,4.338,4.292,4.331
1764540000,4.347,4.347,4.299,4.309
1764626400,4.312,4.38,4.286,4.359
1764712800,4.35,4.359,4.292,4.297
1764799200,4.297,4.342,4.284,4.332
1764885600,4.33,4.343,4.307,4.314
1765144800,4.32,4.34,4.294,4.309
1765231200,4.314,4.359,4.307,4.351
1765317600,4.344,4.357,4.309,4.311
1765404000,4.319,4.351,4.309,4.342
1765490400,4.34,4.345,4.278,4.282
1765749600,4.285,4.291,4.25,4.277
1765836000,4.274,4.282,4.239,4.247
1765922400,4.252,4.296,4.252,4.294
1766008800,4.299,4.342,4.295,4.325
1766095200,4.325,4.332,4.311,4.319
1766354400,4.329,4.364,4.327,4.357
1766440800,4.352,4.377,4.352,4.363
1766527200,4.366,4.401,4.366,4.396
1766700000,4.411,4.421,4.379,4.392
1766959200,4.402,4.404,4.32,4.323
1767045600,4.32,4.328,4.299,4.304
1767132000,4.305,4.325,4.293,4.31
1767304800,4.301,4.301,4.274,4.277
1767564000,4.272,4.361,4.272,4.352
1767650400,4.359,4.377,4.345,4.348
1767736800,4.348,4.381,4.348,4.374
1767823200,4.372,4.39,4.367,4.368
1767909600,4.366,4.386,4.352,4.367
1768168800,4.372,4.405,4.123,4.133
1768255200,4.141,4.149,4.097,4.125
1768341600,4.132,4.172,4.118,4.146
1768428000,4.148,4.173,4.127,4.127
1768514400,4.132,4.197,4.128,4.175
1768860000,4.179,4.185,4.153,4.171
1768946400,4.176,4.208,4.147,4.152
1769032800,4.165,4.176,4.146,4.171
1769119200,4.174,4.246,4.161,4.241
1769378400,4.249,4.254,4.213,4.225
1769464800,4.221,4.239,4.202,4.207
1769551200,4.215,4.272,4.212,4.248
1769637600,4.253,4.281,4.224,4.251
1769724000,4.257,4.257,4.196,4.226
1769983200,4.211,4.219,4.19,4.207
1770069600,4.215,4.241,4.209,4.236
1770156000,4.239,4.277,4.205,4.242
1770242400,4.238,4.308,4.223,4.303
1770328800,4.293,4.311,4.242,4.262
1770588000,4.253,4.258,4.231,4.244
1770674400,4.244,4.267,4.237,4.248
1770760800,4.248,4.254,4.214,4.239
1770847200,4.24,4.275,4.232,4.275
1770933600,4.273,4.289,4.259,4.279
1771279200,4.264,4.268,4.23,4.235
1771365600,4.243,4.253,4.221,4.239
1771452000,4.231,4.249,4.212,4.233
1771538400,4.232,4.258,4.214,4.254
1771797600,4.238,4.305,4.234,4.259
1771884000,4.262,4.267,4.232,4.251
1771970400,4.254,4.289,4.243,4.282
1772056800,4.275,4.317,4.267,4.296
1772143200,4.287,4.361,4.287,4.344
1772402400,4.379,4.38,4.305,4.32
1772488800,4.325,4.384,4.314,4.334
1772575200,4.329,4.342,4.277,4.306
1772661600,4.307,4.415,4.304,4.408
1772748000,4.411,4.492,4.396,4.48
1773003600,4.535,4.631,4.41,4.415
1773090000,4.357,4.419,4.349,4.417
1773176400,4.425,4.499,4.396,4.487
1773262800,4.5,4.572,4.495,4.506
1773349200,4.499,4.556,4.468,4.554
1773608400,4.526,4.546,4.413,4.435
1773694800,4.433,4.48,4.388,4.437
1773781200,4.447,4.536,4.411,4.527
1773867600,4.537,4.592,4.53,4.592
1773954000,4.58,4.585,4.538,4.555
1774213200,4.544,4.636,4.47,4.507
1774299600,4.512,4.56,4.496,4.531
1774386000,4.512,4.589,4.487,4.582
1774472400,4.58,4.593,4.529,4.569
1774558800,4.572,4.612,4.519,4.529
1774818000,4.548,4.572,4.468,4.468
1774904400,4.474,4.539,4.433,4.502
1774990800,4.498,4.517,4.408,4.457
1775077200,4.455,4.525,4.434,4.442
1775422800,4.458,4.476,4.414,4.466
1775509200,4.474,4.477,4.416,4.419
1775595600,4.385,4.416,4.358,4.409
1775682000,4.409,4.437,4.361,4.381
1775768400,4.381,4.399,4.321,4.346
1776027600,4.392,4.399,4.346,4.351
1776114000,4.354,4.407,4.349,4.375
1776200400,4.38,4.466,4.38,4.461
1776286800,4.464,4.474,4.426,4.433
1776373200,4.434,4.459,4.39,4.436
1776632400,4.464,4.495,4.425,4.475
1776718800,4.473,4.508,4.464,4.494
1776805200,4.492,4.534,4.487,4.5
1776891600,4.503,4.531,4.492,4.519
1776978000,4.519,4.542,4.501,4.515
1777237200,4.516,4.578,4.516,4.576
1777323600,4.576,4.638,4.571,4.638
1777410000,4.629,4.671,4.625,4.659
1777496400,4.64,4.682,4.6,4.631
1777582800,4.625,4.718,4.625,4.682
1777842000,4.68,4.75,4.664,4.745
1777928400,4.741,4.763,4.666,4.69
1778014800,4.674,4.686,4.572,4.575
1778101200,4.573,4.592,4.51,4.569
1778187600,4.576,4.627,4.553,4.612
1778446800,4.625,4.663,4.619,4.651
1778533200,4.641,4.718,4.63,4.691
1778619600,4.699,4.749,4.68,4.71
1778706000,4.703,4.738,4.562,4.587
1778792400,4.599,4.646,4.463,4.463
1779051600,4.594,4.693,4.555,4.681
1779138000,4.672,4.729,4.633,4.663
1779224400,4.666,4.666,4.544,4.579
1779310800,4.576,4.609,4.521,4.543
1779397200,4.548,4.596,4.531,4.555
1779742800,4.508,4.555,4.494,4.504
1779829200,4.519,4.524,4.449,4.454
1779915600,4.461,4.514,4.447,4.492
1780002000,4.498,4.5,4.385,4.402
1780261200,4.39,4.429,4.34,4.382
1780347600,4.378,4.378,4.332,4.344
1780434000,4.347,4.36,4.247,4.249
1780520400,4.25,4.255,4.162,4.184
1780606800,4.187,4.192,4.109,4.119
1780866000,4.144,4.16,4.078,4.133
1780952400,4.141,4.206,4.129,4.151
1781038800,4.154,4.209,4.137,4.148
1781125200,4.151,4.156,4.063,4.068
1781211600,4.07,4.128,4.044,4.086
1781470800,4.072,4.13,4.028,4.118
1781557200,4.114,4.171,4.088,4.104
1781643600,4.102,4.18,4.085,4.177
1781730000,4.168,4.183,4.116,4.139
1782075600,4.136,4.148,4.085,4.085
1782162000,4.093,4.115,4.041,4.071
1782248400,4.072,4.097,4.034,4.034
1782334800,4.037,4.14,4.013,4.128
1782421200,4.123,4.156,4.09,4.095
1782680400,4.071,4.081,3.969,3.985
1782766800,3.99,4.115,3.959,4.052
1782853200,4.057,4.128,4.048,4.124
1782939600,4.117,4.151,4.101,4.104
1783285200,4.159,4.275,4.159,4.27
1783371600,4.259,4.335,4.243,4.321
1783458000,4.314,4.343,4.241,4.241
1783544400,4.23,4.25,4.191,4.213
1783630800,4.209,4.313,4.179,4.299
1783890000,4.385,4.387,4.323,4.325
1783976400,4.306,4.315,4.273,4.302
1784062800,4.297,4.406,4.295,4.39
1784149200,4.39,4.438,4.336,4.34
1784235600,4.338,4.382,4.294,4.377
1784494800,4.443,4.463,4.408,4.432
1784581200,4.409,4.469,4.4,4.46
1784667600,4.463,4.565,4.458,4.549
1784754000,4.54,4.602,4.534,4.574
1784840400,4.577,4.62,4.503,4.574
1785099600,4.522,4.56,4.434,4.453
1785186000,4.47,4.556,4.457,4.526
1785272400,4.531,4.55,4.433,4.436
1785358800,4.436,4.477,4.409,4.412
1785445200,4.419,4.426,4.345,4.369
1785704400,4.35,4.467,4.324,4.46
1785790800,4.474,4.484,4.381,4.393
1785877200,4.387,4.391,4.331,4.35