time,open,high,low,close
1257804000,5.095,5.164,4.975,5.112
1257890400,5.112,5.297,5.093,5.201
1257976800,5.201,5.317,5.123,5.214
1258063200,5.214,5.306,5.179,5.301
1258322400,5.301,5.549,5.301,5.534
1258408800,5.534,5.665,5.47,5.653
1258495200,5.653,5.747,5.57,5.573
1258581600,5.573,5.63,5.417,5.546
1258668000,5.546,5.641,5.455,5.503
1258927200,5.503,5.727,5.498,5.5
1259013600,5.5,5.531,5.254,5.266
1259100000,5.266,5.479,5.266,5.413
1259272800,5.413,5.451,5.254,5.439
1259532000,5.439,5.635,5.439,5.583
1259618400,5.583,5.72,5.548,5.583
1259704800,5.583,5.593,5.455,5.517
1259791200,5.517,5.561,5.446,5.466
1259877600,5.466,5.51,5.312,5.345
1260136800,5.345,5.366,5.237,5.245
1260223200,5.245,5.314,5.153,5.173
1260309600,5.173,5.208,5.109,5.141
1260396000,5.141,5.234,5.099,5.119
1260482400,5.119,5.222,5.114,5.222
1260741600,5.222,5.297,5.141,5.256
1260828000,5.256,5.288,5.183,5.185
1260914400,5.185,5.26,5.105,5.219
1261000800,5.219,5.219,4.976,5.042
1261087200,5.042,5.121,4.985,5.104
1261346400,5.104,5.132,5.03,5.035
1261432800,5.035,5.088,5,5.066
1261519200,5.066,5.134,5.04,5.134
1261605600,5.134,5.154,5.053,5.114
1261951200,5.114,5.353,5.079,5.35
1262037600,5.35,5.383,5.25,5.26
1262124000,5.26,5.349,5.25,5.289
1262210400,5.289,5.351,5.257,5.276
1262556000,5.276,5.469,5.276,5.435
1262642400,5.435,5.473,5.381,5.389
1262728800,5.389,5.537,5.373,5.53
1262815200,5.53,5.54,5.424,5.425
1262901600,5.425,5.563,5.332,5.544
1263160800,5.544,5.616,5.506,5.606
1263247200,5.606,5.606,5.088,5.259
1263333600,5.259,5.261,5.08,5.229
1263420000,5.229,5.254,5.143,5.158
1263506400,5.158,5.158,4.984,4.991
1263852000,4.991,5.047,4.869,4.894
1263938400,4.894,4.916,4.758,4.886
1264024800,4.886,4.907,4.836,4.905
1264111200,4.905,4.926,4.822,4.889
1264370400,4.889,4.952,4.875,4.893
1264456800,4.893,4.918,4.831,4.838
1264543200,4.838,4.867,4.749,4.766
1264629600,4.766,4.812,4.751,4.785
1264716000,4.785,4.806,4.654,4.654
1264975200,4.654,4.766,4.654,4.672
1265061600,4.672,4.854,4.672,4.809
1265148000,4.809,4.877,4.617,4.636
1265234400,4.636,4.754,4.601,4.702
1265320800,4.702,4.702,4.608,4.679
1265580000,4.679,4.83,4.679,4.786
1265666400,4.786,4.825,4.711,4.768
1265752800,4.768,4.97,4.752,4.906
1265839200,4.906,4.96,4.811,4.863
1265925600,4.863,4.883,4.749,4.808
1266271200,4.808,5.044,4.808,5.002
1266357600,5.002,5.002,4.882,4.904
1266444000,4.904,4.946,4.79,4.795
1266530400,4.795,4.866,4.738,4.846
1266789600,4.846,5.006,4.819,4.956
1266876000,4.956,4.983,4.879,4.891
1266962400,4.891,4.992,4.867,4.973
1267048800,4.973,4.975,4.852,4.867
1267135200,4.867,5.043,4.867,5.043
1267394400,5.043,5.105,4.855,4.91
1267480800,4.91,4.954,4.852,4.899
1267567200,4.899,5.021,4.899,5.018
1267653600,5.018,5.018,4.873,4.893
1267740000,4.893,4.952,4.81,4.81
1267999200,4.81,4.866,4.81,4.866
1268085600,4.866,4.866,4.778,4.78
1268172000,4.78,4.78,4.685,4.712
1268258400,4.712,4.712,4.659,4.689
1268344800,4.689,4.767,4.68,4.757
1268600400,4.757,4.778,4.683,4.696
1268686800,4.696,4.8,4.696,4.783
1268773200,4.783,4.893,4.764,4.865
1268859600,4.865,4.865,4.759,4.813
1268946000,4.813,4.819,4.745,4.763
1269205200,4.763,4.846,4.743,4.782
1269291600,4.782,4.81,4.681,4.681
1269378000,4.681,4.711,4.644,4.684
1269464400,4.684,4.705,4.573,4.585
1269550800,4.585,4.615,4.569,4.577
1269810000,4.577,4.644,4.572,4.576
1269896400,4.576,4.666,4.572,4.666
1269982800,4.666,4.675,4.438,4.448
1270069200,4.448,4.516,4.435,4.501
1270414800,4.501,4.538,4.416,4.485
1270501200,4.485,4.644,4.434,4.578
1270587600,4.578,4.742,4.512,4.698
1270674000,4.698,4.698,4.618,4.642
1270760400,4.642,4.733,4.577,4.612
1271019600,4.612,4.695,4.612,4.624
1271106000,4.624,4.719,4.589,4.709
1271192400,4.709,4.775,4.661,4.696
1271278800,4.696,4.781,4.682,4.759
1271365200,4.759,4.87,4.72,4.85
1271624400,4.85,4.852,4.631,4.631
1271710800,4.631,4.836,4.631,4.831
1271797200,4.831,4.865,4.783,4.838
1271883600,4.838,4.961,4.775,4.954
1271970000,4.954,4.96,4.866,4.883
1272229200,4.883,4.997,4.574,4.734
1272315600,4.734,4.787,4.69,4.753
1272402000,4.753,4.816,4.687,4.734
1272488400,4.734,4.929,4.734,4.815
1272574800,4.815,4.916,4.799,4.916
1272834000,4.916,4.933,4.789,4.884
1272920400,4.884,4.99,4.808,4.99
1273006800,4.99,5.001,4.916,4.994
1273093200,4.994,5.003,4.888,4.956
1273179600,4.956,5.052,4.889,5.002
1273438800,5.002,5.024,4.82,4.82
1273525200,4.82,4.869,4.803,4.856
1273611600,4.856,4.957,4.818,4.818
1273698000,4.818,4.824,4.7,4.71
1273784400,4.71,4.738,4.633,4.635
1274043600,4.635,4.673,4.592,4.619
1274130000,4.619,4.662,4.591,4.615
1274216400,4.615,4.651,4.585,4.622
1274302800,4.622,4.654,4.549,4.63
1274389200,4.63,4.683,4.598,4.659
1274648400,4.659,4.696,4.598,4.601
1274734800,4.601,4.606,4.503,4.525
1274821200,4.525,4.652,4.525,4.554
1274907600,4.554,4.676,4.527,4.641
1274994000,4.641,4.677,4.509,4.519
1275339600,4.519,4.561,4.442,4.455
1275426000,4.455,4.495,4.372,4.372
1275512400,4.372,4.429,4.358,4.368
1275598800,4.368,4.395,4.307,4.307
1275858000,4.307,4.342,4.271,4.276
1275944400,4.276,4.324,4.272,4.282
1276030800,4.282,4.32,4.216,4.248
1276117200,4.248,4.336,4.229,4.289
1276203600,4.289,4.449,4.238,4.367
1276462800,4.367,4.512,4.367,4.485
1276549200,4.485,4.528,4.426,4.489
1276635600,4.489,4.646,4.479,4.589
1276722000,4.589,4.62,4.503,4.6
1276808400,4.6,4.668,4.556,4.572
1277067600,4.572,4.664,4.525,4.593
1277154000,4.593,4.611,4.531,4.579
1277240400,4.579,4.66,4.557,4.595
1277326800,4.595,4.676,4.585,4.604
1277413200,4.604,4.622,4.53,4.535
1277672400,4.535,4.536,4.422,4.474
1277758800,4.474,4.474,4.383,4.403
1277845200,4.403,4.723,4.398,4.661
1277931600,4.661,4.834,4.594,4.827
1278018000,4.827,4.905,4.797,4.873
1278363600,4.873,5.1,4.867,4.94
1278450000,4.94,5.161,4.91,5.161
1278536400,5.161,5.337,5.092,5.335
1278622800,5.335,5.335,5.191,5.214
1278882000,5.214,5.243,5.198,5.198
1278968400,5.198,5.364,5.198,5.362
1279054800,5.362,5.519,5.316,5.444
1279141200,5.444,5.839,5.418,5.832
1279227600,5.832,5.832,5.649,5.749
1279486800,5.749,5.84,5.621,5.677
1279573200,5.677,5.678,5.599,5.641
1279659600,5.641,5.809,5.612,5.729
1279746000,5.729,5.968,5.71,5.826
1279832400,5.826,5.907,5.807,5.841
1280091600,5.841,5.841,5.728,5.779
1280178000,5.779,5.921,5.709,5.833
1280264400,5.833,6.112,5.804,6.022
1280350800,6.022,6.198,6.013,6.157
1280437200,6.157,6.508,6.14,6.483
1280696400,6.483,6.982,6.46,6.771
1280782800,6.771,6.856,6.634,6.693
1280869200,6.693,7.2,6.669,7.156
1280955600,7.156,7.732,7.124,7.732
1281042000,7.732,8.277,7.144,7.144
1281301200,7.144,7.274,6.744,7.035
1281387600,7.035,7.082,6.803,6.855
1281474000,6.855,6.997,6.712,6.838
1281560400,6.838,7.248,6.797,7.001
1281646800,7.001,7.151,6.92,6.923
1281906000,6.923,7.006,6.484,6.563
1281992400,6.563,6.691,6.425,6.447
1282078800,6.447,6.578,6.38,6.487
1282165200,6.487,6.917,6.487,6.742
1282251600,6.742,6.886,6.635,6.722
1282510800,6.722,6.904,6.711,6.859
1282597200,6.859,6.87,6.629,6.681
1282683600,6.681,6.767,6.414,6.431
1282770000,6.431,6.599,6.431,6.518
1282856400,6.518,6.682,6.503,6.565
1283115600,6.565,6.911,6.565,6.668
1283202000,6.668,6.76,6.469,6.469
1283288400,6.469,6.743,6.469,6.723
1283374800,6.723,6.847,6.723,6.773
1283461200,6.773,7.062,6.773,7.055
1283806800,7.055,7.109,6.941,7.016
1283893200,7.016,7.016,6.765,6.772
1283979600,6.772,7.059,6.772,7.042
1284066000,7.042,7.072,6.892,7.05
1284325200,7.05,7.218,7.05,7.164
1284411600,7.164,7.198,7.009,7.064
1284498000,7.064,7.139,6.94,6.972
1284584400,6.972,7.076,6.833,6.903
1284670800,6.903,7.134,6.903,7.091
1284930000,7.091,7.279,7.012,7.029
1285016400,7.029,7.062,6.895,6.899
1285102800,6.899,7.046,6.869,6.936
1285189200,6.936,6.937,6.675,6.711
1285275600,6.711,6.967,6.711,6.938
1285534800,6.938,7.053,6.774,6.798
1285621200,6.798,6.831,6.608,6.61
1285707600,6.61,6.645,6.407,6.616
1285794000,6.616,6.626,6.29,6.522
1285880400,6.522,6.555,6.252,6.322
1286139600,6.322,6.346,6.231,6.261
1286226000,6.261,6.462,6.235,6.426
1286312400,6.426,6.521,6.346,6.371
1286398800,6.371,6.553,6.364,6.391
1286485200,6.391,6.976,6.371,6.976
1286744400,6.976,7.065,6.827,6.886
1286830800,6.886,6.991,6.83,6.911
1286917200,6.911,7.019,6.756,6.829
1287003600,6.829,6.922,6.783,6.815
1287090000,6.815,6.944,6.762,6.837
1287349200,6.837,6.905,6.698,6.713
1287435600,6.713,6.787,6.514,6.545
1287522000,6.545,6.707,6.545,6.651
1287608400,6.651,6.752,6.512,6.525
1287694800,6.525,6.598,6.491,6.537
1287954000,6.537,6.697,6.537,6.578
1288040400,6.578,6.835,6.558,6.782
1288126800,6.782,6.922,6.728,6.863
1288213200,6.863,7.064,6.854,7.045
1288299600,7.045,7.099,6.968,7.011
1288558800,7.011,7.137,6.877,6.884
1288645200,6.884,6.987,6.794,6.799
1288731600,6.799,6.865,6.679,6.78
1288818000,6.78,7.065,6.78,7.009
1288904400,7.009,7.184,6.925,7.167
1289167200,7.167,7.263,7.092,7.253
1289253600,7.253,7.487,7.064,7.084
1289340000,7.084,7.123,6.871,6.974
1289426400,6.974,7.119,6.913,6.931
1289512800,6.931,7.003,6.517,6.591
1289772000,6.591,6.76,6.588,6.61
1289858400,6.61,6.653,6.164,6.181
1289944800,6.181,6.391,6.116,6.251
1290031200,6.251,6.495,6.251,6.382
1290117600,6.382,6.503,6.296,6.358
1290376800,6.358,6.463,6.325,6.394
1290463200,6.394,6.459,6.285,6.34
1290549600,6.34,6.501,6.34,6.42
1290722400,6.42,6.488,6.402,6.418
1290981600,6.418,6.574,6.418,6.464
1291068000,6.464,6.529,6.413,6.45
1291154400,6.45,6.967,6.45,6.89
1291240800,6.89,7.212,6.89,7.028
1291327200,7.028,7.334,7.028,7.245
1291586400,7.245,7.511,7.245,7.511
1291672800,7.511,7.592,7.345,7.398
1291759200,7.398,7.481,7.238,7.414
1291845600,7.414,7.477,7.404,7.452
1291932000,7.452,7.498,7.376,7.376
1292191200,7.376,7.428,7.351,7.401
1292277600,7.401,7.41,7.153,7.218
1292364000,7.218,7.366,7.206,7.25
1292450400,7.25,7.275,7.086,7.12
1292536800,7.12,7.197,7.05,7.193
1292796000,7.193,7.388,7.193,7.322
1292882400,7.322,7.349,7.257,7.291
1292968800,7.291,7.481,7.204,7.476
1293055200,7.476,7.513,7.397,7.461
1293400800,7.461,7.486,7.33,7.455
1293487200,7.455,7.667,7.449,7.641
1293573600,7.641,7.713,7.511,7.636
1293660000,7.636,7.644,7.435,7.516
1293746400,7.516,7.624,7.477,7.588
1294005600,7.588,7.913,7.588,7.724
1294092000,7.724,7.763,7.52,7.572
1294178400,7.572,7.781,7.451,7.779
1294264800,7.779,7.779,7.572,7.577
1294351200,7.577,7.636,7.425,7.437
1294610400,7.437,7.544,7.383,7.395
1294696800,7.395,7.487,7.313,7.317
1294783200,7.317,7.622,7.317,7.457
1294869600,7.457,7.601,7.424,7.543
1294956000,7.543,7.575,7.368,7.466
1295301600,7.466,7.704,7.466,7.677
1295388000,7.677,7.826,7.673,7.735
1295474400,7.735,7.805,7.586,7.778
1295560800,7.778,8.049,7.744,7.996
1295820000,7.996,8.153,7.996,8.125
1295906400,8.125,8.156,7.976,8.154
1295992800,8.154,8.377,8.154,8.339
1296079200,8.339,8.4,8.229,8.244
1296165600,8.244,8.267,8.03,8.037
1296424800,8.037,8.27,8.025,8.188
1296511200,8.188,8.245,8.116,8.149
1296597600,8.149,8.444,8.149,8.415
1296684000,8.415,8.526,8.277,8.391
1296770400,8.391,8.45,8.239,8.349
1297029600,8.349,8.515,8.342,8.415
1297116000,8.415,8.631,8.272,8.572
1297202400,8.572,8.756,8.572,8.705
1297288800,8.705,8.705,8.45,8.46
1297375200,8.46,8.553,8.4,8.521
1297634400,8.521,8.701,8.521,8.581
1297720800,8.581,8.599,8.175,8.269
1297807200,8.269,8.358,8.13,8.249
1297893600,8.249,8.406,8.249,8.387
1297980000,8.387,8.405,8.061,8.108
1298325600,8.108,8.256,7.534,7.535
1298412000,7.535,7.592,7.152,7.542
1298498400,7.542,7.612,7.333,7.38
1298584800,7.38,7.872,7.38,7.714
1298844000,7.714,7.769,7.588,7.762
1298930400,7.762,7.786,7.603,7.678
1299016800,7.678,7.875,7.635,7.707
1299103200,7.707,7.873,7.707,7.823
1299189600,7.823,7.979,7.785,7.918
1299448800,7.918,7.939,7.643,7.7
1299535200,7.7,7.721,7.468,7.495
1299621600,7.495,7.601,7.253,7.393
1299708000,7.393,7.393,7.06,7.182
1299794400,7.182,7.182,6.921,6.921
1300050000,6.921,7.065,6.832,6.973
1300136400,6.973,7.005,6.401,6.454
1300222800,6.454,6.757,6.358,6.438
1300309200,6.438,6.967,6.425,6.902
1300395600,6.902,7.265,6.84,7.032
1300654800,7.032,7.204,6.968,6.993
1300741200,6.993,7.072,6.855,7.002
1300827600,7.002,7.097,6.866,6.94
1300914000,6.94,7.216,6.907,7.211
1301000400,7.211,7.326,7.076,7.149
1301259600,7.149,7.212,7.032,7.081
1301346000,7.081,7.238,7.035,7.209
1301432400,7.209,7.239,7.084,7.088
1301518800,7.088,7.554,7.051,7.451
1301605200,7.451,7.565,7.279,7.436
1301864400,7.436,7.754,7.436,7.742
1301950800,7.742,7.818,7.626,7.678
1302037200,7.678,7.766,7.623,7.657
1302123600,7.657,7.776,7.426,7.576
1302210000,7.576,7.867,7.518,7.85
1302469200,7.85,7.95,7.727,7.85
1302555600,7.85,7.891,7.38,7.474
1302642000,7.474,7.569,7.295,7.426
1302728400,7.426,7.486,7.225,7.292
1302814800,7.292,7.375,7.189,7.336
1303074000,7.336,7.695,7.303,7.663
1303160400,7.663,7.835,7.646,7.744
1303246800,7.744,7.98,7.707,7.776
1303333200,7.776,7.906,7.708,7.899
1303678800,7.899,8.218,7.899,8.188
1303765200,8.188,8.211,7.912,8.039
1303851600,8.039,8.1,7.585,7.692
1303938000,7.692,7.779,7.331,7.356
1304024400,7.356,7.636,7.307,7.636
1304283600,7.636,7.884,7.549,7.549
1304370000,7.549,7.602,7.441,7.488
1304456400,7.488,7.541,7.365,7.368
1304542800,7.368,7.378,7.15,7.228
1304629200,7.228,7.355,7.065,7.194
1304888400,7.194,7.6,7.194,7.6
1304974800,7.6,7.779,7.6,7.776
1305061200,7.776,7.776,7.373,7.404
1305147600,7.404,7.404,7.068,7.068
1305234000,7.068,7.128,6.883,6.942
1305493200,6.942,7.13,6.942,7.043
1305579600,7.043,7.308,6.987,7.297
1305666000,7.297,7.859,7.297,7.835
1305752400,7.835,7.98,7.696,7.772
1305838800,7.772,7.834,7.569,7.721
1306098000,7.721,7.872,7.537,7.696
1306184400,7.696,7.774,7.469,7.482
1306270800,7.482,7.689,7.476,7.675
1306357200,7.675,7.972,7.675,7.842
1306443600,7.842,7.961,7.737,7.899
1306789200,7.899,7.899,7.465,7.538
1306875600,7.538,7.614,7.29,7.329
1306962000,7.329,7.477,7.329,7.436
1307048400,7.436,7.56,7.347,7.488
1307307600,7.488,7.545,7.191,7.198
1307394000,7.198,7.251,7.102,7.124
1307480400,7.124,7.382,7.106,7.263
1307566800,7.263,7.545,7.19,7.257
1307653200,7.257,7.432,7.181,7.404
1307912400,7.404,7.51,7.224,7.246
1307998800,7.246,7.301,6.975,7.152
1308085200,7.152,7.176,6.854,6.935
1308171600,6.935,7.012,6.557,6.557
1308258000,6.557,6.693,6.497,6.577
1308517200,6.577,6.622,6.43,6.47
1308603600,6.47,6.674,6.437,6.61
1308690000,6.61,6.685,6.067,6.269
1308776400,6.269,6.414,5.963,6.394
1308862800,6.394,6.486,6.217,6.22
1309122000,6.22,6.28,6.044,6.114
1309208400,6.114,6.37,6.114,6.336
1309294800,6.336,6.56,6.22,6.343
1309381200,6.343,6.436,5.742,5.797
1309467600,5.797,5.893,5.593,5.779
1309813200,5.779,6.108,5.779,6.101
1309899600,6.101,6.103,5.938,6.073
1309986000,6.073,6.307,6.035,6.217
1310072400,6.217,6.496,6.213,6.461
1310331600,6.461,6.461,6.237,6.31
1310418000,6.31,6.612,6.167,6.612
1310504400,6.612,7.064,6.612,7.034
1310590800,7.034,7.042,6.754,6.923
1310677200,6.923,7.013,6.779,6.808
1310936400,6.808,6.818,6.623,6.744
1311022800,6.744,7.133,6.744,6.793
1311109200,6.793,6.932,6.79,6.83
1311195600,6.83,6.895,6.589,6.641
1311282000,6.641,6.81,6.567,6.808
1311541200,6.808,6.83,6.596,6.773
1311627600,6.773,6.869,6.674,6.82
1311714000,6.82,7.001,6.741,6.93
1311800400,6.93,7.028,6.805,6.829
1311886800,6.829,6.882,6.588,6.613
1312146000,6.613,6.801,6.598,6.657
1312232400,6.657,7.122,6.543,7.11
1312318800,7.11,7.11,6.947,6.989
1312405200,6.989,7,6.649,6.721
1312491600,6.721,6.73,6.562,6.686
1312750800,6.686,6.687,6.34,6.481
1312837200,6.481,6.787,6.351,6.621
1312923600,6.621,6.826,6.621,6.755
1313010000,6.755,7.142,6.718,6.92
1313096400,6.92,7.105,6.883,6.947
1313355600,6.947,7.138,6.947,7.041
1313442000,7.041,7.254,6.971,7.175
1313528400,7.175,7.321,7.157,7.21
1313614800,7.21,7.213,6.934,7.016
1313701200,7.016,7.269,6.946,7.247
1313960400,7.247,7.415,7.247,7.297
1314046800,7.297,7.532,7.29,7.522
1314133200,7.522,7.584,7.403,7.431
1314219600,7.431,7.587,7.298,7.511
1314306000,7.511,7.635,7.426,7.558
1314565200,7.558,7.672,7.514,7.526
1314651600,7.526,7.542,7.399,7.442
1314738000,7.442,7.442,7.252,7.407
1314824400,7.407,7.407,7.104,7.104
1314910800,7.104,7.275,7.104,7.233
1315256400,7.233,7.233,7.046,7.141
1315342800,7.141,7.243,7.059,7.084
1315429200,7.084,7.106,7.016,7.076
1315515600,7.076,7.123,6.998,7.029
1315774800,7.029,7.029,6.856,6.984
1315861200,6.984,7.043,6.843,7.008
1315947600,7.008,7.107,6.96,7.025
1316034000,7.025,7.035,6.841,6.946
1316120400,6.946,7.041,6.851,6.859
1316379600,6.859,6.894,6.652,6.705
1316466000,6.705,6.859,6.695,6.737
1316552400,6.737,6.812,6.643,6.65
1316638800,6.65,6.65,6.306,6.319
1316725200,6.319,6.479,6.319,6.414
1316984400,6.414,6.539,6.227,6.479
1317070800,6.479,6.684,6.479,6.574
1317157200,6.574,6.574,6.335,6.36
1317243600,6.36,6.547,6.258,6.535
1317330000,6.535,6.6,6.036,6.056
1317589200,6.056,6.216,5.954,6.214
1317675600,6.214,6.214,5.955,6.012
1317762000,6.012,6.266,6.012,6.242
1317848400,6.242,6.379,6.137,6.152
1317934800,6.152,6.217,6.047,6.075
1318194000,6.075,6.277,6.053,6.103
1318280400,6.103,6.639,6.1,6.595
1318366800,6.595,6.615,6.188,6.258
1318453200,6.258,6.293,6.038,6.168
1318539600,6.168,6.318,6.111,6.223
1318798800,6.223,6.341,6.179,6.246
1318885200,6.246,6.289,6.119,6.249
1318971600,6.249,6.367,6.169,6.179
1319058000,6.179,6.312,6.125,6.304
1319144400,6.304,6.484,6.272,6.304
1319403600,6.304,6.457,6.295,6.407
1319490000,6.407,6.46,6.33,6.358
1319576400,6.358,6.423,6.156,6.186
1319662800,6.186,6.468,6.186,6.441
1319749200,6.441,6.518,6.353,6.456
1320008400,6.456,6.471,6.184,6.294
1320094800,6.294,6.332,6.112,6.297
1320181200,6.297,6.377,6.194,6.215
1320267600,6.215,6.434,6.192,6.349
1320354000,6.349,6.392,6.225,6.35
1320616800,6.35,6.403,6.293,6.383
1320703200,6.383,6.585,6.36,6.578
1320789600,6.578,6.578,6.323,6.416
1320876000,6.416,6.478,6.181,6.209
1320962400,6.209,6.251,6.089,6.166
1321221600,6.166,6.214,6.097,6.142
1321308000,6.142,6.337,6.117,6.309
1321394400,6.309,6.392,6.145,6.165
1321480800,6.165,6.17,5.898,5.923
1321567200,5.923,6.02,5.86,5.963
1321826400,5.963,6.013,5.841,5.916
1321912800,5.916,5.966,5.856,5.936
1321999200,5.936,5.951,5.769,5.786
1322172000,5.786,5.859,5.719,5.734
1322431200,5.734,5.855,5.732,5.745
1322517600,5.745,5.99,5.722,5.93
1322604000,5.93,6.09,5.885,5.952
1322690400,5.952,6.073,5.938,6.018
1322776800,6.018,6.193,6,6.12
1323036000,6.12,6.171,5.976,6.013
1323122400,6.013,6.028,5.881,5.976
1323208800,5.976,5.976,5.819,5.839
1323295200,5.839,5.839,5.754,5.787
1323381600,5.787,5.787,5.677,5.757
1323640800,5.757,5.79,5.72,5.77
1323727200,5.77,5.97,5.742,5.97
1323813600,5.97,6.022,5.785,5.815
1323900000,5.815,5.875,5.768,5.78
1323986400,5.78,5.87,5.768,5.835
1324245600,5.835,6.025,5.813,6.005
1324332000,6.005,6.085,5.95,6.073
1324418400,6.073,6.175,5.995,6.17
1324504800,6.17,6.253,6.11,6.2
1324591200,6.2,6.273,6.18,6.21
1324936800,6.21,6.465,6.21,6.433
1325023200,6.433,6.555,6.408,6.498
1325109600,6.498,6.54,6.413,6.446
1325196000,6.446,6.54,6.418,6.528
1325541600,6.528,6.703,6.528,6.578
1325628000,6.578,6.623,6.448,6.496
1325714400,6.496,6.498,6.261,6.274
1325800800,6.274,6.364,6.241,6.244
1326060000,6.244,6.446,6.244,6.411
1326146400,6.411,6.444,6.339,6.394
1326232800,6.394,6.436,6.319,6.424
1326319200,6.424,6.484,5.917,6.047
1326405600,6.047,6.097,5.987,6.004
1326751200,6.004,6.114,6.004,6.049
1326837600,6.049,6.062,5.897,5.922
1326924000,5.922,6.062,5.917,6.05
1327010400,6.05,6.117,5.967,6.107
1327269600,6.107,6.212,6.107,6.197
1327356000,6.197,6.377,6.137,6.332
1327442400,6.332,6.495,6.292,6.415
1327528800,6.415,6.58,6.395,6.525
1327615200,6.525,6.562,6.447,6.47
1327874400,6.47,6.537,6.35,6.435
1327960800,6.435,6.672,6.435,6.66
1328047200,6.66,6.835,6.66,6.742
1328133600,6.742,6.742,6.568,6.612
1328220000,6.612,6.708,6.53,6.603
1328479200,6.603,6.688,6.56,6.683
1328565600,6.683,6.718,6.553,6.608
1328652000,6.608,6.698,6.528,6.61
1328738400,6.61,6.645,6.415,6.453
1328824800,6.453,6.455,6.283,6.291
1329084000,6.291,6.421,6.291,6.418
1329170400,6.418,6.428,6.323,6.338
1329256800,6.338,6.403,6.241,6.261
1329343200,6.261,6.321,6.208,6.258
1329429600,6.258,6.466,6.256,6.441
1329775200,6.441,6.481,6.234,6.331
1329861600,6.331,6.456,6.284,6.449
1329948000,6.449,6.456,6.351,6.409
1330034400,6.409,6.436,6.324,6.424
1330293600,6.424,6.474,6.302,6.472
1330380000,6.472,6.629,6.424,6.612
1330466400,6.612,6.717,6.578,6.629
1330552800,6.629,6.678,6.543,6.564
1330639200,6.564,6.702,6.539,6.702
1330898400,6.702,6.737,6.62,6.62
1330984800,6.62,6.672,6.516,6.62
1331071200,6.62,6.62,6.312,6.33
1331157600,6.33,6.42,6.302,6.31
1331244000,6.31,6.465,6.297,6.391
1331499600,6.391,6.497,6.348,6.472
1331586000,6.472,6.539,6.418,6.458
1331672400,6.458,6.4755,6.376,6.398
1331758800,6.398,6.656,6.398,6.608
1331845200,6.608,6.688,6.571,6.684
1332104400,6.684,6.72,6.4975,6.4975
1332190800,6.4975,6.5005,6.3735,6.3895
1332277200,6.3895,6.442,6.342,6.345
1332363600,6.345,6.425,6.286,6.406
1332450000,6.406,6.5,6.406,6.495
1332709200,6.495,6.676,6.475,6.564
1332795600,6.564,6.607,6.385,6.389
1332882000,6.389,6.434,6.289,6.291
1332968400,6.291,6.326,6.11,6.126
1333054800,6.126,6.664,6.113,6.576
1333314000,6.576,6.634,6.471,6.521
1333400400,6.521,6.566,6.479,6.534
1333486800,6.534,6.566,6.334,6.357
1333573200,6.357,6.476,6.34,6.388
1333659600,6.388,6.388,6.3705,6.371
1333918800,6.371,6.47,6.35,6.43
1334005200,6.43,6.511,6.223,6.252
1334091600,6.252,6.319,6.18,6.259
1334178000,6.259,6.439,6.259,6.374
1334264400,6.374,6.414,6.171,6.213
1334523600,6.213,6.239,6.137,6.162
1334610000,6.162,6.256,6.137,6.15
1334696400,6.15,6.173,6.028,6.103
1334782800,6.103,6.268,6.103,6.238
1334869200,6.238,6.266,6.131,6.143
1335128400,6.143,6.263,6.134,6.26
1335214800,6.26,6.383,6.223,6.257
1335301200,6.257,6.325,6.141,6.141
1335387600,6.141,6.267,6.141,6.243
1335474000,6.243,6.455,6.231,6.397
1335733200,6.397,6.458,6.311,6.447
1335819600,6.447,6.46,6.337,6.355
1335906000,6.355,6.355,6.086,6.086
1335992400,6.086,6.13,6.049,6.077
1336078800,6.077,6.12,5.914,6.022
1336338000,6.022,6.059,5.928,6.046
1336424400,6.046,6.129,6.034,6.069
1336510800,6.069,6.101,5.94,5.945
1336597200,5.945,5.998,5.879,5.944
1336683600,5.944,5.963,5.8495,5.9205
1336942800,5.921,5.947,5.852,5.918
1337029200,5.918,6.1,5.906,6.044
1337115600,6.044,6.315,5.973,6.305
1337202000,6.305,6.5085,6.305,6.5035
1337288400,6.5035,6.9025,6.4515,6.8805
1337547600,6.8805,7.1405,6.7595,6.9375
1337634000,6.9375,6.9465,6.7475,6.7555
1337720400,6.7555,6.7805,6.5685,6.5955
1337806800,6.5955,6.6945,6.5545,6.5585
1337893200,6.5585,6.8165,6.5545,6.7625
1338152400,6.7625,6.7625,6.6615,6.707
1338238800,6.707,6.775,6.4955,6.5135
1338325200,6.5135,6.5515,6.3855,6.4825
1338411600,6.4825,6.4825,6.3855,6.3915
1338498000,6.3915,6.4075,6.1015,6.1095
1338757200,6.1095,6.264,6.085,6.227
1338843600,6.227,6.259,6.074,6.084
1338930000,6.084,6.237,6.084,6.222
1339016400,6.222,6.401,6.161,6.371
1339102800,6.371,6.371,6.236,6.267
1339362000,6.267,6.381,6.258,6.272
1339448400,6.272,6.35,6.097,6.132
1339534800,6.132,6.2,6.132,6.153
1339621200,6.153,6.253,6.128,6.201
1339707600,6.201,6.235,6.043,6.053
1339966800,6.0535,6.307,6.0535,6.273
1340053200,6.273,6.464,6.264,6.441
1340139600,6.441,6.608,6.381,6.607
1340226000,6.607,6.79,6.523,6.568
1340312400,6.568,6.818,6.554,6.705
1340571600,6.705,7.181,6.705,7.165
1340658000,7.165,7.336,7.0695,7.246
1340744400,7.246,7.426,7.192,7.316
1340830800,7.316,7.368,7.244,7.244
1340917200,7.244,7.368,7.218,7.354
1341176400,7.3535,7.5485,7.3535,7.4615
1341262800,7.4615,7.804,7.4615,7.78
1341349200,7.78,7.78,7.78,7.78
1341435600,7.78,8.106,7.78,8.088
1341522000,8.088,8.114,7.893,7.953
1341781200,7.953,8.251,7.953,8.117
1341867600,8.117,8.143,7.921,8.071
1341954000,8.071,8.218,7.856,7.925
1342040400,7.925,8.39,7.925,8.321
1342126800,8.321,8.444,8.247,8.317
1342386000,8.317,8.683,8.317,8.677
1342472400,8.677,8.8,8.489,8.626
1342558800,8.626,8.795,8.485,8.749
1342645200,8.749,9.153,8.749,9.064
1342731600,9.064,9.21,8.992,9.2
1342990800,9.2,9.2,8.901,9.005
1343077200,9.005,9.005,8.376,8.636
1343163600,8.636,8.909,8.473,8.889
1343250000,8.889,8.889,8.626,8.703
1343336400,8.703,8.955,8.646,8.829
1343595600,8.829,9.051,8.829,9.04
1343682000,9.04,9.05,8.731,8.777
1343768400,8.777,8.833,8.485,8.531
1343854800,8.531,8.719,8.433,8.645
1343941200,8.645,8.936,8.482,8.784
1344200400,8.784,8.824,8.677,8.767
1344286800,8.767,8.927,8.72,8.781
1344373200,8.781,8.871,8.583,8.811
1344459600,8.811,9.08,8.811,9.073
1344546000,9.073,9.112,8.71,8.823
1344805200,8.823,8.823,8.529,8.53
1344891600,8.53,8.5655,8.309,8.341
1344978000,8.341,8.416,8.322,8.409
1345064400,8.409,8.602,8.3255,8.573
1345150800,8.573,8.713,8.537,8.677
1345410000,8.677,8.758,8.594,8.754
1345496400,8.754,8.959,8.708,8.921
1345582800,8.921,8.921,8.826,8.889
1345669200,8.889,8.965,8.651,8.692
1345755600,8.692,8.791,8.602,8.641
1346014800,8.641,8.725,8.561,8.569
1346101200,8.569,8.628,8.455,8.529
1346187600,8.529,8.811,8.482,8.789
1346274000,8.789,8.878,8.709,8.781
1346360400,8.781,8.795,8.555,8.655
1346619600,8.655,8.655,8.61,8.61
1346706000,8.61,8.786,8.565,8.668
1346792400,8.668,8.668,8.415,8.422
1346878800,8.422,8.699,8.422,8.674
1346965200,8.674,8.876,8.608,8.831
1347224400,8.831,8.931,8.638,8.666
1347310800,8.666,8.747,8.594,8.605
1347397200,8.605,8.706,8.4645,8.653
1347483600,8.653,8.818,8.6285,8.796
1347570000,8.796,9.074,8.7605,8.991
1347829200,8.9915,9.0385,8.549,8.55
1347915600,8.55,8.6605,8.409,8.4125
1348002000,8.4125,8.607,8.4125,8.573
1348088400,8.573,8.727,8.486,8.611
1348174800,8.611,8.782,8.589,8.745
1348434000,8.745,8.8655,8.635,8.761
1348520400,8.761,8.775,8.613,8.646
1348606800,8.646,8.692,8.479,8.494
1348693200,8.494,8.565,8.315,8.344
1348779600,8.344,8.871,8.325,8.852
1349038800,8.852,8.852,8.544,8.666
1349125200,8.666,8.668,8.469,8.518
1349211600,8.518,8.608,8.409,8.567
1349298000,8.567,8.654,8.497,8.52
1349384400,8.52,8.555,8.4,8.401
1349643600,8.401,8.512,8.39,8.448
1349730000,8.448,8.578,8.439,8.484
1349816400,8.484,8.608,8.479,8.528
1349902800,8.528,8.78,8.441,8.706
1349989200,8.706,8.706,8.382,8.421
1350248400,8.4215,8.4545,8.266,8.35
1350334800,8.35,8.435,8.299,8.341
1350421200,8.341,8.424,8.316,8.424
1350507600,8.424,8.62,8.42,8.5565
1350594000,8.5565,8.7145,8.5285,8.58
1350853200,8.58,8.713,8.58,8.646
1350939600,8.646,8.655,8.477,8.566
1351026000,8.566,8.822,8.527,8.736
1351112400,8.736,8.765,8.59,8.599
1351198800,8.599,8.662,8.516,8.521
1351458000,8.521,8.601,8.469,8.471
1351544400,8.471,8.555,8.422,8.464
1351630800,8.464,8.64,8.464,8.535
1351717200,8.535,8.671,8.534,8.578
1351803600,8.578,8.637,8.488,8.526
1352066400,8.526,8.661,8.526,8.563
1352152800,8.563,8.704,8.563,8.674
1352239200,8.674,8.877,8.6175,8.85
1352325600,8.85,8.96,8.776,8.934
1352412000,8.934,9.0665,8.756,8.773
1352671200,8.773,8.7785,8.476,8.51
1352757600,8.51,8.5685,8.361,8.448
1352844000,8.448,8.5065,8.383,8.423
1352930400,8.423,8.495,8.374,8.376
1353016800,8.376,8.4315,8.232,8.341
1353276000,8.341,8.423,8.3005,8.358
1353362400,8.358,8.44,8.3195,8.416
1353448800,8.416,8.44,8.3565,8.405
1353535200,8.405,8.4135,8.405,8.4135
1353621600,8.4135,8.4855,8.407,8.425
1353880800,8.425,8.497,8.4035,8.454
1353967200,8.454,8.686,8.4515,8.675
1354053600,8.675,8.759,8.611,8.719
1354140000,8.719,8.756,8.619,8.634
1354226400,8.634,8.6775,8.442,8.457
1354485600,8.457,8.5895,8.407,8.429
1354572000,8.429,8.471,8.342,8.387
1354658400,8.387,8.459,8.351,8.428
1354744800,8.428,8.467,8.36,8.426
1354831200,8.426,8.473,8.359,8.445
1355090400,8.445,8.4545,8.305,8.338
1355176800,8.338,8.338,8.007,8.052
1355263200,8.052,8.099,7.938,7.985
1355349600,7.985,8.023,7.867,7.956
1355436000,7.956,8.023,7.912,8.002
1355695200,8.002,8.0415,7.907,7.927
1355781600,7.927,8,7.875,7.946
1355868000,7.946,8.083,7.879,7.92
1355954400,7.92,7.945,7.691,7.768
1356040800,7.768,7.85,7.764,7.809
1356300000,7.809,7.83,7.784,7.808
1356472800,7.808,7.823,7.615,7.624
1356559200,7.624,7.656,7.528,7.605
1356645600,7.605,7.724,7.55,7.661
1356904800,7.661,7.682,7.566,7.667
1357077600,7.667,7.667,7.414,7.451
1357164000,7.451,7.501,7.393,7.492
1357250400,7.492,7.492,7.292,7.348
1357509600,7.348,7.501,7.334,7.424
1357596000,7.424,7.49,7.398,7.405
1357682400,7.405,7.469,7.356,7.365
1357768800,7.365,7.466,7.353,7.353
1357855200,7.353,7.63,7.27,7.465
1358114400,7.465,7.675,7.465,7.586
1358200800,7.586,7.802,7.5725,7.748
1358287200,7.748,7.816,7.68,7.765
1358373600,7.765,7.8005,7.672,7.725
1358460000,7.725,7.847,7.701,7.825
1358805600,7.825,7.912,7.681,7.727
1358892000,7.727,7.768,7.632,7.663
1358978400,7.663,7.6775,7.554,7.617
1359064800,7.617,7.733,7.568,7.697
1359324000,7.697,7.755,7.636,7.737
1359410400,7.737,7.778,7.696,7.7
1359496800,7.7,7.819,7.65,7.813
1359583200,7.813,7.839,7.672,7.717
1359669600,7.717,7.832,7.59,7.59
1359928800,7.59,7.678,7.552,7.571
1360015200,7.571,7.6035,7.454,7.517
1360101600,7.517,7.585,7.411,7.574
1360188000,7.574,7.589,7.475,7.515
1360274400,7.515,7.653,7.476,7.529
1360533600,7.529,7.5445,7.377,7.381
1360620000,7.381,7.395,7.212,7.269
1360706400,7.269,7.333,7.184,7.305
1360792800,7.305,7.363,7.207,7.276
1360879200,7.276,7.403,7.276,7.384
1361224800,7.384,7.441,7.23,7.288
1361311200,7.288,7.373,7.247,7.351
1361397600,7.351,7.3515,7.164,7.192
1361484000,7.192,7.267,7.126,7.129
1361743200,7.129,7.148,6.974,6.997
1361829600,6.997,7.045,6.908,7.04
1361916000,7.04,7.144,7.0325,7.079
1362002400,7.079,7.155,7.039,7.047
1362088800,7.047,7.192,7.01,7.135
1362348000,7.135,7.1465,6.909,6.954
1362434400,6.954,7.022,6.942,6.982
1362520800,6.982,7.0145,6.792,6.804
1362607200,6.804,6.89,6.754,6.89
1362693600,6.89,6.965,6.812,6.906
1362949200,6.906,7.02,6.8775,6.951
1363035600,6.951,7.005,6.898,6.979
1363122000,6.979,7.041,6.914,7.027
1363208400,7.027,7.189,7.02,7.177
1363294800,7.177,7.1895,7.118,7.173
1363554000,7.173,7.173,7.002,7.057
1363640400,7.057,7.174,7.04,7.163
1363726800,7.163,7.294,7.1575,7.294
1363813200,7.294,7.31,7.213,7.238
1363899600,7.238,7.261,7.102,7.243
1364158800,7.243,7.256,7.177,7.222
1364245200,7.222,7.278,7.187,7.246
1364331600,7.246,7.358,7.2295,7.328
1364418000,7.328,7.365,6.786,6.835
1364763600,6.835,6.8455,6.558,6.584
1364850000,6.584,6.704,6.584,6.626
1364936400,6.626,6.94,6.626,6.918
1365022800,6.918,7.0145,6.809,6.931
1365109200,6.931,6.967,6.855,6.943
1365368400,6.943,7.124,6.943,7.094
1365454800,7.094,7.107,7.01,7.071
1365541200,7.071,7.095,6.852,6.944
1365627600,6.944,7.025,6.906,6.935
1365714000,6.935,7.128,6.935,7.118
1365973200,7.118,7.1205,6.859,6.926
1366059600,6.926,7.005,6.872,6.992
1366146000,6.992,7.128,6.961,7.026
1366232400,7.026,7.092,6.937,6.972
1366318800,6.972,7.092,6.952,7.091
1366578000,7.091,7.091,6.892,6.992
1366664400,6.992,7.015,6.884,6.957
1366750800,6.957,6.966,6.865,6.927
1366837200,6.927,7.054,6.892,7.012
1366923600,7.012,7.0265,6.935,6.935
1367182800,6.935,7.188,6.935,7.158
1367269200,7.158,7.357,7.043,7.283
1367355600,7.283,7.3075,7.124,7.219
1367442000,7.219,7.285,7.169,7.259
1367528400,7.259,7.339,7.158,7.218
1367787600,7.218,7.218,6.999,7.035
1367874000,7.035,7.086,6.976,7.056
1367960400,7.056,7.119,6.991,7.051
1368046800,7.051,7.269,7.021,7.199
1368133200,7.199,7.2315,7.014,7.044
1368392400,7.044,7.179,7.0095,7.072
1368478800,7.072,7.159,7.062,7.087
1368565200,7.087,7.107,6.921,6.94
1368651600,6.94,6.982,6.81,6.86
1368738000,6.86,6.89,6.799,6.831
1368997200,6.831,6.878,6.74,6.844
1369083600,6.844,6.844,6.736,6.828
1369170000,6.828,6.919,6.796,6.887
1369256400,6.887,7.083,6.8655,7.023
1369342800,7.023,7.067,6.956,6.986
1369688400,6.986,7.044,6.874,6.926
1369774800,6.926,7.034,6.885,7.021
1369861200,7.021,7.021,6.871,6.976
1369947600,6.976,7.069,6.922,7.034
1370206800,7.034,7.139,6.922,7.072
1370293200,7.072,7.127,6.994,7.067
1370379600,7.067,7.121,7.012,7.019
1370466000,7.019,7.057,6.932,6.96
1370552400,6.96,7.027,6.94,6.946
1370811600,6.946,6.946,6.803,6.899
1370898000,6.899,6.993,6.865,6.963
1370984400,6.963,6.963,6.786,6.829
1371070800,6.829,6.866,6.748,6.84
1371157200,6.84,6.8535,6.764,6.811
1371416400,6.811,6.884,6.745,6.805
1371502800,6.805,6.89,6.8025,6.878
1371589200,6.878,7.101,6.824,7.062
1371675600,7.062,7.072,6.943,7.019
1371762000,7.019,7.038,6.964,6.994
1372021200,6.994,6.994,6.781,6.821
1372107600,6.821,6.876,6.79,6.79
1372194000,6.79,6.832,6.711,6.719
1372280400,6.719,6.765,6.675,6.678
1372366800,6.678,6.714,6.517,6.52
1372626000,6.52,6.576,6.467,6.488
1372712400,6.488,6.617,6.465,6.521
1372798800,6.521,6.653,6.5195,6.597
1372971600,6.597,6.607,6.536,6.553
1373230800,6.553,6.659,6.5335,6.601
1373317200,6.601,6.772,6.5695,6.708
1373403600,6.708,6.765,6.631,6.736
1373490000,6.736,6.873,6.703,6.821
1373576400,6.821,6.823,6.745,6.767
1373835600,6.767,6.767,6.623,6.651
1373922000,6.651,6.765,6.607,6.648
1374008400,6.648,6.691,6.594,6.598
1374094800,6.598,6.623,6.519,6.556
1374181200,6.556,6.652,6.536,6.602
1374440400,6.602,6.633,6.508,6.55
1374526800,6.55,6.5505,6.464,6.486
1374613200,6.486,6.574,6.486,6.489
1374699600,6.489,6.522,6.44,6.453
1374786000,6.453,6.535,6.4405,6.472
1375045200,6.472,6.521,6.449,6.485
1375131600,6.485,6.586,6.4645,6.503
1375218000,6.503,6.618,6.4995,6.599
1375304400,6.599,6.637,6.449,6.533
1375390800,6.533,6.637,6.527,6.574
1375650000,6.574,6.621,6.385,6.425
1375736400,6.425,6.479,6.393,6.469
1375822800,6.469,6.498,6.363,6.41
1375909200,6.41,6.452,6.37,6.406
1375995600,6.406,6.419,6.28,6.294
1376254800,6.294,6.425,6.276,6.331
1376341200,6.331,6.408,6.238,6.257
1376427600,6.257,6.294,6.209,6.268
1376514000,6.268,6.387,6.268,6.341
1376600400,6.341,6.389,6.244,6.281
1376859600,6.281,6.404,6.281,6.392
1376946000,6.392,6.418,6.325,6.325
1377032400,6.325,6.447,6.319,6.358
1377118800,6.358,6.3745,6.278,6.278
1377205200,6.278,6.345,6.254,6.331
1377464400,6.331,6.628,6.331,6.546
1377550800,6.546,6.569,6.478,6.505
1377637200,6.505,6.562,6.457,6.459
1377723600,6.459,6.506,6.394,6.414
1377810000,6.414,6.458,6.376,6.396
1378155600,6.396,6.5125,6.331,6.344
1378242000,6.344,6.3535,6.284,6.321
1378328400,6.321,6.3455,6.254,6.292
1378414800,6.292,6.41,6.267,6.357
1378674000,6.357,6.3995,6.283,6.309
1378760400,6.309,6.368,6.29,6.353
1378846800,6.353,6.412,6.311,6.355
1378933200,6.355,6.389,6.266,6.386
1379019600,6.386,6.4155,6.294,6.329
1379278800,6.329,6.381,6.283,6.313
1379365200,6.313,6.413,6.3105,6.338
1379451600,6.338,6.374,6.318,6.347
1379538000,6.347,6.519,6.347,6.474
1379624400,6.474,6.489,6.34,6.36
1379883600,6.36,6.467,6.356,6.434
1379970000,6.434,6.503,6.401,6.475
1380056400,6.475,6.651,6.475,6.614
1380142800,6.614,6.691,6.59,6.679
1380229200,6.679,6.757,6.658,6.747
1380488400,6.747,6.849,6.677,6.719
1380574800,6.719,6.742,6.636,6.703
1380661200,6.703,6.804,6.69,6.768
1380747600,6.768,6.888,6.7615,6.819
1380834000,6.819,6.836,6.757,6.783
1381093200,6.783,6.878,6.7795,6.861
1381179600,6.861,6.91,6.799,6.842
1381266000,6.842,6.863,6.789,6.829
1381352400,6.829,6.874,6.761,6.778
1381438800,6.778,6.873,6.742,6.831
1381698000,6.831,6.884,6.789,6.852
1381784400,6.852,6.86,6.784,6.786
1381870800,6.786,6.805,6.712,6.749
1381957200,6.749,6.859,6.735,6.784
1382043600,6.784,6.991,6.784,6.976
1382302800,6.976,7.041,6.873,6.931
1382389200,6.931,6.976,6.894,6.944
1382475600,6.944,7.037,6.9305,6.963
1382562000,6.963,7.012,6.902,6.902
1382648400,6.902,6.954,6.842,6.842
1382907600,6.842,6.852,6.754,6.756
1382994000,6.756,6.79,6.709,6.76
1383080400,6.76,6.8215,6.697,6.699
1383166800,6.699,6.715,6.627,6.629
1383253200,6.629,6.669,6.595,6.627
1383516000,6.627,6.665,6.576,6.588
1383602400,6.588,6.605,6.513,6.53
1383688800,6.53,6.559,6.478,6.491
1383775200,6.491,6.53,6.483,6.488
1383861600,6.488,6.541,6.404,6.447
1384120800,6.447,6.555,6.427,6.427
1384207200,6.427,6.482,6.421,6.421
1384293600,6.421,6.453,6.398,6.427
1384380000,6.427,6.494,6.412,6.425
1384466400,6.425,6.45,6.396,6.417
1384725600,6.417,6.467,6.399,6.402
1384812000,6.402,6.474,6.398,6.453
1384898400,6.453,6.503,6.423,6.446
1384984800,6.446,6.49,6.421,6.422
1385071200,6.422,6.477,6.422,6.456
1385330400,6.456,6.503,6.456,6.477
1385416800,6.477,6.488,6.417,6.451
1385503200,6.451,6.551,6.447,6.509
1385589600,6.509,6.536,6.509,6.536
1385676000,6.536,6.59,6.532,6.57
1385935200,6.57,6.634,6.495,6.508
1386021600,6.508,6.58,6.508,6.571
1386108000,6.571,6.61,6.501,6.515
1386194400,6.515,6.519,6.4,6.417
1386280800,6.417,6.443,6.389,6.403
1386540000,6.403,6.468,6.392,6.399
1386626400,6.399,6.42,6.254,6.288
1386712800,6.288,6.336,6.256,6.303
1386799200,6.303,6.328,6.208,6.241
1386885600,6.241,6.253,6.172,6.185
1387144800,6.185,6.191,6.121,6.129
1387231200,6.129,6.174,6.116,6.12
1387317600,6.12,6.12,6.037,6.052
1387404000,6.052,6.124,6.018,6.028
1387490400,6.028,6.073,5.989,6.058
1387749600,6.058,6.067,6.002,6.017
1387836000,6.017,6.035,5.986,5.986
1388008800,5.986,5.986,5.931,5.983
1388095200,5.983,6.021,5.957,6.02
1388354400,6.02,6.02,5.931,5.938
1388440800,5.938,5.946,5.919,5.925
1388613600,5.925,5.977,5.887,5.911
1388700000,5.911,6.018,5.892,5.975
1388959200,5.975,6.057,5.975,5.984
1389045600,5.984,6.032,5.958,5.961
1389132000,5.961,6.006,5.821,5.838
1389218400,5.838,5.845,5.723,5.773
1389304800,5.773,5.87,5.549,5.64
1389564000,5.64,5.701,5.64,5.687
1389650400,5.687,5.736,5.65,5.727
1389736800,5.727,5.74,5.612,5.617
1389823200,5.617,5.685,5.588,5.682
1389909600,5.682,5.688,5.587,5.59
1390168800,5.59,5.61,5.59,5.61
1390255200,5.61,5.628,5.562,5.581
1390341600,5.581,5.618,5.562,5.574
1390428000,5.574,5.731,5.572,5.647
1390514400,5.647,5.687,5.581,5.588
1390773600,5.588,5.678,5.588,5.601
1390860000,5.601,5.647,5.6,5.624
1390946400,5.624,5.63,5.4765,5.4865
1391032800,5.4865,5.5265,5.4645,5.4965
1391119200,5.4965,5.5355,5.4755,5.5075
1391378400,5.5075,5.6005,5.5055,5.5885
1391464800,5.5885,5.8075,5.5855,5.7995
1391551200,5.7995,5.8455,5.7555,5.8225
1391637600,5.8225,5.8865,5.7705,5.7815
1391724000,5.7815,5.8135,5.6175,5.7115
1391983200,5.7115,5.8505,5.6675,5.7855
1392069600,5.7855,5.8305,5.7635,5.8245
1392156000,5.8245,5.9005,5.7825,5.7985
1392242400,5.7985,5.8935,5.7915,5.8815
1392328800,5.8815,5.9435,5.8715,5.9165
1392674400,5.9165,6.0205,5.9115,6.0125
1392760800,6.0125,6.0805,5.9925,6.0755
1392847200,6.0755,6.0905,6.0245,6.0685
1392933600,6.0685,6.0915,6.0025,6.0025
1393192800,6.0025,6.1225,5.9575,6.1215
1393279200,6.1215,6.1485,6.0005,6.1265
1393365600,6.1265,6.1345,6.0085,6.0135
1393452000,6.0135,6.0205,5.8375,5.8515
1393538400,5.8515,6.0025,5.8515,5.9565
1393797600,5.9565,6.3955,5.9565,6.2425
1393884000,6.2425,6.4085,6.1655,6.3895
1393970400,6.3895,6.3975,6.3145,6.3745
1394056800,6.3745,6.4425,6.3185,6.4225
1394143200,6.4225,6.5825,6.3985,6.5355
1394398800,6.5355,6.5355,6.3785,6.3825
1394485200,6.3825,6.6295,6.3285,6.5605
1394571600,6.5605,6.7895,6.4785,6.7895
1394658000,6.7895,6.9195,6.6685,6.7145
1394744400,6.7145,6.8655,6.6565,6.8195
1395003600,6.8195,6.8995,6.678,6.7105
1395090000,6.7105,6.8925,6.6855,6.8755
1395176400,6.8755,7.1425,6.8215,7.1105
1395262800,7.1105,7.1925,6.9005,6.9755
1395349200,6.9755,7.0315,6.8805,6.9005
1395608400,6.9005,7.1425,6.8345,7.1185
1395694800,7.1185,7.1265,7.0275,7.0395
1395781200,7.0395,7.0795,6.9135,6.9285
1395867600,6.9285,7.0975,6.8865,7.0685
1395954000,7.0685,7.0685,6.9025,6.9215
1396213200,6.9215,6.9865,6.6995,6.9395
1396299600,6.9395,6.9465,6.8055,6.8265
1396386000,6.8265,6.8485,6.6235,6.6425
1396472400,6.6425,6.7455,6.6375,6.7205
1396558800,6.7205,6.7355,6.5615,6.6715
1396818000,6.6715,6.7675,6.6305,6.7285
1396904400,6.7285,6.8255,6.6565,6.7685
1396990800,6.7685,6.8535,6.6095,6.6575
1397077200,6.6575,6.6855,6.5385,6.5965
1397163600,6.5965,6.6435,6.5415,6.5835
1397422800,6.5835,6.868,6.5835,6.7615
1397509200,6.7615,7.0055,6.7185,7.0025
1397595600,7.0025,7.0885,6.8195,6.8655
1397682000,6.8655,6.9965,6.8445,6.8975
1398027600,6.8975,6.8975,6.6135,6.6755
1398114000,6.6755,6.7585,6.6095,6.7135
1398200400,6.7135,6.7825,6.6635,6.7515
1398286800,6.7515,6.9525,6.7075,6.8855
1398373200,6.8855,7.0235,6.8785,7.0085
1398632400,7.0085,7.0965,6.9045,7.0075
1398718800,7.0075,7.0915,6.9715,7.0835
1398805200,7.0835,7.1765,7.0385,7.1495
1398891600,7.1495,7.1745,6.9465,6.9895
1398978000,6.9895,7.1385,6.9895,7.0985
1399237200,7.0985,7.3365,7.0985,7.2505
1399323600,7.2505,7.3725,7.1745,7.3235
1399410000,7.3235,7.3315,7.209,7.2945
1399496400,7.2945,7.3155,7.2155,7.286
1399582800,7.286,7.33,7.1595,7.1705
1399842000,7.1705,7.1705,6.9795,7.0855
1399928400,7.0855,7.0935,6.9845,7.0225
1400014800,7.0225,7.0375,6.8245,6.8585
1400101200,6.8585,6.8585,6.7165,6.7435
1400187600,6.7435,6.7765,6.6555,6.686
1400446800,6.686,6.7325,6.5805,6.6975
1400533200,6.6975,6.8095,6.6145,6.6595
1400619600,6.6595,6.7085,6.5855,6.6175
1400706000,6.6175,6.6505,6.495,6.5465
1400792400,6.5465,6.5895,6.4725,6.4975
1401138000,6.4975,6.4975,6.372,6.3815
1401224400,6.3815,6.3815,6.2925,6.3475
1401310800,6.3475,6.408,6.2615,6.2745
1401397200,6.2745,6.3315,6.2395,6.2455
1401656400,6.2455,6.2455,6.1295,6.1995
1401742800,6.1995,6.205,6.0785,6.0935
1401829200,6.0935,6.1645,6.0795,6.1145
1401915600,6.1145,6.1425,6.024,6.04
1402002000,6.04,6.1415,6.002,6.1385
1402261200,6.1385,6.232,6.0485,6.0815
1402347600,6.0815,6.1315,5.9655,5.9855
1402434000,5.9855,6.0575,5.861,5.8735
1402520400,5.8735,5.9095,5.8275,5.8325
1402606800,5.8325,5.9205,5.8125,5.8675
1402866000,5.8675,5.922,5.7825,5.7955
1402952400,5.7955,5.83,5.7485,5.7935
1403038800,5.7935,5.9535,5.7935,5.859
1403125200,5.859,5.9325,5.8365,5.901
1403211600,5.901,5.9195,5.809,5.8295
1403470800,5.8295,5.902,5.7685,5.7885
1403557200,5.7885,5.7885,5.6915,5.7105
1403643600,5.7105,5.7365,5.6705,5.7315
1403730000,5.7315,5.7965,5.6985,5.7575
1403816400,5.7575,5.8715,5.7395,5.8265
1404075600,5.8265,5.8265,5.586,5.6665
1404162000,5.6665,5.7145,5.601,5.6265
1404248400,5.6265,5.6765,5.5975,5.6505
1404334800,5.6505,5.7175,5.6315,5.7055
1404680400,5.7055,5.7085,5.4815,5.4925
1404766800,5.4925,5.5265,5.4745,5.4875
1404853200,5.4875,5.499,5.3975,5.4295
1404939600,5.4295,5.4795,5.3865,5.3985
1405026000,5.3985,5.4195,5.1785,5.1925
1405285200,5.1925,5.3025,5.173,5.2855
1405371600,5.2855,5.325,5.2365,5.3035
1405458000,5.3035,5.3765,5.2875,5.3145
1405544400,5.3145,5.545,5.2415,5.4445
1405630800,5.4445,5.4865,5.2555,5.2805
1405890000,5.2805,5.2805,5.1775,5.2345
1405976400,5.2345,5.3045,5.1895,5.1895
1406062800,5.1895,5.2485,5.145,5.2415
1406149200,5.2415,5.3615,5.2025,5.2375
1406235600,5.2375,5.3255,5.2085,5.3205
1406494800,5.3205,5.3755,5.266,5.293
1406581200,5.293,5.3025,5.1345,5.1485
1406667600,5.1485,5.2375,5.1455,5.2125
1406754000,5.2125,5.3125,5.1855,5.2685
1406840400,5.2685,5.3885,5.2565,5.295
1407099600,5.295,5.4835,5.295,5.3965
1407186000,5.3965,5.4945,5.3355,5.4795
1407272400,5.4795,5.6715,5.4795,5.6295
1407358800,5.6295,5.6335,5.5415,5.5745
1407445200,5.5745,5.5745,5.4285,5.4685
1407704400,5.4685,5.5245,5.3895,5.4175
1407790800,5.4175,5.4305,5.3,5.351
1407877200,5.351,5.407,5.2535,5.2535
1407963600,5.2535,5.3565,5.248,5.3515
1408050000,5.3515,5.528,5.302,5.4725
1408309200,5.4725,5.482,5.3715,5.3985
1408395600,5.3985,5.5065,5.328,5.442
1408482000,5.442,5.4655,5.3085,5.3525
1408568400,5.3525,5.4335,5.3285,5.413
1408654800,5.413,5.558,5.4075,5.5105
1408914000,5.5105,5.5105,5.3875,5.4025
1409000400,5.4025,5.4395,5.3325,5.4245
1409086800,5.4245,5.4905,5.3725,5.4905
1409173200,5.4905,5.6485,5.4535,5.5845
1409259600,5.5845,5.6455,5.4775,5.4975
1409605200,5.4975,5.5265,5.3805,5.4175
1409691600,5.4175,5.434,5.2275,5.2405
1409778000,5.2405,5.2455,5.1555,5.1925
1409864400,5.1925,5.2955,5.1645,5.233
1410123600,5.233,5.2725,5.127,5.2015
1410210000,5.2015,5.2145,5.1205,5.1475
1410296400,5.1475,5.1765,5.081,5.0945
1410382800,5.0945,5.0945,4.9225,4.9765
1410469200,4.9765,4.9865,4.8965,4.9305
1410728400,4.9305,4.9365,4.8575,4.9145
1410814800,4.9145,4.9815,4.816,4.8675
1410901200,4.8675,4.9145,4.8425,4.8925
1410987600,4.8925,4.8925,4.7835,4.7955
1411074000,4.7955,4.7955,4.6465,4.6565
1411333200,4.6565,4.7165,4.6055,4.6695
1411419600,4.6695,4.707,4.6245,4.6725
1411506000,4.6725,4.7575,4.6495,4.7205
1411592400,4.7205,4.7475,4.5795,4.6495
1411678800,4.6495,4.6765,4.6045,4.6535
1411938000,4.6535,4.742,4.6255,4.7195
1412024400,4.7195,4.735,4.6025,4.6985
1412110800,4.6985,4.7585,4.6185,4.7015
1412197200,4.7015,4.8155,4.6945,4.7375
1412283600,4.7375,4.8085,4.7035,4.7855
1412542800,4.7855,4.8695,4.774,4.837
1412629200,4.837,5.0175,4.819,4.9675
1412715600,4.9675,5.0405,4.9465,5.0035
1412802000,5.0035,5.0065,4.8485,4.8865
1412888400,4.8865,5.0095,4.8125,4.9185
1413147600,4.9185,4.9885,4.8875,4.9615
1413234000,4.9615,5.029,4.916,5.015
1413320400,5.015,5.092,4.949,5.006
1413406800,5.006,5.098,4.962,5.086
1413493200,5.086,5.153,5.062,5.095
1413752400,5.095,5.095,5.0105,5.073
1413838800,5.073,5.173,5.061,5.109
1413925200,5.109,5.224,5.1,5.162
1414011600,5.162,5.2435,5.1315,5.188
1414098000,5.188,5.33,5.125,5.125
1414357200,5.125,5.208,5.051,5.183
1414443600,5.183,5.273,5.1795,5.247
1414530000,5.247,5.351,5.2235,5.318
1414616400,5.318,5.399,5.273,5.316
1414702800,5.316,5.336,5.18,5.265
1414965600,5.265,5.326,5.221,5.316
1415052000,5.316,5.338,5.245,5.252
1415138400,5.252,5.278,5.144,5.214
1415224800,5.214,5.235,5.158,5.166
1415311200,5.166,5.166,5.07,5.102
1415570400,5.102,5.2045,5.076,5.101
1415656800,5.101,5.226,5.082,5.199
1415743200,5.199,5.421,5.1925,5.381
1415829600,5.381,5.552,5.335,5.477
1415916000,5.477,5.61,5.456,5.568
1416175200,5.568,5.598,5.4815,5.496
1416261600,5.496,5.498,5.414,5.449
1416348000,5.449,5.4625,5.323,5.341
1416434400,5.341,5.4545,5.2945,5.4505
1416520800,5.4505,5.531,5.41,5.481
1416780000,5.481,5.503,5.421,5.437
1416866400,5.437,5.518,5.397,5.4805
1416952800,5.4805,5.588,5.4805,5.568
1417125600,5.568,5.743,5.518,5.73
1417384800,5.73,5.999,5.64,5.994
1417471200,5.994,6.049,5.903,5.963
1417557600,5.963,5.998,5.79,5.825
1417644000,5.825,5.852,5.714,5.826
1417730400,5.826,5.89,5.759,5.876
1417989600,5.876,5.994,5.82,5.943
1418076000,5.943,5.943,5.779,5.802
1418162400,5.802,5.802,5.696,5.748
1418248800,5.748,5.941,5.672,5.929
1418335200,5.929,6.0735,5.877,6.016
1418594400,6.016,6.1675,5.941,6.148
1418680800,6.148,6.328,6.093,6.173
1418767200,6.173,6.444,6.113,6.4375
1418853600,6.4375,6.706,6.3975,6.491
1418940000,6.491,6.491,6.236,6.269
1419199200,6.269,6.389,6.156,6.226
1419285600,6.226,6.313,6.157,6.281
1419372000,6.281,6.341,6.012,6.051
1419544800,6.051,6.1155,6.023,6.065
1419804000,6.065,6.156,6.033,6.093
1419890400,6.093,6.105,5.969,5.989
1419976800,5.989,5.999,5.818,5.825
1420149600,5.825,5.825,5.705,5.7705
1420408800,5.7705,5.933,5.7505,5.886
1420495200,5.886,5.993,5.819,5.862
1420581600,5.862,5.901,5.753,5.764
1420668000,5.764,5.764,5.62,5.6205
1420754400,5.6205,5.7005,5.58,5.618
1421013600,5.618,5.632,5.513,5.52
1421100000,5.52,5.63,5.441,5.449
1421186400,5.449,5.461,5.328,5.333
1421272800,5.333,5.415,5.249,5.296
1421359200,5.296,5.386,5.296,5.309
1421704800,5.309,5.366,5.2005,5.346
1421791200,5.346,5.414,5.327,5.349
1421877600,5.349,5.394,5.295,5.302
1421964000,5.302,5.33,5.236,5.273
1422223200,5.273,5.319,5.188,5.193
1422309600,5.193,5.218,5.1495,5.182
1422396000,5.182,5.182,5.007,5.032
1422482400,5.032,5.097,4.985,5.033
1422568800,5.033,5.093,4.949,4.961
1422828000,4.961,5.035,4.903,4.906
1422914400,4.906,5.135,4.906,5.118
1423000800,5.118,5.195,5.056,5.078
1423087200,5.078,5.256,5.0685,5.2125
1423173600,5.2125,5.318,5.147,5.247
1423432800,5.247,5.303,5.198,5.282
1423519200,5.282,5.2895,5.169,5.211
1423605600,5.211,5.262,5.142,5.25
1423692000,5.25,5.258,5.168,5.204
1423778400,5.204,5.328,5.1815,5.305
1424124000,5.305,5.457,5.305,5.333
1424210400,5.333,5.4195,5.223,5.265
1424296800,5.265,5.361,5.224,5.271
1424383200,5.271,5.302,5.09,5.1065
1424642400,5.1065,5.139,5.027,5.0575
1424728800,5.0575,5.1355,5.034,5.0715
1424815200,5.0715,5.0855,4.9805,4.9995
1424901600,4.9995,5.0405,4.928,5.0305
1424988000,5.0305,5.2085,5.0095,5.1715
1425247200,5.1715,5.2145,5.0285,5.0295
1425333600,5.0295,5.0885,4.9575,5.0845
1425420000,5.0845,5.0855,4.9675,4.9855
1425506400,4.9855,4.9905,4.8315,4.8325
1425592800,4.8325,4.8785,4.8185,4.8665
1425848400,4.8665,4.9735,4.863,4.9305
1425934800,4.9305,4.9905,4.8585,4.9465
1426021200,4.9465,5.0455,4.9465,5.0105
1426107600,5.0105,5.1585,5.0045,5.0955
1426194000,5.0955,5.1575,5.0115,5.0545
1426453200,5.0545,5.1515,4.9575,5.1435
1426539600,5.1435,5.2015,5.0585,5.0605
1426626000,5.0605,5.1125,5.0305,5.1085
1426712400,5.1085,5.2205,5.0745,5.1355
1426798800,5.1355,5.3235,5.1305,5.3165
1427058000,5.3165,5.4245,5.3165,5.3565
1427144400,5.3565,5.3565,5.2465,5.2585
1427230800,5.2585,5.3015,5.1805,5.2185
1427317200,5.2185,5.2705,5.0255,5.0255
1427403600,5.0255,5.1065,5.0095,5.0855
1427662800,5.0855,5.3215,5.0855,5.3165
1427749200,5.3165,5.3335,5.1085,5.1345
1427835600,5.1345,5.3055,5.0775,5.2995
1427922000,5.2995,5.4585,5.2415,5.3705
1428267600,5.3705,5.4515,5.2665,5.2935
1428354000,5.2935,5.3535,5.1935,5.2715
1428440400,5.2715,5.3235,5.1975,5.2805
1428526800,5.2805,5.2805,5.1525,5.2165
1428613200,5.2165,5.2945,5.1855,5.2715
1428872400,5.2715,5.2715,5.0405,5.0485
1428958800,5.0485,5.0805,4.9725,5.0135
1429045200,5.0135,5.0565,4.9225,4.9245
1429131600,4.9245,4.9655,4.8915,4.9235
1429218000,4.9235,4.9815,4.9065,4.9285
1429477200,4.9285,5.0125,4.9135,5.0025
1429563600,5.0025,5.0915,4.9705,5.0415
1429650000,5.0415,5.0765,4.9885,5.0215
1429736400,5.0215,5.0915,5.0215,5.0425
1429822800,5.0425,5.0605,4.9165,4.9235
1430082000,4.9235,4.9355,4.7635,4.7665
1430168400,4.7665,4.8135,4.6705,4.8085
1430254800,4.8085,4.8685,4.7715,4.8495
1430341200,4.8495,4.9165,4.7485,4.7725
1430427600,4.7725,4.8205,4.7105,4.7745
1430686800,4.7745,4.7745,4.6915,4.7635
1430773200,4.7635,4.7635,4.6355,4.6935
1430859600,4.6935,4.8485,4.6935,4.8255
1430946000,4.8255,4.8655,4.7395,4.7505
1431032400,4.7505,4.8305,4.7445,4.8235
1431291600,4.8235,4.8665,4.7875,4.8435
1431378000,4.8435,4.9325,4.8055,4.8335
1431464400,4.8335,4.8895,4.7355,4.8205
1431550800,4.8205,5.1765,4.8205,5.1635
1431637200,5.1635,5.2215,5.0865,5.1355
1431896400,5.1355,5.3255,5.1025,5.2405
1431982800,5.2405,5.2705,5.0615,5.1125
1432069200,5.1125,5.1795,5.0535,5.1465
1432155600,5.1465,5.3025,5.1345,5.2505
1432242000,5.2505,5.3115,5.1345,5.1805
1432587600,5.1805,5.2145,4.9405,4.9655
1432674000,4.9655,4.9805,4.8385,4.9005
1432760400,4.9005,4.9655,4.8495,4.9125
1432846800,4.9125,4.9125,4.7645,4.7945
1433106000,4.7945,4.9715,4.7585,4.9285
1433192400,4.9285,5.1365,4.9285,5.1365
1433278800,5.1365,5.2785,5.1005,5.1405
1433365200,5.1405,5.2555,5.0575,5.2505
1433451600,5.2505,5.3555,5.1825,5.2135
1433710800,5.2135,5.3415,5.1785,5.2845
1433797200,5.2845,5.3895,5.2565,5.3315
1433883600,5.3315,5.3885,5.1405,5.1435
1433970000,5.1435,5.1675,5.0395,5.0435
1434056400,5.0435,5.1195,5.0195,5.0545
1434315600,5.0545,5.0545,4.873,4.902
1434402000,4.902,4.96,4.876,4.907
1434488400,4.907,5.002,4.903,4.918
1434574800,4.918,4.996,4.882,4.89
1434661200,4.89,4.929,4.838,4.882
1434920400,4.882,5.042,4.869,4.998
1435006800,4.998,5.209,4.998,5.209
1435093200,5.209,5.304,5.147,5.197
1435179600,5.197,5.3425,5.138,5.332
1435266000,5.332,5.669,5.314,5.627
1435525200,5.627,5.864,5.594,5.77
1435611600,5.77,6.096,5.7125,6.073
1435698000,6.073,6.096,5.714,5.8325
1435784400,5.8325,5.9615,5.695,5.8355
1436130000,5.8355,5.9515,5.678,5.899
1436216400,5.899,5.899,5.74,5.807
1436302800,5.807,5.838,5.689,5.7295
1436389200,5.7295,5.824,5.712,5.7365
1436475600,5.7365,5.8365,5.649,5.7125
1436734800,5.7125,5.726,5.629,5.71
1436821200,5.71,5.784,5.655,5.675
1436907600,5.675,5.675,5.549,5.631
1436994000,5.631,5.701,5.58,5.587
1437080400,5.587,5.587,5.426,5.501
1437339600,5.501,5.501,5.274,5.306
1437426000,5.306,5.344,5.21,5.21
1437512400,5.21,5.25,5.124,5.136
1437598800,5.136,5.238,5.134,5.189
1437685200,5.189,5.2055,5.068,5.085
1437944400,5.085,5.089,4.987,5
1438030800,5,5.09,4.993,5.0835
1438117200,5.0835,5.0975,4.931,4.937
1438203600,4.937,5.021,4.914,4.944
1438290000,4.944,5.009,4.9335,4.961
1438549200,4.961,4.984,4.8835,4.976
1438635600,4.976,5.046,4.892,4.917
1438722000,4.917,5.024,4.9,4.9985
1438808400,4.9985,5.12,4.962,5.051
1438894800,5.051,5.118,5.018,5.088
1439154000,5.088,5.279,5.072,5.218
1439240400,5.218,5.224,5.023,5.0585
1439326800,5.0585,5.124,4.818,4.923
1439413200,4.923,5.026,4.9075,5.021
1439499600,5.021,5.103,4.967,5.0475
1439758800,5.0475,5.07,4.966,4.979
1439845200,4.979,5.0075,4.908,4.929
1439931600,4.929,4.96,4.886,4.935
1440018000,4.935,5.059,4.927,5.0235
1440104400,5.0235,5.057,4.939,4.973
1440363600,4.973,5.027,4.8595,5.027
1440450000,5.027,5.097,4.906,4.9445
1440536400,4.9445,4.982,4.872,4.9
1440622800,4.9,4.942,4.816,4.842
1440709200,4.842,4.878,4.77,4.782
1440968400,4.782,4.808,4.712,4.797
1441054800,4.797,4.858,4.767,4.799
1441141200,4.799,4.844,4.713,4.74
1441227600,4.74,4.74,4.597,4.6
1441314000,4.6,4.645,4.58,4.626
1441659600,4.626,4.716,4.626,4.701
1441746000,4.701,4.759,4.662,4.682
1441832400,4.682,4.744,4.665,4.732
1441918800,4.732,4.807,4.638,4.794
1442178000,4.794,4.9675,4.794,4.959
1442264400,4.959,4.982,4.876,4.903
1442350800,4.903,4.903,4.785,4.844
1442437200,4.844,4.849,4.76,4.778
1442523600,4.778,4.843,4.756,4.824
1442782800,4.824,4.946,4.7615,4.9175
1442869200,4.9175,4.919,4.84,4.908
1442955600,4.908,5.038,4.894,5.021
1443042000,5.021,5.044,4.925,4.928
1443128400,4.928,5.059,4.92,5.037
1443387600,5.037,5.111,4.959,5.02
1443474000,5.02,5.054,4.965,4.997
1443560400,4.997,5.1115,4.943,5.0835
1443646800,5.0835,5.194,5.075,5.148
1443733200,5.148,5.187,5.078,5.0845
1443992400,5.0845,5.139,5.05,5.111
1444078800,5.111,5.229,5.0915,5.219
1444165200,5.219,5.274,5.113,5.129
1444251600,5.129,5.181,5.057,5.072
1444338000,5.072,5.156,5.0065,5.052
1444597200,5.052,5.071,4.999,5.044
1444683600,5.044,5.181,5.017,5.159
1444770000,5.159,5.162,5.043,5.048
1444856400,5.048,5.093,4.989,4.994
1444942800,4.994,5.026,4.867,4.91
1445202000,4.91,4.91,4.814,4.832
1445288400,4.832,4.887,4.805,4.8805
1445374800,4.8805,4.945,4.8755,4.92
1445461200,4.92,4.977,4.878,4.886
1445547600,4.886,4.913,4.821,4.876
1445806800,4.876,5.092,4.876,5.072
1445893200,5.072,5.152,5.04,5.055
1445979600,5.055,5.06,4.976,5.04
1446066000,5.04,5.1475,5.026,5.128
1446152400,5.128,5.211,5.126,5.1975
1446415200,5.1975,5.202,5.046,5.053
1446501600,5.053,5.146,5.036,5.136
1446588000,5.136,5.283,5.062,5.236
1446674400,5.236,5.266,5.181,5.238
1446760800,5.238,5.238,5.157,5.207
1447020000,5.207,5.207,4.995,4.995
1447106400,4.995,5.0195,4.863,4.908
1447192800,4.908,4.961,4.884,4.946
1447279200,4.946,4.986,4.907,4.967
1447365600,4.967,4.979,4.899,4.94
1447624800,4.94,4.964,4.889,4.924
1447711200,4.924,4.924,4.83,4.856
1447797600,4.856,4.8845,4.803,4.835
1447884000,4.835,4.9205,4.81,4.9
1447970400,4.9,4.94,4.858,4.865
1448229600,4.865,4.978,4.841,4.951
1448316000,4.951,4.9535,4.861,4.861
1448402400,4.861,4.9065,4.856,4.8575
1448575200,4.8575,4.8575,4.764,4.774
1448834400,4.774,4.79,4.735,4.742
1448920800,4.742,4.785,4.693,4.7
1449007200,4.7,4.718,4.641,4.653
1449093600,4.653,4.823,4.646,4.765
1449180000,4.765,4.833,4.765,4.823
1449439200,4.823,4.913,4.806,4.812
1449525600,4.812,4.822,4.751,4.799
1449612000,4.799,4.896,4.799,4.883
1449698400,4.883,4.963,4.841,4.938
1449784800,4.938,4.963,4.859,4.894
1450044000,4.894,4.954,4.8705,4.917
1450130400,4.917,4.964,4.849,4.914
1450216800,4.914,4.954,4.82,4.83
1450303200,4.83,4.867,4.71,4.837
1450389600,4.837,4.975,4.798,4.855
1450648800,4.855,4.895,4.771,4.789
1450735200,4.789,4.813,4.701,4.711
1450821600,4.711,4.736,4.6695,4.6825
1450908000,4.6825,4.704,4.661,4.6685
1451253600,4.6685,4.712,4.647,4.6605
1451340000,4.6605,4.754,4.66,4.7455
1451426400,4.7455,4.7805,4.68,4.685
1451512800,4.685,4.712,4.6765,4.687
1451858400,4.687,4.7095,4.551,4.583
1451944800,4.583,4.636,4.576,4.598
1452031200,4.598,4.6475,4.559,4.612
1452117600,4.612,4.679,4.554,4.674
1452204000,4.674,4.788,4.666,4.7675
1452463200,4.7675,4.801,4.657,4.67
1452549600,4.67,4.8225,4.626,4.787
1452636000,4.787,4.831,4.757,4.7705
1452722400,4.7705,4.7705,4.672,4.6775
1452808800,4.6775,4.7365,4.642,4.722
1453154400,4.722,4.78,4.698,4.723
1453240800,4.723,4.745,4.666,4.714
1453327200,4.714,4.79,4.696,4.733
1453413600,4.733,4.791,4.718,4.7495
1453672800,4.7495,4.829,4.7495,4.804
1453759200,4.804,4.876,4.774,4.834
1453845600,4.834,4.849,4.7275,4.764
1453932000,4.764,4.764,4.699,4.724
1454018400,4.724,4.789,4.702,4.781
1454277600,4.781,4.781,4.707,4.755
1454364000,4.755,4.822,4.725,4.755
1454450400,4.755,4.798,4.74,4.786
1454536800,4.786,4.818,4.72,4.7245
1454623200,4.7245,4.735,4.6505,4.6635
1454882400,4.6635,4.683,4.571,4.581
1454968800,4.581,4.596,4.546,4.571
1455055200,4.571,4.621,4.561,4.601
1455141600,4.601,4.651,4.574,4.578
1455228000,4.578,4.614,4.547,4.573
1455573600,4.573,4.645,4.573,4.632
1455660000,4.632,4.693,4.623,4.6875
1455746400,4.6875,4.696,4.63,4.63
1455832800,4.63,4.652,4.613,4.6145
1456092000,4.6145,4.644,4.587,4.59
1456178400,4.59,4.61,4.506,4.5105
1456264800,4.5105,4.514,4.42,4.467
1456351200,4.467,4.512,4.4515,4.485
1456437600,4.485,4.516,4.446,4.483
1456696800,4.483,4.52,4.463,4.487
1456783200,4.487,4.503,4.4115,4.4255
1456869600,4.4255,4.474,4.382,4.452
1456956000,4.452,4.576,4.452,4.545
1457042400,4.545,4.601,4.52,4.574
1457301600,4.574,4.643,4.571,4.573
1457388000,4.573,4.616,4.532,4.606
1457474400,4.606,4.644,4.572,4.638
1457560800,4.638,4.734,4.612,4.719
1457647200,4.719,4.745,4.678,4.721
1457902800,4.721,4.756,4.692,4.746
1457989200,4.746,4.754,4.695,4.732
1458075600,4.732,4.735,4.663,4.671
1458162000,4.671,4.723,4.567,4.592
1458248400,4.592,4.608,4.543,4.608
1458507600,4.608,4.689,4.607,4.629
1458594000,4.629,4.674,4.602,4.641
1458680400,4.641,4.642,4.596,4.606
1458766800,4.606,4.613,4.556,4.594
1459112400,4.594,4.743,4.594,4.682
1459198800,4.682,4.746,4.681,4.729
1459285200,4.729,4.746,4.605,4.617
1459371600,4.617,4.721,4.531,4.702
1459458000,4.702,4.735,4.636,4.713
1459717200,4.713,4.764,4.68,4.727
1459803600,4.727,4.74,4.678,4.723
1459890000,4.723,4.723,4.594,4.608
1459976400,4.608,4.629,4.547,4.561
1460062800,4.561,4.603,4.54,4.581
1460322000,4.581,4.581,4.443,4.455
1460408400,4.455,4.55,4.4475,4.503
1460494800,4.503,4.648,4.483,4.598
1460581200,4.598,4.636,4.527,4.574
1460667600,4.574,4.605,4.5315,4.58
1460926800,4.58,4.753,4.58,4.724
1461013200,4.724,4.864,4.697,4.831
1461099600,4.831,5.028,4.831,5.0245
1461186000,5.0245,5.085,4.884,4.9295
1461272400,4.9295,4.9295,4.637,4.64
1461531600,4.64,4.766,4.601,4.695
1461618000,4.695,4.796,4.656,4.7775
1461704400,4.7775,4.806,4.719,4.751
1461790800,4.751,4.882,4.729,4.767
1461877200,4.767,4.822,4.723,4.81
1462136400,4.81,4.817,4.734,4.793
1462222800,4.793,4.845,4.607,4.6305
1462309200,4.6305,4.687,4.613,4.631
1462395600,4.631,4.649,4.543,4.56
1462482000,4.56,4.628,4.548,4.561
1462741200,4.561,4.598,4.479,4.51
1462827600,4.51,4.617,4.487,4.552
1462914000,4.552,4.5765,4.501,4.521
1463000400,4.521,4.613,4.51,4.609
1463086800,4.609,4.706,4.582,4.674
1463346000,4.674,4.701,4.613,4.669
1463432400,4.669,4.779,4.667,4.754
1463518800,4.754,4.782,4.708,4.723
1463605200,4.723,4.734,4.566,4.618
1463691600,4.618,4.683,4.582,4.617
1463950800,4.617,4.6325,4.556,4.568
1464037200,4.568,4.643,4.525,4.593
1464123600,4.593,4.635,4.578,4.605
1464210000,4.605,4.767,4.6,4.764
1464296400,4.764,4.792,4.733,4.751
1464555600,4.751,4.762,4.751,4.7595
1464642000,4.7595,4.789,4.59,4.61
1464728400,4.61,4.7,4.586,4.685
1464814800,4.685,4.822,4.683,4.782
1464901200,4.782,4.933,4.779,4.914
1465160400,4.914,5.102,4.914,5.019
1465246800,5.019,5.091,4.967,5.061
1465333200,5.061,5.196,5.019,5.134
1465419600,5.134,5.147,5.021,5.071
1465506000,5.071,5.084,4.906,4.913
1465765200,4.913,4.995,4.874,4.882
1465851600,4.882,4.9,4.781,4.833
1465938000,4.833,4.864,4.74,4.745
1466024400,4.745,4.763,4.681,4.701
1466110800,4.701,4.794,4.697,4.76
1466370000,4.76,4.77,4.696,4.713
1466456400,4.713,4.739,4.55,4.575
1466542800,4.575,4.628,4.561,4.569
1466629200,4.569,4.592,4.512,4.53
1466715600,4.53,4.538,4.3975,4.533
1466974800,4.533,4.583,4.4455,4.4535
1467061200,4.4535,4.5285,4.411,4.415
1467147600,4.415,4.4545,4.284,4.2955
1467234000,4.2955,4.378,4.2135,4.307
1467320400,4.307,4.307,4.136,4.151
1467666000,4.151,4.204,4.023,4.18
1467752400,4.18,4.2,4.078,4.146
1467838800,4.146,4.249,4.111,4.114
1467925200,4.114,4.261,4.105,4.225
1468184400,4.225,4.288,4.14,4.1685
1468270800,4.1685,4.267,4.116,4.242
1468357200,4.242,4.387,4.242,4.269
1468443600,4.269,4.352,4.19,4.222
1468530000,4.222,4.274,4.124,4.131
1468789200,4.131,4.2025,4.093,4.179
1468875600,4.179,4.179,4.056,4.081
1468962000,4.081,4.128,3.963,4.029
1469048400,4.029,4.092,3.987,4.075
1469134800,4.075,4.164,3.971,4.152
1469394000,4.152,4.25,4.114,4.182
1469480400,4.182,4.1925,4.047,4.065
1469566800,4.065,4.115,4.049,4.057
1469653200,4.057,4.107,3.995,4.02
1469739600,4.02,4.038,3.95,3.998
1469998800,3.998,4.071,3.968,3.9765
1470085200,3.9765,4.026,3.913,3.936
1470171600,3.936,4.07,3.934,4.028
1470258000,4.028,4.083,3.9515,3.961
1470344400,3.961,4.108,3.961,4.098
1470603600,4.098,4.163,4.047,4.096
1470690000,4.096,4.123,4.049,4.098
1470776400,4.098,4.206,4.087,4.145
1470862800,4.145,4.171,4.072,4.095
1470949200,4.095,4.168,4,4.158
1471208400,4.158,4.24,4.115,4.1565
1471294800,4.1565,4.223,4.092,4.183
1471381200,4.183,4.229,4.14,4.188
1471467600,4.188,4.227,4.147,4.222
1471554000,4.222,4.273,4.174,4.218
1471813200,4.218,4.2445,4.121,4.129
1471899600,4.129,4.129,4.052,4.058
1471986000,4.058,4.075,4.0195,4.049
1472072400,4.049,4.082,4.02,4.027
1472158800,4.027,4.0335,3.851,3.864
1472418000,3.864,3.8795,3.763,3.78
1472504400,3.78,3.815,3.73,3.737
1472590800,3.737,3.7715,3.686,3.724
1472677200,3.724,3.785,3.713,3.759
1472763600,3.759,3.8275,3.75,3.799
1473109200,3.799,3.847,3.772,3.809
1473195600,3.809,3.87,3.797,3.846
1473282000,3.846,3.889,3.809,3.874
1473368400,3.874,3.8825,3.797,3.855
1473627600,3.855,3.927,3.83,3.9205
1473714000,3.9205,3.937,3.8235,3.84
1473800400,3.84,3.875,3.789,3.871
1473886800,3.871,3.901,3.8195,3.829
1473973200,3.829,3.884,3.782,3.872
1474232400,3.872,3.93,3.842,3.889
1474318800,3.889,3.941,3.858,3.9025
1474405200,3.9025,3.934,3.87,3.917
1474491600,3.917,3.962,3.892,3.8985
1474578000,3.8985,3.9425,3.8635,3.889
1474837200,3.889,3.922,3.812,3.822
1474923600,3.822,3.906,3.802,3.896
1475010000,3.896,3.929,3.879,3.891
1475096400,3.891,3.926,3.842,3.854
1475182800,3.854,3.902,3.769,3.88
1475442000,3.88,3.885,3.7885,3.823
1475528400,3.823,3.853,3.802,3.824
1475614800,3.824,3.954,3.794,3.935
1475701200,3.935,3.966,3.811,3.835
1475787600,3.835,3.885,3.82,3.825
1476046800,3.825,3.934,3.825,3.9215
1476133200,3.9215,3.968,3.897,3.951
1476219600,3.951,4.021,3.846,3.851
1476306000,3.851,4.054,3.851,4.049
1476392400,4.049,4.163,4.033,4.0815
1476651600,4.0815,4.142,4.052,4.115
1476738000,4.115,4.143,4.075,4.088
1476824400,4.088,4.116,4.026,4.095
1476910800,4.095,4.121,4.05,4.058
1476997200,4.058,4.081,4.032,4.042
1477256400,4.042,4.072,3.914,3.938
1477342800,3.938,3.974,3.896,3.95
1477429200,3.95,4.049,3.939,4.022
1477515600,4.022,4.095,4.022,4.056
1477602000,4.056,4.084,3.987,4.0035
1477861200,4.0035,4.086,4.0035,4.066
1477947600,4.066,4.099,4.029,4.063
1478034000,4.063,4.121,4.042,4.092
1478120400,4.092,4.12,4.015,4.051
1478206800,4.051,4.076,4.027,4.059
1478469600,4.059,4.086,3.998,4.035
1478556000,4.035,4.128,4.0135,4.079
1478642400,4.079,4.11,3.975,4.012
1478728800,4.012,4.077,3.959,3.984
1478815200,3.984,4.013,3.951,3.971
1479074400,3.971,3.98,3.873,3.893
1479160800,3.893,3.966,3.876,3.932
1479247200,3.932,3.96,3.918,3.922
1479333600,3.922,4.012,3.918,3.985
1479420000,3.985,4.05,3.956,4.021
1479679200,4.021,4.075,4.004,4.059
1479765600,4.059,4.075,4.0185,4.0395
1479852000,4.0395,4.0395,3.926,3.976
1479938400,3.976,3.976,3.963,3.964
1480024800,3.964,4.0015,3.913,3.922
1480284000,3.922,3.939,3.866,3.888
1480370400,3.888,3.888,3.809,3.82
1480456800,3.82,3.867,3.76,3.765
1480543200,3.765,3.781,3.676,3.7
1480629600,3.7,3.7885,3.7,3.777
1480888800,3.777,3.843,3.777,3.823
1480975200,3.823,3.873,3.808,3.81
1481061600,3.81,3.823,3.752,3.771
1481148000,3.771,3.843,3.771,3.833
1481234400,3.833,3.919,3.796,3.886
1481493600,3.886,3.934,3.848,3.922
1481580000,3.922,3.964,3.902,3.927
1481666400,3.927,3.946,3.896,3.941
1481752800,3.941,3.945,3.856,3.859
1481839200,3.859,3.876,3.821,3.876
1482098400,3.876,3.907,3.814,3.847
1482184800,3.847,3.859,3.788,3.817
1482271200,3.817,3.83,3.782,3.7855
1482357600,3.7855,3.795,3.76,3.763
1482444000,3.763,3.776,3.725,3.7405
1482789600,3.7405,3.908,3.7405,3.8835
1482876000,3.8835,3.9,3.8105,3.826
1482962400,3.826,3.875,3.826,3.856
1483048800,3.856,3.899,3.851,3.89
1483394400,3.89,3.955,3.878,3.886
1483480800,3.886,4.005,3.872,3.988
1483567200,3.988,4.084,3.983,4.07
1483653600,4.07,4.096,4.039,4.056
1483912800,4.056,4.107,4.037,4.098
1483999200,4.098,4.1,4.063,4.091
1484085600,4.091,4.091,3.958,4.017
1484172000,4.017,4.132,3.982,4.0925
1484258400,4.0925,4.103,4.033,4.101
1484604000,4.101,4.22,4.083,4.184
1484690400,4.184,4.191,4.133,4.148
1484776800,4.148,4.156,4.084,4.086
1484863200,4.086,4.142,4.073,4.139
1485122400,4.139,4.198,4.137,4.191
1485208800,4.191,4.208,4.128,4.129
1485295200,4.129,4.157,4.101,4.124
1485381600,4.124,4.176,4.092,4.144
1485468000,4.144,4.148,4.07,4.083
1485727200,4.083,4.083,4.015,4.033
1485813600,4.033,4.099,4.02,4.0905
1485900000,4.0905,4.23,4.061,4.221
1485986400,4.221,4.264,4.186,4.226
1486072800,4.226,4.248,4.189,4.189
1486332000,4.189,4.224,4.127,4.132
1486418400,4.132,4.213,4.105,4.206
1486504800,4.206,4.237,4.183,4.225
1486591200,4.225,4.345,4.203,4.333
1486677600,4.333,4.4145,4.32,4.3895
1486936800,4.3895,4.475,4.361,4.438
1487023200,4.438,4.438,4.384,4.42
1487109600,4.42,4.476,4.386,4.463
1487196000,4.463,4.564,4.388,4.388
1487282400,4.388,4.402,4.334,4.351
1487628000,4.351,4.351,4.293,4.311
1487714400,4.311,4.373,4.298,4.359
1487800800,4.359,4.387,4.311,4.3325
1487887200,4.3325,4.3325,4.252,4.264
1488146400,4.264,4.27,4.176,4.1885
1488232800,4.1885,4.333,4.187,4.236
1488319200,4.236,4.367,4.22,4.367
1488405600,4.367,4.385,4.296,4.322
1488492000,4.322,4.351,4.279,4.3275
1488751200,4.3275,4.429,4.3275,4.396
1488837600,4.396,4.411,4.317,4.387
1488924000,4.387,4.387,4.27,4.283
1489010400,4.283,4.322,4.244,4.2715
1489096800,4.2715,4.283,4.22,4.232
1489352400,4.232,4.248,4.135,4.1375
1489438800,4.1375,4.18,4.125,4.141
1489525200,4.141,4.207,4.141,4.2015
1489611600,4.2015,4.245,4.186,4.208
1489698000,4.208,4.22,4.174,4.211
1489957200,4.211,4.276,4.146,4.151
1490043600,4.151,4.159,4.091,4.122
1490130000,4.122,4.128,4.079,4.079
1490216400,4.079,4.11,4.066,4.0755
1490302800,4.0755,4.128,4.075,4.1175
1490562000,4.1175,4.129,4.058,4.076
1490648400,4.076,4.134,4.071,4.12
1490734800,4.12,4.153,4.107,4.134
1490821200,4.134,4.142,4.081,4.0875
1490907600,4.0875,4.208,4.057,4.151
1491166800,4.151,4.231,4.151,4.172
1491253200,4.172,4.216,4.153,4.17
1491339600,4.17,4.202,4.15,4.1885
1491426000,4.1885,4.205,4.122,4.127
1491512400,4.127,4.158,4.102,4.1475
1491771600,4.1475,4.201,4.137,4.194
1491858000,4.194,4.26,4.152,4.246
1491944400,4.246,4.28,4.231,4.254
1492030800,4.254,4.278,4.209,4.217
1492376400,4.217,4.241,4.132,4.144
1492462800,4.144,4.171,4.127,4.148
1492549200,4.148,4.194,4.115,4.124
1492635600,4.124,4.157,3.997,4
1492722000,4,4.024,3.948,3.997
1492981200,3.997,4.037,3.968,3.975
1493067600,3.975,4.065,3.943,4.036
1493154000,4.036,4.096,4.022,4.037
1493240400,4.037,4.103,4.029,4.0855
1493326800,4.0855,4.12,4.075,4.1025
1493586000,4.1025,4.343,4.1025,4.319
1493672400,4.319,4.387,4.262,4.3165
1493758800,4.3165,4.339,4.243,4.323
1493845200,4.323,4.333,4.152,4.1605
1493931600,4.1605,4.231,4.155,4.214
1494190800,4.214,4.214,4.134,4.1405
1494277200,4.1405,4.151,4.096,4.109
1494363600,4.109,4.166,4.075,4.131
1494450000,4.131,4.169,4.1,4.153
1494536400,4.153,4.191,4.131,4.153
1494795600,4.153,4.153,4.046,4.066
1494882000,4.066,4.09,4.037,4.069
1494968400,4.069,4.153,4.05,4.1185
1495054800,4.1185,4.12,4.052,4.098
1495141200,4.098,4.202,4.094,4.195
1495400400,4.195,4.266,4.187,4.205
1495486800,4.205,4.205,4.132,4.1475
1495573200,4.1475,4.181,4.128,4.1695
1495659600,4.1695,4.212,4.157,4.164
1495746000,4.164,4.244,4.151,4.235
1496091600,4.235,4.256,4.134,4.174
1496178000,4.174,4.234,4.157,4.171
1496264400,4.171,4.186,4.092,4.1705
1496350800,4.1705,4.216,4.144,4.173
1496610000,4.173,4.216,4.144,4.189
1496696400,4.189,4.293,4.18,4.252
1496782800,4.252,4.374,4.252,4.353
1496869200,4.353,4.446,4.351,4.37
1496955600,4.37,4.434,4.331,4.3555
1497214800,4.3555,4.3555,4.218,4.248
1497301200,4.248,4.368,4.248,4.355
1497387600,4.355,4.429,4.332,4.332
1497474000,4.332,4.482,4.288,4.4655
1497560400,4.4655,4.596,4.4655,4.576
1497819600,4.576,4.652,4.506,4.562
1497906000,4.562,4.668,4.556,4.648
1497992400,4.648,4.661,4.569,4.5705
1498078800,4.5705,4.581,4.492,4.5465
1498165200,4.5465,4.59,4.516,4.521
1498424400,4.521,4.536,4.437,4.4635
1498510800,4.4635,4.524,4.454,4.4875
1498597200,4.4875,4.55,4.483,4.529
1498683600,4.529,4.781,4.526,4.765
1498770000,4.765,5.047,4.763,5.04
1499029200,5.04,5.347,5.04,5.339
1499202000,5.339,5.525,5.164,5.381
1499288400,5.381,5.381,5.149,5.188
1499374800,5.188,5.254,5.104,5.1355
1499634000,5.1355,5.34,5.1355,5.3075
1499720400,5.3075,5.397,5.219,5.317
1499806800,5.317,5.332,5.163,5.182
1499893200,5.182,5.182,4.922,4.965
1499979600,4.965,5.03,4.907,4.9525
1500238800,4.9525,4.956,4.867,4.903
1500325200,4.903,5.014,4.875,4.884
1500411600,4.884,4.932,4.848,4.889
1500498000,4.889,4.93,4.804,4.916
1500584400,4.916,4.952,4.829,4.858
1500843600,4.858,4.858,4.696,4.762
1500930000,4.762,4.802,4.604,4.614
1501016400,4.614,4.679,4.606,4.663
1501102800,4.663,4.726,4.649,4.67
1501189200,4.67,4.765,4.654,4.6905
1501448400,4.6905,4.6905,4.602,4.636
1501534800,4.636,4.664,4.497,4.502
1501621200,4.502,4.558,4.456,4.502
1501707600,4.502,4.531,4.438,4.4715
1501794000,4.4715,4.511,4.436,4.458
1502053200,4.458,4.544,4.448,4.542
1502139600,4.542,4.586,4.456,4.478
1502226000,4.478,4.524,4.453,4.498
1502312400,4.498,4.531,4.311,4.341
1502398800,4.341,4.356,4.265,4.3075
1502658000,4.3075,4.343,4.239,4.327
1502744400,4.327,4.329,4.21,4.217
1502830800,4.217,4.287,4.106,4.136
1502917200,4.136,4.156,4.059,4.086
1503003600,4.086,4.115,4.059,4.1095
1503262800,4.1095,4.131,4.034,4.039
1503349200,4.039,4.078,3.972,3.9815
1503435600,3.9815,4.036,3.966,3.9865
1503522000,3.9865,4.048,3.955,4.02
1503608400,4.02,4.062,4.02,4.039
1503867600,4.039,4.055,3.965,3.977
1503954000,3.977,4.01,3.931,4.003
1504040400,4.003,4.033,3.978,3.993
1504126800,3.993,4.076,3.993,4.046
1504213200,4.046,4.1,4.038,4.095
1504558800,4.095,4.174,4.095,4.125
1504645200,4.125,4.189,4.111,4.175
1504731600,4.175,4.176,4.079,4.091
1504818000,4.091,4.138,4.082,4.103
1505077200,4.103,4.126,4.05,4.081
1505163600,4.081,4.168,4.023,4.1505
1505250000,4.1505,4.225,4.148,4.171
1505336400,4.171,4.235,4.155,4.172
1505422800,4.172,4.238,4.148,4.215
1505682000,4.215,4.248,4.168,4.178
1505768400,4.178,4.213,4.11,4.188
1505854800,4.188,4.267,4.18,4.264
1505941200,4.264,4.293,4.21,4.274
1506027600,4.274,4.3,4.237,4.251
1506286800,4.251,4.307,4.206,4.3
1506373200,4.3,4.367,4.282,4.2995
1506459600,4.2995,4.389,4.26,4.372
1506546000,4.372,4.383,4.309,4.323
1506632400,4.323,4.359,4.24,4.267
1506891600,4.267,4.268,4.184,4.235
1506978000,4.235,4.29,4.221,4.271
1507064400,4.271,4.279,4.209,4.211
1507150800,4.211,4.236,4.179,4.208
1507237200,4.208,4.244,4.189,4.23
1507496400,4.23,4.26,4.167,4.173
1507582800,4.173,4.207,4.154,4.167
1507669200,4.167,4.17,4.116,4.148
1507755600,4.148,4.194,4.103,4.131
1507842000,4.131,4.228,4.128,4.216
1508101200,4.216,4.253,4.186,4.194
1508187600,4.194,4.238,4.17,4.1805
1508274000,4.1805,4.185,4.129,4.139
1508360400,4.139,4.199,4.136,4.169
1508446800,4.169,4.2,4.097,4.109
1508706000,4.109,4.231,4.09,4.216
1508792400,4.216,4.239,4.185,4.238
1508878800,4.238,4.282,4.195,4.21
1508965200,4.21,4.23,4.171,4.176
1509051600,4.176,4.176,4.114,4.133
1509310800,4.133,4.149,4.1,4.122
1509397200,4.122,4.138,4.042,4.0725
1509483600,4.0725,4.098,4.045,4.058
1509570000,4.058,4.145,4.058,4.144
1509656400,4.144,4.172,4.109,4.143
1509919200,4.143,4.203,4.143,4.2
1510005600,4.2,4.201,4.134,4.167
1510092000,4.167,4.17,4.09,4.162
1510178400,4.162,4.221,4.14,4.199
1510264800,4.199,4.243,4.171,4.217
1510524000,4.217,4.228,4.137,4.159
1510610400,4.159,4.208,4.149,4.191
1510696800,4.191,4.201,4.101,4.131
1510783200,4.131,4.165,4.118,4.1395
1510869600,4.1395,4.202,4.134,4.2
1511128800,4.2,4.206,4.127,4.152
1511215200,4.152,4.221,4.139,4.184
1511301600,4.184,4.202,4.147,4.165
1511474400,4.165,4.17,4.072,4.089
1511733600,4.089,4.11,4.04,4.047
1511820000,4.047,4.076,4.011,4.06
1511906400,4.06,4.117,4.059,4.115
1511992800,4.115,4.153,4.074,4.0945
1512079200,4.0945,4.155,4.09,4.153
1512338400,4.153,4.197,4.121,4.122
1512424800,4.122,4.138,4.09,4.102
1512511200,4.102,4.114,4.031,4.04
1512597600,4.04,4.042,3.985,4.005
1512684000,4.005,4.034,3.971,3.976
1512943200,3.976,3.983,3.908,3.939
1513029600,3.939,3.987,3.911,3.913
1513116000,3.913,3.975,3.913,3.97
1513202400,3.97,4.01,3.966,3.99
1513288800,3.99,4.021,3.96,3.988
1513548000,3.988,4.045,3.988,4.015
1513634400,4.015,4.052,4.006,4.009
1513720800,4.009,4.059,3.979,4.052
1513807200,4.052,4.089,4.044,4.085
1513893600,4.085,4.106,4.063,4.068
1514239200,4.068,4.092,4.036,4.05
1514325600,4.05,4.11,4.039,4.1
1514412000,4.1,4.117,4.083,4.105
1514498400,4.105,4.112,4.073,4.112
1514844000,4.112,4.2,4.112,4.183
1514930400,4.183,4.209,4.164,4.19
1515016800,4.19,4.202,4.156,4.178
1515103200,4.178,4.182,4.125,4.156
1515362400,4.156,4.175,4.114,4.127
1515448800,4.127,4.192,4.112,4.175
1515535200,4.175,4.206,4.171,4.196
1515621600,4.196,4.204,4.147,4.195
1515708000,4.195,4.22,4.056,4.073
1516053600,4.073,4.099,4.011,4.043
1516140000,4.043,4.108,4.035,4.091
1516226400,4.091,4.134,4.091,4.127
1516312800,4.127,4.15,4.097,4.115
1516572000,4.115,4.16,4.115,4.143
1516658400,4.143,4.143,4.089,4.108
1516744800,4.108,4.226,4.1,4.216
1516831200,4.216,4.276,4.188,4.236
1516917600,4.236,4.315,4.236,4.312
1517176800,4.312,4.393,4.312,4.382
1517263200,4.382,4.481,4.382,4.479
1517349600,4.479,4.484,4.378,4.422
1517436000,4.422,4.422,4.339,4.415
1517522400,4.415,4.415,4.358,4.379
1517781600,4.379,4.379,4.304,4.334
1517868000,4.334,4.392,4.305,4.385
1517954400,4.385,4.532,4.385,4.523
1518040800,4.523,4.56,4.438,4.483
1518127200,4.483,4.483,4.407,4.42
1518386400,4.42,4.576,4.42,4.566
1518472800,4.566,4.602,4.522,4.524
1518559200,4.524,4.539,4.471,4.4835
1518645600,4.4835,4.569,4.457,4.548
1518732000,4.548,4.58,4.504,4.522
1519077600,4.522,4.581,4.44,4.4435
1519164000,4.4435,4.468,4.406,4.421
1519250400,4.421,4.471,4.395,4.4605
1519336800,4.4605,4.514,4.4605,4.466
1519596000,4.466,4.592,4.466,4.559
1519682400,4.559,4.616,4.559,4.605
1519768800,4.605,4.819,4.593,4.759
1519855200,4.759,4.998,4.724,4.972
1519941600,4.972,5.003,4.763,4.824
1520200800,4.824,4.932,4.786,4.908
1520287200,4.908,4.911,4.792,4.895
1520373600,4.895,4.932,4.802,4.816
1520460000,4.816,4.864,4.748,4.835
1520546400,4.835,4.835,4.709,4.749
1520802000,4.749,4.779,4.686,4.76
1520888400,4.76,4.832,4.706,4.7195
1520974800,4.7195,4.762,4.691,4.752
1521061200,4.752,4.791,4.626,4.655
1521147600,4.655,4.685,4.54,4.55
1521406800,4.55,4.55,4.384,4.406
1521493200,4.406,4.457,4.394,4.416
1521579600,4.416,4.427,4.354,4.42
1521666000,4.42,4.48,4.4,4.447
1521752400,4.447,4.502,4.356,4.49
1522011600,4.49,4.527,4.409,4.446
1522098000,4.446,4.469,4.387,4.388
1522184400,4.388,4.423,4.346,4.359
1522270800,4.359,4.457,4.32,4.415
1522616400,4.415,4.48,4.37,4.382
1522702800,4.382,4.544,4.382,4.475
1522789200,4.475,4.525,4.386,4.4795
1522875600,4.4795,4.572,4.478,4.546
1522962000,4.546,4.641,4.508,4.631
1523221200,4.631,4.854,4.631,4.825
1523307600,4.825,4.859,4.743,4.83
1523394000,4.83,4.842,4.755,4.772
1523480400,4.772,4.774,4.676,4.7385
1523566800,4.7385,4.7385,4.625,4.654
1523826000,4.654,4.654,4.555,4.564
1523912400,4.564,4.646,4.558,4.602
1523998800,4.602,4.7,4.597,4.693
1524085200,4.693,4.74,4.663,4.715
1524171600,4.715,4.715,4.571,4.584
1524430800,4.584,4.641,4.541,4.573
1524517200,4.573,4.684,4.51,4.684
1524603600,4.684,4.841,4.682,4.816
1524690000,4.816,4.871,4.708,4.725
1524776400,4.725,4.821,4.721,4.819
1525035600,4.819,4.964,4.819,4.949
1525122000,4.949,5.13,4.899,5.114
1525208400,5.114,5.176,5.047,5.096
1525294800,5.096,5.217,5.044,5.21
1525381200,5.21,5.21,5.076,5.082
1525640400,5.082,5.084,4.955,4.967
1525726800,4.967,5.054,4.92,5.004
1525813200,5.004,5.004,4.92,4.956
1525899600,4.956,5.004,4.864,4.915
1525986000,4.915,4.915,4.834,4.842
1526245200,4.842,4.842,4.775,4.79
1526331600,4.79,4.832,4.736,4.807
1526418000,4.807,4.86,4.787,4.828
1526504400,4.828,4.923,4.826,4.843
1526590800,4.843,5.062,4.832,5.054
1526850000,5.054,5.13,4.927,4.961
1526936400,4.961,5.181,4.918,5.09
1527022800,5.09,5.198,5.055,5.198
1527109200,5.198,5.332,5.176,5.19
1527195600,5.19,5.327,5.174,5.326
1527541200,5.326,5.429,5.212,5.271
1527627600,5.271,5.271,5.067,5.138
1527714000,5.138,5.216,5.056,5.15
1527800400,5.15,5.184,5.086,5.133
1528059600,5.133,5.133,4.948,4.981
1528146000,4.981,5.1,4.976,5.012
1528232400,5.012,5.225,4.993,5.131
1528318800,5.131,5.284,5.11,5.193
1528405200,5.193,5.252,5.055,5.145
1528664400,5.145,5.206,5.044,5.076
1528750800,5.076,5.308,5.033,5.276
1528837200,5.276,5.317,5.077,5.1
1528923600,5.1,5.102,4.92,4.959
1529010000,4.959,5.024,4.811,4.936
1529269200,4.936,4.936,4.825,4.845
1529355600,4.845,4.851,4.627,4.739
1529442000,4.739,4.85,4.701,4.838
1529528400,4.838,4.939,4.777,4.911
1529614800,4.911,4.928,4.827,4.852
1529874000,4.852,4.866,4.7,4.73
1529960400,4.73,4.778,4.627,4.665
1530046800,4.665,4.744,4.649,4.713
1530133200,4.713,4.751,4.657,4.666
1530219600,4.666,4.911,4.663,4.834
1530478800,4.834,4.924,4.635,4.647
1530565200,4.647,4.767,4.647,4.748
1530738000,4.748,4.919,4.748,4.883
1530824400,4.883,4.999,4.824,4.981
1531083600,4.981,4.981,4.879,4.926
1531170000,4.926,4.926,4.735,4.766
1531256400,4.766,4.766,4.574,4.599
1531342800,4.599,4.741,4.591,4.696
1531429200,4.696,4.833,4.675,4.821
1531688400,4.821,4.847,4.736,4.75
1531774800,4.75,4.908,4.744,4.853
1531861200,4.853,4.914,4.811,4.816
1531947600,4.816,4.926,4.776,4.898
1532034000,4.898,5.064,4.898,5.025
1532293200,5.025,5.099,5.004,5.008
1532379600,5.008,5.04,4.934,4.987
1532466000,4.987,5.33,4.987,5.293
1532552400,5.293,5.41,5.2,5.232
1532638800,5.232,5.297,5.136,5.18
1532898000,5.18,5.403,5.18,5.337
1532984400,5.337,5.532,5.294,5.432
1533070800,5.432,5.545,5.395,5.479
1533157200,5.479,5.812,5.479,5.504
1533243600,5.504,5.566,5.432,5.477
1533502800,5.477,5.659,5.417,5.632
1533589200,5.632,5.759,5.543,5.582
1533675600,5.582,5.681,5.551,5.613
1533762000,5.613,5.641,5.526,5.546
1533848400,5.546,5.649,5.372,5.387
1534107600,5.387,5.414,5.229,5.286
1534194000,5.286,5.366,5.248,5.331
1534280400,5.331,5.35,5.211,5.249
1534366800,5.249,5.404,5.238,5.349
1534453200,5.349,5.557,5.282,5.532
1534712400,5.532,5.546,5.345,5.363
1534798800,5.363,5.37,5.204,5.22
1534885200,5.22,5.275,5.152,5.224
1534971600,5.224,5.258,5.105,5.184
1535058000,5.184,5.184,5.08,5.087
1535317200,5.087,5.094,4.95,4.968
1535403600,4.968,5.006,4.907,4.946
1535490000,4.946,5.174,4.922,5.141
1535576400,5.141,5.219,5.037,5.092
1535662800,5.092,5.208,5.087,5.194
1536008400,5.194,5.194,4.949,5.059
1536094800,5.059,5.127,4.968,4.973
1536181200,4.973,5,4.887,4.9
1536267600,4.9,4.908,4.841,4.89
1536526800,4.89,5.052,4.854,5.046
1536613200,5.046,5.09,4.944,4.949
1536699600,4.949,5.061,4.784,4.838
1536786000,4.838,4.876,4.739,4.756
1536872400,4.756,4.921,4.747,4.895
1537131600,4.895,4.96,4.846,4.863
1537218000,4.863,4.932,4.854,4.901
1537304400,4.901,5.021,4.899,5.014
1537390800,5.014,5.045,4.954,5.017
1537477200,5.017,5.032,4.946,5.019
1537736400,5.019,5.108,5.001,5.068
1537822800,5.068,5.068,4.968,5.009
1537909200,5.009,5.072,4.976,4.987
1537995600,4.987,5.026,4.925,4.944
1538082000,4.944,4.99,4.87,4.913
1538341200,4.913,4.973,4.879,4.93
1538427600,4.93,5.065,4.879,5.025
1538514000,5.025,5.091,4.966,4.976
1538600400,4.976,5.031,4.966,5.005
1538686800,5.005,5.07,4.999,5.046
1538946000,5.046,5.084,4.966,4.973
1539032400,4.973,5.041,4.953,4.997
1539118800,4.997,5.018,4.946,4.948
1539205200,4.948,5.051,4.913,4.92
1539291600,4.92,5.034,4.92,5.02
1539550800,5.02,5.109,5.001,5.1
1539637200,5.1,5.121,5.065,5.087
1539723600,5.087,5.09,5.019,5.024
1539810000,5.024,5.053,4.973,4.99
1539896400,4.99,5.046,4.972,5.002
1540155600,5.002,5.008,4.946,4.956
1540242000,4.956,4.987,4.929,4.963
1540328400,4.963,4.981,4.848,4.875
1540414800,4.875,4.875,4.741,4.753
1540501200,4.753,4.95,4.753,4.931
1540760400,4.931,5.035,4.919,4.952
1540846800,4.952,4.965,4.865,4.887
1540933200,4.887,4.912,4.798,4.907
1541019600,4.907,4.995,4.905,4.96
1541106000,4.96,4.995,4.926,4.985
1541368800,4.985,5.025,4.945,4.973
1541455200,4.973,5.046,4.963,5.024
1541541600,5.024,5.05,4.982,5.012
1541628000,5.012,5.08,4.948,4.99
1541714400,4.99,4.995,4.925,4.945
1541973600,4.945,5.127,4.936,5.11
1542060000,5.11,5.128,4.987,4.992
1542146400,4.992,5.038,4.94,4.96
1542232800,4.96,5.02,4.96,4.982
1542319200,4.982,5.019,4.961,5.002
1542578400,5.002,5.013,4.903,4.927
1542664800,4.927,4.969,4.899,4.95
1542751200,4.95,4.986,4.924,4.932
1542924000,4.932,5.026,4.932,4.947
1543183200,4.947,5.036,4.947,5.03
1543269600,5.03,5.06,4.937,4.94
1543356000,4.94,4.971,4.908,4.934
1543442400,4.934,4.977,4.888,4.907
1543528800,4.907,5.015,4.9,4.984
1543788000,4.984,5.09,4.984,5.031
1543874400,5.031,5.06,4.992,5.048
1543960800,5.048,5.049,4.97,5.011
1544047200,5.011,5.016,4.938,4.99
1544133600,4.99,5.15,4.989,5.142
1544392800,5.142,5.144,5.085,5.086
1544479200,5.086,5.128,5.019,5.055
1544565600,5.055,5.127,5.055,5.106
1544652000,5.106,5.223,5.106,5.194
1544738400,5.194,5.218,5.123,5.143
1544997600,5.143,5.22,5.143,5.196
1545084000,5.196,5.208,5.149,5.173
1545170400,5.173,5.179,5.071,5.083
1545256800,5.083,5.131,5.068,5.085
1545343200,5.085,5.098,4.984,4.999
1545602400,4.999,5.042,4.977,5.025
1545775200,5.025,5.073,4.961,4.973
1545861600,4.973,5.001,4.943,4.982
1545948000,4.982,5.011,4.968,4.984
1546207200,4.984,5.008,4.911,4.913
1546380000,4.913,4.987,4.897,4.958
1546466400,4.958,5.043,4.947,5.018
1546552800,5.018,5.069,5.015,5.047
1546812000,5.047,5.07,5.023,5.051
1546898400,5.051,5.132,5.032,5.079
1546984800,5.079,5.126,5.075,5.09
1547071200,5.09,5.094,5.015,5.038
1547157600,5.038,5.13,5.026,5.091
1547416800,5.091,5.117,5.034,5.047
1547503200,5.047,5.084,4.982,5.017
1547589600,5.017,5.07,5.016,5.026
1547676000,5.026,5.128,4.998,5.081
1547762400,5.081,5.131,5.061,5.073
1548021600,5.073,5.12,5.073,5.081
1548108000,5.081,5.171,5.058,5.124
1548194400,5.124,5.18,5.124,5.178
1548280800,5.178,5.203,5.128,5.13
1548367200,5.13,5.146,5.087,5.122
1548626400,5.122,5.158,5.085,5.106
1548712800,5.106,5.143,5.035,5.065
1548799200,5.065,5.106,5.044,5.101
1548885600,5.101,5.127,5.066,5.09
1548972000,5.09,5.193,5.083,5.168
1549231200,5.168,5.223,5.148,5.186
1549317600,5.186,5.22,5.143,5.212
1549404000,5.212,5.249,5.184,5.184
1549490400,5.184,5.192,5.068,5.068
1549576800,5.068,5.162,5.068,5.121
1549836000,5.121,5.136,5.067,5.126
1549922400,5.126,5.155,5.096,5.15
1550008800,5.15,5.189,5.139,5.169
1550095200,5.169,5.175,5.015,5.022
1550181600,5.022,5.043,4.95,4.992
1550527200,4.992,5.014,4.85,4.854
1550613600,4.854,4.898,4.725,4.767
1550700000,4.767,4.882,4.767,4.836
1550786400,4.836,4.896,4.812,4.818
1551045600,4.818,4.873,4.636,4.64
1551132000,4.64,4.656,4.54,4.585
1551218400,4.585,4.654,4.523,4.58
1551304800,4.58,4.595,4.49,4.5
1551391200,4.5,4.525,4.386,4.489
1551650400,4.489,4.526,4.46,4.467
1551736800,4.467,4.555,4.449,4.555
1551823200,4.555,4.56,4.414,4.422
1551909600,4.422,4.436,4.302,4.302
1551996000,4.302,4.364,4.266,4.315
1552251600,4.315,4.342,4.203,4.204
1552338000,4.204,4.494,4.203,4.453
1552424400,4.453,4.476,4.333,4.402
1552510800,4.402,4.533,4.397,4.452
1552597200,4.452,4.559,4.416,4.535
1552856400,4.535,4.569,4.479,4.506
1552942800,4.506,4.559,4.473,4.495
1553029200,4.495,4.583,4.484,4.578
1553115600,4.578,4.608,4.517,4.589
1553202000,4.589,4.671,4.573,4.59
1553461200,4.59,4.655,4.571,4.628
1553547600,4.628,4.718,4.61,4.639
1553634000,4.639,4.658,4.606,4.636
1553720400,4.636,4.636,4.54,4.582
1553806800,4.582,4.592,4.473,4.534
1554066000,4.534,4.629,4.51,4.577
1554152400,4.577,4.606,4.509,4.588
1554238800,4.588,4.677,4.579,4.659
1554325200,4.659,4.724,4.633,4.66
1554411600,4.66,4.66,4.597,4.627
1554670800,4.627,4.667,4.576,4.593
1554757200,4.593,4.593,4.522,4.547
1554843600,4.547,4.576,4.516,4.536
1554930000,4.536,4.584,4.529,4.575
1555016400,4.575,4.613,4.538,4.605
1555275600,4.605,4.605,4.545,4.567
1555362000,4.567,4.567,4.392,4.419
1555448400,4.419,4.467,4.418,4.443
1555534800,4.443,4.45,4.364,4.418
1555880400,4.418,4.418,4.329,4.332
1555966800,4.332,4.39,4.307,4.361
1556053200,4.361,4.373,4.277,4.294
1556139600,4.294,4.351,4.263,4.32
1556226000,4.32,4.371,4.311,4.326
1556485200,4.326,4.38,4.241,4.244
1556571600,4.244,4.256,4.167,4.194
1556658000,4.194,4.283,4.191,4.268
1556744400,4.268,4.389,4.261,4.35
1556830800,4.35,4.382,4.266,4.281
1557090000,4.281,4.307,4.193,4.29
1557176400,4.29,4.332,4.227,4.318
1557262800,4.318,4.346,4.26,4.294
1557349200,4.294,4.294,4.198,4.209
1557435600,4.209,4.26,4.135,4.16
1557694800,4.16,4.326,4.11,4.287
1557781200,4.287,4.425,4.287,4.421
1557867600,4.421,4.557,4.392,4.406
1557954000,4.406,4.603,4.39,4.603
1558040400,4.603,4.65,4.557,4.557
1558299600,4.557,4.763,4.557,4.722
1558386000,4.722,4.848,4.666,4.686
1558472400,4.686,4.733,4.613,4.65
1558558800,4.65,4.78,4.59,4.624
1558645200,4.624,4.831,4.601,4.831
1558990800,4.831,5.021,4.831,4.967
1559077200,4.967,5.146,4.811,4.811
1559163600,4.811,5.08,4.758,5.073
1559250000,5.073,5.132,4.942,4.984
1559509200,4.984,5.164,4.971,5.144
1559595600,5.144,5.222,4.956,5
1559682000,5,5.025,4.831,4.866
1559768400,4.866,5.083,4.825,5.061
1559854800,5.061,5.071,4.968,4.98
1560114000,4.98,5.034,4.886,5.032
1560200400,5.032,5.138,4.956,5.13
1560286800,5.13,5.233,5.082,5.218
1560373200,5.218,5.317,5.202,5.312
1560459600,5.312,5.392,5.264,5.351
1560718800,5.351,5.449,5.335,5.346
1560805200,5.346,5.37,5.213,5.265
1560891600,5.265,5.274,5.106,5.178
1560978000,5.178,5.254,5.122,5.235
1561064400,5.235,5.262,5.198,5.234
1561323600,5.234,5.374,5.193,5.353
1561410000,5.353,5.428,5.314,5.334
1561496400,5.334,5.414,5.298,5.406
1561582800,5.406,5.508,5.355,5.399
1561669200,5.399,5.48,5.163,5.205
1561928400,5.205,5.229,5.029,5.05
1562014800,5.05,5.099,4.958,4.976
1562101200,4.976,5.089,4.956,5.083
1562274000,5.083,5.114,5,5.11
1562533200,5.11,5.134,5.022,5.059
1562619600,5.059,5.059,4.939,4.971
1562706000,4.971,5.016,4.932,4.999
1562792400,4.999,5.178,4.955,5.16
1562878800,5.16,5.206,5.119,5.186
1563138000,5.186,5.265,5.015,5.035
1563224400,5.035,5.053,4.966,5.028
1563310800,5.028,5.093,4.977,4.999
1563397200,4.999,5.008,4.889,4.896
1563483600,4.896,5.122,4.884,4.984
1563742800,4.984,5.003,4.832,4.835
1563829200,4.835,4.895,4.796,4.835
1563915600,4.835,4.95,4.835,4.932
1564002000,4.932,5.038,4.886,4.963
1564088400,4.963,4.964,4.9,4.919
1564347600,4.919,5.036,4.909,4.989
1564434000,4.989,4.997,4.918,4.933
1564520400,4.933,4.972,4.814,4.836
1564606800,4.836,4.852,4.688,4.755
1564693200,4.755,4.88,4.74,4.87
1564952400,4.87,4.922,4.765,4.91
1565038800,4.91,4.93,4.801,4.809
1565125200,4.809,4.869,4.747,4.861
1565211600,4.861,4.999,4.834,4.956
1565298000,4.956,5.027,4.935,4.972
1565557200,4.972,4.994,4.644,4.699
1565643600,4.699,4.764,4.634,4.703
1565730000,4.703,4.779,4.692,4.728
1565816400,4.728,4.748,4.666,4.678
1565902800,4.678,4.709,4.654,4.684
1566162000,4.684,4.686,4.624,4.626
1566248400,4.626,4.672,4.552,4.57
1566334800,4.57,4.614,4.545,4.613
1566421200,4.613,4.688,4.593,4.661
1566507600,4.661,4.741,4.599,4.736
1566766800,4.736,4.786,4.693,4.718
1566853200,4.718,4.762,4.696,4.732
1566939600,4.732,4.739,4.648,4.712
1567026000,4.712,4.727,4.674,4.683
1567112400,4.683,4.683,4.547,4.572
1567458000,4.572,4.585,4.464,4.494
1567544400,4.494,4.606,4.494,4.566
1567630800,4.566,4.653,4.56,4.624
1567717200,4.624,4.624,4.562,4.589
1567976400,4.589,4.717,4.566,4.705
1568062800,4.705,4.792,4.697,4.784
1568149200,4.784,4.784,4.71,4.724
1568235600,4.724,4.817,4.686,4.795
1568322000,4.795,4.867,4.766,4.788
1568581200,4.788,4.859,4.782,4.844
1568667600,4.844,4.844,4.768,4.81
1568754000,4.81,4.885,4.78,4.856
1568840400,4.856,4.88,4.808,4.831
1568926800,4.831,4.873,4.799,4.806
1569186000,4.806,4.837,4.775,4.78
1569272400,4.78,4.805,4.741,4.773
1569358800,4.773,4.786,4.729,4.741
1569445200,4.741,4.831,4.734,4.821
1569531600,4.821,4.869,4.792,4.836
1569790800,4.836,4.974,4.798,4.922
1569877200,4.922,4.958,4.866,4.943
1569963600,4.943,4.955,4.821,4.849
1570050000,4.849,4.896,4.827,4.853
1570136400,4.853,4.889,4.832,4.875
1570395600,4.875,4.913,4.856,4.864
1570482000,4.864,4.993,4.839,4.981
1570568400,4.981,5.013,4.941,4.98
1570654800,4.98,5.011,4.847,4.88
1570741200,4.88,5.096,4.88,5.063
1571000400,5.063,5.12,5.041,5.081
1571086800,5.081,5.083,5.016,5.041
1571173200,5.041,5.114,5.019,5.111
1571259600,5.111,5.241,5.101,5.222
1571346000,5.222,5.299,5.184,5.281
1571605200,5.281,5.323,5.203,5.211
1571691600,5.211,5.296,5.146,5.153
1571778000,5.153,5.214,5.134,5.187
1571864400,5.187,5.212,5.133,5.14
1571950800,5.14,5.195,5.123,5.139
1572210000,5.139,5.154,5.08,5.103
1572296400,5.103,5.137,5.063,5.093
1572382800,5.093,5.118,5.051,5.078
1572469200,5.078,5.101,4.991,5.066
1572555600,5.066,5.144,5.046,5.129
1572818400,5.129,5.133,5.063,5.079
1572904800,5.079,5.141,5.076,5.141
1572991200,5.141,5.198,5.119,5.15
1573077600,5.15,5.179,5.094,5.107
1573164000,5.107,5.162,5.04,5.085
1573423200,5.085,5.091,5.024,5.046
1573509600,5.046,5.157,5.037,5.157
1573596000,5.157,5.157,5.052,5.076
1573682400,5.076,5.108,5.04,5.062
1573768800,5.062,5.073,5.003,5.013
1574028000,5.013,5.095,4.975,5.062
1574114400,5.062,5.14,5.047,5.108
1574200800,5.108,5.145,5.07,5.138
1574287200,5.138,5.183,5.074,5.074
1574373600,5.074,5.176,5.074,5.136
1574632800,5.136,5.314,5.136,5.294
1574719200,5.294,5.308,5.246,5.291
1574805600,5.291,5.319,5.249,5.254
1574978400,5.254,5.446,5.254,5.41
1575237600,5.41,5.427,5.332,5.357
1575324000,5.357,5.399,5.232,5.242
1575410400,5.242,5.285,5.212,5.266
1575496800,5.266,5.287,5.217,5.227
1575583200,5.227,5.255,5.18,5.228
1575842400,5.228,5.25,5.19,5.218
1575928800,5.218,5.268,5.186,5.223
1576015200,5.223,5.226,5.156,5.176
1576101600,5.176,5.331,5.153,5.301
1576188000,5.301,5.353,5.246,5.316
1576447200,5.316,5.556,5.316,5.486
1576533600,5.486,5.56,5.441,5.529
1576620000,5.529,5.538,5.441,5.465
1576706400,5.465,5.523,5.431,5.445
1576792800,5.445,5.479,5.379,5.421
1577052000,5.421,5.459,5.379,5.392
1577138400,5.392,5.439,5.377,5.407
1577311200,5.407,5.509,5.4,5.487
1577397600,5.487,5.599,5.487,5.572
1577656800,5.572,5.637,5.507,5.547
1577743200,5.547,5.587,5.522,5.585
1577916000,5.585,5.665,5.575,5.588
1578002400,5.588,5.61,5.508,5.538
1578261600,5.538,5.546,5.461,5.501
1578348000,5.501,5.501,5.446,5.496
1578434400,5.496,5.548,5.446,5.529
1578520800,5.529,5.631,5.521,5.621
1578607200,5.621,5.676,5.552,5.631
1578866400,5.631,5.651,5.579,5.604
1578952800,5.604,5.721,5.584,5.681
1579039200,5.681,5.779,5.677,5.734
1579125600,5.734,5.734,5.594,5.647
1579212000,5.647,5.719,5.634,5.703
1579471200,5.703,5.716,5.684,5.716
1579557600,5.716,5.82,5.662,5.817
1579644000,5.817,5.917,5.737,5.767
1579730400,5.767,5.822,5.748,5.787
1579816800,5.787,5.81,5.69,5.72
1580076000,5.72,5.723,5.591,5.721
1580162400,5.721,5.761,5.651,5.684
1580248800,5.684,5.728,5.606,5.611
1580335200,5.611,5.621,5.504,5.604
1580421600,5.604,5.654,5.524,5.526
1580680800,5.526,5.574,5.462,5.532
1580767200,5.532,5.637,5.532,5.573
1580853600,5.573,5.632,5.552,5.607
1580940000,5.607,5.652,5.552,5.562
1581026400,5.562,5.624,5.53,5.585
1581285600,5.585,5.605,5.507,5.51
1581372000,5.51,5.51,5.386,5.414
1581458400,5.414,5.485,5.38,5.473
1581544800,5.473,5.5,5.405,5.445
1581631200,5.445,5.49,5.418,5.44
1581976800,5.44,5.703,5.44,5.671
1582063200,5.671,5.671,5.529,5.651
1582149600,5.651,5.671,5.579,5.596
1582236000,5.596,5.686,5.504,5.516
1582495200,5.516,5.516,5.336,5.37
1582581600,5.37,5.406,5.296,5.396
1582668000,5.396,5.408,5.338,5.368
1582754400,5.368,5.368,5.272,5.276
1582840800,5.276,5.276,5.134,5.26
1583100000,5.26,5.29,5.1715,5.248
1583186400,5.248,5.35,5.216,5.284
1583272800,5.284,5.284,5.176,5.194
1583359200,5.194,5.246,5.154,5.182
1583445600,5.182,5.216,5.108,5.156
1583701200,5.156,5.234,5.064,5.214
1583787600,5.214,5.256,5.148,5.222
1583874000,5.222,5.254,5.126,5.13
1583960400,5.13,5.13,4.98,5.06
1584046800,5.06,5.144,5,5.064
1584306000,5.064,5.078,4.926,4.992
1584392400,4.992,5.072,4.952,4.998
1584478800,4.998,5.128,4.952,5.076
1584565200,5.076,5.412,5.076,5.352
1584651600,5.352,5.476,5.338,5.408
1584910800,5.408,5.64,5.38,5.622
1584997200,5.622,5.63,5.504,5.616
1585083600,5.616,5.838,5.574,5.794
1585170000,5.794,5.834,5.652,5.694
1585256400,5.694,5.874,5.642,5.724
1585515600,5.724,5.814,5.632,5.704
1585602000,5.704,5.76,5.65,5.686
1585688400,5.686,5.722,5.472,5.518
1585774800,5.518,5.538,5.386,5.436
1585861200,5.436,5.568,5.432,5.514
1586120400,5.514,5.624,5.51,5.564
1586206800,5.564,5.564,5.458,5.504
1586293200,5.504,5.544,5.456,5.494
1586379600,5.494,5.588,5.47,5.586
1586725200,5.586,5.648,5.53,5.55
1586811600,5.55,5.572,5.462,5.484
1586898000,5.484,5.49,5.302,5.406
1586984400,5.406,5.448,5.3,5.3
1587070800,5.3,5.366,5.258,5.356
1587330000,5.356,5.62,5.356,5.476
1587416400,5.476,5.556,5.412,5.47
1587502800,5.47,5.492,5.378,5.444
1587589200,5.444,5.528,5.398,5.464
1587675600,5.464,5.494,5.298,5.334
1587934800,5.334,5.334,5.22,5.24
1588021200,5.24,5.322,5.21,5.27
1588107600,5.27,5.27,5.112,5.166
1588194000,5.166,5.256,5.074,5.25
1588280400,5.25,5.25,5.144,5.16
1588539600,5.16,5.216,5.064,5.208
1588626000,5.208,5.232,5.126,5.198
1588712400,5.198,5.222,5.136,5.168
1588798800,5.168,5.274,5.168,5.218
1588885200,5.218,5.254,5.174,5.232
1589144400,5.232,5.284,5.168,5.172
1589230800,5.172,5.186,5.084,5.144
1589317200,5.144,5.144,5.008,5.02
1589403600,5.02,5.062,4.972,5.032
1589490000,5.032,5.086,4.978,5.002
1589749200,5.002,5.028,4.942,4.98
1589835600,4.98,5.018,4.968,4.99
1589922000,4.99,5.18,4.964,5.152
1590008400,5.152,5.242,5.124,5.16
1590094800,5.16,5.164,5.038,5.094
1590440400,5.094,5.128,5.054,5.078
1590526800,5.078,5.12,5.018,5.048
1590613200,5.048,5.19,5.04,5.144
1590699600,5.144,5.228,5.122,5.218
1590958800,5.218,5.218,5.12,5.16
1591045200,5.16,5.172,5.07,5.09
1591131600,5.09,5.156,5.07,5.13
1591218000,5.13,5.292,5.122,5.252
1591304400,5.252,5.28,5.134,5.156
1591563600,5.156,5.178,5.088,5.124
1591650000,5.124,5.144,5.012,5.044
1591736400,5.044,5.096,5.028,5.072
1591822800,5.072,5.094,4.986,5.001
1591909200,5.001,5.052,4.967,5.017
1592168400,5.017,5.051,4.981,5.044
1592254800,5.044,5.073,4.915,4.957
1592341200,4.957,4.958,4.881,4.889
1592427600,4.889,4.921,4.81,4.837
1592514000,4.837,4.858,4.768,4.81
1592773200,4.81,4.857,4.775,4.852
1592859600,4.852,4.887,4.795,4.862
1592946000,4.862,4.88,4.806,4.806
1593032400,4.806,4.873,4.793,4.831
1593118800,4.831,4.849,4.67,4.715
1593378000,4.715,4.87,4.71,4.826
1593464400,4.826,4.945,4.771,4.876
1593550800,4.876,4.956,4.849,4.946
1593637200,4.946,4.951,4.847,4.882
1593982800,4.882,4.928,4.842,4.899
1594069200,4.899,4.961,4.861,4.922
1594155600,4.922,5.136,4.91,5.134
1594242000,5.134,5.273,5.118,5.208
1594328400,5.208,5.349,5.169,5.308
1594587600,5.308,5.317,5.188,5.205
1594674000,5.205,5.3,5.191,5.236
1594760400,5.236,5.48,5.234,5.477
1594846800,5.477,5.48,5.304,5.319
1594933200,5.319,5.366,5.275,5.318
1595192400,5.318,5.32,5.14,5.182
1595278800,5.182,5.285,5.153,5.246
1595365200,5.246,5.362,5.208,5.314
1595451600,5.314,5.33,5.241,5.272
1595538000,5.272,5.408,5.271,5.369
1595797200,5.369,5.369,5.236,5.238
1595883600,5.238,5.269,5.167,5.209
1595970000,5.209,5.304,5.209,5.296
1596056400,5.296,5.32,5.225,5.257
1596142800,5.257,5.328,5.257,5.282
1596402000,5.282,5.282,5.148,5.179
1596488400,5.179,5.183,5.056,5.06
1596574800,5.06,5.107,5.039,5.082
1596661200,5.082,5.127,4.988,5.005
1596747600,5.005,5.015,4.886,4.941
1597006800,4.941,4.952,4.883,4.893
1597093200,4.893,4.968,4.888,4.932
1597179600,4.932,4.964,4.871,4.898
1597266000,4.898,4.996,4.883,4.952
1597352400,4.952,5.066,4.933,4.997
1597611600,4.997,5.171,4.997,5.16
1597698000,5.16,5.164,5.032,5.081
1597784400,5.081,5.143,5.062,5.118
1597870800,5.118,5.193,5.061,5.186
1597957200,5.186,5.256,5.14,5.246
1598216400,5.246,5.31,5.145,5.179
1598302800,5.179,5.323,5.179,5.26
1598389200,5.26,5.309,5.223,5.304
1598475600,5.304,5.427,5.292,5.42
1598562000,5.42,5.458,5.379,5.388
1598821200,5.388,5.508,5.388,5.426
1598907600,5.426,5.589,5.392,5.543
1598994000,5.543,5.565,5.456,5.492
1599080400,5.492,5.517,5.417,5.448
1599166800,5.448,5.472,5.378,5.428
1599512400,5.428,5.428,5.342,5.367
1599598800,5.367,5.409,5.333,5.353
1599685200,5.353,5.482,5.351,5.404
1599771600,5.404,5.438,5.315,5.344
1600030800,5.344,5.397,5.323,5.394
1600117200,5.394,5.394,5.262,5.305
1600203600,5.305,5.351,5.258,5.344
1600290000,5.344,5.493,5.298,5.488
1600376400,5.488,5.698,5.479,5.69
1600635600,5.69,5.706,5.43,5.462
1600722000,5.462,5.593,5.428,5.512
1600808400,5.512,5.53,5.402,5.411
1600894800,5.411,5.469,5.341,5.44
1600981200,5.44,5.453,5.369,5.374
1601240400,5.374,5.448,5.312,5.43
1601326800,5.43,5.466,5.395,5.425
1601413200,5.425,5.798,5.405,5.711
1601499600,5.711,5.764,5.617,5.629
1601586000,5.629,5.699,5.548,5.67
1601845200,5.67,5.81,5.664,5.78
1601931600,5.78,5.95,5.732,5.84
1602018000,5.84,6.047,5.819,6.02
1602104400,6.02,6.103,5.87,5.895
1602190800,5.895,6.002,5.824,5.862
1602450000,5.862,5.931,5.812,5.904
1602536400,5.904,5.981,5.848,5.884
1602622800,5.884,5.943,5.816,5.911
1602709200,5.911,6.136,5.911,6.134
1602795600,6.134,6.247,6.096,6.2
1603054800,6.2,6.309,6.146,6.21
1603141200,6.21,6.328,6.181,6.278
1603227600,6.278,6.319,6.232,6.242
1603314000,6.242,6.268,6.161,6.166
1603400400,6.166,6.301,6.144,6.294
1603659600,6.294,6.294,6.11,6.148
1603746000,6.148,6.22,6.099,6.107
1603832400,6.107,6.107,5.969,6.062
1603918800,6.062,6.066,5.942,5.999
1604005200,5.999,6.03,5.911,5.946
1604268000,5.946,6.053,5.871,6.038
1604354400,6.038,6.126,6.002,6.042
1604440800,6.042,6.067,5.938,6.02
1604527200,6.02,6.222,6.02,6.061
1604613600,6.061,6.12,5.98,5.982
1604872800,5.982,6.034,5.918,5.933
1604959200,5.933,6.096,5.908,6.044
1605045600,6.044,6.101,5.925,5.947
1605132000,5.947,5.958,5.841,5.841
1605218400,5.841,5.934,5.772,5.9
1605477600,5.9,5.982,5.833,5.952
1605564000,5.952,5.999,5.91,5.934
1605650400,5.934,6.025,5.907,5.976
1605736800,5.976,5.991,5.88,5.907
1605823200,5.907,5.958,5.879,5.902
1606082400,5.902,6.012,5.902,5.958
1606168800,5.958,6.094,5.904,6.082
1606255200,6.082,6.139,5.866,5.872
1606428000,5.872,5.991,5.872,5.983
1606687200,5.983,6.008,5.764,5.781
1606773600,5.781,5.809,5.663,5.705
1606860000,5.705,5.844,5.672,5.802
1606946400,5.802,5.833,5.722,5.766
1607032800,5.766,5.777,5.678,5.681
1607292000,5.681,5.722,5.584,5.686
1607378400,5.686,5.701,5.622,5.628
1607464800,5.628,5.776,5.603,5.771
1607551200,5.771,5.922,5.766,5.906
1607637600,5.906,6.118,5.829,6.093
1607896800,6.093,6.145,5.888,5.898
1607983200,5.898,5.987,5.874,5.935
1608069600,5.935,6.006,5.831,5.91
1608156000,5.91,6.032,5.91,6.022
1608242400,6.022,6.076,5.978,6.008
1608501600,6.008,6.084,5.901,6.05
1608588000,6.05,6.13,5.966,6.094
1608674400,6.094,6.271,6.041,6.239
1608760800,6.239,6.272,6.171,6.21
1609106400,6.21,6.25,6.011,6.085
1609192800,6.085,6.17,6.053,6.132
1609279200,6.132,6.371,6.079,6.337
1609365600,6.337,6.382,6.266,6.357
1609711200,6.357,6.445,6.284,6.374
1609797600,6.374,6.587,6.34,6.484
1609884000,6.484,6.546,6.405,6.418
1609970400,6.418,6.425,6.326,6.382
1610056800,6.382,6.438,6.287,6.322
1610316000,6.322,6.461,6.237,6.308
1610402400,6.308,6.646,6.29,6.593
1610488800,6.593,6.755,6.513,6.54
1610575200,6.54,6.682,6.48,6.658
1610661600,6.658,6.879,6.594,6.7
1611007200,6.7,6.865,6.642,6.682
1611093600,6.682,6.712,6.521,6.626
1611180000,6.626,6.7,6.534,6.542
1611266400,6.542,6.542,6.289,6.306
1611525600,6.306,6.474,6.214,6.448
1611612000,6.448,6.636,6.374,6.608
1611698400,6.608,6.686,6.486,6.525
1611784800,6.525,6.607,6.396,6.429
1611871200,6.429,6.611,6.394,6.591
1612130400,6.591,6.673,6.427,6.494
1612216800,6.494,6.532,6.373,6.413
1612303200,6.413,6.464,6.226,6.439
1612389600,6.439,6.471,6.3,6.325
1612476000,6.325,6.442,6.291,6.388
1612735200,6.388,6.545,6.388,6.543
1612821600,6.543,6.576,6.37,6.489
1612908000,6.489,6.489,6.243,6.32
1612994400,6.32,6.423,6.296,6.302
1613080800,6.302,6.406,6.3,6.358
1613426400,6.358,6.57,6.358,6.567
1613512800,6.567,6.567,6.358,6.415
1613599200,6.415,6.618,6.386,6.605
1613685600,6.605,6.651,6.466,6.506
1613944800,6.506,6.644,6.493,6.623
1614031200,6.623,6.66,6.55,6.652
1614117600,6.652,6.819,6.623,6.762
1614204000,6.762,6.794,6.602,6.689
1614290400,6.689,6.689,6.523,6.531
1614549600,6.531,6.607,6.422,6.446
1614636000,6.446,6.631,6.4,6.608
1614722400,6.608,6.608,6.453,6.49
1614808800,6.49,6.565,6.42,6.458
1614895200,6.458,6.551,6.415,6.497
1615154400,6.497,6.573,6.345,6.415
1615240800,6.415,6.524,6.386,6.515
1615327200,6.515,6.516,6.362,6.468
1615413600,6.468,6.509,6.342,6.392
1615500000,6.392,6.408,6.328,6.338
1615755600,6.338,6.43,6.316,6.393
1615842000,6.393,6.433,6.274,6.418
1615928400,6.418,6.451,6.35,6.35
1616014800,6.35,6.362,6.249,6.251
1616101200,6.251,6.314,6.177,6.234
1616360400,6.234,6.266,6.174,6.242
1616446800,6.242,6.404,6.174,6.312
1616533200,6.312,6.347,6.203,6.206
1616619600,6.206,6.218,6.055,6.075
1616706000,6.075,6.154,6.048,6.108
1616965200,6.108,6.142,6.043,6.133
1617051600,6.133,6.133,5.974,5.979
1617138000,5.979,6.283,5.903,6.152
1617224400,6.152,6.222,5.983,6.054
1617570000,6.054,6.22,6.048,6.158
1617656400,6.158,6.245,6.111,6.134
1617742800,6.134,6.172,6.069,6.141
1617829200,6.141,6.287,6.136,6.267
1617915600,6.267,6.437,6.245,6.362
1618174800,6.362,6.366,6.206,6.252
1618261200,6.252,6.348,6.252,6.29
1618347600,6.29,6.521,6.284,6.438
1618434000,6.438,6.529,6.352,6.485
1618520400,6.485,6.55,6.438,6.49
1618779600,6.49,6.571,6.47,6.472
1618866000,6.472,6.738,6.456,6.558
1618952400,6.558,6.741,6.55,6.696
1619038800,6.696,7.092,6.686,7.042
1619125200,7.042,7.092,6.956,7.087
1619384400,7.087,7.4,7.087,7.32
1619470800,7.32,7.634,7.209,7.274
1619557200,7.274,7.354,7.061,7.138
1619643600,7.138,7.28,7.09,7.237
1619730000,7.237,7.308,7.12,7.302
1619989200,7.302,7.48,7.082,7.145
1620075600,7.145,7.276,7.113,7.202
1620162000,7.202,7.409,7.133,7.381
1620248400,7.381,7.506,7.268,7.5
1620334800,7.5,7.621,7.404,7.58
1620594000,7.58,7.58,7.226,7.241
1620680400,7.241,7.443,7.182,7.391
1620766800,7.391,7.466,7.198,7.25
1620853200,7.25,7.298,6.864,7.006
1620939600,7.006,7.198,6.953,7.038
1621198800,7.038,7.038,6.881,6.976
1621285200,6.976,7.14,6.884,6.936
1621371600,6.936,6.952,6.676,6.79
1621458000,6.79,6.841,6.687,6.724
1621544400,6.724,6.737,6.623,6.69
1621803600,6.69,6.69,6.5,6.597
1621890000,6.597,6.638,6.438,6.538
1621976400,6.538,6.538,6.365,6.459
1622062800,6.459,6.764,6.447,6.712
1622149200,6.712,6.752,6.583,6.61
1622494800,6.61,6.99,6.61,6.89
1622581200,6.89,6.987,6.788,6.832
1622667600,6.832,6.962,6.668,6.746
1622754000,6.746,6.874,6.734,6.82
1623013200,6.82,7.015,6.761,6.784
1623099600,6.784,6.966,6.779,6.836
1623186000,6.836,6.836,6.713,6.787
1623272400,6.787,6.866,6.704,6.803
1623358800,6.803,6.858,6.674,6.782
1623618000,6.782,6.782,6.552,6.714
1623704400,6.714,6.744,6.472,6.588
1623790800,6.588,6.69,6.565,6.606
1623877200,6.606,6.63,6.338,6.375
1623963600,6.375,6.648,6.363,6.584
1624222800,6.584,6.695,6.43,6.598
1624309200,6.598,6.702,6.487,6.498
1624395600,6.498,6.659,6.498,6.583
1624482000,6.583,6.583,6.385,6.454
1624568400,6.454,6.519,6.314,6.321
1624827600,6.321,6.537,6.321,6.44
1624914000,6.44,6.579,6.389,6.403
1625000400,6.403,6.752,6.27,6.744
1625086800,6.744,6.884,6.593,6.611
1625173200,6.611,6.673,6.43,6.463
1625518800,6.463,6.463,6.11,6.193
1625605200,6.193,6.295,6.131,6.184
1625691600,6.184,6.229,6.12,6.137
1625778000,6.137,6.16,6.051,6.1
1626037200,6.1,6.41,6.06,6.36
1626123600,6.36,6.401,6.262,6.31
1626210000,6.31,6.529,6.28,6.501
1626296400,6.501,6.688,6.469,6.676
1626382800,6.676,6.916,6.664,6.886
1626642000,6.886,7.048,6.886,6.952
1626728400,6.952,7.136,6.938,6.974
1626814800,6.974,7.075,6.958,7.064
1626901200,7.064,7.064,6.78,6.876
1626987600,6.876,6.925,6.746,6.747
1627246800,6.747,6.8,6.617,6.726
1627333200,6.726,6.864,6.682,6.702
1627419600,6.702,6.927,6.702,6.87
1627506000,6.87,7.029,6.852,7.013
1627592400,7.013,7.076,6.913,7
1627851600,7,7.284,7,7.271
1627938000,7.271,7.314,7.145,7.214
1628024400,7.214,7.353,7.114,7.136
1628110800,7.136,7.222,7.067,7.102
1628197200,7.102,7.214,7.063,7.168
1628456400,7.168,7.207,7.055,7.09
1628542800,7.09,7.27,7.058,7.248
1628629200,7.248,7.294,7.161,7.218
1628715600,7.218,7.57,7.202,7.468
1628802000,7.468,7.707,7.436,7.593
1629061200,7.593,7.688,7.566,7.604
1629147600,7.604,7.634,7.312,7.332
1629234000,7.332,7.399,7.213,7.353
1629320400,7.353,7.36,7.168,7.282
1629406800,7.282,7.335,7.098,7.15
1629666000,7.15,7.315,7.106,7.209
1629752400,7.209,7.237,7.114,7.188
1629838800,7.188,7.206,7.054,7.133
1629925200,7.133,7.277,7.104,7.27
1630011600,7.27,7.317,7.187,7.192
1630270800,7.192,7.305,7.1,7.114
1630357200,7.114,7.132,6.951,7.118
1630443600,7.118,7.17,6.972,7.018
1630530000,7.018,7.092,6.938,7.051
1630616400,7.051,7.152,7.003,7.148
1630962000,7.148,7.216,7.028,7.088
1631048400,7.088,7.124,6.962,6.99
1631134800,6.99,7,6.809,6.818
1631221200,6.818,6.851,6.675,6.776
1631480400,6.776,6.788,6.69,6.766
1631566800,6.766,6.912,6.754,6.895
1631653200,6.895,7.042,6.852,7.017
1631739600,7.017,7.064,6.947,7.031
1631826000,7.031,7.056,6.965,6.97
1632085200,6.97,7.007,6.863,6.91
1632171600,6.91,6.915,6.768,6.802
1632258000,6.802,6.974,6.788,6.964
1632344400,6.964,7.1,6.947,7.091
1632430800,7.091,7.161,7.022,7.134
1632690000,7.134,7.193,7.115,7.134
1632776400,7.134,7.175,6.973,6.999
1632862800,6.999,7.086,6.993,7.024
1632949200,7.024,7.235,6.936,7.165
1633035600,7.165,7.484,7.139,7.484
1633294800,7.484,7.546,7.399,7.479
1633381200,7.479,7.484,7.354,7.367
1633467600,7.367,7.481,7.338,7.363
1633554000,7.363,7.44,7.314,7.327
1633640400,7.327,7.382,7.238,7.24
1633899600,7.24,7.317,7.232,7.248
1633986000,7.248,7.36,7.116,7.279
1634072400,7.279,7.304,7.054,7.104
1634158800,7.104,7.224,7.104,7.172
1634245200,7.172,7.332,7.153,7.266
1634504400,7.266,7.317,7.217,7.294
1634590800,7.294,7.386,7.284,7.314
1634677200,7.314,7.434,7.3,7.429
1634763600,7.429,7.459,7.319,7.352
1634850000,7.352,7.528,7.352,7.514
1635109200,7.514,7.606,7.47,7.544
1635195600,7.544,7.588,7.414,7.44
1635282000,7.44,7.569,7.392,7.544
1635368400,7.544,7.739,7.456,7.679
1635454800,7.679,7.74,7.579,7.678
1635714000,7.678,7.948,7.63,7.926
1635800400,7.926,8.016,7.845,7.846
1635886800,7.846,7.903,7.724,7.754
1635973200,7.754,7.892,7.674,7.692
1636059600,7.692,7.764,7.608,7.624
1636322400,7.624,7.683,7.581,7.635
1636408800,7.635,7.789,7.603,7.775
1636495200,7.775,7.992,7.736,7.982
1636581600,7.982,8.205,7.941,8.09
1636668000,8.09,8.223,8.014,8.126
1636927200,8.126,8.257,8.096,8.233
1637013600,8.233,8.235,8.062,8.072
1637100000,8.072,8.312,8.071,8.205
1637186400,8.205,8.398,8.157,8.172
1637272800,8.172,8.275,8.103,8.198
1637532000,8.198,8.452,8.198,8.431
1637618400,8.431,8.538,8.353,8.531
1637704800,8.531,8.605,8.333,8.384
1637791200,8.384,8.433,8.384,8.387
1637877600,8.387,8.387,8.178,8.312
1638136800,8.312,8.417,8.061,8.094
1638223200,8.094,8.11,7.705,7.769
1638309600,7.769,7.868,7.733,7.773
1638396000,7.773,8.079,7.773,8.038
1638482400,8.038,8.103,7.847,7.938
1638741600,7.938,8,7.779,7.956
1638828000,7.956,8.016,7.861,7.982
1638914400,7.982,8.005,7.793,7.834
1639000800,7.834,7.842,7.598,7.666
1639087200,7.666,7.771,7.571,7.727
1639346400,7.727,7.831,7.653,7.777
1639432800,7.777,7.818,7.67,7.761
1639519200,7.761,7.764,7.409,7.461
1639605600,7.461,7.628,7.413,7.586
1639692000,7.586,7.7,7.555,7.65
1639951200,7.65,7.691,7.482,7.682
1640037600,7.682,7.9,7.628,7.87
1640124000,7.87,8.072,7.836,8.037
1640210400,8.037,8.107,7.984,8.06
1640556000,8.06,8.144,7.932,7.96
1640642400,7.96,7.987,7.73,7.754
1640728800,7.754,7.843,7.655,7.806
1640815200,7.806,7.831,7.673,7.718
1640901600,7.718,7.793,7.613,7.618
1641160800,7.618,7.742,7.45,7.502
1641247200,7.502,7.635,7.484,7.612
1641333600,7.612,7.637,7.482,7.526
1641420000,7.526,7.536,7.288,7.389
1641506400,7.389,7.532,7.284,7.527
1641765600,7.527,7.604,7.411,7.542
1641852000,7.542,7.633,7.513,7.614
1641938400,7.614,7.629,7.465,7.503
1642024800,7.503,7.508,7.345,7.39
1642111200,7.39,7.403,7.306,7.36
1642456800,7.36,7.651,7.355,7.638
1642543200,7.638,7.907,7.634,7.888
1642629600,7.888,7.965,7.777,7.829
1642716000,7.829,7.848,7.724,7.726
1642975200,7.726,7.965,7.7,7.955
1643061600,7.955,8.254,7.948,8.106
1643148000,8.106,8.106,7.816,7.871
1643234400,7.871,7.899,7.688,7.711
1643320800,7.711,7.881,7.697,7.828
1643580000,7.828,7.936,7.522,7.566
1643666400,7.566,7.721,7.559,7.65
1643752800,7.65,7.737,7.447,7.507
1643839200,7.507,7.519,7.358,7.493
1643925600,7.493,7.628,7.441,7.6
1644184800,7.6,7.718,7.562,7.659
1644271200,7.659,7.782,7.5,7.76
1644357600,7.76,7.843,7.668,7.806
1644444000,7.806,7.978,7.62,7.675
1644530400,7.675,8.027,7.61,7.955
1644789600,7.955,8.099,7.774,7.966
1644876000,7.966,7.966,7.7,7.748
1644962400,7.748,7.838,7.706,7.756
1645048800,7.756,7.963,7.725,7.946
1645135200,7.946,8.095,7.879,7.92
1645480800,7.92,8.451,7.92,8.402
1645567200,8.402,8.796,8.34,8.742
1645653600,8.742,9.256,8.742,9.234
1645740000,9.234,9.506,8.508,8.509
1645999200,8.509,9.257,8.509,9.257
1646085600,9.257,9.746,9.233,9.746
1646172000,9.746,10.494,9.746,10.49
1646258400,10.49,11.234,10.49,11.234
1646344800,11.234,11.988,11.234,11.979
1646604000,11.979,12.826,11.979,12.826
1646690400,12.826,13.45,11.518,12.72
1646776800,12.72,12.72,11.904,11.91
1646863200,11.91,12.104,10.703,10.724
1646949600,10.724,11.172,10.348,10.968
1647205200,10.968,11.388,10.554,10.846
1647291600,10.846,11.518,10.791,11.47
1647378000,11.47,11.47,10.609,10.609
1647464400,10.609,10.997,10.236,10.836
1647550800,10.836,10.974,10.476,10.522
1647810000,10.522,11.41,10.522,11.104
1647896400,11.104,11.612,10.948,11.126
1647982800,11.126,11.312,10.94,10.974
1648069200,10.974,11.078,10.732,10.786
1648155600,10.786,11.017,10.579,10.93
1648414800,10.93,10.93,10.407,10.442
1648501200,10.442,10.618,9.661,10.071
1648587600,10.071,10.354,9.962,10.25
1648674000,10.25,10.678,9.98,10.012
1648760400,10.012,10.269,9.772,9.779
1649019600,9.779,10.092,9.779,10.067
1649106000,10.067,10.687,10.067,10.436
1649192400,10.436,10.511,10.188,10.342
1649278800,10.342,10.394,10.128,10.16
1649365200,10.16,10.491,10.121,10.456
1649624400,10.456,10.872,10.456,10.761
1649710800,10.761,11.13,10.7,10.992
1649797200,10.992,11.194,10.754,11.094
1649883600,11.094,11.232,10.908,10.916
1650229200,10.916,11.314,10.916,11.162
1650315600,11.162,11.319,10.952,10.956
1650402000,10.956,11.07,10.642,10.908
1650488400,10.908,10.908,10.512,10.66
1650574800,10.66,10.744,10.503,10.64
1650834000,10.64,10.794,10.46,10.634
1650920400,10.634,10.967,10.634,10.851
1651006800,10.851,10.876,10.685,10.81
1651093200,10.81,10.966,10.714,10.744
1651179600,10.744,10.926,10.45,10.46
1651438800,10.46,10.622,10.254,10.442
1651525200,10.442,10.599,10.354,10.379
1651611600,10.379,10.796,10.337,10.668
1651698000,10.668,11.127,10.668,10.934
1651784400,10.934,11.186,10.791,10.992
1652043600,10.992,11.261,10.816,10.822
1652130000,10.822,10.985,10.751,10.872
1652216400,10.872,11.182,10.866,11.07
1652302800,11.07,11.745,10.947,11.613
1652389200,11.613,11.897,11.502,11.712
1652648400,11.712,12.4,11.712,12.39
1652734800,12.39,12.75,11.93,12.706
1652821200,12.706,12.712,12.036,12.232
1652907600,12.232,12.394,11.858,11.942
1652994000,11.942,11.978,11.607,11.624
1653253200,11.624,11.892,11.624,11.862
1653339600,11.862,12.017,11.314,11.47
1653426000,11.47,11.52,11.082,11.429
1653512400,11.429,11.536,11.087,11.368
1653598800,11.368,11.638,11.272,11.494
1653944400,11.494,11.494,10.818,10.818
1654030800,10.818,10.92,10.222,10.357
1654117200,10.357,10.696,10.324,10.568
1654203600,10.568,10.642,10.316,10.359
1654462800,10.359,11.037,10.359,10.926
1654549200,10.926,10.96,10.54,10.705
1654635600,10.705,10.842,10.576,10.708
1654722000,10.708,10.776,10.399,10.684
1654808400,10.684,10.77,10.49,10.69
1655067600,10.69,10.894,10.498,10.642
1655154000,10.642,10.69,10.428,10.464
1655240400,10.464,10.542,10.332,10.443
1655326800,10.443,10.776,10.418,10.734
1655413200,10.734,10.772,10.248,10.271
1655758800,10.271,10.271,9.693,9.725
1655845200,9.725,10.019,9.566,9.695
1655931600,9.695,9.71,9.316,9.358
1656018000,9.358,9.574,9.197,9.212
1656277200,9.212,9.376,8.998,9.05
1656363600,9.05,9.356,9.05,9.199
1656450000,9.199,9.415,9.154,9.182
1656536400,9.182,9.258,8.684,8.768
1656622800,8.768,8.831,8.293,8.294
1656968400,8.294,8.294,7.937,7.939
1657054800,7.939,8.234,7.751,7.956
1657141200,7.956,8.342,7.956,8.272
1657227600,8.272,8.83,8.272,8.817
1657486800,8.817,9.273,8.432,8.447
1657573200,8.447,8.586,8,8.014
1657659600,8.014,8.302,7.977,8.045
1657746000,8.045,8.194,7.827,7.859
1657832400,7.859,7.95,7.569,7.716
1658091600,7.716,8.157,7.696,7.99
1658178000,7.99,8.132,7.838,8.028
1658264400,8.028,8.342,7.924,8.146
1658350800,8.146,8.251,7.872,8.004
1658437200,8.004,8.004,7.463,7.476
1658696400,7.476,7.83,7.476,7.621
1658782800,7.621,7.979,7.621,7.974
1658869200,7.974,8.108,7.748,7.825
1658955600,7.825,8.165,7.812,8.096
1659042000,8.096,8.378,7.937,8.05
1659301200,8.05,8.132,7.75,7.95
1659387600,7.95,7.95,7.665,7.675
1659474000,7.675,7.838,7.461,7.6
1659560400,7.6,7.834,7.521,7.76
1659646800,7.76,7.904,7.636,7.704
1659906000,7.704,7.882,7.554,7.764
1659992400,7.764,7.96,7.675,7.765
1660078800,7.765,8.03,7.751,7.974
1660165200,7.974,8.14,7.897,8.052
1660251600,8.052,8.052,7.776,7.994
1660510800,7.994,8.003,7.751,7.952
1660597200,7.952,8.065,7.791,7.822
1660683600,7.822,7.938,7.579,7.618
1660770000,7.618,7.638,7.25,7.296
1660856400,7.296,7.548,7.272,7.532
1661115600,7.532,7.728,7.444,7.68
1661202000,7.68,8.004,7.667,7.818
1661288400,7.818,7.986,7.739,7.948
1661374800,7.948,8.024,7.678,7.686
1661461200,7.686,7.94,7.654,7.929
1661720400,7.929,8.3,7.767,8.232
1661806800,8.232,8.274,7.986,8.016
1661893200,8.016,8.208,7.89,8.147
1661979600,8.147,8.171,7.742,7.792
1662066000,7.792,8.02,7.79,7.922
1662411600,7.922,8.078,7.848,8.026
1662498000,8.026,8.558,7.925,8.24
1662584400,8.24,8.396,8.014,8.154
1662670800,8.154,8.552,8.096,8.546
1662930000,8.546,8.609,8.32,8.416
1663016400,8.416,8.593,8.341,8.436
1663102800,8.436,8.58,8.338,8.561
1663189200,8.561,8.676,8.278,8.281
1663275600,8.281,8.504,8.152,8.427
1663534800,8.427,8.454,8.054,8.14
1663621200,8.14,8.808,8.124,8.754
1663707600,8.754,9.032,8.579,8.864
1663794000,8.864,9.067,8.758,8.93
1663880400,8.93,8.974,8.614,8.617
1664139600,8.617,8.759,8.402,8.436
1664226000,8.436,8.798,8.436,8.568
1664312400,8.568,8.904,8.48,8.887
1664398800,8.887,8.998,8.736,8.81
1664485200,8.81,9.309,8.788,9.066
1664744400,9.066,9.246,8.95,8.984
1664830800,8.984,9.132,8.844,8.905
1664917200,8.905,9.064,8.814,8.91
1665003600,8.91,8.944,8.608,8.705
1665090000,8.705,8.842,8.603,8.704
1665349200,8.704,9.368,8.704,9.215
1665435600,9.215,9.24,8.862,8.891
1665522000,8.891,8.916,8.656,8.722
1665608400,8.722,8.946,8.52,8.798
1665694800,8.798,8.872,8.465,8.514
1665954000,8.514,8.672,8.451,8.488
1666040400,8.488,8.554,8.227,8.406
1666126800,8.406,8.526,8.259,8.318
1666213200,8.318,8.456,8.274,8.399
1666299600,8.399,8.532,8.237,8.398
1666558800,8.398,8.467,8.248,8.298
1666645200,8.298,8.357,8.183,8.242
1666731600,8.242,8.38,8.157,8.336
1666818000,8.336,8.494,8.253,8.305
1666904400,8.305,8.32,8.146,8.222
1667163600,8.222,8.845,8.222,8.708
1667250000,8.708,8.96,8.598,8.902
1667336400,8.902,8.938,8.306,8.378
1667422800,8.378,8.419,8.208,8.33
1667509200,8.33,8.482,8.269,8.406
1667772000,8.406,8.568,8.276,8.409
1667858400,8.409,8.486,8.187,8.224
1667944800,8.224,8.28,7.995,8
1668031200,8,8.1,7.898,7.967
1668117600,7.967,8.14,7.939,8.08
1668376800,8.08,8.235,7.998,8.136
1668463200,8.136,8.356,7.944,8.22
1668549600,8.22,8.22,7.978,8.105
1668636000,8.105,8.105,7.903,7.995
1668722400,7.995,8.094,7.946,7.97
1668981600,7.97,8.032,7.812,7.944
1669068000,7.944,8.01,7.862,7.886
1669154400,7.886,7.936,7.776,7.903
1669327200,7.903,7.973,7.703,7.71
1669586400,7.71,7.74,7.525,7.59
1669672800,7.59,7.706,7.566,7.612
1669759200,7.612,7.779,7.607,7.736
1669845600,7.736,7.747,7.599,7.608
1669932000,7.608,7.623,7.36,7.406
1670191200,7.406,7.484,7.156,7.209
1670277600,7.209,7.244,7.055,7.122
1670364000,7.122,7.374,7.08,7.308
1670450400,7.308,7.37,7.193,7.295
1670536800,7.295,7.34,7.13,7.144
1670796000,7.144,7.42,7.144,7.382
1670882400,7.382,7.512,7.324,7.327
1670968800,7.327,7.343,7.206,7.326
1671055200,7.326,7.496,7.282,7.406
1671141600,7.406,7.471,7.34,7.411
1671400800,7.411,7.43,7.225,7.324
1671487200,7.324,7.45,7.286,7.34
1671573600,7.34,7.582,7.334,7.513
1671660000,7.513,7.603,7.422,7.452
1671746400,7.452,7.618,7.436,7.578
1672092000,7.578,7.689,7.539,7.611
1672178400,7.611,7.723,7.556,7.704
1672264800,7.704,7.712,7.508,7.598
1672351200,7.598,7.837,7.57,7.766
1672696800,7.766,7.801,7.558,7.644
1672783200,7.644,7.656,7.312,7.327
1672869600,7.327,7.387,7.233,7.336
1672956000,7.336,7.438,7.299,7.304
1673215200,7.304,7.454,7.283,7.297
1673301600,7.297,7.304,7.09,7.171
1673388000,7.171,7.303,7.13,7.272
1673474400,7.272,7.356,7.12,7.325
1673560800,7.325,7.367,7.262,7.318
1673906400,7.318,7.45,7.184,7.382
1673992800,7.382,7.492,7.3,7.312
1674079200,7.312,7.383,7.237,7.237
1674165600,7.237,7.328,7.178,7.32
1674424800,7.32,7.32,7.034,7.126
1674511200,7.126,7.298,7.106,7.247
1674597600,7.247,7.372,7.247,7.312
1674684000,7.312,7.488,7.292,7.43
1674770400,7.43,7.445,7.354,7.402
1675029600,7.402,7.54,7.352,7.444
1675116000,7.444,7.584,7.341,7.532
1675202400,7.532,7.543,7.366,7.506
1675288800,7.506,7.627,7.427,7.521
1675375200,7.521,7.689,7.436,7.493
1675634400,7.493,7.593,7.385,7.424
1675720800,7.424,7.501,7.378,7.434
1675807200,7.434,7.592,7.413,7.578
1675893600,7.578,7.638,7.495,7.495
1675980000,7.495,7.834,7.486,7.818
1676239200,7.818,7.9,7.704,7.844
1676325600,7.844,7.917,7.788,7.8
1676412000,7.8,7.828,7.631,7.649
1676498400,7.649,7.676,7.587,7.616
1676584800,7.616,7.669,7.57,7.612
1676930400,7.612,7.704,7.482,7.494
1677016800,7.494,7.528,7.337,7.371
1677103200,7.371,7.454,7.342,7.385
1677189600,7.385,7.404,7.05,7.07
1677448800,7.07,7.118,6.942,6.976
1677535200,6.976,7.031,6.912,6.953
1677621600,6.953,7.028,6.905,7.004
1677708000,7.004,7.104,6.973,7.011
1677794400,7.011,7.043,6.952,6.978
1678053600,6.978,6.994,6.832,6.854
1678140000,6.854,6.932,6.794,6.866
1678226400,6.866,6.891,6.742,6.771
1678312800,6.771,6.816,6.55,6.566
1678399200,6.566,6.737,6.516,6.736
1678654800,6.736,6.865,6.581,6.749
1678741200,6.749,6.904,6.684,6.866
1678827600,6.866,6.967,6.84,6.923
1678914000,6.923,6.934,6.828,6.895
1679000400,6.895,7.037,6.892,6.997
1679259600,6.997,6.997,6.87,6.908
1679346000,6.908,6.971,6.727,6.727
1679432400,6.727,6.76,6.466,6.553
1679518800,6.553,6.676,6.5,6.515
1679605200,6.515,6.927,6.488,6.822
1679864400,6.822,6.991,6.733,6.9
1679950800,6.9,6.975,6.846,6.921
1680037200,6.921,7.17,6.897,6.98
1680123600,6.98,7.03,6.838,6.845
1680210000,6.845,6.945,6.748,6.851
1680469200,6.851,7.039,6.851,6.901
1680555600,6.901,6.954,6.823,6.855
1680642000,6.855,6.874,6.694,6.745
1680728400,6.745,6.784,6.66,6.699
1681074000,6.699,6.822,6.633,6.75
1681160400,6.75,6.813,6.618,6.687
1681246800,6.687,6.792,6.685,6.741
1681333200,6.741,6.756,6.603,6.631
1681419600,6.631,6.808,6.569,6.804
1681678800,6.804,6.929,6.71,6.909
1681765200,6.909,7.023,6.862,6.943
1681851600,6.943,6.952,6.78,6.784
1681938000,6.784,6.817,6.647,6.667
1682024400,6.667,6.719,6.558,6.596
1682283600,6.596,6.667,6.443,6.452
1682370000,6.452,6.478,6.304,6.407
1682456400,6.407,6.452,6.291,6.298
1682542800,6.298,6.328,6.138,6.186
1682629200,6.186,6.272,6.13,6.214
1682888400,6.214,6.241,6.028,6.073
1682974800,6.073,6.155,5.971,5.998
1683061200,5.998,6.312,5.935,6.297
1683147600,6.297,6.397,6.185,6.335
1683234000,6.335,6.526,6.33,6.478
1683493200,6.478,6.58,6.42,6.42
1683579600,6.42,6.425,6.229,6.34
1683666000,6.34,6.375,6.2,6.305
1683752400,6.305,6.311,6.159,6.179
1683838800,6.179,6.44,6.166,6.26
1684098000,6.26,6.542,6.235,6.532
1684184400,6.532,6.545,6.311,6.383
1684270800,6.383,6.45,6.076,6.148
1684357200,6.148,6.17,5.974,6.028
1684443600,6.028,6.121,5.941,5.972
1684702800,5.972,6.059,5.888,5.982
1684789200,5.982,6.169,5.867,6.15
1684875600,6.15,6.168,5.953,5.981
1684962000,5.981,6.092,5.92,5.992
1685048400,5.992,6.112,5.955,6.1
1685394000,6.1,6.1,5.826,5.838
1685480400,5.838,5.889,5.674,5.876
1685566800,5.876,6.112,5.867,6.048
1685653200,6.048,6.164,5.962,6.14
1685912400,6.14,6.255,6.1,6.186
1685998800,6.186,6.42,6.155,6.216
1686085200,6.216,6.296,6.077,6.105
1686171600,6.105,6.235,6.061,6.204
1686258000,6.204,6.27,6.134,6.256
1686517200,6.256,6.336,6.176,6.298
1686603600,6.298,6.444,6.22,6.312
1686690000,6.312,6.34,6.204,6.256
1686776400,6.256,6.6,6.238,6.58
1686862800,6.58,6.927,6.544,6.836
1687208400,6.836,6.971,6.74,6.927
1687294800,6.927,7.322,6.927,7.318
1687381200,7.318,7.442,7.229,7.362
1687467600,7.362,7.362,7.17,7.278
1687726800,7.278,7.54,7.178,7.21
1687813200,7.21,7.228,6.81,6.834
1687899600,6.834,6.919,6.538,6.55
1687986000,6.55,6.642,6.512,6.548
1688072400,6.548,6.671,6.336,6.336
1688331600,6.336,6.432,6.271,6.274
1688504400,6.274,6.673,6.274,6.611
1688590800,6.611,6.611,6.399,6.444
1688677200,6.444,6.5,6.32,6.396
1688936400,6.396,6.485,6.312,6.347
1689022800,6.347,6.538,6.331,6.489
1689109200,6.489,6.514,6.216,6.226
1689195600,6.226,6.34,6.116,6.296
1689282000,6.296,6.526,6.274,6.492
1689541200,6.492,6.787,6.411,6.433
1689627600,6.433,6.646,6.328,6.595
1689714000,6.595,7.205,6.552,7.151
1689800400,7.151,7.396,7.009,7.166
1689886800,7.166,7.225,6.841,6.864
1690146000,6.864,7.473,6.864,7.473
1690232400,7.473,7.666,7.266,7.512
1690318800,7.512,7.512,6.998,7.105
1690405200,7.105,7.303,7.034,7.04
1690491600,7.04,7.112,6.805,6.956
1690750800,6.956,6.956,6.526,6.58
1690837200,6.58,6.67,6.358,6.456
1690923600,6.456,6.761,6.29,6.33
1691010000,6.33,6.41,6.195,6.208
1691096400,6.208,6.466,6.204,6.288
1691355600,6.288,6.573,6.288,6.511
1691442000,6.511,6.557,6.368,6.486
1691528400,6.486,6.518,6.28,6.302
1691614800,6.302,6.37,6.287,6.314
1691701200,6.314,6.328,6.199,6.219
1691960400,6.219,6.303,6.021,6.094
1692046800,6.094,6.112,5.926,5.94
1692133200,5.94,6.035,5.886,5.952
1692219600,5.952,5.972,5.84,5.871
1692306000,5.871,6.119,5.868,6.108
1692565200,6.108,6.175,5.95,5.974
1692651600,5.974,6.086,5.938,6
1692738000,6,6.155,5.97,6.114
1692824400,6.114,6.146,5.994,6.052
1692910800,6.052,6.1,5.892,5.935
1693170000,5.935,6.018,5.87,5.911
1693256400,5.911,5.924,5.75,5.755
1693342800,5.755,5.856,5.749,5.81
1693429200,5.81,5.908,5.697,5.764
1693515600,5.764,5.88,5.714,5.718
1693861200,5.718,5.821,5.694,5.772
1693947600,5.772,5.918,5.76,5.862
1694034000,5.862,5.904,5.754,5.761
1694120400,5.761,5.798,5.682,5.732
1694379600,5.732,5.754,5.59,5.631
1694466000,5.631,5.698,5.5,5.66
1694552400,5.66,5.799,5.639,5.741
1694638800,5.741,5.765,5.628,5.715
1694725200,5.715,5.86,5.71,5.832
1694984400,5.832,5.835,5.674,5.69
1695070800,5.69,5.728,5.616,5.644
1695157200,5.644,5.764,5.624,5.694
1695243600,5.694,5.698,5.564,5.564
1695330000,5.564,5.636,5.54,5.607
1695589200,5.607,5.715,5.558,5.713
1695675600,5.713,5.782,5.654,5.713
1695762000,5.713,5.764,5.608,5.623
1695848400,5.623,5.658,5.581,5.614
1695934800,5.614,5.683,5.242,5.249
1696194000,5.249,5.508,5.249,5.505
1696280400,5.505,5.586,5.47,5.525
1696366800,5.525,5.538,5.366,5.438
1696453200,5.438,5.644,5.438,5.614
1696539600,5.614,5.642,5.515,5.534
1696798800,5.534,5.666,5.534,5.574
1696885200,5.574,5.597,5.415,5.442
1696971600,5.442,5.466,5.374,5.426
1697058000,5.426,5.602,5.339,5.588
1697144400,5.588,5.719,5.557,5.654
1697403600,5.654,5.748,5.619,5.651
1697490000,5.651,5.692,5.555,5.58
1697576400,5.58,5.711,5.58,5.687
1697662800,5.687,5.814,5.642,5.81
1697749200,5.81,5.912,5.709,5.711
1698008400,5.711,5.831,5.702,5.75
1698094800,5.75,5.756,5.612,5.676
1698181200,5.676,5.746,5.563,5.573
1698267600,5.573,5.693,5.525,5.688
1698354000,5.688,5.714,5.602,5.651
1698613200,5.651,5.668,5.552,5.558
1698699600,5.558,5.57,5.449,5.48
1698786000,5.48,5.551,5.452,5.525
1698872400,5.525,5.6,5.482,5.552
1698958800,5.552,5.652,5.546,5.635
1699221600,5.635,5.693,5.584,5.671
1699308000,5.671,5.74,5.562,5.636
1699394400,5.636,5.902,5.622,5.819
1699480800,5.819,5.819,5.653,5.734
1699567200,5.734,5.751,5.632,5.683
1699826400,5.683,5.749,5.605,5.722
1699912800,5.722,5.78,5.637,5.654
1699999200,5.654,5.726,5.518,5.544
1700085600,5.544,5.544,5.42,5.48
1700172000,5.48,5.516,5.415,5.439
1700431200,5.439,5.473,5.362,5.398
1700517600,5.398,5.526,5.374,5.511
1700604000,5.511,5.589,5.511,5.543
1700776800,5.543,5.543,5.439,5.475
1701036000,5.475,5.51,5.272,5.31
1701122400,5.31,5.44,5.281,5.438
1701208800,5.438,5.571,5.419,5.557
1701295200,5.557,5.683,5.521,5.679
1701381600,5.679,5.793,5.593,5.71
1701640800,5.71,5.954,5.71,5.878
1701727200,5.878,6.052,5.862,5.994
1701813600,5.994,6.181,5.956,6.019
1701900000,6.019,6.14,5.919,6.12
1701986400,6.12,6.143,5.989,6.028
1702245600,6.028,6.039,5.793,5.813
1702332000,5.813,6.004,5.806,5.975
1702418400,5.975,5.981,5.754,5.797
1702504800,5.797,5.919,5.797,5.893
1702591200,5.893,6.023,5.84,6.02
1702850400,6.02,6.034,5.886,5.919
1702936800,5.919,5.98,5.857,5.97
1703023200,5.97,5.991,5.839,5.858
1703109600,5.858,5.918,5.85,5.875
1703196000,5.875,5.933,5.859,5.914
1703541600,5.914,6.15,5.882,6.126
1703628000,6.126,6.128,5.958,6.002
1703714400,6.002,6.124,5.984,6.084
1703800800,6.084,6.098,5.984,6.051
1704146400,6.051,6.059,5.836,5.867
1704232800,5.867,5.883,5.776,5.803
1704319200,5.803,5.934,5.711,5.916
1704405600,5.916,6.004,5.908,5.958
1704664800,5.958,5.967,5.737,5.774
1704751200,5.774,5.942,5.75,5.9
1704837600,5.9,5.927,5.849,5.906
1704924000,5.906,5.955,5.836,5.856
1705010400,5.856,5.93,5.695,5.788
1705356000,5.788,5.85,5.605,5.652
1705442400,5.652,5.792,5.617,5.652
1705528800,5.652,5.708,5.574,5.684
1705615200,5.684,5.817,5.684,5.772
1705874400,5.772,5.848,5.721,5.797
1705960800,5.797,5.917,5.79,5.832
1706047200,5.832,5.971,5.82,5.967
1706133600,5.967,6.022,5.92,5.972
1706220000,5.972,5.992,5.784,5.88
1706479200,5.88,5.881,5.746,5.815
1706565600,5.815,5.936,5.718,5.916
1706652000,5.916,5.922,5.792,5.833
1706738400,5.833,5.907,5.75,5.883
1706824800,5.883,5.99,5.839,5.893
1707084000,5.893,5.893,5.759,5.796
1707170400,5.796,5.865,5.774,5.842
1707256800,5.842,5.961,5.803,5.9
1707343200,5.9,5.916,5.739,5.808
1707429600,5.808,5.953,5.78,5.878
1707688800,5.878,5.94,5.794,5.882
1707775200,5.882,5.947,5.836,5.894
1707861600,5.894,5.894,5.694,5.772
1707948000,5.772,5.772,5.612,5.617
1708034400,5.617,5.637,5.504,5.543
1708380000,5.543,5.769,5.491,5.729
1708466400,5.729,5.756,5.665,5.732
1708552800,5.732,5.894,5.697,5.747
1708639200,5.747,5.827,5.636,5.644
1708898400,5.644,5.717,5.558,5.698
1708984800,5.698,5.852,5.673,5.802
1709071200,5.802,5.804,5.674,5.722
1709157600,5.722,5.771,5.65,5.722
1709244000,5.722,5.727,5.516,5.551
1709503200,5.551,5.639,5.493,5.6
1709589600,5.6,5.612,5.424,5.476
1709676000,5.476,5.476,5.26,5.285
1709762400,5.285,5.35,5.246,5.256
1709848800,5.256,5.391,5.239,5.349
1710104400,5.349,5.469,5.202,5.44
1710190800,5.44,5.525,5.38,5.445
1710277200,5.445,5.505,5.336,5.398
1710363600,5.398,5.398,5.252,5.294
1710450000,5.294,5.342,5.238,5.263
1710709200,5.263,5.409,5.242,5.391
1710795600,5.391,5.504,5.362,5.504
1710882000,5.504,5.504,5.342,5.43
1710968400,5.43,5.494,5.375,5.448
1711054800,5.448,5.562,5.368,5.528
1711314000,5.528,5.641,5.469,5.529
1711400400,5.529,5.547,5.4,5.404
1711486800,5.404,5.468,5.362,5.456
1711573200,5.456,5.66,5.424,5.592
1711918800,5.592,5.592,5.45,5.553
1712005200,5.553,5.603,5.414,5.431
1712091600,5.431,5.574,5.382,5.539
1712178000,5.539,5.604,5.472,5.545
1712264400,5.545,5.724,5.53,5.655
1712523600,5.655,5.714,5.574,5.634
1712610000,5.634,5.634,5.517,5.558
1712696400,5.558,5.652,5.538,5.558
1712782800,5.558,5.581,5.47,5.501
1712869200,5.501,5.596,5.478,5.542
1713128400,5.542,5.542,5.442,5.511
1713214800,5.511,5.568,5.43,5.493
1713301200,5.493,5.546,5.361,5.383
1713387600,5.383,5.443,5.353,5.378
1713474000,5.378,5.595,5.372,5.523
1713733200,5.523,5.806,5.508,5.73
1713819600,5.73,5.883,5.685,5.881
1713906000,5.881,6.014,5.812,5.983
1713992400,5.983,6.079,5.969,6.048
1714078800,6.048,6.177,6.013,6.077
1714338000,6.077,6.086,5.885,5.938
1714424400,5.938,5.938,5.818,5.906
1714510800,5.906,5.946,5.801,5.859
1714597200,5.859,6.016,5.822,5.898
1714683600,5.898,6.183,5.898,6.092
1714942800,6.092,6.363,5.966,6.326
1715029200,6.326,6.399,6.228,6.294
1715115600,6.294,6.356,6.151,6.214
1715202000,6.214,6.342,6.189,6.247
1715288400,6.247,6.518,6.247,6.492
1715547600,6.492,6.809,6.42,6.731
1715634000,6.731,6.827,6.554,6.622
1715720400,6.622,6.84,6.502,6.544
1715806800,6.544,6.69,6.45,6.508
1715893200,6.508,6.642,6.388,6.391
1716152400,6.391,6.797,6.391,6.763
1716238800,6.763,6.89,6.708,6.869
1716325200,6.869,7.049,6.775,6.831
1716411600,6.831,6.914,6.715,6.898
1716498000,6.898,6.949,6.783,6.883
1716843600,6.883,7.17,6.837,6.921
1716930000,6.921,6.962,6.788,6.836
1717016400,6.836,6.836,6.644,6.713
1717102800,6.713,6.82,6.649,6.711
1717362000,6.711,6.89,6.594,6.651
1717448400,6.651,6.731,6.497,6.509
1717534800,6.509,6.563,6.351,6.381
1717621200,6.381,6.466,6.311,6.321
1717707600,6.321,6.321,6.117,6.202
1717966800,6.202,6.204,6.005,6.005
1718053200,6.005,6.267,5.996,6.2
1718139600,6.2,6.216,6.05,6.094
1718226000,6.094,6.214,6.086,6.13
1718312400,6.13,6.168,6.056,6.062
1718571600,6.062,6.062,5.852,5.859
1718658000,5.85,5.898,5.763,5.765
1718830800,5.78,5.798,5.634,5.642
1718917200,5.647,5.736,5.548,5.57
1719176400,5.587,5.6,5.46,5.53
1719262800,5.541,5.558,5.412,5.414
1719349200,5.407,5.542,5.393,5.416
1719435600,5.431,5.632,5.422,5.627
1719522000,5.58,5.682,5.484,5.573
1719781200,5.528,5.74,5.524,5.718
1719867600,5.705,5.725,5.616,5.648
1719954000,5.648,5.715,5.563,5.563
1720126800,5.659,5.754,5.65,5.742
1720386000,5.736,5.745,5.509,5.548
1720472400,5.565,5.635,5.544,5.564
1720558800,5.568,5.57,5.42,5.46
1720645200,5.466,5.658,5.46,5.568
1720731600,5.514,5.563,5.362,5.37
1720990800,5.338,5.354,5.183,5.183
1721077200,5.188,5.248,5.13,5.175
1721163600,5.173,5.338,5.173,5.29
1721250000,5.312,5.337,5.206,5.229
1721336400,5.209,5.436,5.186,5.319
1721595600,5.372,5.415,5.288,5.362
1721682000,5.35,5.405,5.292,5.305
1721768400,5.282,5.439,5.275,5.366
1721854800,5.362,5.384,5.255,5.266
1721941200,5.278,5.306,5.118,5.123
1722200400,5.152,5.228,5.068,5.203
1722286800,5.196,5.199,5.077,5.13
1722373200,5.149,5.244,5.065,5.171
1722459600,5.196,5.254,5.108,5.239
1722546000,5.22,5.312,5.196,5.308
1722805200,5.327,5.328,5.114,5.319
1722891600,5.324,5.405,5.237,5.364
1722978000,5.361,5.406,5.266,5.314
1723064400,5.309,5.364,5.246,5.284
1723150800,5.301,5.441,5.296,5.338
1723410000,5.362,5.37,5.213,5.29
1723496400,5.281,5.313,5.186,5.223
1723582800,5.228,5.306,5.174,5.302
1723669200,5.314,5.411,5.21,5.212
1723755600,5.215,5.271,5.174,5.227
1724014800,5.249,5.25,5.164,5.232
1724101200,5.234,5.302,5.205,5.287
1724187600,5.303,5.313,5.14,5.163
1724274000,5.162,5.191,4.986,5.066
1724360400,5.088,5.1,4.995,5.026
1724619600,5.043,5.043,4.953,4.974
1724706000,4.975,5.112,4.945,5.079
1724792400,5.084,5.166,5.063,5.136
1724878800,5.132,5.22,5.085,5.205
1724965200,5.205,5.262,5.19,5.248
1725310800,5.27,5.408,5.185,5.404
1725397200,5.382,5.553,5.376,5.54
1725483600,5.521,5.53,5.406,5.48
1725570000,5.478,5.534,5.397,5.41
1725829200,5.393,5.445,5.354,5.434
1725915600,5.422,5.528,5.41,5.481
1726002000,5.486,5.567,5.479,5.543
1726088400,5.525,5.66,5.484,5.546
1726174800,5.546,5.73,5.542,5.697
1726434000,5.682,5.706,5.506,5.542
1726520400,5.562,5.602,5.48,5.531
1726606800,5.534,5.593,5.5,5.524
1726693200,5.539,5.539,5.414,5.438
1726779600,5.443,5.529,5.443,5.469
1727038800,5.494,5.64,5.489,5.597
1727125200,5.604,5.672,5.537,5.566
1727211600,5.572,5.692,5.524,5.68
1727298000,5.688,5.742,5.615,5.617
1727384400,5.592,5.622,5.545,5.589
1727643600,5.595,5.7,5.554,5.631
1727730000,5.631,5.817,5.572,5.768
1727816400,5.769,5.962,5.76,5.928
1727902800,5.92,5.964,5.813,5.837
1727989200,5.823,5.83,5.678,5.704
1728248400,5.698,5.763,5.655,5.749
1728334800,5.77,5.801,5.693,5.761
1728421200,5.772,5.86,5.767,5.814
1728507600,5.842,5.908,5.805,5.847
1728594000,5.874,5.929,5.75,5.82
1728853200,5.825,5.838,5.676,5.704
1728939600,5.694,5.694,5.619,5.65
1729026000,5.658,5.713,5.594,5.682
1729112400,5.696,5.757,5.608,5.74
1729198800,5.758,5.795,5.552,5.58
1729458000,5.59,5.695,5.566,5.576
1729544400,5.593,5.646,5.52,5.614
1729630800,5.604,5.686,5.527,5.647
1729717200,5.653,5.698,5.615,5.684
1729803600,5.694,5.718,5.53,5.56
1730062800,5.512,5.589,5.458,5.468
1730149200,5.483,5.605,5.461,5.592
1730235600,5.618,5.685,5.524,5.61
1730322000,5.615,5.617,5.52,5.605
1730408400,5.61,5.659,5.532,5.56
1730671200,5.585,5.649,5.547,5.587
1730757600,5.595,5.643,5.552,5.622
1730844000,5.598,5.678,5.522,5.644
1730930400,5.648,5.694,5.555,5.622
1731016800,5.622,5.691,5.573,5.627
1731276000,5.626,5.626,5.433,5.562
1731362400,5.564,5.604,5.411,5.454
1731448800,5.431,5.436,5.288,5.326
1731535200,5.35,5.365,5.217,5.248
1731621600,5.26,5.341,5.247,5.304
1731880800,5.345,5.445,5.303,5.409
1731967200,5.443,5.509,5.393,5.43
1732053600,5.428,5.501,5.384,5.476
1732140000,5.478,5.528,5.444,5.449
1732226400,5.447,5.472,5.388,5.405
1732485600,5.448,5.448,5.284,5.337
1732572000,5.334,5.415,5.306,5.351
1732658400,5.349,5.349,5.255,5.267
1732831200,5.261,5.316,5.218,5.278
1733090400,5.276,5.313,5.218,5.265
1733176800,5.273,5.348,5.25,5.274
1733263200,5.282,5.29,5.201,5.271
1733349600,5.264,5.396,5.254,5.379
1733436000,5.372,5.398,5.33,5.357
1733695200,5.364,5.445,5.34,5.388
1733781600,5.376,5.435,5.343,5.42
1733868000,5.412,5.493,5.407,5.433
1733954400,5.438,5.466,5.372,5.396
1734040800,5.397,5.417,5.326,5.331
1734300000,5.348,5.406,5.305,5.313
1734386400,5.323,5.343,5.249,5.266
1734472800,5.269,5.364,5.225,5.239
1734559200,5.235,5.235,5.137,5.154
1734645600,5.145,5.204,5.127,5.156
1734904800,5.182,5.273,5.181,5.237
1734991200,5.23,5.25,5.176,5.193
1735164000,5.197,5.279,5.197,5.26
1735250400,5.273,5.318,5.218,5.311
1735509600,5.304,5.392,5.292,5.331
1735596000,5.332,5.374,5.315,5.358
1735768800,5.347,5.349,5.279,5.308
1735855200,5.306,5.324,5.137,5.147
1736114400,5.188,5.299,5.179,5.268
1736200800,5.252,5.306,5.22,5.292
1736287200,5.297,5.315,5.213,5.225
1736373600,5.233,5.26,5.166,5.198
1736460000,5.208,5.281,5.137,5.176
1736719200,5.17,5.331,5.17,5.326
1736805600,5.338,5.398,5.308,5.345
1736892000,5.353,5.393,5.302,5.354
1736978400,5.348,5.35,5.254,5.264
1737064800,5.274,5.304,5.221,5.278
1737410400,5.333,5.509,5.324,5.48
1737496800,5.465,5.557,5.41,5.43
1737583200,5.436,5.484,5.377,5.437
1737669600,5.384,5.419,5.314,5.339
1737928800,5.31,5.334,5.227,5.264
1738015200,5.276,5.391,5.245,5.359
1738101600,5.36,5.553,5.358,5.521
1738188000,5.522,5.604,5.5,5.567
1738274400,5.56,5.565,5.431,5.515
1738533600,5.45,5.652,5.424,5.586
1738620000,5.558,5.706,5.501,5.696
1738706400,5.707,5.76,5.615,5.644
1738792800,5.627,5.809,5.589,5.802
1738879200,5.81,5.844,5.722,5.745
1739138400,5.712,5.788,5.694,5.722
1739224800,5.725,5.81,5.692,5.699
1739311200,5.687,5.778,5.667,5.674
1739397600,5.685,5.745,5.65,5.709
1739484000,5.724,5.965,5.724,5.946
1739829600,5.888,6.022,5.874,6.001
1739916000,5.989,6.021,5.85,5.879
1740002400,5.865,5.912,5.801,5.818
1740088800,5.821,5.895,5.819,5.859
1740348000,5.836,5.862,5.72,5.766
1740434400,5.765,5.785,5.63,5.723
1740520800,5.706,5.758,5.613,5.628
1740607200,5.621,5.638,5.445,5.472
1740693600,5.462,5.546,5.398,5.398
1740952800,5.458,5.483,5.307,5.329
1741039200,5.354,5.371,5.163,5.231
1741125600,5.272,5.367,5.229,5.34
1741212000,5.378,5.479,5.31,5.389
1741298400,5.396,5.403,5.31,5.386
1741554000,5.456,5.523,5.401,5.494
1741640400,5.466,5.498,5.423,5.43
1741726800,5.478,5.483,5.339,5.418
1741813200,5.444,5.539,5.421,5.493
1741899600,5.486,5.522,5.427,5.449
1742158800,5.51,5.631,5.478,5.56
1742245200,5.585,5.625,5.518,5.523
1742331600,5.492,5.569,5.465,5.523
1742418000,5.55,5.565,5.412,5.451
1742504400,5.464,5.517,5.424,5.47
1742763600,5.52,5.52,5.351,5.372
1742850000,5.367,5.392,5.312,5.336
1742936400,5.347,5.36,5.255,5.255
1743022800,5.265,5.276,5.173,5.222
1743109200,5.233,5.233,5.086,5.19
1743368400,5.172,5.304,5.152,5.287
1743454800,5.275,5.355,5.249,5.316
1743541200,5.331,5.347,5.244,5.298
1743627600,5.206,5.337,5.172,5.285
1743714000,5.294,5.314,5.127,5.218
1743973200,5.204,5.392,5.184,5.29
1744059600,5.323,5.379,5.265,5.322
1744146000,5.34,5.388,5.295,5.354
1744232400,5.376,5.406,5.279,5.306
1744318800,5.315,5.499,5.3,5.489
1744578000,5.469,5.469,5.369,5.401
1744664400,5.398,5.44,5.34,5.355
1744750800,5.36,5.437,5.306,5.403
1744837200,5.42,5.485,5.412,5.412
1745182800,5.42,5.465,5.323,5.333
1745269200,5.345,5.361,5.269,5.304
1745355600,5.323,5.332,5.248,5.25
1745442000,5.258,5.272,5.214,5.262
1745528400,5.275,5.314,5.247,5.272
1745787600,5.235,5.262,5.106,5.16
1745874000,5.165,5.2,5.072,5.084
1745960400,5.102,5.229,5.069,5.152
1746046800,5.168,5.212,5.125,5.142
1746133200,5.15,5.301,5.15,5.27
1746392400,5.312,5.319,5.155,5.158
1746478800,5.171,5.235,5.132,5.199
1746565200,5.233,5.295,5.181,5.189
1746651600,5.189,5.237,5.108,5.147
1746738000,5.164,5.19,5.069,5.072
1746997200,5.094,5.144,5.008,5.012
1747083600,5.013,5.068,4.934,5.044
1747170000,5.06,5.121,4.98,5.114
1747256400,5.107,5.202,5.086,5.194
1747342800,5.185,5.202,5.108,5.121
1747602000,5.135,5.237,5.126,5.169
1747688400,5.184,5.349,5.165,5.347
1747774800,5.355,5.437,5.329,5.359
1747861200,5.338,5.4,5.292,5.327
1747947600,5.332,5.368,5.27,5.317
1748293200,5.33,5.33,5.171,5.179
1748379600,5.199,5.251,5.166,5.206
1748466000,5.245,5.245,5.17,5.24
1748552400,5.252,5.285,5.215,5.24
1748811600,5.268,5.398,5.257,5.285
1748898000,5.271,5.356,5.228,5.268
1748984400,5.264,5.386,5.247,5.348
1749070800,5.349,5.403,5.319,5.366
1749157200,5.366,5.469,5.316,5.467
1749416400,5.467,5.497,5.32,5.343
1749502800,5.329,5.342,5.234,5.278
1749589200,5.264,5.317,5.246,5.262
1749675600,5.267,5.298,5.192,5.199
1749762000,5.185,5.377,5.155,5.36
1750021200,5.39,5.392,5.257,5.307
1750107600,5.308,5.46,5.308,5.432
1750194000,5.44,5.682,5.418,5.665
1750366800,5.644,5.713,5.599,5.61
1750626000,5.597,5.638,5.456,5.492
1750712400,5.443,5.462,5.315,5.322
1750798800,5.288,5.336,5.233,5.25
1750885200,5.269,5.285,5.175,5.177
1750971600,5.207,5.261,5.191,5.223
1751230800,5.246,5.266,5.17,5.194
1751317200,5.204,5.319,5.18,5.313
1751403600,5.313,5.47,5.271,5.46
1751490000,5.484,5.502,5.385,5.386
1751835600,5.286,5.337,5.251,5.322
1751922000,5.318,5.334,5.258,5.313
1752008400,5.323,5.348,5.259,5.313
1752094800,5.289,5.393,5.253,5.383
1752181200,5.394,5.416,5.286,5.298
1752440400,5.253,5.363,5.24,5.274
1752526800,5.279,5.308,5.213,5.238
1752613200,5.232,5.293,5.193,5.276
1752699600,5.28,5.282,5.184,5.2
1752786000,5.208,5.362,5.2,5.328
1753045200,5.304,5.364,5.281,5.289
1753131600,5.268,5.396,5.24,5.369
1753218000,5.355,5.393,5.277,5.286
1753304400,5.292,5.337,5.23,5.294
1753390800,5.306,5.312,5.223,5.269
1753650000,5.264,5.286,5.212,5.272
1753736400,5.265,5.278,5.154,5.183
1753822800,5.172,5.212,5.129,5.132
1753909200,5.137,5.154,5.066,5.139
1753995600,5.14,5.16,5.065,5.073
1754254800,5.083,5.136,5.04,5.075
1754341200,5.061,5.082,4.984,4.996
1754427600,4.997,5.008,4.957,5.001
1754514000,5.012,5.114,5.007,5.097
1754600400,5.107,5.133,5.055,5.062
1754859600,5.068,5.155,5.058,5.077
1754946000,5.058,5.075,4.963,4.978
1755032400,4.971,5.037,4.955,5
1755118800,4.992,5.02,4.943,4.975
1755205200,4.978,5.013,4.957,4.994
1755464400,4.982,5.029,4.952,4.982
1755550800,4.97,4.978,4.934,4.946
1755637200,4.954,5.043,4.914,5.022
1755723600,5.034,5.076,4.993,5.036
1755810000,5.05,5.06,5.005,5.007
1756069200,5.024,5.097,5.014,5.045
1756155600,5.039,5.09,5.02,5.064
1756242000,5.065,5.077,4.985,5
1756328400,5,5.054,4.961,5.052
1756414800,5.062,5.1,5.027,5.09
1756760400,5.056,5.065,4.991,5.049
1756846800,5.059,5.065,4.989,4.992
1756933200,4.985,4.99,4.922,4.975
1757019600,4.973,5.01,4.956,4.967
1757278800,4.956,5.025,4.947,5.02
1757365200,5.02,5.028,4.981,4.981
1757451600,4.978,5.009,4.936,4.94
1757538000,4.932,5.01,4.916,5.005
1757624400,5.001,5.029,4.947,5.01
1757883600,5.024,5.088,5.001,5.05
1757970000,5.048,5.139,5.043,5.132
1758056400,5.125,5.152,5.059,5.086
1758142800,5.104,5.124,5.035,5.052
1758229200,5.055,5.073,5.011,5.03
1758488400,5.03,5.03,4.904,4.924
1758574800,4.916,5.025,4.891,5.023
1758661200,5.032,5.061,5.01,5.015
1758747600,5.025,5.095,5.004,5.083
1758834000,5.078,5.095,5.012,5.015
1759093200,5.004,5.053,5,5.018
1759179600,5.012,5.028,4.905,4.913
1759266000,4.911,4.937,4.859,4.934
1759352400,4.942,4.997,4.921,4.98
1759438800,4.976,5.023,4.971,4.99
1759698000,4.992,5.027,4.969,4.974
1759784400,4.963,4.993,4.911,4.911
1759870800,4.912,4.94,4.893,4.928
1759957200,4.928,4.988,4.923,4.935
1760043600,4.943,4.951,4.83,4.847
1760302800,4.856,4.882,4.814,4.837
1760389200,4.834,4.885,4.795,4.873
1760475600,4.866,4.882,4.821,4.858
1760562000,4.861,4.909,4.828,4.897
1760648400,4.898,4.925,4.879,4.919
1760907600,4.931,4.951,4.903,4.935
1760994000,4.936,4.943,4.866,4.889
1761080400,4.889,4.939,4.87,4.925
1761166800,4.928,5.02,4.912,5.015
1761253200,5.016,5.042,4.988,5.013
1761512400,5.072,5.195,5.072,5.149
1761598800,5.154,5.244,5.138,5.191
1761685200,5.194,5.232,5.165,5.227
1761771600,5.226,5.25,5.104,5.141
1761858000,5.162,5.242,5.077,5.232
1762120800,5.262,5.355,5.222,5.352
1762207200,5.352,5.411,5.308,5.406
1762293600,5.4,5.458,5.37,5.451
1762380000,5.444,5.448,5.258,5.269
1762466400,5.259,5.292,5.182,5.187
1762725600,5.205,5.295,5.204,5.283
1762812000,5.276,5.316,5.241,5.284
1762898400,5.288,5.3,5.209,5.3
1762984800,5.301,5.323,5.251,5.292
1763071200,5.293,5.359,5.177,5.194
1763330400,5.21,5.374,5.186,5.366
1763416800,5.36,5.409,5.325,5.369
1763503200,5.367,5.406,5.272,5.282
1763589600,5.282,5.336,5.188,5.204
1763676000,5.204,5.24,5.153,5.214
1763935200,5.206,5.206,5.12,5.152
1764021600,5.157,5.204,5.129,5.19
1764108000,5.166,5.247,5.161,5.208
1764280800,5.224,5.231,5.156,5.188
1764540000,5.211,5.226,5.14,5.164
1764626400,5.155,5.255,5.115,5.219
1764712800,5.212,5.237,5.189,5.202
1764799200,5.192,5.232,5.136,5.218
1764885600,5.214,5.234,5.162,5.174
1765144800,5.176,5.223,5.153,5.172
1765231200,5.17,5.202,5.142,5.174
1765317600,5.167,5.176,5.086,5.125
1765404000,5.135,5.175,5.124,5.175
1765490400,5.183,5.188,5.126,5.131
1765749600,5.128,5.128,5.039,5.052
1765836000,5.045,5.045,4.922,4.939
1765922400,4.942,4.962,4.892,4.917
1766008800,4.927,4.957,4.906,4.935
1766095200,4.924,4.964,4.909,4.952
1766354400,4.965,5.037,4.958,5.008
1766440800,4.999,5.044,4.997,5.034
1766527200,5.047,5.106,5.047,5.082
1766700000,5.085,5.097,5.034,5.064
1766959200,5.051,5.066,4.991,4.998
1767045600,4.994,5.024,4.976,4.976
1767132000,4.979,4.992,4.936,4.938
1767304800,4.912,4.964,4.893,4.944
1767564000,4.946,5.025,4.944,5.008
1767650400,5.006,5.032,4.985,4.988
1767736800,4.981,5.085,4.979,5.065
1767823200,5.083,5.111,5.047,5.067
1767909600,5.075,5.084,5.027,5.067
1768168800,5.08,5.17,4.966,5.011
1768255200,5.011,5.032,4.968,5.003
1768341600,5.01,5.043,4.98,5.024
1768428000,5.024,5.07,4.999,5.001
1768514400,5.007,5.108,5.002,5.081
1768860000,5.104,5.107,5.005,5.012
1768946400,5.02,5.07,4.982,4.997
1769032800,4.993,5.082,4.991,5.07
1769119200,5.068,5.217,5.058,5.212
1769378400,5.233,5.246,5.131,5.144
1769464800,5.129,5.172,5.113,5.15
1769551200,5.153,5.332,5.153,5.273
1769637600,5.288,5.36,5.26,5.336
1769724000,5.344,5.367,5.259,5.304
1769983200,5.294,5.306,5.188,5.21
1770069600,5.218,5.239,5.183,5.222
1770156000,5.235,5.248,5.157,5.2
1770242400,5.2,5.297,5.163,5.286
1770328800,5.27,5.328,5.213,5.242
1770588000,5.234,5.253,5.198,5.226
1770674400,5.221,5.254,5.19,5.235
1770760800,5.248,5.343,5.227,5.316
1770847200,5.314,5.481,5.304,5.468
1770933600,5.458,5.475,5.404,5.436
1771279200,5.378,5.383,5.307,5.348
1771365600,5.354,5.455,5.353,5.454
1771452000,5.428,5.601,5.426,5.601
1771538400,5.586,5.733,5.562,5.73
1771797600,5.668,5.75,5.648,5.654
1771884000,5.66,5.707,5.623,5.646
1771970400,5.638,5.676,5.558,5.62
1772056800,5.605,5.677,5.598,5.662
1772143200,5.655,5.888,5.653,5.836
1772402400,5.903,5.905,5.674,5.686
1772488800,5.672,5.783,5.618,5.665
1772575200,5.674,5.695,5.575,5.602
1772661600,5.614,5.786,5.612,5.781
1772748000,5.788,6.108,5.766,6.103
1773003600,6.248,6.34,5.943,5.955
1773090000,5.825,5.973,5.771,5.852
1773176400,5.858,5.96,5.824,5.894
1773262800,5.934,6.06,5.894,5.912
1773349200,5.897,6.076,5.875,6.071
1773608400,5.997,6.071,5.884,5.911
1773694800,5.914,6.008,5.808,5.84
1773781200,5.848,6.015,5.801,5.992
1773867600,6.03,6.098,5.944,6.04
1773954000,6.021,6.033,5.888,5.903
1774213200,5.888,6.007,5.728,5.839
1774299600,5.872,5.904,5.771,5.863
1774386000,5.818,5.943,5.742,5.94
1774472400,5.948,6.023,5.879,5.996
1774558800,6.019,6.079,5.943,6.006
1774818000,6.032,6.07,5.931,6.026
1774904400,6.063,6.2,6.006,6.133
1774990800,6.143,6.18,5.888,5.931
1775077200,5.932,6.045,5.896,5.932
1775422800,5.938,5.945,5.844,5.919
1775509200,5.932,5.967,5.842,5.937
1775595600,5.81,5.829,5.734,5.762
1775682000,5.772,5.849,5.666,5.704
1775768400,5.688,5.741,5.639,5.667
1776027600,5.779,5.862,5.732,5.784
1776114000,5.775,5.91,5.755,5.9
1776200400,5.874,5.926,5.823,5.884
1776286800,5.888,6.048,5.865,5.952
1776373200,5.936,5.982,5.804,5.868
1776632400,5.948,6.004,5.874,5.938
1776718800,5.946,6.032,5.907,6.013
1776805200,6.016,6.092,5.955,5.96
1776891600,5.98,6.109,5.965,6.104
1776978000,6.116,6.142,6.004,6.056
1777237200,6.076,6.207,6.07,6.2
1777323600,6.174,6.484,6.166,6.474
1777410000,6.475,6.603,6.417,6.419
1777496400,6.376,6.469,6.246,6.273
1777582800,6.278,6.342,6.227,6.262
1777842000,6.254,6.335,6.219,6.315
1777928400,6.328,6.402,6.144,6.189
1778014800,6.179,6.187,5.978,6.077
1778101200,6.07,6.095,5.962,6.039
1778187600,6.069,6.116,5.998,6.109
1778446800,6.134,6.266,6.113,6.264
1778533200,6.289,6.7,6.281,6.7
1778619600,6.707,6.74,6.582,6.663
1778706000,6.639,6.792,6.418,6.495
1778792400,6.502,6.547,6.234,6.274
1779051600,6.458,6.579,6.38,6.562
1779138000,6.565,6.711,6.529,6.593
1779224400,6.584,6.644,6.478,6.53
1779310800,6.513,6.521,6.379,6.403
1779397200,6.409,6.464,6.352,6.398
1779742800,6.328,6.385,6.282,6.287
1779829200,6.304,6.319,6.144,6.152
1779915600,6.157,6.215,6.118,6.178
1780002000,6.176,6.213,6.033,6.041
1780261200,6.041,6.136,6.01,6.027
1780347600,6.03,6.03,5.942,5.974
1780434000,5.962,6.015,5.804,5.812
1780520400,5.812,5.853,5.744,5.768
1780606800,5.769,5.822,5.733,5.75
1780866000,5.773,5.84,5.703,5.779
1780952400,5.791,5.904,5.772,5.81
1781038800,5.805,5.958,5.805,5.828
1781125200,5.853,5.896,5.78,5.825
1781211600,5.826,5.902,5.758,5.809
1781470800,5.778,5.872,5.68,5.872
1781557200,5.852,6.007,5.791,5.925
1781643600,5.92,6.1,5.911,6.095
1781730000,6.091,6.143,5.981,6.013
1782075600,6.02,6.091,5.935,5.962
1782162000,5.964,6.004,5.856,5.868
1782248400,5.861,5.965,5.83,5.845
1782334800,5.847,5.912,5.804,5.907
1782421200,5.88,5.893,5.746,5.783
1782680400,5.784,5.812,5.684,5.686
1782766800,5.68,5.848,5.646,5.776
1782853200,5.791,5.981,5.784,5.913
1782939600,5.896,5.978,5.874,5.904
1783285200,5.94,6.065,5.936,6.047
1783371600,6.03,6.095,6.001,6.078
1783458000,6.069,6.175,5.971,5.971
1783544400,5.947,6.123,5.934,6.103
1783630800,6.092,6.398,6.05,6.306
1783890000,6.413,6.436,6.249,6.266
1783976400,6.25,6.386,6.206,6.354
1784062800,6.349,6.735,6.347,6.688
1784149200,6.676,6.889,6.618,6.658
1784235600,6.641,6.756,6.58,6.756
1784494800,6.803,6.834,6.649,6.651
1784581200,6.647,6.704,6.574,6.7
1784667600,6.71,6.998,6.698,6.978
1784754000,6.958,7.019,6.853,6.866
1784840400,6.886,7.03,6.521,6.712
1785099600,6.673,6.744,6.511,6.511
1785186000,6.531,6.586,6.438,6.567
1785272400,6.602,6.652,6.516,6.528
1785358800,6.546,6.794,6.517,6.567
1785445200,6.574,6.584,6.284,6.319
1785704400,6.264,6.476,6.262,6.452
1785790800,6.457,6.534,6.297,6.324
1785877200,6.322,6.469,6.278,6.38