time,open,high,low,close
1261087200,119.181,119.338,118.634,118.728
1261346400,118.728,118.783,117.559,117.685
1261432800,117.685,117.747,117.125,117.2
1261519200,117.2,117.539,116.899,117.079
1261605600,117.079,117.245,116.644,116.691
1261951200,116.691,116.733,116.27,116.408
1262037600,116.408,116.697,116.227,116.633
1262124000,116.633,116.78,116.49,116.685
1262210400,116.685,116.685,115.794,116.154
1262556000,116.154,116.6,115.832,116.518
1262642400,116.518,117.121,116.454,116.963
1262728800,116.963,117.019,116.482,116.669
1262815200,116.669,116.88,116.394,116.626
1262901600,116.626,117.138,116.415,116.615
1263160800,116.615,116.977,116.54,116.801
1263247200,116.801,117.625,116.801,117.529
1263333600,117.529,117.622,117.014,117.03
1263420000,117.03,117.697,117.028,117.443
1263506400,117.443,118.189,117.427,118.014
1263765600,118.014,118.13,117.97,118.076
1263852000,118.076,118.242,117.642,117.858
1263938400,117.858,118.305,117.81,118.13
1264024800,118.13,118.624,117.855,118.574
1264111200,118.574,118.727,118.393,118.515
1264370400,118.515,118.516,118.187,118.387
1264456800,118.387,118.852,118.291,118.501
1264543200,118.501,118.901,118.176,118.191
1264629600,118.191,118.48,117.859,118.462
1264716000,118.462,119.032,117.937,118.938
1264975200,118.938,118.938,118.278,118.401
1265061600,118.401,118.597,118.207,118.515
1265148000,118.515,118.546,118.034,118.064
1265234400,118.064,118.932,118.044,118.759
1265320800,118.759,119.471,118.579,119.25
1265580000,119.25,119.257,118.918,119.231
1265666400,119.231,119.231,118.593,118.639
1265752800,118.639,118.914,118.221,118.345
1265839200,118.345,118.495,117.943,118.239
1265925600,118.239,118.686,118.191,118.542
1266184800,118.542,118.542,118.276,118.447
1266271200,118.447,118.811,118.186,118.7
1266357600,118.7,118.7,117.89,118.03
1266444000,118.03,118.242,117.392,117.47
1266530400,117.47,117.745,117.242,117.615
1266789600,117.615,117.616,117.368,117.518
1266876000,117.518,118.48,117.435,118.384
1266962400,118.384,118.642,118.158,118.389
1267048800,118.389,118.96,118.309,118.894
1267135200,118.894,118.979,118.523,118.756
1267394400,118.756,118.909,118.567,118.781
1267480800,118.781,118.865,118.441,118.847
1267567200,118.847,118.871,118.491,118.819
1267653600,118.819,119.084,118.542,118.885
1267740000,118.885,118.991,118.149,118.43
1267999200,118.43,118.43,118.033,118.108
1268085600,118.108,118.526,118.108,118.38
1268172000,118.38,118.439,117.975,118.114
1268258400,118.114,118.222,117.838,117.975
1268344800,117.975,118.297,117.525,118.152
1268600400,118.152,118.215,117.882,118.147
1268686800,118.147,118.672,117.966,118.56
1268773200,118.56,118.71,118.414,118.579
1268859600,118.579,118.748,118.204,118.235
1268946000,118.235,118.446,117.943,118.096
1269205200,118.096,118.502,118.019,118.437
1269291600,118.437,118.601,118.33,118.377
1269378000,118.377,118.423,116.994,117.04
1269464400,117.04,117.241,116.367,116.806
1269550800,116.806,117.126,116.593,117.078
1269810000,117.078,117.123,116.735,116.946
1269896400,116.946,117.064,116.653,117.028
1269982800,117.028,117.398,116.91,117.22
1270069200,117.22,117.26,116.817,117.003
1270155600,117.003,117.31,116.3,116.316
1270414800,116.316,116.381,115.773,115.961
1270501200,115.961,116.425,115.961,116.279
1270587600,116.279,116.992,116.223,116.976
1270674000,116.976,117.203,116.665,116.711
1270760400,116.711,116.904,116.482,116.856
1271019600,116.856,117.308,116.48,117.149
1271106000,117.149,117.55,117.101,117.31
1271192400,117.31,117.522,117.03,117.062
1271278800,117.062,117.414,116.911,117.317
1271365200,117.317,118.094,117.292,117.902
1271624400,117.902,118.222,117.565,117.581
1271710800,117.581,117.689,117.351,117.49
1271797200,117.49,117.966,117.375,117.902
1271883600,117.902,118.176,117.481,117.544
1271970000,117.544,117.711,117.047,117.232
1272229200,117.232,117.513,117.013,117.321
1272315600,117.321,118.535,117.304,118.377
1272402000,118.377,118.622,117.627,117.751
1272488400,117.751,118.117,117.571,118.085
1272574800,118.085,118.624,117.919,118.559
1272834000,118.559,118.559,118.052,118.223
1272920400,118.223,118.921,118.142,118.823
1273006800,118.823,119.74,118.66,119.36
1273093200,119.36,121.64,118.961,120.415
1273179600,120.415,121.253,119.464,120.308
1273438800,120.308,120.308,118.909,119.406
1273525200,119.406,120.089,119.223,119.629
1273611600,119.629,119.923,119.193,119.255
1273698000,119.255,119.603,118.977,119.603
1273784400,119.603,120.519,119.489,120.155
1274043600,120.155,120.722,119.819,119.881
1274130000,119.881,120.841,119.748,120.794
1274216400,120.794,121.117,120.456,120.577
1274302800,120.577,121.915,120.529,121.709
1274389200,121.709,122.515,121.344,121.461
1274648400,121.461,121.976,121.402,121.767
1274734800,121.767,122.81,121.75,121.973
1274821200,121.973,122.064,121.1,121.709
1274907600,121.709,121.755,120.459,120.506
1274994000,120.506,120.764,120.172,120.606
1275253200,120.606,120.728,120.369,120.586
1275339600,120.586,121.32,120.49,120.939
1275426000,120.939,120.97,120.209,120.272
1275512400,120.272,120.381,119.575,120.171
1275598800,120.171,121.548,120.025,121.406
1275858000,121.406,121.982,121.167,121.888
1275944400,121.888,121.947,121.461,121.629
1276030800,121.629,121.752,121.183,121.638
1276117200,121.638,121.668,120.515,120.562
1276203600,120.562,121.388,120.546,121.215
1276462800,121.215,121.215,120.425,121.005
1276549200,121.005,121.27,120.48,120.59
1276635600,120.59,121.135,120.494,120.865
1276722000,120.865,121.52,120.61,121.377
1276808400,121.377,121.499,121.026,121.103
1277067600,121.103,121.103,120.394,120.956
1277154000,120.956,121.64,120.719,121.546
1277240400,121.546,122.138,121.4,121.9
1277326800,121.9,122.414,121.784,121.83
1277413200,121.83,122.422,121.731,122.137
1277672400,122.137,122.87,122.104,122.823
1277758800,122.823,123.306,122.711,123.239
1277845200,123.239,123.442,122.841,123.295
1277931600,123.295,123.619,123.005,123.084
1278018000,123.084,123.362,122.702,122.904
1278277200,122.904,123.309,122.856,123.198
1278363600,123.198,123.384,122.752,123.283
1278450000,123.283,123.405,122.884,122.9
1278536400,122.9,123.006,122.361,122.547
1278622800,122.547,122.699,122.369,122.462
1278882000,122.462,122.85,122.398,122.487
1278968400,122.487,122.845,122.011,122.057
1279054800,122.057,122.803,121.946,122.74
1279141200,122.74,123.378,122.421,123.109
1279227600,123.109,123.904,123.026,123.808
1279486800,123.808,123.884,123.379,123.535
1279573200,123.535,124.001,123.376,123.544
1279659600,123.544,124.196,123.445,123.991
1279746000,123.991,124.131,123.437,123.592
1279832400,123.592,123.715,123.068,123.115
1280091600,123.115,123.254,122.781,123.125
1280178000,123.125,123.232,122.602,122.663
1280264400,122.663,123.33,122.628,123.33
1280350800,123.33,123.857,123.154,123.589
1280437200,123.589,124.274,123.588,124.177
1280696400,124.177,124.177,123.748,123.795
1280782800,123.795,124.526,123.763,124.368
1280869200,124.368,124.601,123.907,123.969
1280955600,123.969,124.386,123.84,124.275
1281042000,124.275,125.022,124.116,124.91
1281301200,124.91,125.065,124.765,124.81
1281387600,124.81,125.524,124.616,125.382
1281474000,125.382,125.972,125.382,125.861
1281560400,125.861,126.028,125.479,125.587
1281646800,125.587,125.924,125.522,125.893
1281906000,125.893,126.514,125.815,126.482
1281992400,126.482,126.482,125.802,125.926
1282078800,125.926,126.297,125.779,125.919
1282165200,125.919,126.399,125.445,126.147
1282251600,126.147,126.487,125.67,125.732
1282510800,125.732,126.024,125.51,125.976
1282597200,125.976,126.957,125.929,126.673
1282683600,126.673,127.075,126.009,126.228
1282770000,126.228,126.534,126.066,126.533
1282856400,126.533,126.611,125.26,125.415
1283115600,125.415,126.426,125.087,126.348
1283202000,126.348,126.639,126.092,126.495
1283288400,126.495,126.495,125.185,125.655
1283374800,125.655,125.778,125.272,125.333
1283461200,125.333,125.722,124.417,124.744
1283720400,124.744,124.881,124.539,124.866
1283806800,124.866,125.659,124.769,125.596
1283893200,125.596,125.861,125.056,125.165
1283979600,125.165,125.46,124.325,124.356
1284066000,124.356,124.636,123.911,124.145
1284325200,124.145,124.737,123.64,124.548
1284411600,124.548,125.201,124.498,125.012
1284498000,125.012,125.353,124.709,124.848
1284584400,124.848,125.173,124.308,124.574
1284670800,124.574,125.04,124.193,124.834
1284930000,124.834,125.127,124.689,125.048
1285016400,125.048,126.125,124.932,126.093
1285102800,126.093,126.606,126.086,126.118
1285189200,126.118,126.725,125.991,126.236
1285275600,126.236,126.436,125.791,125.852
1285534800,125.852,126.647,125.837,126.474
1285621200,126.474,127.096,126.345,126.922
1285707600,126.922,127.043,126.68,126.743
1285794000,126.743,127.022,125.905,126.673
1285880400,126.673,126.843,126.165,126.728
1286139600,126.728,127.118,126.728,127.02
1286226000,127.02,127.378,127.004,127.233
1286312400,127.233,128.028,127.17,127.665
1286398800,127.665,127.927,127.553,127.783
1286485200,127.783,128.201,127.339,127.824
1286744400,127.824,127.978,127.808,127.88
1286830800,127.88,128.205,127.481,127.528
1286917200,127.528,127.771,127.208,127.74
1287003600,127.74,127.784,127.027,127.058
1287090000,127.058,127.587,126.55,126.737
1287349200,126.737,127.422,126.737,127.249
1287435600,127.249,127.65,126.852,127.399
1287522000,127.399,127.675,127.127,127.407
1287608400,127.407,127.498,126.914,126.961
1287694800,126.961,127.145,126.736,126.875
1287954000,126.875,127.373,126.697,126.728
1288040400,126.728,126.851,126.032,126.063
1288126800,126.063,126.171,125.444,125.507
1288213200,125.507,126.394,125.459,126.236
1288299600,126.236,126.794,126.169,126.778
1288558800,126.778,127.041,126.444,126.646
1288645200,126.646,126.97,126.55,126.89
1288731600,126.89,127.416,126.476,127.321
1288818000,127.321,128.381,127.321,128.051
1288904400,128.051,128.235,127.404,127.777
1289167200,127.777,127.98,127.631,127.739
1289253600,127.739,127.987,126.714,126.808
1289340000,126.808,127.333,126.175,127.302
1289426400,127.302,127.536,126.716,126.981
1289512800,126.981,127.448,125.864,126.05
1289772000,126.05,126.208,124.729,124.761
1289858400,124.761,125.382,124.536,125.27
1289944800,125.27,125.563,124.903,125.06
1290031200,125.06,125.122,124.287,124.739
1290117600,124.739,125.051,124.547,124.685
1290376800,124.685,125.447,124.418,125.368
1290463200,125.368,126.07,125.289,125.533
1290549600,125.533,125.734,124.338,124.509
1290636000,124.509,124.755,124.24,124.519
1290722400,124.519,125.029,124.327,124.778
1290981600,124.778,125.133,124.465,125.006
1291068000,125.006,125.499,124.781,124.993
1291154400,124.993,125.069,123.459,123.694
1291240800,123.694,123.892,123.154,123.371
1291327200,123.371,124.357,122.957,123.567
1291586400,123.567,124.251,123.567,124.219
1291672800,124.219,124.219,122.15,122.433
1291759200,122.433,122.511,120.963,121.418
1291845600,121.418,122.088,121.27,121.63
1291932000,121.63,121.973,120.725,120.82
1292191200,120.82,121.599,120.139,121.487
1292277600,121.487,121.55,119.781,119.907
1292364000,119.907,120.64,119.412,119.568
1292450400,119.568,120.347,119.295,120.315
1292536800,120.315,121.188,120.173,121.03
1292796000,121.03,121.558,120.661,120.912
1292882400,120.912,121.221,120.591,121.124
1292968800,121.124,121.165,120.519,120.66
1293055200,120.66,120.768,120.166,120.212
1293400800,120.212,120.777,119.68,120.714
1293487200,120.714,121.056,119.559,119.669
1293573600,119.669,121.028,119.616,120.839
1293660000,120.839,120.946,120.235,120.611
1293746400,120.611,121.138,120.59,120.997
1294005600,120.997,120.997,120.094,120.924
1294092000,120.924,121.295,120.621,120.995
1294178400,120.995,121.336,119.747,119.982
1294264800,119.982,120.603,119.931,120.57
1294351200,120.57,121.49,120.125,121.237
1294610400,121.237,121.59,121.187,121.558
1294696800,121.558,121.696,120.956,121.111
1294783200,121.111,121.219,120.571,121.024
1294869600,121.024,121.755,120.909,121.613
1294956000,121.613,122.031,121.325,121.432
1295215200,121.432,121.82,121.319,121.644
1295301600,121.644,121.747,120.711,121.054
1295388000,121.054,121.361,120.83,121.219
1295474400,121.219,121.452,120.176,120.316
1295560800,120.316,120.732,120.169,120.669
1295820000,120.669,120.928,120.367,120.723
1295906400,120.723,121.5,120.56,121.264
1295992800,121.264,121.279,120.598,120.785
1296079200,120.785,121.17,120.31,121.028
1296165600,121.028,121.743,120.615,121.6
1296424800,121.6,121.866,121.013,121.247
1296511200,121.247,121.278,120.457,120.721
1296597600,120.721,121.092,120.087,120.321
1296684000,120.321,120.366,119.579,119.718
1296770400,119.718,120.073,118.755,119.067
1297029600,119.067,119.067,118.562,118.996
1297116000,118.996,119.071,118.142,118.174
1297202400,118.174,119.013,118.015,118.777
1297288800,118.777,119.024,118.331,118.487
1297375200,118.487,119.233,118.47,118.839
1297634400,118.839,119.051,118.583,118.815
1297720800,118.815,119.06,118.497,118.98
1297807200,118.98,119.208,118.614,118.815
1297893600,118.815,119.498,118.768,119.308
1297980000,119.308,119.411,118.911,119.316
1298239200,119.316,119.64,119.237,119.512
1298325600,119.512,120.381,119.512,120.317
1298412000,120.317,120.499,119.965,120.043
1298498400,120.043,120.571,119.995,120.176
1298584800,120.176,120.465,119.999,120.434
1298844000,120.434,120.483,120.131,120.177
1298930400,120.177,120.435,119.602,120.403
1299016800,120.403,120.573,119.778,119.809
1299103200,119.809,119.882,118.947,119.057
1299189600,119.057,119.867,118.703,119.74
1299448800,119.74,119.979,119.27,119.566
1299535200,119.566,119.844,119.321,119.414
1299621600,119.414,120.209,119.366,120.018
1299708000,120.018,120.97,119.938,120.922
1299794400,120.922,121.248,120.567,120.691
1300050000,120.691,121.482,120.601,121.148
1300136400,121.148,122.516,121.131,121.437
1300222800,121.437,122.878,121.133,122.45
1300309200,122.45,122.828,121.56,121.904
1300395600,121.904,122.155,121.392,121.735
1300654800,121.735,121.735,120.824,121.12
1300741200,121.12,121.229,120.766,121.031
1300827600,121.031,121.42,120.832,120.878
1300914000,120.878,121.157,120.333,120.427
1301000400,120.427,120.671,119.976,120.133
1301259600,120.133,120.15,119.712,120.069
1301346000,120.069,120.209,119.556,119.634
1301432400,119.634,120.111,119.473,120.095
1301518800,120.095,120.34,119.629,119.723
1301605200,119.723,119.886,119.133,119.838
1301864400,119.838,120.279,119.7,120.074
1301950800,120.074,120.224,119.466,119.591
1302037200,119.591,119.664,119.093,119.124
1302123600,119.124,119.494,118.913,119.255
1302210000,119.255,119.27,118.698,119.056
1302469200,119.056,119.309,118.814,119.056
1302555600,119.056,120.037,118.992,119.863
1302642000,119.863,120.152,119.479,120.104
1302728400,120.104,120.49,119.779,119.795
1302814800,119.795,120.635,119.762,120.491
1303074000,120.491,120.932,120.196,120.774
1303160400,120.774,121.033,120.531,120.857
1303246800,120.857,120.857,120.454,120.501
1303333200,120.501,120.886,120.401,120.632
1303678800,120.632,120.967,120.551,120.903
1303765200,120.903,121.379,120.82,121.332
1303851600,121.332,121.332,120.727,121.133
1303938000,121.133,121.72,121.069,121.499
1304024400,121.499,121.787,121.35,121.724
1304283600,121.724,121.992,121.429,121.801
1304370000,121.801,122.045,121.746,122.01
1304456400,122.01,122.3,121.783,122.156
1304542800,122.156,122.727,122.074,122.679
1304629200,122.679,122.968,122.028,122.794
1304888400,122.794,122.999,122.485,122.839
1304974800,122.839,122.882,122.358,122.374
1305061200,122.374,122.929,122.179,122.833
1305147600,122.833,123.109,122.448,122.65
1305234000,122.65,123.394,122.488,123
1305493200,123,123.203,122.798,123.171
1305579600,123.171,123.554,122.946,123.332
1305666000,123.332,123.545,122.758,122.82
1305752400,122.82,122.998,122.311,122.95
1305838800,122.95,123.237,122.865,123.221
1306098000,123.221,123.727,123.199,123.345
1306184400,123.345,123.491,123.055,123.46
1306270800,123.46,123.628,123.31,123.418
1306357200,123.418,124.127,123.193,124.064
1306443600,124.064,124.26,123.807,124.163
1306702800,124.163,124.163,123.854,123.976
1306789200,123.976,124.058,123.494,123.867
1306875600,123.867,124.867,123.72,124.85
1306962000,124.85,124.881,124.224,124.317
1307048400,124.317,125.146,124.285,124.7
1307307600,124.7,124.78,124.304,124.695
1307394000,124.695,124.794,124.181,124.683
1307480400,124.683,125.241,124.536,125.144
1307566800,125.144,125.278,124.376,124.517
1307653200,124.517,125.06,124.453,124.804
1307912400,124.804,124.928,124.33,124.626
1307998800,124.626,124.671,123.637,123.73
1308085200,123.73,125.013,123.725,124.87
1308171600,124.87,125.682,124.726,125.142
1308258000,125.142,125.294,124.724,125.019
1308517200,125.019,125.476,124.78,124.967
1308603600,124.967,125.059,124.658,124.797
1308690000,124.797,125.244,124.612,124.816
1308776400,124.816,125.672,124.816,125.387
1308862800,125.387,126.023,125.145,125.927
1309122000,125.927,126.087,125.403,125.433
1309208400,125.433,125.633,124.256,124.492
1309294800,124.492,124.568,123.599,123.849
1309381200,123.849,124.077,122.864,123.27
1309467600,123.27,123.467,122.679,122.991
1309726800,122.991,123.34,122.919,123.146
1309813200,123.146,123.715,123.032,123.667
1309899600,123.667,124.162,123.379,123.796
1309986000,123.796,123.827,123.158,123.454
1310072400,123.454,124.83,123.1,124.544
1310331600,124.544,125.454,124.485,125.388
1310418000,125.388,126.248,125.221,125.707
1310504400,125.707,125.789,125.07,125.742
1310590800,125.742,125.768,125.148,125.195
1310677200,125.195,125.734,125.067,125.654
1310936400,125.654,125.97,125.509,125.555
1311022800,125.555,125.874,125.217,125.763
1311109200,125.763,125.763,125.263,125.357
1311195600,125.357,125.492,124.435,124.654
1311282000,124.654,125.117,124.654,125.066
1311541200,125.066,125.331,124.562,124.841
1311627600,124.841,125.333,124.474,125.19
1311714000,125.19,125.356,124.708,124.926
1311800400,124.926,125.39,124.874,125.197
1311886800,125.197,126.599,125.038,126.426
1312146000,126.426,127.051,125.928,126.719
1312232400,126.719,127.744,126.639,127.664
1312318800,127.664,127.973,127.359,127.463
1312405200,127.463,128.989,127.238,128.942
1312491600,128.942,129.329,127.346,127.642
1312750800,127.642,129.379,127.522,129.269
1312837200,129.269,131.563,128.369,129.805
1312923600,129.805,131.05,129.488,130.75
1313010000,130.75,130.883,129.514,129.654
1313096400,129.654,130.461,129.575,130.191
1313355600,130.191,130.454,129.808,129.886
1313442000,129.886,130.707,129.822,130.501
1313528400,130.501,130.866,130.225,130.77
1313614800,130.77,132.078,130.674,131.275
1313701200,131.275,131.633,130.75,131.262
1313960400,131.262,131.377,130.633,130.926
1314046800,130.926,131.228,130.449,130.584
1314133200,130.584,130.908,129.648,129.679
1314219600,129.679,130.484,129.64,130.214
1314306000,130.214,131.145,130.116,130.578
1314565200,130.578,130.578,129.698,130.085
1314651600,130.085,130.875,130.053,130.652
1314738000,130.652,130.7,129.848,129.942
1314824400,129.942,130.657,129.542,130.657
1314910800,130.657,131.405,130.226,131.278
1315170000,131.278,131.804,131.165,131.788
1315256400,131.788,131.911,131.102,131.195
1315342800,131.195,131.195,130.641,130.793
1315429200,130.793,131.307,130.777,131.225
1315515600,131.225,131.942,130.968,131.751
1315774800,131.751,132.013,131.253,131.331
1315861200,131.331,131.61,130.915,131.055
1315947600,131.055,131.379,130.78,131.031
1316034000,131.031,131.108,129.908,130.33
1316120400,130.33,130.636,130.025,130.62
1316379600,130.62,131.491,130.62,131.254
1316466000,131.254,131.552,130.981,131.292
1316552400,131.292,131.757,130.954,131.676
1316638800,131.676,132.659,131.597,132.454
1316725200,132.454,132.731,131.533,131.533
1316984400,131.533,131.873,131.036,131.098
1317070800,131.098,131.254,130.288,130.618
1317157200,130.618,130.835,129.935,130.609
1317243600,130.609,130.743,130.147,130.412
1317330000,130.412,131.175,130.348,130.921
1317589200,130.921,131.932,130.855,131.853
1317675600,131.853,132.082,131.218,131.357
1317762000,131.357,131.419,130.689,130.877
1317848400,130.877,131.016,130.099,130.178
1317934800,130.178,130.317,129.12,129.462
1318194000,129.462,129.539,128.181,128.463
1318280400,128.463,129.086,128.446,128.894
1318366800,128.894,129.096,128.117,128.618
1318453200,128.618,129.427,128.536,128.908
1318539600,128.908,129.189,128.368,128.569
1318798800,128.569,129.313,128.218,129.265
1318885200,129.265,129.856,128.928,129.115
1318971600,129.115,129.61,128.859,129.342
1319058000,129.342,129.743,128.944,129.145
1319144400,129.145,129.361,128.747,129.042
1319403600,129.042,129.385,128.783,128.812
1319490000,128.812,129.792,128.525,129.745
1319576400,129.745,129.745,128.921,128.999
1319662800,128.999,129.217,127.658,127.783
1319749200,127.783,128.685,127.688,128.464
1320008400,128.464,129.99,128.415,129.959
1320094800,129.959,131.001,129.676,130.703
1320181200,130.703,130.953,130.166,130.835
1320267600,130.835,131.335,130.233,130.34
1320354000,130.34,130.867,130.021,130.739
1320616800,130.739,131.2,130.376,130.65
1320703200,130.65,130.96,130.234,130.328
1320789600,130.328,131.371,130.264,131.087
1320876000,131.087,131.256,130.249,130.717
1320962400,130.717,130.733,130.036,130.286
1321221600,130.286,130.919,129.939,130.682
1321308000,130.682,131.163,130.534,130.705
1321394400,130.705,131.078,130.575,130.978
1321480800,130.978,131.268,130.565,131.11
1321567200,131.11,131.232,130.43,130.569
1321826400,130.569,131.015,130.569,130.934
1321912800,130.934,131.129,130.586,131.113
1321999200,131.113,131.55,130.45,131.417
1322085600,131.417,131.417,130.678,131.019
1322172000,131.019,131.173,130.729,130.822
1322431200,130.822,130.967,129.985,130.81
1322517600,130.81,130.88,130.24,130.723
1322604000,130.723,130.723,129.585,130.054
1322690400,130.054,130.255,129.594,129.937
1322776800,129.937,130.481,129.321,130.465
1323036000,130.465,130.465,129.788,130.242
1323122400,130.242,130.381,129.908,130
1323208800,130,130.701,129.777,130.543
1323295200,130.543,131.087,130.052,131.039
1323381600,131.039,131.148,130.358,130.389
1323640800,130.389,130.984,130.297,130.794
1323727200,130.794,131.228,130.491,131.07
1323813600,131.07,131.489,130.862,131.393
1323900000,131.393,131.689,131.075,131.356
1323986400,131.356,131.963,131.164,131.883
1324245600,131.883,132.036,131.568,131.942
1324332000,131.942,131.942,131.182,131.198
1324418400,131.198,131.476,130.879,131.019
1324504800,131.019,131.297,130.906,131.075
1324591200,131.075,131.075,130.379,130.472
1324936800,130.472,130.637,130.324,130.541
1325023200,130.541,131.257,130.478,131.131
1325109600,131.131,131.454,130.954,131.313
1325196000,131.313,131.763,131.124,131.62
1325541600,131.62,131.62,130.984,131.124
1325628000,131.124,131.229,130.742,130.976
1325714400,130.976,131.363,130.69,130.97
1325800800,130.97,131.372,130.573,131.245
1326060000,131.245,131.588,131.04,131.289
1326146400,131.289,131.346,130.908,131.188
1326232800,131.188,131.763,131.139,131.637
1326319200,131.637,131.758,131.349,131.458
1326405600,131.458,132.174,131.33,131.875
1326664800,131.875,132.143,131.857,131.935
1326751200,131.935,132.023,131.585,131.911
1326837600,131.911,132.111,131.608,131.639
1326924000,131.639,131.779,130.896,131.037
1327010400,131.037,131.221,130.607,130.701
1327269600,130.701,130.936,130.182,130.447
1327356000,130.447,130.584,130.223,130.44
1327442400,130.44,131.751,130.328,131.233
1327528800,131.233,131.87,131.17,131.775
1327615200,131.775,132.177,131.552,132.098
1327874400,132.098,132.549,132.037,132.313
1327960800,132.313,132.667,132.012,132.589
1328047200,132.589,132.604,132.238,132.363
1328133600,132.363,132.561,132.19,132.513
1328220000,132.513,132.634,131.599,131.817
1328479200,131.817,132.096,131.643,131.923
1328565600,131.923,131.966,131.229,131.353
1328652000,131.353,131.493,131.147,131.284
1328738400,131.284,131.468,130.825,131.105
1328824800,131.105,131.757,131.105,131.475
1329084000,131.475,131.645,131.13,131.455
1329170400,131.455,131.81,131.327,131.637
1329256800,131.637,131.991,131.431,131.787
1329343200,131.787,131.957,131.046,131.233
1329429600,131.233,131.294,130.806,131.164
1329688800,131.164,131.164,130.662,130.77
1329775200,130.77,131.034,130.56,130.747
1329861600,130.747,131.273,130.556,131.225
1329948000,131.225,131.47,130.893,131.282
1330034400,131.282,131.449,131.17,131.369
1330293600,131.369,131.867,131.309,131.725
1330380000,131.725,132.033,131.629,131.703
1330466400,131.703,131.718,130.966,131.294
1330552800,131.294,131.294,130.557,130.869
1330639200,130.869,131.447,130.759,131.399
1330898400,131.399,131.519,131.08,131.08
1330984800,131.08,131.751,131.033,131.657
1331071200,131.657,131.657,131.373,131.404
1331157600,131.404,131.498,131.058,131.136
1331244000,131.136,131.214,130.759,131.024
1331499600,131.024,131.362,130.923,130.939
1331586000,130.939,131.017,130.17,130.186
1331672400,130.186,130.248,128.838,129.072
1331758800,129.072,129.274,128.43,129.039
1331845200,129.039,129.101,128.302,128.802
1332104400,128.802,129.109,128.029,128.138
1332190800,128.138,128.606,127.917,128.198
1332277200,128.198,128.838,128.026,128.728
1332363600,128.728,129.165,128.603,128.883
1332450000,128.883,129.491,128.757,129.24
1332709200,129.24,129.375,128.812,129.218
1332795600,129.218,129.889,129.123,129.795
1332882000,129.795,130.028,129.528,129.699
1332968400,129.699,130.151,129.605,130.072
1333054800,130.072,130.243,129.444,129.695
1333314000,129.695,130.111,129.346,129.97
1333400400,129.97,130.234,128.982,129.013
1333486800,129.013,129.715,128.935,129.684
1333573200,129.684,130.449,129.557,130.104
1333659600,130.104,131.26,129.93,131.229
1333918800,131.229,131.474,131.051,131.206
1334005200,131.206,131.892,131.08,131.751
1334091600,131.751,131.751,131.296,131.405
1334178000,131.405,131.622,131.153,131.293
1334264400,131.293,131.823,131.262,131.744
1334523600,131.744,132.051,131.613,131.753
1334610000,131.753,131.925,131.455,131.61
1334696400,131.61,131.828,131.437,131.733
1334782800,131.733,131.951,131.56,131.778
1334869200,131.778,131.918,131.589,131.854
1335128400,131.854,132.27,131.833,132.082
1335214800,132.082,132.238,131.783,131.829
1335301200,131.829,131.907,131.311,131.812
1335387600,131.812,132.248,131.717,132.185
1335474000,132.185,132.653,132.058,132.229
1335733200,132.229,132.489,132.13,132.395
1335819600,132.395,132.518,132.033,132.142
1335906000,132.142,132.516,131.969,132.265
1335992400,132.265,132.405,132.029,132.232
1336078800,132.232,132.808,132.089,132.745
1336338000,132.745,133.162,132.708,132.786
1336424400,132.786,133.222,132.692,132.987
1336510800,132.987,133.36,132.924,133.016
1336597200,133.016,133.125,132.639,132.998
1336683600,132.998,133.232,132.966,133.168
1336942800,133.168,133.693,133.168,133.63
1337029200,133.63,133.692,133.285,133.518
1337115600,133.518,133.674,133.095,133.485
1337202000,133.485,133.889,133.233,133.811
1337288400,133.811,133.919,133.559,133.683
1337547600,133.683,133.819,133.428,133.63
1337634000,133.63,133.645,133.19,133.534
1337720400,133.534,133.954,133.455,133.766
1337806800,133.766,133.952,133.404,133.451
1337893200,133.451,133.902,133.388,133.871
1338152400,133.871,133.871,133.537,133.771
1338238800,133.771,134.112,133.629,133.737
1338325200,133.737,134.829,133.705,134.704
1338411600,134.704,135.28,134.416,135.057
1338498000,135.057,135.917,134.896,135.756
1338757200,135.756,135.864,134.992,135.054
1338843600,135.054,135.207,134.623,134.73
1338930000,134.73,134.929,134.047,134.155
1339016400,134.155,134.479,134.055,134.43
1339102800,134.43,135.07,134.327,134.358
1339362000,134.358,134.805,133.428,134.741
1339448400,134.741,134.819,134.01,134.056
1339534800,134.056,134.646,133.753,134.598
1339621200,134.598,134.671,134.055,134.102
1339707600,134.102,134.771,134.101,134.659
1339966800,134.659,134.794,134.028,134.602
1340053200,134.602,134.77,134.091,134.247
1340139600,134.247,134.387,133.627,133.845
1340226000,133.845,134.326,133.809,134.135
1340312400,134.135,134.21,133.674,133.75
1340571600,133.75,134.338,133.748,134.336
1340658000,134.336,134.383,133.938,134.171
1340744400,134.171,134.304,133.991,134.288
1340830800,134.288,134.768,134.145,134.609
1340917200,134.609,134.749,133.833,134.176
1341176400,134.176,134.922,133.986,134.621
1341262800,134.621,134.71,134.252,134.33
1341349200,134.33,134.622,134.267,134.542
1341435600,134.542,134.757,134.362,134.595
1341522000,134.595,135.075,134.563,134.948
1341781200,134.948,135.255,134.948,135.141
1341867600,135.141,135.259,134.963,135.227
1341954000,135.227,135.533,135.03,135.045
1342040400,135.045,135.387,135.029,135.272
1342126800,135.272,135.365,134.952,135.216
1342386000,135.216,135.585,135.119,135.315
1342472400,135.315,135.422,135.04,135.056
1342558800,135.056,135.364,135.008,135.172
1342645200,135.172,135.276,134.978,135.054
1342731600,135.054,135.533,135.037,135.469
1342990800,135.469,135.886,135.451,135.631
1343077200,135.631,135.889,135.327,135.889
1343163600,135.889,135.982,135.475,135.786
1343250000,135.786,135.813,135.371,135.385
1343336400,135.385,135.446,134.295,134.655
1343595600,134.655,135.068,134.461,135.005
1343682000,135.005,135.313,134.845,135.231
1343768400,135.231,135.262,134.549,134.69
1343854800,134.69,135.341,134.339,135.026
1343941200,135.026,135.119,134.172,134.406
1344200400,134.406,134.695,134.247,134.396
1344286800,134.396,134.502,133.808,133.917
1344373200,133.917,134.147,133.675,133.783
1344459600,133.783,133.919,133.509,133.759
1344546000,133.759,134.207,133.727,133.969
1344805200,133.969,134.183,133.821,133.881
1344891600,133.881,133.958,133.355,133.355
1344978000,133.355,133.494,132.767,132.783
1345064400,132.783,132.996,132.451,132.618
1345150800,132.618,132.956,132.598,132.781
1345410000,132.781,132.946,132.431,132.818
1345496400,132.818,132.94,132.436,132.857
1345582800,132.857,133.787,132.857,133.756
1345669200,133.756,134.031,133.551,133.81
1345755600,133.81,134.18,133.715,133.739
1346014800,133.739,134.074,133.658,133.979
1346101200,133.979,134.284,133.915,134.111
1346187600,134.111,134.216,133.838,134.055
1346274000,134.055,134.439,133.973,134.313
1346360400,134.313,134.888,133.915,134.872
1346619600,134.872,134.872,134.612,134.813
1346706000,134.813,134.857,134.362,134.471
1346792400,134.471,134.703,134.304,134.32
1346878800,134.32,134.397,133.636,133.681
1346965200,133.681,134.524,133.235,133.955
1347224400,133.955,134.199,133.77,134.036
1347310800,134.036,134.143,133.667,133.696
1347397200,133.696,133.805,133.216,133.325
1347483600,133.325,133.899,132.766,133.834
1347570000,133.834,133.866,132.632,132.771
1347829200,132.771,133.092,132.626,132.853
1347915600,132.853,133.397,132.821,133.063
1348002000,133.063,133.434,132.934,133.337
1348088400,133.337,133.742,133.202,133.328
1348174800,133.328,133.617,133.103,133.554
1348434000,133.554,133.874,133.472,133.824
1348520400,133.824,134.067,133.55,134.066
1348606800,134.066,134.481,133.953,134.45
1348693200,134.45,134.45,134.13,134.173
1348779600,134.173,134.638,134.157,134.305
1349038800,134.305,134.442,134.122,134.292
1349125200,134.292,134.441,134.144,134.345
1349211600,134.345,134.547,134.26,134.493
1349298000,134.493,134.508,134.043,134.075
1349384400,134.075,134.211,133.579,133.641
1349643600,133.641,133.976,133.59,133.911
1349730000,133.911,134.032,133.622,133.76
1349816400,133.76,134.033,133.486,134.017
1349902800,134.017,134.061,133.492,133.945
1349989200,133.945,134.189,133.751,133.983
1350248400,133.983,134.041,133.706,133.923
1350334800,133.923,133.969,133.412,133.474
1350421200,133.474,133.474,132.601,132.617
1350507600,132.617,132.892,132.497,132.497
1350594000,132.497,133.055,132.497,132.974
1350853200,132.974,132.986,132.475,132.522
1350939600,132.522,133.001,132.474,132.937
1351026000,132.937,133.038,132.695,132.802
1351112400,132.802,132.832,132.215,132.4
1351198800,132.4,133.13,132.305,133.112
1351458000,133.112,133.369,133.044,133.258
1351544400,133.258,133.536,133.061,133.153
1351630800,133.153,133.536,132.865,133.457
1351717200,133.457,133.457,133.12,133.196
1351803600,133.196,133.349,132.767,133.312
1352066400,133.312,133.663,133.214,133.55
1352152800,133.55,133.593,133.039,133.055
1352239200,133.055,134.114,133.054,133.876
1352325600,133.876,134.369,133.807,134.337
1352412000,134.337,134.597,134.078,134.296
1352671200,134.296,134.332,134.098,134.267
1352757600,134.267,134.529,134.172,134.32
1352844000,134.32,134.452,134.033,134.358
1352930400,134.358,134.491,134.149,134.332
1353016800,134.332,134.685,134.263,134.479
1353276000,134.479,134.479,134.078,134.153
1353362400,134.153,134.309,133.799,133.815
1353448800,133.815,134,133.588,133.696
1353535200,133.696,133.711,133.55,133.656
1353621600,133.656,133.807,133.557,133.6
1353880800,133.6,133.963,133.516,133.789
1353967200,133.789,134,133.629,133.983
1354053600,133.983,134.274,133.965,134.099
1354140000,134.099,134.294,133.983,134.246
1354226400,134.246,134.388,134.109,134.228
1354485600,134.228,134.284,133.937,134.168
1354572000,134.168,134.318,134.023,134.268
1354658400,134.268,134.543,134.141,134.447
1354744800,134.447,134.642,134.38,134.468
1354831200,134.468,134.587,134.102,134.224
1355090400,134.224,134.419,134.15,134.211
1355176800,134.211,134.273,133.907,133.983
1355263200,133.983,134.131,133.614,133.668
1355349600,133.668,133.796,133.261,133.284
1355436000,133.284,133.507,133.187,133.446
1355695200,133.446,133.446,132.901,132.928
1355781600,132.928,133.004,132.42,132.623
1355868000,132.623,132.948,132.493,132.742
1355954400,132.742,132.974,132.72,132.751
1356040800,132.751,133.233,132.656,132.995
1356300000,132.995,133.051,132.836,132.898
1356472800,132.898,133.151,132.847,133.087
1356559200,133.087,133.567,132.879,133.3
1356645600,133.3,133.625,133.268,133.56
1356904800,133.56,133.592,133.102,133.325
1357077600,133.325,133.325,132.408,132.616
1357164000,132.616,132.755,132.014,132.014
1357250400,132.014,132.133,131.617,132.117
1357509600,132.117,132.243,131.989,132.097
1357596000,132.097,132.39,132.031,132.294
1357682400,132.294,132.586,132.15,132.475
1357768800,132.475,132.475,132.078,132.155
1357855200,132.155,132.462,131.908,132.384
1358114400,132.384,132.664,132.29,132.536
1358200800,132.536,132.829,132.473,132.623
1358287200,132.623,132.885,132.607,132.758
1358373600,132.758,132.897,132.172,132.234
1358460000,132.234,132.636,132.105,132.572
1358719200,132.572,132.572,132.286,132.286
1358805600,132.286,132.718,132.252,132.596
1358892000,132.596,132.838,132.544,132.726
1358978400,132.726,132.91,132.345,132.531
1359064800,132.531,132.547,131.703,131.757
1359324000,131.757,131.85,131.269,131.659
1359410400,131.659,131.81,131.448,131.464
1359496800,131.464,131.757,131.272,131.63
1359583200,131.63,131.877,131.468,131.56
1359669600,131.56,132.135,131.241,131.381
1359928800,131.381,131.98,131.02,131.894
1360015200,131.894,131.938,131.419,131.605
1360101600,131.605,131.928,131.524,131.896
1360188000,131.896,132.189,131.657,131.968
1360274400,131.968,132.153,131.681,131.992
1360533600,131.992,132.023,131.756,131.816
1360620000,131.816,131.938,131.623,131.715
1360706400,131.715,131.76,131.255,131.306
1360792800,131.306,131.812,131.251,131.796
1360879200,131.796,131.949,131.493,131.711
1361138400,131.711,131.741,131.556,131.708
1361224800,131.708,131.858,131.497,131.512
1361311200,131.512,131.756,131.335,131.709
1361397600,131.709,132.157,131.63,131.952
1361484000,131.952,132.135,131.808,132.102
1361743200,132.102,132.911,131.803,132.849
1361829600,132.849,133.096,132.64,132.764
1361916000,132.764,133.119,132.679,132.741
1362002400,132.741,133.003,132.72,132.891
1362088800,132.891,133.168,132.857,133.15
1362348000,133.15,133.259,132.88,132.895
1362434400,132.895,132.973,132.656,132.748
1362520800,132.748,132.794,132.415,132.443
1362607200,132.443,132.578,131.91,131.926
1362693600,131.926,131.972,131.24,131.535
1362949200,131.535,131.584,131.288,131.405
1363035600,131.405,131.759,131.246,131.693
1363122000,131.693,131.827,131.415,131.618
1363208400,131.618,131.749,131.279,131.684
1363294800,131.684,132.115,131.551,132.067
1363554000,132.067,132.809,132.067,132.345
1363640400,132.345,132.855,132.201,132.696
1363726800,132.696,132.851,132.29,132.29
1363813200,132.29,132.624,132.254,132.608
1363899600,132.608,132.744,132.332,132.517
1364158800,132.517,132.782,132.139,132.576
1364245200,132.576,132.754,132.347,132.69
1364331600,132.69,133.326,132.623,133.15
1364418000,133.15,133.348,132.902,132.949
1364763600,132.949,133.202,132.691,133.136
1364850000,133.136,133.195,132.858,132.935
1364936400,132.935,133.459,132.77,133.348
1365022800,133.348,133.796,133.262,133.713
1365109200,133.713,134.287,133.566,133.921
1365368400,133.921,134.052,133.618,133.633
1365454800,133.633,133.876,133.547,133.652
1365541200,133.652,133.713,133.2,133.278
1365627600,133.278,133.49,133.182,133.392
1365714000,133.392,133.853,133.359,133.835
1365973200,133.835,134.066,133.68,134.003
1366059600,134.003,134.05,133.586,133.708
1366146000,133.708,134.059,133.608,133.853
1366232400,133.853,133.986,133.704,133.888
1366318800,133.888,133.888,133.659,133.718
1366578000,133.718,133.952,133.483,133.823
1366664400,133.823,134.253,133.701,133.717
1366750800,133.717,133.879,133.569,133.72
1366837200,133.72,133.809,133.569,133.755
1366923600,133.755,134.122,133.723,134.072
1367182800,134.072,134.17,133.978,134.067
1367269200,134.067,134.357,133.961,133.961
1367355600,133.961,134.374,133.897,134.231
1367442000,134.231,134.3,134.003,134.25
1367528400,134.25,134.312,133.345,133.437
1367787600,133.437,133.49,133.182,133.307
1367874000,133.307,133.413,133.063,133.169
1367960400,133.169,133.379,133.052,133.267
1368046800,133.267,133.494,133.177,133.223
1368133200,133.223,133.253,132.367,132.568
1368392400,132.568,132.615,132.198,132.39
1368478800,132.39,132.586,131.955,132.002
1368565200,132.002,132.448,131.936,132.319
1368651600,132.319,132.935,132.14,132.699
1368738000,132.699,132.927,132.187,132.232
1368997200,132.232,132.467,132.011,132.133
1369083600,132.133,132.437,131.859,132.341
1369170000,132.341,132.708,131.454,131.467
1369256400,131.467,132.072,131.215,131.612
1369342800,131.612,131.916,131.485,131.623
1369602000,131.623,131.68,131.362,131.425
1369688400,131.425,131.499,130.346,130.409
1369774800,130.409,130.804,129.856,130.788
1369861200,130.788,130.965,130.42,130.806
1369947600,130.806,131.194,129.992,130.637
1370206800,130.637,131.127,130.104,130.667
1370293200,130.667,130.775,130.328,130.404
1370379600,130.404,130.933,130.355,130.755
1370466000,130.755,131.629,130.48,130.918
1370552400,130.918,131.273,130.055,130.087
1370811600,130.087,130.267,129.646,129.849
1370898000,129.849,130.091,129.18,129.964
1370984400,129.964,130.176,129.641,129.701
1371070800,129.701,130.541,129.652,130.367
1371157200,130.367,130.863,130.332,130.64
1371416400,130.64,130.799,130.228,130.228
1371502800,130.228,130.345,129.969,130.202
1371589200,130.202,130.383,128.396,128.506
1371675600,128.506,128.615,127.617,128.085
1371762000,128.085,128.347,126.988,127.098
1372021200,127.098,127.177,125.952,126.916
1372107600,126.916,127.47,126.426,126.473
1372194000,126.473,127.347,126.251,127.091
1372280400,127.091,127.682,126.977,127.584
1372366800,127.584,127.815,126.869,127.353
1372626000,127.353,127.541,126.838,127.478
1372712400,127.478,127.662,127.28,127.452
1372798800,127.452,127.918,127.033,127.095
1372885200,127.095,127.433,126.835,127.007
1372971600,127.007,127.066,125.296,125.296
1373230800,125.296,126.114,125.147,126.097
1373317200,126.097,126.371,125.903,126.212
1373403600,126.212,126.47,125.919,126.375
1373490000,126.375,127.254,126.375,127.071
1373576400,127.071,127.535,126.81,126.966
1373835600,126.966,127.311,126.529,127.311
1373922000,127.311,127.524,127.149,127.284
1374008400,127.284,128,127.042,127.729
1374094800,127.729,127.959,127.295,127.451
1374181200,127.451,127.82,127.382,127.755
1374440400,127.755,127.95,127.708,127.816
1374526800,127.816,127.844,127.416,127.648
1374613200,127.648,127.663,126.728,127.01
1374699600,127.01,127.266,126.703,127.219
1374786000,127.219,127.4,127.056,127.239
1375045200,127.239,127.37,126.942,126.987
1375131600,126.987,127.2,126.9,126.914
1375218000,126.914,127.155,126.067,127.06
1375304400,127.06,127.075,125.889,125.998
1375390800,125.998,127.133,125.677,127.117
1375650000,127.117,127.126,126.664,126.865
1375736400,126.865,126.956,126.671,126.807
1375822800,126.807,127.205,126.805,127.126
1375909200,127.126,127.356,127.04,127.24
1375995600,127.24,127.312,127.091,127.276
1376254800,127.276,127.388,126.895,126.899
1376341200,126.899,126.914,125.98,126.042
1376427600,126.042,126.287,125.959,126.11
1376514000,126.11,126.249,125.194,125.762
1376600400,125.762,125.832,125.008,125.367
1376859600,125.367,125.367,124.82,124.944
1376946000,124.944,125.612,124.944,125.497
1377032400,125.497,125.542,124.703,124.719
1377118800,124.719,124.852,124.371,124.646
1377205200,124.646,125.327,124.295,125.215
1377464400,125.215,125.515,125.064,125.48
1377550800,125.48,126.128,125.29,126.064
1377637200,126.064,126.079,125.366,125.616
1377723600,125.616,125.794,125.061,125.605
1377810000,125.605,125.801,125.25,125.258
1378069200,125.258,125.258,124.754,124.824
1378155600,124.824,125.055,124.302,124.753
1378242000,124.753,124.84,124.259,124.305
1378328400,124.305,124.397,123.543,123.559
1378414800,123.559,124.874,123.493,124.268
1378674000,124.268,124.709,124.12,124.43
1378760400,124.43,124.445,123.995,124.087
1378846800,124.087,124.66,124.006,124.611
1378933200,124.611,125.013,124.524,124.568
1379019600,124.568,124.859,124.121,124.808
1379278800,124.808,125.934,124.808,125.213
1379365200,125.213,125.492,125.134,125.264
1379451600,125.264,127.034,124.861,126.86
1379538000,126.86,127.092,126.265,126.265
1379624400,126.265,126.543,126.036,126.379
1379883600,126.379,126.689,126.158,126.626
1379970000,126.626,127.104,126.578,126.929
1380056400,126.929,127.358,126.861,127.2
1380142800,127.2,127.288,126.97,127.077
1380229200,127.077,127.508,126.933,127.317
1380488400,127.317,127.669,127.093,127.422
1380574800,127.422,127.437,126.994,127.032
1380661200,127.032,127.621,126.928,127.397
1380747600,127.397,127.812,127.123,127.59
1380834000,127.59,127.59,127.06,127.121
1381093200,127.121,127.473,127.121,127.241
1381179600,127.241,127.396,126.997,127.135
1381266000,127.135,127.385,126.935,127.028
1381352400,127.028,127.059,126.548,126.89
1381438800,126.89,127.258,126.804,126.94
1381698000,126.94,127.182,126.496,126.589
1381784400,126.589,126.879,126.478,126.592
1381870800,126.592,127.1,126.317,127.099
1381957200,127.099,127.78,127.035,127.684
1382043600,127.684,128.133,127.601,127.719
1382302800,127.719,127.719,127.369,127.509
1382389200,127.509,128.237,127.444,128.22
1382475600,128.22,128.507,128.219,128.239
1382562000,128.239,128.466,128.085,128.101
1382648400,128.101,128.359,128.053,128.23
1382907600,128.23,128.305,128.043,128.13
1382994000,128.13,128.385,128.09,128.337
1383080400,128.337,128.687,127.933,128.058
1383166800,128.058,128.379,127.703,127.841
1383253200,127.841,127.888,127.297,127.358
1383516000,127.358,127.622,127.252,127.509
1383602400,127.509,127.601,126.934,127.073
1383688800,127.073,127.565,127.054,127.437
1383775200,127.437,127.947,127.401,127.723
1383861600,127.723,128.217,126.475,126.612
1384120800,126.612,126.74,126.482,126.482
1384207200,126.482,126.558,126.193,126.297
1384293600,126.297,127.226,126.297,127.1
1384380000,127.1,127.401,126.872,127.37
1384466400,127.37,127.401,127.017,127.232
1384725600,127.232,127.541,127.064,127.509
1384812000,127.509,127.554,127.09,127.152
1384898400,127.152,127.441,126.591,126.638
1384984800,126.638,126.816,126.269,126.72
1385071200,126.72,126.974,126.635,126.974
1385330400,126.974,127.113,126.741,127.062
1385416800,127.062,127.365,126.976,127.238
1385503200,127.238,127.253,126.696,126.975
1385589600,126.975,126.975,126.749,126.949
1385676000,126.949,126.962,126.72,126.788
1385935200,126.788,126.831,126.226,126.412
1386021600,126.412,126.702,126.298,126.525
1386108000,126.525,126.586,125.899,126.068
1386194400,126.068,126.173,125.68,125.722
1386280800,125.722,126.028,125.192,125.803
1386540000,125.803,125.987,125.617,125.856
1386626400,125.856,126.318,125.792,126.19
1386712800,126.19,126.202,125.749,125.797
1386799200,125.797,125.901,125.47,125.562
1386885600,125.562,125.758,125.475,125.611
1387144800,125.611,125.801,125.445,125.49
1387231200,125.49,125.889,125.49,125.871
1387317600,125.871,126.017,125.054,125.384
1387404000,125.384,125.509,124.68,124.896
1387490400,124.896,125.122,124.509,124.977
1387749600,124.977,124.977,124.605,124.62
1387836000,124.62,124.728,124.183,124.23
1388008800,124.23,124.237,124.061,124.122
1388095200,124.122,124.353,123.955,124.124
1388354400,124.124,124.368,123.949,124.351
1388440800,124.351,124.364,124.009,124.087
1388613600,124.087,124.328,123.874,124.231
1388700000,124.231,124.423,124.095,124.185
1388959200,124.185,124.587,123.952,124.475
1389045600,124.475,124.683,124.41,124.618
1389132000,124.618,124.618,123.976,124.069
1389218400,124.069,124.312,123.98,124.245
1389304800,124.245,125.303,124.209,125.27
1389564000,125.27,125.561,125.158,125.48
1389650400,125.48,125.48,125.012,125.026
1389736800,125.026,125.143,124.638,124.792
1389823200,124.792,125.237,124.744,125.155
1389909600,125.155,125.347,125.02,125.339
1390168800,125.339,125.395,125.202,125.307
1390255200,125.307,125.307,124.809,125.118
1390341600,125.118,125.164,124.679,124.679
1390428000,124.679,125.673,124.631,125.499
1390514400,125.499,126.261,125.449,126.004
1390773600,126.004,126.022,125.522,125.71
1390860000,125.71,125.843,125.374,125.728
1390946400,125.728,126.422,125.413,126.295
1391032800,126.295,126.324,125.876,126.124
1391119200,126.124,126.566,126.028,126.55
1391378400,126.55,127.121,126.246,127.058
1391464800,127.058,127.084,126.685,126.698
1391551200,126.698,127.066,126.404,126.449
1391637600,126.449,126.541,126.108,126.168
1391724000,126.168,126.849,125.782,126.468
1391983200,126.468,126.636,126.368,126.504
1392069600,126.504,126.513,125.975,126.004
1392156000,126.004,126.112,125.6,125.739
1392242400,125.739,126.292,125.739,126.243
1392328800,126.243,126.442,126.044,126.112
1392588000,126.112,126.168,125.974,126.103
1392674400,126.103,126.474,125.947,126.377
1392760800,126.377,126.681,126.065,126.065
1392847200,126.065,126.451,125.755,125.894
1392933600,125.894,126.007,125.65,125.974
1393192800,125.974,126.085,125.7,125.854
1393279200,125.854,126.188,125.816,126.107
1393365600,126.107,126.469,126.003,126.453
1393452000,126.453,126.712,126.354,126.627
1393538400,126.627,126.717,126.038,126.456
1393797600,126.456,126.968,126.456,126.806
1393884000,126.806,126.829,126.041,126.087
1393970400,126.087,126.264,125.874,126.058
1394056800,126.058,126.1345,125.688,125.808
1394143200,125.808,125.94,125.099,125.331
1394398800,125.331,125.465,125.145,125.376
1394485200,125.376,125.535,125.205,125.454
1394571600,125.454,125.901,125.389,125.722
1394658000,125.722,126.403,125.457,126.322
1394744400,126.322,126.66,126.135,126.226
1395003600,126.226,126.332,125.875,125.921
1395090000,125.921,126.18,125.846,126.062
1395176400,126.062,126.168,124.717,124.969
1395262800,124.969,125.138,124.767,124.968
1395349200,124.968,125.064,124.798,125.014
1395608400,125.014,125.014,124.558,124.9
1395694800,124.9,125.018,124.73,124.804
1395781200,124.804,125.356,124.729,125.261
1395867600,125.261,125.372,125.013,125.196
1395954000,125.196,125.315,124.819,124.848
1396213200,124.848,124.892,124.486,124.891
1396299600,124.891,124.891,124.626,124.748
1396386000,124.748,124.748,124.163,124.21
1396472400,124.21,124.386,124.145,124.177
1396558800,124.177,125.001,124.0375,124.997
1396818000,124.997,125.233,124.876,125.056
1396904400,125.056,125.309,124.934,125.26
1396990800,125.26,125.481,124.93,125.401
1397077200,125.401,126.096,125.35,125.715
1397163600,125.715,126.114,125.66,125.887
1397422800,125.887,126.214,125.587,125.615
1397509200,125.615,125.979,125.477,125.661
1397595600,125.661,125.738,125.394,125.502
1397682000,125.502,125.623,124.698,124.807
1398027600,124.807,124.948,124.588,124.739
1398114000,124.739,124.873,124.49,124.706
1398200400,124.706,125.055,124.635,124.799
1398286800,124.799,125.008,124.552,124.924
1398373200,124.924,125.242,124.873,125.017
1398632400,125.017,125.079,124.64,124.777
1398718800,124.777,124.918,124.562,124.855
1398805200,124.855,125.295,124.671,125.278
1398891600,125.278,125.625,125.141,125.434
1398978000,125.434,125.736,124.614,125.543
1399237200,125.543,125.654,125.291,125.35
1399323600,125.35,125.445,125.198,125.411
1399410000,125.411,125.696,125.211,125.583
1399496400,125.583,125.869,125.493,125.723
1399582800,125.723,125.885,125.616,125.69
1399842000,125.69,125.69,125.329,125.34
1399928400,125.34,125.763,125.282,125.747
1400014800,125.747,126.424,125.665,126.217
1400101200,126.217,126.754,126.001,126.576
1400187600,126.576,126.606,126.277,126.277
1400446800,126.277,126.574,126.194,126.209
1400533200,126.209,126.571,126.157,126.474
1400619600,126.474,126.608,126.067,126.3
1400706000,126.3,126.36,126.059,126.142
1400792400,126.142,126.364,126.091,126.266
1401051600,126.266,126.266,126.113,126.17
1401138000,126.17,126.308,126.013,126.275
1401224400,126.275,126.903,126.259,126.791
1401310800,126.791,127.123,126.586,126.601
1401397200,126.601,126.693,126.386,126.506
1401656400,126.506,126.506,125.946,126.055
1401742800,126.055,126.129,125.492,125.492
1401829200,125.492,125.737,125.311,125.434
1401915600,125.434,125.806,125.144,125.613
1402002000,125.613,126.063,125.399,125.476
1402261200,125.476,125.476,125.132,125.303
1402347600,125.303,125.41,124.979,125.009
1402434000,125.009,125.285,124.847,125.093
1402520400,125.093,125.666,124.946,125.414
1402606800,125.414,125.436,124.981,125.324
1402866000,125.324,125.503,125.184,125.309
1402952400,125.309,125.368,124.811,124.842
1403038800,124.842,125.461,124.762,125.461
1403125200,125.461,125.705,125.09,125.3165
1403211600,125.316,125.401,125.034,125.346
1403470800,125.346,125.459,125.141,125.157
1403557200,125.157,125.54,125.14,125.524
1403643600,125.524,125.974,125.457,125.687
1403730000,125.687,126.056,125.601,125.912
1403816400,125.912,126.172,125.88,125.965
1404075600,125.965,126.079,125.81,125.917
1404162000,125.917,126.01,125.656,125.687
1404248400,125.687,125.807,125.204,125.22
1404334800,125.22,125.313,124.631,125.052
1404421200,125.052,125.095,124.956,125.044
1404680400,125.044,125.186,124.83,125.184
1404766800,125.184,125.631,125.101,125.55
1404853200,125.55,125.745,125.18,125.697
1404939600,125.697,126.225,125.663,125.875
1405026000,125.875,126.102,125.776,125.975
1405285200,125.975,125.975,125.661,125.692
1405371600,125.692,125.936,125.448,125.587
1405458000,125.587,125.724,125.439,125.655
1405544400,125.655,126.336,125.654,126.273
1405630800,126.273,126.398,125.824,125.917
1405890000,125.917,126.139,125.827,125.948
1405976400,125.948,126.082,125.675,126.032
1406062800,126.032,126.15,125.917,126.021
1406149200,126.021,126.064,125.557,125.681
1406235600,125.681,125.939,125.535,125.906
1406494800,125.906,125.906,125.625,125.702
1406581200,125.702,125.977,125.588,125.895
1406667600,125.895,125.957,124.976,125.179
1406754000,125.179,125.299,124.764,125.153
1406840400,125.153,125.897,124.926,125.848
1407099600,125.848,126.039,125.666,125.926
1407186000,125.926,126.017,125.574,125.838
1407272400,125.838,126.224,125.786,125.968
1407358800,125.968,126.46,125.851,126.412
1407445200,126.412,126.988,126.308,126.308
1407704400,126.308,126.403,126.158,126.26
1407790800,126.26,126.394,126.156,126.171
1407877200,126.171,126.601,125.962,126.521
1407963600,126.521,126.812,126.409,126.621
1408050000,126.621,127.396,126.554,127.033
1408309200,127.033,127.033,126.594,126.594
1408395600,126.594,126.916,126.537,126.583
1408482000,126.583,126.61,126.12,126.228
1408568400,126.228,126.423,126.097,126.265
1408654800,126.265,126.525,125.912,126.176
1408914000,126.176,126.352,126.084,126.254
1409000400,126.254,126.45,126.198,126.228
1409086800,126.228,126.548,126.227,126.483
1409173200,126.483,126.806,126.482,126.614
1409259600,126.614,126.703,126.465,126.525
1409518800,126.525,126.525,126.372,126.432
1409605200,126.432,126.461,125.906,125.966
1409691600,125.966,126.034,125.523,126.034
1409778000,126.034,126.2385,125.556,125.6085
1409864400,125.608,126.318,125.469,125.6765
1410123600,125.6765,125.939,125.45,125.481
1410210000,125.481,125.4955,125.173,125.173
1410296400,125.173,125.2725,124.9045,124.9205
1410382800,124.92,125.203,124.878,124.9095
1410469200,124.9095,124.9705,124.524,124.563
1410728400,124.563,124.785,124.4675,124.7115
1410814800,124.712,125.0675,124.672,124.739
1410901200,124.739,125.142,124.341,124.341
1410987600,124.341,124.476,124.071,124.336
1411074000,124.336,124.598,124.02,124.582
1411333200,124.582,124.88,124.539,124.769
1411419600,124.769,125.078,124.751,125.062
1411506000,125.062,125.077,124.727,124.774
1411592400,124.774,125.317,124.757,125.302
1411678800,125.302,125.393,124.826,124.983
1411938000,124.983,125.329,124.859,125.327
1412024400,125.327,125.327,124.963,125.243
1412110800,125.243,126.1,125.147,126.069
1412197200,126.069,126.158,125.718,125.796
1412283600,125.796,125.841,125.259,125.681
1412542800,125.681,125.995,125.544,125.869
1412629200,125.869,126.537,125.788,126.506
1412715600,126.506,127.033,126.219,126.923
1412802000,126.923,127.312,126.761,126.934
1412888400,126.934,127.181,126.633,127.179
1413147600,127.179,127.773,127.12,127.773
1413234000,127.773,128.115,127.395,127.909
1413320400,127.909,130.91,127.624,128.624
1413406800,128.624,129.937,128.165,128.336
1413493200,128.336,128.71,127.815,128.033
1413752400,128.033,128.331,127.754,128.079
1413838800,128.079,128.609,127.793,127.838
1413925200,127.838,128.212,127.584,127.864
1414011600,127.864,128.02,127.154,127.373
1414098000,127.373,127.795,127.336,127.367
1414357200,127.367,127.571,127.118,127.413
1414443600,127.413,127.521,127.126,127.141
1414530000,127.141,127.311,126.494,126.791
1414616400,126.791,127.053,126.616,126.895
1414702800,126.895,127.019,126.501,126.655
1414965600,126.655,126.891,126.232,126.56
1415052000,126.56,126.885,126.495,126.617
1415138400,126.617,126.678,126.331,126.58
1415224800,126.58,126.719,126.167,126.23
1415311200,126.23,126.976,126.101,126.976
1415570400,126.976,127.243,126.489,126.489
1415656800,126.489,126.567,126.299,126.406
1415743200,126.406,126.84,126.342,126.431
1415829600,126.431,126.755,126.382,126.723
1415916000,126.723,126.953,126.391,126.859
1416175200,126.859,127.191,126.624,126.67
1416261600,126.67,126.932,126.667,126.852
1416348000,126.852,126.883,126.441,126.518
1416434400,126.518,126.983,126.517,126.667
1416520800,126.667,126.88,126.537,126.848
1416780000,126.848,127.031,126.671,126.952
1416866400,126.952,127.354,126.853,127.338
1416952800,127.338,127.631,127.29,127.488
1417039200,127.488,127.765,127.488,127.765
1417125600,127.765,127.993,127.653,127.993
1417384800,127.993,128.286,127.498,127.576
1417471200,127.576,127.623,127.066,127.097
1417557600,127.097,127.218,126.935,127.09
1417644000,127.09,127.413,126.928,127.397
1417730400,127.397,127.412,126.512,126.667
1417989600,126.667,127.117,126.303,126.959
1418076000,126.959,127.614,126.848,127.392
1418162400,127.392,127.95,127.249,127.887
1418248800,127.887,128.103,127.315,127.691
1418335200,127.691,128.518,127.643,128.454
1418594400,128.454,128.58,127.899,127.976
1418680800,127.976,129.087,127.975,128.44
1418767200,128.44,128.532,127.588,127.678
1418853600,127.678,127.911,126.997,127.121
1418940000,127.121,127.445,126.945,127.365
1419199200,127.365,127.489,127.173,127.374
1419285600,127.374,127.441,126.55,126.581
1419372000,126.581,126.814,126.293,126.622
1419544800,126.622,126.719,126.53,126.607
1419804000,126.607,127.081,126.574,127.008
1419890400,127.008,127.333,126.973,127.189
1419976800,127.189,127.389,127.139,127.356
1420149600,127.356,127.891,126.966,127.811
1420408800,127.811,128.385,127.603,128.338
1420495200,128.338,129.65,128.29,129.052
1420581600,129.052,129.221,128.56,128.903
1420668000,128.903,128.903,128.489,128.613
1420754400,128.613,129.361,128.593,129.265
1421013600,129.265,129.635,129.041,129.634
1421100000,129.634,130.039,129.346,129.721
1421186400,129.721,130.72,129.705,130.059
1421272800,130.059,131.415,129.695,131.368
1421359200,131.368,131.426,130.216,130.247
1421618400,130.247,130.636,130.169,130.477
1421704800,130.477,130.783,130.11,130.405
1421791200,130.405,130.572,129.724,129.755
1421877600,129.755,130.267,129.154,129.732
1421964000,129.732,130.449,129.653,130.273
1422223200,130.273,130.585,129.782,129.952
1422309600,129.952,130.558,129.904,129.992
1422396000,129.992,131.019,129.895,130.83
1422482400,130.83,130.908,130.291,130.572
1422568800,130.572,131.536,130.493,131.505
1422828000,131.505,131.505,130.92,131.278
1422914400,131.278,131.386,130.237,130.315
1423000800,130.315,130.809,129.918,130.664
1423087200,130.664,130.943,129.989,130.143
1423173600,130.143,130.671,128.789,128.836
1423432800,128.836,129.396,128.644,128.668
1423519200,128.668,128.844,128.417,128.618
1423605600,128.618,128.865,128.282,128.375
1423692000,128.375,128.855,128.136,128.693
1423778400,128.693,128.759,128.314,128.341
1424037600,128.341,128.512,128.122,128.496
1424124000,128.496,128.664,127.361,127.568
1424210400,127.568,128.465,127.293,128.171
1424296800,128.171,128.461,127.721,127.764
1424383200,127.764,128.436,127.527,127.792
1424642400,127.792,128.224,127.617,128.208
1424728800,128.208,128.951,127.757,128.889
1424815200,128.889,129.057,128.695,128.909
1424901600,128.909,129.186,128.264,128.342
1424988000,128.342,128.637,128.182,128.59
1425247200,128.59,128.65,127.798,127.888
1425333600,127.888,127.984,127.524,127.603
1425420000,127.603,127.849,127.474,127.69
1425506400,127.69,127.921,127.481,127.777
1425592800,127.777,128.228,126.656,126.733
1425848400,126.733,127.2,126.671,127.152
1425934800,127.152,127.776,126.994,127.601
1426021200,127.601,127.865,127.329,127.688
1426107600,127.688,128.359,127.591,127.697
1426194000,127.697,128.053,127.458,127.773
1426453200,127.773,128.174,127.723,128.046
1426539600,128.046,128.371,127.966,128.196
1426626000,128.196,129.603,128.148,129.43
1426712400,129.43,129.664,128.732,128.904
1426798800,128.904,129.4,128.876,129.325
1427058000,129.325,129.552,129.241,129.508
1427144400,129.508,129.839,129.36,129.764
1427230800,129.764,129.995,129.302,129.333
1427317200,129.333,129.659,128.777,128.934
1427403600,128.934,129.288,128.851,129.103
1427662800,129.103,129.331,129.019,129.262
1427749200,129.262,129.542,129.136,129.526
1427835600,129.526,130.085,129.318,130.005
1427922000,130.005,130.268,129.637,129.653
1428008400,129.653,130.684,129.653,130.432
1428267600,130.432,130.556,129.876,129.97
1428354000,129.97,130.014,129.635,129.911
1428440400,129.911,130.068,129.611,129.752
1428526800,129.752,130.029,129.259,129.305
1428613200,129.305,129.599,129.255,129.361
1428872400,129.361,129.56,129.061,129.544
1428958800,129.544,130.166,129.525,129.787
1429045200,129.787,130.08,129.72,129.968
1429131600,129.968,130.197,129.712,130.04
1429218000,130.04,130.412,129.846,130.095
1429477200,130.095,130.217,129.871,129.944
1429563600,129.944,130.148,129.738,129.816
1429650000,129.816,129.938,129.12,129.213
1429736400,129.213,129.614,129.145,129.394
1429822800,129.394,129.875,129.312,129.842
1430082000,129.842,129.95,129.509,129.695
1430168400,129.695,129.769,129.077,129.092
1430254800,129.092,129.278,128.4835,128.85
1430341200,128.85,128.99,128.171,128.8315
1430427600,128.832,128.832,128.078,128.147
1430686800,128.147,128.41,127.925,128.032
1430773200,128.032,128.278,127.573,127.676
1430859600,127.676,127.785,127.219,127.313
1430946000,127.313,127.808,126.73,127.682
1431032400,127.682,128.491,127.536,128.145
1431291600,128.145,128.271,127.075,127.102
1431378000,127.102,127.476,126.475,127.381
1431464400,127.381,127.924,127.139,127.186
1431550800,127.186,127.743,127.106,127.68
1431637200,127.68,128.378,127.648,128.252
1431896400,128.252,128.316,127.496,127.542
1431982800,127.542,127.978,126.99,127.05
1432069200,127.05,127.664,127.05,127.486
1432155600,127.486,127.979,127.414,127.9505
1432242000,127.95,128.179,127.374,127.707
1432501200,127.707,127.824,127.592,127.736
1432587600,127.736,128.239,127.565,128.1635
1432674000,128.1635,128.231,127.856,128.172
1432760400,128.172,128.366,128.068,128.192
1432846800,128.192,128.594,128.171,128.357
1433106000,128.357,128.526,127.721,127.831
1433192400,127.831,127.878,127.069,127.163
1433278800,127.163,127.24,126.181,126.321
1433365200,126.321,126.881,125.814,126.738
1433451600,126.738,126.754,125.507,125.882
1433710800,125.882,126.238,125.787,126.142
1433797200,126.142,126.391,125.586,125.706
1433883600,125.706,125.772,125.297,125.404
1433970000,125.404,126.151,125.227,126.119
1434056400,126.119,126.475,125.863,125.986
1434315600,125.986,126.704,125.986,126.325
1434402000,126.325,126.71,126.324,126.694
1434488400,126.694,126.954,125.902,126.844
1434574800,126.844,127.281,126.288,126.711
1434661200,126.711,127.349,126.679,127.347
1434920400,127.347,127.347,126.382,126.398
1435006800,126.398,126.472,125.968,126.107
1435093200,126.107,126.446,126.007,126.414
1435179600,126.414,126.476,125.952,126.139
1435266000,126.139,126.278,125.551,125.645
1435525200,125.645,127.545,125.645,126.878
1435611600,126.878,127.029,126.449,126.62
1435698000,126.62,126.648,125.892,126.047
1435784400,126.047,126.716,125.775,126.557
1435870800,126.557,126.991,126.462,126.912
1436130000,126.912,127.79,126.827,127.296
1436216400,127.296,128.138,127.057,127.477
1436302800,127.477,128.164,127.445,128.018
1436389200,128.018,128.143,127.085,127.085
1436475600,127.085,127.085,126.246,126.449
1436734800,126.449,126.842,125.849,125.944
1436821200,125.944,126.547,125.944,126.439
1436907600,126.439,126.914,126.132,126.804
1436994000,126.804,126.819,126.375,126.655
1437080400,126.655,126.824,126.399,126.632
1437339600,126.632,126.632,126.188,126.311
1437426000,126.311,126.758,126.165,126.758
1437512400,126.758,126.956,126.629,126.746
1437598800,126.746,127.135,126.573,127.119
1437685200,127.119,127.317,127.006,127.206
1437944400,127.206,127.703,127.189,127.657
1438030800,127.657,127.657,127.242,127.379
1438117200,127.379,127.393,127.044,127.121
1438203600,127.121,127.302,126.755,127.27
1438290000,127.27,128.014,127.046,127.999
1438549200,127.999,128.29,127.745,128.164
1438635600,128.164,128.241,127.451,127.498
1438722000,127.498,127.587,126.913,127.067
1438808400,127.067,127.5,127.015,127.416
1438894800,127.416,127.883,127.149,127.882
1439154000,127.882,127.882,127.265,127.405
1439240400,127.405,128.402,127.357,128.149
1439326800,128.149,129.007,128.023,128.142
1439413200,128.142,128.532,127.712,127.778
1439499600,127.778,127.988,127.471,127.609
1439758800,127.609,128.09,127.609,127.884
1439845200,127.884,128.162,127.642,127.708
1439931600,127.708,128.48,127.386,128.338
1440018000,128.338,128.706,128.29,128.706
1440104400,128.706,129.107,128.591,128.996
1440363600,128.996,130.102,128.943,129.333
1440450000,129.333,129.333,128.23,128.793
1440536400,128.793,129.011,127.972,128.065
1440622800,128.065,128.359,127.763,127.995
1440709200,127.995,128.537,127.864,128.007
1440968400,128.007,128.347,127.581,127.669
1441054800,127.669,128.231,127.637,128.166
1441141200,128.166,128.274,127.815,127.939
1441227600,127.939,128.28,127.888,128.168
1441314000,128.168,128.777,128.101,128.46
1441573200,128.46,128.462,128.113,128.264
1441659600,128.264,128.454,127.931,128.025
1441746000,128.025,128.161,127.487,127.94
1441832400,127.94,128.174,127.683,127.761
1441918800,127.761,128.258,127.729,128.131
1442178000,128.131,128.334,128.007,128.19
1442264400,128.19,128.36,127.225,127.272
1442350800,127.272,127.506,127.14,127.183
1442437200,127.183,128.155,127.166,128.123
1442523600,128.123,128.635,128.075,128.556
1442782800,128.556,128.556,127.94,128.018
1442869200,128.018,128.789,128.002,128.655
1442955600,128.655,128.936,128.383,128.46
1443042000,128.46,129.052,128.41,128.658
1443128400,128.658,128.658,128.01,128.463
1443387600,128.463,129.024,128.384,128.992
1443474000,128.992,129.457,128.831,129.346
1443560400,129.346,129.465,128.903,129.418
1443646800,129.418,129.57,129.133,129.333
1443733200,129.333,130.568,129.141,129.832
1443992400,129.832,129.985,129.307,129.353
1444078800,129.353,129.599,129.207,129.582
1444165200,129.582,129.629,129.107,129.262
1444251600,129.262,129.557,128.863,128.988
1444338000,128.988,129.207,128.67,129.045
1444597200,129.045,129.276,128.903,129.256
1444683600,129.256,129.445,129.098,129.379
1444770000,129.379,130.078,129.361,130.078
1444856400,130.078,130.078,129.523,129.585
1444942800,129.585,129.753,129.39,129.39
1445202000,129.39,129.548,129.136,129.417
1445288400,129.417,129.477,128.911,128.972
1445374800,128.972,129.405,128.953,129.337
1445461200,129.337,129.492,129.086,129.287
1445547600,129.287,129.332,128.686,128.76
1445806800,128.76,129.043,128.715,128.963
1445893200,128.963,129.443,128.946,129.191
1445979600,129.191,129.281,128.48,128.495
1446066000,128.495,128.619,127.909,127.921
1446152400,127.921,128.172,127.795,128.075
1446415200,128.075,128.154,127.679,127.8
1446501600,127.8,127.851,127.375,127.468
1446588000,127.468,127.589,127.119,127.27
1446674400,127.27,127.364,126.987,127.252
1446760800,127.252,127.295,126.182,126.399
1447020000,126.399,126.417,125.99,126.27
1447106400,126.27,126.625,126.2265,126.389
1447192800,126.389,126.512,126.305,126.398
1447279200,126.398,126.628,126.284,126.501
1447365600,126.501,126.902,126.405,126.902
1447624800,126.902,127.186,126.867,126.909
1447711200,126.909,127.064,126.549,126.923
1447797600,126.923,126.999,126.635,126.807
1447884000,126.807,127.099,126.775,126.957
1447970400,126.957,127.155,126.856,126.872
1448229600,126.872,127.088,126.573,127.071
1448316000,127.071,127.364,126.959,127.112
1448402400,127.112,127.265,126.981,127.121
1448488800,127.121,127.319,127.105,127.303
1448575200,127.303,127.392,127.175,127.253
1448834400,127.253,127.313,127.016,127.245
1448920800,127.245,127.821,126.958,127.788
1449007200,127.788,127.788,127.232,127.42
1449093600,127.42,127.435,126.047,126.345
1449180000,126.345,126.764,125.979,126.668
1449439200,126.668,127.184,126.465,126.994
1449525600,126.994,127.288,126.865,127.145
1449612000,127.145,127.438,126.794,127.248
1449698400,127.248,127.37,126.975,127.006
1449784800,127.006,127.99,126.958,127.958
1450044000,127.958,127.958,127.027,127.059
1450130400,127.059,127.244,126.536,126.722
1450216800,126.722,126.8,126.026,126.292
1450303200,126.292,126.898,126.291,126.882
1450389600,126.882,127.285,126.818,127.079
1450648800,127.079,127.344,126.875,127.158
1450735200,127.158,127.245,126.755,126.786
1450821600,126.786,126.818,126.483,126.639
1450908000,126.639,126.759,126.541,126.759
1451253600,126.759,126.953,126.58,126.795
1451340000,126.795,126.872,126.098,126.196
1451426400,126.196,126.33,125.982,126.232
1451512800,126.232,126.525,126.167,126.462
1451858400,126.462,127.064,126.284,126.686
1451944800,126.686,126.947,126.528,126.805
1452031200,126.805,127.426,126.741,127.379
1452117600,127.379,127.799,127.17,127.67
1452204000,127.67,128.04,127.07,127.993
1452463200,127.993,128.187,127.536,127.66
1452549600,127.66,128.454,127.452,128.237
1452636000,128.237,128.729,127.885,128.301
1452722400,128.301,128.678,128.08,128.341
1452808800,128.341,129.345,128.267,128.888
1453068000,128.888,129.031,128.668,128.889
1453154400,128.889,128.94,128.425,128.657
1453240800,128.657,129.655,128.657,129.282
1453327200,129.282,129.571,128.912,128.977
1453413600,128.977,129.1325,128.467,128.716
1453672800,128.716,129.072,128.591,129.056
1453759200,129.056,129.445,128.879,129.155
1453845600,129.155,129.298,128.695,129.235
1453932000,129.235,129.461,128.8855,129.413
1454018400,129.413,130.035,129.333,129.986
1454277600,129.986,130.126,129.496,129.637
1454364000,129.637,130.538,129.605,130.523
1454450400,130.523,131.066,130.142,130.312
1454536800,130.312,130.76,130.167,130.76
1454623200,130.76,130.959,130.238,130.753
1454882400,130.753,131.595,130.471,131.469
1454968800,131.469,132.031,131.309,131.572
1455055200,131.572,132.035,131.192,132.019
1455141600,132.019,133.314,131.956,132.122
1455228000,132.122,132.262,131.223,131.289
1455487200,131.289,131.3925,131.003,131.094
1455573600,131.094,131.402,130.857,131.133
1455660000,131.133,131.428,130.407,130.641
1455746400,130.641,131.323,130.543,131.292
1455832800,131.292,131.49,130.865,131.128
1456092000,131.128,131.146,130.767,131.046
1456178400,131.046,131.368,130.556,131.305
1456264800,131.305,131.987,131.08,131.111
1456351200,131.111,131.778,130.997,131.412
1456437600,131.412,131.463,130.753,130.925
1456696800,130.925,131.131,130.803,131.068
1456783200,131.068,131.365,130.076,130.107
1456869600,130.107,130.294,129.711,129.898
1456956000,129.898,130.145,129.722,129.925
1457042400,129.925,130.157,129.434,129.638
1457301600,129.638,129.6785,129.326,129.436
1457388000,129.436,130.201,129.404,130.027
1457474400,130.027,130.058,129.489,129.646
1457560800,129.646,129.863,128.968,129.061
1457647200,129.061,129.233,128.681,128.727
1457902800,128.727,129.059,128.701,128.886
1457989200,128.886,129.275,128.756,128.787
1458075600,128.787,129.519,128.502,129.508
1458162000,129.508,129.987,129.456,129.566
1458248400,129.566,129.918,129.545,129.835
1458507600,129.835,129.892,129.418,129.449
1458594000,129.449,129.792,129.131,129.162
1458680400,129.162,129.769,129.052,129.706
1458766800,129.706,129.891,129.373,129.592
1459112400,129.592,129.856,129.373,129.683
1459198800,129.683,130.478,129.604,130.431
1459285200,130.431,130.489,130.098,130.41
1459371600,130.41,130.907,130.344,130.891
1459458000,130.891,130.891,130.45,130.824
1459717200,130.824,131.001,130.686,130.967
1459803600,130.967,131.324,130.935,131.244
1459890000,131.244,131.256,130.879,131.051
1459976400,131.051,131.642,130.925,131.595
1460062800,131.595,131.61,131.2,131.422
1460322000,131.422,131.547,131.107,131.341
1460408400,131.341,131.356,130.835,130.882
1460494800,130.882,131.035,130.692,130.924
1460581200,130.924,131.017,130.529,130.591
1460667600,130.591,131.052,130.527,130.931
1460926800,130.931,131.187,130.683,130.791
1461013200,130.791,130.791,130.49,130.63
1461099600,130.63,130.879,130.003,130.124
1461186000,130.124,130.186,129.745,129.947
1461272400,129.947,130.07,129.646,129.755
1461531600,129.755,129.962,129.553,129.553
1461618000,129.553,129.739,129.33,129.423
1461704400,129.423,130.123,129.423,130.123
1461790800,130.123,130.419,129.916,130.29
1461877200,130.29,130.43,129.912,130.176
1462136400,130.176,130.383,129.865,129.869
1462222800,129.869,130.691,129.869,130.549
1462309200,130.549,130.779,130.373,130.732
1462395600,130.732,131.087,130.464,130.982
1462482000,130.982,131.413,130.66,130.754
1462741200,130.754,131.084,130.65,131.037
1462827600,131.037,131.099,130.831,130.923
1462914000,130.923,131.279,130.859,131.075
1463000400,131.075,131.137,130.711,130.773
1463086800,130.773,131.175,130.738,131.159
1463346000,131.159,131.275,130.66,130.66
1463432400,130.66,130.782,130.452,130.452
1463518800,130.452,130.529,129.493,129.743
1463605200,129.743,129.928,129.476,129.786
1463691600,129.786,129.938,129.657,129.906
1463950800,129.906,130.066,129.737,129.908
1464037200,129.908,130.015,129.528,129.641
1464123600,129.641,129.727,129.463,129.601
1464210000,129.601,130.019,129.567,129.956
1464296400,129.956,130.017,129.592,129.611
1464555600,129.611,129.622,129.464,129.511
1464642000,129.511,129.916,129.4,129.759
1464728400,129.759,130.149,129.712,129.804
1464814800,129.804,130.21,129.787,130.131
1464901200,130.131,131.272,130.068,131.225
1465160400,131.225,131.267,130.843,130.949
1465246800,130.949,131.264,130.889,131.107
1465333200,131.107,131.278,131.059,131.152
1465419600,131.152,131.479,131.105,131.228
1465506000,131.228,131.822,131.228,131.712
1465765200,131.712,132.082,131.712,132.003
1465851600,132.003,132.424,131.876,131.954
1465938000,131.954,132.469,131.765,132.437
1466024400,132.437,132.889,132.31,132.33
1466110800,132.33,132.3845,132.011,132.089
1466370000,132.089,132.089,131.473,131.473
1466456400,131.473,131.738,131.314,131.346
1466542800,131.346,131.594,131.344,131.531
1466629200,131.531,131.531,130.919,130.935
1466715600,130.935,134.392,130.856,132.81
1466974800,132.81,133.649,132.81,133.634
1467061200,133.634,133.743,133.21,133.334
1467147600,133.334,133.475,132.863,132.879
1467234000,132.879,133.409,132.596,133.232
1467320400,133.232,134.096,133.157,133.407
1467579600,133.407,133.495,133.167,133.475
1467666000,133.475,134.15,133.385,133.993
1467752400,133.993,134.383,133.725,133.991
1467838800,133.991,134.085,133.489,133.832
1467925200,133.832,134.176,133.205,134.006
1468184400,134.006,134.03,133.293,133.324
1468270800,133.324,133.402,132.493,132.634
1468357200,132.634,133.07,132.618,132.882
1468443600,132.882,133.038,132.333,132.438
1468530000,132.438,132.661,131.924,132.377
1468789200,132.377,132.377,131.873,132.121
1468875600,132.121,132.527,132.121,132.385
1468962000,132.385,132.463,131.992,132.09
1469048400,132.0895,132.459,131.74,132.412
1469134800,132.412,132.631,132.036,132.254
1469394000,132.254,132.374,132.014,132.138
1469480400,132.138,132.45,131.98,132.215
1469566800,132.215,132.76,131.933,132.76
1469653200,132.76,132.852,132.462,132.715
1469739600,132.715,133.241,132.21,133.225
1469998800,133.225,133.237,132.672,132.687
1470085200,132.687,132.811,132.295,132.482
1470171600,132.482,132.731,132.371,132.652
1470258000,132.652,133.182,132.557,133.041
1470344400,133.041,133.149,132.148,132.163
1470603600,132.163,132.283,131.877,132.048
1470690000,132.048,132.5,132.016,132.39
1470776400,132.39,132.873,132.39,132.806
1470862800,132.8065,132.857,132.089,132.179
1470949200,132.179,132.979,132.105,132.619
1471208400,132.619,132.77,132.253,132.273
1471294800,132.273,132.705,131.939,132.048
1471381200,132.048,132.452,131.906,132.28
1471467600,132.28,132.544,132.154,132.466
1471554000,132.466,132.481,131.901,132.014
1471813200,132.014,132.365,131.756,132.317
1471899600,132.317,132.476,132.113,132.315
1471986000,132.315,132.408,132.173,132.251
1472072400,132.251,132.344,132.062,132.081
1472158800,132.081,132.482,131.418,131.465
1472418000,131.465,132.022,131.352,132.022
1472504400,132.022,132.083,131.739,131.953
1472590800,131.953,132.112,131.752,131.768
1472677200,131.768,132.048,131.438,131.922
1472763600,131.922,132.328,131.499,131.69
1473022800,131.69,131.756,131.598,131.644
1473109200,131.644,132.397,131.616,132.369
1473195600,132.369,132.517,132.2475,132.3125
1473282000,132.312,132.3985,131.643,131.8225
1473368400,131.8225,131.8845,131.285,131.3245
1473627600,131.3245,131.57,131.149,131.491
1473714000,131.491,131.756,130.774,130.977
1473800400,130.977,131.426,130.896,131.294
1473886800,131.294,131.78,131.04,131.477
1473973200,131.477,131.77,131.311,131.389
1474232400,131.389,131.521,131.155,131.155
1474318800,131.155,131.572,131.155,131.37
1474405200,131.37,131.609,130.9635,131.592
1474491600,131.592,131.962,131.539,131.802
1474578000,131.802,131.938,131.733,131.856
1474837200,131.856,132.284,131.848,132.2
1474923600,132.2,132.496,131.98,132.32
1475010000,132.32,132.453,132.157,132.184
1475096400,132.184,132.471,131.989,132.304
1475182800,132.304,132.532,131.868,132.008
1475442000,132.008,132.015,131.682,131.727
1475528400,131.727,131.784,131.199,131.214
1475614800,131.214,131.367,130.845,131.047
1475701200,131.047,131.12,130.677,130.708
1475787600,130.708,130.937,130.45,130.887
1476046800,130.887,130.887,130.357,130.496
1476133200,130.496,130.708,130.381,130.534
1476219600,130.534,130.595,130.213,130.556
1476306000,130.556,130.93,130.555,130.813
1476392400,130.813,130.867,130.426,130.473
1476651600,130.473,130.838,130.34,130.758
1476738000,130.758,130.984,130.597,130.969
1476824400,130.969,131.055,130.742,130.943
1476910800,130.943,131.078,130.733,130.777
1476997200,130.777,130.99,130.745,130.94
1477256400,130.94,131.039,130.629,130.695
1477342800,130.695,130.856,130.497,130.728
1477429200,130.728,130.834,130.406,130.42
1477515600,130.42,130.436,129.833,129.94
1477602000,129.94,130.183,129.73,130.056
1477861200,130.056,130.203,129.985,130.184
1477947600,130.184,130.379,129.762,130.206
1478034000,130.206,130.73,130.205,130.478
1478120400,130.478,130.789,130.253,130.469
1478206800,130.469,130.823,130.4,130.788
1478469600,130.788,130.788,130.188,130.262
1478556000,130.262,130.409,129.763,129.95
1478642400,129.95,131.405,128.233,128.483
1478728800,128.483,128.888,127.69,127.705
1478815200,127.705,128.075,127.461,127.633
1479074400,127.633,127.633,126.293,126.712
1479160800,126.712,127.322,126.674,126.922
1479247200,126.922,127.014,126.227,126.803
1479333600,126.803,127.096,126.135,126.167
1479420000,126.167,126.458,125.625,125.672
1479679200,125.672,126.15,125.606,126.035
1479765600,126.035,126.232,125.813,125.995
1479852000,125.995,126.178,125.127,125.625
1479938400,125.625,125.641,125.336,125.336
1480024800,125.336,125.61,125.051,125.499
1480284000,125.499,125.931,125.499,125.915
1480370400,125.915,126.017,125.548,126.017
1480456800,126.017,126.033,125.115,125.239
1480543200,125.239,125.283,124.415,124.76
1480629600,124.76,125.446,124.76,125.365
1480888800,125.365,125.869,124.81,125.217
1480975200,125.217,125.418,125.195,125.288
1481061600,125.288,125.643,125.193,125.642
1481148000,125.642,125.658,124.992,125.147
1481234400,125.147,125.331,124.654,124.715
1481493600,124.715,124.8945,124.272,124.755
1481580000,124.755,125.049,124.561,124.717
1481666400,124.717,125.167,123.688,123.75
1481752800,123.75,123.86,123.18,123.46
1481839200,123.46,123.878,123.36,123.531
1482098400,123.531,124.107,123.516,123.98
1482184800,123.98,124.043,123.584,123.847
1482271200,123.847,124.045,123.693,124.028
1482357600,124.028,124.09,123.713,123.942
1482444000,123.942,124.125,123.878,124.029
1482789600,124.029,124.029,123.733,123.826
1482876000,123.826,124.322,123.79,124.254
1482962400,124.254,124.707,124.242,124.565
1483048800,124.565,124.936,124.467,124.757
1483394400,124.757,124.815,124.168,124.7
1483480800,124.7,124.85,124.431,124.771
1483567200,124.771,125.613,124.688,125.533
1483653600,125.533,125.858,124.883,124.929
1483912800,124.929,125.393,124.785,125.393
1483999200,125.393,125.45,125.168,125.291
1484085600,125.291,125.724,125.113,125.252
1484172000,125.252,125.845,125.252,125.401
1484258400,125.401,125.82,124.863,125.1705
1484517600,125.17,125.533,125.17,125.31
1484604000,125.31,125.916,125.276,125.724
1484690400,125.724,125.755,124.791,124.807
1484776800,124.807,124.946,124.33,124.517
1484863200,124.517,124.751,124.231,124.651
1485122400,124.651,125.414,124.6,125.271
1485208800,125.271,125.364,124.621,124.684
1485295200,124.684,124.824,124.153,124.3
1485381600,124.3,124.436,123.981,124.402
1485468000,124.402,124.583,124.211,124.536
1485727200,124.536,124.746,124.453,124.498
1485813600,124.498,125.04,124.447,124.788
1485900000,124.788,124.834,124.281,124.686
1485986400,124.686,125.057,124.607,124.679
1486072800,124.679,125.175,124.454,124.812
1486332000,124.812,125.355,124.75,125.307
1486418400,125.307,125.629,125.082,125.362
1486504800,125.362,125.872,125.312,125.777
1486591200,125.777,125.793,125.144,125.221
1486677600,125.221,125.221,124.934,125.089
1486936800,125.089,125.089,124.708,124.831
1487023200,124.831,124.891,124.246,124.479
1487109600,124.479,124.523,124.036,124.268
1487196000,124.268,124.779,124.221,124.715
1487282400,124.715,125.148,124.604,125.004
1487541600,125.004,125.004,124.799,124.921
1487628000,124.921,125.028,124.62,124.869
1487714400,124.869,125.195,124.647,125
1487800800,125,125.344,124.939,125.344
1487887200,125.344,125.889,125.28,125.836
1488146400,125.836,125.858,125.287,125.302
1488232800,125.302,125.533,124.856,124.981
1488319200,124.981,124.981,124.333,124.488
1488405600,124.488,124.503,124.058,124.277
1488492000,124.277,124.369,123.989,124.349
1488751200,124.349,124.553,124.189,124.24
1488837600,124.24,124.329,124.057,124.057
1488924000,124.057,124.181,123.506,123.705
1489010400,123.705,123.779,123.368,123.368
1489096800,123.368,123.773,123.289,123.692
1489352400,123.692,123.864,123.312,123.327
1489438800,123.327,123.606,123.277,123.447
1489525200,123.447,124.446,123.446,124.398
1489611600,124.398,124.492,124.031,124.046
1489698000,124.046,124.481,123.983,124.354
1489957200,124.354,124.665,124.259,124.649
1490043600,124.649,125.019,124.362,124.988
1490130000,124.988,125.297,124.938,125.044
1490216400,125.044,125.197,124.772,124.924
1490302800,124.924,125.174,124.799,124.957
1490562000,124.957,125.471,124.957,125.169
1490648400,125.169,125.369,124.802,124.817
1490734800,124.817,125.189,124.754,125.187
1490821200,125.187,125.231,124.805,124.836
1490907600,124.836,125.143,124.77,125.128
1491166800,125.128,125.736,125.018,125.736
1491253200,125.736,125.857,125.4,125.404
1491339600,125.404,125.786,125.253,125.676
1491426000,125.676,125.783,125.435,125.622
1491512400,125.622,126.261,125.208,125.208
1491771600,125.208,125.519,125.099,125.357
1491858000,125.357,126.015,125.345,125.951
1491944400,125.951,126.446,125.822,126.446
1492030800,126.446,126.693,126.206,126.455
1492376400,126.455,126.827,126.226,126.323
1492462800,126.323,127.034,126.24,126.956
1492549200,126.956,127.002,126.512,126.604
1492635600,126.604,126.742,126.238,126.425
1492722000,126.425,126.671,126.313,126.383
1492981200,126.383,126.383,125.575,126.164
1493067600,126.164,126.242,125.641,125.692
1493154000,125.692,125.995,125.589,125.963
1493240400,125.963,126.13,125.804,125.992
1493326800,125.992,126.096,125.639,126.044
1493586000,126.044,126.14,125.666,125.821
1493672400,125.821,126.128,125.661,126.096
1493758800,126.096,126.139,125.73,125.773
1493845200,125.773,125.808,125.38,125.473
1493931600,125.473,125.643,125.186,125.544
1494190800,125.544,125.7,125.228,125.247
1494277200,125.247,125.336,125.034,125.174
1494363600,125.174,125.437,125.043,125.093
1494450000,125.093,125.271,124.991,125.271
1494536400,125.271,125.845,125.254,125.8005
1494795600,125.8005,125.893,125.59,125.636
1494882000,125.636,125.96,125.523,125.771
1494968400,125.771,126.688,125.771,126.594
1495054800,126.594,126.935,126.388,126.509
1495141200,126.509,126.586,126.27,126.471
1495400400,126.471,126.471,126.253,126.295
1495486800,126.295,126.527,126.008,126.07
1495573200,126.07,126.399,125.944,126.371
1495659600,126.371,126.424,126.223,126.3
1495746000,126.3,126.548,126.3,126.375
1496005200,126.375,126.442,126.224,126.442
1496091600,126.442,126.656,126.328,126.656
1496178000,126.656,126.762,126.451,126.683
1496264400,126.683,126.698,126.414,126.664
1496350800,126.664,127.241,126.584,127.067
1496610000,127.067,127.137,126.837,126.883
1496696400,126.883,127.335,126.882,127.192
1496782800,127.192,127.223,126.922,126.988
1496869200,126.988,126.988,126.652,126.886
1496955600,126.886,127.105,126.585,126.803
1497214800,126.803,126.933,126.62,126.713
1497301200,126.713,126.819,126.6,126.756
1497387600,126.756,127.646,126.724,127.394
1497474000,127.394,127.457,126.999,127.034
1497560400,127.034,127.262,126.902,127.182
1497819600,127.182,127.288,126.794,126.81
1497906000,126.81,127.135,126.746,127.056
1497992400,127.056,127.164,126.865,126.974
1498078800,126.974,127.175,126.955,127.052
1498165200,127.052,127.122,126.936,127.122
1498424400,127.122,127.252,126.955,127.114
1498510800,127.114,127.202,126.511,126.573
1498597200,126.573,126.666,126.226,126.502
1498683600,126.502,126.568,125.924,126.157
1498770000,126.157,126.234,125.793,125.824
1499029200,125.824,125.923,125.359,125.405
1499115600,125.405,125.811,125.402,125.402
1499202000,125.402,125.632,125.289,125.632
1499288400,125.632,125.646,125.112,125.33
1499374800,125.33,125.406,125.108,125.201
1499634000,125.201,125.425,125.144,125.33
1499720400,125.33,125.514,125.171,125.467
1499806800,125.467,126.012,125.435,125.838
1499893200,125.838,125.946,125.553,125.678
1499979600,125.678,126.301,125.614,125.861
1500238800,125.861,126.084,125.836,125.943
1500325200,125.943,126.426,125.943,126.393
1500411600,126.393,126.437,126.219,126.268
1500498000,126.268,126.527,126.23,126.354
1500584400,126.354,126.616,126.275,126.538
1500843600,126.538,126.607,126.322,126.384
1500930000,126.384,126.43,125.723,125.723
1501016400,125.723,126.298,125.723,126.173
1501102800,126.173,126.266,125.888,125.981
1501189200,125.981,126.212,125.775,126.149
1501448400,126.149,126.261,126.044,126.058
1501534800,126.058,126.446,125.884,126.399
1501621200,126.399,126.465,126.177,126.238
1501707600,126.238,126.657,126.238,126.594
1501794000,126.594,126.625,126.09,126.308
1502053200,126.308,126.39,126.126,126.359
1502139600,126.359,126.403,126.089,126.307
1502226000,126.307,126.743,126.307,126.444
1502312400,126.444,126.831,126.365,126.831
1502398800,126.831,127.032,126.703,126.937
1502658000,126.937,126.944,126.596,126.674
1502744400,126.674,126.705,126.171,126.248
1502830800,126.248,126.713,126.152,126.666
1502917200,126.666,126.975,126.476,126.943
1503003600,126.943,127.175,126.705,126.877
1503262800,126.877,127.022,126.727,126.974
1503349200,126.974,126.989,126.657,126.684
1503435600,126.684,127.06,126.624,127.06
1503522000,127.06,127.06,126.79,126.79
1503608400,126.79,127.052,126.724,126.989
1503867600,126.989,127.086,126.9,127.086
1503954000,127.086,127.678,127.086,127.318
1504040400,127.318,127.334,127.066,127.221
1504126800,127.221,127.36,127.063,127.344
1504213200,127.344,127.561,126.934,126.953
1504472400,126.953,127.271,126.953,127.191
1504558800,127.191,127.799,127.081,127.767
1504645200,127.767,127.877,127.388,127.42
1504731600,127.42,128.028,127.419,127.98
1504818000,127.98,128.199,127.712,127.852
1505077200,127.852,127.852,127.185,127.232
1505163600,127.232,127.31,126.869,126.947
1505250000,126.947,127.071,126.694,126.787
1505336400,126.787,126.848,126.472,126.769
1505422800,126.769,126.847,126.5,126.578
1505682000,126.578,126.578,126.319,126.35
1505768400,126.35,126.489,126.221,126.237
1505854800,126.237,126.439,125.811,125.964
1505941200,125.964,126.169,125.84,125.871
1506027600,125.871,126.197,125.855,126.087
1506286800,126.087,126.392,125.971,126.313
1506373200,126.313,126.375,126.091,126.165
1506459600,126.165,126.2,125.556,125.681
1506546000,125.681,125.803,125.319,125.787
1506632400,125.787,125.863,125.455,125.487
1506891600,125.487,125.635,125.166,125.446
1506978000,125.446,125.631,125.288,125.612
1507064400,125.612,125.833,125.425,125.613
1507150800,125.613,125.658,125.328,125.39
1507237200,125.39,125.437,124.935,125.341
1507496400,125.341,125.379,125.209,125.347
1507582800,125.347,125.642,125.237,125.329
1507669200,125.329,125.561,125.281,125.404
1507755600,125.404,125.637,125.372,125.604
1507842000,125.604,125.994,125.509,125.961
1508101200,125.961,125.961,125.561,125.639
1508187600,125.639,125.7,125.418,125.605
1508274000,125.605,125.621,125.243,125.273
1508360400,125.273,125.678,125.273,125.521
1508446800,125.521,125.599,124.97,125.001
1508706000,125.001,125.165,124.9,125.149
1508792400,125.149,125.18,124.739,124.786
1508878800,124.786,124.848,124.362,124.705
1508965200,124.705,124.892,124.452,124.471
1509051600,124.471,124.902,124.372,124.898
1509310800,124.898,125.207,124.88,125.175
1509397200,125.175,125.268,125.031,125.031
1509483600,125.031,125.279,124.873,125.075
1509570000,125.075,125.393,125.042,125.276
1509656400,125.276,125.54,125.164,125.398
1509919200,125.398,125.545,125.25,125.498
1510005600,125.498,125.59,125.325,125.48
1510092000,125.48,125.589,125.273,125.289
1510178400,125.289,125.443,125.177,125.223
1510264800,125.223,125.286,124.783,124.829
1510524000,124.829,125.025,124.664,124.711
1510610400,124.711,124.927,124.616,124.884
1510696800,124.884,125.316,124.88,125.205
1510783200,125.205,125.228,124.858,124.874
1510869600,124.874,125.169,124.874,125.059
1511128800,125.059,125.239,124.784,124.8
1511215200,124.8,125.001,124.688,124.812
1511301600,124.812,125.216,124.686,125.2
1511388000,125.2,125.2,125.074,125.186
1511474400,125.186,125.186,124.953,125.019
1511733600,125.019,125.21,124.914,125.147
1511820000,125.147,125.302,125.004,125.113
1511906400,125.113,125.16,124.579,124.656
1511992800,124.656,124.703,124.231,124.387
1512079200,124.387,125.153,124.244,124.71
1512338400,124.71,124.71,124.254,124.564
1512424800,124.564,124.672,124.375,124.64
1512511200,124.64,124.998,124.593,124.794
1512597600,124.794,124.933,124.556,124.635
1512684000,124.635,124.758,124.445,124.585
1512943200,124.585,124.813,124.498,124.498
1513029600,124.498,124.623,124.277,124.386
1513116000,124.386,124.923,124.181,124.916
1513202400,124.916,124.916,124.507,124.756
1513288800,124.756,124.803,124.488,124.691
1513548000,124.691,124.691,124.464,124.479
1513634400,124.479,124.494,123.874,123.929
1513720800,123.929,124.068,123.66,123.707
1513807200,123.707,123.862,123.642,123.739
1513893600,123.739,123.781,123.687,123.748
1514239200,123.748,123.895,123.653,123.8
1514325600,123.8,124.251,123.752,124.22
1514412000,124.22,124.22,123.998,124.045
1514498400,124.045,124.309,124.029,124.23
1514844000,124.23,124.23,123.75,123.891
1514930400,123.891,124.108,123.858,123.997
1515016800,123.997,123.997,123.636,123.854
1515103200,123.854,124.071,123.679,123.679
1515362400,123.679,123.82,123.61,123.671
1515448800,123.671,123.702,123.167,123.183
1515535200,123.183,123.276,122.9,123.165
1515621600,123.165,123.336,123.038,123.225
1515708000,123.225,123.24,122.816,123.116
1515967200,123.116,123.215,123.089,123.109
1516053600,123.109,123.338,123.024,123.164
1516140000,123.164,123.227,122.723,122.739
1516226400,122.739,122.77,122.517,122.517
1516312800,122.517,122.656,122.28,122.28
1516572000,122.28,122.507,122.196,122.334
1516658400,122.334,122.66,122.272,122.641
1516744800,122.641,122.691,122.298,122.407
1516831200,122.407,122.608,122.124,122.577
1516917600,122.577,122.592,122.137,122.214
1517176800,122.214,122.256,121.707,121.9595
1517263200,121.96,122.095,121.674,121.781
1517349600,121.781,121.983,121.466,121.794
1517436000,121.794,121.794,121.213,121.228
1517522400,121.228,121.321,120.789,120.929
1517781600,120.929,122.188,120.688,122.078
1517868000,122.078,122.703,121.293,121.321
1517954400,121.321,121.714,120.978,121.166
1518040800,121.166,121.353,120.648,121.21
1518127200,121.21,121.692,120.911,121.066
1518386400,121.066,121.137,120.731,120.949
1518472800,120.949,121.229,120.949,121.15
1518559200,121.15,121.321,120.35,120.475
1518645600,120.475,120.644,120.129,120.409
1518732000,120.409,120.861,120.394,120.657
1518991200,120.657,120.73,120.478,120.509
1519077600,120.509,120.631,120.241,120.584
1519164000,120.584,120.691,120.144,120.19
1519250400,120.19,120.548,120.175,120.438
1519336800,120.438,120.889,120.328,120.795
1519596000,120.795,121.069,120.727,120.849
1519682400,120.849,120.94,120.295,120.482
1519768800,120.482,120.728,120.307,120.728
1519855200,120.728,121.336,120.633,121.178
1519941600,121.178,121.316,120.702,120.748
1520200800,120.748,121.222,120.497,120.606
1520287200,120.606,120.806,120.43,120.569
1520373600,120.569,121.055,120.569,120.595
1520460000,120.595,120.889,120.544,120.813
1520546400,120.813,120.821,120.412,120.599
1520802000,120.599,120.802,120.46,120.739
1520888400,120.739,121.081,120.642,120.922
1520974800,120.922,121.232,120.793,121.074
1521061200,121.074,121.261,120.943,121.005
1521147600,121.005,121.159,120.813,120.89
1521406800,120.89,121.015,120.608,120.794
1521493200,120.794,120.856,120.459,120.491
1521579600,120.491,120.752,120.203,120.642
1521666000,120.642,121.296,120.594,121.076
1521752400,121.076,121.372,120.931,121.18
1522011600,121.18,121.215,120.835,120.88
1522098000,120.88,121.518,120.817,121.471
1522184400,121.471,121.751,121.262,121.324
1522270800,121.324,121.649,121.276,121.507
1522616400,121.507,121.814,121.36,121.688
1522702800,121.688,121.703,121.228,121.337
1522789200,121.337,121.585,121.112,121.143
1522875600,121.143,121.159,120.95,120.981
1522962000,120.981,121.478,120.981,121.446
1523221200,121.446,121.446,121.132,121.335
1523307600,121.335,121.397,121.094,121.141
1523394000,121.141,121.513,121.078,121.276
1523480400,121.276,121.353,120.801,120.832
1523566800,120.832,121.003,120.734,120.873
1523826000,120.873,120.873,120.592,120.825
1523912400,120.825,120.914,120.681,120.804
1523998800,120.804,120.866,120.438,120.469
1524085200,120.469,120.562,120.057,120.197
1524171600,120.197,120.257,119.815,119.815
1524430800,119.815,119.82,119.535,119.626
1524517200,119.626,119.765,119.45,119.511
1524603600,119.511,119.589,119.289,119.349
1524690000,119.349,119.69,119.331,119.657
1524776400,119.657,119.84,119.59,119.776
1525035600,119.776,119.932,119.669,119.807
1525122000,119.807,119.853,119.645,119.707
1525208400,119.707,119.827,119.532,119.764
1525294800,119.764,120.104,119.715,119.947
1525381200,119.947,120.24,119.832,119.925
1525640400,119.925,120.004,119.832,119.909
1525726800,119.909,119.953,119.622,119.684
1525813200,119.684,119.714,119.431,119.459
1525899600,119.459,119.894,119.443,119.657
1525986000,119.657,119.748,119.543,119.604
1526245200,119.604,119.685,119.369,119.369
1526331600,119.369,119.415,118.722,118.862
1526418000,118.862,119,118.638,118.669
1526504400,118.669,118.775,118.526,118.648
1526590800,118.648,119.081,118.568,119.065
1526850000,119.065,119.095,118.834,119.048
1526936400,119.048,119.11,118.888,119.042
1527022800,119.042,119.6,119.01,119.553
1527109200,119.553,119.846,119.425,119.642
1527195600,119.642,120.137,119.546,120.137
1527454800,120.137,120.434,119.81,120.418
1527541200,120.418,121.429,120.228,121.225
1527627600,121.225,121.521,120.392,120.638
1527714000,120.638,120.901,120.385,120.602
1527800400,120.602,120.681,120.035,120.191
1528059600,120.191,120.261,119.85,119.865
1528146000,119.865,120.27,119.865,120.05
1528232400,120.05,120.081,119.654,119.716
1528318800,119.716,120.418,119.542,120.073
1528405200,120.073,120.353,119.868,119.897
1528664400,119.897,119.998,119.744,119.838
1528750800,119.838,119.931,119.631,119.771
1528837200,119.771,119.846,119.297,119.642
1528923600,119.642,119.953,119.578,119.857
1529010000,119.857,120.231,119.841,119.963
1529269200,119.963,120.157,119.92,119.998
1529355600,119.998,120.545,119.998,120.182
1529442000,120.182,120.305,119.865,119.881
1529528400,119.881,120.285,119.786,120.206
1529614800,120.206,120.253,120,120.233
1529874000,120.233,120.474,120.209,120.3
1529960400,120.3,120.438,120.173,120.327
1530046800,120.327,120.746,120.279,120.731
1530133200,120.731,120.775,120.492,120.601
1530219600,120.601,120.616,120.394,120.425
1530478800,120.425,120.744,120.35,120.35
1530565200,120.35,120.676,120.254,120.675
1530651600,120.675,120.675,120.531,120.547
1530738000,120.547,120.731,120.403,120.636
1530824400,120.636,120.908,120.509,120.679
1531083600,120.679,120.679,120.387,120.417
1531170000,120.417,120.444,120.272,120.444
1531256400,120.444,120.678,120.363,120.456
1531342800,120.456,120.531,120.281,120.483
1531429200,120.483,120.652,120.403,120.651
1531688400,120.651,120.651,120.265,120.405
1531774800,120.405,120.496,120.294,120.369
1531861200,120.369,120.492,120.256,120.318
1531947600,120.318,120.66,120.113,120.581
1532034000,120.581,120.611,120.186,120.248
1532293200,120.248,120.332,119.688,119.766
1532379600,119.766,119.858,119.623,119.762
1532466000,119.762,119.916,119.555,119.555
1532552400,119.555,119.787,119.489,119.535
1532638800,119.535,119.721,119.472,119.704
1532898000,119.704,119.704,119.458,119.567
1532984400,119.567,119.863,119.55,119.625
1533070800,119.625,119.766,119.278,119.324
1533157200,119.324,119.572,119.308,119.492
1533243600,119.492,119.802,119.413,119.801
1533502800,119.801,120.01,119.699,119.883
1533589200,119.883,119.929,119.582,119.629
1533675600,119.629,119.751,119.564,119.703
1533762000,119.703,119.966,119.67,119.919
1533848400,119.919,120.556,119.902,120.384
1534107600,120.384,120.624,120.279,120.341
1534194000,120.341,120.387,120.167,120.212
1534280400,120.212,120.694,120.18,120.474
1534366800,120.474,120.536,120.252,120.423
1534453200,120.423,120.624,120.357,120.435
1534712400,120.435,120.814,120.409,120.782
1534798800,120.782,120.797,120.514,120.638
1534885200,120.638,120.854,120.635,120.759
1534971600,120.759,120.805,120.614,120.63
1535058000,120.63,120.72,120.455,120.704
1535317200,120.704,120.726,120.411,120.473
1535403600,120.473,120.473,120.157,120.188
1535490000,120.188,120.327,120.09,120.168
1535576400,120.168,120.432,120.152,120.401
1535662800,120.401,120.603,120.368,120.43
1535922000,120.43,120.503,120.363,120.424
1536008400,120.424,120.486,120.125,120.156
1536094800,120.156,120.28,120.045,120.154
1536181200,120.154,120.419,120.122,120.403
1536267600,120.403,120.449,119.791,119.853
1536526800,119.853,119.926,119.785,119.878
1536613200,119.878,119.894,119.485,119.516
1536699600,119.516,119.687,119.516,119.608
1536786000,119.608,119.779,119.466,119.559
1536872400,119.559,119.606,119.307,119.323
1537131600,119.323,119.427,119.177,119.395
1537218000,119.395,119.504,118.908,118.908
1537304400,118.908,119.016,118.687,118.859
1537390800,118.859,118.906,118.623,118.857
1537477200,118.857,118.904,118.7,118.871
1537736400,118.871,118.882,118.646,118.708
1537822800,118.708,118.724,118.519,118.628
1537909200,118.628,119.017,118.612,119.002
1537995600,119.002,119.142,118.812,118.953
1538082000,118.953,119.155,118.904,118.904
1538341200,118.904,118.914,118.68,118.789
1538427600,118.789,119.069,118.773,118.912
1538514000,118.912,119.037,118.081,118.081
1538600400,118.081,118.189,117.767,118.063
1538686800,118.063,118.109,117.67,117.78
1538946000,117.78,117.947,117.556,117.805
1539032400,117.805,117.991,117.616,117.944
1539118800,117.944,118.333,117.692,118.333
1539205200,118.333,118.597,118.097,118.394
1539291600,118.394,118.564,118.143,118.282
1539550800,118.282,118.465,118.276,118.339
1539637200,118.339,118.37,118.182,118.274
1539723600,118.274,118.414,117.975,117.975
1539810000,117.975,118.396,117.896,118.208
1539896400,118.208,118.302,118.019,118.097
1540155600,118.097,118.232,117.998,118.091
1540242000,118.091,118.762,118.091,118.355
1540328400,118.355,118.978,118.339,118.884
1540414800,118.884,118.963,118.539,118.773
1540501200,118.773,119.288,118.773,119.131
1540760400,119.131,119.267,118.813,119.047
1540846800,119.047,119.078,118.763,118.763
1540933200,118.763,118.763,118.465,118.621
1541019600,118.621,118.744,118.447,118.744
1541106000,118.744,118.791,118.085,118.163
1541368800,118.163,118.338,118.128,118.22
1541455200,118.22,118.313,117.983,118.015
1541541600,118.015,118.342,117.795,117.903
1541628000,117.903,118.074,117.792,117.823
1541714400,117.823,118.275,117.823,118.243
1541973600,118.243,118.535,118.177,118.503
1542060000,118.503,118.642,118.315,118.611
1542146400,118.611,119.047,118.453,118.781
1542232800,118.781,119.155,118.687,118.904
1542319200,118.904,119.309,118.84,119.308
1542578400,119.308,119.428,119.084,119.287
1542664800,119.287,119.489,119.254,119.269
1542751200,119.269,119.316,119.065,119.252
1542837600,119.252,119.345,119.188,119.25
1542924000,119.25,119.499,119.186,119.373
1543183200,119.373,119.4,119.117,119.305
1543269600,119.305,119.365,119.163,119.256
1543356000,119.256,119.441,119.129,119.332
1543442400,119.332,119.784,119.285,119.497
1543528800,119.497,119.808,119.497,119.808
1543788000,119.808,119.914,119.289,119.882
1543874400,119.882,120.413,119.835,120.241
1543960800,120.241,120.241,120.232,120.232
1544047200,120.232,120.989,120.145,120.426
1544133600,120.426,120.863,120.331,120.863
1544392800,120.863,121.063,120.702,120.765
1544479200,120.765,120.89,120.466,120.56
1544565600,120.56,120.607,120.277,120.324
1544652000,120.324,120.48,120.277,120.354
1544738400,120.354,120.713,120.354,120.509
1544997600,120.509,120.849,120.444,120.755
1545084000,120.755,121.051,120.74,121.051
1545170400,121.051,121.535,120.8,121.394
1545256800,121.394,121.456,121.017,121.049
1545343200,121.049,121.251,121.017,121.157
1545602400,121.157,121.669,121.122,121.654
1545775200,121.654,121.761,120.994,121.056
1545861600,121.056,121.696,121.056,121.477
1545948000,121.477,121.914,121.383,121.851
1546207200,121.851,122.223,121.676,121.988
1546380000,121.988,122.611,121.94,122.595
1546466400,122.595,123.345,122.329,123.266
1546552800,123.266,123.329,122.233,122.28
1546812000,122.28,122.573,121.994,122.026
1546898400,122.026,122.135,121.712,121.727
1546984800,121.727,121.961,121.601,121.898
1547071200,121.898,122.195,121.678,121.693
1547157600,121.693,122.193,121.693,122.005
1547416800,122.005,122.376,121.969,122.016
1547503200,122.016,122.281,121.874,121.921
1547589600,121.921,122.015,121.701,121.857
1547676000,121.857,122.044,121.481,121.574
1547762400,121.574,121.621,121.151,121.213
1548021600,121.213,121.398,121.213,121.35
1548108000,121.35,121.693,121.303,121.552
1548194400,121.552,121.63,121.301,121.551
1548280800,121.551,121.925,121.488,121.8
1548367200,121.8,121.846,121.392,121.392
1548626400,121.392,121.669,121.326,121.529
1548712800,121.529,121.871,121.528,121.824
1548799200,121.824,122.198,121.573,122.182
1548885600,122.182,122.65,122.135,122.525
1548972000,122.525,122.587,121.945,122.039
1549231200,122.039,122.052,121.691,121.754
1549317600,121.754,122.018,121.643,121.909
1549404000,121.909,122.174,121.877,121.986
1549490400,121.986,122.344,121.97,122.266
1549576800,122.266,122.515,122.234,122.389
1549836000,122.389,122.449,122.12,122.213
1549922400,122.213,122.244,121.946,121.993
1550008800,121.993,122.024,121.711,121.82
1550095200,121.82,122.335,121.757,122.209
1550181600,122.209,122.287,121.958,122.099
1550440800,122.099,122.099,121.985,122.017
1550527200,122.017,122.344,122.016,122.328
1550613600,122.328,122.405,122.17,122.248
1550700000,122.248,122.279,121.841,121.872
1550786400,121.872,122.308,121.872,122.167
1551045600,122.167,122.167,121.961,122.132
1551132000,122.132,122.381,122.1,122.33
1551218400,122.33,122.394,121.865,121.974
1551304800,121.974,122.163,121.556,121.665
1551391200,121.665,121.697,121.263,121.341
1551650400,121.341,121.629,121.206,121.598
1551736800,121.598,121.632,121.351,121.601
1551823200,121.601,121.977,121.601,121.853
1551909600,121.853,122.385,121.853,122.292
1551996000,122.292,122.668,122.261,122.419
1552251600,122.419,122.503,122.27,122.365
1552338000,122.365,122.695,122.117,122.617
1552424400,122.617,122.635,122.432,122.433
1552510800,122.433,122.575,122.325,122.435
1552597200,122.435,122.843,122.373,122.719
1552856400,122.719,122.788,122.57,122.586
1552942800,122.586,122.697,122.385,122.496
1553029200,122.496,123.278,122.48,123.2
1553115600,123.2,123.451,123.046,123.109
1553202000,123.109,124.016,123.094,123.891
1553461200,123.891,124.43,123.649,124.258
1553547600,124.258,124.276,123.839,124.09
1553634000,124.09,124.73,124.043,124.467
1553720400,124.467,124.717,124.11,124.173
1553806800,124.173,124.236,123.847,124.035
1554066000,124.035,124.035,123.31,123.342
1554152400,123.342,123.641,123.342,123.578
1554238800,123.578,123.641,123.205,123.222
1554325200,123.222,123.489,123.222,123.303
1554411600,123.303,123.492,123.055,123.415
1554670800,123.415,123.499,123.235,123.251
1554757200,123.251,123.55,123.205,123.426
1554843600,123.426,123.724,123.349,123.678
1554930000,123.678,123.678,123.337,123.415
1555016400,123.415,123.495,122.856,122.888
1555275600,122.888,123.02,122.801,122.958
1555362000,122.958,123.022,122.633,122.664
1555448400,122.664,122.76,122.478,122.667
1555534800,122.667,123.059,122.667,122.966
1555880400,122.966,123.006,122.758,122.774
1555966800,122.774,123.041,122.76,122.98
1556053200,122.98,123.419,122.964,123.372
1556139600,123.372,123.421,123.188,123.25
1556226000,123.25,123.596,123.143,123.55
1556485200,123.55,123.557,123.261,123.355
1556571600,123.355,123.591,123.169,123.545
1556658000,123.545,123.984,123.344,123.485
1556744400,123.485,123.516,123.019,123.113
1556830800,123.113,123.349,122.818,123.256
1557090000,123.256,123.98,123.256,123.53
1557176400,123.53,123.923,123.5,123.798
1557262800,123.798,124.065,123.551,123.644
1557349200,123.644,124.162,123.629,123.928
1557435600,123.928,124.102,123.728,123.752
1557694800,123.752,124.454,123.752,124.329
1557781200,124.329,124.423,124.16,124.301
1557867600,124.301,124.74,124.223,124.585
1557954000,124.585,124.742,124.227,124.416
1558040400,124.416,124.683,124.277,124.418
1558299600,124.418,124.504,124.176,124.192
1558386000,124.192,124.272,123.96,124.07
1558472400,124.07,124.432,124.024,124.416
1558558800,124.416,125.153,124.401,124.888
1558645200,124.888,124.999,124.779,124.937
1558904400,124.937,125.038,124.85,125.007
1558990800,125.007,125.385,124.899,125.338
1559077200,125.338,125.778,125.294,125.326
1559163600,125.326,125.801,125.139,125.755
1559250000,125.755,126.521,125.724,126.474
1559509200,126.474,127.122,126.403,126.982
1559595600,126.982,127.092,126.361,126.502
1559682000,126.502,127.097,126.409,126.552
1559768400,126.552,126.913,126.508,126.633
1559854800,126.633,127.274,126.54,126.901
1560114000,126.901,126.901,126.381,126.381
1560200400,126.381,126.493,126.18,126.431
1560286800,126.431,126.776,126.431,126.73
1560373200,126.73,127.123,126.668,127.014
1560459600,127.014,127.343,126.86,127.095
1560718800,127.095,127.119,126.807,126.933
1560805200,126.933,127.605,126.918,127.201
1560891600,127.201,127.625,126.86,127.578
1560978000,127.578,127.97,127.394,127.503
1561064400,127.503,127.738,127.163,127.335
1561323600,127.335,127.718,127.248,127.687
1561410000,127.687,127.971,127.611,127.893
1561496400,127.893,127.909,127.288,127.351
1561582800,127.351,127.681,127.117,127.588
1561669200,127.588,127.731,127.434,127.638
1561928400,127.638,127.709,127.285,127.476
1562014800,127.476,127.915,127.476,127.9
1562101200,127.9,128.182,127.9,127.996
1562187600,127.996,128.17,127.981,128.054
1562274000,128.054,128.094,127.019,127.301
1562533200,127.301,127.496,127.108,127.139
1562619600,127.139,127.28,126.939,126.986
1562706000,126.986,127.347,126.644,127.223
1562792400,127.223,127.412,126.54,126.634
1562878800,126.634,126.917,126.573,126.793
1563138000,126.793,127.005,126.644,126.989
1563224400,126.989,127.037,126.524,126.836
1563310800,126.836,127.323,126.774,127.292
1563397200,127.292,127.607,127.044,127.591
1563483600,127.591,127.654,127.189,127.236
1563742800,127.236,127.494,127.165,127.354
1563829200,127.354,127.419,127.108,127.123
1563915600,127.123,127.484,127.092,127.345
1564002000,127.345,127.659,126.91,127.036
1564088400,127.036,127.193,126.866,127.133
1564347600,127.133,127.328,127.124,127.189
1564434000,127.189,127.394,127.067,127.192
1564520400,127.192,127.538,126.867,127.367
1564606800,127.367,128.65,126.994,128.509
1564693200,128.509,128.979,128.309,128.793
1564952400,128.793,129.849,128.691,129.849
1565038800,129.849,130.192,129.335,129.867
1565125200,129.867,130.728,129.59,129.605
1565211600,129.605,129.874,129.233,129.733
1565298000,129.733,130.139,129.409,129.44
1565557200,129.44,130.323,129.44,130.168
1565643600,130.168,130.403,129.421,129.562
1565730000,129.562,130.579,129.562,130.377
1565816400,130.377,131.238,130.207,130.817
1565902800,130.817,130.974,130.289,130.72
1566162000,130.72,130.72,130.204,130.237
1566248400,130.237,130.848,130.237,130.662
1566334800,130.662,130.711,130.242,130.353
1566421200,130.353,130.635,130.042,130.153
1566507600,130.153,131.061,129.78,130.781
1566766800,130.781,131.538,130.681,130.806
1566853200,130.806,131.215,130.759,131.184
1566939600,131.184,131.437,131.045,131.187
1567026000,131.187,131.469,130.787,131.067
1567112400,131.067,131.135,130.728,131.074
1567371600,131.074,131.335,130.887,131.2
1567458000,131.2,131.734,130.86,131.518
1567544400,131.518,131.678,131.226,131.57
1567630800,131.57,131.586,130.44,130.659
1567717200,130.659,130.851,130.252,130.619
1567976400,130.619,130.725,130.015,130.062
1568062800,130.062,130.22,129.212,129.29
1568149200,129.29,129.48,129.17,129.265
1568235600,129.265,129.813,128.788,128.998
1568322000,128.998,129.085,127.924,127.986
1568581200,127.986,128.639,127.986,128.455
1568667600,128.455,128.833,128.393,128.788
1568754000,128.788,129.291,128.637,128.716
1568840400,128.716,129.141,128.561,128.909
1568926800,128.909,129.412,128.835,129.366
1569186000,129.366,129.88,129.051,129.399
1569272400,129.399,130.261,129.384,130.075
1569358800,130.075,130.231,129.38,129.38
1569445200,129.38,129.868,129.38,129.682
1569531600,129.682,129.89,129.437,129.75
1569790800,129.75,129.893,129.532,129.877
1569877200,129.877,130.427,129.149,130.21
1569963600,130.21,130.761,129.964,130.621
1570050000,130.621,131.482,130.575,131.234
1570136400,131.234,131.51,131.02,131.272
1570395600,131.272,131.519,130.947,131.01
1570482000,131.01,131.498,130.762,131.312
1570568400,131.312,131.375,130.818,130.866
1570654800,130.866,131.303,130.156,130.171
1570741200,130.171,130.377,129.304,129.64
1571000400,129.64,130.177,129.536,129.837
1571086800,129.837,130.137,129.313,129.361
1571173200,129.361,129.831,129.361,129.631
1571259600,129.631,129.804,129.121,129.513
1571346000,129.513,129.798,129.376,129.581
1571605200,129.581,129.75,129.178,129.194
1571691600,129.194,129.496,129.117,129.481
1571778000,129.481,129.781,129.424,129.44
1571864400,129.44,129.709,129.302,129.477
1571950800,129.477,129.621,129.03,129.218
1572210000,129.218,129.23,128.72,128.893
1572296400,128.893,129.038,128.74,128.899
1572382800,128.899,129.42,128.81,129.389
1572469200,129.389,130.095,129.219,130.026
1572555600,130.026,130.178,129.556,129.822
1572818400,129.822,129.822,129.246,129.357
1572904800,129.357,129.388,128.597,128.692
1572991200,128.692,129.134,128.684,128.963
1573077600,128.963,129.121,127.721,128.189
1573164000,128.189,128.428,127.866,128.008
1573423200,128.008,128.35,127.989,128.213
1573509600,128.213,128.36,127.904,128.11
1573596000,128.11,128.693,128.11,128.537
1573682400,128.537,129.244,128.476,129.089
1573768800,129.089,129.094,128.81,128.939
1574028000,128.939,129.252,128.783,129.082
1574114400,129.082,129.306,128.96,129.244
1574200800,129.244,129.699,129.244,129.531
1574287200,129.531,129.875,129.224,129.303
1574373600,129.303,129.525,129.165,129.278
1574632800,129.278,129.436,129.106,129.405
1574719200,129.405,129.613,129.219,129.536
1574805600,129.536,129.539,129.157,129.204
1574892000,129.204,129.376,129.111,129.127
1574978400,129.127,129.269,128.989,129.161
1575237600,129.161,129.161,128.496,128.824
1575324000,128.824,129.902,128.591,129.7
1575410400,129.7,129.872,129.171,129.25
1575496800,129.25,129.406,128.861,128.955
1575583200,128.955,129.206,128.426,128.677
1575842400,128.677,128.948,128.634,128.823
1575928800,128.823,128.996,128.591,128.638
1576015200,128.638,129.124,128.623,129.015
1576101600,129.015,129.212,127.956,128.19
1576188000,128.19,128.863,127.707,128.785
1576447200,128.785,128.785,128.214,128.37
1576533600,128.37,128.512,128.232,128.31
1576620000,128.31,128.436,127.875,128.031
1576706400,128.031,128.205,127.736,127.987
1576792800,127.987,128.066,127.785,128.02
1577052000,128.02,128.197,127.87,127.933
1577138400,127.933,128.215,127.825,128.184
1577311200,128.184,128.282,128.032,128.251
1577397600,128.251,128.487,128.205,128.44
1577656800,128.44,128.508,127.978,128.431
1577743200,128.431,128.431,128.089,128.105
1577916000,128.105,128.764,127.999,128.469
1578002400,128.469,129.266,128.453,129.22
1578261600,129.22,129.49,129.007,129.086
1578348000,129.086,129.243,128.994,129.057
1578434400,129.057,130.04,128.59,128.606
1578520800,128.606,128.795,128.405,128.733
1578607200,128.733,129.016,128.609,128.954
1578866400,128.954,128.974,128.679,128.773
1578952800,128.773,129.087,128.648,129.04
1579039200,129.04,129.307,128.978,129.23
1579125600,129.23,129.293,128.95,129.013
1579212000,129.013,129.093,128.78,129
1579471200,129,129.068,128.974,129.006
1579557600,129.006,129.476,129.006,129.414
1579644000,129.414,129.494,129.258,129.416
1579730400,129.416,129.902,129.416,129.715
1579816800,129.715,130.248,129.482,130.123
1580076000,130.123,130.846,130.123,130.707
1580162400,130.707,131.067,130.35,130.397
1580248800,130.397,131.039,130.319,130.977
1580335200,130.977,131.416,130.901,130.948
1580421600,130.948,131.715,130.839,131.668
1580680800,131.668,131.766,131.034,131.409
1580767200,131.409,131.534,130.646,130.833
1580853600,130.833,131.037,130.273,130.43
1580940000,130.43,130.556,130.134,130.463
1581026400,130.463,131.042,130.432,130.933
1581285600,130.933,131.314,130.798,131.065
1581372000,131.065,131.096,130.816,130.817
1581458400,130.817,130.849,130.538,130.554
1581544800,130.554,131.086,130.554,130.65
1581631200,130.65,131.042,130.65,130.902
1581890400,130.902,130.954,130.766,130.908
1581976800,130.908,131.315,130.908,131.098
1582063200,131.098,131.177,130.865,131.022
1582149600,131.022,131.523,130.881,131.43
1582236000,131.43,132.072,131.383,131.745
1582495200,131.745,132.828,131.745,132.673
1582581600,132.673,133.284,132.298,132.846
1582668000,132.846,133.372,132.645,133.091
1582754400,133.091,133.934,132.981,133.715
1582840800,133.715,134.997,133.512,134.7
1583100000,134.7,135.855,134.525,134.525
1583186400,134.525,136.807,134.369,136.041
1583272800,136.041,136.494,135.493,135.556
1583359200,135.556,136.79,135.478,136.634
1583445600,136.634,138.447,136.556,137.594
1583701200,137.594,140.821,137.594,139.117
1583787600,139.117,139.492,137.146,137.255
1583874000,137.255,138.67,137.098,137.27
1583960400,137.27,139.287,136.833,138.184
1584046800,138.184,138.567,135.87,136.284
1584306000,136.284,139.018,136.284,138.095
1584392400,138.095,138.189,135.171,135.327
1584478800,135.327,136.078,134.092,134.482
1584565200,134.482,136.029,133.732,135.123
1584651600,135.123,137.529,134.763,137.42
1584910800,137.42,138.622,137.278,138.208
1584997200,138.208,138.378,136.979,137.354
1585083600,137.354,137.744,137.104,137.275
1585170000,137.275,138.088,137.275,137.384
1585256400,137.384,138.806,137.384,138.759
1585515600,138.759,139.445,138.444,138.491
1585602000,138.491,139.1,138.413,138.834
1585688400,138.834,139.475,138.834,139.356
1585774800,139.356,139.505,138.848,139.161
1585861200,139.161,139.395,138.941,139.066
1586120400,139.066,139.08,138.392,138.486
1586206800,138.486,138.533,137.563,138.141
1586293200,138.141,138.344,137.765,137.765
1586379600,137.765,138.437,137.718,138.233
1586725200,138.233,138.387,137.949,137.949
1586811600,137.949,138.433,137.902,138.214
1586898000,138.214,139.323,138.214,139.213
1586984400,139.213,139.447,139.01,139.088
1587070800,139.088,139.478,138.572,139.009
1587330000,139.009,139.272,138.96,139.272
1587416400,139.272,139.725,139.116,139.412
1587502800,139.412,139.584,138.88,139.052
1587589200,139.052,139.208,138.911,139.082
1587675600,139.082,139.27,138.941,139.035
1587934800,139.035,139.096,138.626,138.657
1588021200,138.657,139.141,138.579,139
1588107600,139,139.312,138.875,138.984
1588194000,138.984,139.39,138.843,138.921
1588280400,138.921,139.295,138.889,139.076
1588539600,139.076,139.262,138.84,138.949
1588626000,138.949,139.011,138.667,138.823
1588712400,138.823,138.854,138.307,138.588
1588798800,138.588,139.384,138.541,139.228
1588885200,139.228,139.524,138.915,138.93
1589144400,138.93,139.085,138.647,138.74
1589230800,138.74,139.115,138.615,139.084
1589317200,139.084,139.349,139.064,139.208
1589403600,139.208,139.535,139.176,139.395
1589490000,139.395,139.675,139.284,139.304
1589749200,139.304,139.423,138.595,138.704
1589835600,138.704,139.063,138.61,139.047
1589922000,139.047,139.187,138.812,139.046
1590008400,139.046,139.234,139.015,139.077
1590094800,139.077,139.436,139.061,139.201
1590354000,139.201,139.262,139.136,139.214
1590440400,139.214,139.245,138.807,138.995
1590526800,138.995,139.314,138.713,139.072
1590613200,139.072,139.255,138.894,139.035
1590699600,139.035,139.424,139.035,139.334
1590958800,139.334,139.528,139.088,139.29
1591045200,139.29,139.415,139.084,139.115
1591131600,139.115,139.178,138.409,138.585
1591218000,138.585,138.658,137.983,138.03
1591304400,138.03,138.249,136.979,137.448
1591563600,137.448,137.754,137.222,137.612
1591650000,137.612,138.174,137.612,138.017
1591736400,138.017,138.938,137.953,138.922
1591822800,138.922,139.358,138.891,139.123
1591909200,139.123,139.232,138.84,138.948
1592168400,138.948,139.349,138.799,138.815
1592254800,138.815,138.954,138.484,138.718
1592341200,138.718,138.921,138.624,138.778
1592427600,138.778,139.121,138.778,138.948
1592514000,138.948,139.133,138.68,139.019
1592773200,139.019,139.188,138.89,138.906
1592859600,138.906,139.14,138.763,138.919
1592946000,138.919,139.135,138.776,139.119
1593032400,139.119,139.29,139.039,139.074
1593118800,139.074,139.49,139.054,139.396
1593378000,139.396,139.638,139.295,139.591
1593464400,139.591,139.652,139.323,139.37
1593550800,139.37,139.385,139.023,139.195
1593637200,139.195,139.396,138.958,139.395
1593723600,139.395,139.441,139.331,139.393
1593982800,139.393,139.393,139.002,139.228
1594069200,139.228,139.523,139.15,139.46
1594155600,139.46,139.476,139.224,139.27
1594242000,139.27,139.721,139.27,139.58
1594328400,139.58,139.907,139.327,139.327
1594587600,139.327,139.554,139.21,139.538
1594674000,139.538,139.7,139.428,139.52
1594760400,139.52,139.612,139.283,139.486
1594846800,139.486,139.741,139.454,139.608
1594933200,139.608,139.732,139.497,139.543
1595192400,139.543,139.724,139.506,139.598
1595278800,139.598,139.752,139.502,139.705
1595365200,139.705,139.828,139.656,139.671
1595451600,139.671,139.856,139.671,139.777
1595538000,139.777,139.933,139.682,139.728
1595797200,139.728,139.893,139.548,139.563
1595883600,139.563,139.874,139.406,139.842
1595970000,139.842,140.012,139.731,139.918
1596056400,139.918,140.197,139.901,140.118
1596142800,140.118,140.321,140.007,140.272
1596402000,140.272,140.298,140.014,140.123
1596488400,140.123,140.527,140.076,140.48
1596574800,140.48,140.511,140.134,140.165
1596661200,140.165,140.522,140.133,140.256
1596747600,140.256,140.412,140.034,140.066
1597006800,140.066,140.246,139.948,139.964
1597093200,139.964,140.042,139.336,139.492
1597179600,139.492,139.601,139.115,139.223
1597266000,139.223,139.536,139.002,139.017
1597352400,139.017,139.312,139.017,139.234
1597611600,139.234,139.555,139.212,139.382
1597698000,139.382,139.584,139.349,139.489
1597784400,139.489,139.644,139.361,139.408
1597870800,139.408,139.735,139.408,139.593
1597957200,139.593,139.81,139.514,139.731
1598216400,139.731,139.786,139.52,139.535
1598302800,139.535,139.567,139.096,139.361
1598389200,139.361,139.405,139.094,139.389
1598475600,139.389,139.685,138.965,138.98
1598562000,138.98,139.432,138.777,139.354
1598821200,139.354,139.52,139.161,139.411
1598907600,139.411,139.659,139.237,139.643
1598994000,139.643,139.83,139.501,139.767
1599080400,139.767,140.125,139.625,139.874
1599166800,139.874,139.952,139.215,139.262
1599426000,139.262,139.398,139.227,139.304
1599512400,139.304,139.709,139.287,139.614
1599598800,139.614,139.818,139.425,139.472
1599685200,139.472,139.689,139.361,139.626
1599771600,139.626,139.812,139.515,139.796
1600030800,139.796,139.901,139.697,139.712
1600117200,139.712,139.775,139.617,139.664
1600203600,139.664,139.866,139.521,139.537
1600290000,139.537,139.926,139.537,139.581
1600376400,139.581,139.752,139.533,139.533
1600635600,139.533,139.903,139.533,139.746
1600722000,139.746,139.792,139.651,139.728
1600808400,139.728,139.837,139.555,139.68
1600894800,139.68,139.773,139.632,139.709
1600981200,139.709,139.88,139.646,139.801
1601240400,139.801,139.843,139.686,139.842
1601326800,139.842,139.966,139.794,139.871
1601413200,139.871,139.964,139.51,139.651
1601499600,139.651,139.79,139.368,139.696
1601586000,139.696,139.929,139.522,139.537
1601845200,139.537,139.595,138.906,138.906
1601931600,138.906,139.326,138.858,139.248
1602018000,139.248,139.279,138.793,138.839
1602104400,138.839,139.072,138.839,138.916
1602190800,138.916,139.118,138.805,138.929
1602450000,138.929,139.065,138.929,139.049
1602536400,139.049,139.376,139.017,139.329
1602622800,139.329,139.452,139.281,139.327
1602709200,139.327,139.56,139.2,139.231
1602795600,139.231,139.355,139.105,139.166
1603054800,139.166,139.166,138.88,138.957
1603141200,138.957,139.004,138.784,138.893
1603227600,138.893,138.893,138.533,138.61
1603314000,138.61,138.734,138.279,138.389
1603400400,138.389,138.59,138.294,138.418
1603659600,138.418,138.835,138.418,138.725
1603746000,138.725,139.005,138.693,138.989
1603832400,138.989,139.191,138.878,138.925
1603918800,138.925,138.986,138.469,138.563
1604005200,138.563,138.703,138.217,138.233
1604268000,138.233,138.572,138.233,138.399
1604354400,138.399,138.43,138.054,138.084
1604440800,138.084,139.115,137.74,139.036
1604527200,139.036,139.364,138.847,139.034
1604613600,139.034,139.112,138.486,138.657
1604872800,138.657,138.84,137.495,137.886
1604959200,137.886,137.995,137.509,137.555
1605045600,137.555,137.741,137.336,137.663
1605132000,137.663,138.302,137.663,138.271
1605218400,138.271,138.411,138.128,138.128
1605477600,138.128,138.311,137.92,138.091
1605564000,138.091,138.433,138.012,138.418
1605650400,138.418,138.573,138.135,138.306
1605736800,138.306,138.57,138.291,138.57
1605823200,138.57,138.679,138.444,138.584
1606082400,138.584,138.596,138.328,138.391
1606168800,138.391,138.421,138.233,138.31
1606255200,138.31,138.512,138.185,138.293
1606341600,138.293,138.526,138.293,138.509
1606428000,138.509,138.631,138.413,138.615
1606687200,138.615,138.668,138.464,138.603
1606773600,138.603,138.649,137.832,137.941
1606860000,137.941,138.066,137.671,137.922
1606946400,137.922,138.216,137.842,138.169
1607032800,138.169,138.245,137.649,137.789
1607292000,137.789,138.154,137.687,138.154
1607378400,138.154,138.386,138.026,138.15
1607464800,138.15,138.15,137.865,138.021
1607551200,138.021,138.299,138.002,138.236
1607637600,138.236,138.594,138.219,138.421
1607896800,138.421,138.488,138.097,138.44
1607983200,138.44,138.487,138.186,138.311
1608069600,138.311,138.373,137.98,138.276
1608156000,138.276,138.486,138.085,138.163
1608242400,138.163,138.302,138.096,138.096
1608501600,138.096,138.604,138.07,138.148
1608588000,138.148,138.348,138.114,138.316
1608674400,138.316,138.425,137.969,138.14
1608760800,138.14,138.262,138.077,138.247
1609106400,138.247,138.309,137.997,138.278
1609192800,138.278,138.29,138.119,138.196
1609279200,138.196,138.286,138.068,138.27
1609365600,138.27,138.408,138.189,138.329
1609711200,138.329,138.456,138.112,138.439
1609797600,138.439,138.439,138.076,138.107
1609884000,138.107,138.2,137.383,137.524
1609970400,137.524,137.57,137.129,137.16
1610056800,137.16,137.191,136.796,136.874
1610316000,136.874,137.006,136.565,136.565
1610402400,136.565,136.703,136.281,136.671
1610488800,136.671,137.106,136.638,137.059
1610575200,137.059,137.121,136.758,136.789
1610661600,136.789,137.193,136.789,137.177
1610920800,137.177,137.216,137.073,137.119
1611007200,137.119,137.193,136.897,137.177
1611093600,137.177,137.283,137.019,137.252
1611180000,137.252,137.281,136.967,137.107
1611266400,137.107,137.292,137.044,137.26
1611525600,137.26,137.671,137.157,137.64
1611612000,137.64,137.654,137.481,137.589
1611698400,137.589,137.852,137.493,137.695
1611784800,137.695,137.787,137.316,137.472
1611871200,137.472,137.533,137.094,137.406
1612130400,137.406,137.473,137.256,137.347
1612216800,137.347,137.394,137.063,137.172
1612303200,137.172,137.172,136.902,136.917
1612389600,136.917,137.008,136.774,136.961
1612476000,136.961,137.085,136.661,136.879
1612735200,136.879,136.931,136.619,136.774
1612821600,136.774,136.974,136.756,136.848
1612908000,136.848,137.142,136.721,137.126
1612994400,137.126,137.202,136.95,136.966
1613080800,136.966,137.074,136.618,136.634
1613340000,136.634,136.634,136.187,136.341
1613426400,136.341,136.496,135.774,135.774
1613512800,135.774,136.068,135.6,136.052
1613599200,136.052,136.176,135.736,135.923
1613685600,135.923,136.001,135.451,135.606
1613944800,135.606,135.69,135.144,135.423
1614031200,135.423,135.655,135.311,135.654
1614117600,135.654,135.81,134.948,135.371
1614204000,135.371,135.401,133.155,133.674
1614290400,133.674,134.499,133.436,134.325
1614549600,134.325,134.666,134.156,134.562
1614636000,134.562,134.867,134.304,134.836
1614722400,134.836,134.836,133.946,134.062
1614808800,134.062,134.301,133.381,133.397
1614895200,133.397,133.629,132.823,133.324
1615154400,133.324,133.324,132.837,132.931
1615240800,132.931,133.472,132.899,133.456
1615327200,133.456,133.715,133.198,133.572
1615413600,133.572,134.055,133.438,133.53
1615500000,133.53,133.592,132.751,132.859
1615755600,132.859,133.067,132.725,132.939
1615842000,132.939,133.167,132.85,132.897
1615928400,132.897,133.25,132.448,132.918
1616014800,132.918,133.074,131.966,132.326
1616101200,132.326,132.62,131.988,132.174
1616360400,132.174,132.669,132.153,132.38
1616446800,132.38,132.999,132.346,132.936
1616533200,132.936,133.184,132.724,133.036
1616619600,133.036,133.186,132.791,132.852
1616706000,132.852,133.008,132.512,132.512
1616965200,132.512,132.833,132.136,132.23
1617051600,132.23,132.276,131.659,132.141
1617138000,132.141,132.141,131.739,131.785
1617224400,131.785,132.375,131.736,132.278
1617310800,132.278,132.389,131.736,131.799
1617570000,131.799,132.033,131.581,132.033
1617656400,132.033,132.496,131.887,132.447
1617742800,132.447,132.707,132.351,132.406
1617829200,132.406,132.836,132.406,132.804
1617915600,132.804,132.818,132.216,132.511
1618174800,132.511,132.596,132.246,132.402
1618261200,132.402,132.817,132.084,132.816
1618347600,132.816,132.877,132.479,132.633
1618434000,132.633,133.362,132.521,133.078
1618520400,133.078,133.214,132.864,132.958
1618779600,132.958,133.201,132.68,132.834
1618866000,132.834,133.234,132.625,133.2
1618952400,133.2,133.256,132.988,133.174
1619038800,133.174,133.376,132.884,133.258
1619125200,133.258,133.33,132.905,133.044
1619384400,133.044,133.063,132.735,132.935
1619470800,132.935,132.95,132.517,132.58
1619557200,132.58,132.742,132.257,132.726
1619643600,132.726,132.726,132.123,132.512
1619730000,132.512,132.659,132.354,132.643
1619989200,132.643,132.992,132.335,132.848
1620075600,132.848,133.217,132.654,132.901
1620162000,132.901,133.157,132.659,133.126
1620248400,133.126,133.214,132.993,133.053
1620334800,133.053,133.971,133.016,133.168
1620594000,133.168,133.375,132.981,133.028
1620680400,133.028,133.151,132.801,132.861
1620766800,132.861,132.964,132.286,132.317
1620853200,132.317,132.7,132.249,132.621
1620939600,132.621,132.912,132.588,132.822
1621198800,132.822,133.025,132.611,132.611
1621285200,132.611,132.808,132.588,132.758
1621371600,132.758,132.907,132.279,132.419
1621458000,132.419,132.847,132.371,132.832
1621544400,132.832,132.934,132.699,132.806
1621803600,132.806,132.966,132.765,132.916
1621890000,132.916,133.313,132.882,133.25
1621976400,133.25,133.321,133.105,133.147
1622062800,133.147,133.206,132.792,132.901
1622149200,132.901,133.176,132.771,132.954
1622408400,132.954,132.974,132.804,132.942
1622494800,132.942,132.955,132.713,132.915
1622581200,132.915,133.081,132.818,133.047
1622667600,133.047,133.077,132.645,132.675
1622754000,132.675,133.295,132.638,133.279
1623013200,133.279,133.279,133.064,133.139
1623099600,133.139,133.589,133.137,133.413
1623186000,133.413,133.925,133.396,133.749
1623272400,133.749,134.133,133.333,134.133
1623358800,134.133,134.207,133.795,133.903
1623618000,133.903,133.903,133.449,133.511
1623704400,133.511,133.632,133.425,133.517
1623790800,133.517,133.603,132.501,132.594
1623877200,132.594,133.09,132.389,132.954
1623963600,132.954,133.364,132.593,133.33
1624222800,133.33,133.842,132.91,133.049
1624309200,133.049,133.322,132.919,133.275
1624395600,133.275,133.352,132.998,133.029
1624482000,133.029,133.148,132.915,132.972
1624568400,132.972,133.123,132.633,132.805
1624827600,132.805,133.17,132.72,133.074
1624914000,133.074,133.112,132.847,133.096
1625000400,133.096,133.371,133.014,133.133
1625086800,133.133,133.268,133,133.17
1625173200,133.17,133.585,133.023,133.569
1625432400,133.569,133.569,133.416,133.447
1625518800,133.447,134.161,133.347,134.111
1625605200,134.111,134.466,133.966,134.305
1625691600,134.305,134.834,134.256,134.563
1625778000,134.563,134.563,134.113,134.129
1626037200,134.129,134.339,133.975,134.099
1626123600,134.099,134.265,133.665,133.681
1626210000,133.681,134.205,133.632,134.189
1626296400,134.189,134.541,134.119,134.446
1626382800,134.446,134.499,134.125,134.499
1626642000,134.499,135.429,134.463,135.207
1626728400,135.207,135.844,135.076,135.165
1626814800,135.165,135.444,134.606,134.653
1626901200,134.653,135.069,134.459,134.737
1626987600,134.737,134.815,134.542,134.775
1627246800,134.775,135.158,134.635,134.666
1627333200,134.666,135.114,134.649,134.954
1627419600,134.954,135.117,134.632,135.023
1627506000,135.023,135.038,134.64,134.73
1627592400,134.73,135.115,134.73,135.097
1627851600,135.097,135.649,134.963,135.443
1627938000,135.443,135.672,135.281,135.496
1628024400,135.496,135.913,135.112,135.282
1628110800,135.282,135.37,134.865,134.896
1628197200,134.896,134.927,134.353,134.4
1628456400,134.4,134.624,134.088,134.135
1628542800,134.135,134.273,133.89,133.921
1628629200,133.921,134.305,133.697,134.021
1628715600,134.021,134.174,133.809,133.917
1628802000,133.917,134.471,133.869,134.471
1629061200,134.471,134.915,134.42,134.583
1629147600,134.583,134.97,134.497,134.573
1629234000,134.573,134.649,134.251,134.578
1629320400,134.578,134.855,134.514,134.615
1629406800,134.615,134.752,134.388,134.48
1629666000,134.48,134.545,134.236,134.513
1629752400,134.513,134.513,134.19,134.206
1629838800,134.206,134.311,133.82,133.883
1629925200,133.883,133.957,133.641,133.763
1630011600,133.763,134.232,133.662,134.169
1630270800,134.169,134.43,134.104,134.398
1630357200,134.398,134.507,134.171,134.218
1630443600,134.218,134.449,134.027,134.305
1630530000,134.305,134.442,134.255,134.392
1630616400,134.392,134.67,134.057,134.18
1630875600,134.18,134.18,134.018,134.034
1630962000,134.034,134.079,133.666,133.742
1631048400,133.742,134.066,133.724,133.971
1631134800,133.971,134.373,133.887,134.231
1631221200,134.231,134.261,133.816,133.893
1631480400,133.893,134.109,133.797,133.997
1631566800,133.997,134.447,133.819,134.257
1631653200,134.257,134.409,133.999,134.124
1631739600,134.124,134.154,133.647,133.739
1631826000,133.739,133.83,133.341,133.496
1632085200,133.496,134.025,133.434,133.899
1632171600,133.899,134.035,133.628,133.844
1632258000,133.844,134.042,133.586,133.837
1632344400,133.837,133.837,132.809,132.84
1632430800,132.84,133.087,132.614,132.723
1632690000,132.723,132.784,132.233,132.34
1632776400,132.34,132.465,131.833,132.066
1632862800,132.066,132.392,131.924,132.232
1632949200,132.232,132.538,131.944,132.507
1633035600,132.507,132.798,132.347,132.782
1633294800,132.782,132.845,132.433,132.635
1633381200,132.635,132.68,132.19,132.298
1633467600,132.298,132.387,131.966,132.275
1633554000,132.275,132.334,131.86,131.891
1633640400,131.891,132.106,131.57,131.57
1633899600,131.57,131.57,131.314,131.345
1633986000,131.345,131.746,131.297,131.636
1634072400,131.636,131.975,131.301,131.832
1634158800,131.832,132.093,131.673,132.029
1634245200,132.029,132.029,131.395,131.426
1634504400,131.426,131.426,130.889,131.091
1634590800,131.091,131.417,130.911,130.974
1634677200,130.974,131.188,130.706,130.888
1634763600,130.888,131.011,130.411,130.411
1634850000,130.411,130.921,130.407,130.921
1635109200,130.921,131.089,130.666,130.993
1635195600,130.993,131.099,130.769,131.064
1635282000,131.064,131.607,130.843,131.418
1635368400,131.418,131.464,131.004,131.066
1635454800,131.066,131.263,130.622,131.09
1635714000,131.09,131.147,130.757,131.131
1635800400,131.131,131.486,131.004,131.312
1635886800,131.312,131.512,130.835,130.944
1635973200,130.944,131.768,130.911,131.595
1636059600,131.595,132.278,131.371,132.136
1636322400,132.136,132.136,131.566,131.644
1636408800,131.644,132.218,131.644,132.06
1636495200,132.06,132.075,130.863,131.019
1636581600,131.019,131.097,130.574,130.652
1636668000,130.652,131.085,130.605,130.942
1636927200,130.942,131.113,130.498,130.576
1637013600,130.576,130.779,130.35,130.413
1637100000,130.413,130.828,130.301,130.765
1637186400,130.765,130.916,130.589,130.821
1637272800,130.821,131.474,130.661,130.97
1637532000,130.97,130.97,130.119,130.166
1637618400,130.166,130.273,129.802,129.971
1637704800,129.971,130.313,129.716,130.043
1637791200,130.043,130.085,129.932,130.052
1637877600,130.052,131.501,130.052,131.375
1638136800,131.375,131.485,130.811,131.454
1638223200,131.454,132.237,131.196,131.666
1638309600,131.666,132.067,131.111,132.004
1638396000,132.004,132.035,131.368,131.523
1638482400,131.523,132.412,131.329,132.27
1638741600,132.27,132.27,131.491,131.569
1638828000,131.569,131.663,131.136,131.199
1638914400,131.199,131.635,130.815,130.97
1639000800,130.97,131.405,130.843,131.119
1639087200,131.119,131.553,130.911,131.253
1639346400,131.253,131.764,131.062,131.684
1639432800,131.684,131.712,131.285,131.424
1639519200,131.424,131.61,131.024,131.353
1639605600,131.353,131.942,131.148,131.942
1639692000,131.942,132.219,131.752,131.934
1639951200,131.934,132.353,131.83,131.877
1640037600,131.877,131.999,131.273,131.492
1640124000,131.492,131.648,131.281,131.499
1640210400,131.499,131.545,131.21,131.24
1640556000,131.24,131.366,131.116,131.301
1640642400,131.301,131.452,131.217,131.308
1640728800,131.308,131.432,130.783,130.86
1640815200,130.86,131.166,130.854,131.119
1640901600,131.119,131.238,130.985,131.001
1641160800,131.001,131.001,130.019,130.112
1641247200,130.112,130.222,129.746,130.01
1641333600,130.01,130.07,129.406,129.484
1641420000,129.484,129.608,129.055,129.224
1641506400,129.224,129.349,128.637,128.965
1641765600,128.965,128.965,128.519,128.862
1641852000,128.862,129.027,128.605,129.011
1641938400,129.011,129.257,128.881,128.94
1642024800,128.94,129.403,128.814,129.309
1642111200,129.309,129.335,128.579,128.61
1642370400,128.61,128.61,128.169,128.305
1642456800,128.305,128.412,127.762,127.793
1642543200,127.793,128.241,127.57,127.864
1642629600,127.864,128.436,127.754,128.405
1642716000,128.405,128.979,128.373,128.71
1642975200,128.71,129.158,128.458,128.655
1643061600,128.655,128.978,128.478,128.662
1643148000,128.662,128.706,127.651,127.745
1643234400,127.745,128.303,127.728,128.129
1643320800,128.129,128.45,127.763,128.434
1643580000,128.434,128.457,128.068,128.425
1643666400,128.425,128.75,128.091,128.308
1643752800,128.308,128.678,128.161,128.425
1643839200,128.425,128.612,127.884,127.947
1643925600,127.947,128.114,127.109,127.265
1644184800,127.265,127.371,127.045,127.225
1644271200,127.225,127.256,126.812,126.826
1644357600,126.826,127.257,126.778,126.959
1644444000,126.959,127.126,125.87,126.058
1644530400,126.058,127.053,125.911,126.755
1644789600,126.755,127.079,126.059,126.308
1644876000,126.308,126.495,125.864,125.971
1644962400,125.971,126.31,125.919,126.073
1645048800,126.073,126.744,126.057,126.707
1645135200,126.707,127.045,126.469,126.918
1645394400,126.918,127.225,126.711,127.106
1645480800,127.106,127.517,126.607,126.729
1645567200,126.729,126.821,126.317,126.393
1645653600,126.393,127.609,126.393,126.666
1645740000,126.666,126.915,126.195,126.632
1645999200,126.632,127.862,126.632,127.784
1646085600,127.784,129.254,127.47,128.83
1646172000,128.83,129.19,127.278,127.528
1646258400,127.528,127.919,127.354,127.823
1646344800,127.823,129.138,127.667,128.713
1646604000,128.713,129.374,128.065,128.252
1646690400,128.252,128.377,127.342,127.592
1646776800,127.592,127.701,126.76,126.791
1646863200,126.791,127.087,126.178,126.366
1646949600,126.366,126.679,126.114,126.285
1647205200,126.285,126.343,124.994,125.073
1647291600,125.073,125.619,124.806,125.008
1647378000,125.008,125.116,124.035,124.504
1647464400,124.504,125.113,124.363,124.69
1647550800,124.69,125.033,124.563,124.813
1647810000,124.813,124.813,123.365,123.522
1647896400,123.522,123.569,122.815,122.846
1647982800,122.846,123.58,122.596,123.517
1648069200,123.517,123.533,122.718,122.873
1648155600,122.873,123.138,121.713,121.916
1648414800,121.916,122.379,121.159,121.956
1648501200,121.956,122.627,121.297,122.47
1648587600,122.47,123.017,122.202,122.875
1648674000,122.875,123.311,122.763,122.841
1648760400,122.841,122.841,121.947,122.338
1649019600,122.338,122.566,122.035,122.315
1649106000,122.315,122.487,120.983,121.108
1649192400,121.108,121.215,120.34,120.949
1649278800,120.949,121.371,120.571,120.603
1649365200,120.603,120.884,120.069,120.303
1649624400,120.303,120.303,119.703,119.874
1649710800,119.874,120.967,119.497,120.575
1649797200,120.575,121.372,120.136,120.886
1649883600,120.886,121.448,119.867,120.039
1650229200,120.039,120.155,119.515,119.795
1650315600,119.795,119.982,118.979,119.042
1650402000,119.042,119.791,118.76,119.634
1650488400,119.634,119.696,118.584,118.865
1650574800,118.865,119.286,118.395,119.129
1650834000,119.129,120.311,118.952,119.732
1650920400,119.732,120.621,119.356,120.621
1651006800,120.621,120.699,119.727,119.806
1651093200,119.806,120.149,119.319,119.772
1651179600,119.772,119.85,118.879,118.909
1651438800,118.909,119.169,118.34,118.527
1651525200,118.527,119.057,118.26,118.494
1651611600,118.494,119.305,118.241,119.07
1651698000,119.07,119.406,117.926,118.348
1651784400,118.348,118.411,117.689,117.736
1652043600,117.736,118.699,117.371,118.558
1652130000,118.558,119.276,118.354,118.884
1652216400,118.884,119.508,118.195,119.257
1652302800,119.257,120.1,119.242,119.787
1652389200,119.787,119.802,119.191,119.378
1652648400,119.378,119.935,119.138,119.699
1652734800,119.699,119.824,118.743,118.79
1652821200,118.79,119.601,118.585,119.492
1652907600,119.492,120.381,119.256,119.864
1652994000,119.864,120.347,119.582,120.222
1653253200,120.222,120.222,119.558,119.683
1653339600,119.683,120.76,119.636,120.51
1653426000,120.51,120.868,120.368,120.664
1653512400,120.664,121.038,120.365,120.74
1653598800,120.74,120.957,120.58,120.673
1653858000,120.673,120.712,120.035,120.09
1653944400,120.09,120.22,119.639,119.858
1654030800,119.858,119.949,118.96,119.226
1654117200,119.226,119.412,119.021,119.285
1654203600,119.285,119.363,118.781,119.109
1654462800,119.109,119.163,118.297,118.344
1654549200,118.344,118.937,118.124,118.779
1654635600,118.779,118.811,118.322,118.462
1654722000,118.462,118.633,118.099,118.286
1654808400,118.286,118.581,117.107,117.184
1655067600,117.184,117.184,115.025,115.668
1655154000,115.668,116.466,114.614,114.802
1655240400,114.802,116.334,114.739,116.248
1655326800,116.248,117.036,114.686,116.895
1655413200,116.895,116.955,115.999,116.577
1655672400,116.577,116.679,116.131,116.292
1655758800,116.292,116.454,116.064,116.311
1655845200,116.311,117.531,116.233,117.263
1655931600,117.263,118.584,117.136,117.902
1656018000,117.902,118.355,117.571,117.601
1656277200,117.601,117.734,116.916,117.072
1656363600,117.072,117.353,116.662,117.256
1656450000,117.256,117.91,117.159,117.879
1656536400,117.879,118.878,117.768,118.58
1656622800,118.58,120.442,118.517,119.79
1656882000,119.79,119.962,119.412,119.489
1656968400,119.489,120.52,119.034,120.221
1657054800,120.221,120.814,119.152,119.152
1657141200,119.152,119.449,118.491,118.647
1657227600,118.647,118.927,117.861,118.032
1657486800,118.032,118.867,117.851,118.6
1657573200,118.6,119.365,118.584,118.878
1657659600,118.878,119.454,118.03,119.031
1657746000,119.031,119.202,118.167,118.729
1657832400,118.729,119.252,118.633,118.991
1658091600,118.991,119.171,118.26,118.479
1658178000,118.479,118.743,118.116,118.177
1658264400,118.177,118.785,117.986,118.079
1658350800,118.079,119.438,117.686,119.359
1658437200,119.359,120.578,119.186,120.342
1658696400,120.342,120.342,119.705,120.033
1658782800,120.033,120.703,119.903,119.903
1658869200,119.903,120.698,119.824,120.244
1658955600,120.244,121.478,119.945,121.21
1659042000,121.21,121.598,120.762,121.379
1659301200,121.379,121.821,121.055,121.82
1659387600,121.82,122.258,120.189,120.314
1659474000,120.314,120.689,119.529,120.592
1659560400,120.592,121.089,120.292,120.791
1659646800,120.791,120.947,119.427,119.661
1659906000,119.661,120.181,119.449,120.056
1659992400,120.056,120.148,119.552,119.77
1660078800,119.77,120.847,119.517,119.907
1660165200,119.907,120.39,119.137,119.261
1660251600,119.261,119.619,119.119,119.555
1660510800,119.555,120.107,119.295,119.887
1660597200,119.887,120.027,119.266,119.602
1660683600,119.602,119.602,118.691,118.847
1660770000,118.847,119.368,118.689,118.968
1660856400,118.968,119.046,118.167,118.354
1661115600,118.354,118.548,117.795,117.96
1661202000,117.96,118.324,117.573,117.8
1661288400,117.8,118.016,117.209,117.334
1661374800,117.334,117.909,117.222,117.877
1661461200,117.877,118,117.39,117.608
1661720400,117.608,117.608,116.91,117.169
1661806800,117.169,117.56,116.794,117.138
1661893200,117.138,117.263,116.418,116.434
1661979600,116.434,116.575,115.762,116.066
1662066000,116.066,116.84,115.933,116.684
1662325200,116.684,116.886,116.183,116.37
1662411600,116.37,116.534,115.479,115.573
1662498000,115.573,116.26,115.447,116.182
1662584400,116.182,116.744,115.744,115.814
1662670800,115.814,116.369,115.712,115.83
1662930000,115.83,116.22,115.539,115.68
1663016400,115.68,116.164,114.773,115.055
1663102800,115.055,115.226,114.554,114.961
1663189200,114.961,115.054,114.46,114.585
1663275600,114.585,114.976,114.366,114.741
1663534800,114.741,114.819,114.256,114.412
1663621200,114.412,114.552,113.677,113.896
1663707600,113.896,114.333,113.317,113.958
1663794000,113.958,114.02,112.707,112.723
1663880400,112.723,112.973,111.816,112.707
1664139600,112.707,112.714,111.05,111.081
1664226000,111.081,112.065,110.721,111.049
1664312400,111.049,112.956,110.627,112.674
1664398800,112.674,112.674,111.674,112.174
1664485200,112.174,112.908,111.752,111.798
1664744400,111.798,113.892,111.798,113.282
1664830800,113.282,113.954,113.204,113.376
1664917200,113.376,113.548,112.282,112.531
1665003600,112.531,112.735,111.875,111.906
1665090000,111.906,111.984,111.272,111.453
1665349200,111.453,111.702,110.733,111.108
1665435600,111.108,111.701,110.701,111.123
1665522000,111.123,111.654,110.951,111.467
1665608400,111.467,111.912,110.091,111.06
1665694800,111.06,111.732,110.466,110.56
1665954000,110.56,111.418,110.56,110.762
1666040400,110.762,111.152,110.48,110.84
1666126800,110.84,110.918,109.917,109.933
1666213200,109.933,110.23,109.276,109.37
1666299600,109.37,109.979,108.854,109.792
1666558800,109.792,110.479,109.431,109.697
1666645200,109.697,111.002,109.658,110.588
1666731600,110.588,111.275,110.509,111.134
1666818000,111.134,111.978,110.587,111.821
1666904400,111.821,111.947,110.821,111.009
1667163600,111.009,111.009,110.398,110.734
1667250000,110.734,111.664,110.492,110.57
1667336400,110.57,111.296,110.194,110.273
1667422800,110.273,110.319,109.397,109.89
1667509200,109.89,110.397,109.381,110.022
1667772000,110.022,110.177,109.599,109.662
1667858400,109.662,110.333,109.458,110.318
1667944800,110.318,110.786,110.005,110.622
1668031200,110.622,112.606,110.411,112.567
1668117600,112.567,112.567,112.02,112.317
1668376800,112.317,112.317,111.879,112.175
1668463200,112.175,112.972,112.019,112.753
1668549600,112.753,113.347,112.269,113.175
1668636000,113.175,113.3,112.425,112.643
1668722400,112.643,112.799,112.221,112.237
1668981600,112.237,112.736,112.127,112.22
1669068000,112.22,112.704,112.22,112.595
1669154400,112.595,113.127,112.251,113.033
1669240800,113.033,113.518,113.002,113.347
1669327200,113.347,113.41,112.616,113.115
1669586400,113.115,113.589,112.95,113.138
1669672800,113.138,113.388,112.64,112.726
1669759200,112.726,113.906,112.315,113.859
1669845600,113.859,114.516,113.595,114.47
1669932000,114.47,114.643,113.426,114.519
1670191200,114.519,114.519,113.558,113.746
1670277600,113.746,114.169,113.568,113.982
1670364000,113.982,114.982,113.843,114.842
1670450400,114.842,114.842,114.157,114.267
1670536800,114.267,114.533,113.707,113.77
1670796000,113.77,114.181,113.495,113.621
1670882400,113.621,115.15,113.574,114.527
1670968800,114.527,114.856,114.046,114.732
1671055200,114.732,114.858,114.359,114.766
1671141600,114.766,114.766,113.987,114.534
1671400800,114.534,114.534,113.822,113.932
1671487200,113.932,113.964,113.123,113.295
1671573600,113.295,113.842,113.108,113.422
1671660000,113.422,113.703,113.236,113.268
1671746400,113.268,113.284,112.786,113.021
1672092000,113.021,113.021,112.14,112.28
1672178400,112.28,112.5,111.955,112.017
1672264800,112.017,112.363,111.988,112.347
1672351200,112.347,112.347,111.709,112.037
1672696800,112.037,112.935,112.037,112.779
1672783200,112.779,113.311,112.654,113.218
1672869600,113.218,113.218,112.408,112.83
1672956000,112.83,114.19,112.566,114.159
1673215200,114.159,114.57,113.852,114.337
1673301600,114.337,114.447,113.683,113.84
1673388000,113.84,114.435,113.84,114.341
1673474400,114.341,115.264,113.866,115.108
1673560800,115.108,115.32,114.611,114.642
1673820000,114.642,114.772,114.398,114.508
1673906400,114.508,114.791,114.151,114.432
1673992800,114.432,115.808,114.37,115.746
1674079200,115.746,116.105,115.31,115.498
1674165600,115.498,115.514,114.735,114.923
1674424800,114.923,115.084,114.476,114.617
1674511200,114.617,115.009,114.322,114.947
1674597600,114.947,115.277,114.793,115.106
1674684000,115.106,115.153,114.561,114.686
1674770400,114.686,114.749,114.266,114.564
1675029600,114.564,114.662,114.07,114.289
1675116000,114.289,114.713,114.196,114.526
1675202400,114.526,115.472,114.456,115.246
1675288800,115.246,115.903,115.215,115.404
1675375200,115.404,115.608,114.157,114.345
1675634400,114.345,114.345,113.243,113.321
1675720800,113.321,113.791,113.089,113.183
1675807200,113.183,113.544,113.106,113.544
1675893600,113.544,113.717,112.921,113.093
1675980000,113.093,113.125,112.549,112.611
1676239200,112.611,112.805,112.461,112.79
1676325600,112.79,113.454,112.026,112.323
1676412000,112.323,112.481,111.904,111.99
1676498400,111.99,112.28,111.578,111.672
1676584800,111.672,112.002,111.204,111.955
1676844000,111.955,111.955,111.711,111.711
1676930400,111.711,111.791,110.933,110.995
1677016800,110.995,111.388,110.887,111.138
1677103200,111.138,111.484,110.749,111.359
1677189600,111.359,111.532,110.611,110.834
1677448800,110.834,111.267,110.675,111.12
1677535200,111.12,111.21,110.696,111.039
1677621600,111.039,111.088,110.406,110.515
1677708000,110.515,110.554,109.896,110.053
1677794400,110.053,110.648,109.991,110.648
1678053600,110.648,111.034,110.475,110.646
1678140000,110.646,110.914,110.261,110.495
1678226400,110.495,110.965,110.17,110.329
1678312800,110.329,111.236,110.238,111.205
1678399200,111.205,112.826,111.158,112.563
1678654800,112.563,114.925,112.206,113.868
1678741200,113.868,114.773,112.829,113.017
1678827600,113.017,115.511,112.817,114.858
1678914000,114.858,115.57,113.711,113.734
1679000400,113.734,115.443,113.587,115.039
1679259600,115.039,116.295,114.348,114.586
1679346000,114.586,115.023,113.625,113.672
1679432400,113.672,115.187,113.395,115.062
1679518800,115.062,115.814,114.614,115.402
1679605200,115.402,116.611,115.262,115.686
1679864400,115.686,115.783,114.478,114.572
1679950800,114.572,114.822,114.14,114.172
1680037200,114.172,114.486,113.832,114.099
1680123600,114.099,114.35,113.837,114.119
1680210000,114.119,114.715,113.888,114.715
1680469200,114.715,115.289,114.196,115.197
1680555600,115.197,115.902,114.717,115.84
1680642000,115.84,116.56,115.547,116.001
1680728400,116.001,116.564,115.985,116.052
1680814800,116.052,116.148,115.401,115.41
1681074000,115.41,115.649,115.042,115.168
1681160400,115.168,115.435,114.876,115.126
1681246800,115.126,115.908,114.91,115.489
1681333200,115.489,115.757,115.072,115.166
1681419600,115.166,115.387,114.406,114.579
1681678800,114.579,114.652,113.954,113.985
1681765200,113.985,114.363,113.94,114.146
1681851600,114.146,114.162,113.665,113.979
1681938000,113.979,114.512,113.933,114.42
1682024400,114.42,114.704,114.127,114.16
1682283600,114.16,114.797,114.16,114.782
1682370000,114.782,115.659,114.782,115.472
1682456400,115.472,115.694,115.055,115.15
1682542800,115.15,115.291,114.406,114.508
1682629200,114.508,115.237,114.282,115.23
1682888400,115.23,115.23,114.082,114.269
1682974800,114.269,115.442,114.239,115.396
1683061200,115.396,116.259,115.319,116.243
1683147600,116.243,116.754,115.747,116.038
1683234000,116.038,116.14,115.347,115.551
1683493200,115.551,115.64,114.957,115.035
1683579600,115.035,115.271,114.852,114.962
1683666000,114.962,115.761,114.87,115.606
1683752400,115.606,116.311,115.561,115.876
1683838800,115.876,116.018,115.21,115.225
1684098000,115.225,115.3,114.988,115.052
1684184400,115.052,115.413,114.541,114.761
1684270800,114.761,114.92,114.328,114.453
1684357200,114.453,114.595,113.709,113.818
1684443600,113.818,113.992,113.197,113.495
1684702800,113.495,113.788,113.196,113.322
1684789200,113.322,113.56,112.997,113.498
1684875600,113.498,113.642,113.066,113.066
1684962000,113.066,113.269,112.384,112.431
1685048400,112.431,112.73,112.044,112.454
1685307600,112.454,112.66,112.082,112.584
1685394000,112.584,113.336,112.554,113.243
1685480400,113.243,113.778,113.166,113.53
1685566800,113.53,114.148,113.207,113.926
1685653200,113.926,113.926,112.97,113.002
1685912400,113.002,113.316,112.524,113.148
1685998800,113.148,113.4,112.797,113.234
1686085200,113.234,113.282,112.262,112.34
1686171600,112.34,113,112.174,112.922
1686258000,112.922,112.943,112.438,112.634
1686517200,112.634,112.918,112.36,112.75
1686603600,112.75,113.236,111.904,112.106
1686690000,112.106,112.437,111.678,112.253
1686776400,112.253,112.834,111.79,112.772
1686862800,112.772,112.804,112.048,112.376
1687122000,112.376,112.534,112.039,112.071
1687208400,112.071,112.839,112.026,112.639
1687294800,112.639,112.754,112.193,112.615
1687381200,112.615,112.759,112,112.079
1687467600,112.079,112.822,112.035,112.428
1687726800,112.428,112.867,112.428,112.574
1687813200,112.574,112.766,112.145,112.224
1687899600,112.224,112.681,112.196,112.62
1687986000,112.62,112.651,111.429,111.61
1688072400,111.61,111.778,111.201,111.5
1688331600,111.5,111.964,111.288,111.367
1688418000,111.367,111.481,111.23,111.373
1688504400,111.373,111.549,110.775,110.837
1688590800,110.837,110.9,109.661,110.161
1688677200,110.161,110.445,109.754,109.966
1688936400,109.966,110.733,109.888,110.687
1689022800,110.687,110.987,110.599,110.788
1689109200,110.788,111.851,110.788,111.744
1689195600,111.744,112.575,111.713,112.474
1689282000,112.474,112.531,111.945,111.945
1689541200,111.945,112.431,111.934,112.154
1689627600,112.154,112.766,112.139,112.239
1689714000,112.239,112.725,112.198,112.449
1689800400,112.449,112.497,111.537,111.678
1689886800,111.678,111.963,111.612,111.779
1690146000,111.779,112.109,111.458,111.49
1690232400,111.49,111.616,111.137,111.357
1690318800,111.357,111.753,111.249,111.535
1690405200,111.535,111.803,110.554,110.671
1690491600,110.671,111.22,110.408,111.044
1690750800,111.044,111.244,110.696,111.027
1690837200,111.027,111.123,110.472,110.707
1690923600,110.707,110.883,110.121,110.434
1691010000,110.434,110.481,109.832,109.943
1691096400,109.943,110.978,109.558,110.963
1691355600,110.963,110.963,110.389,110.689
1691442000,110.689,111.378,110.658,111.101
1691528400,111.101,111.31,110.965,111.046
1691614800,111.046,111.565,110.36,110.399
1691701200,110.399,110.605,109.845,109.954
1691960400,109.954,110.051,109.506,109.664
1692046800,109.664,109.95,109.092,109.562
1692133200,109.562,109.909,109.163,109.32
1692219600,109.32,109.383,108.858,109.233
1692306000,109.233,109.642,109.203,109.35
1692565200,109.35,109.466,108.762,108.826
1692651600,108.826,109.063,108.67,108.817
1692738000,108.817,109.775,108.817,109.651
1692824400,109.651,109.779,109.33,109.346
1692910800,109.346,109.538,108.915,109.244
1693170000,109.244,109.575,109.15,109.498
1693256400,109.498,110.264,109.253,110.171
1693342800,110.171,110.455,109.911,110.224
1693429200,110.224,110.462,110.133,110.292
1693515600,110.292,110.746,109.753,109.909
1693774800,109.909,109.909,109.707,109.707
1693861200,109.707,109.756,109.325,109.388
1693947600,109.388,109.546,109.02,109.168
1694034000,109.168,109.477,109.009,109.446
1694120400,109.446,109.727,109.281,109.281
1694379600,109.281,109.324,109.061,109.196
1694466000,109.196,109.319,109.131,109.195
1694552400,109.195,109.566,108.584,109.434
1694638800,109.434,109.671,109.159,109.206
1694725200,109.206,109.333,108.837,108.901
1694984400,108.901,109.073,108.729,109.058
1695070800,109.058,109.09,108.566,108.644
1695157200,108.644,109.006,108.245,108.245
1695243600,108.245,108.261,107.751,107.846
1695330000,107.846,108.317,107.785,108.225
1695589200,108.225,108.314,107.65,107.729
1695675600,107.729,108.059,107.543,107.758
1695762000,107.758,108.049,107.008,107.226
1695848400,107.226,107.543,106.763,107.496
1695934800,107.496,107.998,107.342,107.58
1696194000,107.58,107.58,106.786,106.912
1696280400,106.912,106.992,106.139,106.233
1696366800,106.233,106.767,105.69,106.659
1696453200,106.659,106.958,106.475,106.851
1696539600,106.851,106.899,105.781,106.343
1696798800,106.343,107.542,106.343,107.434
1696885200,107.434,107.578,106.939,107.315
1696971600,107.315,107.932,107.27,107.74
1697058000,107.74,108.086,106.756,106.921
1697144400,106.921,107.61,106.906,107.394
1697403600,107.394,107.394,106.77,106.85
1697490000,106.85,106.882,105.765,105.905
1697576400,105.905,106.127,105.411,105.459
1697662800,105.459,105.604,104.996,105.106
1697749200,105.106,105.858,105.091,105.673
1698008400,105.673,106.172,105.063,106.079
1698094800,106.079,106.361,105.755,106.084
1698181200,106.084,106.241,105.264,105.326
1698267600,105.326,106.094,105.173,106.033
1698354000,106.033,106.225,105.802,106.163
1698613200,106.163,106.163,105.664,105.821
1698699600,105.821,106.37,105.608,105.608
1698786000,105.608,106.939,105.578,106.923
1698872400,106.923,107.597,106.817,107.24
1698958800,107.24,108.522,107.117,107.979
1699221600,107.979,107.979,107.325,107.466
1699308000,107.466,108.063,107.374,107.892
1699394400,107.892,108.241,107.598,108.21
1699480800,108.21,108.288,107.186,107.304
1699567200,107.304,107.689,107.036,107.051
1699826400,107.051,107.286,106.786,107.177
1699912800,107.177,108.758,107.1,108.618
1699999200,108.618,108.746,107.882,108.046
1700085600,108.046,108.752,108.015,108.691
1700172000,108.691,109.068,108.399,108.588
1700431200,108.588,108.76,108.275,108.667
1700517600,108.667,108.937,108.562,108.891
1700604000,108.891,109.098,108.443,108.71
1700690400,108.71,108.805,108.355,108.434
1700776800,108.434,108.49,108.173,108.314
1701036000,108.314,108.904,108.062,108.857
1701122400,108.857,109.453,108.666,109.437
1701208800,109.437,109.985,109.398,109.877
1701295200,109.877,109.927,109.197,109.462
1701381600,109.462,110.353,109.294,110.353
1701640800,110.353,110.353,109.619,109.9
1701727200,109.9,110.494,109.839,110.449
1701813600,110.449,110.78,110.156,110.764
1701900000,110.764,110.811,110.253,110.52
1701986400,110.52,110.567,109.558,109.918
1702245600,109.918,109.946,109.542,109.9
1702332000,109.9,110.518,109.794,110.123
1702418400,110.123,111.652,110.062,111.582
1702504800,111.582,112.418,111.544,112.093
1702591200,112.093,112.298,111.691,112.066
1702850400,112.066,112.233,111.752,111.971
1702936800,111.971,112.207,111.832,111.96
1703023200,111.96,112.556,111.929,112.541
1703109600,112.541,112.731,112.171,112.312
1703196000,112.312,112.548,112.097,112.301
1703541600,112.301,112.35,112.162,112.226
1703628000,112.226,112.978,112.179,112.9
1703714400,112.9,112.9,112.421,112.546
1703800800,112.546,112.641,112.191,112.317
1704146400,112.317,112.456,111.758,112.009
1704232800,112.009,112.262,111.529,112.091
1704319200,112.091,112.249,111.519,111.582
1704405600,111.582,111.959,110.852,111.337
1704664800,111.337,111.942,111.159,111.492
1704751200,111.492,111.744,111.37,111.62
1704837600,111.62,111.888,111.454,111.563
1704924000,111.563,112.166,111.301,112.082
1705010400,112.082,112.506,111.788,112.304
1705269600,112.304,112.304,111.926,112.115
1705356000,112.115,112.115,111.418,111.606
1705442400,111.606,111.747,111.001,111.127
1705528800,111.127,111.364,110.866,110.929
1705615200,110.929,111.026,110.542,110.996
1705874400,110.996,111.336,110.88,111.15
1705960800,111.15,111.26,110.873,111.014
1706047200,111.014,111.36,110.676,110.722
1706133600,110.722,111.148,110.585,111.148
1706220000,111.148,111.306,110.763,110.95
1706479200,110.95,111.478,110.929,111.384
1706565600,111.384,111.636,111.122,111.561
1706652000,111.561,112.408,111.498,112.392
1706738400,112.392,112.988,112.082,112.584
1706824800,112.584,112.63,111.293,111.512
1707084000,111.512,111.512,110.511,110.622
1707170400,110.622,111.187,110.546,111.047
1707256800,111.047,111.33,110.847,110.91
1707343200,110.91,111.052,110.54,110.62
1707429600,110.62,110.84,110.326,110.483
1707688800,110.483,110.698,110.387,110.466
1707775200,110.466,110.976,109.378,109.456
1707861600,109.456,109.99,109.348,109.898
1707948000,109.898,110.384,109.866,110.042
1708034400,110.042,110.089,109.328,109.672
1708293600,109.672,109.698,109.466,109.466
1708380000,109.466,110.018,109.466,109.8
1708466400,109.8,109.99,109.444,109.508
1708552800,109.508,109.62,109.198,109.372
1708639200,109.372,109.844,109.17,109.782
1708898400,109.782,110.011,109.436,109.608
1708984800,109.608,109.767,109.378,109.507
1709071200,109.507,109.807,109.46,109.807
1709157600,109.807,110.044,109.407,109.874
1709244000,109.874,110.455,109.584,110.424
1709503200,110.424,110.436,110.081,110.207
1709589600,110.207,110.88,110.146,110.618
1709676000,110.618,111.134,110.511,110.918
1709762400,110.918,111.264,110.764,111.126
1709848800,111.126,111.58,110.694,111.256
1710104400,111.256,111.409,110.976,111.054
1710190800,111.054,111.213,110.545,110.656
1710277200,110.656,110.797,110.364,110.381
1710363600,110.381,110.428,109.67,109.717
1710450000,109.717,109.814,109.441,109.521
1710709200,109.521,109.658,109.272,109.428
1710795600,109.428,109.728,109.352,109.667
1710882000,109.667,110.169,109.563,109.921
1710968400,109.921,110.328,109.77,109.895
1711054800,109.895,110.383,109.895,110.383
1711314000,110.383,110.457,110.008,110.072
1711400400,110.072,110.26,109.905,110.171
1711486800,110.171,110.518,110.112,110.426
1711573200,110.426,110.43,110.087,110.26
1711918800,110.26,110.466,109.44,109.596
1712005200,109.596,109.676,109.04,109.369
1712091600,109.369,109.436,108.89,109.436
1712178000,109.436,109.769,109.222,109.69
1712264400,109.69,109.754,109.056,109.058
1712523600,109.058,109.058,108.684,108.888
1712610000,108.888,109.329,108.826,109.266
1712696400,109.266,109.442,107.807,107.917
1712782800,107.917,108.154,107.484,107.658
1712869200,107.658,108.425,107.658,108.146
1713128400,108.146,108.265,107.241,107.694
1713214800,107.694,107.773,107.076,107.248
1713301200,107.248,107.907,107.155,107.799
1713387600,107.799,107.988,107.32,107.446
1713474000,107.446,108.366,107.446,107.513
1713733200,107.513,107.653,107.245,107.607
1713819600,107.607,107.938,107.346,107.737
1713906000,107.737,107.768,107.336,107.509
1713992400,107.509,107.73,106.842,107.062
1714078800,107.062,107.564,107,107.301
1714338000,107.301,107.706,107.301,107.66
1714424400,107.66,107.739,107.134,107.197
1714510800,107.197,107.934,107.122,107.608
1714597200,107.608,108.111,107.534,108.018
1714683600,108.018,109.035,107.944,108.507
1714942800,108.507,108.802,108.488,108.648
1715029200,108.648,109.042,108.586,108.794
1715115600,108.794,108.857,108.55,108.581
1715202000,108.581,108.882,108.396,108.804
1715288400,108.804,108.884,108.466,108.514
1715547600,108.514,108.793,108.514,108.576
1715634000,108.576,108.908,108.284,108.908
1715720400,108.908,109.63,108.832,109.601
1715806800,109.601,109.788,109.262,109.31
1715893200,109.31,109.39,108.987,108.987
1716152400,108.987,109.108,108.784,108.848
1716238800,108.848,109.164,108.833,109.072
1716325200,109.072,109.088,108.748,108.92
1716411600,108.92,109.042,108.394,108.552
1716498000,108.552,108.648,108.352,108.634
1716757200,108.634,108.759,108.57,108.65
1716843600,108.65,108.78,108.095,108.095
1716930000,108.095,108.158,107.576,107.717
1717016400,107.717,108.202,107.64,108.157
1717102800,108.157,108.596,107.987,108.471
1717362000,108.471,109.229,108.471,109.214
1717448400,109.214,109.762,109.09,109.653
1717534800,109.653,110,109.453,109.984
1717621200,109.984,110.018,109.706,109.926
1717707600,109.926,110.239,108.886,108.886
1717966800,108.886,108.886,108.662,108.74
1718053200,108.74,109.227,108.74,109.149
1718139600,109.149,110.305,109.134,109.807
1718226000,109.807,110.496,109.746,110.309
1718312400,110.309,110.67,110.108,110.422
1718571600,110.422,110.422,109.949,110.012
1718658000,110.012,110.545,109.874,110.39
1718744400,110.39,110.484,110.282,110.33
1718830800,110.331,110.38,109.944,110.148
1718917200,110.148,110.461,110.041,110.166
1719176400,110.158,110.365,110.036,110.318
1719262800,110.334,110.476,110.118,110.181
1719349200,110.228,110.244,109.67,109.686
1719435600,109.702,110.062,109.562,109.955
1719522000,109.924,110.191,109.319,109.35
1719781200,109.326,109.452,108.8,108.956
1719867600,108.956,109.316,108.94,109.178
1719954000,109.194,109.851,109.101,109.664
1720040400,109.68,109.728,109.604,109.605
1720126800,109.606,110.357,109.296,110.28
1720386000,110.318,110.368,110.04,110.244
1720472400,110.244,110.293,109.966,110.17
1720558800,110.154,110.359,110.062,110.22
1720645200,110.22,111.08,110.144,110.77
1720731600,110.77,111.007,110.537,110.96
1720990800,110.624,110.97,110.53,110.721
1721077200,110.736,111.193,110.736,111.162
1721163600,111.162,111.227,110.883,111.15
1721250000,111.15,111.199,110.872,110.888
1721336400,110.92,110.998,110.563,110.58
1721595600,110.712,110.808,110.356,110.528
1721682000,110.528,110.781,110.514,110.564
1721768400,110.516,110.94,110.411,110.442
1721854800,110.458,111.053,110.442,110.696
1721941200,110.664,111.058,110.541,111.026
1722200400,111.049,111.317,111.018,111.132
1722286800,111.147,111.462,111.069,111.4
1722373200,111.384,112.136,111.29,112.121
1722459600,112.136,112.624,111.874,112.577
1722546000,112.577,114.061,112.484,113.954
1722805200,113.9,114.946,113.606,113.856
1722891600,113.871,113.934,113.064,113.204
1722978000,113.282,113.36,112.662,112.942
1723064400,112.927,113.272,112.353,112.556
1723150800,112.54,113.011,112.54,112.81
1723410000,112.723,113.164,112.632,113.117
1723496400,113.117,113.558,112.978,113.543
1723582800,113.527,113.896,113.295,113.53
1723669200,113.53,113.579,112.659,112.863
1723755600,112.879,113.24,112.772,113.054
1724014800,112.906,113.236,112.858,113.096
1724101200,113.082,113.522,112.988,113.522
1724187600,113.522,113.916,113.336,113.65
1724274000,113.634,113.73,113.076,113.232
1724360400,113.233,113.704,113.172,113.642
1724619600,113.649,113.854,113.482,113.482
1724706000,113.512,113.56,113.188,113.516
1724792400,113.501,113.628,113.394,113.442
1724878800,113.458,113.568,113.102,113.266
1724965200,113.266,113.318,112.822,112.992
1725224400,112.91,113.004,112.773,112.868
1725310800,112.838,113.628,112.824,113.496
1725397200,113.42,114.061,113.42,114.046
1725483600,114.031,114.314,113.895,114.176
1725570000,114.176,114.818,113.73,114.415
1725829200,114.318,114.54,114.04,114.463
1725915600,114.463,114.935,114.294,114.904
1726002000,114.874,115.171,114.504,114.786
1726088400,114.754,114.96,114.432,114.636
1726174800,114.651,115.012,114.651,114.828
1726434000,114.886,115.06,114.765,115.032
1726520400,115,115.144,114.724,114.788
1726606800,114.788,114.988,114.326,114.42
1726693200,114.436,114.548,113.989,114.364
1726779600,114.38,114.475,114.026,114.229
1727038800,114.179,114.324,113.871,114.184
1727125200,114.185,114.408,113.815,114.408
1727211600,114.408,114.426,113.992,114.024
1727298000,114.04,114.261,113.748,113.874
1727384400,113.89,114.3,113.783,114.222
1727643600,114.234,114.28,113.787,113.944
1727730000,113.944,114.555,113.898,114.307
1727816400,114.276,114.372,113.766,113.986
1727902800,113.97,114.002,113.462,113.508
1727989200,113.525,113.604,112.394,112.487
1728248400,112.327,112.469,112.004,112.083
1728334800,112.114,112.334,111.916,112.182
1728421200,112.168,112.246,111.721,111.737
1728507600,111.752,111.958,111.304,111.882
1728594000,111.867,111.918,111.558,111.686
1728853200,111.658,111.745,111.358,111.608
1728939600,111.64,112.127,111.608,112.082
1729026000,112.066,112.334,112.036,112.18
1729112400,112.164,112.18,111.655,111.734
1729198800,111.75,111.94,111.58,111.833
1729458000,111.812,111.877,111.102,111.118
1729544400,111.133,111.308,110.963,110.998
1729630800,111.014,111.03,110.643,110.692
1729717200,110.692,111.101,110.66,110.869
1729803600,110.916,111.122,110.625,110.687
1730062800,110.511,110.764,110.282,110.376
1730149200,110.392,110.616,110.022,110.6
1730235600,110.6,110.931,110.153,110.168
1730322000,110.17,110.361,109.876,110.159
1730408400,110.159,110.676,109.603,109.619
1730671200,110.2,110.413,109.976,110.243
1730757600,110.243,110.264,109.686,110.264
1730844000,110.217,110.42,108.971,109.272
1730930400,109.288,110.181,109.21,110.056
1731016800,110.026,110.372,109.886,110.031
1731276000,109.995,110.01,109.593,109.798
1731362400,109.782,109.923,109.116,109.226
1731448800,109.194,109.744,109.087,109.2
1731535200,109.216,109.594,108.923,109.174
1731621600,109.143,109.538,108.756,109.226
1731880800,109.284,109.508,108.976,109.445
1731967200,109.445,109.964,109.43,109.56
1732053600,109.584,109.639,109.298,109.456
1732140000,109.503,109.74,109.305,109.368
1732226400,109.416,109.668,109.37,109.514
1732485600,109.884,110.445,109.714,110.351
1732572000,110.352,110.429,110.026,110.152
1732658400,110.183,110.714,110.136,110.466
1732744800,110.466,110.624,110.42,110.592
1732831200,110.594,110.938,110.516,110.876
1733090400,110.852,110.978,110.447,110.838
1733176800,110.869,111.042,110.576,110.638
1733263200,110.623,110.984,110.282,110.921
1733349600,110.922,110.971,110.596,110.924
1733436000,110.908,111.347,110.654,111.192
1733695200,111.198,111.307,110.857,110.857
1733781600,110.904,110.998,110.548,110.688
1733868000,110.704,110.94,110.38,110.411
1733954400,110.442,110.521,110.008,110.07
1734040800,110.086,110.165,109.558,109.59
1734300000,109.642,109.846,109.52,109.582
1734386400,109.583,109.74,109.288,109.554
1734472800,109.585,109.712,108.606,108.652
1734559200,108.637,108.762,108.265,108.39
1734645600,108.406,109.016,108.406,108.736
1734904800,108.757,108.773,108.244,108.323
1734991200,108.338,108.385,108.075,108.294
1735164000,108.313,108.456,107.987,108.393
1735250400,108.424,108.489,108.146,108.162
1735509600,108.198,108.825,108.168,108.81
1735596000,108.81,108.967,108.5,108.531
1735768800,108.534,108.957,108.378,108.661
1735855200,108.677,108.835,108.383,108.414
1736114400,108.358,108.593,108.141,108.267
1736200800,108.282,108.423,107.863,107.973
1736287200,107.989,108.132,107.71,107.975
1736373600,107.992,108.243,107.976,108.01
1736460000,108.025,108.103,107.184,107.31
1736719200,107.284,107.302,107.02,107.178
1736805600,107.193,107.398,107.056,107.15
1736892000,107.18,108.243,107.15,108.119
1736978400,108.104,108.59,107.84,108.418
1737064800,108.402,108.684,108.265,108.265
1737324000,108.27,108.6,108.116,108.568
1737410400,108.632,108.96,108.492,108.572
1737496800,108.572,108.713,108.294,108.34
1737583200,108.34,108.45,108.046,108.172
1737669600,108.187,108.502,108.095,108.33
1737928800,108.398,109.242,108.382,108.947
1738015200,108.947,109.012,108.668,108.996
1738101600,108.981,109.138,108.562,108.968
1738188000,108.983,109.282,108.89,109.049
1738274400,109.033,109.16,108.661,108.896
1738533600,108.65,109.37,108.558,108.763
1738620000,108.716,109.108,108.53,109.062
1738706400,109.015,109.782,108.969,109.626
1738792800,109.642,109.658,109.332,109.473
1738879200,109.458,109.881,108.929,109.038
1739138400,109.068,109.327,108.983,109.094
1739224800,109.109,109.188,108.784,108.862
1739311200,108.862,109.036,108.037,108.24
1739397600,108.241,108.93,108.226,108.837
1739484000,108.821,109.384,108.728,109.198
1739743200,109.204,109.251,109.033,109.128
1739829600,109.159,109.159,108.662,108.725
1739916000,108.709,108.914,108.586,108.884
1740002400,108.9,109.166,108.884,109.058
1740088800,109.042,109.669,109.028,109.514
1740348000,109.504,109.834,109.365,109.756
1740434400,109.756,110.554,109.741,110.471
1740520800,110.456,110.846,110.19,110.752
1740607200,110.737,110.754,110.378,110.754
1740693600,110.738,111.222,110.66,111.113
1740952800,110.896,111.584,110.771,111.506
1741039200,111.521,111.958,110.882,110.928
1741125600,110.85,111.412,110.616,110.694
1741212000,110.71,110.867,110.32,110.758
1741298400,110.758,111.288,110.414,110.586
1741554000,110.853,111.353,110.634,111.275
1741640400,111.306,111.712,110.729,110.823
1741726800,110.807,111.088,110.433,110.621
1741813200,110.652,111.012,110.34,110.902
1741899600,110.902,110.902,110.512,110.544
1742158800,110.56,110.873,110.374,110.577
1742245200,110.546,110.842,110.374,110.686
1742331600,110.686,111.031,110.406,111.016
1742418000,111,111.484,110.968,111.062
1742504400,111.078,111.376,110.954,111.079
1742763600,111.018,111.033,110.44,110.472
1742850000,110.487,110.753,110.27,110.644
1742936400,110.629,110.66,110.348,110.394
1743022800,110.504,110.598,110.13,110.442
1743109200,110.426,111.192,110.418,111.161
1743368400,111.35,111.646,111.085,111.398
1743454800,111.35,111.898,111.319,111.632
1743541200,111.616,112.039,111.102,111.898
1743627600,112.414,113.008,112.18,112.804
1743714000,112.774,114.07,112.68,112.93
1743973200,114.034,114.259,111.448,111.792
1744059600,111.761,112.198,111.215,111.293
1744146000,111.246,111.574,109.982,110.7
1744232400,110.732,111.286,110.278,110.294
1744318800,110.255,110.608,109.217,109.717
1744578000,109.586,110.75,109.484,110.641
1744664400,110.672,111.141,110.438,110.891
1744750800,110.946,111.501,110.876,111.408
1744837200,111.423,111.47,111.017,111.11
1745182800,111.066,111.254,110.645,110.692
1745269200,110.707,110.895,110.488,110.646
1745355600,110.646,111.552,110.536,110.599
1745442000,110.646,111.209,110.63,111.116
1745528400,111.131,111.631,111.053,111.631
1745787600,111.632,111.946,111.274,111.883
1745874000,111.883,112.196,111.633,112.133
1745960400,112.118,112.462,111.806,112.322
1746046800,112.259,112.618,111.744,111.885
1746133200,111.885,112.01,111.042,111.213
1746392400,111.324,111.387,110.872,111.028
1746478800,111.059,111.357,110.841,111.326
1746565200,111.341,111.654,111.091,111.544
1746651600,111.544,111.561,110.67,110.796
1746738000,110.748,111.062,110.702,110.718
1746997200,110.5,110.578,110.033,110.064
1747083600,110.08,110.454,109.924,110.111
1747170000,110.111,110.268,109.596,109.628
1747256400,109.628,110.394,109.565,110.347
1747342800,110.347,110.644,109.98,109.988
1747602000,110.036,110.302,109.615,110.24
1747688400,110.256,110.428,109.88,110.132
1747774800,110.132,110.304,109.413,109.46
1747861200,109.46,109.976,109.397,109.945
1747947600,109.96,110.539,109.867,110.039
1748206800,110.056,110.088,109.76,110.082
1748293200,110.051,110.566,110.036,110.442
1748379600,110.426,110.504,110.099,110.208
1748466000,110.208,110.692,109.786,110.646
1748552400,110.662,110.896,110.536,110.802
1748811600,110.85,110.85,110.381,110.538
1748898000,110.538,110.788,110.318,110.444
1748984400,110.444,111.178,110.335,111.131
1749070800,111.085,111.429,110.71,110.757
1749157200,110.742,110.882,109.866,109.898
1749416400,109.899,110.196,109.883,110.149
1749502800,110.149,110.399,110.04,110.15
1749589200,110.166,110.681,109.884,110.572
1749675600,110.603,111.166,110.603,110.962
1749762000,110.962,111.368,110.416,110.728
1750021200,110.604,110.744,110.307,110.479
1750107600,110.479,110.963,110.463,110.808
1750194000,110.824,111.214,110.683,110.777
1750280400,110.746,110.948,110.636,110.87
1750366800,110.855,111.074,110.48,110.948
1750626000,110.981,111.606,110.762,111.231
1750712400,111.2,111.668,111.122,111.574
1750798800,111.574,111.716,111.341,111.638
1750885200,111.654,112.06,111.638,112.029
1750971600,112.013,112.029,111.685,111.779
1751230800,111.686,112.139,111.655,112.061
1751317200,112.061,112.358,111.687,111.874
1751403600,111.89,111.922,111.5,111.64
1751490000,111.702,111.843,110.952,111.218
1751576400,111.234,111.468,111.202,111.313
1751835600,111.266,111.376,110.892,110.986
1751922000,111.002,111.017,110.658,110.845
1752008400,110.845,111.314,110.72,111.298
1752094800,111.314,111.392,111.002,111.142
1752181200,111.142,111.22,110.69,110.8
1752440400,110.846,110.894,110.613,110.691
1752526800,110.706,110.926,110.254,110.316
1752613200,110.3,110.644,110.238,110.566
1752699600,110.597,110.754,110.286,110.582
1752786000,110.582,110.88,110.567,110.832
1753045200,110.818,111.271,110.74,111.115
1753131600,111.115,111.428,110.99,111.318
1753218000,111.302,111.302,110.943,111.021
1753304400,111.006,111.037,110.6,110.882
1753390800,110.882,111.006,110.694,110.928
1753650000,110.851,111.07,110.742,110.789
1753736400,110.789,111.382,110.742,111.367
1753822800,111.367,111.43,110.93,110.993
1753909200,110.977,111.29,110.915,110.962
1753995600,110.962,112.321,110.743,112.227
1754254800,112.291,112.416,111.978,112.4
1754341200,112.369,112.462,112.15,112.166
1754427600,112.197,112.245,111.823,112.136
1754514000,112.136,112.276,112.026,112.058
1754600400,112.073,112.104,111.776,111.808
1754859600,111.793,111.98,111.762,111.762
1754946000,111.777,112.168,111.605,111.793
1755032400,111.793,112.278,111.714,112.2
1755118800,112.2,112.419,111.762,111.825
1755205200,111.778,111.934,111.544,111.638
1755464400,111.623,111.826,111.42,111.545
1755550800,111.56,111.796,111.466,111.733
1755637200,111.733,111.999,111.624,111.858
1755723600,111.858,111.89,111.436,111.546
1755810000,111.592,112.233,111.483,112.14
1756069200,112.14,112.14,111.859,111.953
1756155600,111.968,112.223,111.798,112.16
1756242000,112.16,112.457,112.02,112.442
1756328400,112.442,112.598,112.286,112.582
1756414800,112.566,112.598,112.349,112.458
1756674000,112.442,112.442,112.271,112.333
1756760400,112.35,112.381,111.944,112.225
1756846800,112.209,112.631,111.975,112.49
1756933200,112.49,112.897,112.475,112.866
1757019600,112.85,113.631,112.85,113.381
1757278800,113.335,113.57,113.21,113.554
1757365200,113.538,113.602,113.18,113.211
1757451600,113.164,113.602,113.141,113.43
1757538000,113.43,113.868,113.258,113.524
1757624400,113.492,113.524,113.103,113.196
1757883600,113.103,113.462,113.072,113.385
1757970000,113.385,113.557,113.244,113.494
1758056400,113.494,113.76,113.01,113.026
1758142800,112.994,113.338,112.698,112.948
1758229200,112.948,112.948,112.668,112.792
1758488400,112.794,112.856,112.622,112.653
1758574800,112.684,112.918,112.637,112.903
1758661200,112.934,112.965,112.56,112.591
1758747600,112.591,112.654,112.17,112.326
1758834000,112.31,112.45,112.17,112.263
1759093200,112.28,112.546,112.28,112.514
1759179600,112.483,112.764,112.389,112.436
1759266000,112.436,112.952,112.359,112.859
1759352400,112.859,112.937,112.656,112.922
1759438800,112.922,112.952,112.609,112.609
1759698000,112.5,112.578,112.328,112.422
1759784400,112.407,112.719,112.266,112.642
1759870800,112.626,112.814,112.517,112.642
1759957200,112.642,112.736,112.424,112.502
1760043600,112.533,113.252,112.502,113.236
1760302800,112.971,113.19,112.924,113.174
1760389200,113.128,113.518,113.05,113.332
1760475600,113.269,113.519,113.191,113.3
1760562000,113.3,113.769,113.16,113.722
1760648400,113.738,114.05,113.394,113.426
1760907600,113.332,113.614,113.317,113.598
1760994000,113.582,113.834,113.52,113.693
1761080400,113.724,113.88,113.599,113.756
1761166800,113.787,113.802,113.349,113.396
1761253200,113.412,113.708,113.288,113.382
1761512400,113.194,113.492,113.116,113.476
1761598800,113.46,113.554,113.289,113.476
1761685200,113.46,113.492,112.742,112.758
1761771600,112.773,112.898,112.493,112.665
1761858000,112.665,112.836,112.54,112.821
1762120800,112.775,112.822,112.556,112.634
1762207200,112.634,112.869,112.603,112.806
1762293600,112.806,113.041,112.291,112.308
1762380000,112.323,112.917,112.308,112.854
1762466400,112.854,113.042,112.682,112.823
1762725600,112.636,112.793,112.464,112.636
1762812000,112.636,113.043,112.605,112.996
1762898400,112.964,113.075,112.825,112.966
1762984800,112.966,113.028,112.653,112.716
1763071200,112.7,113.138,112.497,112.512
1763330400,112.514,112.748,112.482,112.576
1763416800,112.576,113.045,112.529,112.826
1763503200,112.81,112.952,112.624,112.624
1763589600,112.64,113.046,112.366,113.03
1763676000,113.03,113.436,112.921,113.202
1763935200,113.172,113.438,113.172,113.422
1764021600,113.438,113.735,113.297,113.642
1764108000,113.594,113.657,113.344,113.642
1764194400,113.626,113.657,113.516,113.594
1764280800,113.579,113.626,113.36,113.4
1764540000,113.354,113.408,112.872,112.934
1764626400,112.918,113.012,112.762,112.966
1764712800,112.95,113.277,112.934,113.136
1764799200,113.121,113.121,112.746,112.854
1764885600,112.854,112.916,112.542,112.604
1765144800,112.524,112.649,112.149,112.352
1765231200,112.352,112.492,112.101,112.101
1765317600,112.117,112.508,111.975,112.412
1765404000,112.428,112.772,112.382,112.397
1765490400,112.412,112.491,112.177,112.286
1765749600,112.27,112.567,112.239,112.394
1765836000,112.41,112.762,112.254,112.582
1765922400,112.597,112.597,112.346,112.534
1766008800,112.534,113.018,112.534,112.784
1766095200,112.737,112.768,112.502,112.548
1766354400,112.516,112.547,112.359,112.421
1766440800,112.421,112.578,112.108,112.342
1766527200,112.358,112.576,112.326,112.561
1766700000,112.56,112.763,112.435,112.638
1766959200,112.558,112.824,112.542,112.792
1767045600,112.776,112.839,112.572,112.698
1767132000,112.698,112.838,112.307,112.354
1767304800,112.322,112.494,112.196,112.227
1767564000,112.242,112.554,112.21,112.475
1767650400,112.452,112.506,112.24,112.428
1767736800,112.412,112.725,112.412,112.536
1767823200,112.536,112.692,112.27,112.38
1767909600,112.411,112.427,112.02,112.285
1768168800,112.222,112.378,112.033,112.236
1768255200,112.236,112.486,112.096,112.236
1768341600,112.251,112.595,112.22,112.532
1768428000,112.564,112.564,112.172,112.203
1768514400,112.203,112.266,111.781,111.844
1768773600,111.951,111.967,111.638,111.654
1768860000,111.654,111.717,111.325,111.434
1768946400,111.466,111.73,111.434,111.73
1769032800,111.73,111.793,111.48,111.636
1769119200,111.668,111.776,111.542,111.776
1769378400,111.838,111.963,111.744,111.837
1769464800,111.837,111.93,111.696,111.728
1769551200,111.712,111.852,111.523,111.726
1769637600,111.758,111.914,111.554,111.82
1769724000,111.836,111.897,111.585,111.866
1769983200,111.834,112.084,111.552,111.614
1770069600,111.598,111.692,111.458,111.66
1770156000,111.676,111.754,111.519,111.644
1770242400,111.644,112.346,111.598,112.331
1770328800,112.362,112.534,112.018,112.112
1770588000,112,112.235,111.844,112.188
1770674400,112.188,112.626,112.188,112.515
1770760800,112.531,112.64,112.031,112.296
1770847200,112.312,112.874,112.265,112.858
1770933600,112.874,113.264,112.686,113.218
1771192800,113.137,113.387,113.106,113.262
1771279200,113.278,113.466,113.09,113.105
1771365600,113.105,113.183,112.901,112.932
1771452000,112.948,113.057,112.792,113.026
1771538400,113.01,113.134,112.759,112.947
1771797600,112.946,113.462,112.883,113.351
1771884000,113.382,113.398,113.21,113.32
1771970400,113.32,113.351,113.131,113.176
1772056800,113.191,113.534,113.174,113.534
1772143200,113.565,114.002,113.55,114.002
1772402400,114.157,114.157,113.046,113.264
1772488800,113.264,113.326,112.622,113.091
1772575200,113.076,113.2,112.778,112.778
1772661600,112.794,112.84,112.386,112.48
1772748000,112.511,112.76,112.151,112.463
1773003600,112.196,112.773,111.929,112.757
1773090000,112.757,112.851,112.366,112.381
1773176400,112.397,112.538,111.912,111.912
1773262800,111.912,112.066,111.473,111.598
1773349200,111.566,111.847,111.44,111.566
1773608400,111.556,112,111.486,112
1773694800,111.969,112.203,111.782,112.077
1773781200,112.062,112.312,111.498,111.545
1773867600,111.576,111.669,110.982,111.544
1773954000,111.575,111.622,110.528,110.621
1774213200,110.306,111.213,110.071,110.884
1774299600,110.9,110.978,110.258,110.726
1774386000,110.711,111.133,110.711,110.928
1774472400,110.928,110.928,110.178,110.256
1774558800,110.287,110.381,109.817,110.27
1774818000,110.222,111.034,110.222,110.831
1774904400,110.862,111.346,110.783,111.08
1774990800,111.111,111.518,110.938,111.032
1775077200,111.048,111.266,110.578,111.094
1775163600,111.078,111.273,110.64,110.842
1775422800,110.825,111.027,110.653,110.886
1775509200,110.871,111.23,110.604,111.23
1775595600,111.308,111.714,111.198,111.26
1775682000,111.276,111.54,111.088,111.416
1775768400,111.416,111.524,111.086,111.118
1776027600,110.85,111.349,110.788,111.318
1776114000,111.318,111.66,111.24,111.63
1776200400,111.645,111.708,111.332,111.41
1776286800,111.425,111.582,111.222,111.252
1776373200,111.237,111.908,111.19,111.721
1776632400,111.454,111.75,111.438,111.671
1776718800,111.671,111.765,111.17,111.342
1776805200,111.342,111.576,111.216,111.248
1776891600,111.263,111.356,110.887,111.059
1776978000,111.09,111.324,110.917,111.292
1777237200,111.181,111.274,110.992,111.055
1777323600,111.07,111.118,110.758,110.944
1777410000,110.929,110.992,110.287,110.318
1777496400,110.303,110.77,110.287,110.74
1777582800,110.724,110.958,110.505,110.707
1777842000,110.816,110.862,110.064,110.268
1777928400,110.268,110.501,110.22,110.314
1778014800,110.329,111,110.314,110.86
1778101200,110.86,111.14,110.499,110.593
1778187600,110.53,110.904,110.529,110.826
1778446800,110.684,110.684,110.401,110.417
1778533200,110.432,110.432,110.041,110.056
1778619600,110.056,110.15,109.838,110.102
1778706000,110.118,110.337,109.93,109.945
1778792400,109.93,109.945,109.147,109.21
1779051600,109.145,109.458,108.974,109.317
1779138000,109.364,109.38,108.598,108.754
1779224400,108.769,109.518,108.643,109.3
1779310800,109.331,109.502,108.908,109.346
1779397200,109.361,109.641,109.172,109.438
1779656400,109.67,110.014,109.67,110.014
1779742800,109.982,109.982,109.654,109.888
1779829200,109.904,110.168,109.852,109.898
1779915600,109.914,110.256,109.552,110.084
1780002000,110.115,110.286,110.004,110.16
1780261200,110.013,110.075,109.574,109.996
1780347600,110.027,110.229,109.916,110.009
1780434000,109.994,109.994,109.631,109.678
1780520400,109.662,110.036,109.662,109.864
1780606800,109.847,110.019,109.234,109.406
1780866000,109.261,109.526,109.04,109.211
1780952400,109.226,109.522,109.117,109.507
1781038800,109.476,109.598,109.238,109.285
1781125200,109.254,110.066,109.096,109.94
1781211600,109.956,110.142,109.625,109.766
1781470800,110.074,110.23,109.852,109.868
1781557200,109.868,110.226,109.836,110.084
1781643600,110.084,110.178,109.472,109.582
1781730000,109.566,110.08,109.535,109.798
1781816400,109.798,109.876,109.53,109.546
1782075600,109.478,109.65,109.414,109.444
1782162000,109.444,109.756,109.428,109.536
1782248400,109.551,110.238,109.519,110.222
1782334800,110.222,110.486,110.064,110.267
1782421200,110.267,110.532,110.218,110.468
1782680400,110.4,110.493,110.32,110.398
1782766800,110.398,110.507,109.816,109.816
1782853200,109.816,109.94,109.596,109.736
1782939600,109.735,109.968,109.578,109.858
1783026000,109.842,109.936,109.716,109.731
1783285200,109.758,109.975,109.708,109.865
1783371600,109.88,109.896,109.314,109.314
1783458000,109.282,109.408,108.984,109.078
1783544400,109.062,109.498,109.028,109.326
1783630800,109.326,109.543,109.198,109.244
1783890000,109.052,109.207,108.783,108.799
1783976400,108.846,109.58,108.688,109.078
1784062800,109.062,109.499,108.905,109.404
1784149200,109.436,109.436,109.106,109.371
1784235600,109.371,109.682,109.323,109.369
1784494800,109.239,109.409,108.924,109.064
1784581200,109.048,109.157,108.734,108.796
1784667600,108.78,108.842,108.528,108.59
1784754000,108.527,108.605,108.166,108.306
1784840400,108.29,108.616,108.18,108.46
1785099600,108.768,108.815,108.532,108.641
1785186000,108.656,109.061,108.656,108.889
1785272400,108.858,108.95,108.417,108.511
1785358800,108.526,108.76,108.322,108.602
1785445200,108.634,108.789,108.115,108.209
1785704400,108.594,108.656,108.398,108.592
1785790800,108.577,109.044,108.388,109.012
1785877200,108.997,109.138,108.823,109.01