time,open,high,low,close
1255467600,121.301,121.301,120.173,120.363
1255554000,120.363,120.363,119.527,119.726
1255640400,119.726,119.726,118.994,119.372
1255899600,119.372,119.509,119.12,119.499
1255986000,119.499,120.152,119.381,119.991
1256072400,119.991,119.991,118.359,118.418
1256158800,118.418,118.783,118.009,118.467
1256245200,118.467,119.245,117.816,118.687
1256504400,118.687,118.687,118.231,118.542
1256590800,118.542,119.447,118.495,119.446
1256677200,119.446,119.66,119.044,119.444
1256763600,119.444,119.508,118.628,118.719
1256850000,118.719,119.442,118.719,119.351
1257112800,119.351,119.351,118.704,119.004
1257199200,119.004,119.147,118.199,118.339
1257285600,118.339,118.339,117.585,117.674
1257372000,117.674,118.049,116.71,117.19
1257458400,117.19,117.392,116.797,116.827
1257717600,116.827,117.447,116.737,117.345
1257804000,117.345,117.837,117.067,117.646
1257890400,117.646,118.198,117.186,118.036
1257976800,118.036,118.43,117.644,117.793
1258063200,117.793,118.367,117.652,117.732
1258322400,117.732,118.4,117.682,118.33
1258408800,118.33,118.952,118.212,118.891
1258495200,118.891,119.034,118.59,118.789
1258581600,118.789,119.11,118.409,119.028
1258668000,119.028,119.411,118.908,119.328
1258927200,119.328,119.328,118.763,118.892
1259013600,118.892,119.215,118.892,119.051
1259100000,119.051,119.544,118.994,119.26
1259186400,119.26,120.332,119.26,120.292
1259272800,120.292,120.292,119.05,119.14
1259532000,119.14,119.672,119.14,119.447
1259618400,119.447,119.493,119.077,119.197
1259704800,119.197,119.212,118.695,118.845
1259791200,118.845,118.845,118.122,118.423
1259877600,118.423,118.62,117.549,117.719
1260136800,117.719,118.078,117.617,117.825
1260223200,117.825,118.423,117.679,117.776
1260309600,117.776,118.344,117.296,118.131
1260396000,118.131,118.131,116.551,116.802
1260482400,116.802,116.947,116.281,116.421
1260741600,116.421,116.759,116.138,116.608
1260828000,116.608,116.608,116.015,116.045
1260914400,116.045,116.383,115.889,116.218
1261000800,116.218,116.684,116.042,116.603
1261087200,116.603,117.381,116.376,116.937
1261346400,116.937,117.116,116.238,116.429
1261432800,116.429,116.522,115.907,115.947
1261519200,115.947,116.113,115.133,115.184
1261605600,115.184,115.328,115.028,115.318
1262037600,115.318,115.318,114.272,114.44
1262124000,114.44,114.804,114.143,114.794
1262210400,114.794,115.241,114.467,115.17
1262556000,115.17,115.82,114.555,115.437
1262642400,115.437,115.583,115.027,115.147
1262728800,115.147,115.322,114.596,114.666
1262815200,114.666,114.963,114.39,114.759
1262901600,114.759,115.034,114.369,114.74
1263160800,114.74,115.49,114.387,115.41
1263247200,115.41,115.967,115.41,115.824
1263333600,115.824,115.824,115.355,115.534
1263420000,115.534,115.738,115.237,115.375
1263506400,115.375,115.87,115.369,115.749
1263765600,115.749,116.017,115.727,115.834
1263852000,115.834,115.834,114.754,115.082
1263938400,115.082,115.407,115.036,115.215
1264024800,115.215,116.212,114.969,116.161
1264111200,116.161,116.498,115.913,116.093
1264370400,116.093,116.209,115.799,116.188
1264456800,116.188,116.816,116.022,116.411
1264543200,116.411,116.635,116.154,116.292
1264629600,116.292,116.292,115.283,116.053
1264716000,116.053,116.386,115.636,116.306
1264975200,116.306,116.445,116.071,116.251
1265061600,116.251,116.355,115.974,116.122
1265148000,116.122,116.275,115.775,116.164
1265234400,116.164,116.59,115.746,116.437
1265320800,116.437,116.813,116.309,116.489
1265580000,116.489,116.489,115.774,115.821
1265666400,115.821,115.897,115.504,115.703
1265752800,115.703,116.328,115.236,115.935
1265839200,115.935,115.935,114.954,115.074
1265925600,115.074,115.42,114.525,115.046
1266184800,115.046,115.046,114.653,114.841
1266271200,114.841,115.264,114.605,115.234
1266357600,115.234,115.349,114.807,115.115
1266444000,115.115,115.115,114.426,114.505
1266530400,114.505,114.511,113.775,113.876
1266789600,113.876,114.373,113.664,114.342
1266876000,114.342,115.097,114.157,114.775
1266962400,114.775,115.75,114.731,115.579
1267048800,115.579,115.64,115.077,115.498
1267135200,115.498,115.674,115.158,115.569
1267394400,115.569,115.569,114.845,115.317
1267480800,115.317,115.783,115.079,115.691
1267567200,115.691,115.906,115.463,115.601
1267653600,115.601,116.076,115.403,115.985
1267740000,115.985,116.12,115.289,115.379
1267999200,115.379,115.379,114.917,115.027
1268085600,115.027,115.654,114.98,115.4
1268172000,115.4,115.575,115.24,115.35
1268258400,115.35,115.384,114.483,114.684
1268344800,114.684,115.129,114.426,115.028
1268600400,115.028,115.425,114.932,115.251
1268686800,115.251,115.727,114.982,115.574
1268773200,115.574,115.959,115.517,115.695
1268859600,115.695,116.394,115.695,115.917
1268946000,115.917,116.415,115.871,116.22
1269205200,116.22,116.565,116.154,116.433
1269291600,116.433,116.636,116.215,116.433
1269378000,116.433,116.577,115.455,115.636
1269464400,115.636,115.659,114.972,115.092
1269550800,115.092,115.298,114.852,115.103
1269810000,115.103,115.659,114.806,115.396
1269896400,115.396,115.803,114.934,115.255
1269982800,115.255,115.872,115.209,115.669
1270069200,115.669,116.054,115.25,115.84
1270501200,115.84,115.84,115.019,115.187
1270587600,115.187,115.443,114.603,114.664
1270674000,114.664,115.249,114.664,114.986
1270760400,114.986,115.089,114.504,114.674
1271019600,114.674,114.674,114.246,114.454
1271106000,114.454,114.939,114.307,114.786
1271192400,114.786,114.879,114.468,114.797
1271278800,114.797,114.941,114.325,114.686
1271365200,114.686,115.23,114.686,115.079
1271624400,115.079,115.173,114.591,114.959
1271710800,114.959,114.959,114.59,114.778
1271797200,114.778,114.942,114.581,114.829
1271883600,114.829,115.434,114.752,115.121
1271970000,115.121,115.296,114.499,114.659
1272229200,114.659,115.254,114.513,115.062
1272315600,115.062,116.027,114.864,115.977
1272402000,115.977,116.181,115.285,115.726
1272488400,115.726,115.931,115.446,115.786
1272574800,115.786,116.651,115.786,116.62
1272920400,116.62,117.376,116.62,117.254
1273006800,117.254,117.979,117.147,117.626
1273093200,117.626,117.958,117.187,117.797
1273179600,117.797,119.039,116.062,117.515
1273438800,117.515,117.515,115.979,116.311
1273525200,116.311,117.295,115.773,116.913
1273611600,116.913,117.83,116.913,117.586
1273698000,117.586,117.97,117.346,117.435
1273784400,117.435,118.54,117.435,118.459
1274043600,118.459,118.51,117.951,118.429
1274130000,118.429,118.509,117.951,118.489
1274216400,118.489,119.443,118.489,119.282
1274302800,119.282,120.497,118.834,120.335
1274389200,120.335,120.959,120.028,120.195
1274648400,120.195,120.598,120.127,120.355
1274734800,120.355,121.31,120.355,120.976
1274821200,120.976,121.008,120.054,120.264
1274907600,120.264,120.264,119.551,119.641
1274994000,119.641,120.317,119.641,120.013
1275339600,120.013,120.584,119.769,119.95
1275426000,119.95,120.73,119.892,120.221
1275512400,120.221,120.221,119.664,120.127
1275598800,120.127,120.915,119.682,120.782
1275858000,120.782,121.122,120.604,120.803
1275944400,120.803,121.362,120.745,121.033
1276030800,121.033,121.033,120.454,120.615
1276117200,120.615,120.87,120.036,120.147
1276203600,120.147,121.207,120.028,121.176
1276462800,121.176,121.176,120.136,120.398
1276549200,120.398,120.775,119.862,120.263
1276635600,120.263,120.94,120.134,120.442
1276722000,120.442,121.188,120.363,121.066
1276808400,121.066,121.066,120.164,120.527
1277067600,120.527,121.074,120.21,121.054
1277154000,121.054,121.761,120.692,121.324
1277240400,121.324,121.832,121.04,121.594
1277326800,121.594,122.077,121.394,121.884
1277413200,121.884,122.154,121.732,122.123
1277672400,122.123,122.186,121.714,122.113
1277758800,122.113,122.66,121.748,121.898
1277845200,121.898,122.452,121.88,122.228
1277931600,122.228,122.69,121.955,122.578
1278018000,122.578,122.581,121.961,122.313
1278277200,122.313,122.611,122.197,122.485
1278363600,122.485,122.485,122.021,122.29
1278450000,122.29,122.534,122.025,122.135
1278536400,122.135,122.438,121.619,121.9
1278622800,121.9,122.524,121.658,122.199
1278882000,122.199,122.486,121.973,122.3
1278968400,122.3,122.444,121.777,121.894
1279054800,121.894,121.983,121.643,121.75
1279141200,121.75,122.114,121.095,121.898
1279227600,121.898,122.56,121.718,122.398
1279486800,122.398,122.676,121.947,122.086
1279573200,122.086,122.449,121.867,122.113
1279659600,122.113,122.356,121.904,122.191
1279746000,122.191,122.566,121.939,122.006
1279832400,122.006,122.331,120.986,121.318
1280091600,121.318,121.492,121.007,121.147
1280178000,121.147,121.147,120.341,120.379
1280264400,120.379,121.023,120.379,120.678
1280350800,120.678,121.702,120.678,121.631
1280437200,121.631,122.425,121.513,122.343
1280696400,122.343,122.343,121.855,122.132
1280782800,122.132,122.905,122.124,122.762
1280869200,122.762,122.874,122.493,122.648
1280955600,122.648,123.23,122.499,123.188
1281042000,123.188,123.419,122.888,123.356
1281301200,123.356,123.356,123.046,123.115
1281387600,123.115,123.236,122.872,123.121
1281474000,123.121,124.346,123.121,124.083
1281560400,124.083,124.433,123.874,124.27
1281646800,124.27,124.359,124.061,124.136
1281906000,124.136,125.151,124.136,125.1
1281992400,125.1,125.1,124.599,124.755
1282078800,124.755,125.255,124.727,125.133
1282165200,125.133,125.491,124.752,125.411
1282251600,125.411,125.762,125.212,125.648
1282510800,125.648,125.769,125.388,125.617
1282597200,125.617,126.91,125.617,126.467
1282683600,126.467,127.399,126.348,126.915
1282770000,126.915,126.935,126.31,126.49
1282856400,126.49,126.583,125.611,125.833
1283202000,125.833,126.802,125.833,126.497
1283288400,126.497,126.582,125.356,125.618
1283374800,125.618,125.752,124.974,125.223
1283461200,125.223,125.578,124.618,124.798
1283720400,124.798,125.315,124.798,124.968
1283806800,124.968,125.938,124.968,125.613
1283893200,125.613,125.97,124.826,124.896
1283979600,124.896,125.354,124.281,124.431
1284066000,124.431,124.474,123.573,123.764
1284325200,123.764,123.914,123.059,123.823
1284411600,123.823,124.57,123.823,124.367
1284498000,124.367,124.367,123.743,124.003
1284584400,124.003,124.003,123.237,123.488
1284670800,123.488,123.923,123.037,123.639
1284930000,123.639,123.661,123.103,123.405
1285016400,123.405,123.701,123.196,123.637
1285102800,123.637,125.293,123.637,124.937
1285189200,124.937,125.523,124.618,125.178
1285275600,125.178,125.222,124.281,124.431
1285534800,124.431,125.176,124.431,125.135
1285621200,125.135,125.71,124.854,125.507
1285707600,125.507,125.76,125.289,125.607
1285794000,125.607,125.883,124.953,125.284
1285880400,125.284,125.389,124.438,125.273
1286139600,125.273,125.738,125.273,125.463
1286226000,125.463,125.92,124.989,125.13
1286312400,125.13,125.936,125.13,125.854
1286398800,125.854,125.854,125.362,125.551
1286485200,125.551,126.266,125.532,126.074
1286744400,126.074,126.116,125.884,126.042
1286830800,126.042,126.669,126.042,126.141
1286917200,126.141,126.244,125.772,126.02
1287003600,126.02,126.333,125.831,125.959
1287090000,125.959,126.03,125.234,125.374
1287349200,125.374,125.568,124.961,125.191
1287435600,125.191,125.356,124.588,124.949
1287522000,124.949,125.264,124.697,125.099
1287608400,125.099,125.806,124.982,125.37
1287694800,125.37,125.585,125.188,125.218
1287954000,125.218,125.701,125.15,125.518
1288040400,125.518,125.518,124.049,124.129
1288126800,124.129,124.129,122.883,123.224
1288213200,123.224,123.65,123.005,123.344
1288299600,123.344,124.188,123.344,124.107
1288558800,124.107,124.801,123.838,124.296
1288645200,124.296,124.669,124.219,124.315
1288731600,124.315,124.827,124.315,124.827
1288818000,124.827,125.38,124.116,125.198
1288904400,125.198,125.372,124.467,124.987
1289167200,124.987,125.21,124.533,124.552
1289253600,124.552,125.028,124.281,124.391
1289340000,124.391,124.391,122.887,123.075
1289426400,123.075,123.601,123.024,123.125
1289512800,123.125,123.731,122.502,122.732
1289772000,122.732,122.732,121.93,122.209
1289858400,122.209,122.582,121.781,121.978
1289944800,121.978,122.391,121.841,122.078
1290031200,122.078,122.078,120.692,120.813
1290117600,120.813,121.194,120.735,121.194
1290376800,121.194,121.605,120.885,121.493
1290463200,121.493,122.276,121.493,122.155
1290549600,122.155,122.68,121.293,121.472
1290636000,121.472,121.777,120.974,121.261
1290722400,121.261,121.926,121.202,121.361
1290981600,121.361,121.746,120.948,121.399
1291068000,121.399,122.562,121.399,122.501
1291154400,122.501,122.501,121.06,121.1
1291240800,121.1,121.181,120.584,120.854
1291327200,120.854,121.147,120.317,120.729
1291586400,120.729,121.119,120.712,120.781
1291672800,120.781,120.781,120.134,120.221
1291759200,120.221,120.221,119.359,119.418
1291845600,119.418,120.124,119.418,120.073
1291932000,120.073,120.207,119.62,119.686
1292191200,119.686,119.718,119.193,119.627
1292277600,119.627,119.649,118.785,118.956
1292364000,118.956,118.986,118.513,118.711
1292450400,118.711,118.86,118.439,118.829
1292536800,118.829,119.81,118.829,119.453
1292796000,119.453,119.982,119.357,119.758
1292882400,119.758,119.901,119.528,119.614
1292968800,119.614,119.937,119.551,119.661
1293055200,119.661,119.975,119.482,119.719
1293141600,119.719,120.002,119.378,119.598
1293573600,119.598,119.598,118.667,119.126
1293660000,119.126,120.005,119.126,119.951
1293746400,119.951,120.678,119.883,120.587
1294092000,120.587,120.587,119.678,119.977
1294178400,119.977,120.443,119.086,119.177
1294264800,119.177,119.557,118.836,119.466
1294351200,119.466,119.728,119.043,119.574
1294610400,119.574,119.739,119.055,119.555
1294696800,119.555,119.869,119.09,119.2
1294783200,119.2,119.2,118.26,118.36
1294869600,118.36,118.841,118.258,118.791
1294956000,118.791,118.85,118.248,118.506
1295215200,118.506,118.623,118.25,118.507
1295301600,118.507,118.507,117.823,118.172
1295388000,118.172,118.451,117.941,118.36
1295474400,118.36,118.36,117.614,117.824
1295560800,117.824,117.894,117.551,117.781
1295820000,117.781,118.187,117.546,117.974
1295906400,117.974,119.003,117.876,118.374
1295992800,118.374,118.507,117.667,117.727
1296079200,117.727,117.92,117.465,117.815
1296165600,117.815,118.165,117.593,118.033
1296424800,118.033,118.181,117.758,117.945
1296511200,117.945,117.945,117.299,117.57
1296597600,117.57,117.692,116.984,117.104
1296684000,117.104,117.167,116.731,116.981
1296770400,116.981,117.102,116.274,116.284
1297029600,116.284,116.552,116.02,116.497
1297116000,116.497,116.822,116.328,116.404
1297202400,116.404,116.405,115.94,116.03
1297288800,116.03,116.494,115.869,115.947
1297375200,115.947,116.559,115.947,116.035
1297634400,116.035,116.48,115.831,116.298
1297720800,116.298,116.491,115.846,116.205
1297807200,116.205,116.96,116.205,116.484
1297893600,116.484,117.055,116.484,117.004
1297980000,117.004,117.056,116.45,116.69
1298239200,116.69,117.224,116.69,117.194
1298325600,117.194,117.758,117.194,117.673
1298412000,117.673,117.831,117.273,117.811
1298498400,117.811,118.292,117.811,118.179
1298584800,118.179,118.179,117.405,117.927
1298844000,117.927,118.151,117.838,118.025
1298930400,118.025,118.025,117.54,117.842
1299016800,117.842,118.18,117.589,117.72
1299103200,117.72,117.72,116.972,117.082
1299189600,117.082,118.073,117.066,117.789
1299448800,117.789,117.857,117.303,117.857
1299535200,117.857,117.918,117.249,117.249
1299621600,117.249,117.624,117.249,117.592
1299708000,117.592,118.299,117.592,118.106
1299794400,118.106,118.806,118.106,118.479
1300050000,118.479,119.143,118.277,119.072
1300136400,119.072,120.216,119.072,119.515
1300222800,119.515,120.161,119.266,120.018
1300309200,120.018,120.018,119.18,119.502
1300395600,119.502,119.855,119.395,119.794
1300654800,119.794,119.794,119.239,119.639
1300741200,119.639,119.639,118.551,118.972
1300827600,118.972,119.628,118.972,119.515
1300914000,119.515,119.589,119.011,119.02
1301000400,119.02,119.193,118.726,118.766
1301259600,118.766,119.046,118.495,118.995
1301346000,118.995,119.066,118.612,118.651
1301432400,118.651,118.655,118.088,118.408
1301518800,118.408,118.673,117.975,118.095
1301605200,118.095,118.095,117.37,117.932
1301864400,117.932,117.944,117.509,117.818
1301950800,117.818,117.892,117.445,117.525
1302037200,117.525,117.81,117.286,117.514
1302123600,117.514,117.675,117.122,117.493
1302210000,117.493,117.493,116.938,117.028
1302469200,117.028,117.065,116.737,117.065
1302555600,117.065,117.991,117.065,117.89
1302642000,117.89,118,117.459,117.909
1302728400,117.909,118.274,117.832,117.939
1302814800,117.939,118.784,117.882,118.693
1303074000,118.693,119.245,118.693,119.092
1303160400,119.092,119.206,118.872,119.141
1303246800,119.141,119.141,118.782,118.969
1303333200,118.969,119.482,118.751,119.39
1303765200,119.39,119.887,119.39,119.857
1303851600,119.857,119.971,118.981,119.182
1303938000,119.182,119.935,119.182,119.905
1304370000,119.905,120.503,119.905,120.472
1304456400,120.472,120.883,120.031,120.852
1304542800,120.852,121.004,120.443,120.73
1304629200,120.73,121.171,120.573,121.081
1304888400,121.081,121.41,120.87,121.187
1304974800,121.187,121.187,120.908,120.995
1305061200,120.995,120.995,120.254,120.592
1305147600,120.592,121.236,120.592,120.932
1305234000,120.932,121.262,120.694,121.131
1305493200,121.131,121.313,120.878,121.017
1305579600,121.017,121.258,120.437,121.176
1305666000,121.176,121.409,120.958,120.994
1305752400,120.994,121.027,120.563,120.922
1305838800,120.922,121.364,120.854,121.202
1306098000,121.202,121.885,121.202,121.659
1306184400,121.659,121.659,121.29,121.387
1306270800,121.387,121.792,121.387,121.446
1306357200,121.446,121.797,120.366,121.585
1306443600,121.585,121.585,121.018,121.418
1306789200,121.418,121.457,121.096,121.417
1306875600,121.417,121.861,121.178,121.81
1306962000,121.81,122.094,121.763,121.901
1307048400,121.901,122.246,121.477,121.487
1307307600,121.487,121.883,121.487,121.678
1307394000,121.678,121.813,121.103,121.223
1307480400,121.223,121.687,120.813,121.637
1307566800,121.637,122.113,121.448,121.869
1307653200,121.869,122.444,121.869,122.363
1307912400,122.363,122.487,121.989,122.16
1307998800,122.16,122.16,121.626,121.736
1308085200,121.736,122.421,121.436,122.401
1308171600,122.401,122.998,122.344,122.815
1308258000,122.815,122.939,122.322,122.764
1308517200,122.764,123.039,122.42,122.51
1308603600,122.51,122.551,122.272,122.48
1308690000,122.48,123.218,122.433,122.741
1308776400,122.741,123.438,122.684,123.396
1308862800,123.396,123.568,122.895,123.547
1309122000,123.547,123.651,123.173,123.314
1309208400,123.314,123.348,122.225,122.265
1309294800,122.265,122.265,121.31,121.63
1309381200,121.63,121.985,120.925,121.156
1309467600,121.156,121.299,120.736,121.015
1309726800,121.015,121.381,121.015,121.215
1309813200,121.215,121.618,121.215,121.598
1309899600,121.598,122.384,121.598,122.252
1309986000,122.252,122.325,121.628,121.718
1310072400,121.718,122.907,121.631,122.765
1310331600,122.765,124.095,122.738,123.73
1310418000,123.73,125.385,123.6,123.699
1310504400,123.699,124.073,123.249,123.608
1310590800,123.608,123.973,123.329,123.648
1310677200,123.648,124.072,123.648,123.889
1310936400,123.889,124.586,123.889,124.381
1311022800,124.381,124.381,123.77,124.209
1311109200,124.209,124.222,123.507,123.907
1311195600,123.907,124.141,122.771,122.9
1311282000,122.9,123.523,122.341,123.423
1311541200,123.423,124.367,123.423,123.944
1311627600,123.944,123.967,123.423,123.722
1311714000,123.722,124.809,123.722,124.627
1311800400,124.627,125.122,124.409,124.757
1311886800,124.757,125.883,124.757,125.751
1312146000,125.751,126.454,125.321,126.312
1312232400,126.312,126.894,126.272,126.874
1312318800,126.874,127.33,126.785,126.893
1312405200,126.893,127.616,126.354,127.324
1312491600,127.324,128.413,126.642,127.064
1312750800,127.064,128.015,126.482,127.803
1312837200,127.803,128.107,127.043,127.421
1312923600,127.421,129.599,127.421,129.308
1313010000,129.308,129.65,128.644,128.774
1313096400,128.774,129.471,128.653,128.683
1313355600,128.683,128.873,128.282,128.67
1313442000,128.67,129.035,128.097,128.619
1313528400,128.619,129.802,128.619,129.742
1313614800,129.742,131.508,129.742,130.724
1313701200,130.724,131.129,129.651,129.971
1313960400,129.971,130.253,129.418,129.687
1314046800,129.687,130.128,129.238,129.816
1314133200,129.816,129.92,128.843,128.972
1314219600,128.972,129.543,128.314,129.493
1314306000,129.493,129.784,128.861,129.091
1314651600,129.091,129.333,128.364,129.302
1314738000,129.302,129.374,127.97,128.102
1314824400,128.102,128.912,127.992,128.797
1314910800,128.797,129.928,128.797,129.856
1315170000,129.856,131.332,129.856,131.291
1315256400,131.291,131.291,130.36,131.196
1315342800,131.196,131.196,130.336,130.776
1315429200,130.776,131.464,130.034,130.59
1315515600,130.59,131.8,130.59,131.618
1315774800,131.618,132.839,131.618,132.727
1315861200,132.727,133.062,131.894,132.014
1315947600,132.014,132.48,131.383,131.423
1316034000,131.423,131.809,130.005,130.771
1316120400,130.771,131.253,130.526,131.192
1316379600,131.192,132.171,131.192,131.936
1316466000,131.936,132.423,131.52,131.861
1316552400,131.861,132.074,131.184,131.634
1316638800,131.634,132.977,131.634,132.6
1316725200,132.6,132.912,131.96,132.12
1316984400,132.12,132.345,131.36,131.51
1317070800,131.51,131.51,129.882,130.223
1317157200,130.223,130.921,129.956,129.966
1317243600,129.966,130.904,129.966,130.254
1317330000,130.254,131.414,130.254,131.24
1317589200,131.24,132.095,131.24,131.923
1317675600,131.923,133.111,131.923,132.474
1317762000,132.474,132.474,131.229,131.389
1317848400,131.389,132.71,130.355,130.486
1317934800,130.486,130.538,128.476,129.604
1318194000,129.604,129.627,128.038,128.188
1318280400,128.188,128.609,127.837,128.457
1318366800,128.457,129.053,127.706,127.746
1318453200,127.746,129.105,127.746,128.993
1318539600,128.993,128.993,127.61,127.98
1318798800,127.98,128.915,127.408,128.875
1318885200,128.875,129.89,128.863,129.485
1318971600,129.485,129.568,128.528,129.068
1319058000,129.068,129.714,128.733,129.225
1319144400,129.225,129.277,128.235,128.596
1319403600,128.596,128.931,128.242,128.331
1319490000,128.331,129.023,127.668,128.73
1319576400,128.73,129.694,128.599,129.108
1319662800,129.108,129.108,127.332,127.423
1319749200,127.423,127.803,126.679,127.509
1320008400,127.509,129.409,127.509,129.177
1320094800,129.177,131.911,129.177,131.105
1320181200,131.105,131.125,130.288,130.768
1320267600,130.768,131.313,129.538,129.758
1320354000,129.758,130.781,129.497,130.488
1320616800,130.488,131.234,130.366,131.017
1320703200,131.017,131.105,130.282,130.872
1320789600,130.872,132.478,130.592,131.833
1320876000,131.833,132.176,131.157,131.225
1320962400,131.225,131.417,130.558,130.708
1321221600,130.708,131.81,130.7,131.669
1321308000,131.669,132.369,131.519,131.755
1321394400,131.755,132.397,131.505,131.921
1321480800,131.921,132.414,131.105,131.595
1321567200,131.595,131.857,130.497,131.018
1321826400,131.018,131.739,131.018,131.255
1321912800,131.255,131.705,130.784,131.281
1321999200,131.281,132.085,130.997,131.407
1322085600,131.407,131.655,130.604,131.261
1322172000,131.261,131.634,129.883,130.394
1322431200,130.394,130.394,129.005,130.237
1322517600,130.237,130.808,130.086,130.493
1322604000,130.493,131.272,129.277,129.288
1322690400,129.288,130.136,128.094,130.125
1322776800,130.125,130.125,128.801,129.662
1323036000,129.662,129.662,128.282,128.722
1323122400,128.722,129.678,128.217,129.588
1323208800,129.588,129.902,128.93,129.422
1323295200,129.422,130.693,129.156,130.613
1323381600,130.613,130.763,129.81,129.994
1323640800,129.994,130.551,129.871,130.171
1323727200,130.171,130.431,129.29,129.566
1323813600,129.566,130.15,129.298,130.052
1323900000,130.052,130.348,129.388,129.706
1323986400,129.706,130.398,129.402,130.223
1324245600,130.223,130.223,129.253,129.602
1324332000,129.602,129.602,128.956,129.068
1324418400,129.068,129.91,128.815,129.282
1324504800,129.282,129.555,129.097,129.417
1324591200,129.417,129.861,129.175,129.386
1325023200,129.386,129.386,128.545,129.059
1325109600,129.059,129.424,128.379,129.391
1325196000,129.391,129.548,128.932,129.028
1325541600,129.028,129.028,127.713,127.963
1325628000,127.963,127.992,127.319,127.46
1325714400,127.46,127.727,126.819,127.33
1325800800,127.33,127.797,126.825,127.736
1326060000,127.736,127.736,126.864,127.367
1326146400,127.367,127.367,126.47,126.594
1326232800,126.594,127.284,126.163,127.118
1326319200,127.118,127.118,126.69,126.76
1326405600,126.76,127.401,126.374,127.185
1326664800,127.185,127.185,126.62,126.829
1326751200,126.829,126.934,126.143,126.872
1326837600,126.872,127.144,126.409,126.526
1326924000,126.526,126.526,125.417,125.685
1327010400,125.685,125.685,124.536,124.619
1327269600,124.619,124.619,123.492,123.873
1327356000,123.873,124.109,123.368,123.49
1327442400,123.49,124.103,123.411,124.05
1327528800,124.05,124.324,123.69,124.234
1327615200,124.234,124.752,124.043,124.235
1327874400,124.235,124.9,124.156,124.719
1327960800,124.719,124.868,124.087,124.773
1328047200,124.773,124.773,123.688,123.72
1328133600,123.72,124.021,122.983,123.339
1328220000,123.339,123.522,122.063,122.311
1328479200,122.311,122.547,121.901,122.118
1328565600,122.118,122.296,121.268,121.338
1328652000,121.338,121.572,120.994,121.404
1328738400,121.404,121.811,120.734,120.859
1328824800,120.859,121.973,120.859,121.894
1329084000,121.894,121.894,120.953,121.375
1329170400,121.375,121.796,121.01,121.796
1329256800,121.796,121.848,121.285,121.693
1329343200,121.693,121.789,120.822,120.858
1329429600,120.858,120.858,120.038,120.254
1329688800,120.254,120.254,119.447,119.491
1329775200,119.491,119.75,119.153,119.483
1329861600,119.483,120.561,119.229,120.463
1329948000,120.463,120.524,119.96,120.361
1330034400,120.361,120.677,120.294,120.591
1330293600,120.591,120.913,120.071,120.553
1330380000,120.553,120.553,116.538,116.747
1330466400,116.747,116.749,115.95,116.231
1330552800,116.231,116.306,115.322,115.494
1330639200,115.494,116.444,115.437,116.322
1330898400,116.322,116.608,115.817,115.867
1330984800,115.867,116.615,115.867,116.554
1331071200,116.554,116.697,116.282,116.312
1331157600,116.312,116.454,115.861,116.322
1331244000,116.322,116.404,116,116.18
1331499600,116.18,116.928,116.18,116.715
1331586000,116.715,116.715,115.868,115.978
1331672400,115.978,115.978,113.677,113.808
1331758800,113.808,113.86,113.005,113.677
1331845200,113.677,113.677,112.277,112.759
1332104400,112.759,113.327,112.719,112.739
1332190800,112.739,113.248,112.549,112.629
1332277200,112.629,113.527,112.461,113.476
1332363600,113.476,114.277,113.476,113.86
1332450000,113.86,114.95,113.773,114.576
1332709200,114.576,114.761,113.81,114.062
1332795600,114.062,114.708,113.965,114.657
1332882000,114.657,115.232,114.388,115.08
1332968400,115.08,115.526,115.023,115.242
1333054800,115.242,115.668,115.204,115.302
1333314000,115.302,115.302,114.469,115
1333400400,115,115.645,114.812,115.584
1333486800,115.584,115.607,114.91,115.362
1333573200,115.362,116.091,115.104,115.795
1334005200,115.795,117.537,115.795,117.497
1334091600,117.497,117.497,116.531,116.882
1334178000,116.882,116.966,116.351,116.469
1334264400,116.469,117.144,116.469,117.103
1334523600,117.103,117.318,116.772,117.053
1334610000,117.053,117.053,116.248,116.368
1334696400,116.368,116.694,115.486,116.096
1334782800,116.096,116.209,115.506,115.815
1334869200,115.815,116.06,115.224,115.633
1335128400,115.633,116.57,115.633,116.186
1335214800,116.186,116.498,115.887,116.397
1335301200,116.397,116.773,115.715,115.844
1335387600,115.844,116.651,115.707,116.427
1335474000,116.427,116.864,115.935,115.955
1335733200,115.955,116.408,115.737,116.326
1335819600,116.326,116.79,116.179,116.437
1335906000,116.437,117.081,116.059,116.969
1335992400,116.969,117.254,116.649,117.1
1336078800,117.1,117.643,116.971,117.572
1336424400,117.572,118.325,117.572,118.213
1336510800,118.213,118.798,118.026,118.484
1336597200,118.484,118.557,117.25,117.57
1336683600,117.57,118.295,117.57,117.851
1336942800,117.851,118.997,117.851,118.673
1337029200,118.673,118.795,118.274,118.643
1337115600,118.643,119.459,118.485,118.763
1337202000,118.763,119.397,118.757,119.194
1337288400,119.194,119.539,118.966,119.434
1337547600,119.434,119.434,118.674,118.992
1337634000,118.992,119.085,118.514,118.801
1337720400,118.801,120.045,118.801,119.854
1337806800,119.854,120.218,119.534,119.803
1337893200,119.803,120.124,119.496,120.073
1338152400,120.073,120.106,119.685,119.901
1338238800,119.901,120.074,119.584,119.721
1338325200,119.721,120.859,119.42,120.748
1338411600,120.748,121.637,120.278,121.505
1338498000,121.505,122.87,121.329,121.87
1338930000,121.87,121.87,120.446,120.587
1339016400,120.587,121.056,119.471,120.044
1339102800,120.044,121.298,120.044,120.933
1339362000,120.933,120.933,120.044,120.766
1339448400,120.766,120.766,120.064,120.314
1339534800,120.314,120.314,119.341,119.671
1339621200,119.671,120.5,119.394,119.764
1339707600,119.764,120.917,119.764,120.41
1339966800,120.41,121.08,119.955,120.415
1340053200,120.415,121.013,119.883,120.003
1340139600,120.003,120.36,119.412,119.622
1340226000,119.622,120.45,119.456,120.319
1340312400,120.319,120.595,119.727,119.928
1340571600,119.928,120.547,119.928,120.476
1340658000,120.476,120.488,119.846,120.296
1340744400,120.296,120.462,120.129,120.358
1340830800,120.358,121.017,120.358,120.712
1340917200,120.712,120.712,118.996,119.758
1341176400,119.758,120.4,119.594,120.255
1341262800,120.255,120.311,119.492,119.553
1341349200,119.553,120.008,119.437,119.937
1341435600,119.937,120.642,119.689,120.632
1341522000,120.632,121.238,120.535,121.197
1341781200,121.197,121.525,121.074,121.262
1341867600,121.262,121.315,121.015,121.243
1341954000,121.243,121.578,121.228,121.446
1342040400,121.446,122.043,121.43,121.789
1342126800,121.789,121.985,121.47,121.559
1342386000,121.559,122.299,121.559,122.016
1342472400,122.016,122.149,121.708,121.937
1342558800,121.937,122.483,121.832,122.26
1342645200,122.26,122.26,121.54,121.699
1342731600,121.699,122.465,121.699,122.213
1342990800,122.213,123.013,122.213,122.307
1343077200,122.307,122.51,121.759,122.48
1343163600,122.48,122.735,122.131,122.491
1343250000,122.491,122.686,121.781,122.161
1343336400,122.161,122.447,121.581,121.64
1343595600,121.64,121.848,121.294,121.645
1343682000,121.645,122.47,121.509,122.419
1343768400,122.419,122.555,121.568,121.939
1343854800,121.939,122.704,121.46,122.593
1343941200,122.593,122.593,121.309,121.349
1344200400,121.349,122.36,121.349,122.026
1344286800,122.026,122.131,120.964,121.164
1344373200,121.164,121.72,121.164,121.407
1344459600,121.407,121.407,120.666,120.806
1344546000,120.806,121.792,120.806,121.57
1344805200,121.57,121.879,121.005,121.324
1344891600,121.324,121.478,120.835,120.884
1344978000,120.884,120.884,120.053,120.133
1345064400,120.133,120.378,119.905,119.914
1345150800,119.914,120.267,119.889,120.146
1345410000,120.146,120.392,119.603,120.201
1345496400,120.201,120.275,119.732,119.912
1345582800,119.912,120.727,119.912,120.555
1345669200,120.555,121.339,120.555,121.158
1345755600,121.158,121.782,121.158,121.57
1346101200,121.57,122.088,121.57,122.057
1346187600,122.057,122.302,121.709,121.868
1346274000,121.868,122.02,121.509,121.949
1346360400,121.949,122.086,121.321,121.711
1346619600,121.711,122.007,121.491,121.642
1346706000,121.642,121.918,121.064,121.776
1346792400,121.776,122.013,121.5,121.83
1346878800,121.83,121.83,120.919,121.019
1346965200,121.019,121.395,120.159,121.324
1347224400,121.324,121.488,120.622,120.751
1347310800,120.751,120.947,120.635,120.805
1347397200,120.805,120.805,119.734,119.823
1347483600,119.823,120.29,119.475,119.626
1347570000,119.626,119.823,118.413,118.534
1347829200,118.534,119.079,118.356,118.967
1347915600,118.967,119.474,118.943,119.413
1348002000,119.413,120.041,119.168,119.738
1348088400,119.738,120.388,119.738,120.134
1348174800,120.134,120.134,119.546,119.897
1348434000,119.897,120.121,119.699,120.018
1348520400,120.018,120.547,119.922,120.152
1348606800,120.152,121.453,120.152,121.332
1348693200,121.332,121.418,120.924,120.984
1348779600,120.984,121.461,120.897,120.917
1349038800,120.917,121.101,120.627,120.857
1349125200,120.857,121.123,120.501,121.062
1349211600,121.062,121.38,121.062,121.357
1349298000,121.357,121.403,120.819,121.139
1349384400,121.139,121.139,120.33,120.48
1349643600,120.48,120.923,120.48,120.853
1349730000,120.853,120.987,120.536,120.846
1349816400,120.846,120.933,120.279,120.569
1349902800,120.569,120.856,120.151,120.381
1349989200,120.381,120.998,120.337,120.877
1350248400,120.877,120.877,120.476,120.546
1350334800,120.546,120.546,119.898,119.948
1350421200,119.948,119.948,118.847,118.867
1350507600,118.867,119.243,118.622,118.941
1350594000,118.941,119.367,118.817,119.346
1350853200,119.346,119.346,118.797,119.107
1350939600,119.107,119.843,119.003,119.833
1351026000,119.833,119.879,119.276,119.586
1351112400,119.586,119.586,118.547,118.927
1351198800,118.927,119.504,118.927,119.432
1351458000,119.432,120.086,119.432,120.015
1351544400,120.015,120.015,119.609,119.818
1351630800,119.818,119.818,119.312,119.571
1351717200,119.571,119.571,119.106,119.404
1351803600,119.404,119.801,119.048,119.508
1352066400,119.508,120.031,119.508,119.96
1352152800,119.96,120.067,119.815,119.904
1352239200,119.904,120.59,119.8,120.559
1352325600,120.559,120.715,120.133,120.302
1352412000,120.302,121.36,120.302,120.767
1352671200,120.767,121.06,120.738,120.838
1352757600,120.838,121.185,120.662,120.891
1352844000,120.891,120.891,120.224,120.594
1352930400,120.594,120.798,120.398,120.688
1353016800,120.688,120.902,120.542,120.792
1353276000,120.792,120.792,120.222,120.362
1353362400,120.362,120.478,119.594,119.654
1353448800,119.654,119.86,119.439,119.537
1353535200,119.537,119.662,119.363,119.611
1353621600,119.611,119.877,119.467,119.655
1353880800,119.655,119.888,119.586,119.586
1353967200,119.586,119.671,119.231,119.549
1354053600,119.549,120.213,119.34,119.921
1354140000,119.921,120.197,119.796,120.147
1354226400,120.147,120.243,119.94,120
1354485600,120,120.117,119.372,119.501
1354572000,119.501,119.667,119.176,119.586
1354658400,119.586,120.114,118.94,119.983
1354744800,119.983,120.37,119.658,120.339
1354831200,120.339,120.425,119.983,120.303
1355090400,120.303,120.52,119.986,120.006
1355176800,120.006,120.153,119.498,119.628
1355263200,119.628,119.645,119.281,119.311
1355349600,119.311,119.629,118.904,119.125
1355436000,119.125,119.125,118.8,119.039
1355695200,119.039,119.039,118.722,118.782
1355781600,118.782,118.782,118.013,118.123
1355868000,118.123,118.219,117.727,117.997
1355954400,117.997,118.354,117.954,118.223
1356040800,118.223,118.84,118.223,118.7
1356300000,118.7,118.796,118.565,118.735
1356559200,118.735,119.521,118.548,119.47
1356645600,119.47,119.899,119.244,119.254
1356904800,119.254,119.511,119.16,119.399
1357077600,119.399,119.399,117.681,117.681
1357164000,117.681,117.858,116.822,116.912
1357250400,116.912,116.912,116.186,116.506
1357509600,116.506,116.781,116.461,116.761
1357596000,116.761,117.368,116.667,117.277
1357682400,117.277,117.463,117.013,117.292
1357768800,117.292,117.519,116.424,116.463
1357855200,116.463,116.951,116.199,116.759
1358114400,116.759,117.295,116.759,117.175
1358200800,117.175,117.672,117.071,117.209
1358287200,117.209,117.757,117.209,117.625
1358373600,117.625,117.682,116.908,116.968
1358460000,116.968,117.484,116.794,117.414
1358719200,117.414,117.46,116.928,117.007
1358805600,117.007,117.352,116.932,117.292
1358892000,117.292,117.658,117.148,117.547
1358978400,117.547,118.115,117.332,117.492
1359064800,117.492,117.619,116.836,116.925
1359324000,116.925,117.001,116.468,116.618
1359410400,116.618,117.044,116.618,116.763
1359496800,116.763,116.769,116.277,116.487
1359583200,116.487,116.975,116.402,116.542
1359669600,116.542,116.998,116.368,116.517
1359928800,116.517,116.771,115.881,116.691
1360015200,116.691,116.918,116.156,116.395
1360101600,116.395,116.791,116.391,116.73
1360188000,116.73,116.837,116.075,116.424
1360274400,116.424,116.881,116.424,116.649
1360533600,116.649,116.836,116.144,116.523
1360620000,116.523,116.65,116.228,116.348
1360706400,116.348,116.354,115.111,115.24
1360792800,115.24,115.556,114.776,115.525
1360879200,115.525,116.033,115.42,115.48
1361138400,115.48,115.767,115.464,115.464
1361224800,115.464,115.671,115.35,115.609
1361311200,115.609,116.667,115.044,115.353
1361397600,115.353,116.4,115.353,116.27
1361484000,116.27,116.347,115.875,116.254
1361743200,116.254,116.589,115.569,116.539
1361829600,116.539,117.755,116.539,117.705
1361916000,117.705,118.052,117.489,117.748
1362002400,117.748,117.842,117.511,117.639
1362088800,117.639,118.659,117.594,118.397
1362348000,118.397,118.627,118.11,118.23
1362434400,118.23,118.31,117.714,117.867
1362520800,117.867,117.962,117.603,117.932
1362607200,117.932,118.028,117.056,117.301
1362693600,117.301,117.412,116.611,116.795
1362949200,116.795,117.235,116.795,117.069
1363035600,117.069,117.686,117.002,117.381
1363122000,117.381,117.698,117.255,117.456
1363208400,117.456,117.456,117.066,117.387
1363294800,117.387,117.659,117.097,117.648
1363554000,117.648,118.363,117.648,118.028
1363640400,118.028,118.853,118.028,118.823
1363726800,118.823,118.823,117.739,118.389
1363813200,118.389,118.606,118.043,118.542
1363899600,118.542,118.831,118.378,118.636
1364158800,118.636,119.145,118.25,119.021
1364245200,119.021,119.368,118.776,119.302
1364331600,119.302,120.031,119.302,119.968
1364418000,119.968,120.058,119.391,119.539
1364850000,119.539,119.764,119.368,119.406
1364936400,119.406,119.782,119.17,119.762
1365022800,119.762,120.298,119.595,120.093
1365109200,120.093,120.896,119.929,120.881
1365368400,120.881,120.881,120.131,120.162
1365454800,120.162,120.187,119.574,119.683
1365541200,119.683,119.715,119.321,119.35
1365627600,119.35,119.651,119.263,119.492
1365714000,119.492,120.077,119.492,119.941
1365973200,119.941,120.229,119.682,120.172
1366059600,120.172,120.172,119.793,119.841
1366146000,119.841,120.496,119.635,120.416
1366232400,120.416,120.588,120.017,120.457
1366318800,120.457,120.578,120.22,120.471
1366578000,120.471,120.725,120.134,120.604
1366664400,120.604,120.909,120.003,120.158
1366750800,120.158,120.406,119.765,120.315
1366837200,120.315,120.41,119.807,119.905
1366923600,119.905,120.409,119.905,120.381
1367182800,120.381,120.725,120.127,120.613
1367269200,120.613,120.786,120.233,120.233
1367355600,120.233,120.656,120.077,120.631
1367442000,120.631,121.04,120.147,120.878
1367528400,120.878,120.893,119.807,119.906
1367874000,119.906,119.955,119.1,119.259
1367960400,119.259,119.563,119.172,119.389
1368046800,119.389,119.658,119.17,119.375
1368133200,119.375,119.375,118.216,118.338
1368392400,118.338,118.459,118.146,118.363
1368478800,118.363,118.39,117.966,117.976
1368565200,117.976,118.3,117.659,117.872
1368651600,117.872,118.522,117.852,118.378
1368738000,118.378,118.685,118.001,118.018
1368997200,118.018,118.247,117.755,117.89
1369083600,117.89,118.22,117.599,117.907
1369170000,117.907,118.571,117.691,117.795
1369256400,117.795,118.514,117.765,117.815
1369342800,117.815,118.343,117.624,117.959
1369688400,117.959,117.959,117.277,117.376
1369774800,117.376,117.376,116.649,116.977
1369861200,116.977,117.501,116.977,117.375
1369947600,117.375,117.905,116.586,116.78
1370206800,116.78,117.086,116.301,116.928
1370293200,116.928,116.928,116.352,116.516
1370379600,116.516,116.914,116.358,116.899
1370466000,116.899,117.025,116.283,116.908
1370552400,116.908,117.239,116.016,116.046
1370811600,116.046,117.394,115.325,115.385
1370898000,115.385,117.017,114.408,115.247
1370984400,115.247,116.913,114.976,115.512
1371070800,115.512,115.975,115.438,115.868
1371157200,115.868,116.588,115.868,116.511
1371416400,116.511,116.511,116.127,116.232
1371502800,116.232,116.232,115.581,115.73
1371589200,115.73,116.138,115.695,115.713
1371675600,115.713,115.713,113.789,114.087
1371762000,114.087,114.111,112.807,112.817
1372021200,112.817,112.817,111.217,111.798
1372107600,111.798,112.722,111.349,111.602
1372194000,111.602,112.852,111.602,112.538
1372280400,112.538,113.305,112.538,112.881
1372366800,112.881,113.449,112.238,112.634
1372626000,112.634,113.014,112.15,112.933
1372712400,112.933,113.508,112.751,113.467
1372798800,113.467,114.187,112.909,112.974
1372885200,112.974,113.87,112.887,113.277
1372971600,113.277,113.277,111.965,112.099
1373230800,112.099,112.326,111.982,112.113
1373317200,112.113,112.676,112.035,112.524
1373403600,112.524,113.191,112.478,112.807
1373490000,112.807,113.431,112.807,113.056
1373576400,113.056,114.057,113.056,113.744
1373835600,113.744,113.839,113.354,113.488
1373922000,113.488,114.339,113.367,114.319
1374008400,114.319,114.323,113.407,113.927
1374094800,113.927,114.412,113.927,114.289
1374181200,114.289,114.422,113.728,113.907
1374440400,113.907,114.231,113.804,114.155
1374526800,114.155,114.187,113.458,113.663
1374613200,113.663,113.663,112.684,112.773
1374699600,112.773,113.086,112.415,113.035
1374786000,113.035,113.56,113.035,113.528
1375045200,113.528,113.884,113.309,113.487
1375131600,113.487,113.893,113.487,113.56
1375218000,113.56,113.864,112.859,113.269
1375304400,113.269,113.987,112.556,112.601
1375390800,112.601,112.601,111.745,112.486
1375650000,112.486,112.763,111.734,111.752
1375736400,111.752,111.988,111.479,111.803
1375822800,111.803,112.391,111.025,111.861
1375909200,111.861,112.272,111.548,111.708
1375995600,111.708,112.116,111.59,112.06
1376254800,112.06,112.199,111.664,111.834
1376341200,111.834,111.834,110.404,110.524
1376427600,110.524,110.659,109.947,110.254
1376514000,110.254,110.299,109.453,109.763
1376600400,109.763,110.038,109.322,109.352
1376859600,109.352,109.508,109.014,109.066
1376946000,109.066,109.83,109.066,109.649
1377032400,109.649,109.681,109.166,109.441
1377118800,109.441,109.443,108.859,109.244
1377205200,109.244,109.539,108.877,109.41
1377550800,109.41,110.766,109.41,110.671
1377637200,110.671,111.102,110.134,110.336
1377723600,110.336,110.768,110.037,110.725
1377810000,110.725,110.945,110.43,110.453
1378069200,110.453,110.453,109.706,109.831
1378155600,109.831,110.054,109.421,109.649
1378242000,109.649,109.889,109.444,109.624
1378328400,109.624,109.624,108.275,108.33
1378414800,108.33,109.244,108.33,109.102
1378674000,109.102,109.233,108.762,108.829
1378760400,108.829,108.829,108,108.254
1378846800,108.254,108.554,107.968,108.355
1378933200,108.355,109.193,108.355,109.107
1379019600,109.107,109.512,108.476,109.218
1379278800,109.218,109.904,109.218,109.469
1379365200,109.469,109.614,108.905,109.025
1379451600,109.025,109.221,108.209,108.49
1379538000,108.49,110.089,108.49,109.459
1379624400,109.459,109.705,108.818,109.232
1379883600,109.232,109.449,108.749,109.406
1379970000,109.406,110.518,109.312,110.518
1380056400,110.518,110.902,110.38,110.876
1380142800,110.876,111.216,110.623,110.869
1380229200,110.869,111.366,110.684,111.204
1380488400,111.204,111.662,110.933,111.103
1380574800,111.103,111.318,110.925,111.282
1380661200,111.282,111.489,110.983,111.234
1380747600,111.234,111.647,110.783,111.546
1380834000,111.546,111.55,110.832,111.002
1381093200,111.002,111.429,111.002,111.354
1381179600,111.354,111.395,110.973,111.314
1381266000,111.314,111.806,111.277,111.354
1381352400,111.354,111.354,110.632,110.699
1381438800,110.699,111.063,110.662,110.732
1381698000,110.732,110.955,110.493,110.513
1381784400,110.513,110.513,110.068,110.095
1381870800,110.095,110.115,109.623,109.874
1381957200,109.874,110.7,109.874,110.659
1382043600,110.659,111.305,110.529,110.993
1382302800,110.993,110.993,110.649,110.689
1382389200,110.689,111.645,110.601,111.624
1382475600,111.624,112.04,111.525,111.926
1382562000,111.926,112.028,111.574,111.624
1382648400,111.624,111.926,111.547,111.888
1382907600,111.888,111.996,111.677,111.899
1382994000,111.899,112.166,111.765,112.156
1383080400,112.156,112.628,112.156,112.588
1383166800,112.588,112.779,111.563,111.811
1383253200,111.811,111.978,111.314,111.391
1383516000,111.391,111.703,111.263,111.652
1383602400,111.652,111.652,110.518,110.768
1383688800,110.768,110.882,110.478,110.652
1383775200,110.652,111.16,110.478,111.089
1383861600,111.089,111.089,109.967,110.172
1384120800,110.172,110.309,109.724,109.843
1384207200,109.843,110.158,109.566,109.851
1384293600,109.851,110.118,109.394,109.923
1384380000,109.923,110.496,109.887,110.476
1384466400,110.476,110.516,110.136,110.488
1384725600,110.488,110.697,110.128,110.646
1384812000,110.646,110.809,110.458,110.546
1384898400,110.546,110.614,110.086,110.244
1384984800,110.244,110.244,109.132,109.607
1385071200,109.607,109.974,109.395,109.851
1385330400,109.851,110.105,109.749,110.024
1385416800,110.024,110.465,110.02,110.392
1385503200,110.392,110.479,109.956,110.056
1385589600,110.056,110.405,109.827,110.385
1385676000,110.385,110.423,109.93,110.104
1385935200,110.104,110.104,109.213,109.304
1386021600,109.304,109.714,109.117,109.564
1386108000,109.564,109.564,108.622,108.652
1386194400,108.652,109.09,108.472,108.582
1386280800,108.582,108.886,107.708,108.693
1386540000,108.693,108.795,108.471,108.481
1386626400,108.481,109.038,108.481,108.875
1386712800,108.875,109.108,108.811,109.017
1386799200,109.017,109.017,108.524,108.709
1386885600,108.709,108.968,108.516,108.674
1387144800,108.674,108.968,108.559,108.735
1387231200,108.735,108.99,108.628,108.876
1387317600,108.876,109.062,108.251,108.332
1387404000,108.332,108.484,107.879,107.986
1387490400,107.986,108.282,107.698,108.15
1387749600,108.15,108.195,107.878,107.893
1387836000,107.893,107.991,107.721,107.828
1388095200,107.828,107.828,106.881,106.896
1388354400,106.896,107.418,106.896,107.33
1388440800,107.33,107.466,107.096,107.318
1388613600,107.318,107.428,106.826,107.336
1388700000,107.336,107.491,107.227,107.477
1388959200,107.477,108.104,107.477,107.982
1389045600,107.982,108.273,107.915,108.221
1389132000,108.221,108.317,107.871,107.874
1389218400,107.874,108.165,107.693,107.929
1389304800,107.929,109.072,107.929,109.009
1389564000,109.009,109.563,108.948,109.533
1389650400,109.533,109.557,109.235,109.279
1389736800,109.279,109.406,108.951,109.02
1389823200,109.02,109.655,109.02,109.619
1389909600,109.619,109.818,109.315,109.463
1390168800,109.463,109.696,109.416,109.596
1390255200,109.596,109.615,109.234,109.563
1390341600,109.563,109.563,108.911,108.96
1390428000,108.96,110.036,108.96,110.006
1390514400,110.006,110.627,110,110.179
1390773600,110.179,110.268,109.907,110.0765
1390860000,110.0765,110.0985,109.7785,109.963
1390946400,109.963,110.4985,109.617,110.4375
1391032800,110.4375,110.7905,110.3695,110.4885
1391119200,110.4885,111.1835,110.4885,110.9255
1391378400,110.9255,111.1615,110.3985,111.1305
1391464800,111.1305,111.2045,110.8405,110.8995
1391551200,110.8995,111.5945,110.8995,110.9895
1391637600,110.9895,111.0845,110.4185,110.5375
1391724000,110.5375,111.0195,110.3965,110.8895
1391983200,110.8895,110.9135,110.5595,110.7185
1392069600,110.7185,110.7185,110.3975,110.5175
1392156000,110.5175,110.5175,109.7345,109.7545
1392242400,109.7545,110.3685,109.7545,110.1755
1392328800,110.1755,110.2155,109.9165,110.2035
1392588000,110.2035,110.2165,109.9085,110.1955
1392674400,110.1955,110.7405,110.0795,110.5845
1392760800,110.5845,111.0275,110.4125,110.6665
1392847200,110.6665,110.8715,109.8155,109.9945
1392933600,109.9945,110.2085,109.7055,110.1455
1393192800,110.1455,110.2095,109.9575,110.0115
1393279200,110.0115,110.4365,109.9475,110.3755
1393365600,110.3755,110.8275,110.2105,110.5105
1393452000,110.5105,111.3675,110.5105,111.1275
1393538400,111.1275,111.2785,110.4165,110.6905
1393797600,110.6905,111.4475,110.6905,111.3715
1393884000,111.3715,111.3715,110.7705,110.7775
1393970400,110.7775,110.7945,110.3205,110.6325
1394056800,110.6325,110.6325,109.8905,110.1695
1394143200,110.1695,110.2715,109.4645,109.8585
1394398800,109.8585,110.0425,109.5955,109.8485
1394485200,109.8485,110.0485,109.7175,109.9635
1394571600,109.9635,110.5185,109.9635,110.3085
1394658000,110.3085,110.9895,110.1305,110.9195
1394744400,110.9195,111.3865,110.9105,111.1895
1395003600,111.1895,111.1955,110.8615,110.9885
1395090000,110.9885,111.1865,110.8605,110.9975
1395176400,110.9975,111.0115,110.6695,110.8485
1395262800,110.8485,110.8485,109.8835,110.1515
1395349200,110.1515,110.4045,110.0125,110.4045
1395608400,110.4045,110.9385,110.0445,110.8195
1395694800,110.8195,111.0125,110.5065,110.6955
1395781200,110.6955,110.9885,110.5865,110.9075
1395867600,110.9075,111.1505,110.7385,111.0585
1395954000,111.0585,111.2135,110.5045,110.5945
1396213200,110.5945,110.5945,110.1225,110.4835
1396299600,110.4835,110.5135,110.1645,110.4625
1396386000,110.4625,110.4625,109.9895,110.1405
1396472400,110.1405,110.3505,109.9425,110.2505
1396558800,110.2505,110.9865,110.0625,110.9865
1396818000,110.9865,111.1165,110.8075,111.0355
1396904400,111.0355,111.0375,110.6245,110.7535
1396990800,110.7535,110.8445,110.5635,110.7235
1397077200,110.7235,111.5495,110.7235,111.4785
1397163600,111.4785,111.7215,111.2605,111.5385
1397422800,111.5385,111.6395,111.2465,111.3235
1397509200,111.3235,111.7385,111.0855,111.7385
1397595600,111.7385,111.7385,111.1175,111.2645
1397682000,111.2645,111.3475,110.6935,110.7715
1398114000,110.7715,110.8855,110.4095,110.5165
1398200400,110.5165,110.9715,110.4245,110.8325
1398286800,110.8325,110.9525,110.3895,110.6385
1398373200,110.6385,111.3535,110.6385,111.2225
1398632400,111.2225,111.2225,110.8405,111.0405
1398718800,111.0405,111.0405,110.5285,110.7835
1398805200,110.7835,111.0395,110.4985,110.9695
1398891600,110.9695,111.2815,110.7595,111.2105
1398978000,111.2105,111.4625,110.4275,111.2725
1399323600,111.2725,111.2725,110.7605,110.9975
1399410000,110.9975,111.2615,110.7975,111.1075
1399496400,111.1075,111.2295,110.8195,111.1575
1399582800,111.1575,111.1575,110.6475,110.6655
1399842000,110.6655,110.6655,110.2335,110.3235
1399928400,110.3235,110.8455,110.2065,110.7725
1400014800,110.7725,111.8185,110.7685,111.7605
1400101200,111.7605,112.3615,111.5915,112.2705
1400187600,112.2705,112.3305,111.8985,111.9585
1400446800,111.9585,112.1015,111.5965,111.6165
1400533200,111.6165,111.649,111.306,111.488
1400619600,111.488,111.65,110.9545,111.1735
1400706000,111.1735,111.2865,110.9745,111.0555
1400792400,111.0555,111.2975,110.9365,111.1405
1401138000,111.1405,111.314,111.026,111.152
1401224400,111.152,112.095,111.152,112.072
1401310800,112.072,112.336,111.95,112.064
1401397200,112.064,112.064,111.751,111.85
1401656400,111.85,111.911,111.285,111.315
1401742800,111.315,111.4,110.845,111.065
1401829200,111.065,111.129,110.476,110.623
1401915600,110.623,111.096,110.279,110.783
1402002000,110.783,111.311,110.783,110.886
1402261200,110.886,110.886,110.475,110.582
1402347600,110.582,110.696,110.232,110.339
1402434000,110.339,110.463,109.864,110.361
1402520400,110.361,110.432,110.101,110.351
1402606800,110.351,110.351,109.654,110.075
1402866000,110.075,110.333,109.958,109.97
1402952400,109.97,110.185,109.689,109.778
1403038800,109.778,110.306,109.732,110.094
1403125200,110.094,110.703,110.094,110.173
1403211600,110.173,110.173,109.731,109.999
1403470800,109.999,110.327,109.916,110.174
1403557200,110.174,110.339,110.044,110.202
1403643600,110.202,111.062,110.202,111.032
1403730000,111.032,111.174,110.742,111.173
1403816400,111.173,111.316,111.026,111.12
1404075600,111.12,111.158,110.72,110.726
1404162000,110.726,110.775,110.389,110.441
1404248400,110.441,110.633,109.986,110.026
1404334800,110.026,110.058,109.564,110.011
1404421200,110.011,110.101,109.921,110.006
1404680400,110.006,110.25,109.77,110.214
1404766800,110.214,111.035,110.112,110.962
1404853200,110.962,111.118,110.804,110.876
1404939600,110.876,111.662,110.876,111.186
1405026000,111.186,111.479,111.029,111.469
1405285200,111.469,111.507,111.279,111.338
1405371600,111.338,111.574,110.806,110.966
1405458000,110.966,111.211,110.888,110.966
1405544400,110.966,111.669,110.966,111.586
1405630800,111.586,111.944,111.453,111.621
1405890000,111.621,111.854,111.533,111.793
1405976400,111.793,111.793,111.403,111.602
1406062800,111.602,112.036,111.54,111.916
1406149200,111.916,111.958,111.342,111.403
1406235600,111.403,111.872,111.354,111.773
1406494800,111.773,111.785,111.481,111.691
1406581200,111.691,112.137,111.607,111.942
1406667600,111.942,112.06,111.372,111.382
1406754000,111.382,111.576,110.924,111.372
1406840400,111.372,111.995,111.125,111.928
1407099600,111.928,112.057,111.819,111.958
1407186000,111.958,111.958,111.427,111.654
1407272400,111.654,112.337,111.654,112.257
1407358800,112.257,112.619,112.048,112.526
1407445200,112.526,113.316,112.526,112.82
1407704400,112.82,112.82,112.369,112.481
1407790800,112.481,112.661,112.291,112.469
1407877200,112.469,113.002,112.08,112.926
1407963600,112.926,113.416,112.898,112.901
1408050000,112.901,114.075,112.901,113.877
1408309200,113.877,113.877,112.961,112.971
1408395600,112.971,113.595,112.945,113.28
1408482000,113.28,113.316,112.844,113.082
1408568400,113.082,113.383,112.673,113.322
1408654800,113.322,113.766,113.012,113.325
1409000400,113.325,113.935,113.325,113.906
1409086800,113.906,114.787,113.906,114.566
1409173200,114.566,115.004,114.509,114.646
1409259600,114.646,114.75,114.358,114.741
1409518800,114.741,114.745,114.299,114.537
1409605200,114.537,114.537,113.789,113.951
1409691600,113.951,113.973,113.311,113.751
1409778000,113.751,114.181,113.2125,113.395
1409864400,113.395,114,113.359,113.718
1410123600,113.718,113.871,113.382,113.478
1410210000,113.478,113.619,113.079,113.568
1410296400,113.568,113.568,113.14,113.292
1410382800,113.292,113.601,112.776,113.365
1410469200,113.365,113.365,112.853,113.042
1410728400,113.042,113.185,112.64,112.932
1410814800,112.932,113.274,112.932,113.112
1410901200,113.112,113.301,112.926,113.222
1410987600,113.222,113.222,112.358,112.599
1411074000,112.599,113.064,112.256,112.967
1411333200,112.967,113.389,112.967,113.346
1411419600,113.346,113.683,113.346,113.44
1411506000,113.44,113.656,113.374,113.471
1411592400,113.471,113.815,113.354,113.774
1411678800,113.774,114.081,113.533,113.644
1411938000,113.644,114.051,113.529,113.878
1412024400,113.878,114.051,113.589,113.967
1412110800,113.967,114.756,113.853,114.746
1412197200,114.746,114.999,114.506,114.857
1412283600,114.857,114.857,114.167,114.354
1412542800,114.354,114.82,114.354,114.82
1412629200,114.82,115.424,114.673,115.394
1412715600,115.394,115.909,115.394,115.526
1412802000,115.526,116.295,115.526,115.544
1412888400,115.544,116.224,115.42,115.977
1413147600,115.977,116.656,115.977,116.515
1413234000,116.515,117.461,116.338,116.822
1413320400,116.822,118.949,116.741,118.858
1413406800,118.858,118.858,116.989,117.012
1413493200,117.012,117.255,116.11,116.285
1413752400,116.285,116.942,116.14,116.78
1413838800,116.78,116.975,116.119,116.479
1413925200,116.479,116.895,115.817,116.198
1414011600,116.198,116.604,115.706,115.736
1414098000,115.736,116.241,115.736,115.847
1414357200,115.847,116.181,115.601,116.009
1414443600,116.009,116.164,115.65,115.819
1414530000,115.819,115.953,115.488,115.563
1414616400,115.563,116.173,115.442,115.87
1414702800,115.87,115.955,115.581,115.72
1414965600,115.72,115.967,115.25,115.49
1415052000,115.49,115.985,115.49,115.863
1415138400,115.863,115.863,115.522,115.542
1415224800,115.542,115.905,115.423,115.663
1415311200,115.663,116.146,115.364,116.035
1415570400,116.035,116.552,115.977,116.017
1415656800,116.017,116.031,115.589,115.706
1415743200,115.706,116.43,115.706,116.108
1415829600,116.108,116.401,115.841,116.279
1415916000,116.279,116.963,116.277,116.942
1416175200,116.942,117.288,116.754,116.883
1416261600,116.883,117.228,116.706,116.894
1416348000,116.894,117.108,116.464,116.634
1416434400,116.634,117.333,116.634,117.065
1416520800,117.065,117.593,117.065,117.567
1416780000,117.567,117.613,117.33,117.533
1416866400,117.533,118.072,117.533,117.89
1416952800,117.89,118.282,117.89,118.216
1417039200,118.216,118.823,118.216,118.773
1417125600,118.773,118.997,118.654,118.733
1417384800,118.733,119.357,118.733,118.884
1417471200,118.884,118.884,118.109,118.258
1417557600,118.258,118.5925,117.798,117.828
1417644000,117.828,118.451,117.828,118.059
1417730400,118.059,118.311,116.433,117.743
1417989600,117.743,118.401,117.493,118.35
1418076000,118.35,119.117,118.35,119.027
1418162400,119.027,119.151,118.604,118.837
1418248800,118.837,119.531,118.792,118.792
1418335200,118.792,119.985,118.792,119.914
1418594400,119.914,119.945,119.281,119.794
1418680800,119.794,120.988,119.699,120.185
1418767200,120.185,120.457,119.838,120.311
1418853600,120.311,120.326,119.073,119.073
1418940000,119.073,119.47,118.624,119.417
1419199200,119.417,119.723,119.287,119.616
1419285600,119.616,119.866,119.301,119.39
1419372000,119.39,119.39,118.901,119.132
1419804000,119.132,119.83,119.128,119.565
1419890400,119.565,120.113,119.36,119.931
1419976800,119.931,120.378,119.931,120.367
1420149600,120.367,120.692,119.755,120.538
1420408800,120.538,121.256,120.151,121.177
1420495200,121.177,122.395,121.177,122.051
1420581600,122.051,122.165,121.469,121.714
1420668000,121.714,121.767,121.243,121.298
1420754400,121.298,121.958,121.298,121.854
1421013600,121.854,122.207,121.597,122.065
1421100000,122.065,122.763,121.795,121.976
1421186400,121.976,122.963,121.976,122.7
1421272800,122.7,122.902,122.172,122.842
1421359200,122.842,123.233,122.229,122.28
1421618400,122.28,122.808,122.28,122.553
1421704800,122.553,122.673,122.063,122.373
1421791200,122.373,123.239,122.134,122.776
1421877600,122.776,123.11,121.765,122.347
1421964000,122.347,123.369,122.347,122.999
1422223200,122.999,123.004,122.531,122.649
1422309600,122.649,123.133,122.603,122.801
1422396000,122.801,123.214,122.363,123.213
1422482400,123.213,123.814,123.213,123.55
1422568800,123.55,124.57,123.549,124.465
1422828000,124.465,124.465,123.74,124.07
1422914400,124.07,124.07,122.957,122.986
1423000800,122.986,123.09,122.265,122.425
1423087200,122.425,122.996,122.165,122.308
1423173600,122.308,122.49,120.961,120.981
1423432800,120.981,121.89,120.981,121.516
1423519200,121.516,121.516,120.796,120.972
1423605600,120.972,121.299,120.836,120.925
1423692000,120.925,121.191,120.106,121.026
1423778400,121.026,121.026,120.495,120.822
1424037600,120.822,120.859,120.42,120.849
1424124000,120.849,121.014,119.697,119.742
1424210400,119.742,120.123,119.002,119.181
1424296800,119.181,119.682,119.181,119.3
1424383200,119.3,120.129,119.211,119.94
1424642400,119.94,119.94,119.285,119.575
1424728800,119.575,120.255,119.245,120.215
1424815200,120.215,120.695,120.179,120.376
1424901600,120.376,120.861,120.101,120.109
1424988000,120.109,120.109,119.431,119.559
1425247200,119.559,119.957,119.364,119.491
1425333600,119.491,119.586,118.687,118.854
1425420000,118.854,118.856,118.435,118.504
1425506400,118.504,119.09,118.226,118.891
1425592800,118.891,119.049,117.735,117.877
1425848400,117.877,118.265,117.867,117.998
1425934800,117.998,119.462,117.998,119.261
1426021200,119.261,119.951,118.643,119.34
1426107600,119.34,120.22,119.224,119.674
1426194000,119.674,120.371,119.376,120.267
1426453200,120.267,120.707,120.225,120.312
1426539600,120.312,120.921,120.224,120.316
1426626000,120.316,121.479,120.316,121.201
1426712400,121.201,122.12,121.201,121.957
1426798800,121.957,122.202,121.679,122.119
1427058000,122.119,122.416,121.848,122.132
1427144400,122.132,122.456,121.962,122.344
1427230800,122.344,122.8,122.215,122.254
1427317200,122.254,122.409,121.188,121.208
1427403600,121.208,121.894,120.829,121.813
1427662800,121.813,121.898,121.312,121.403
1427749200,121.403,121.787,121.196,121.406
1427835600,121.406,121.866,120.945,121.676
1427922000,121.676,122.072,121.165,121.259
1428354000,121.259,121.504,120.889,121.299
1428440400,121.299,121.555,121.14,121.325
1428526800,121.325,121.918,121.186,121.24
1428613200,121.24,121.474,120.832,121.218
1428872400,121.218,121.378,120.693,121.133
1428958800,121.133,122.1,121.133,121.93
1429045200,121.93,121.93,121.377,121.617
1429131600,121.617,121.625,120.907,121.135
1429218000,121.135,121.742,121.027,121.267
1429477200,121.267,121.484,121.071,121.269
1429563600,121.269,121.593,121.14,121.36
1429650000,121.36,121.455,119.786,119.796
1429736400,119.796,120.349,119.796,120.156
1429822800,120.156,120.64,119.874,120.564
1430082000,120.564,120.665,120.055,120.27
1430168400,120.27,120.434,119.989,120.02
1430254800,120.02,120.02,118.661,118.838
1430341200,118.838,119.161,118.245,118.9
1430427600,118.9,119.193,118.494,118.587
1430773200,118.587,118.587,117.206,117.436
1430859600,117.436,117.852,116.909,117.101
1430946000,117.101,117.991,116.438,117.88
1431032400,117.88,119.25,117.697,118.305
1431291600,118.305,118.305,117.38,117.483
1431378000,117.483,117.483,116.613,117.055
1431464400,117.055,117.883,116.773,116.883
1431550800,116.883,117.437,116.645,117.276
1431637200,117.276,118.401,117.276,118.35
1431896400,118.35,118.35,117.341,117.536
1431982800,117.536,118.307,116.964,117.412
1432069200,117.412,117.697,116.982,117.24
1432155600,117.24,117.54,116.934,117.269
1432242000,117.269,117.999,117.269,117.625
1432587600,117.625,118.424,117.625,118.296
1432674000,118.296,118.395,117.914,118.112
1432760400,118.112,118.817,118.112,118.767
1432846800,118.767,119.022,118.678,118.878
1433106000,118.878,118.878,118.262,118.362
1433192400,118.362,118.362,117.139,117.432
1433278800,117.432,117.432,115.97,116.07
1433365200,116.07,117.044,115.348,116.873
1433451600,116.873,116.873,115.929,116.278
1433710800,116.278,116.608,116.055,116.497
1433797200,116.497,116.936,115.895,115.897
1433883600,115.897,115.94,115.471,115.878
1433970000,115.878,116.628,115.507,116.497
1434056400,116.497,117.416,116.369,117.04
1434315600,117.04,117.441,116.527,116.671
1434402000,116.671,117.37,116.62,117.105
1434488400,117.105,117.311,116.292,116.36
1434574800,116.36,117.347,116.148,116.209
1434661200,116.209,117.159,116.209,116.9
1434920400,116.9,116.9,115.9,115.99
1435006800,115.99,116.266,115.367,115.819
1435093200,115.819,115.984,115.49,115.8
1435179600,115.8,116.083,115.428,115.548
1435266000,115.548,115.843,114.936,115.186
1435525200,115.186,116.716,115.186,116.425
1435611600,116.425,116.831,116.208,116.791
1435698000,116.791,116.791,115.504,115.805
1435784400,115.805,116.289,115.228,116.256
1435870800,116.256,117,116.142,116.843
1436130000,116.843,117.312,116.604,116.825
1436216400,116.825,118.648,116.787,118.396
1436302800,118.396,118.934,117.593,117.75
1436389200,117.75,117.938,117.112,117.119
1436475600,117.119,117.119,115.953,116.047
1436734800,116.047,116.047,115.282,115.883
1436821200,115.883,116.079,115.265,115.612
1436907600,115.612,115.935,115.365,115.844
1436994000,115.844,116.172,115.37,116.036
1437080400,116.036,116.362,115.8625,116.0595
1437339600,116.0595,116.5435,115.8305,116.2095
1437426000,116.2095,116.3425,115.6845,116.1195
1437512400,116.1195,116.6235,116.0185,116.4925
1437598800,116.4925,116.8755,116.4065,116.8345
1437685200,116.8345,117.4705,116.8345,117.3985
1437944400,117.3985,117.7055,117.3305,117.3695
1438030800,117.3695,117.3705,116.8405,117.2395
1438117200,117.2395,117.4445,116.9045,116.9865
1438203600,116.9865,117.1915,116.6795,117.1175
1438290000,117.1175,117.9255,116.8525,117.7535
1438549200,117.7535,118.0975,117.4375,118.0865
1438635600,118.0865,118.2715,117.7875,117.8965
1438722000,117.8965,117.8965,116.7505,117.1135
1438808400,117.1135,117.5365,116.8385,117.4155
1438894800,117.4155,118.2695,117.2145,118.2695
1439154000,118.2695,118.2695,117.3675,117.4075
1439240400,117.4075,118.5125,117.4075,118.3915
1439326800,118.3915,119.1895,118.3085,118.5725
1439413200,118.5725,118.5725,117.8145,118.1215
1439499600,118.1215,118.2775,117.6015,117.9465
1439758800,117.9465,118.4595,117.8465,118.3645
1439845200,118.3645,118.6395,117.7345,117.9035
1439931600,117.9035,118.303,117.619,118.275
1440018000,118.275,119.094,118.275,119.038
1440104400,119.038,119.74,119.038,119.74
1440363600,119.74,120.552,119.423,119.481
1440450000,119.481,119.706,118.609,118.736
1440536400,118.736,119.294,118.184,118.247
1440622800,118.247,118.404,117.828,118.05
1440709200,118.05,118.923,118.05,118.228
1441054800,118.228,118.729,117.969,118.561
1441141200,118.561,118.907,118.239,118.47
1441227600,118.47,118.906,118.391,118.763
1441314000,118.763,119.612,118.763,119.539
1441573200,119.539,119.674,119.202,119.674
1441659600,119.674,119.674,119.129,119.169
1441746000,119.169,119.293,118.649,118.948
1441832400,118.948,119.447,118.941,119.019
1441918800,119.019,119.517,118.912,119.352
1442178000,119.352,119.478,119.072,119.152
1442264400,119.152,119.206,118.426,118.426
1442350800,118.426,118.541,117.935,118.306
1442437200,118.306,118.306,118.015,118.125
1442523600,118.125,119.469,118.125,119.355
1442782800,119.355,119.355,118.734,118.807
1442869200,118.807,119.932,118.807,119.901
1442955600,119.901,119.901,119.504,119.74
1443042000,119.74,120.386,119.522,120.184
1443128400,120.184,120.184,119.128,119.418
1443387600,119.418,120.014,119.355,119.931
1443474000,119.931,120.247,119.714,120.155
1443560400,120.155,120.155,119.582,120.015
1443646800,120.015,120.297,119.756,120.076
1443733200,120.076,121.125,119.695,120.569
1443992400,120.569,120.569,119.695,119.745
1444078800,119.745,119.798,119.253,119.604
1444165200,119.604,119.604,119.044,119.353
1444251600,119.353,119.798,119.343,119.363
1444338000,119.363,119.436,118.902,118.971
1444597200,118.971,119.415,118.936,119.355
1444683600,119.355,119.7075,119.1345,119.3275
1444770000,119.3275,120.0395,119.3275,119.9285
1444856400,119.9285,120.1445,119.6345,119.7885
1444942800,119.7885,119.9235,119.5575,119.6275
1445202000,119.6275,119.6275,119.2285,119.4175
1445288400,119.4175,119.5225,118.8665,119.0565
1445374800,119.0565,119.6905,119.0565,119.5795
1445461200,119.5795,119.7625,119.2605,119.7205
1445547600,119.7205,119.7205,118.9085,118.9595
1445806800,118.9595,119.3595,118.8405,119.3525
1445893200,119.3525,119.9735,119.2825,119.9325
1445979600,119.9325,119.9325,119.3215,119.5415
1446066000,119.5415,119.5415,118.2655,118.2855
1446152400,118.2855,118.5655,118.1065,118.3415
1446415200,118.3415,118.3415,117.8985,118.1515
1446501600,118.1515,118.2715,117.6455,117.6495
1446588000,117.6495,117.8575,117.4305,117.5625
1446674400,117.5625,117.9585,117.3885,117.7565
1446760800,117.7565,118.1415,116.9845,117.1445
1447020000,117.1445,117.1465,116.6355,117.0355
1447106400,117.0355,117.3295,116.9165,117.2565
1447192800,117.2565,117.2565,116.9065,116.9465
1447279200,116.9465,117.3685,116.8605,117.3155
1447365600,117.3155,117.7315,117.3025,117.5695
1447624800,117.5695,117.9865,117.5545,117.8445
1447711200,117.8445,117.9365,117.4085,117.7525
1447797600,117.7525,118.1545,117.7525,118.0785
1447884000,118.0785,118.4575,118.0785,118.3755
1447970400,118.3755,118.6175,118.2205,118.4665
1448229600,118.4665,118.4875,118.0345,118.4775
1448316000,118.4775,118.8825,118.4715,118.5375
1448402400,118.5375,118.6625,118.2885,118.3675
1448488800,118.3675,118.8805,118.3675,118.7995
1448575200,118.7995,119.1785,118.7735,119.0755
1448834400,119.0755,119.1385,118.7795,118.8965
1448920800,118.8965,119.5785,118.6045,119.4985
1449007200,119.4985,119.8845,119.3645,119.5435
1449093600,119.5435,119.643,118.2535,118.3215
1449180000,118.3215,118.5915,117.5065,118.0165
1449439200,118.0165,119.1295,117.9915,119.0995
1449525600,119.0995,119.1815,118.6865,118.9125
1449612000,118.9125,118.9435,118.2295,118.5545
1449698400,118.5545,118.9525,118.4495,118.4795
1449784800,118.4795,119.2025,118.4435,119.0205
1450044000,119.0205,119.1395,118.4965,118.5215
1450130400,118.5215,118.7305,117.7065,117.7505
1450216800,117.7505,118.0095,117.7505,117.8535
1450303200,117.8535,118.8125,117.8535,118.6925
1450389600,118.6925,119.1475,118.6035,118.8655
1450648800,118.8655,119.0825,118.6025,119.0115
1450735200,119.0115,119.0115,118.2625,118.4175
1450821600,118.4175,118.4175,117.7735,117.8125
1450908000,117.8125,118.0775,117.8025,118.0175
1451340000,118.0175,118.4535,118.0065,118.1375
1451426400,118.1375,118.1375,117.2215,117.3715
1451512800,117.3715,117.8785,117.3155,117.6065
1451858400,117.6065,118.4065,117.6065,118.2495
1451944800,118.2495,118.4235,118.0425,118.3605
1452031200,118.3605,119.1465,118.3605,119.0555
1452117600,119.0555,119.7245,118.8055,119.1465
1452204000,119.1465,119.5705,118.8565,119.2775
1452463200,119.2775,119.4095,119.0005,119.3185
1452549600,119.3185,119.6105,118.8885,119.4905
1452636000,119.4905,119.5925,119.2425,119.5705
1452722400,119.5705,120.0865,119.4905,119.5005
1452808800,119.5005,120.6295,119.5005,120.3455
1453068000,120.3455,120.3455,119.8745,119.9945
1453154400,119.9945,120.0545,119.3835,120.0245
1453240800,120.0245,120.8195,120.0245,120.6885
1453327200,120.6885,120.6885,120.0245,120.1455
1453413600,120.1455,120.1455,119.4525,119.6925
1453672800,119.6925,120.0785,119.6925,119.9045
1453759200,119.9045,120.5115,119.7545,119.8645
1453845600,119.8645,120.1095,119.6245,119.7035
1453932000,119.7035,120.3695,119.7035,119.9455
1454018400,119.9455,121.0705,119.9455,121.0005
1454277600,121.0005,121.0345,120.2775,120.4375
1454364000,120.4375,121.2275,120.4375,121.1815
1454450400,121.1815,121.6845,120.7315,121.2925
1454536800,121.2925,121.2925,120.6415,120.8805
1454623200,120.8805,121.3995,120.6805,121.0915
1454882400,121.0915,122.4575,120.9245,122.3465
1454968800,122.3465,122.6095,121.9375,122.4265
1455055200,122.4265,122.4365,122.0035,122.3065
1455141600,122.3065,124.1255,122.3065,123.2595
1455228000,123.2595,123.2595,122.1255,122.1905
1455487200,122.1905,122.2665,121.6475,122.1755
1455573600,122.1755,122.2285,121.6475,121.9465
1455660000,121.9465,122.3245,121.4735,121.7085
1455746400,121.7085,122.1355,121.4645,122.0795
1455832800,122.0795,122.6765,122.0795,122.1645
1456092000,122.1645,122.5165,121.9185,122.4355
1456178400,122.4355,122.4995,121.4845,122.1145
1456264800,122.1145,123.0985,122.1145,122.5555
1456351200,122.5555,122.9145,122.1765,122.8165
1456437600,122.8165,122.8165,122.2035,122.3045
1456696800,122.3045,123.0645,122.3045,122.9415
1456783200,122.9415,123.0955,122.0395,122.1695
1456869600,122.1695,122.1695,121.5775,121.6125
1456956000,121.6125,122.1155,121.4815,122.0685
1457042400,122.0685,122.0895,121.369,121.4575
1457301600,121.4575,121.7405,121.368,121.4275
1457388000,121.4275,122.6325,121.4275,122.2765
1457474400,122.2765,122.2765,121.4195,121.6025
1457560800,121.6025,121.8725,120.8615,120.9115
1457647200,120.9115,121.3115,120.5365,120.6235
1457902800,120.6235,120.9475,120.5035,120.6465
1457989200,120.6465,121.3995,120.6465,120.8445
1458075600,120.8445,121.2895,120.8185,120.9915
1458162000,120.9915,122.0935,120.9915,121.6425
1458248400,121.6425,121.9285,121.5445,121.7055
1458507600,121.7055,121.8695,121.3635,121.4235
1458594000,121.4235,121.9515,121.3935,121.4345
1458680400,121.4345,121.7675,121.1255,121.7315
1458766800,121.7315,122.0935,121.4335,121.4355
1459198800,121.4355,122.2255,121.4355,122.0895
1459285200,122.0895,122.3495,121.6025,121.9185
1459371600,121.9185,122.2295,121.8535,121.8535
1459458000,121.8535,122.1465,121.6255,122.0965
1459717200,122.0965,122.1725,121.6285,121.7765
1459803600,121.7765,122.6435,121.7765,122.3805
1459890000,122.3805,122.4025,121.9515,122.3005
1459976400,122.3005,122.9055,122.2245,122.8245
1460062800,122.8245,122.8245,122.3185,122.4175
1460322000,122.4175,122.7005,121.8525,122.1075
1460408400,122.1075,122.1075,121.4695,121.4875
1460494800,121.4875,121.8785,121.4335,121.7675
1460581200,121.7675,121.9275,121.3215,121.4765
1460667600,121.4765,122.0255,121.4765,121.9065
1460926800,121.9065,122.1005,121.2325,121.2805
1461013200,121.2805,121.3275,120.8825,121.1025
1461099600,121.1025,121.506,121.083,121.114
1461186000,121.114,121.114,120.161,120.31
1461272400,120.31,120.525,120.01,120.19
1461531600,120.19,120.346,119.848,120.092
1461618000,120.092,120.147,119.51,119.52
1461704400,119.52,120.085,119.52,120.003
1461790800,120.003,120.613,120.003,120.095
1461877200,120.095,120.431,119.906,120.126
1462222800,120.126,120.898,120.062,120.741
1462309200,120.741,120.975,120.515,120.883
1462395600,120.883,121.426,120.686,121.426
1462482000,121.426,121.87,121.426,121.793
1462741200,121.793,121.85,121.512,121.81
1462827600,121.81,121.931,121.543,121.931
1462914000,121.931,122.126,121.803,122.022
1463000400,122.022,122.217,121.633,121.767
1463086800,121.767,122.237,121.767,122.194
1463346000,122.194,122.299,121.816,121.938
1463432400,121.938,122.217,121.603,122.134
1463518800,122.134,122.134,121.341,121.528
1463605200,121.528,121.592,121.017,121.486
1463691600,121.486,121.555,121.127,121.336
1463950800,121.336,121.693,121.208,121.358
1464037200,121.358,121.543,120.998,121.058
1464123600,121.058,121.33,120.851,121.216
1464210000,121.216,121.651,121.078,121.641
1464296400,121.641,121.743,121.361,121.539
1464642000,121.539,121.539,120.894,121.489
1464728400,121.489,122.172,121.489,121.91
1464814800,121.91,122.334,121.794,122.317
1464901200,122.317,123.093,122.191,122.954
1465160400,122.954,123.04,122.676,122.895
1465246800,122.895,122.961,122.563,122.795
1465333200,122.795,123.021,122.6395,123.014
1465419600,123.014,123.306,122.998,123.032
1465506000,123.032,123.292,122.845,122.92
1465765200,122.92,123.489,122.92,123.347
1465851600,123.347,124.416,123.347,124.094
1465938000,124.094,124.455,123.476,124.293
1466024400,124.293,124.925,124.178,124.198
1466110800,124.198,124.489,123.903,124.205
1466370000,124.205,124.205,123.095,123.095
1466456400,123.095,123.209,122.601,122.629
1466542800,122.629,122.713,122.385,122.44
1466629200,122.44,122.583,121.654,121.816
1466715600,121.816,125.673,121.816,124.941
1466974800,124.941,126.632,124.941,126.588
1467061200,126.588,126.588,125.894,126.4335
1467147600,126.4335,126.558,126.026,126.488
1467234000,126.488,127.535,125.89,127.138
1467320400,127.138,128.297,127.118,127.4085
1467579600,127.4085,127.775,127.12,127.668
1467666000,127.668,128.436,127.668,128.405
1467752400,128.405,128.975,128.203,128.532
1467838800,128.532,128.636,128.027,128.473
1467925200,128.473,129.025,128.053,128.998
1468184400,128.998,129.253,128.605,128.715
1468270800,128.715,128.715,127.911,128.063
1468357200,128.063,128.968,128.063,128.909
1468443600,128.909,128.909,127.984,128.423
1468530000,128.423,128.523,127.896,128.066
1468789200,128.066,128.474,128.066,128.348
1468875600,128.348,128.775,128.226,128.453
1468962000,128.453,128.576,127.888,128.149
1469048400,128.149,128.199,127.578,128.155
1469134800,128.155,128.609,128.042,128.57
1469394000,128.57,128.57,128.113,128.466
1469480400,128.466,128.972,128.146,128.306
1469566800,128.306,129.383,128.287,129.224
1469653200,129.224,129.705,129.224,129.582
1469739600,129.582,129.897,129.067,129.838
1469998800,129.838,129.838,129.302,129.427
1470085200,129.427,129.427,128.243,128.791
1470171600,128.791,128.851,128.49,128.767
1470258000,128.767,130.537,128.594,130.502
1470344400,130.502,130.594,130.042,130.096
1470603600,130.096,130.946,130.092,130.916
1470690000,130.916,131.39,130.703,131.228
1470776400,131.228,131.934,131.228,131.907
1470862800,131.907,131.968,131.498,131.548
1470949200,131.548,132.031,131.282,131.686
1471208400,131.686,132.128,131.541,131.76
1471294800,131.76,132.022,131.233,131.351
1471381200,131.351,131.756,131.01,131.599
1471467600,131.599,131.985,131.409,131.724
1471554000,131.724,131.772,130.912,131.072
1471813200,131.072,131.742,131.072,131.618
1471899600,131.618,132.04,131.43,131.744
1471986000,131.744,131.969,131.554,131.787
1472072400,131.787,131.864,131.42,131.612
1472158800,131.612,132.08,131.439,131.641
1472504400,131.641,132.399,131.641,132.087
1472590800,132.087,132.424,131.912,132.052
1472677200,132.052,132.052,131.174,131.806
1472763600,131.806,131.86,130.868,131.207
1473022800,131.207,131.522,131.066,131.21
1473109200,131.21,131.863,131.069,131.803
1473195600,131.803,132.05,131.55,131.587
1473282000,131.587,131.675,130.529,130.536
1473368400,130.536,130.596,129.43,129.49
1473627600,129.49,129.587,129.006,129.456
1473714000,129.456,129.955,128.357,128.448
1473800400,128.448,129.414,128.448,129.266
1473886800,129.266,129.473,128.535,129.003
1473973200,129.003,129.83,129.003,129.548
1474232400,129.548,129.596,129.294,129.534
1474318800,129.534,130.302,129.466,130.272
1474405200,130.272,130.408,129.848,130.23
1474491600,130.23,131.236,130.23,131.106
1474578000,131.106,131.298,130.905,131.094
1474837200,131.094,131.468,131.068,131.418
1474923600,131.418,131.936,131.185,131.657
1475010000,131.657,131.736,131.275,131.519
1475096400,131.519,131.519,130.783,131.334
1475182800,131.334,131.632,130.467,130.497
1475442000,130.497,131.003,130.497,130.906
1475528400,130.906,131.091,130.197,130.287
1475614800,130.287,130.435,129.782,129.992
1475701200,129.992,130.28,128.915,129.095
1475787600,129.095,129.095,127.762,128.338
1476046800,128.338,128.338,127.499,127.532
1476133200,127.532,128.303,127.532,127.989
1476219600,127.989,128.056,127.293,127.503
1476306000,127.503,128.141,127.503,127.729
1476392400,127.729,127.729,126.372,126.922
1476651600,126.922,126.922,125.627,126.746
1476738000,126.746,127.296,126.51,127.155
1476824400,127.155,127.43,126.929,127.1
1476910800,127.1,127.297,126.422,127.066
1476997200,127.066,127.549,126.852,127.131
1477256400,127.131,127.63,126.948,127.268
1477342800,127.268,127.313,126.741,126.888
1477429200,126.888,127.181,126.217,126.367
1477515600,126.367,126.715,125.01,125.425
1477602000,125.425,125.568,124.795,125.396
1477861200,125.396,125.784,125.262,125.47
1477947600,125.47,125.519,124.949,125.197
1478034000,125.197,126.406,125.197,126.355
1478120400,126.355,126.653,125.302,125.862
1478206800,125.862,126.918,125.862,126.702
1478469600,126.702,126.702,125.872,126.062
1478556000,126.062,126.149,125.364,125.424
1478642400,125.424,126.406,124.843,125.322
1478728800,125.322,125.322,124.146,124.444
1478815200,124.444,124.648,123.807,124.304
1479074400,124.304,124.304,123.08,123.963
1479160800,123.963,124.593,123.844,124.306
1479247200,124.306,124.39,123.665,124.209
1479333600,124.209,124.605,123.753,123.884
1479420000,123.884,124.041,123.093,123.457
1479679200,123.457,124.027,123.457,123.877
1479765600,123.877,124.584,123.877,124.433
1479852000,124.433,124.661,123.338,123.713
1479938400,123.713,124.004,123.594,123.843
1480024800,123.843,124.39,123.843,124.179
1480284000,124.179,124.687,124.173,124.254
1480370400,124.254,124.696,124.107,124.618
1480456800,124.618,124.84,123.827,123.973
1480543200,123.973,123.994,122.795,122.946
1480629600,122.946,124.602,122.946,124.589
1480888800,124.589,124.589,123.506,124.45
1480975200,124.45,124.547,123.901,123.997
1481061600,123.997,124.78,123.997,124.74
1481148000,124.74,124.746,123.956,124.409
1481234400,124.409,124.509,123.4,123.571
1481493600,123.571,123.571,122.972,123.435
1481580000,123.435,124.131,123.435,123.748
1481666400,123.748,124.496,123.748,124.45
1481752800,124.45,124.45,122.702,123.366
1481839200,123.366,123.991,123.187,123.802
1482098400,123.802,124.355,123.643,124.234
1482184800,124.234,124.398,123.717,124.361
1482271200,124.361,124.694,124.193,124.523
1482357600,124.523,124.869,124.459,124.838
1482444000,124.838,125.273,124.724,125.16
1482876000,125.16,125.66,125.16,125.595
1482962400,125.595,126.543,125.595,126.417
1483048800,126.417,126.548,126.064,126.413
1483394400,126.413,126.413,124.825,125.475
1483480800,125.475,125.533,125.13,125.19
1483567200,125.19,125.847,124.724,125.653
1483653600,125.653,125.67,124.696,124.834
1483912800,124.834,125.431,124.71,125.247
1483999200,125.247,125.376,124.842,124.962
1484085600,124.962,125.298,124.787,125.277
1484172000,125.277,125.775,125.277,125.6
1484258400,125.6,125.673,124.724,124.999
1484517600,124.999,125.54,124.999,125.462
1484604000,125.462,126.176,125.332,125.602
1484690400,125.602,125.602,125.188,125.325
1484776800,125.325,125.325,124.305,124.445
1484863200,124.445,124.833,124.035,124.211
1485122400,124.211,125.116,124.211,124.912
1485208800,124.912,124.917,124.47,124.515
1485295200,124.515,124.515,123.536,123.644
1485381600,123.644,123.644,122.98,123.239
1485468000,123.239,123.775,123.185,123.764
1485727200,123.764,124.148,123.337,123.889
1485813600,123.889,124.277,123.542,124.131
1485900000,124.131,124.131,123.594,123.734
1485986400,123.734,124.812,123.517,124.412
1486072800,124.412,124.966,124.145,124.837
1486332000,124.837,125.499,124.678,125.468
1486418400,125.468,125.735,125.22,125.662
1486504800,125.662,126.588,125.662,126.568
1486591200,126.568,126.568,126.052,126.141
1486677600,126.141,126.185,125.765,126.135
1486936800,126.135,126.135,125.535,125.67
1487023200,125.67,125.819,125.198,125.459
1487109600,125.459,125.744,125.373,125.613
1487196000,125.613,126.148,125.558,126.1
1487282400,126.1,126.865,125.888,126.645
1487541600,126.645,126.655,126.325,126.503
1487628000,126.503,126.503,126.06,126.417
1487714400,126.417,127.153,126.193,126.829
1487800800,126.829,127.457,126.768,127.419
1487887200,127.419,128.532,127.419,128.339
1488146400,128.339,128.573,128.245,128.265
1488232800,128.265,128.667,128.028,128.466
1488319200,128.466,128.466,127.795,127.952
1488405600,127.952,128.286,127.677,127.708
1488492000,127.708,128.202,127.708,128.092
1488751200,128.092,128.599,127.683,127.69
1488837600,127.69,128.148,127.596,127.947
1488924000,127.947,127.947,127.251,127.683
1489010400,127.683,127.966,127.392,127.596
1489096800,127.596,127.748,127.119,127.492
1489352400,127.492,127.961,127.189,127.276
1489438800,127.276,127.552,126.954,127.48
1489525200,127.48,127.786,127.348,127.741
1489611600,127.741,127.904,126.756,127.112
1489698000,127.112,127.494,126.805,127.268
1489957200,127.268,127.482,126.987,127.344
1490043600,127.344,127.409,126.645,127.261
1490130000,127.261,128.123,127.247,128.072
1490216400,128.072,128.193,127.41,127.46
1490302800,127.46,127.893,127.186,127.864
1490562000,127.864,128.397,127.864,128.127
1490648400,128.127,128.163,127.795,127.813
1490734800,127.813,128.414,127.468,128.391
1490821200,128.391,128.76,128.391,128.712
1490907600,128.712,128.817,128.389,128.496
1491166800,128.496,129.368,128.364,129.307
1491253200,129.307,129.69,129.227,129.368
1491339600,129.368,129.502,128.73,128.943
1491426000,128.943,129.326,128.848,128.943
1491512400,128.943,129.588,128.89,129.024
1491771600,129.024,129.203,128.759,129.127
1491858000,129.127,129.464,128.871,129.281
1491944400,129.281,129.498,129.162,129.468
1492030800,129.468,129.863,129.46,129.703
1492462800,129.703,129.994,129.259,129.804
1492549200,129.804,129.804,129.096,129.276
1492635600,129.276,129.501,128.878,129.262
1492722000,129.262,129.625,129.167,129.494
1492981200,129.494,129.494,128.526,129.312
1493067600,129.312,129.312,128.695,128.87
1493154000,128.87,129.042,128.704,128.921
1493240400,128.921,129.232,128.715,129.155
1493326800,129.155,129.155,128.628,128.968
1493672400,128.968,128.968,128.541,128.834
1493758800,128.834,129.051,128.771,129.018
1493845200,129.018,129.018,128.475,128.602
1493931600,128.602,128.842,128.425,128.502
1494190800,128.502,128.671,128.024,128.047
1494277200,128.047,128.047,127.275,127.576
1494363600,127.576,127.971,127.506,127.78
1494450000,127.78,128.009,127.589,127.939
1494536400,127.939,128.882,127.932,128.71
1494795600,128.71,128.71,128.083,128.142
1494882000,128.142,128.493,127.872,128.168
1494968400,128.168,129.133,128.168,129.132
1495054800,129.132,129.465,128.929,129.151
1495141200,129.151,129.151,128.569,128.647
1495400400,128.647,128.995,128.554,128.782
1495486800,128.782,129.111,128.744,128.83
1495573200,128.83,129.091,128.692,128.908
1495659600,128.908,129.332,128.908,129.273
1495746000,129.273,129.717,129.16,129.637
1496091600,129.637,129.904,129.442,129.774
1496178000,129.774,129.863,129.104,129.126
1496264400,129.126,129.244,128.722,128.838
1496350800,128.838,129.317,128.838,129.167
1496610000,129.167,129.206,128.8,129.161
1496696400,129.161,129.822,129.161,129.715
1496782800,129.715,129.861,129.49,129.696
1496869200,129.696,129.696,129.039,129.057
1496955600,129.057,129.648,128.79,129.545
1497214800,129.545,130.055,129.411,130.055
1497301200,130.055,130.055,128.983,129.175
1497387600,129.175,130.424,129.101,130.39
1497474000,130.39,130.39,129.097,129.099
1497560400,129.099,129.477,128.728,129.367
1497819600,129.367,129.367,128.953,129.027
1497906000,129.027,129.663,128.955,129.58
1497992400,129.58,129.82,128.981,129.289
1498078800,129.289,129.614,129.209,129.315
1498165200,129.315,129.315,128.778,129.046
1498424400,129.046,129.482,128.875,129.205
1498510800,129.205,129.357,128.263,128.284
1498597200,128.284,128.284,127.265,127.433
1498683600,127.433,127.433,126.506,126.64
1498770000,126.64,127.013,126.172,126.394
1499029200,126.394,126.712,125.941,126.448
1499115600,126.448,126.726,126.403,126.603
1499202000,126.603,126.654,126.119,126.488
1499288400,126.488,126.488,125.703,125.791
1499374800,125.791,126.245,125.643,126.04
1499634000,126.04,126.453,125.851,126.245
1499720400,126.245,126.371,125.923,126.284
1499806800,126.284,126.631,126.149,126.431
1499893200,126.431,126.752,125.914,126.077
1499979600,126.077,126.38,125.795,125.945
1500238800,125.945,126.434,125.893,126.26
1500325200,126.26,127.075,126.052,126.84
1500411600,126.84,127.276,126.665,127.173
1500498000,127.173,127.255,126.859,127.061
1500584400,127.061,127.423,127.014,127.291
1500843600,127.291,127.421,127.111,127.156
1500930000,127.156,127.265,126.361,126.436
1501016400,126.436,126.775,126.436,126.59
1501102800,126.59,127.186,126.59,127.082
1501189200,127.082,127.185,126.619,126.909
1501448400,126.909,127,126.565,126.694
1501534800,126.694,127.035,126.312,126.826
1501621200,126.826,126.843,126.313,126.674
1501707600,126.674,127.615,126.443,127.584
1501794000,127.584,127.648,127.181,127.211
1502053200,127.211,127.689,127.15,127.638
1502139600,127.638,127.671,127.377,127.506
1502226000,127.506,128.12,127.506,127.987
1502312400,127.987,128.328,127.769,128.249
1502398800,128.249,128.781,128.249,128.408
1502658000,128.408,128.408,127.987,128.341
1502744400,128.341,128.341,127.829,128.189
1502830800,128.189,128.242,127.699,128.059
1502917200,128.059,128.261,127.759,128.166
1503003600,128.166,128.419,127.983,128.051
1503262800,128.051,128.483,128.034,128.207
1503349200,128.207,128.321,127.909,128.057
1503435600,128.057,128.508,127.909,128.314
1503522000,128.314,128.517,128.199,128.496
1503608400,128.496,128.496,128.206,128.454
1503954000,128.454,129.162,128.454,128.934
1504040400,128.934,128.934,128.507,128.692
1504126800,128.692,128.718,128.448,128.63
1504213200,128.63,128.747,128.15,128.336
1504472400,128.336,128.533,128.298,128.32
1504558800,128.32,128.993,128.149,128.932
1504645200,128.932,128.996,128.652,128.78
1504731600,128.78,129.395,128.513,129.185
1504818000,129.185,129.479,128.841,128.939
1505077200,128.939,128.939,128.381,128.463
1505163600,128.463,128.463,127.239,127.36
1505250000,127.36,127.644,127.173,127.268
1505336400,127.268,127.8,126.056,126.106
1505422800,126.106,126.341,125.124,125.439
1505682000,125.439,125.57,125.148,125.507
1505768400,125.507,125.742,125.083,125.103
1505854800,125.103,125.433,124.89,124.91
1505941200,124.91,124.91,124.563,124.74
1506027600,124.74,125.152,124.691,124.878
1506286800,124.878,125.264,124.729,125.261
1506373200,125.261,125.356,124.93,125.086
1506459600,125.086,125.086,124.382,124.632
1506546000,124.632,124.823,124.112,124.82
1506632400,124.82,125.037,124.581,124.691
1506891600,124.691,125.269,124.416,125.106
1506978000,125.106,125.106,124.59,124.891
1507064400,124.891,125.127,124.536,124.644
1507150800,124.644,125.06,124.485,124.595
1507237200,124.595,124.857,124.22,124.735
1507496400,124.735,124.905,124.546,124.846
1507582800,124.846,124.846,124.379,124.752
1507669200,124.752,124.752,124.431,124.52
1507755600,124.52,124.815,124.431,124.559
1507842000,124.559,124.922,124.28,124.754
1508101200,124.754,125.071,124.273,125.069
1508187600,125.069,125.734,124.797,125.697
1508274000,125.697,125.756,125.159,125.243
1508360400,125.243,125.749,125.171,125.65
1508446800,125.65,125.65,124.955,125.118
1508706000,125.118,125.392,124.945,125.158
1508792400,125.158,125.227,124.651,124.8
1508878800,124.8,124.955,123.846,124.266
1508965200,124.266,124.507,124.109,124.497
1509051600,124.497,124.889,124.196,124.747
1509310800,124.747,125.046,124.658,124.965
1509397200,124.965,125.164,124.846,124.992
1509483600,124.992,124.992,124.449,124.81
1509570000,124.81,125.879,124.59,125.769
1509656400,125.769,126.096,125.566,125.655
1509919200,125.655,125.978,125.652,125.672
1510005600,125.672,126.06,125.504,125.995
1510092000,125.995,126.405,125.951,125.961
1510178400,125.961,126.16,125.559,125.77
1510264800,125.77,125.77,124.785,124.835
1510524000,124.835,125.237,124.835,124.948
1510610400,124.948,125.174,124.715,125.117
1510696800,125.117,125.65,125.117,125.392
1510783200,125.392,125.406,125.063,125.138
1510869600,125.138,125.271,124.883,125.21
1511128800,125.21,125.378,124.94,125.217
1511215200,125.217,125.711,125.217,125.384
1511301600,125.384,125.641,125.138,125.501
1511388000,125.501,125.774,125.379,125.749
1511474400,125.749,125.749,125.456,125.698
1511733600,125.698,125.79,125.423,125.584
1511820000,125.584,125.83,125.139,125.151
1511906400,125.151,125.151,124.494,124.674
1511992800,124.674,124.837,124.324,124.644
1512079200,124.644,126.048,124.644,125.729
1512338400,125.729,125.729,125.078,125.161
1512424800,125.161,125.63,125.161,125.536
1512511200,125.536,126.057,125.536,125.801
1512597600,125.801,125.898,125.362,125.41
1512684000,125.41,125.41,124.747,125.281
1512943200,125.281,126.177,125.281,126.095
1513029600,126.095,126.095,125.758,125.822
1513116000,125.822,126.028,125.563,125.994
1513202400,125.994,126.457,125.785,126.447
1513288800,126.447,126.743,126.369,126.659
1513548000,126.659,126.69,126.433,126.587
1513634400,126.587,126.587,125.79,125.79
1513720800,125.79,125.855,125.277,125.478
1513807200,125.478,125.478,125.099,125.356
1513893600,125.356,125.628,125.356,125.58
1514325600,125.58,126.353,125.535,126.331
1514412000,126.331,126.331,125.902,125.959
1514498400,125.959,126.269,125.842,126.067
1514844000,126.067,126.067,124.911,124.961
1514930400,124.961,125.817,124.925,125.741
1515016800,125.741,125.741,125.347,125.625
1515103200,125.625,125.735,125.373,125.444
1515362400,125.444,125.757,125.216,125.483
1515448800,125.483,125.535,124.98,125.083
1515535200,125.083,125.094,124.731,124.939
1515621600,124.939,125.27,124.578,124.705
1515708000,124.705,124.712,124.025,124.476
1515967200,124.476,124.701,124.399,124.46
1516053600,124.46,124.911,124.46,124.677
1516140000,124.677,124.851,124.576,124.719
1516226400,124.719,124.719,124.227,124.417
1516312800,124.417,124.517,124.117,124.324
1516572000,124.324,124.338,123.957,124.04
1516658400,124.04,124.446,124.04,124.122
1516744800,124.122,124.122,123.329,123.595
1516831200,123.595,123.742,123.239,123.519
1516917600,123.519,123.744,123.137,123.177
1517176800,123.177,123.177,122.868,123.021
1517263200,123.021,123.226,122.897,122.933
1517349600,122.933,123.11,122.424,122.524
1517436000,122.524,122.524,122.056,122.172
1517522400,122.172,122.172,121.461,121.959
1517781600,121.959,122.132,121.703,122.122
1517868000,122.122,122.728,122.103,122.293
1517954400,122.293,122.451,121.962,121.982
1518040800,121.982,122.167,120.959,121.648
1518127200,121.648,122.092,121.238,121.906
1518386400,121.906,121.906,121.197,121.377
1518472800,121.377,121.755,121.24,121.41
1518559200,121.41,121.683,120.989,121.018
1518645600,121.018,121.14,120.54,121.059
1518732000,121.059,121.822,120.963,121.708
1518991200,121.708,121.708,121.398,121.41
1519077600,121.41,121.813,121.163,121.653
1519164000,121.653,122.166,121.653,121.912
1519250400,121.912,122.133,121.63,121.992
1519336800,121.992,122.383,121.992,122.383
1519596000,122.383,122.434,122.011,122.343
1519682400,122.343,122.52,121.751,121.785
1519768800,121.785,122.472,121.785,122.441
1519855200,122.441,123.05,122.415,122.817
1519941600,122.817,123.272,122.683,122.723
1520200800,122.723,123.15,122.246,122.246
1520287200,122.246,122.392,121.723,122.054
1520373600,122.054,122.602,122.054,122.387
1520460000,122.387,122.826,122.078,122.684
1520546400,122.684,122.684,122.296,122.466
1520802000,122.466,122.517,122.304,122.444
1520888400,122.444,122.789,122.354,122.534
1520974800,122.534,123.107,122.455,122.947
1521061200,122.947,123.156,122.84,123.027
1521147600,123.027,123.227,122.832,123.019
1521406800,123.019,123.019,122.205,122.803
1521493200,122.803,122.997,122.39,122.449
1521579600,122.449,122.473,121.734,122.055
1521666000,122.055,123.306,122.055,122.922
1521752400,122.922,123.218,122.47,122.797
1522011600,122.797,122.89,122.508,122.869
1522098000,122.869,123.151,122.719,123.13
1522184400,123.13,123.705,123.13,123.573
1522270800,123.573,123.898,123.521,123.877
1522702800,123.877,123.916,123.559,123.621
1522789200,123.621,123.944,123.498,123.568
1522875600,123.568,123.568,122.994,123.079
1522962000,123.079,123.366,123.054,123.284
1523221200,123.284,123.284,123.034,123.192
1523307600,123.192,123.284,122.951,123.12
1523394000,123.12,123.666,123.063,123.298
1523480400,123.298,123.385,122.551,122.636
1523566800,122.636,122.927,122.438,122.907
1523826000,122.907,122.907,122.314,122.57
1523912400,122.57,122.874,122.234,122.864
1523998800,122.864,123.601,122.747,123.074
1524085200,123.074,123.074,121.937,122.118
1524171600,122.118,122.705,122.118,122.238
1524430800,122.238,122.238,121.724,121.846
1524517200,121.846,122.108,121.483,121.853
1524603600,121.853,121.853,121.394,121.702
1524690000,121.702,122.154,121.702,122.033
1524776400,122.033,122.77,122.033,122.656
1525035600,122.656,122.975,122.477,122.975
1525122000,122.975,123.117,122.748,122.995
1525208400,122.995,122.995,122.394,122.501
1525294800,122.501,123.335,122.289,123.096
1525381200,123.096,123.527,123.053,123.143
1525726800,123.143,123.225,122.588,122.628
1525813200,122.628,122.628,122.204,122.406
1525899600,122.406,123.019,122.339,122.805
1525986000,122.805,122.911,122.532,122.545
1526245200,122.545,122.638,122.125,122.31
1526331600,122.31,122.344,121.797,121.81
1526418000,121.81,122.182,121.81,121.98
1526504400,121.98,121.98,121.328,121.405
1526590800,121.405,122.064,121.396,122.021
1526850000,122.021,122.326,121.923,122.212
1526936400,122.212,122.212,121.669,121.866
1527022800,121.866,122.688,121.866,122.567
1527109200,122.567,123.109,122.36,122.978
1527195600,122.978,124.001,122.978,123.809
1527541200,123.809,125.96,123.809,125.029
1527627600,125.029,125.029,124.194,124.432
1527714000,124.432,124.762,124.039,124.604
1527800400,124.604,124.604,123.801,124.097
1528059600,124.097,124.151,123.764,123.784
1528146000,123.784,124.108,123.605,124.006
1528232400,124.006,124.006,123.006,123.021
1528318800,123.021,123.107,122.656,122.995
1528405200,122.995,123.665,122.845,122.985
1528664400,122.985,122.985,122.503,122.764
1528750800,122.764,122.954,122.422,122.832
1528837200,122.832,123.342,122.826,123.094
1528923600,123.094,123.684,122.926,123.681
1529010000,123.681,123.998,123.383,123.618
1529269200,123.618,123.845,123.477,123.599
1529355600,123.599,124.236,123.599,124.06
1529442000,124.06,124.087,123.757,123.78
1529528400,123.78,124.15,123.295,124.14
1529614800,124.14,124.14,123.582,123.605
1529874000,123.605,124.132,123.575,123.856
1529960400,123.856,124.019,123.527,123.724
1530046800,123.724,124.33,123.724,124.276
1530133200,124.276,124.423,124.099,124.167
1530219600,124.167,124.167,123.601,123.975
1530478800,123.975,124.25,123.967,124.107
1530565200,124.107,124.377,123.785,124.326
1530651600,124.326,124.339,123.883,123.902
1530738000,123.902,124.235,123.673,124.164
1530824400,124.164,124.306,124.01,124.05
1531083600,124.05,124.278,123.589,124.056
1531170000,124.056,124.056,123.639,123.668
1531256400,123.668,123.974,123.569,123.768
1531342800,123.768,123.98,123.682,123.843
1531429200,123.843,124.276,123.843,123.989
1531688400,123.989,123.989,123.606,123.877
1531774800,123.877,124.139,123.805,124.057
1531861200,124.057,124.723,123.981,124.381
1531947600,124.381,124.901,124.191,124.861
1532034000,124.861,124.986,124.258,124.337
1532293200,124.337,124.379,123.884,123.924
1532379600,123.924,124.035,123.616,123.903
1532466000,123.903,124.055,123.825,123.915
1532552400,123.915,123.929,123.634,123.834
1532638800,123.834,123.954,123.683,123.872
1532898000,123.872,123.875,123.007,123.277
1532984400,123.277,123.452,123.13,123.307
1533070800,123.307,123.307,122.665,122.814
1533157200,122.814,123.107,122.567,122.794
1533243600,122.794,123.327,122.794,123.246
1533502800,123.246,123.587,123.118,123.495
1533589200,123.495,123.62,123.134,123.254
1533675600,123.254,123.43,123.157,123.374
1533762000,123.374,123.619,123.321,123.554
1533848400,123.554,124.117,123.554,124.106
1534107600,124.106,124.199,123.764,123.954
1534194000,123.954,123.954,123.606,123.873
1534280400,123.873,124.365,123.807,124.181
1534366800,124.181,124.285,123.985,124.141
1534453200,124.141,124.497,124.093,124.103
1534712400,124.103,124.282,123.934,124.171
1534798800,124.171,124.255,123.7,123.76
1534885200,123.76,123.941,123.649,123.759
1534971600,123.759,123.833,123.549,123.693
1535058000,123.693,123.752,123.439,123.648
1535403600,123.648,123.648,123.136,123.295
1535490000,123.295,123.479,122.755,122.984
1535576400,122.984,123.315,122.886,123.244
1535662800,123.244,123.626,123.182,123.489
1535922000,123.489,123.81,123.322,123.753
1536008400,123.753,123.861,123.449,123.465
1536094800,123.465,123.681,122.942,123.274
1536181200,123.274,123.607,123.167,123.607
1536267600,123.607,123.607,123.074,123.219
1536526800,123.219,123.227,122.855,122.993
1536613200,122.993,122.993,122.651,122.766
1536699600,122.766,122.975,122.745,122.822
1536786000,122.822,122.955,122.501,122.752
1536872400,122.752,122.752,122.29,122.53
1537131600,122.53,122.59,122.251,122.362
1537218000,122.362,122.515,122.008,122.058
1537304400,122.058,122.082,121.558,121.645
1537390800,121.645,121.918,121.476,121.897
1537477200,121.897,122.282,121.71,122.18
1537736400,122.18,122.18,121.496,121.526
1537822800,121.526,121.526,121.245,121.345
1537909200,121.345,121.759,121.335,121.759
1537995600,121.759,122.176,121.629,121.709
1538082000,121.709,122.195,121.709,121.88
1538341200,121.88,121.88,121.42,121.65
1538427600,121.65,122.315,121.65,122.265
1538514000,122.265,122.265,121.681,121.681
1538600400,121.681,121.681,120.816,120.947
1538686800,120.947,120.947,120.243,120.323
1538946000,120.323,120.858,120.323,120.808
1539032400,120.808,120.808,120.386,120.476
1539118800,120.476,120.5,120.101,120.32
1539205200,120.32,120.86,120.32,120.779
1539291600,120.779,121.343,120.522,121.292
1539550800,121.292,121.546,121.292,121.439
1539637200,121.439,121.469,121.194,121.415
1539723600,121.415,121.799,121.415,121.556
1539810000,121.556,122.13,121.44,122.009
1539896400,122.009,122.169,121.476,121.587
1540155600,121.587,122.323,121.441,122.171
1540242000,122.171,122.684,122.153,122.569
1540328400,122.569,122.919,122.52,122.908
1540414800,122.908,123.063,122.747,122.966
1540501200,122.966,123.751,122.966,123.469
1540760400,123.469,123.724,123.209,123.329
1540846800,123.329,123.461,123.142,123.329
1540933200,123.329,123.329,122.677,122.947
1541019600,122.947,122.947,122.425,122.762
1541106000,122.762,122.762,122.265,122.285
1541368800,122.285,122.431,122.058,122.306
1541455200,122.306,122.35,121.882,121.885
1541541600,121.885,122.129,121.707,121.935
1541628000,121.935,121.935,121.585,121.645
1541714400,121.645,122.413,121.645,122.328
1541973600,122.328,122.914,122.328,122.7
1542060000,122.7,122.733,122.038,122.299
1542146400,122.299,122.623,122.109,122.482
1542232800,122.482,123.806,122.444,123.674
1542319200,123.674,123.674,122.963,123.185
1542578400,123.185,123.524,122.906,123.464
1542664800,123.464,123.639,123.166,123.377
1542751200,123.377,123.496,123.066,123.314
1542837600,123.314,123.539,122.874,123.024
1542924000,123.024,123.527,122.948,123.397
1543183200,123.397,123.397,123.031,123.095
1543269600,123.095,123.53,123.095,123.426
1543356000,123.426,123.64,123.317,123.406
1543442400,123.406,123.976,123.406,123.519
1543528800,123.519,123.771,123.432,123.542
1543788000,123.542,124.055,123.272,124.045
1543874400,124.045,124.48,123.705,124.318
1543960800,124.318,124.318,123.757,124.005
1544047200,124.005,124.785,124.005,124.462
1544133600,124.462,124.578,124.112,124.312
1544392800,124.312,125.397,124.312,124.809
1544479200,124.809,125.204,124.527,125.047
1544565600,125.047,125.208,124.163,124.177
1544652000,124.177,124.604,123.911,123.929
1544738400,123.929,124.634,123.929,124.384
1544997600,124.384,124.474,124.003,124.224
1545084000,124.224,124.595,123.903,124.054
1545170400,124.054,124.286,123.964,124.025
1545256800,124.025,124.704,123.986,124.046
1545343200,124.046,124.055,123.504,123.733
1545602400,123.733,124.214,123.596,124.149
1545861600,124.149,124.32,123.653,123.715
1545948000,123.715,124.247,123.637,124.232
1546207200,124.232,124.232,123.609,123.966
1546380000,123.966,124.928,123.966,124.53
1546466400,124.53,124.899,124.166,124.672
1546552800,124.672,124.672,123.834,123.954
1546812000,123.954,124.353,123.841,124.048
1546898400,124.048,124.048,123.771,123.828
1546984800,123.828,124.202,123.563,124.04
1547071200,124.04,124.367,123.72,123.73
1547157600,123.73,124.167,123.442,123.601
1547416800,123.601,123.923,123.208,123.433
1547503200,123.433,123.915,123.308,123.902
1547589600,123.902,123.902,123.016,123.325
1547676000,123.325,123.521,123.066,123.116
1547762400,123.116,123.163,122.738,123.059
1548021600,123.059,123.403,123.059,123.221
1548108000,123.221,123.512,123.095,123.275
1548194400,123.275,123.428,122.914,123.186
1548280800,123.186,123.888,123.178,123.878
1548367200,123.878,123.878,123.196,123.201
1548626400,123.201,123.745,123.122,123.612
1548712800,123.612,123.842,123.434,123.636
1548799200,123.636,123.809,123.569,123.745
1548885600,123.745,124.129,123.745,124.07
1548972000,124.07,124.161,123.678,123.807
1549231200,123.807,123.874,123.42,123.528
1549317600,123.528,124.034,123.422,123.945
1549404000,123.945,124.178,123.907,124.125
1549490400,124.125,124.68,124.119,124.467
1549576800,124.467,124.83,124.443,124.807
1549836000,124.807,124.807,124.284,124.399
1549922400,124.399,124.514,124.236,124.363
1550008800,124.363,124.562,124.114,124.293
1550095200,124.293,124.848,124.293,124.616
1550181600,124.616,124.66,124.328,124.416
1550440800,124.416,124.523,124.311,124.41
1550527200,124.41,124.615,124.291,124.361
1550613600,124.361,124.485,124.2,124.292
1550700000,124.292,124.292,123.833,124.062
1550786400,124.062,124.636,124.062,124.577
1551045600,124.577,124.577,124.207,124.217
1551132000,124.217,124.39,124.071,124.158
1551218400,124.158,124.25,123.419,123.614
1551304800,123.614,123.81,123.157,123.387
1551391200,123.387,123.4,123.069,123.325
1551650400,123.325,123.575,123.082,123.54
1551736800,123.54,123.622,123.288,123.436
1551823200,123.436,123.998,123.436,123.93
1551909600,123.93,124.56,123.817,124.339
1551996000,124.339,124.448,124.136,124.343
1552251600,124.343,124.516,124.145,124.259
1552338000,124.259,124.568,123.678,124.56
1552424400,124.56,124.56,124.062,124.154
1552510800,124.154,124.154,123.665,123.96
1552597200,123.96,124.215,123.786,124.043
1552856400,124.043,124.328,123.914,124.177
1552942800,124.177,124.352,123.879,124.196
1553029200,124.196,124.64,124.181,124.554
1553115600,124.554,125.437,124.554,125.236
1553202000,125.236,125.873,124.901,125.72
1553461200,125.72,126.199,125.409,126.197
1553547600,126.197,126.197,125.635,125.799
1553634000,125.799,126.25,125.612,125.612
1553720400,125.612,126.328,125.612,126.107
1553806800,126.107,126.246,125.601,126.095
1554066000,126.095,126.124,125.484,125.513
1554152400,125.513,126.205,125.513,125.882
1554238800,125.882,125.882,124.953,125.09
1554325200,125.09,125.391,125.09,125.264
1554411600,125.264,125.264,124.718,124.954
1554670800,124.954,125.257,124.954,125.138
1554757200,125.138,125.344,124.909,125.273
1554843600,125.273,125.486,125,125.476
1554930000,125.476,125.476,124.749,124.839
1555016400,124.839,125.145,124.081,124.184
1555275600,124.184,124.315,123.947,124.233
1555362000,124.233,124.413,124.061,124.211
1555448400,124.211,124.211,123.959,124.113
1555534800,124.113,124.686,124.053,124.676
1555966800,124.676,124.676,124.37,124.488
1556053200,124.488,125.111,124.488,125.03
1556139600,125.03,125.371,124.988,125.298
1556226000,125.298,125.624,125.21,125.529
1556485200,125.529,125.567,125.313,125.372
1556571600,125.372,125.587,124.822,125.277
1556658000,125.277,125.626,125.131,125.591
1556744400,125.591,125.789,125.093,125.154
1556830800,125.154,125.432,124.854,124.965
1557176400,124.965,125.802,124.965,125.783
1557262800,125.783,126.48,125.725,125.943
1557349200,125.943,126.504,125.943,126.074
1557435600,126.074,126.324,126.037,126.121
1557694800,126.121,126.677,126.121,126.667
1557781200,126.667,126.778,126.394,126.655
1557867600,126.655,127.457,126.655,127.142
1557954000,127.142,127.478,126.965,127.009
1558040400,127.009,127.798,127.009,127.479
1558299600,127.479,127.552,127.232,127.276
1558386000,127.276,127.489,126.845,127.215
1558472400,127.215,128.014,127.215,127.985
1558558800,127.985,128.78,127.985,128.765
1558645200,128.765,128.767,128.367,128.645
1558990800,128.645,129.271,128.645,129.164
1559077200,129.164,129.577,129.164,129.47
1559163600,129.47,129.571,129.116,129.476
1559250000,129.476,130.081,129.476,129.7
1559509200,129.7,130.16,129.7,130.103
1559595600,130.103,130.235,129.632,129.653
1559682000,129.653,130.422,129.653,130.158
1559768400,130.158,130.665,130.024,130.622
1559854800,130.622,130.824,130.253,130.751
1560114000,130.751,130.751,130.289,130.479
1560200400,130.479,130.553,130.057,130.305
1560286800,130.305,130.537,129.955,130.138
1560373200,130.138,130.635,130.138,130.502
1560459600,130.502,130.824,130.203,130.403
1560718800,130.403,130.459,130.179,130.329
1560805200,130.329,131.058,130.329,130.808
1560891600,130.808,130.827,130.116,130.156
1560978000,130.156,130.995,130.156,130.777
1561064400,130.777,130.777,130.263,130.333
1561323600,130.333,130.87,130.333,130.712
1561410000,130.712,131.083,130.638,130.958
1561496400,130.958,130.997,130.516,130.521
1561582800,130.521,130.665,130.175,130.645
1561669200,130.645,130.678,130.383,130.541
1561928400,130.541,130.959,130.229,130.689
1562014800,130.689,131.849,130.689,131.729
1562101200,131.729,132.408,131.729,132.057
1562187600,132.057,132.569,131.977,132.306
1562274000,132.306,132.405,131.444,131.604
1562533200,131.604,132.11,131.604,131.83
1562619600,131.83,131.939,131.508,131.811
1562706000,131.811,131.811,130.997,131.287
1562792400,131.287,131.496,130.385,130.467
1562878800,130.467,130.654,130.244,130.513
1563138000,130.513,131.009,130.474,130.879
1563224400,130.879,131.171,130.628,130.768
1563310800,130.768,131.397,130.768,131.387
1563397200,131.387,131.621,131.155,131.345
1563483600,131.345,131.664,131.345,131.594
1563742800,131.594,131.915,131.46,131.82
1563829200,131.82,132.209,131.709,132.079
1563915600,132.079,132.392,131.988,132.257
1564002000,132.257,132.666,131.666,132.033
1564088400,132.033,132.225,131.88,132.077
1564347600,132.077,132.831,132.077,132.62
1564434000,132.62,132.84,132.459,132.679
1564520400,132.679,133.088,132.578,133.085
1564606800,133.085,133.457,132.756,133.349
1564693200,133.349,133.936,133.349,133.66
1564952400,133.66,134.392,133.66,134.231
1565038800,134.231,134.278,133.839,134.054
1565125200,134.054,135.079,134.054,134.388
1565211600,134.388,134.388,133.801,133.846
1565298000,133.846,134.595,133.846,134.375
1565557200,134.375,134.491,134.161,134.491
1565643600,134.491,134.75,133.985,134.379
1565730000,134.379,134.988,134.318,134.968
1565816400,134.968,135.407,134.702,135.392
1565902800,135.392,135.392,134.325,134.73
1566162000,134.73,134.73,134.048,134.576
1566248400,134.576,135.21,134.57,134.822
1566334800,134.822,134.822,134.303,134.608
1566421200,134.608,134.757,133.826,133.998
1566507600,133.998,134.555,133.43,134.522
1566853200,134.522,135.149,134.379,135.079
1566939600,135.079,135.885,135.079,135.738
1567026000,135.738,135.927,135.557,135.785
1567112400,135.785,135.81,135.222,135.253
1567371600,135.253,136.023,135.231,135.993
1567458000,135.993,136.884,135.921,135.989
1567544400,135.989,135.989,134.788,135.14
1567630800,135.14,135.14,133.39,133.963
1567717200,133.963,135.063,133.897,134.934
1567976400,134.934,134.934,133.789,134.02
1568062800,134.02,134.095,133.307,133.407
1568149200,133.407,133.52,132.888,133.416
1568235600,133.416,134.162,132.923,132.985
1568322000,132.985,132.985,131.912,131.947
1568581200,131.947,132.834,131.947,132.831
1568667600,132.831,133.12,132.574,132.631
1568754000,132.631,133.481,132.631,133.461
1568840400,133.461,133.605,132.882,133.442
1568926800,133.442,133.626,132.974,133.502
1569186000,133.502,134.536,133.352,134.329
1569272400,134.329,134.658,133.906,134.648
1569358800,134.648,134.994,134.177,134.37
1569445200,134.37,134.742,134.312,134.643
1569531600,134.643,135.259,134.606,135.045
1569790800,135.045,135.251,134.65,135.016
1569877200,135.016,135.287,134.038,134.706
1569963600,134.706,135.063,134.543,135.012
1570050000,135.012,135.608,135.012,135.25
1570136400,135.25,135.667,135.248,135.493
1570395600,135.493,135.635,135.302,135.372
1570482000,135.372,135.924,135.196,135.574
1570568400,135.574,135.69,135.167,135.221
1570654800,135.221,135.339,133.648,133.736
1570741200,133.736,134.195,132.309,132.717
1571000400,132.717,133.524,132.717,133.35
1571086800,133.35,133.557,132.25,132.516
1571173200,132.516,133.449,132.099,132.399
1571259600,132.399,132.869,131.397,132.527
1571346000,132.527,132.536,132.016,132.383
1571605200,132.383,132.383,131.54,131.861
1571691600,131.861,132.571,131.861,132.299
1571778000,132.299,133.019,132.299,132.645
1571864400,132.645,133.46,132.338,133.206
1571950800,133.206,133.206,132.618,132.786
1572210000,132.786,132.816,132.109,132.231
1572296400,132.231,132.622,132.065,132.434
1572382800,132.434,132.74,132.17,132.686
1572469200,132.686,133.484,132.686,133.325
1572555600,133.325,133.395,132.73,132.91
1572818400,132.91,132.91,132.128,132.283
1572904800,132.283,132.283,131.503,131.563
1572991200,131.563,132.337,131.467,132.297
1573077600,132.297,132.297,131.115,131.253
1573164000,131.253,131.691,130.887,131.269
1573423200,131.269,131.598,131.112,131.155
1573509600,131.155,131.347,130.876,131.259
1573596000,131.259,131.954,131.239,131.609
1573682400,131.609,132.28,131.609,132.27
1573768800,132.27,132.27,131.944,132.044
1574028000,132.044,132.067,131.647,131.813
1574114400,131.813,132.089,131.681,132.018
1574200800,132.018,132.594,131.935,132.11
1574287200,132.11,132.195,131.477,131.586
1574373600,131.586,132.446,131.39,132.321
1574632800,132.321,132.538,132.032,132.319
1574719200,132.319,133.033,132.319,132.804
1574805600,132.804,132.937,132.395,132.492
1574892000,132.492,132.657,132.326,132.489
1574978400,132.489,132.645,132.016,132.138
1575237600,132.138,132.138,131.451,131.719
1575324000,131.719,132.617,131.406,132.54
1575410400,132.54,132.804,131.671,131.791
1575496800,131.791,131.791,131.087,131.367
1575583200,131.367,131.7,131.187,131.399
1575842400,131.399,131.762,131.326,131.396
1575928800,131.396,131.468,130.972,130.992
1576015200,130.992,131.458,130.992,131.385
1576101600,131.385,131.927,130.702,130.902
1576188000,130.902,131.344,129.968,131.225
1576447200,131.225,131.646,130.661,130.741
1576533600,130.741,131.622,130.741,131.55
1576620000,131.55,131.802,131.168,131.351
1576706400,131.351,131.351,130.764,131.253
1576792800,131.253,131.437,130.778,131.417
1577052000,131.417,131.799,131.262,131.282
1577138400,131.282,131.726,130.916,131.495
1577397600,131.495,131.777,131.378,131.731
1577656800,131.731,131.731,130.277,130.397
1577743200,130.397,131.069,130.308,130.904
1577916000,130.904,131.527,130.23,131.099
1578002400,131.099,132.114,131.099,131.906
1578261600,131.906,132.19,131.397,131.499
1578348000,131.499,131.55,130.931,131.232
1578434400,131.232,131.454,130.808,130.868
1578520800,130.868,131.29,130.671,130.995
1578607200,130.995,131.555,130.955,131.503
1578866400,131.503,131.967,131.503,131.749
1578952800,131.749,132.131,131.749,131.936
1579039200,131.936,133.171,131.936,132.836
1579125600,132.836,133.188,132.709,132.933
1579212000,132.933,133.432,132.846,133.231
1579471200,133.231,133.406,132.909,132.919
1579557600,132.919,133.34,132.723,133.156
1579644000,133.156,133.426,132.908,133.258
1579730400,133.258,133.826,133.251,133.719
1579816800,133.719,134.22,133.248,134.036
1580076000,134.036,134.888,134.036,134.698
1580162400,134.698,135.001,134.154,134.294
1580248800,134.294,134.728,134.287,134.703
1580335200,134.703,135.235,134.133,134.546
1580421600,134.546,134.747,134.147,134.658
1580680800,134.658,134.852,134.342,134.7
1580767200,134.7,134.7,134.008,134.048
1580853600,134.048,134.35,133.363,133.594
1580940000,133.594,133.908,133.327,133.838
1581026400,133.838,134.261,133.765,134.01
1581285600,134.01,134.376,133.935,134.344
1581372000,134.344,134.344,133.77,134.042
1581458400,134.042,134.042,133.517,133.667
1581544800,133.667,134.119,133.022,133.182
1581631200,133.182,133.68,133.16,133.379
1581890400,133.379,133.47,133.122,133.229
1581976800,133.229,133.689,133.229,133.598
1582063200,133.598,133.903,133.479,133.83
1582149600,133.83,134.124,133.743,133.977
1582236000,133.977,134.437,133.928,134.189
1582495200,134.189,135.28,134.189,134.803
1582581600,134.803,135.232,134.456,135.111
1582668000,135.111,135.683,134.908,135.249
1582754400,135.249,136.136,135.236,135.407
1582840800,135.407,136.536,135.407,135.892
1583100000,135.892,136.931,135.778,136.288
1583186400,136.288,136.821,135.621,136.594
1583272800,136.594,137.193,136.452,136.642
1583359200,136.642,137.477,136.395,137.402
1583445600,137.402,138.838,137.402,138.454
1583701200,138.454,140.43,138.454,139.364
1583787600,139.364,139.364,137.051,137.878
1583874000,137.878,138.18,137.388,137.847
1583960400,137.847,138.71,137.554,137.852
1584046800,137.852,137.852,136.027,136.128
1584306000,136.128,136.868,135.435,136.004
1584392400,136.004,136.004,133.989,134.122
1584478800,134.122,134.122,130.505,130.686
1584565200,130.686,133.986,128.484,133.845
1584651600,133.845,135.166,132.786,134.244
1584910800,134.244,136.128,134.244,135.807
1584997200,135.807,135.945,135.18,135.583
1585083600,135.583,136.018,134.815,135.776
1585170000,135.776,136.585,135.776,136.373
1585256400,136.373,137.197,136.24,136.737
1585515600,136.737,137.769,136.737,137.095
1585602000,137.095,137.168,135.766,136.874
1585688400,136.874,137.638,136.874,137.115
1585774800,137.115,137.404,136.808,136.879
1585861200,136.879,137.356,136.879,137.207
1586120400,137.207,137.207,136.649,136.958
1586206800,136.958,136.958,135.945,136.05
1586293200,136.05,136.578,136.05,136.368
1586379600,136.368,137.344,136.343,137.253
1586811600,137.253,137.319,136.766,136.873
1586898000,136.873,137.383,136.873,137.234
1586984400,137.234,137.458,137.078,137.354
1587070800,137.354,137.492,137.108,137.229
1587330000,137.229,137.257,136.765,136.822
1587416400,136.822,137.412,136.822,137.223
1587502800,137.223,137.237,136.844,137.022
1587589200,137.022,137.501,136.265,137.345
1587675600,137.345,137.783,137.175,137.342
1587934800,137.342,137.431,137.059,137.141
1588021200,137.141,137.455,137.08,137.344
1588107600,137.344,137.626,137.289,137.399
1588194000,137.399,138.175,137.245,138.137
1588280400,138.137,138.151,137.529,137.892
1588539600,137.892,138.135,137.725,138.064
1588626000,138.064,138.429,137.76,138.429
1588712400,138.429,138.429,137.814,137.953
1588798800,137.953,138.148,137.498,138.105
1589144400,138.105,138.105,137.426,137.446
1589230800,137.446,137.912,137.287,137.791
1589317200,137.791,138.317,137.791,138.246
1589403600,138.246,138.494,138.032,138.351
1589490000,138.351,138.618,137.905,137.998
1589749200,137.998,138.337,137.579,137.799
1589835600,137.799,138.006,137.144,137.777
1589922000,137.777,138.13,137.777,137.969
1590008400,137.969,138.765,137.969,138.665
1590094800,138.665,139.18,138.47,138.669
1590440400,138.669,138.669,138.097,138.107
1590526800,138.107,138.522,137.964,138.446
1590613200,138.446,138.505,138.124,138.144
1590699600,138.144,138.65,138.144,138.508
1590958800,138.508,138.508,137.801,138.027
1591045200,138.027,138.302,137.857,137.875
1591131600,137.875,137.875,137.194,137.352
1591218000,137.352,137.574,136.782,136.894
1591304400,136.894,136.894,136.068,136.319
1591563600,136.319,136.675,136.27,136.586
1591650000,136.586,136.949,136.479,136.507
1591736400,136.507,137.483,136.507,137.472
1591822800,137.472,138.441,137.472,138.211
1591909200,138.211,138.319,137.822,138.089
1592168400,138.089,138.498,137.981,137.981
1592254800,137.981,138.355,137.616,138.093
1592341200,138.093,138.437,137.834,138.197
1592427600,138.197,138.611,137.488,137.788
1592514000,137.788,137.829,137.383,137.726
1592773200,137.726,138.291,137.609,138.069
1592859600,138.069,138.111,137.85,138.027
1592946000,138.027,138.292,137.69,138.252
1593032400,138.252,138.878,138.252,138.64
1593118800,138.64,138.68,138.266,138.415
1593378000,138.415,138.657,138.197,138.536
1593464400,138.536,138.792,138.268,138.298
1593550800,138.298,138.298,137.747,137.947
1593637200,137.947,138.24,137.829,138.182
1593723600,138.182,138.354,138.01,138.183
1593982800,138.183,138.183,137.787,137.939
1594069200,137.939,138.382,137.939,138.382
1594155600,138.382,138.57,138.118,138.137
1594242000,138.137,138.609,138.137,138.427
1594328400,138.427,138.878,138.427,138.491
1594587600,138.491,138.512,137.95,138.192
1594674000,138.192,138.702,138.192,138.548
1594760400,138.548,138.559,138.033,138.383
1594846800,138.383,138.878,138.383,138.67
1594933200,138.67,138.73,138.314,138.337
1595192400,138.337,138.609,138.15,138.498
1595278800,138.498,138.7,138.361,138.67
1595365200,138.67,138.912,138.564,138.882
1595451600,138.882,139.047,138.744,138.752
1595538000,138.752,139.065,138.412,138.524
1595797200,138.524,138.957,138.524,138.838
1595883600,138.838,139.074,138.672,138.945
1595970000,138.945,139.117,138.76,138.808
1596056400,138.808,139.362,138.808,139.21
1596142800,139.21,139.393,138.855,138.867
1596402000,138.867,139.055,138.786,138.893
1596488400,138.893,139.426,138.867,139.345
1596574800,139.345,139.345,138.523,138.601
1596661200,138.601,139.087,138.347,138.853
1596747600,138.853,138.94,138.246,138.259
1597006800,138.259,138.78,138.13,138.593
1597093200,138.593,138.593,137.596,137.716
1597179600,137.716,137.716,137.162,137.386
1597266000,137.386,137.561,136.957,137.156
1597352400,137.156,137.241,136.968,137.14
1597611600,137.14,137.502,137.094,137.424
1597698000,137.424,137.636,137.193,137.44
1597784400,137.44,137.756,137.173,137.19
1597870800,137.19,137.546,137.157,137.334
1597957200,137.334,137.678,137.198,137.555
1598216400,137.555,137.71,137.412,137.486
1598302800,137.486,137.486,136.63,136.937
1598389200,136.937,136.937,136.236,136.379
1598475600,136.379,136.847,135.833,135.923
1598562000,135.923,136.321,135.549,136.236
1598907600,136.236,136.435,135.785,136.34699999999998
1598994000,136.347,137.207,136.347,137.088
1599080400,137.088,137.306,136.89,137.106
1599166800,137.106,137.106,136.639,136.695
1599426000,136.695,136.983,136.449,136.952
1599512400,136.952,137.845,136.86,137.62
1599598800,137.62,137.914,136.902,137.063
1599685200,137.063,137.345,136.807,137.239
1599771600,137.239,137.749,137.195,137.687
1600030800,137.687,137.941,137.385,137.556
1600117200,137.556,137.565,137.085,137.236
1600203600,137.236,137.441,137.124,137.244
1600290000,137.244,137.91,136.964,137.652
1600376400,137.652,137.812,137.389,137.636
1600635600,137.636,138.05,137.409,137.777
1600722000,137.777,137.912,137.173,137.364
1600808400,137.364,137.629,136.979,137.024
1600894800,137.024,137.35,137.012,137.193
1600981200,137.193,137.516,137.086,137.374
1601240400,137.374,137.488,137.003,137.218
1601326800,137.218,137.505,137.206,137.469
1601413200,137.469,137.504,136.82,136.946
1601499600,136.946,136.984,136.217,136.689
1601586000,136.689,137.073,136.578,136.601
1601845200,136.601,136.793,136.085,136.196
1601931600,136.196,136.323,135.996,136.165
1602018000,136.165,136.431,135.89,135.999
1602104400,135.999,136.176,135.918,136.105
1602190800,136.105,136.531,136.105,136.221
1602450000,136.221,136.371,136.154,136.266
1602536400,136.266,136.76,136.266,136.703
1602622800,136.703,137.03,136.703,136.867
1602709200,136.867,137.646,136.867,137.276
1602795600,137.276,137.716,137.255,137.389
1603054800,137.389,137.463,137.002,137.429
1603141200,137.429,137.466,137.085,137.178
1603227600,137.178,137.178,136.487,136.502
1603314000,136.502,136.551,135.994,136.035
1603400400,136.035,136.205,135.705,136.205
1603659600,136.205,136.44,135.995,136.165
1603746000,136.165,136.695,135.978,136.584
1603832400,136.584,136.961,136.584,136.868
1603918800,136.868,136.991,136.579,136.597
1604005200,136.597,136.68,136.105,136.192
1604268000,136.192,136.757,136.179,136.727
1604354400,136.727,136.727,135.964,136.084
1604440800,136.084,136.889,136.084,136.82
1604527200,136.82,137.235,136.427,136.546
1604613600,136.546,136.78,135.917,135.956
1604872800,135.956,136.474,134.529,134.837
1604959200,134.837,134.964,134.42,134.609
1605045600,134.609,134.609,134.081,134.453
1605132000,134.453,135.271,134.441,135.171
1605218400,135.171,135.416,135.043,135.158
1605477600,135.158,135.365,134.632,135.081
1605564000,135.081,135.453,134.967,135.382
1605650400,135.382,135.556,135.081,135.111
1605736800,135.111,135.511,135.111,135.342
1605823200,135.342,135.663,135.285,135.612
1606082400,135.612,135.617,135.153,135.362
1606168800,135.362,135.554,135.115,135.262
1606255200,135.262,135.534,135.06,135.422
1606341600,135.422,135.827,135.321,135.748
1606428000,135.748,135.799,135.424,135.733
1606687200,135.733,135.932,135.351,135.371
1606773600,135.371,135.607,134.776,134.934
1606860000,134.934,135.171,134.716,134.926
1606946400,134.926,135.28,134.879,135.199
1607032800,135.199,135.364,134.816,134.966
1607292000,134.966,135.783,134.966,135.661
1607378400,135.661,136.029,135.473,135.994
1607464800,135.994,135.994,135.582,135.953
1607551200,135.953,136.71,135.953,136.409
1607637600,136.409,137.124,136.409,136.883
1607896800,136.883,136.883,135.898,136.319
1607983200,136.319,136.458,135.559,135.739
1608069600,135.739,135.739,135.199,135.701
1608156000,135.701,136.012,135.411,135.583
1608242400,135.583,136.123,135.58,136
1608501600,136,136.889,136,136.324
1608588000,136.324,136.705,136.042,136.551
1608674400,136.551,136.697,135.073,135.447
1608760800,135.447,135.845,135.112,135.769
1609192800,135.769,136.294,135.769,136.203
1609279200,136.203,136.37,135.814,136.306
1609365600,136.306,136.482,136.201,136.441
1609711200,136.441,136.834,136.177,136.661
1609797600,136.661,136.661,136.075,136.173
1609884000,136.173,136.173,135.53,135.765
1609970400,135.765,135.8,135.131,135.304
1610056800,135.304,135.403,135.089,135.248
1610316000,135.248,135.418,134.866,134.916
1610402400,134.916,134.916,134.333,134.523
1610488800,134.523,135.086,134.523,135.001
1610575200,135.001,135.329,134.828,135.221
1610661600,135.221,135.247,134.918,135.199
1610920800,135.199,135.287,134.981,135.132
1611007200,135.132,135.2,134.915,135.097
1611093600,135.097,135.209,134.929,134.978
1611180000,134.978,135.118,134.492,134.679
1611266400,134.679,134.963,134.585,134.935
1611525600,134.935,135.405,134.79,135.384
1611612000,135.384,135.476,135.106,135.283
1611698400,135.283,135.581,135.04,135.26
1611784800,135.26,135.567,134.946,135.001
1611871200,135.001,135.085,134.41,134.679
1612130400,134.679,134.682,134.314,134.628
1612216800,134.628,134.628,134.167,134.329
1612303200,134.329,134.329,133.965,133.995
1612389600,133.995,134.188,132.973,133.214
1612476000,133.214,133.281,132.44,132.667
1612735200,132.667,132.92,132.232,132.845
1612821600,132.845,133.071,132.703,132.993
1612908000,132.993,132.993,132.661,132.686
1612994400,132.686,133.134,132.686,132.914
1613080800,132.914,133.023,132.188,132.277
1613340000,132.277,132.277,131.518,131.735
1613426400,131.735,131.9,131.129,131.203
1613512800,131.203,131.806,130.964,131.757
1613599200,131.757,131.769,130.876,131.136
1613685600,131.136,131.136,130.251,130.373
1613944800,130.373,130.974,129.904,130.391
1614031200,130.391,130.391,129.68,129.988
1614117600,129.988,130.32,129.184,129.999
1614204000,129.999,129.999,128.908,129.218
1614290400,129.218,129.921,128.827,129.174
1614549600,129.174,129.818,129.174,129.736
1614636000,129.736,130.521,129.388,130.387
1614722400,130.387,130.387,129.236,129.45
1614808800,129.45,130.117,129.393,129.439
1614895200,129.439,129.766,129.148,129.756
1615154400,129.756,129.781,129.323,129.558
1615240800,129.558,130.186,129.558,129.989
1615327200,129.989,130.117,129.762,130.094
1615413600,130.094,130.325,129.638,129.771
1615500000,129.771,129.771,128.709,128.789
1615755600,128.789,129.192,128.407,129.037
1615842000,129.037,129.434,129.013,129.12
1615928400,129.12,129.124,128.549,128.696
1616014800,128.696,128.696,127.851,128.191
1616101200,128.191,128.901,128.191,128.526
1616360400,128.526,128.919,128.526,128.804
1616446800,128.804,129.509,128.804,129.459
1616533200,129.459,129.846,129.256,129.481
1616619600,129.481,129.933,129.481,129.715
1616706000,129.715,129.715,129.157,129.326
1616965200,129.326,129.611,128.993,129.093
1617051600,129.093,129.093,128.36,128.692
1617138000,128.692,128.781,128.327,128.367
1617224400,128.367,129.037,128.27,128.913
1617656400,128.913,129.029,128.488,129.008
1617742800,129.008,129.304,128.981,129.139
1617829200,129.139,129.512,128.981,129.458
1617915600,129.458,129.458,128.837,129.097
1618174800,129.097,129.291,128.835,128.995
1618261200,128.995,129.163,128.727,129.156
1618347600,129.156,129.26,128.602,128.634
1618434000,128.634,129.678,128.634,129.66
1618520400,129.66,129.66,129.095,129.207
1618779600,129.207,129.447,129.008,129.276
1618866000,129.276,129.61,129.015,129.511
1618952400,129.511,129.675,129.245,129.403
1619038800,129.403,129.645,129.293,129.432
1619125200,129.432,129.738,129.224,129.349
1619384400,129.349,129.349,129,129.189
1619470800,129.189,129.242,128.967,128.977
1619557200,128.977,128.977,128.266,128.755
1619643600,128.755,128.755,128.023,128.275
1619730000,128.275,128.487,128.192,128.29
1620075600,128.29,128.839,128.112,128.755
1620162000,128.755,128.755,128.302,128.488
1620248400,128.488,129.032,128.332,128.811
1620334800,128.811,129.35,128.619,128.924
1620594000,128.924,128.924,128.505,128.694
1620680400,128.694,128.694,128.193,128.287
1620766800,128.287,128.56,127.634,127.679
1620853200,127.679,127.798,127.335,127.631
1620939600,127.631,128.166,127.587,127.989
1621198800,127.989,128.208,127.724,127.912
1621285200,127.912,128.135,127.63,127.907
1621371600,127.907,128.224,127.534,128.032
1621458000,128.032,128.222,127.795,128.182
1621544400,128.182,128.396,127.954,128.267
1621803600,128.267,128.502,128.186,128.438
1621890000,128.438,128.732,128.414,128.713
1621976400,128.713,129.102,128.704,129.089
1622062800,129.089,129.089,128.242,128.389
1622149200,128.389,128.715,128.177,128.524
1622494800,128.524,128.524,128.145,128.271
1622581200,128.271,128.522,128.195,128.488
1622667600,128.488,128.488,127.99,128.09
1622754000,128.09,128.581,128.022,128.551
1623013200,128.551,128.551,128.23,128.257
1623099600,128.257,128.773,128.257,128.7
1623186000,128.7,129.347,128.634,129.053
1623272400,129.053,129.309,128.5,129.022
1623358800,129.022,129.54,129.022,129.41
1623618000,129.41,129.438,128.909,128.93
1623704400,128.93,129.095,128.657,128.667
1623790800,128.667,128.969,128.56,128.929
1623877200,128.929,128.929,127.994,128.666
1623963600,128.666,128.888,128.375,128.786
1624222800,128.786,129.132,128.403,128.593
1624309200,128.593,128.717,128.325,128.497
1624395600,128.497,128.625,128.279,128.466
1624482000,128.466,128.935,128.364,128.894
1624568400,128.894,128.949,128.451,128.496
1624827600,128.496,129.064,128.473,128.958
1624914000,128.958,128.997,128.704,128.872
1625000400,128.872,129.154,128.805,129.042
1625086800,129.042,129.083,128.762,128.961
1625173200,128.961,129.355,128.961,129.273
1625432400,129.273,129.273,128.962,129.08
1625518800,129.08,130.007,128.923,129.885
1625605200,129.885,130.55,129.818,130.227
1625691600,130.227,130.803,130.075,130.085
1625778000,130.085,130.085,129.592,129.601
1626037200,129.601,129.975,129.594,129.7
1626123600,129.7,130.033,129.55,129.861
1626210000,129.861,129.952,129.35,129.86
1626296400,129.86,130.285,129.377,129.628
1626382800,129.628,130.021,129.581,129.909
1626642000,129.909,131.045,129.909,130.722
1626728400,130.722,131.226,130.5,130.616
1626814800,130.616,130.745,130.038,130.112
1626901200,130.112,130.539,129.827,130.423
1626987600,130.423,130.423,130.028,130.252
1627246800,130.252,130.751,130.166,130.335
1627333200,130.335,130.678,130.335,130.505
1627419600,130.505,130.66,130.195,130.329
1627506000,130.329,130.448,130.024,130.323
1627592400,130.323,130.495,130.243,130.473
1627851600,130.473,130.914,130.254,130.743
1627938000,130.743,131.075,130.606,130.908
1628024400,130.908,131.305,130.672,130.897
1628110800,130.897,131.095,130.562,130.826
1628197200,130.826,130.826,129.786,129.861
1628456400,129.861,130.398,129.808,130.125
1628542800,130.125,130.407,129.988,130.059
1628629200,130.059,130.275,129.806,130.174
1628715600,130.174,130.328,129.804,129.857
1628802000,129.857,130.345,129.853,130.218
1629061200,130.218,130.466,129.972,130.186
1629147600,130.186,130.684,130.186,130.391
1629234000,130.391,130.545,130.144,130.144
1629320400,130.144,130.693,130.144,130.54
1629406800,130.54,130.802,130.54,130.68
1629666000,130.68,130.68,130.29,130.597
1629752400,130.597,130.67,130.31,130.436
1629838800,130.436,130.47,129.795,129.909
1629925200,129.909,129.944,129.614,129.843
1630011600,129.843,130.093,129.709,130.093
1630357200,130.093,130.38,129.525,129.635
1630443600,129.635,129.886,129.448,129.819
1630530000,129.819,130.077,129.819,129.974
1630616400,129.974,130.086,129.414,129.618
1630875600,129.618,129.842,129.474,129.781
1630962000,129.781,129.781,129.156,129.315
1631048400,129.315,129.571,129.179,129.189
1631134800,129.189,129.394,128.945,129.344
1631221200,129.344,129.412,129.043,129.123
1631480400,129.123,129.257,128.985,129.186
1631566800,129.186,129.362,128.672,129.21
1631653200,129.21,129.312,128.75,128.844
1631739600,128.844,128.844,128.32,128.499
1631826000,128.499,128.502,127.989,128.138
1632085200,128.138,128.767,128.138,128.716
1632171600,128.716,128.803,128.33,128.511
1632258000,128.511,128.666,128.359,128.58
1632344400,128.58,128.588,127.42,127.434
1632430800,127.434,127.522,126.923,127.279
1632690000,127.279,127.332,126.759,127.05
1632776400,127.05,127.05,125.887,126.756
1632862800,126.756,126.923,126.382,126.397
1632949200,126.397,126.576,125.843,126.446
1633035600,126.446,126.742,126.227,126.52
1633294800,126.52,126.633,126.131,126.436
1633381200,126.436,126.494,125.553,125.573
1633467600,125.573,125.885,124.992,125.864
1633554000,125.864,126.139,125.534,125.782
1633640400,125.782,125.782,124.844,125.015
1633899600,125.015,125.015,124.331,124.548
1633986000,124.548,125.151,124.548,125.131
1634072400,125.131,126.118,124.953,125.452
1634158800,125.452,126.125,125.254,126.07
1634245200,126.07,126.07,125.309,125.394
1634504400,125.394,125.394,124.694,124.927
1634590800,124.927,125.369,124.7,124.856
1634677200,124.856,125.269,124.612,124.885
1634763600,124.885,124.952,124.205,124.259
1634850000,124.259,124.968,124.259,124.917
1635109200,124.917,125.136,124.473,124.949
1635195600,124.949,125.4,124.827,125.4
1635282000,125.4,126.592,125.258,126.43
1635368400,126.43,126.442,125.576,125.911
1635454800,125.911,125.956,125.375,125.723
1635714000,125.723,125.723,124.907,125.658
1635800400,125.658,125.88,125.409,125.733
1635886800,125.733,126.092,125.266,125.395
1635973200,125.395,126.917,125.395,126.695
1636059600,126.695,127.785,126.603,127.663
1636322400,127.663,127.69,127.189,127.357
1636408800,127.357,127.868,127.357,127.848
1636495200,127.848,127.848,126.712,126.721
1636581600,126.721,126.994,126.596,126.815
1636668000,126.815,127.137,126.633,126.844
1636927200,126.844,127.321,126.313,126.373
1637013600,126.373,126.625,125.97,126.01
1637100000,126.01,126.401,125.883,126.385
1637186400,126.385,126.927,126.385,126.735
1637272800,126.735,127.444,126.533,127.075
1637532000,127.075,127.446,126.566,126.579
1637618400,126.579,126.647,125.971,126.031
1637704800,126.031,126.324,125.61,126.015
1637791200,126.015,126.37,125.912,126.349
1637877600,126.349,127.994,126.349,127.857
1638136800,127.857,127.857,127.042,127.266
1638223200,127.266,128.248,127.266,127.781
1638309600,127.781,127.826,127.041,127.77
1638396000,127.77,128.059,127.622,127.714
1638482400,127.714,128.48,127.707,128.47
1638741600,128.47,128.47,128.118,128.214
1638828000,128.214,128.537,127.986,128.334
1638914400,128.334,128.912,127.92,128.101
1639000800,128.101,128.662,128.049,128.075
1639087200,128.075,128.575,127.879,128.427
1639346400,128.427,128.833,128.271,128.797
1639432800,128.797,128.797,128.338,128.468
1639519200,128.468,128.508,128.024,128.315
1639605600,128.315,128.485,127.478,128.314
1639692000,128.314,128.418,127.943,128.101
1639951200,128.101,128.576,127.8,127.815
1640037600,127.815,127.849,126.755,126.755
1640124000,126.755,127.001,126.444,126.754
1640210400,126.754,126.754,126.23,126.48
1640296800,126.48,126.55,126.262,126.457
1640728800,126.457,126.457,125.326,125.457
1640815200,125.457,125.861,125.379,125.824
1640901600,125.824,126.143,125.63,125.861
1641247200,125.861,125.861,124.716,124.812
1641333600,124.812,125.039,124.635,124.7
1641420000,124.7,124.7,124.04,124.251
1641506400,124.251,124.251,123.818,123.943
1641765600,123.943,123.968,123.625,123.734
1641852000,123.734,124.058,123.687,123.935
1641938400,123.935,124.409,123.918,124.342
1642024800,124.342,124.598,123.972,124.537
1642111200,124.537,124.541,124.018,124.023
1642370400,124.023,124.023,123.678,123.688
1642456800,123.688,123.791,123.185,123.19
1642543200,123.19,123.19,122.67,123.088
1642629600,123.088,123.442,122.966,123.404
1642716000,123.404,124.26,123.404,123.957
1642975200,123.957,124.411,123.873,124.286
1643061600,124.286,124.286,123.705,123.908
1643148000,123.908,123.908,123.471,123.611
1643234400,123.611,123.611,122.961,123.379
1643320800,123.379,123.379,122.737,123.177
1643580000,123.177,123.214,122.442,122.537
1643666400,122.537,122.996,122.412,122.677
1643752800,122.677,123.144,122.519,123.043
1643839200,123.043,123.043,121.758,121.826
1643925600,121.826,122.16,121.375,121.555
1644184800,121.555,121.708,121.294,121.633
1644271200,121.633,121.633,120.65,120.854
1644357600,120.854,121.455,120.854,121.401
1644444000,121.401,121.422,120.035,120.135
1644530400,120.135,120.879,120.135,120.526
1644789600,120.526,121.121,119.933,120.048
1644876000,120.048,120.297,119.836,119.962
1644962400,119.962,120.666,119.775,120.519
1645048800,120.519,121.287,120.519,121.035
1645135200,121.035,122.123,120.908,121.947
1645394400,121.947,122.007,121.428,121.634
1645480800,121.634,122.12,120.923,121.142
1645567200,121.142,121.336,120.835,121.112
1645653600,121.112,122.037,121.112,121.297
1645740000,121.297,121.636,121.098,121.241
1645999200,121.241,122.237,121.198,122.237
1646085600,122.237,125.503,122.223,125.127
1646172000,125.127,125.302,123.544,123.599
1646258400,123.599,123.685,122.782,123.219
1646344800,123.219,124.575,123.219,124.13
1646604000,124.13,124.476,123.201,123.431
1646690400,123.431,123.431,121.763,121.911
1646776800,121.911,122.329,120.936,121.278
1646863200,121.278,121.765,120.697,121.017
1646949600,121.017,121.532,120.717,121.419
1647205200,121.419,121.419,120.216,120.361
1647291600,120.361,120.85,120.292,120.475
1647378000,120.475,120.475,119.87,120.074
1647464400,120.074,121.227,119.859,120.675
1647550800,120.675,121.629,120.542,121.379
1647810000,121.379,121.379,119.815,120.018
1647896400,120.018,120.029,119.27,119.32
1647982800,119.32,120.332,119.32,120.307
1648069200,120.307,120.307,119.248,119.96
1648155600,119.96,120.488,119.334,119.53
1648414800,119.53,120.611,118.912,120.24
1648501200,120.24,120.314,119.053,120.082
1648587600,120.082,120.471,119.352,119.671
1648674000,119.671,120.534,119.671,120.505
1648760400,120.505,120.585,119.628,120.54
1649019600,120.54,121.439,120.414,121.143
1649106000,121.143,121.143,119.882,120.121
1649192400,120.121,120.121,119.047,119.61
1649278800,119.61,120.049,118.979,119.442
1649365200,119.442,119.612,118.706,119.08
1649624400,119.08,119.08,118.137,118.222
1649710800,118.222,118.903,117.628,118.749
1649797200,118.749,118.749,117.757,118.596
1649883600,118.596,118.892,117.76,117.856
1650315600,117.856,117.856,116.806,116.914
1650402000,116.914,117.99,116.84,117.57
1650488400,117.57,117.782,116.576,116.611
1650574800,116.611,117.585,116.538,117.208
1650834000,117.208,118.65,117.208,118.348
1650920400,118.348,119.133,118.105,118.81
1651006800,118.81,119.078,118.58,118.816
1651093200,118.816,119.036,118.014,118.205
1651179600,118.205,118.719,117.727,117.857
1651525200,117.857,117.857,116.81,117.406
1651611600,117.406,117.459,116.882,117.346
1651698000,117.346,118.972,116.996,117.406
1651784400,117.406,117.887,116.893,116.979
1652043600,116.979,117.7,116.355,117.527
1652130000,117.527,119.004,117.513,118.628
1652216400,118.628,119.182,117.75,119.131
1652302800,119.131,120.57,119.131,120.317
1652389200,120.317,120.317,119.594,119.715
1652648400,119.715,120.071,119.206,119.851
1652734800,119.851,119.851,118.242,118.252
1652821200,118.252,119.066,118.036,118.522
1652907600,118.522,119.527,118.472,118.577
1652994000,118.577,118.597,117.932,118.572
1653253200,118.572,118.572,117.546,117.626
1653339600,117.626,118.942,117.558,118.514
1653426000,118.514,118.752,118.075,118.136
1653512400,118.136,118.83,117.535,117.622
1653598800,117.622,118.558,117.622,118.141
1653858000,118.141,118.141,117.363,117.544
1653944400,117.544,117.83,116.117,116.432
1654030800,116.432,116.565,115.878,115.953
1654462800,115.953,115.953,114.988,115.023
1654549200,115.023,115.637,114.765,115.416
1654635600,115.416,115.416,114.851,115.122
1654722000,115.122,115.24,114.015,114.26
1654808400,114.26,114.664,113.158,113.319
1655067600,113.319,113.37,112.346,112.491
1655154000,112.491,113.322,111.63,111.84
1655240400,111.84,113.613,111.84,112.775
1655326800,112.775,113.48,110.234,112.275
1655413200,112.275,113.236,111.896,112.558
1655672400,112.558,112.704,111.419,111.504
1655758800,111.504,112.014,110.895,110.979
1655845200,110.979,113.007,110.979,112.501
1655931600,112.501,114.589,112.273,114.403
1656018000,114.403,114.887,113.683,114.309
1656277200,114.309,114.309,113.031,113.286
1656363600,113.286,113.286,112.125,112.405
1656450000,112.405,113.264,112.051,113.003
1656536400,113.003,114.785,113.003,114.659
1656622800,114.659,116.887,114.091,115.984
1656882000,115.984,115.984,114.911,115.067
1656968400,115.067,116.662,114.894,116.507
1657054800,116.507,117.391,115.768,116.022
1657141200,116.022,116.022,114.972,115.547
1657227600,115.547,115.911,114.361,114.511
1657486800,114.511,115.599,114.511,115.057
1657573200,115.057,116.819,115.057,116.126
1657659600,116.126,116.745,115.236,116.263
1657746000,116.263,116.263,115.358,115.894
1657832400,115.894,116.659,115.605,115.91
1658091600,115.91,115.986,115.209,115.399
1658178000,115.399,116.008,114.399,114.914
1658264400,114.914,116.205,114.914,115.392
1658350800,115.392,116.606,114.447,116.416
1658437200,116.416,117.916,116.416,117.595
1658696400,117.595,117.71,117.094,117.479
1658782800,117.479,118.302,117.479,117.826
1658869200,117.826,117.889,117.277,117.537
1658955600,117.537,118.786,116.914,118.42
1659042000,118.42,118.642,117.32,118.471
1659301200,118.471,119.322,117.931,118.972
1659387600,118.972,120.041,118.387,118.487
1659474000,118.487,118.605,117.302,118.013
1659560400,118.013,119.072,117.785,118.17
1659646800,118.17,118.337,116.624,116.914
1659906000,116.914,117.965,116.914,117.755
1659992400,117.755,117.993,117.271,117.526
1660078800,117.526,118.269,117.177,117.703
1660165200,117.703,117.835,116.483,116.668
1660251600,116.668,116.668,115.879,116.258
1660510800,116.258,117.31,116.099,117.049
1660597200,117.049,117.137,115.904,116.259
1660683600,116.259,116.259,114.229,114.584
1660770000,114.584,114.671,113.871,113.995
1660856400,113.995,113.995,112.846,113.225
1661115600,113.225,113.692,112.259,112.364
1661202000,112.364,112.968,111.285,111.625
1661288400,111.625,111.663,110.461,110.641
1661374800,110.641,111.568,110.641,111.558
1661461200,111.558,112.156,111.115,111.35
1661806800,111.35,111.35,109.68,110.405
1661893200,110.405,110.714,108.622,109.499
1661979600,109.499,109.499,108.173,108.577
1662066000,108.577,108.931,107.991,108.454
1662325200,108.454,108.454,107.387,107.894
1662411600,107.894,108.134,106.013,106.527
1662498000,106.527,107.707,106.369,107.493
1662584400,107.493,108.078,105.883,106.055
1662670800,106.055,107.462,105.987,106.747
1662930000,106.747,107.432,106.354,107.219
1663016400,107.219,107.331,105.961,106.086
1663102800,106.086,106.824,105.617,106.494
1663189200,106.494,106.925,106.023,106.316
1663275600,106.316,106.72,106.088,106.593
1663621200,106.593,106.593,104.671,104.943
1663707600,104.943,105.506,104.373,104.805
1663794000,104.805,106.352,102.674,102.991
1663880400,102.991,103.485,99.681,100.047
1664139600,100.047,100.047,95.694,95.946
1664226000,95.946,98.363,92.519,93.195
1664312400,93.195,98.294,91.852,98.122
1664398800,98.122,98.122,95.814,95.932
1664485200,95.932,98.52,95.932,97.441
1664744400,97.441,100.267,97.111,99.07
1664830800,99.07,101.817,99.07,100.22
1664917200,100.22,100.22,97.774,98.283
1665003600,98.283,98.63,95.858,96.417
1665090000,96.417,96.617,95.418,95.564
1665349200,95.564,95.901,92.228,93.382
1665435600,93.382,94.551,92.411,93.629
1665522000,93.629,93.629,91.101,93.111
1665608400,93.111,98.012,92.928,95.943
1665694800,95.943,98.985,93.384,93.504
1665954000,93.504,98.792,93.504,98.034
1666040400,98.034,98.905,96.556,98.351
1666126800,98.351,99.853,97.076,99.308
1666213200,99.308,101.234,97.841,98.719
1666299600,98.719,98.719,96.5,97.434
1666558800,97.434,101.406,97.434,101.295
1666645200,101.295,102.907,101.052,102.075
1666731600,102.075,102.996,101.201,102.572
1666818000,102.572,105.063,102.053,104.504
1666904400,104.504,104.504,103.224,103.462
1667163600,103.462,103.69,102.379,103.007
1667250000,103.007,104.248,102.6,103.499
1667336400,103.499,104.147,103.024,104.097
1667422800,104.097,104.097,101.986,102.487
1667509200,102.487,102.938,101.231,102.059
1667772000,102.059,102.312,100.786,101.017
1667858400,101.017,102.389,100.442,102.217
1667944800,102.217,104.228,102.12,103.88
1668031200,103.88,106.121,103.29,105.397
1668117600,105.397,105.501,104.482,104.788
1668376800,104.788,105.407,104.187,104.76
1668463200,104.76,105.724,104.48,105.643
1668549600,105.643,107.264,105.104,107.179
1668636000,107.179,107.604,105.754,106.44
1668722400,106.44,106.579,105.434,106.052
1668981600,106.052,106.934,105.611,106.441
1669068000,106.441,107.253,106.143,107.238
1669154400,107.238,108.738,106.905,108.376
1669240800,108.376,109.296,108.019,108.068
1669327200,108.068,108.068,107.221,107.44
1669586400,107.44,108.227,107.356,107.873
1669672800,107.873,108.654,107.52,107.982
1669759200,107.982,108.046,107.05,107.492
1669845600,107.492,108.446,107.492,108.004
1669932000,108.004,109.136,107.24,107.668
1670191200,107.668,108.589,107.54,108.298
1670277600,108.298,108.996,107.991,108.462
1670364000,108.462,108.984,108.09,108.876
1670450400,108.876,109.032,108.12,108.199
1670536800,108.199,108.338,107.359,107.455
1670796000,107.455,108.228,106.909,107.264
1670882400,107.264,107.529,106.185,106.302
1670968800,106.302,106.846,105.811,106.039
1671055200,106.039,107.288,105.992,106.656
1671141600,106.656,106.656,105.02,105.873
1671400800,105.873,105.873,103.994,104.085
1671487200,104.085,104.085,102.471,103.028
1671573600,103.028,103.384,102.81,103.126
1671660000,103.126,103.405,102.22,102.712
1671746400,102.712,102.878,102.007,102.224
1672178400,102.224,102.224,100.956,101.848
1672264800,101.848,101.979,101.034,101.58
1672696800,101.58,103.139,101.58,102.103
1672783200,102.103,104.019,102.103,103.795
1672869600,103.795,103.872,102.834,103.192
1672956000,103.192,104.281,102.687,104.132
1673215200,104.132,104.132,103.3,103.691
1673301600,103.691,103.691,102.822,103.145
1673388000,103.145,105.42,103.145,104.834
1673474400,104.834,106.233,104.834,105.814
1673560800,105.814,106.359,105.299,105.41
1673820000,105.41,105.517,104.767,105.251
1673906400,105.251,105.988,104.527,105.82
1673992800,105.82,107.033,105.275,106.155
1674079200,106.155,106.994,105.663,105.994
1674165600,105.994,106.327,105.297,105.438
1674424800,105.438,105.844,105.003,105.452
1674511200,105.452,106.192,105.314,106.151
1674597600,106.151,107.188,106.151,106.587
1674684000,106.587,106.798,105.712,106.072
1674770400,106.072,106.072,105.29,105.765
1675029600,105.765,105.826,105.114,105.521
1675116000,105.521,106.151,105.244,105.512
1675202400,105.512,106.071,105.354,105.882
1675288800,105.882,108.831,105.882,108.76
1675375200,108.76,108.76,107.673,108.256
1675634400,108.256,108.256,106.157,106.27
1675720800,106.27,106.526,105.429,105.989
1675807200,105.989,106,105.311,105.929
1675893600,105.929,106.565,105.71,105.895
1675980000,105.895,105.895,104.707,104.863
1676239200,104.863,104.863,104.325,104.76
1676325600,104.76,105.057,103.443,103.512
1676412000,103.512,104.688,103.512,103.901
1676498400,103.901,104.202,103.094,103.696
1676584800,103.696,103.696,102.588,103.511
1676844000,103.511,104.024,103.342,103.828
1676930400,103.828,103.891,102.166,102.279
1677016800,102.279,102.544,101.557,102.387
1677103200,102.387,102.701,101.541,102.63
1677189600,102.63,103.268,101.507,101.842
1677448800,101.842,102.417,101.161,101.293
1677535200,101.293,101.591,100.548,101.58
1677621600,101.58,102.038,100.707,101.179
1677708000,101.179,101.419,100.738,100.798
1677794400,100.798,101.378,100.626,101.131
1678053600,101.131,101.899,100.935,101.066
1678140000,101.066,101.91,100.58,101.506
1678226400,101.506,102.331,100.815,101.915
1678312800,101.915,102.168,101.31,101.863
1678399200,101.863,104.186,101.863,103.623
1678654800,103.623,107.477,103.623,106.229
1678741200,106.229,106.754,104.449,105.074
1678827600,105.074,107.477,104.344,106.413
1678914000,106.413,107.349,105.334,105.496
1679000400,105.496,107.878,105.496,106.91
1679259600,106.91,108.527,106.364,106.475
1679346000,106.475,106.475,105.56,105.947
1679432400,105.947,105.947,103.976,105.374
1679518800,105.374,106.283,104.982,106.191
1679605200,106.191,108.437,106.191,106.851
1679864400,106.851,106.851,105.019,105.669
1679950800,105.669,105.669,104.534,104.783
1680037200,104.783,105.26,104.364,104.847
1680123600,104.847,105.527,104.179,104.446
1680210000,104.446,104.96,103.781,104.96
1680469200,104.96,105.678,103.985,105.384
1680555600,105.384,105.428,104.254,105.402
1680642000,105.402,105.583,104.466,105.451
1680728400,105.451,105.931,105.081,105.576
1681160400,105.576,105.576,103.959,104.114
1681246800,104.114,105.048,103.468,103.739
1681333200,103.739,104.334,103.424,103.869
1681419600,103.869,103.869,102.874,102.995
1681678800,102.995,103.196,102.457,102.517
1681765200,102.517,102.517,101.84,101.921
1681851600,101.921,101.921,100.511,100.73
1681938000,100.73,101.747,100.712,101.737
1682024400,101.737,102.121,101.478,101.745
1682283600,101.745,101.978,101.377,101.419
1682370000,101.419,102.733,101.419,102.47
1682456400,102.47,102.846,101.829,101.895
1682542800,101.895,102.203,101.324,101.355
1682629200,101.355,102.331,101.288,102.134
1682974800,102.134,102.767,101.021,102.697
1683061200,102.697,103.102,102.234,102.459
1683147600,102.459,102.951,101.629,102.789
1683234000,102.789,102.789,101.271,101.631
1683579600,101.631,101.631,100.675,100.705
1683666000,100.705,101.344,100.517,101.267
1683752400,101.267,102.524,101.188,102.095
1683838800,102.095,102.224,101.266,101.375
1684098000,101.375,101.375,100.859,100.939
1684184400,100.939,101.646,100.838,100.978
1684270800,100.978,101.352,100.615,100.695
1684357200,100.695,100.695,99.298,99.308
1684443600,99.308,99.652,98.042,98.895
1684702800,98.895,99.388,98.35,98.525
1684789200,98.525,98.525,97.145,97.42
1684875600,97.42,97.42,95.606,96.791
1684962000,96.791,96.791,94.814,94.903
1685048400,94.903,95.536,94.486,95.39
1685394000,95.39,96.39,95.054,96.26
1685480400,96.26,97.285,96.26,97.016
1685566800,97.016,98,96.639,97.793
1685653200,97.793,97.793,97.08,97.29
1685912400,97.29,97.29,96.525,96.711
1685998800,96.711,97.395,96.526,97.016
1686085200,97.016,97.16,96.213,96.233
1686171600,96.233,96.578,94.993,96.428
1686258000,96.428,96.887,96.155,96.511
1686517200,96.511,96.569,95.356,95.526
1686603600,95.526,95.526,94.441,94.676
1686690000,94.676,95.225,94.489,95.225
1686776400,95.225,95.539,94.326,95.298
1686862800,95.298,95.597,94.645,94.985
1687122000,94.985,95.23,94.141,94.186
1687208400,94.186,96.054,94.115,95.938
1687294800,95.938,95.938,94.638,95.174
1687381200,95.174,96.024,94.495,95.633
1687467600,95.633,97.225,95.556,95.996
1687726800,95.996,96.816,95.975,96.505
1687813200,96.505,96.553,95.546,95.736
1687899600,95.736,96.516,95.469,96.435
1687986000,96.435,96.435,95.281,95.591
1688072400,95.591,95.694,94.797,95.584
1688331600,95.584,95.758,94.89,94.92
1688418000,94.92,95.605,94.578,95.259
1688504400,95.259,95.678,94.299,94.309
1688590800,94.309,94.309,92.368,92.859
1688677200,92.859,93.173,92.281,92.982
1688936400,92.982,93.146,92.505,92.95
1689022800,92.95,93.485,92.663,92.833
1689109200,92.833,94.293,92.833,94.268
1689195600,94.268,95.378,94.268,95.323
1689282000,95.323,95.671,94.71,94.95
1689541200,94.95,95.604,94.743,95.118
1689627600,95.118,96.092,95.118,95.862
1689714000,95.862,98.004,95.862,97.653
1689800400,97.653,97.781,96.538,96.563
1689886800,96.563,96.897,96.266,96.696
1690146000,96.696,97.732,96.58,96.764
1690232400,96.764,96.933,96.447,96.687
1690318800,96.687,96.875,96.414,96.529
1690405200,96.529,96.963,96.061,96.216
1690491600,96.216,96.216,95.364,95.963
1690750800,95.963,96.322,95.541,96.287
1690837200,96.287,96.31,95.003,95.023
1690923600,95.023,95.462,94.846,95.075
1691010000,95.075,95.075,94.112,94.302
1691096400,94.302,95.221,93.86,95.106
1691355600,95.106,95.106,94.183,94.358
1691442000,94.358,95.688,94.358,95.141
1691528400,95.141,95.52,94.839,95.334
1691614800,95.334,95.998,94.978,95.362
1691701200,95.362,95.362,93.603,93.643
1691960400,93.643,93.857,93.095,93.335
1692046800,93.335,93.335,92.232,92.853
1692133200,92.853,93.137,92.34,92.455
1692219600,92.455,92.455,91.282,91.367
1692306000,91.367,92.376,91.367,92.095
1692565200,92.095,92.279,91.398,91.533
1692651600,91.533,92.496,91.516,92.356
1692738000,92.356,94.336,92.356,94.326
1692824400,94.326,95.025,94.244,94.569
1692910800,94.569,94.677,93.991,94.566
1693256400,94.566,94.858,93.972,94.757
1693342800,94.757,94.955,94.16,94.735
1693429200,94.735,95.748,94.578,95.423
1693515600,95.423,95.671,94.61,94.91
1693774800,94.91,94.91,94.218,94.243
1693861200,94.243,94.476,93.585,93.665
1693947600,93.665,93.993,93.289,93.658
1694034000,93.658,94.406,93.658,94.381
1694120400,94.381,95.16,94.381,94.814
1694379600,94.814,94.814,94.072,94.352
1694466000,94.352,95.21,94.352,94.86
1694552400,94.86,95.73,94.649,95.73
1694638800,95.73,96.55,95.429,96.095
1694725200,96.095,96.129,95.309,95.344
1694984400,95.344,95.344,94.697,95.177
1695070800,95.177,95.652,94.987,95.372
1695157200,95.372,96.762,95.372,96.757
1695243600,96.757,96.757,95.196,95.791
1695330000,95.791,96.426,95.705,96.235
1695589200,96.235,96.235,95.043,95.243
1695675600,95.243,95.718,94.868,95.043
1695762000,95.043,95.673,94.642,94.652
1695848400,94.652,94.692,92.761,93.541
1695934800,93.541,94.411,93.541,93.836
1696194000,93.836,93.836,92.588,92.769
1696280400,92.769,93.228,92.208,92.238
1696366800,92.238,92.577,91.537,92.537
1696453200,92.537,93.072,91.987,93.067
1696539600,93.067,93.067,91.936,92.441
1696798800,92.441,93.625,92.441,93.595
1696885200,93.595,94.21,93.075,94.16
1696971600,94.16,95.295,93.985,95.205
1697058000,95.205,95.7,94.149,94.219
1697144400,94.219,95.094,94.219,94.679
1697403600,94.679,94.679,93.522,93.592
1697490000,93.592,93.947,92.846,93.301
1697576400,93.301,93.301,91.81,91.9
1697662800,91.9,91.955,91.23,91.419
1697749200,91.419,91.929,91.209,91.889
1698008400,91.889,92.428,90.887,92.418
1698094800,92.418,93.368,92.418,92.967
1698181200,92.967,93.107,92.067,92.097
1698267600,92.097,92.691,91.651,92.491
1698354000,92.491,92.966,92.356,92.721
1698613200,92.721,93.325,92.254,92.779
1698699600,92.779,93.804,92.779,93.134
1698786000,93.134,93.819,92.663,93.393
1698872400,93.393,95.114,93.393,94.573
1698958800,94.573,95.648,94.243,95.468
1699221600,95.468,95.468,94.421,94.491
1699308000,94.491,95.601,94.491,95.491
1699394400,95.491,96.071,95.486,95.966
1699480800,95.966,96.16,95.37,95.485
1699567200,95.485,95.485,94.729,94.974
1699826400,94.974,95.298,94.603,95.118
1699912800,95.118,96.938,94.892,96.808
1699999200,96.808,97.137,95.947,96.062
1700085600,96.062,97.287,96.062,96.977
1700172000,96.977,98.007,96.977,97.321
1700431200,97.321,97.321,96.7,96.964
1700517600,96.964,97.594,96.849,96.954
1700604000,96.954,97.809,96.493,96.608
1700690400,96.608,96.983,95.773,95.903
1700776800,95.903,95.903,95.087,95.562
1701036000,95.562,96.321,95.411,96.291
1701122400,96.291,96.83,95.9,96.52
1701208800,96.52,97.84,96.52,97.46
1701295200,97.46,97.64,96.089,96.089
1701381600,96.089,97.014,96.089,96.979
1701640800,96.979,96.979,96.255,96.345
1701727200,96.345,98.295,96.345,98.005
1701813600,98.005,98.935,97.625,98.81
1701900000,98.81,98.81,98.16,98.68
1701986400,98.68,98.68,97.396,98.031
1702245600,98.031,98.031,97.367,97.477
1702332000,97.477,98.906,97.477,98.476
1702418400,98.476,100.176,98.476,100.136
1702504800,100.136,101.656,100.136,100.342
1702591200,100.342,101.536,100.262,101.212
1702850400,101.212,101.847,100.907,101.167
1702936800,101.167,102.017,101.167,101.583
1703023200,101.583,103.057,101.583,103.002
1703109600,103.002,103.373,102.473,102.838
1703196000,102.838,103.278,102.768,103.208
1703628000,103.208,103.919,103.129,103.774
1703714400,103.774,103.899,103.045,103.135
1703800800,103.135,103.26,102.24,103.14
1704146400,103.14,103.14,101.072,101.481
1704232800,101.481,101.962,101.207,101.942
1704319200,101.942,101.942,100.612,100.632
1704405600,100.632,100.792,99.583,100.043
1704664800,100.043,100.523,99.743,100.468
1704751200,100.468,100.674,99.824,100.299
1704837600,100.299,100.584,99.984,100.044
1704924000,100.044,100.444,99.694,99.764
1705010400,99.764,100.584,99.764,100.17
1705269600,100.17,100.225,99.785,100.085
1705356000,100.085,100.315,99.691,99.716
1705442400,99.716,99.716,97.976,98.146
1705528800,98.146,98.861,98.106,98.556
1705615200,98.556,99.227,98.387,98.797
1705874400,98.797,99.427,98.797,98.997
1705960800,98.997,98.997,98.188,98.228
1706047200,98.228,98.748,97.808,98.238
1706133600,98.238,98.568,97.558,98.278
1706220000,98.278,98.758,98.144,98.454
1706479200,98.454,99.289,98.454,99.219
1706565600,99.219,99.529,98.78,98.955
1706652000,98.955,100.11,98.955,100.085
1706738400,100.085,100.6,99.52,100.27
1706824800,100.27,100.27,98.76,98.85
1707084000,98.85,98.85,97.701,98.141
1707170400,98.141,98.777,97.972,98.762
1707256800,98.762,98.762,98.212,98.322
1707343200,98.322,98.652,97.732,97.757
1707429600,97.757,98.232,97.442,97.742
1707688800,97.742,98.038,97.573,97.803
1707775200,97.803,97.909,96.794,96.869
1707861600,96.869,98.094,96.869,98.054
1707948000,98.054,98.574,97.809,97.909
1708034400,97.909,97.909,97.104,97.364
1708293600,97.364,97.44,97.155,97.23
1708380000,97.23,98.075,97.23,97.935
1708466400,97.935,97.996,97.326,97.476
1708552800,97.476,97.881,96.966,97.376
1708639200,97.376,98.156,97.096,98.096
1708898400,98.096,98.417,97.522,97.547
1708984800,97.547,98.142,97.207,97.257
1709071200,97.257,97.653,97.238,97.468
1709157600,97.468,98.098,96.743,97.918
1709244000,97.918,98.362,97.358,98.112
1709503200,98.112,98.364,97.854,97.964
1709589600,97.964,99.354,97.964,99.174
1709676000,99.174,99.434,98.625,99.344
1709762400,99.344,99.824,98.925,99.22
1709848800,99.22,99.965,99.22,99.625
1710104400,99.625,99.921,99.307,99.577
1710190800,99.577,100.317,99.577,99.722
1710277200,99.722,99.987,99.003,99.038
1710363600,99.038,99.289,98.219,98.269
1710450000,98.269,98.359,98,98.32
1710709200,98.32,98.541,98.131,98.241
1710795600,98.241,98.871,98.241,98.662
1710882000,98.662,99.242,98.662,98.962
1710968400,98.962,99.842,98.962,99.108
1711054800,99.108,99.993,99.108,99.773
1711314000,99.773,99.974,99.105,99.195
1711400400,99.195,99.755,99.195,99.515
1711486800,99.515,99.875,99.365,99.8
1711573200,99.8,99.986,99.426,99.746
1712005200,99.746,99.746,98.154,98.409
1712091600,98.409,98.81,98.11,98.745
1712178000,98.745,99.32,98.595,98.89
1712264400,98.89,99.05,98.261,98.511
1712523600,98.511,98.511,97.913,98.248
1712610000,98.248,98.913,98.248,98.873
1712696400,98.873,99.063,97.634,97.654
1712782800,97.654,97.654,96.785,97.225
1712869200,97.225,98.195,97.215,97.825
1713128400,97.825,97.825,96.667,96.852
1713214800,96.852,96.852,95.998,96.243
1713301200,96.243,96.798,95.978,96.758
1713387600,96.758,97.158,96.499,96.529
1713474000,96.529,97.009,96.419,96.909
1713733200,96.909,97.251,96.681,97.171
1713819600,97.171,97.221,96.536,96.946
1713906000,96.946,96.946,95.752,95.932
1713992400,95.932,96.192,95.333,95.603
1714078800,95.603,96.293,95.603,95.963
1714338000,95.963,96.534,95.963,96.395
1714424400,96.395,96.46,95.695,95.74
1714510800,95.74,95.926,95.401,95.656
1714597200,95.656,96.496,95.656,96.391
1714683600,96.391,97.406,96.391,97.086
1715029200,97.086,98.058,97.086,97.968
1715115600,97.968,98.029,97.689,97.939
1715202000,97.939,97.994,97.469,97.879
1715288400,97.879,98.265,97.53,97.55
1715547600,97.55,97.901,97.502,97.572
1715634000,97.572,97.862,97.202,97.672
1715720400,97.672,98.642,97.672,98.612
1715806800,98.612,98.733,98.323,98.393
1715893200,98.393,98.433,97.874,97.884
1716152400,97.884,97.985,97.485,97.505
1716238800,97.505,97.976,97.505,97.946
1716325200,97.946,97.946,96.807,96.957
1716411600,96.957,97.287,96.567,96.737
1716498000,96.737,96.897,96.408,96.668
1716843600,96.668,97.13,96.47,96.485
1716930000,96.485,96.485,95.131,95.226
1717016400,95.226,95.856,95.226,95.806
1717102800,95.806,96.306,95.451,95.986
1717362000,95.986,97.108,95.986,96.988
1717448400,96.988,97.728,96.988,97.478
1717534800,97.478,97.659,97.189,97.57
1717621200,97.57,97.765,97.365,97.685
1717707600,97.685,97.716,96.687,96.787
1717966800,96.787,96.787,96.045,96.05
1718053200,96.05,96.76,96.05,96.595
1718139600,96.595,98.14,96.595,98.09
1718226000,98.09,98.161,97.531,98.061
1718312400,98.061,98.971,98.061,98.731
1718571600,98.731,98.783,98.129,98.294
1718658000,98.299,98.814,98.174,98.764
1718744400,98.765,98.765,98.335,98.515
1718830800,98.341,98.925,98.246,98.666
1718917200,98.796,99.156,98.307,98.472
1719176400,98.484,98.679,98.299,98.459
1719262800,98.58,98.85,98.37,98.41
1719349200,98.411,98.411,97.856,97.921
1719435600,97.822,98.122,97.562,97.992
1719522000,97.982,98.173,97.473,97.523
1719781200,97.295,97.325,96.506,96.526
1719867600,96.806,97.166,96.657,96.852
1719954000,96.917,97.717,96.897,97.602
1720040400,97.418,97.513,97.258,97.318
1720126800,97.478,98.048,97.458,97.898
1720386000,97.736,98.211,97.661,98.141
1720472400,97.991,98.051,97.582,97.762
1720558800,98.012,98.322,97.862,97.982
1720645200,97.903,98.473,97.573,98.433
1720731600,98.154,98.244,97.744,98.064
1720990800,98.071,98.296,97.956,98.106
1721077200,98.307,98.727,98.307,98.667
1721163600,98.502,98.597,98.258,98.498
1721250000,98.583,98.878,98.388,98.529
1721336400,98.614,98.639,97.93,98.01
1721595600,98.127,98.152,97.542,97.572
1721682000,97.653,98.013,97.563,97.973
1721768400,98.063,98.133,97.584,97.644
1721854800,97.654,98.239,97.619,97.82
1721941200,97.65,98.415,97.415,98.125
1722200400,98.422,98.877,98.417,98.582
1722286800,98.693,98.893,98.388,98.813
1722373200,98.869,99.389,98.809,99.369
1722459600,99.649,100.369,99.439,100.004
1722546000,100.569,100.979,100.2,100.615
1722805200,100.942,101.422,100.052,100.207
1722891600,100.018,100.383,99.713,99.773
1722978000,99.814,99.819,99.284,99.629
1723064400,99.77,99.835,99.165,99.195
1723150800,99.376,99.786,99.341,99.556
1723410000,99.398,99.868,99.358,99.863
1723496400,99.809,100.199,99.649,100.124
1723582800,100.454,100.76,100.19,100.53
1723669200,100.56,100.6,99.701,99.801
1723755600,100.026,100.151,99.632,99.817
1724014800,99.964,100.094,99.624,99.874
1724101200,99.77,99.955,99.595,99.945
1724187600,99.935,100.156,99.656,100.096
1724274000,100.036,100.196,99.407,99.467
1724360400,99.617,99.987,99.417,99.817
1724706000,99.635,99.635,99.151,99.426
1724792400,99.361,99.651,99.251,99.337
1724878800,99.292,99.637,99.072,99.252
1724965200,99.223,99.613,99.013,99.063
1725224400,98.869,98.899,98.678,98.767
1725310800,98.865,99.783,98.773,99.39
1725397200,99.724,100.085,99.578,100.064
1725483600,100.192,100.392,99.97,100.271
1725570000,100.529,101.046,99.945,100.17
1725829200,100.007,100.734,99.825,100.723
1725915600,100.499,101.171,100.358,101.03
1726002000,101.449,101.94,101.237,101.668
1726088400,101.666,102.031,101.367,101.472
1726174800,101.721,101.861,101.478,101.719
1726434000,101.756,101.806,101.513,101.774
1726520400,101.821,102.052,101.428,101.558
1726606800,101.495,101.515,100.634,100.799
1726693200,100.616,100.881,100.041,100.262
1726779600,100.214,100.57,99.926,100.207
1727038800,99.963,100.46,99.529,99.92
1727125200,99.747,99.775,99.022,99.755
1727211600,99.651,99.893,99.007,99.087
1727298000,98.963,99.289,98.751,98.781
1727384400,99.059,99.379,98.887,99.248
1727643600,99.085,99.135,98.722,99.022
1727730000,98.949,99.902,98.939,99.635
1727816400,99.266,99.281,98.391,98.48
1727902800,98.638,98.944,98.571,98.676
1727989200,98.272,98.553,97.376,97.401
1728248400,97.193,97.313,96.709,96.82
1728334800,96.897,97.108,96.575,97.016
1728421200,97.013,97.283,96.93,96.961
1728507600,96.807,96.867,96.204,96.645
1728594000,96.777,96.911,96.299,96.901
1728853200,96.607,96.718,96.225,96.435
1728939600,96.884,97.313,96.753,97.263
1729026000,97.923,98.413,97.872,98.202
1729112400,98.058,98.303,97.776,97.976
1729198800,97.652,98.433,97.602,98.413
1729458000,98.25,98.33,97.42,97.445
1729544400,97.262,97.551,96.991,97.164
1729630800,97.026,97.126,96.453,96.678
1729717200,96.028,96.638,95.982,96.432
1729803600,96.605,96.675,96.332,96.353
1730062800,95.959,96.8,95.849,96.248
1730149200,96.064,96.199,95.566,95.812
1730235600,96.14,96.931,94.619,95.065
1730322000,94.696,94.952,93.437,94.504
1730408400,93.975,94.996,93.714,94.223
1730671200,94.482,94.587,93.95,94.184
1730757600,93.971,94.141,93.443,93.623
1730844000,93.44,94.016,92.767,93.318
1730930400,93.41,93.995,92.783,93.935
1731016800,94.113,94.612,93.941,94.431
1731276000,94.59,94.68,94.068,94.508
1731362400,94.395,94.435,93.511,93.541
1731448800,93.518,94.223,93.376,93.426
1731535200,93.213,94.043,93.163,93.983
1731621600,93.744,94.199,93.508,94.113
1731880800,94.026,94.079,93.504,94.029
1731967200,94.172,94.823,94.03,94.25
1732053600,93.786,93.987,93.545,93.945
1732140000,93.792,94.412,93.752,94.271
1732226400,94.148,95.009,94.048,94.677
1732485600,94.945,95.511,94.75,95.14
1732572000,95.07,95.299,94.889,95.279
1732658400,95.619,95.769,95.339,95.759
1732744800,95.639,95.878,95.268,95.828
1732831200,96.138,96.338,95.878,96.108
1733090400,96.176,96.406,95.896,96.306
1733176800,96.235,96.625,96.015,96.155
1733263200,95.834,96.194,95.584,96.154
1733349600,96.149,96.264,95.773,95.943
1733436000,95.938,96.193,95.672,95.892
1733695200,96.03,96.22,95.81,95.81
1733781600,95.679,95.809,95.208,95.273
1733868000,95.298,95.648,95.148,95.278
1733954400,95.047,95.197,94.766,94.827
1734040800,94.851,94.966,94.205,94.205
1734300000,94.483,94.573,93.943,94.023
1734386400,93.532,93.712,93.121,93.241
1734472800,93.321,93.456,92.65,92.93
1734559200,92.069,92.91,91.949,92.309
1734645600,92.324,93.159,92.259,93.029
1734904800,92.787,92.867,92.496,92.556
1734991200,92.421,92.496,92.04,92.18
1735250400,91.908,92.073,91.708,91.763
1735509600,91.821,92.231,91.721,92.091
1735596000,92.28,92.7,92.12,92.48
1735768800,92.309,92.939,92.148,92.283
1735855200,92.463,92.658,92.183,92.183
1736114400,92.011,92.336,91.835,92.155
1736200800,92.145,92.195,91.374,91.454
1736287200,91.534,91.624,89.943,90.148
1736373600,89.452,90.357,89.066,89.967
1736460000,89.841,89.941,89.211,89.621
1736719200,89.209,89.569,89.028,89.478
1736805600,89.693,89.768,89.072,89.082
1736892000,89.998,91.318,89.727,91.013
1736978400,90.952,91.507,90.747,91.377
1737064800,91.797,92.017,91.507,91.617
1737324000,91.595,91.725,91.154,91.644
1737410400,91.719,92.429,91.524,92.204
1737496800,92.189,92.564,91.843,91.863
1737583200,92.073,92.093,91.702,91.887
1737669600,92.112,92.302,91.582,91.892
1737928800,92.38,92.72,92.19,92.35
1738015200,92.309,92.449,92.049,92.099
1738101600,92.438,92.578,91.998,92.118
1738188000,92.388,92.863,92.318,92.672
1738274400,92.662,92.977,92.512,92.777
1738533600,92.725,93.58,92.575,93.165
1738620000,92.764,92.944,92.434,92.819
1738706400,93.118,93.883,93.053,93.803
1738792800,93.803,94.383,93.212,93.292
1738879200,93.172,93.897,92.981,93.272
1739138400,93.215,93.749,93.2,93.489
1739224800,93.329,93.389,92.898,93.068
1739311200,92.903,93.078,92.348,92.768
1739397600,92.597,93.527,92.567,93.417
1739484000,93.251,93.451,92.946,93.156
1739743200,92.699,93.074,92.514,92.944
1739829600,92.533,92.813,92.463,92.603
1739916000,92.482,92.512,91.942,92.032
1740002400,92.212,92.277,91.801,92.111
1740088800,92.066,92.601,91.971,92.586
1740348000,92.559,92.698,92.198,92.453
1740434400,92.903,93.358,92.698,93.183
1740520800,93.177,93.497,93.044,93.174
1740607200,93.255,93.295,92.805,92.955
1740693600,93.315,93.465,93.115,93.375
1740952800,93.186,93.356,92.536,92.946
1741039200,93.131,93.756,93.031,93.051
1741125600,92.176,92.386,91.527,91.617
1741212000,90.837,92.047,90.782,91.832
1741298400,91.797,92.597,91.637,92.192
1741554000,92.203,92.528,92.108,92.213
1741640400,92.303,92.358,91.708,91.853
1741726800,91.708,91.878,91.249,91.494
1741813200,91.409,91.969,91.049,91.944
1741899600,91.934,91.969,91.429,91.869
1742158800,91.89,92.35,91.73,92.14
1742245200,92.05,92.26,91.71,92.23
1742331600,92.325,92.41,92.05,92.245
1742418000,92.64,92.98,91.93,92.04
1742504400,91.851,92.151,91.471,91.491
1742763600,91.281,91.881,91.242,91.382
1742850000,91.102,91.222,90.902,91.057
1742936400,91.362,91.572,90.732,91.402
1743022800,91.292,91.452,90.547,90.722
1743109200,91.078,91.632,91.033,91.593
1743368400,91.923,92.083,91.568,91.623
1743454800,91.978,92.433,91.978,91.983
1743541200,91.984,92.514,91.814,91.854
1743627600,92.749,93.224,92.424,93.019
1743714000,93.644,94.394,93.394,93.839
1743973200,94.374,94.474,91.565,91.815
1744059600,91.9,92.615,91.575,92.14
1744146000,91.375,91.485,89.976,90.106
1744232400,90.906,91.866,90.716,91.811
1744318800,91.471,91.546,90.456,91.016
1744578000,91.007,91.617,90.957,91.567
1744664400,91.747,91.967,91.407,91.742
1744750800,92.097,92.297,91.757,91.972
1744837200,91.877,92.577,91.707,92.387
1745269200,92.179,92.549,91.949,92.439
1745355600,92.739,93.299,92.349,92.394
1745442000,92.634,93.159,92.499,93.099
1745528400,92.919,93.319,92.914,93.289
1745787600,93.275,93.31,92.775,93.04
1745874000,93.16,93.455,92.95,93.34
1745960400,93.44,93.77,93.4,93.72
1746046800,93.721,93.861,93.141,93.281
1746133200,93.401,93.911,92.841,92.846
1746478800,92.662,92.972,92.312,92.882
1746565200,92.922,93.502,92.792,93.502
1746651600,93.402,93.582,92.423,92.443
1746738000,92.328,92.513,92.063,92.303
1746997200,91.764,91.944,91.614,91.629
1747083600,91.649,91.764,91.464,91.524
1747170000,91.524,91.664,90.944,90.959
1747256400,91.134,91.625,91.015,91.61
1747342800,91.925,92.015,91.585,91.59
1747602000,91.305,91.556,90.856,91.536
1747688400,91.446,91.896,90.916,91.121
1747774800,90.856,90.866,90.386,90.596
1747861200,90.366,90.656,90.106,90.576
1747947600,90.797,91.192,90.467,91.157
1748293200,91.597,91.877,91.085,91.365
1748379600,91.185,91.375,90.885,91.005
1748466000,90.745,91.705,90.585,91.615
1748552400,91.715,91.785,91.385,91.755
1748811600,91.495,91.665,91.165,91.505
1748898000,91.845,92.105,91.705,91.735
1748984400,91.825,92.215,91.445,92.18
1749070800,92.035,92.615,91.895,92.1
1749157200,92.045,92.365,91.71,91.79
1749416400,91.95,92.165,91.555,91.98
1749502800,92.355,92.865,92.355,92.71
1749589200,92.615,92.685,92.11,92.655
1749675600,93.005,93.355,92.805,93.3
1749762000,93.425,93.485,92.55,92.565
1750021200,92.445,92.86,92.235,92.665
1750107600,92.525,93.06,92.37,92.655
1750194000,92.535,93.085,92.505,92.99
1750280400,92.63,93.005,92.56,92.755
1750366800,92.995,93.055,92.455,92.785
1750626000,92.395,93.215,92.32,93.135
1750712400,93.145,93.505,92.645,93.325
1750798800,93.375,93.575,93.035,93.175
1750885200,93.315,93.455,93.155,93.245
1750971600,93.355,93.355,92.855,92.955
1751230800,92.925,93.245,92.825,93.11
1751317200,93.385,93.755,93.335,93.565
1751403600,93.285,93.325,91.635,91.805
1751490000,92.23,92.735,92.125,92.41
1751576400,92.655,92.785,92.275,92.435
1751835600,92.425,92.625,92.045,92.14
1751922000,91.825,91.985,91.415,91.595
1752008400,91.675,91.955,91.535,91.91
1752094800,92.01,92.195,91.825,91.985
1752181200,91.915,92.075,91.59,91.66
1752440400,91.65,91.945,91.56,91.905
1752526800,91.875,92.235,91.415,91.595
1752613200,91.385,91.725,91.175,91.485
1752699600,91.28,91.52,91.145,91.165
1752786000,91.195,91.365,91.075,91.19
1753045200,91.365,91.855,91.365,91.825
1753131600,91.605,92.145,91.455,92.095
1753218000,91.735,91.835,91.395,91.415
1753304400,91.415,91.685,91.175,91.6
1753390800,91.465,91.645,91.225,91.625
1753650000,91.635,91.845,91.355,91.49
1753736400,91.435,91.795,91.165,91.695
1753822800,91.735,92.115,91.705,91.915
1753909200,92.215,92.275,91.965,92.115
1753995600,91.745,92.695,91.495,92.56
1754254800,92.475,92.765,92.24,92.695
1754341200,92.655,92.835,92.475,92.645
1754427600,92.42,92.765,92.185,92.605
1754514000,92.485,92.655,92.005,92.325
1754600400,92.175,92.305,91.865,91.895
1754859600,92.005,92.375,92.005,92.245
1754946000,92.065,92.075,91.515,91.705
1755032400,91.855,92.075,91.735,91.945
1755118800,92.07,92.145,91.495,91.545
1755205200,91.595,91.615,90.915,90.92
1755464400,91.025,91.315,90.515,90.685
1755550800,90.67,90.795,90.435,90.745
1755637200,90.7,91.165,90.545,91.125
1755723600,91.165,91.165,90.595,90.635
1755810000,90.625,91.015,90.345,90.96
1756155600,90.585,90.585,90.275,90.526
1756242000,90.356,90.706,90.281,90.541
1756328400,90.756,90.861,90.5,90.76
1756414800,90.81,90.825,90.485,90.625
1756674000,90.49,90.51,90.234,90.294
1756760400,90.064,90.094,89.634,89.804
1756846800,89.694,90.444,89.394,90.434
1756933200,90.344,90.769,90.344,90.674
1757019600,90.874,91.344,90.674,91.189
1757278800,91.163,91.633,91.143,91.553
1757365200,91.473,91.693,91.343,91.473
1757451600,91.523,91.603,91.282,91.437
1757538000,91.322,91.847,91.297,91.802
1757624400,91.517,91.782,91.172,91.312
1757883600,91.256,91.561,91.161,91.511
1757970000,91.511,91.591,91.251,91.476
1758056400,91.591,91.781,91.541,91.556
1758142800,91.611,91.741,91.11,91.275
1758229200,90.84,90.99,90.68,90.75
1758488400,90.739,90.939,90.619,90.789
1758574800,90.929,91.129,90.779,90.989
1758661200,91.224,91.299,90.989,91.139
1758747600,91.089,91.139,90.358,90.478
1758834000,90.298,90.768,90.288,90.468
1759093200,90.733,90.958,90.678,90.938
1759179600,91.007,91.027,90.757,90.927
1759266000,90.617,91.097,90.567,90.917
1759352400,90.917,90.977,90.597,90.977
1759438800,90.877,91.077,90.857,90.947
1759698000,90.711,90.746,90.436,90.576
1759784400,90.506,90.711,90.356,90.666
1759870800,90.725,90.945,90.715,90.835
1759957200,90.745,90.845,90.445,90.47
1760043600,90.675,91.255,90.65,91.19
1760302800,91.239,91.404,91.034,91.334
1760389200,91.684,92.084,91.624,92.054
1760475600,92.254,92.524,92.224,92.314
1760562000,92.414,93.034,92.284,92.924
1760648400,93.114,93.184,92.343,92.468
1760907600,92.483,92.743,92.433,92.718
1760994000,92.893,93.073,92.673,93.033
1761080400,93.762,93.952,93.422,93.542
1761166800,93.472,93.612,93.342,93.562
1761253200,93.692,93.807,93.362,93.427
1761512400,93.256,93.711,93.241,93.671
1761598800,93.871,93.976,93.631,93.751
1761685200,93.871,93.901,93.721,93.761
1761771600,93.46,93.74,93.31,93.69
1761858000,93.59,93.72,93.455,93.69
1762120800,93.619,93.749,93.339,93.489
1762207200,93.749,93.989,93.499,93.519
1762293600,93.659,93.699,93.089,93.149
1762380000,93.329,93.539,93.078,93.358
1762466400,93.228,93.278,92.948,93.158
1762725600,92.822,93.307,92.807,93.237
1762812000,93.647,93.957,93.537,93.887
1762898400,93.617,93.717,93.427,93.667
1762984800,93.637,93.837,93.347,93.362
1763071200,92.281,92.856,91.976,92.016
1763330400,92.001,92.456,91.956,92.371
1763416800,92.495,92.605,92.185,92.225
1763503200,92.405,92.435,91.595,91.63
1763589600,91.645,91.955,91.585,91.88
1763676000,91.965,92.435,91.935,92.255
1763935200,92.404,92.454,92.141,92.252
1764021600,92.122,92.799,92.061,92.686
1764108000,92.374,93.447,92.052,93.396
1764194400,93.368,93.368,92.787,93.088
1764280800,92.979,93.332,92.918,93.152
1764540000,92.758,92.877,92.449,92.651
1764626400,92.654,92.791,92.306,92.791
1764712800,92.844,93.196,92.661,93.073
1764799200,92.882,93.338,92.811,93.161
1764885600,93.123,93.224,92.641,92.661
1765144800,92.344,92.534,91.975,92.141
1765231200,92.047,92.643,92.027,92.499
1765317600,92.304,92.537,92.024,92.446
1765404000,92.616,92.972,92.538,92.778
1765490400,92.862,92.882,92.229,92.268
1765749600,92.357,92.63,92.347,92.463
1765836000,92.395,92.497,91.764,92.147
1765922400,92.92,92.96,92.451,92.595
1766008800,92.735,92.997,92.225,92.547
1766095200,92.327,92.388,91.997,91.997
1766354400,91.904,92.025,91.839,91.904
1766440800,92.043,92.365,91.939,92.114
1766527200,92.142,92.252,91.969,92.105
1766959200,92.241,92.494,92.178,92.317
1767045600,92.385,92.48,92.213,92.243
1767132000,92.297,92.559,92.246,92.456
1767304800,91.938,92.382,91.75,91.761
1767564000,91.768,92.14,91.728,92.056
1767650400,91.887,92.399,91.766,92.327
1767736800,92.648,93.177,92.572,93.062
1767823200,93.035,93.161,92.829,93.141
1767909600,93.062,93.532,92.963,93.461
1768168800,93.398,93.565,93.213,93.554
1768255200,93.345,93.452,93.148,93.259
1768341600,93.271,93.862,93.049,93.791
1768428000,93.673,93.833,93.294,93.304
1768514400,93.246,93.375,93.08,93.18
1768773600,93.248,93.268,92.95,93
1768860000,92.705,92.71,92.032,92.423
1768946400,92.698,92.858,92.271,92.506
1769032800,92.675,92.946,91.987,92.387
1769119200,92.38,92.465,91.729,91.729
1769378400,92.261,92.312,91.905,92.064
1769464800,91.86,92.057,91.639,91.649
1769551200,91.792,91.833,91.405,91.445
1769637600,91.256,91.947,91.195,91.765
1769724000,91.435,91.795,91.405,91.52
1769983200,91.528,91.87,91.504,91.704
1770069600,91.435,91.643,91.424,91.531
1770156000,91.594,91.704,91.105,91.115
1770242400,90.856,91.437,90.493,90.891
1770328800,91.166,91.394,90.904,91.332
1770588000,90.958,91.185,90.33,91.128
1770674400,91.408,91.565,91.224,91.322
1770760800,91.385,91.693,91.166,91.642
1770847200,91.695,92.022,91.574,91.901
1770933600,91.994,92.403,91.832,92.23
1771192800,92.268,92.545,92.166,92.348
1771279200,92.718,92.835,92.562,92.562
1771365600,92.554,92.794,92.529,92.67
1771452000,92.441,92.688,92.359,92.687
1771538400,92.87,93.031,92.686,92.915
1771797600,92.983,93.325,92.803,93.295
1771884000,93.262,93.523,93.181,93.371
1771970400,93.319,93.347,93.087,93.277
1772056800,93.274,93.785,93.214,93.785
1772143200,93.572,94.214,93.562,94.173
1772402400,93.992,94.102,93.337,93.417
1772488800,92.882,92.932,91.605,92.318
1772575200,92.215,92.807,91.943,92.705
1772661600,92.04,92.612,91.466,91.686
1772748000,91.533,91.553,89.864,90.778
1773003600,89.587,90.957,89.27,90.645
1773090000,91.638,91.948,91.105,91.747
1773176400,91.061,91.272,90.045,90.16
1773262800,89.912,90.112,89.057,89.257
1773349200,88.984,89.586,88.721,88.751
1773608400,89.143,89.925,88.881,89.523
1773694800,89.49,90.282,89.44,90.172
1773781200,90.481,90.691,89.485,89.756
1773867600,88.89,89.14,88.136,88.718
1773954000,89.027,89.057,87.188,87.483
1774213200,86.846,89.144,86.273,88.441
1774299600,88.308,88.539,87.413,87.674
1774386000,88.385,89.277,88.314,88.96
1774472400,88.451,88.531,87.536,87.566
1774558800,87.443,87.683,86.459,87.572
1774818000,87.813,88.229,87.461,88.098
1774904400,88.02,88.812,87.949,88.656
1774990800,89.567,89.607,88.678,89.114
1775077200,88.233,89.236,88.022,88.929
1775509200,88.605,89.172,87.902,88.338
1775595600,90,90.528,89.965,90.17
1775682000,89.792,89.852,88.897,89.655
1775768400,89.386,89.397,88.708,88.773
1776027600,88.552,88.776,88.1,88.696
1776114000,88.849,89.465,88.668,89.399
1776200400,89.497,89.598,88.924,88.969
1776286800,89.333,89.353,88.178,88.253
1776373200,88.216,89.689,88.185,89.317
1776632400,88.766,88.986,88.443,88.523
1776718800,88.611,88.661,87.928,87.948
1776805200,88.312,88.446,87.794,87.844
1776891600,87.671,87.921,87.269,87.574
1776978000,87.356,87.961,87.055,87.746
1777237200,87.485,87.825,87.133,87.178
1777323600,87.04,87.21,86.683,86.863
1777410000,86.956,87.056,86.193,86.273
1777496400,86.215,87.162,86.18,86.7
1777582800,86.688,87.449,86.567,87.218
1777928400,86.552,86.728,85.95,86.36
1778014800,86.749,87.901,86.749,87.479
1778101200,87.788,88.067,87.32,87.375
1778187600,87.573,88.364,87.403,87.877
1778446800,87.411,87.552,86.769,86.769
1778533200,86.175,86.305,85.624,85.913
1778619600,86.402,86.551,85.85,86.4
1778706000,86.618,87.148,86.308,86.732
1778792400,85.943,86.104,85.201,85.271
1779051600,85.311,86.502,85.111,86.351
1779138000,86.369,86.509,85.662,85.862
1779224400,86.315,87.411,86.205,87.175
1779310800,86.922,87.592,86.912,87.522
1779397200,87.76,88.159,87.669,87.909
1779742800,88.766,88.816,88.115,88.276
1779829200,88.505,88.951,88.304,88.379
1779915600,88.273,89.16,88.253,88.904
1780002000,88.883,89.023,88.663,88.862
1780261200,88.528,88.748,87.786,88.217
1780347600,88.657,88.807,88.256,88.326
1780434000,87.984,88.114,87.603,87.683
1780520400,87.822,88.203,87.732,88.112
1780606800,88.021,88.251,87.75,88.251
1780866000,87.686,88.052,87.446,87.556
1780952400,87.795,88.105,87.605,87.795
1781038800,87.884,88.024,87.473,87.503
1781125200,87.652,88.173,87.562,87.942
1781211600,88.592,89.103,88.261,88.652
1781470800,89.089,89.309,88.697,88.697
1781557200,88.787,89.217,88.767,89.187
1781643600,89.396,89.616,89.201,89.521
1781730000,89.395,89.635,89.204,89.449
1781816400,89.093,89.133,88.506,88.521
1782075600,88.768,89.168,88.437,88.898
1782162000,89.107,89.527,89.087,89.452
1782248400,89.536,90.287,89.506,90.137
1782334800,90.186,90.296,89.895,89.945
1782421200,90.119,90.264,89.202,89.633
1782680400,89.609,89.849,89.318,89.759
1782766800,89.928,90.068,89.307,89.367
1782853200,89.115,89.365,88.734,89.285
1782939600,89.194,89.214,88.703,88.988
1783026000,89.062,89.142,88.842,89.002
1783285200,89.148,89.238,88.867,88.937
1783371600,88.706,88.926,88.285,88.305
1783458000,87.994,88.054,87.072,87.262
1783544400,87.582,87.902,87.281,87.861
1783630800,88.066,88.191,87.74,88.04
1783890000,87.776,87.876,87.08,87.105
1783976400,86.693,87.574,86.528,87.283
1784062800,87.142,87.713,86.992,87.602
1784149200,87.431,87.441,86.97,87.381
1784235600,87.54,87.69,87.259,87.269
1784494800,87.095,87.475,86.474,86.554
1784581200,86.778,86.894,86.413,86.663
1784667600,86.557,86.812,86.326,86.671
1784754000,86.325,86.43,85.859,86.119
1784840400,86.189,86.754,86.174,86.679
1785099600,87.275,87.336,86.985,87.105
1785186000,87.474,87.604,87.264,87.494
1785272400,87.303,87.413,86.621,86.671
1785358800,86.54,87.15,86.48,87.04
1785445200,87.14,87.32,86.368,86.398
1785704400,87.105,87.465,86.965,87.395
1785790800,87.364,87.934,87.004,87.884
1785877200,87.943,88.083,87.753,87.903