time,open,high,low,close
1261605600,1854.7,1871.2,1853.4,1870.2
1261951200,1870.2,1883.1,1864.4,1876.1
1262037600,1876.1,1882.9,1870.8,1873.6
1262124000,1873.6,1881.8,1863.8,1879.1
1262210400,1879.1,1883.3,1860.8,1868.5
1262556000,1868.5,1890.5,1867,1888.5
1262642400,1888.5,1891,1877.5,1886
1262728800,1886,1893,1873.7,1879.2
1262815200,1879.2,1881.9,1867.2,1878.9
1262901600,1878.9,1893.9,1866.4,1891.2
1263160800,1891.2,1901.4,1875.6,1879.8
1263247200,1879.8,1885.1,1851.3,1866.8
1263333600,1866.8,1890.8,1854.5,1883.3
1263420000,1883.3,1895.3,1877.3,1893
1263506400,1893,1894.3,1856,1864.2
1263765600,1864.2,1876.2,1859.7,1875.4
1263852000,1875.4,1896.4,1858.7,1888.7
1263938400,1888.7,1893.4,1846.6,1870.2
1264024800,1870.2,1884.6,1837.9,1839.9
1264111200,1839.9,1850.4,1790.6,1798.1
1264370400,1798.1,1814,1785.3,1804.8
1264456800,1804.8,1824.8,1786.5,1802.7
1264543200,1802.7,1822.5,1788.7,1810.5
1264629600,1810.5,1821,1760.2,1779.2
1264716000,1779.2,1790.2,1732.7,1739.7
1264975200,1739.7,1759.1,1737.9,1758.3
1265061600,1758.3,1778.8,1748.6,1772.1
1265148000,1772.1,1791.8,1764.3,1790.1
1265234400,1790.1,1792.8,1732.3,1733.8
1265320800,1733.8,1748.5,1711.5,1745.8
1265580000,1745.8,1754.5,1731.2,1733.2
1265666400,1733.2,1768,1733,1754.7
1265752800,1754.7,1763.4,1736.9,1746.9
1265839200,1746.9,1779.4,1737.4,1777.9
1265925600,1777.9,1784.2,1754.7,1783.9
1266184800,1783.9,1785.1,1775.8,1778.1
1266271200,1778.1,1802.1,1778.1,1800.1
1266357600,1800.1,1813.3,1798.1,1811.6
1266444000,1811.6,1825.3,1805.3,1809.3
1266530400,1809.3,1830.5,1801.5,1819.5
1266789600,1819.5,1833.2,1810.7,1820
1266876000,1820,1829.5,1785.7,1800.4
1266962400,1800.4,1820.2,1796.9,1813.2
1267048800,1813.2,1816.4,1781.2,1812.4
1267135200,1812.4,1822.6,1804.1,1822.6
1267394400,1822.6,1848.6,1821.6,1845.3
1267480800,1845.3,1862.6,1842.8,1853.1
1267567200,1853.1,1861.6,1846,1850.8
1267653600,1850.8,1861,1844.5,1858.3
1267740000,1858.3,1889.8,1857.5,1885
1267999200,1885,1895,1883.5,1888.7
1268085600,1888.7,1912.2,1881.4,1902.2
1268172000,1902.2,1921.2,1900.2,1917.7
1268258400,1917.7,1926.9,1909.4,1925.9
1268344800,1925.9,1932.4,1916.6,1926.1
1268600400,1926.1,1927.8,1906.6,1919.8
1268686800,1919.8,1934.5,1919.1,1930.3
1268773200,1930.3,1946.3,1930,1936.5
1268859600,1936.5,1945.5,1931.8,1944.5
1268946000,1944.5,1951,1924.9,1933.7
1269205200,1933.7,1956.9,1921.9,1951.1
1269291600,1951.1,1964.6,1943.1,1964.4
1269378000,1964.4,1964.6,1948.6,1953.6
1269464400,1953.6,1976.3,1947.8,1948.3
1269550800,1948.3,1965.5,1941.8,1952.8
1269810000,1952.8,1968.7,1952.8,1962.2
1269896400,1962.2,1974.4,1954.9,1965.2
1269982800,1965.2,1969.9,1954.9,1960.4
1270069200,1960.4,1979.6,1943.3,1956.1
1270155600,1956.1,1964.3,1951.1,1963.8
1270414800,1963.8,1981,1957.5,1976.5
1270501200,1976.5,1988,1967.5,1980.2
1270587600,1980.2,1986.7,1966.7,1976.9
1270674000,1976.9,1984.7,1961.4,1981.4
1270760400,1981.4,1994.9,1977.1,1994.9
1271019600,1994.9,2003.8,1990,1993.3
1271106000,1993.3,2012.5,1986.3,2009.5
1271192400,2009.5,2029.8,2009.5,2029
1271278800,2029,2039.8,2020,2030.7
1271365200,2030.7,2037.2,1999.7,2010.9
1271624400,2010.9,2018.4,1987.6,2012.8
1271710800,2012.8,2042.1,2009.1,2041.1
1271797200,2041.1,2041.3,2019.5,2021.5
1271883600,2021.5,2046.8,2002.3,2035.8
1271970000,2035.8,2055.3,2031.3,2053.8
1272229200,2053.8,2060.4,2044.7,2049.2
1272315600,2049.2,2052.2,2000.3,2010.8
1272402000,2010.8,2024.1,1991.1,2008.6
1272488400,2008.6,2045.6,2006.3,2041.8
1272574800,2041.8,2048.6,1999.5,2005.5
1272834000,2005.5,2039.4,2000.7,2026.4
1272920400,2026.4,2029.9,1953.6,1971.1
1273006800,1971.1,1973.3,1936,1959.3
1273093200,1959.3,1964.3,1733.9,1879.2
1273179600,1879.2,1909,1807.2,1850.4
1273438800,1850.4,1944.4,1850.4,1943.7
1273525200,1943.7,1965.9,1916.1,1932.1
1273611600,1932.1,1977.1,1918.1,1968.3
1273698000,1968.3,1982.6,1939.6,1945.6
1273784400,1945.6,1951.5,1884.3,1910.8
1274043600,1910.8,1920.4,1871.4,1915.4
1274130000,1915.4,1932.7,1877.6,1883.6
1274216400,1883.6,1894.6,1850.3,1873.6
1274302800,1873.6,1875.8,1791.5,1794.8
1274389200,1794.8,1834.5,1766.8,1818.5
1274648400,1818.5,1840.4,1796.7,1808.2
1274734800,1808.2,1822.9,1755.9,1822.4
1274821200,1822.4,1850.4,1787.1,1792.9
1274907600,1792.9,1864.9,1783.1,1864.4
1274994000,1864.4,1874.8,1836.1,1851.8
1275253200,1851.8,1866.5,1850.8,1861
1275339600,1861,1878.5,1825,1835
1275426000,1835,1879.7,1832,1878.4
1275512400,1878.4,1899.7,1871.4,1893.2
1275598800,1893.2,1904.7,1824.6,1835.4
1275858000,1835.4,1845.8,1794.3,1796.3
1275944400,1796.3,1818,1770.3,1794.3
1276030800,1794.3,1823.7,1774,1780.2
1276117200,1780.2,1832,1775.7,1823.7
1276203600,1823.7,1848.9,1808.2,1844.2
1276462800,1844.2,1877.3,1844.1,1846.8
1276549200,1846.8,1899.1,1846.3,1892.6
1276635600,1892.6,1913.5,1880,1904.5
1276722000,1904.5,1918,1894,1911
1276808400,1911,1925,1905.5,1909.2
1277067600,1909.2,1941.5,1884.2,1901
1277154000,1901,1917.2,1877,1881.2
1277240400,1881.2,1890.5,1858.2,1869.2
1277326800,1869.2,1875.5,1837.9,1850
1277413200,1850,1856.9,1827.9,1839.4
1277672400,1839.4,1851.9,1821.7,1833.2
1277758800,1833.2,1839.9,1750.7,1763.2
1277845200,1763.2,1777.9,1733.4,1736.4
1277931600,1736.4,1746.1,1698.6,1728.4
1278018000,1728.4,1745.9,1710.6,1720.9
1278277200,1720.9,1728.9,1717.9,1720.4
1278363600,1720.4,1762.6,1706.1,1734.9
1278450000,1734.9,1789.9,1722.6,1789.4
1278536400,1789.4,1803.6,1774.9,1796.4
1278622800,1796.4,1815.6,1789.6,1811.9
1278882000,1811.9,1829.8,1801.6,1825.1
1278968400,1825.1,1862.3,1818.3,1857.6
1279054800,1857.6,1866.3,1838.6,1851.8
1279141200,1851.8,1864.6,1829.1,1852.6
1279227600,1852.6,1856.3,1800.3,1802.3
1279486800,1802.3,1821.6,1784.3,1797.8
1279573200,1797.8,1857.8,1782.8,1852.3
1279659600,1852.3,1860.3,1811.5,1814.5
1279746000,1814.5,1869.3,1812.8,1849
1279832400,1849,1876.5,1844.8,1874.5
1280091600,1874.5,1888.5,1866.3,1886.8
1280178000,1886.8,1901,1878.5,1887
1280264400,1887,1895,1865,1868.3
1280350800,1868.3,1886.5,1839.3,1857.8
1280437200,1857.8,1873.5,1832,1864
1280696400,1864,1901.8,1864,1894.2
1280782800,1894.2,1898.2,1880.2,1895
1280869200,1895,1910.2,1883.5,1906.7
1280955600,1906.7,1913,1891.2,1903.5
1281042000,1903.5,1908,1872.2,1905.7
1281301200,1905.7,1918.2,1898.7,1913
1281387600,1913,1914.2,1881,1897
1281474000,1897,1898,1824.2,1825.7
1281560400,1825.7,1838.4,1806.9,1829.7
1281646800,1829.7,1842.9,1815.4,1816.7
1281906000,1816.7,1833.4,1800.4,1821.2
1281992400,1821.2,1860.7,1817.2,1841.9
1282078800,1841.9,1862.2,1831.2,1840.2
1282165200,1840.2,1850.2,1810.7,1822.2
1282251600,1822.2,1829.6,1808.6,1826.9
1282510800,1826.9,1842.6,1804.9,1809.4
1282597200,1809.4,1810.1,1766.4,1771.6
1282683600,1771.6,1798.6,1756.9,1790.9
1282770000,1790.9,1802.9,1763.6,1765.6
1282856400,1765.6,1794.3,1746.1,1790.6
1283115600,1790.6,1805.1,1768.3,1770.8
1283202000,1770.8,1781.6,1754.8,1774.6
1283288400,1774.6,1825.1,1771.8,1820.1
1283374800,1820.1,1841.3,1813.1,1838.1
1283461200,1838.1,1871.3,1834.6,1867.6
1283720400,1867.6,1877.6,1865.8,1869.6
1283806800,1869.6,1873.8,1854,1858.3
1283893200,1858.3,1888,1852.3,1879
1283979600,1879,1897.8,1874.8,1885.8
1284066000,1885.8,1896.8,1880,1891.8
1284325200,1891.8,1925,1891.8,1919.3
1284411600,1919.3,1938.8,1912.5,1923.8
1284498000,1923.8,1943.5,1917,1942.5
1284584400,1942.5,1957.8,1932.3,1956.8
1284670800,1956.8,1973,1945.7,1955.2
1284930000,1955.2,1993.7,1951.6,1984.9
1285016400,1984.9,2003.2,1979.9,1986.1
1285102800,1986.1,1997.4,1973.3,1986.1
1285189200,1986.1,2003.1,1965.5,1985.3
1285275600,1985.3,2024.8,1981.5,2022.1
1285534800,2022.1,2033.5,2009.7,2011.2
1285621200,2011.2,2023,1980.2,2013.4
1285707600,2013.4,2020.9,2001.1,2010.6
1285794000,2010.6,2030.9,1986.1,1998.6
1285880400,1998.6,2018.1,1987.8,1996.6
1286139600,1996.6,2000.2,1963.4,1980.7
1286226000,1980.7,2027.2,1978.2,2021.7
1286312400,2021.7,2027,1992.6,2008.7
1286398800,2008.7,2021.4,1996.1,2016.4
1286485200,2016.4,2031.6,1984.3,2024.3
1286744400,2024.3,2037.3,2021,2027.3
1286830800,2027.3,2045.7,2006.5,2043.7
1286917200,2043.7,2067.5,2038,2058.2
1287003600,2058.2,2073.2,2043.7,2073.2
1287090000,2073.2,2099.9,2062.4,2098.4
1287349200,2098.4,2106.3,2059.6,2063.1
1287435600,2063.1,2086.8,2053.5,2068.5
1287522000,2068.5,2100.5,2064.5,2091
1287608400,2091,2106.5,2068.7,2083.5
1287694800,2083.5,2106.4,2079.2,2106.4
1287954000,2106.4,2127.1,2103.9,2110.6
1288040400,2110.6,2123.8,2094.3,2119.6
1288126800,2119.6,2126.8,2104,2122.3
1288213200,2122.3,2138,2111,2131.8
1288299600,2131.8,2137.2,2118.5,2125.2
1288558800,2125.2,2148.1,2116.9,2129.9
1288645200,2129.9,2155.3,2127.9,2152.6
1288731600,2152.6,2167.6,2131.6,2167.1
1288818000,2167.1,2192.3,2164.3,2184.1
1288904400,2184.1,2192,2178.3,2186
1289167200,2186,2190.7,2175.2,2183.7
1289253600,2183.7,2199.4,2165.6,2175.9
1289340000,2175.9,2188.6,2161.3,2169.3
1289426400,2169.3,2176.8,2143.5,2173.3
1289512800,2173.3,2175.5,2120.5,2135.2
1289772000,2135.2,2151.9,2123.9,2125.9
1289858400,2125.9,2126.6,2084.6,2095.6
1289944800,2095.6,2110.3,2089,2097.3
1290031200,2097.3,2147.8,2096.8,2135
1290117600,2135,2139.5,2120.7,2134.7
1290376800,2134.7,2156.1,2121.9,2153.6
1290463200,2153.6,2155.1,2105.6,2115.6
1290549600,2115.6,2166.3,2114.1,2158.6
1290636000,2158.6,2164,2153.8,2162.3
1290722400,2162.3,2163,2135.5,2146
1290981600,2146,2160.9,2118.6,2145.1
1291068000,2145.1,2148.1,2110.1,2115.3
1291154400,2115.3,2174.6,2111.6,2159.8
1291240800,2159.8,2189.3,2157.5,2187.8
1291327200,2187.8,2195.5,2168.5,2188.7
1291586400,2188.7,2194.2,2177.4,2188.9
1291672800,2188.9,2217.3,2185.9,2188.6
1291759200,2188.6,2203.3,2180.6,2203.3
1291845600,2203.3,2215,2194,2198.8
1291932000,2198.8,2218.5,2198,2217.7
1292191200,2217.7,2229.9,2206.9,2211.6
1292277600,2211.6,2221.1,2205.8,2215.3
1292364000,2215.3,2224.3,2197,2204.3
1292450400,2204.3,2225.8,2197.8,2222
1292536800,2222,2227,2212.7,2213.7
1292796000,2213.7,2230.5,2206,2220.7
1292882400,2220.7,2237.5,2219.7,2232.2
1292968800,2232.2,2238.7,2231.2,2236.7
1293055200,2236.7,2239.2,2224.2,2231.7
1293400800,2231.7,2234.2,2207.7,2230.7
1293487200,2230.7,2236.9,2221.7,2226.4
1293573600,2226.4,2235.9,2224.7,2229.9
1293660000,2229.9,2233.2,2221.9,2225.2
1293746400,2225.2,2229.4,2208.2,2224.4
1294005600,2224.4,2268.2,2219.7,2251.2
1294092000,2251.2,2262.9,2237.2,2247.7
1294178400,2247.7,2272.2,2229.9,2269.9
1294264800,2269.9,2279.7,2267.6,2277.1
1294351200,2277.1,2282.6,2252.9,2273.4
1294610400,2273.4,2287.4,2261.4,2282.4
1294696800,2282.4,2295.4,2278.6,2284.9
1294783200,2284.9,2307.1,2284.4,2303.9
1294869600,2303.9,2309.9,2297.1,2308.4
1294956000,2308.4,2323.4,2297.8,2322.1
1295215200,2322.1,2325.3,2287.3,2292.1
1295301600,2292.1,2346.6,2292.1,2336.1
1295388000,2336.1,2338.8,2293.3,2294.6
1295474400,2294.6,2299.3,2267.6,2286.6
1295560800,2286.6,2300.6,2266.1,2268.6
1295820000,2268.6,2301.1,2265.1,2296
1295906400,2296,2302.5,2282.5,2299.5
1295992800,2299.5,2320.3,2298.5,2318
1296079200,2318,2334.8,2313.5,2321.8
1296165600,2321.8,2331.3,2258.3,2267
1296424800,2267,2286.3,2250.8,2282.3
1296511200,2282.3,2328.5,2281.5,2321
1296597600,2321,2328,2312.8,2320
1296684000,2320,2326.5,2296.2,2323.2
1296770400,2323.2,2338.5,2316.7,2336.7
1297029600,2336.7,2359.7,2334.7,2342.2
1297116000,2342.2,2364,2341.7,2362.7
1297202400,2362.7,2365.7,2350.7,2356
1297288800,2356,2365.2,2338.5,2355.2
1297375200,2355.2,2380.7,2347.9,2377.9
1297634400,2377.9,2387.7,2375.7,2378.9
1297720800,2378.9,2385.7,2370.9,2380.7
1297807200,2380.7,2403.2,2380.4,2391.7
1297893600,2391.7,2400.9,2383.7,2394.4
1297980000,2394.4,2400.7,2382.2,2395.4
1298239200,2395.4,2395.4,2366.1,2368.6
1298325600,2368.6,2369.4,2315.9,2322.6
1298412000,2322.6,2334.6,2285.1,2305.1
1298498400,2305.1,2321.1,2280.9,2307.1
1298584800,2307.1,2350.1,2306.6,2345.4
1298844000,2345.4,2363.1,2336.8,2352.1
1298930400,2352.1,2371.8,2305.8,2306.8
1299016800,2306.8,2341.1,2302.3,2322.6
1299103200,2322.6,2376.1,2321.3,2372.3
1299189600,2372.3,2378.8,2344.3,2361.1
1299448800,2361.1,2373.8,2306.6,2325.3
1299535200,2325.3,2347.8,2310.6,2332.8
1299621600,2332.8,2340.3,2308.6,2312.8
1299708000,2312.8,2315.5,2275.5,2284.5
1299794400,2284.5,2306.3,2265,2305
1300050000,2305,2305,2274.3,2292.8
1300136400,2292.8,2295.5,2216.8,2249.8
1300222800,2249.8,2263.5,2188.5,2212.8
1300309200,2212.8,2248,2188.8,2225
1300395600,2225,2255.8,2217,2222
1300654800,2222,2273.5,2220.9,2257.2
1300741200,2257.2,2266.2,2251.4,2258.7
1300827600,2258.7,2276.4,2233.9,2266.7
1300914000,2266.7,2315.4,2264.4,2308.9
1301000400,2308.9,2331.9,2308.7,2318.9
1301259600,2318.9,2330.1,2296.8,2299.8
1301346000,2299.8,2329.1,2291.3,2325.8
1301432400,2325.8,2344.6,2322.1,2336.3
1301518800,2336.3,2343.3,2329.3,2339.8
1301605200,2339.8,2359.5,2335,2339.5
1301864400,2339.5,2351.5,2323.7,2343.2
1301950800,2343.2,2344.7,2319.9,2325.4
1302037200,2325.4,2351.7,2318.9,2326.4
1302123600,2326.4,2345.9,2313.6,2331.9
1302210000,2331.9,2344.4,2306.6,2321.3
1302469200,2321.3,2334.8,2303.5,2307
1302555600,2307,2307.8,2286.5,2295.7
1302642000,2295.7,2321,2294.7,2309.7
1302728400,2309.7,2313.4,2289.2,2302.7
1302814800,2302.7,2315.2,2290.9,2311.4
1303074000,2311.4,2311.4,2251.8,2289.1
1303160400,2289.1,2321.1,2279.1,2318.3
1303246800,2318.3,2374.3,2317.1,2373.6
1303333200,2373.6,2383.8,2368.1,2374.8
1303678800,2374.8,2383.5,2373,2380
1303765200,2380,2403.2,2374,2392.5
1303851600,2392.5,2413.9,2388.4,2409.4
1303938000,2409.4,2416.9,2397.4,2401.7
1304024400,2401.7,2413.7,2398.7,2408.4
1304283600,2408.4,2428.3,2394.8,2402.6
1304370000,2402.6,2404.1,2375,2388
1304456400,2388,2397,2365.8,2386.8
1304542800,2386.8,2400.8,2364.5,2379
1304629200,2379,2410.5,2373.7,2374.2
1304888400,2374.2,2398.7,2374.2,2389.4
1304974800,2389.4,2412.9,2383.6,2409.9
1305061200,2409.9,2416.1,2375.1,2383.3
1305147600,2383.3,2409.8,2370.3,2407.8
1305234000,2407.8,2415.1,2369.8,2371.8
1305493200,2371.8,2373.5,2327,2328.7
1305579600,2328.7,2346.5,2318.9,2343.4
1305666000,2343.4,2365.7,2334.2,2365.2
1305752400,2365.2,2373.9,2354.2,2368.4
1305838800,2368.4,2373.4,2343.4,2345.1
1306098000,2345.1,2345.1,2305.1,2315.8
1306184400,2315.8,2324.5,2297,2300
1306270800,2300,2321.3,2281.5,2309.3
1306357200,2309.3,2331.5,2303.2,2327.7
1306443600,2327.7,2339,2322.7,2332.7
1306702800,2332.7,2337.9,2331.2,2333.4
1306789200,2333.4,2378.1,2333.4,2375.1
1306875600,2375.1,2381.1,2318.3,2320.3
1306962000,2320.3,2335.8,2314.3,2327.8
1307048400,2327.8,2328.1,2286.8,2287.3
1307307600,2287.3,2299.2,2271.5,2273.2
1307394000,2273.2,2288.5,2268.2,2275.2
1307480400,2275.2,2278.2,2245.7,2246.2
1307566800,2246.2,2267.7,2246.2,2252.7
1307653200,2252.7,2255.7,2218.6,2222.6
1307912400,2222.6,2234.1,2214.6,2223.6
1307998800,2223.6,2256.3,2220.3,2248.8
1308085200,2248.8,2250,2204.3,2209
1308171600,2209,2217.5,2181,2201.8
1308258000,2201.8,2222.3,2185.9,2194.2
1308517200,2194.2,2210.4,2177.3,2204.8
1308603600,2204.8,2253.1,2201.3,2246.6
1308690000,2246.6,2254.1,2230.6,2231.1
1308776400,2231.1,2256.3,2203,2244.3
1308862800,2244.3,2259.8,2210,2212
1309122000,2212,2262.9,2198.4,2255.9
1309208400,2255.9,2288.2,2244.6,2287.9
1309294800,2287.9,2303.7,2278.1,2295.6
1309381200,2295.6,2326.6,2291.4,2321.9
1309467600,2321.9,2363.9,2319.8,2357.1
1309726800,2357.1,2371.3,2354.5,2368.3
1309813200,2368.3,2375,2357,2372.7
1309899600,2372.7,2383.7,2361.4,2382
1309986000,2382,2419.2,2380.7,2418
1310072400,2418,2424.7,2378.6,2411.4
1310331600,2411.4,2411.4,2354,2366.5
1310418000,2366.5,2369.2,2333.2,2345.7
1310504400,2345.7,2377.7,2340.7,2348.6
1310590800,2348.6,2370.9,2317.1,2339.6
1310677200,2339.6,2361.1,2334.1,2358.1
1310936400,2358.1,2358.1,2321.2,2345.4
1311022800,2345.4,2413.4,2341.4,2406.4
1311109200,2406.4,2415.9,2372.4,2373.1
1311195600,2373.1,2416.9,2367.4,2410.4
1311282000,2410.4,2432.1,2398.6,2430.3
1311541200,2430.3,2436.7,2382.2,2428
1311627600,2428,2437.7,2414.9,2425.2
1311714000,2425.2,2427.9,2360.3,2363.3
1311800400,2363.3,2400.8,2357.8,2375
1311886800,2375,2387.3,2340,2365.7
1312146000,2365.7,2396.9,2322.8,2348.3
1312232400,2348.3,2357.1,2285.3,2286.5
1312318800,2286.5,2316.3,2254.7,2306.7
1312405200,2306.7,2321.2,2196.6,2208.6
1312491600,2208.6,2240.9,2130.3,2191.8
1312750800,2191.8,2191.8,2033.1,2041.1
1312837200,2041.1,2162.7,1973.5,2159.9
1312923600,2159.9,2169.4,2067.3,2091.8
1313010000,2091.8,2185.8,2058.8,2162.8
1313096400,2162.8,2193.8,2115.3,2179.1
1313355600,2179.1,2212.7,2177.7,2207.9
1313442000,2207.9,2212.4,2164.6,2194.2
1313528400,2194.2,2215.1,2158.6,2168.6
1313614800,2168.6,2171.8,2054.3,2084
1313701200,2084,2103,2034.7,2043.7
1313960400,2043.7,2086.4,2023.1,2045.4
1314046800,2045.4,2130.1,2037.8,2126.9
1314133200,2126.9,2148.3,2097.1,2138.6
1314219600,2138.6,2152.8,2101.8,2109.8
1314306000,2109.8,2169.8,2081.5,2166.3
1314565200,2166.3,2225.7,2158.7,2220.7
1314651600,2220.7,2250.1,2201.9,2225.6
1314738000,2225.6,2269.1,2221.9,2244.8
1314824400,2244.8,2264.3,2215.3,2217.3
1314910800,2217.3,2222.3,2156.2,2165.5
1315170000,2165.5,2165.5,2108.6,2129.4
1315256400,2129.4,2171.6,2111.6,2167.8
1315342800,2167.8,2226.3,2166.8,2224.3
1315429200,2224.3,2244.3,2205.5,2213.8
1315515600,2213.8,2228,2150,2169.5
1315774800,2169.5,2200.6,2122.1,2197.1
1315861200,2197.1,2225.8,2166.8,2217.1
1315947600,2217.1,2278.3,2191.8,2250.8
1316034000,2250.8,2292.5,2245,2287
1316120400,2287,2315,2275.9,2313.8
1316379600,2313.8,2321.1,2260.7,2309.3
1316466000,2309.3,2339,2290.2,2306.2
1316552400,2306.2,2324.4,2250.7,2252.5
1316638800,2252.5,2255.4,2150.4,2189.5
1316725200,2189.5,2216.2,2139.8,2209.4
1316984400,2209.4,2238.1,2167.9,2232.5
1317070800,2232.5,2290.9,2227,2258
1317157200,2258,2281.5,2217.6,2222.4
1317243600,2222.4,2265.4,2158.2,2199.7
1317330000,2199.7,2204,2127.5,2128.8
1317589200,2128.8,2153.1,2067.7,2070.9
1317675600,2070.9,2131.7,2040.8,2118.4
1317762000,2118.4,2186.8,2104.1,2176
1317848400,2176,2218.8,2153.4,2212
1317934800,2212,2232,2188.7,2209.4
1318194000,2209.4,2283.1,2209.4,2279.9
1318280400,2279.9,2301.1,2267.1,2288.3
1318366800,2288.3,2333.8,2279.3,2303.8
1318453200,2303.8,2341,2293.7,2332.8
1318539600,2332.8,2373.8,2325,2372
1318798800,2372,2393.1,2321.2,2323.4
1318885200,2323.4,2376,2309.4,2345.9
1318971600,2345.9,2360.7,2310,2322.3
1319058000,2322.3,2336.8,2272.6,2302.4
1319144400,2302.4,2349.7,2301.7,2338.7
1319403600,2338.7,2389.8,2324.2,2376.5
1319490000,2376.5,2390.7,2319.8,2324.8
1319576400,2324.8,2354.1,2290.7,2340.3
1319662800,2340.3,2412.6,2333.8,2400.6
1319749200,2400.6,2405.5,2382.2,2403.5
1320008400,2403.5,2403.5,2350.2,2351.2
1320094800,2351.2,2359.2,2286,2309.1
1320181200,2309.1,2333,2296.5,2323
1320267600,2323,2369.7,2282.2,2364.2
1320354000,2364.2,2367.7,2330.1,2356.1
1320616800,2356.1,2376.4,2322.4,2376.2
1320703200,2376.2,2402.1,2358.1,2398.6
1320789600,2398.6,2400.4,2305.2,2319
1320876000,2319,2346.4,2289.1,2312.1
1320962400,2312.1,2362.9,2304.1,2355.3
1321221600,2355.3,2368.9,2332.1,2346.4
1321308000,2346.4,2376.3,2312.3,2365.1
1321394400,2365.1,2373.8,2307.2,2313.9
1321480800,2313.9,2334.9,2258.1,2272.8
1321567200,2272.8,2292,2251,2253
1321826400,2253,2253,2188.7,2212.7
1321912800,2212.7,2228.5,2192.4,2215.9
1321999200,2215.9,2218.4,2163.3,2167.3
1322085600,2167.3,2186,2152.5,2158.7
1322172000,2158.7,2183.9,2137.2,2150.9
1322431200,2150.9,2229.2,2150.9,2222.7
1322517600,2222.7,2246.2,2202.6,2205.6
1322604000,2205.6,2297.6,2197.4,2296.9
1322690400,2296.9,2316.6,2285.1,2310.1
1322776800,2310.1,2345.8,2301.7,2305.7
1323036000,2305.7,2344.5,2305.7,2323.8
1323122400,2323.8,2342.2,2313.5,2324.9
1323208800,2324.9,2344.4,2292.1,2323.6
1323295200,2323.6,2341.6,2275.8,2276.3
1323381600,2276.3,2327,2269.5,2324.2
1323640800,2324.2,2325.8,2273.5,2294.7
1323727200,2294.7,2318.2,2258.4,2271.9
1323813600,2271.9,2279.9,2220.1,2232.1
1323900000,2232.1,2255.8,2219.6,2226.8
1323986400,2226.8,2268.3,2226.5,2236.7
1324245600,2236.7,2254.9,2208,2218.3
1324332000,2218.3,2287.1,2217.6,2275.1
1324418400,2275.1,2295.1,2221.5,2243.8
1324504800,2243.8,2268,2238.2,2267.8
1324591200,2267.8,2286.8,2265.7,2283.2
1324936800,2283.2,2300.1,2278.6,2287.1
1325023200,2287.1,2295.8,2257.2,2267.5
1325109600,2267.5,2285.5,2262,2283
1325196000,2283,2288,2273.7,2278.2
1325541600,2278.2,2331.6,2278.2,2320.6
1325628000,2320.6,2332.8,2305.7,2331.8
1325714400,2331.8,2350.8,2312.5,2344.2
1325800800,2344.2,2362,2335.7,2357.2
1326060000,2357.2,2366.6,2341.6,2350.8
1326146400,2350.8,2381.3,2349.8,2363
1326232800,2363,2376.3,2355.5,2370
1326319200,2370,2386,2358.7,2382.5
1326405600,2382.5,2389.4,2351.4,2377.7
1326664800,2377.7,2388.3,2364.3,2387
1326751200,2387,2403.8,2382.8,2394.7
1326837600,2394.7,2425.7,2390.5,2423.5
1326924000,2423.5,2445.2,2421.2,2433.7
1327010400,2433.7,2439.7,2425.4,2438.4
1327269600,2438.4,2454.8,2423.3,2435.8
1327356000,2435.8,2471.5,2421.9,2464.5
1327442400,2464.5,2469.7,2439.2,2461.7
1327528800,2461.7,2478.4,2443.4,2454.9
1327615200,2454.9,2466.8,2447.1,2457.8
1327874400,2457.8,2467.7,2431.4,2464.9
1327960800,2464.9,2480.7,2450.9,2457.9
1328047200,2457.9,2496.4,2455.6,2491.4
1328133600,2491.4,2502.8,2481.6,2494.8
1328220000,2494.8,2532.1,2491.8,2525.5
1328479200,2525.5,2529.2,2512.4,2528.9
1328565600,2528.9,2536.6,2513.6,2531.1
1328652000,2531.1,2549.3,2522.8,2543.6
1328738400,2543.6,2566.8,2537.1,2562
1328824800,2562,2562.5,2537,2551
1329084000,2551,2572.8,2551,2570.3
1329170400,2570.3,2579,2554.8,2578.3
1329256800,2578.3,2602,2552,2552.2
1329343200,2552.2,2595.7,2544.2,2594.4
1329429600,2594.4,2598.7,2573.4,2583.6
1329688800,2583.6,2601,2583.6,2593.7
1329775200,2593.7,2602.9,2575.4,2592.4
1329861600,2592.4,2601.7,2576.4,2582.1
1329948000,2582.1,2603.1,2570.3,2602.1
1330034400,2602.1,2610.5,2599,2602.5
1330293600,2602.5,2617.6,2579.6,2609.9
1330380000,2609.9,2635.8,2608.3,2633.8
1330466400,2633.8,2645.9,2615.2,2620.7
1330552800,2620.7,2649.9,2617.1,2647.4
1330639200,2647.4,2650.6,2633.6,2644.6
1330898400,2644.6,2644.6,2606.2,2615.8
1330984800,2615.8,2617.9,2575.6,2590.6
1331071200,2590.6,2615.1,2588.8,2607.2
1331157600,2607.2,2644.5,2605.2,2636.2
1331244000,2636.2,2652.4,2631.7,2648.4
1331499600,2648.4,2651.8,2635.3,2651
1331586000,2651,2702.6,2650,2700.8
1331672400,2700.8,2718.3,2691.3,2704.8
1331758800,2704.8,2721.8,2701.8,2714.8
1331845200,2714.8,2724.5,2707.7,2713.6
1332104400,2713.6,2739.35,2704.85,2735.25
1332190800,2735.25,2742.95,2712.35,2742.25
1332277200,2742.25,2753.05,2734.45,2739.15
1332363600,2739.15,2744.9,2719.9,2737.7
1332450000,2737.7,2750.9,2714.9,2732.1
1332709200,2732.1,2781.6,2732.1,2780.9
1332795600,2780.9,2793.3,2776.6,2780.6
1332882000,2780.6,2793.9,2754.4,2770.8
1332968400,2770.8,2777.4,2740.8,2763.4
1333054800,2763.4,2777.1,2744.1,2759.1
1333314000,2759.1,2787.5,2747.4,2779.7
1333400400,2779.7,2795.2,2766.6,2781.3
1333486800,2781.3,2781.6,2728.5,2740.8
1333573200,2740.8,2764.3,2726.2,2760.05
1333659600,2760.05,2765.05,2722.65,2726.8
1333918800,2726.8,2751.05,2722.25,2733.85
1334005200,2733.85,2749,2687.7,2704.7
1334091600,2704.7,2727.2,2701.7,2711.6
1334178000,2711.6,2743.3,2708.1,2741.2
1334264400,2741.2,2745.9,2696.8,2698
1334523600,2698,2712.9,2659.3,2668.3
1334610000,2668.3,2730.9,2657.1,2716.8
1334696400,2716.8,2731.1,2699.1,2707.9
1334782800,2707.9,2737.8,2674.5,2691.2
1334869200,2691.2,2710.7,2672.6,2677.7
1335128400,2677.7,2677.8,2627.8,2657.5
1335214800,2657.5,2677.5,2627.4,2675.7
1335301200,2675.7,2709.4,2667.9,2708.9
1335387600,2708.9,2732.2,2697.6,2726.1
1335474000,2726.1,2748.4,2711.4,2740.2
1335733200,2740.2,2746.3,2717.9,2722.7
1335819600,2722.7,2755.4,2713.1,2721.6
1335906000,2721.6,2733.9,2704.6,2731.3
1335992400,2731.3,2740.3,2695.6,2698.6
1336078800,2698.6,2702.7,2630.2,2630.4
1336338000,2630.4,2650,2589,2641.5
1336424400,2641.5,2643.5,2585.2,2627.5
1336510800,2627.5,2633.9,2586.2,2610.9
1336597200,2610.9,2638.1,2602.7,2611.7
1336683600,2611.7,2642.1,2599.6,2614.6
1336942800,2614.6,2614.6,2583.6,2586.4
1337029200,2586.4,2617.9,2576.1,2581.8
1337115600,2581.8,2597.6,2558,2561.75
1337202000,2561.75,2572.55,2506.7,2510.5
1337288400,2510.5,2522.7,2469.6,2473.2
1337547600,2473.2,2547.3,2466.3,2545.3
1337634000,2545.3,2562.3,2523.4,2537.5
1337720400,2537.5,2553,2498.7,2539.9
1337806800,2539.9,2557.2,2511.6,2540.4
1337893200,2540.4,2552.4,2519.3,2527.05
1338152400,2527.05,2550.65,2527.05,2539.8
1338238800,2539.8,2570.7,2532.7,2559.9
1338325200,2559.9,2559.9,2521.1,2530.9
1338411600,2530.9,2543.1,2506.8,2522.1
1338498000,2522.1,2522.6,2456.25,2459.55
1338757200,2459.55,2480.6,2434.35,2472.9
1338843600,2472.9,2492.1,2460.3,2489.8
1338930000,2489.8,2552.9,2487.6,2550.4
1339016400,2550.4,2570.8,2532.7,2539
1339102800,2539,2563.2,2518.2,2561.9
1339362000,2561.9,2603.3,2513.6,2516
1339448400,2516,2551.4,2510.2,2548.1
1339534800,2548.1,2557.8,2519.2,2526.1
1339621200,2526.1,2547.6,2514.3,2543.7
1339707600,2543.7,2573,2538.5,2569.5
1339966800,2569.5,2599.4,2554.3,2595.6
1340053200,2595.6,2630.9,2590.05,2617.9
1340139600,2617.9,2632.9,2602.5,2624.6
1340226000,2624.6,2625.3,2553.6,2557.35
1340312400,2557.35,2586.4,2553.35,2580.6
1340571600,2580.6,2580.95,2525.6,2533.6
1340658000,2533.6,2555.9,2529.9,2551.85
1340744400,2551.85,2575.9,2547.15,2563.45
1340830800,2563.45,2569.35,2507.8,2529.95
1340917200,2529.95,2620.6,2523.35,2617.1
1341176400,2617.1,2624.4,2603.9,2617.95
1341262800,2617.95,2646.7,2617.65,2641.7
1341349200,2641.7,2648.7,2636.9,2645.7
1341435600,2645.7,2659.8,2628.5,2647.3
1341522000,2647.3,2648.1,2594.7,2612.7
1341781200,2612.7,2619.3,2595.5,2607
1341867600,2607,2629,2572.4,2581.9
1341954000,2581.9,2592.9,2546.6,2569.6
1342040400,2569.6,2572.9,2520,2544.2
1342126800,2544.2,2588.3,2543,2581.8
1342386000,2581.8,2587.9,2564.9,2575.4
1342472400,2575.4,2597.3,2551.5,2590.3
1342558800,2590.3,2633.3,2580,2633.1
1342645200,2633.1,2661.3,2631.6,2658.3
1342731600,2658.3,2661,2616.2,2618.3
1342990800,2618.3,2618.3,2546.1,2577.9
1343077200,2577.9,2592.9,2520,2521.1
1343163600,2521.1,2563.5,2520.9,2547.9
1343250000,2547.9,2596.4,2532.8,2578.05
1343336400,2578.05,2648.9,2575.6,2647.9
1343595600,2647.9,2660.5,2631.3,2640.95
1343682000,2640.95,2655.2,2634.1,2638.6
1343768400,2638.6,2658.9,2621.1,2628.05
1343854800,2628.05,2651.1,2603,2621.3
1343941200,2621.3,2684,2618.8,2674.6
1344200400,2674.6,2704.1,2674.4,2690.6
1344286800,2690.6,2725.3,2688.6,2712.6
1344373200,2712.6,2719.2,2703.5,2709.75
1344459600,2709.75,2725.8,2706.2,2720.35
1344546000,2720.35,2725.2,2704.4,2723.4
1344805200,2723.4,2731.55,2707.8,2730.55
1344891600,2730.55,2745,2722.9,2726.95
1344978000,2726.95,2744.15,2720.65,2743.45
1345064400,2743.45,2775.9,2740.35,2768.7
1345150800,2768.7,2782.3,2765.4,2778.6
1345410000,2778.6,2785.9,2768.9,2782.1
1345496400,2782.1,2803.9,2763.6,2776.1
1345582800,2776.1,2791.3,2761,2784.2
1345669200,2784.2,2793.8,2756,2761.85
1345755600,2761.85,2786.9,2752.2,2778.2
1346014800,2778.2,2797.3,2777.95,2784.25
1346101200,2784.25,2792,2772.5,2782.65
1346187600,2782.65,2791.4,2772.6,2782.35
1346274000,2782.35,2783.65,2751.6,2754.8
1346360400,2754.8,2786.3,2746.5,2774.3
1346619600,2774.3,2782.5,2760.6,2780.7
1346706000,2780.7,2783.6,2744,2773.9
1346792400,2773.9,2781.5,2758,2770.4
1346878800,2770.4,2830.2,2768,2829.9
1346965200,2829.9,2836.9,2818.1,2824.6
1347224400,2824.6,2824.6,2782.45,2784.15
1347310800,2784.15,2800.2,2778.45,2780.85
1347397200,2780.85,2800.65,2775.8,2795.55
1347483600,2795.55,2842.3,2785.85,2828.2
1347570000,2828.2,2865.5,2828.2,2857.5
1347829200,2857.45,2858.6,2846.2,2852.75
1347915600,2852.75,2860.2,2844.15,2859.7
1348002000,2859.7,2872.2,2850.4,2859.55
1348088400,2859.55,2863.65,2843.1,2861.35
1348174800,2861.35,2877.4,2858.1,2858.5
1348434000,2858.5,2862.75,2832.1,2845.9
1348520400,2845.9,2858.3,2803.95,2811.65
1348606800,2811.65,2812.45,2767.5,2783.85
1348693200,2783.85,2826.3,2783.3,2819.85
1348779600,2819.85,2824.45,2793.7,2797.2
1349038800,2797.2,2827.3,2782.6,2792.6
1349125200,2792.6,2810.9,2777.7,2799.5
1349211600,2799.5,2822,2792.9,2814.95
1349298000,2814.95,2834.75,2812.8,2827.15
1349384400,2827.15,2845.4,2804.7,2811.3
1349643600,2811.3,2812.8,2779.3,2781.1
1349730000,2781.1,2791.3,2734.35,2740.75
1349816400,2740.75,2747.95,2718.9,2723.4
1349902800,2723.4,2749.3,2716.4,2720
1349989200,2720,2732.55,2711.45,2717.25
1350248400,2717.25,2739.85,2709.05,2736.05
1350334800,2736.05,2781.05,2733.85,2769.85
1350421200,2769.85,2782.55,2757.75,2775.5
1350507600,2775.5,2777.9,2731.6,2735.65
1350594000,2735.65,2741.05,2669.8,2670.5
1350853200,2670.5,2697.4,2661.1,2696.4
1350939600,2696.4,2698.65,2655,2666.8
1351026000,2666.8,2683.75,2649.7,2657.9
1351112400,2657.9,2676.7,2607.8,2640.9
1351198800,2640.9,2672.35,2626.8,2664.05
1351458000,2664.05,2664.05,2637.15,2647.15
1351544400,2647.15,2659.85,2629.45,2658.4
1351630800,2658.4,2679.6,2634.8,2635.75
1351717200,2635.75,2691.55,2630.45,2690.05
1351803600,2690.05,2696.65,2644.65,2645.05
1352066400,2645.05,2676.3,2639.45,2661.7
1352152800,2661.7,2694.2,2655.7,2680.3
1352239200,2680.3,2690.15,2601.6,2617
1352325600,2617,2624.9,2571.05,2578.15
1352412000,2578.15,2609.5,2558.65,2586.2
1352671200,2586.2,2599.6,2574,2584.55
1352757600,2584.55,2587.5,2555.2,2575.75
1352844000,2575.75,2587.85,2528.7,2534.35
1352930400,2534.35,2543.1,2514.8,2526.35
1353016800,2526.35,2540.8,2493.7,2536.75
1353276000,2536.75,2595.8,2536.75,2592.15
1353362400,2592.15,2598.3,2570.1,2593.85
1353448800,2593.85,2603.8,2579.05,2601.95
1353535200,2601.95,2607.85,2598.95,2602.2
1353621600,2602.2,2640.15,2598.05,2639.65
1353880800,2639.65,2651.8,2624.7,2650.15
1353967200,2650.15,2659.8,2637.7,2642.65
1354053600,2642.65,2666.9,2613,2663.35
1354140000,2663.35,2689.8,2661.25,2680.15
1354226400,2680.15,2690.85,2668.65,2679.2
1354485600,2679.2,2699.3,2667.95,2669.35
1354572000,2669.35,2676.3,2651.1,2664.95
1354658400,2664.95,2680.3,2624.2,2636.55
1354744800,2636.55,2662.7,2623.5,2656.05
1354831200,2656.05,2673.8,2630.4,2638.9
1355090400,2638.9,2661.2,2626.4,2649.25
1355176800,2649.25,2696.9,2644.85,2688.55
1355263200,2688.55,2696.4,2668.5,2670.65
1355349600,2670.65,2689.4,2642.9,2650.35
1355436000,2650.35,2662.9,2620.6,2629.7
1355695200,2629.7,2669.15,2614.4,2668.85
1355781600,2668.85,2711.3,2666.45,2706.45
1355868000,2706.45,2718.3,2695.1,2695.75
1355954400,2695.75,2706.7,2682.7,2695.45
1356040800,2695.45,2697.45,2640.6,2665.9
1356300000,2665.9,2666.65,2650.8,2657.1
1356472800,2657.1,2662.4,2626.1,2634.85
1356559200,2634.85,2641.5,2597.6,2630.85
1356645600,2630.85,2634.45,2588.3,2592.8
1356904800,2592.8,2644.3,2584.05,2634.9
1357077600,2634.9,2746.15,2634.9,2745.05
1357164000,2745.05,2750.8,2723,2730.65
1357250400,2730.65,2739.4,2715.2,2719.2
1357509600,2719.2,2725.9,2705.9,2721.45
1357596000,2721.45,2727.8,2701.9,2716.85
1357682400,2716.85,2733.4,2714.7,2726.35
1357768800,2726.35,2746.6,2717.2,2743.45
1357855200,2743.45,2747.65,2735.6,2747.1
1358114400,2747.1,2753.35,2722.6,2734.25
1358200800,2734.25,2735.35,2708.4,2720.45
1358287200,2720.45,2740.4,2713.7,2729.45
1358373600,2729.45,2754.8,2719.95,2739.05
1358460000,2739.05,2744.65,2725.6,2738.1
1358719200,2738.1,2745.4,2735.1,2745.4
1358805600,2745.4,2756.95,2723.5,2756.15
1358892000,2756.15,2771.05,2733.75,2734.35
1358978400,2734.35,2745.5,2711.25,2715.65
1359064800,2715.65,2742.1,2715.15,2730.7
1359324000,2730.7,2749.8,2728.75,2736.45
1359410400,2736.45,2748.55,2718.4,2747.85
1359496800,2747.85,2753.9,2728.6,2737.35
1359583200,2737.35,2748.5,2726.3,2732.55
1359669600,2732.55,2766.1,2732.5,2759.7
1359928800,2759.7,2760.45,2711.3,2712.75
1360015200,2712.75,2761.3,2711.55,2755.65
1360101600,2755.65,2759.1,2735.1,2742.75
1360188000,2742.75,2750.4,2714.8,2747.45
1360274400,2747.45,2780.2,2742.95,2774.4
1360533600,2774.4,2782.4,2765.5,2773.25
1360620000,2773.25,2775.8,2760.4,2766.55
1360706400,2766.55,2783.2,2764.3,2771.45
1360792800,2771.45,2776.2,2757.6,2770.15
1360879200,2770.15,2778.3,2755.9,2764.6
1361138400,2764.6,2766.2,2759.55,2766.2
1361224800,2766.2,2786.75,2761.55,2785.45
1361311200,2785.45,2787.65,2736.05,2736.95
1361397600,2736.95,2741.95,2700.7,2717.25
1361484000,2717.25,2740.2,2715.4,2737.4
1361743200,2737.4,2765.4,2693.85,2699.75
1361829600,2699.75,2718.9,2690.2,2711.85
1361916000,2711.85,2758.6,2704.2,2742.45
1362002400,2742.45,2762.1,2733.55,2733.55
1362088800,2733.55,2751.8,2712.6,2749.3
1362348000,2749.3,2763.85,2733.45,2763.85
1362434400,2763.85,2803.9,2761.65,2800.15
1362520800,2800.15,2809.6,2789.4,2791.25
1362607200,2791.25,2804.8,2789.45,2799.95
1362693600,2799.95,2819.3,2793.4,2801.4
1362949200,2801.4,2812.4,2792.3,2811.05
1363035600,2811.05,2811.95,2787.3,2803.15
1363122000,2803.15,2807.8,2787.2,2799.75
1363208400,2799.75,2811.9,2796.85,2804.25
1363294800,2804.25,2809.65,2789.3,2796.3
1363554000,2796.3,2801.3,2752.85,2792.85
1363640400,2792.85,2804.2,2759.6,2781.55
1363726800,2781.55,2810.4,2776.35,2792.15
1363813200,2792.15,2792.15,2765.3,2774.55
1363899600,2774.55,2801.8,2767.75,2798.6
1364158800,2798.6,2815.4,2774.8,2791.15
1364245200,2791.15,2805.75,2788.75,2805.75
1364331600,2805.75,2809.85,2780.6,2806.05
1364418000,2806.05,2818.3,2795.45,2817.15
1364504400,2817.15,2817.95,2817.15,2817.95
1364763600,2817.95,2819.3,2788.2,2792.95
1364850000,2792.95,2826.7,2790.15,2817.75
1364936400,2817.75,2822.8,2783.9,2791.15
1365022800,2791.15,2804.9,2776.1,2787.35
1365109200,2787.35,2788.85,2741.1,2767.7
1365368400,2767.7,2791.35,2760.6,2791.35
1365454800,2791.35,2813.1,2776.4,2802.65
1365541200,2802.65,2860.7,2798.35,2855.15
1365627600,2855.15,2861.7,2846.7,2857.65
1365714000,2857.65,2859.35,2831.3,2850.9
1365973200,2850.9,2853.95,2781.45,2787.75
1366059600,2787.75,2836.95,2785.85,2831.85
1366146000,2831.85,2833.15,2761.4,2776.45
1366232400,2776.45,2790.8,2726.7,2753.35
1366318800,2753.35,2782.2,2739.7,2772.2
1366578000,2772.2,2814.9,2772.2,2804.85
1366664400,2804.85,2845.35,2787.8,2843.15
1366750800,2843.15,2846.05,2818.6,2826.15
1366837200,2826.15,2856.8,2819.55,2847.35
1366923600,2847.35,2847.35,2824.7,2835.4
1367182800,2835.4,2874.1,2830.15,2863.35
1367269200,2863.35,2885.45,2855.8,2885.45
1367355600,2885.45,2889.3,2864.7,2868.95
1367442000,2868.95,2912.6,2868.95,2905.25
1367528400,2905.25,2949.8,2902.4,2939.4
1367787600,2939.4,2956.3,2938.55,2950.35
1367874000,2950.35,2958.8,2939.6,2949.75
1367960400,2949.75,2966.8,2943.8,2963.95
1368046800,2963.95,2980.2,2952.2,2964.85
1368133200,2964.85,2979.9,2961.1,2978.4
1368392400,2978.4,2989.2,2962.7,2982.95
1368478800,2982.95,3006.6,2973.3,2998.95
1368565200,2998.95,3006.95,2984.6,3006.55
1368651600,3006.55,3020.4,2997.6,3002.95
1368738000,3002.95,3030.1,2999.85,3025.8
1368997200,3025.8,3033.4,3011.7,3023.65
1369083600,3023.65,3038.2,3011.6,3023.35
1369170000,3023.35,3054.8,2985.4,3008.45
1369256400,3008.45,3009.55,2962.8,2997.55
1369342800,2997.55,3004.55,2965.1,2995.1
1369602000,2995.1,3005.75,2986.3,3001.8
1369688400,3001.8,3038,2999.55,3008.05
1369774800,3008.05,3009.85,2979.6,2995.05
1369861200,2995.05,3026.4,2982.85,3011.15
1369947600,3011.15,3023.6,2980.2,2982.2
1370206800,2982.2,2996,2951.1,2988.25
1370293200,2988.25,3007.7,2961.9,2977.35
1370379600,2977.35,2978.45,2932.7,2939.75
1370466000,2939.75,2954.45,2911.3,2947.85
1370552400,2947.85,2992.9,2936.6,2984.3
1370811600,2984.3,3004.4,2977.35,2988.25
1370898000,2988.25,2989.75,2950.2,2966.95
1370984400,2966.95,2979.8,2921.4,2922.95
1371070800,2922.95,2970.3,2898.35,2963.75
1371157200,2963.75,2968.55,2939.4,2943.2
1371416400,2943.2,2990.6,2942.35,2973.25
1371502800,2973.25,3003.3,2971.3,2998.55
1371589200,2998.55,3004.4,2958.75,2960.25
1371675600,2960.25,2961.85,2881.2,2884.45
1371762000,2884.45,2904.7,2851.3,2872.2
1372021200,2872.2,2875.55,2823.1,2851.65
1372107600,2851.65,2878.7,2835.85,2864.15
1372194000,2864.15,2897.9,2850.95,2890.45
1372280400,2890.45,2922.9,2887.3,2905.05
1372366800,2905.05,2926.7,2889.2,2905.7
1372626000,2905.7,2951.4,2898.85,2923.85
1372712400,2923.85,2946.1,2912.2,2927.55
1372798800,2927.55,2953.4,2901.7,2941.5
1372885200,2941.5,2971.6,2939.75,2970.1
1372971600,2970.1,2975.6,2932.2,2962.9
1373230800,2962.9,2982.6,2953.2,2966.85
1373317200,2966.85,2989.2,2963.75,2980.45
1373403600,2980.45,3010.35,2973.2,3009.55
1373490000,3009.55,3062.05,3008.75,3058.65
1373576400,3058.65,3074.9,3053.6,3068.3
1373835600,3068.3,3080.7,3067.2,3078.15
1373922000,3078.15,3084.5,3067.9,3076.95
1374008400,3076.95,3090.3,3069.6,3078.95
1374094800,3078.95,3090.6,3050.15,3053.35
1374181200,3053.35,3053.35,3034.6,3046.2
1374440400,3046.2,3058.8,3042.3,3052.55
1374526800,3052.55,3063.65,3027.2,3047.25
1374613200,3047.25,3060.8,3032.1,3056.55
1374699600,3056.55,3061.8,3030.8,3057.75
1374786000,3057.75,3076.8,3041.2,3074.6
1375045200,3074.6,3081.6,3059.9,3071.35
1375131600,3071.35,3097.8,3069.05,3087.75
1375218000,3087.75,3108.1,3082.3,3095.75
1375304400,3095.75,3126.5,3093.05,3121.95
1375390800,3121.95,3140.7,3115.4,3140.2
1375650000,3140.2,3143.3,3130.7,3139.45
1375736400,3139.45,3142.1,3109.2,3120.75
1375822800,3120.75,3121.9,3093.6,3120.55
1375909200,3120.55,3139,3111.2,3132.55
1375995600,3132.55,3137.4,3109.7,3118
1376254800,3118,3131.7,3096.8,3128.85
1376341200,3128.85,3150.2,3107.4,3140.75
1376427600,3140.75,3146.2,3120.95,3121.65
1376514000,3121.65,3121.65,3068.8,3074.95
1376600400,3074.95,3092.3,3070.55,3071.4
1376859600,3071.4,3102.5,3067.45,3073.05
1376946000,3073.05,3098.8,3065.7,3084.25
1377032400,3084.25,3100.4,3061.7,3062.95
1377118800,3062.95,3108.65,3057.15,3106.55
1377205200,3106.55,3128.4,3098.2,3124.3
1377464400,3124.3,3148.9,3119.1,3124.05
1377550800,3124.05,3126.25,3054.2,3063.35
1377637200,3063.35,3085.8,3057.6,3067.45
1377723600,3067.45,3110.1,3065.45,3094.15
1377810000,3094.15,3104.45,3063.1,3082.2
1378069200,3082.2,3114.5,3082.2,3110.3
1378155600,3110.3,3114.2,3077.1,3090.15
1378242000,3090.15,3132.05,3084.6,3131.95
1378328400,3131.95,3138.4,3125,3129.85
1378414800,3129.85,3150.5,3097.7,3131.8
1378674000,3131.8,3175.8,3131.8,3170.55
1378760400,3170.55,3189.8,3168.05,3184.95
1378846800,3184.95,3188.95,3160.4,3183.95
1378933200,3183.95,3187.1,3170.8,3179.35
1379019600,3179.35,3182.8,3161.9,3179.2
1379278800,3179.2,3219.35,3162.6,3167.85
1379365200,3167.85,3195.3,3162.6,3192.35
1379451600,3192.35,3235.9,3189.6,3231.65
1379538000,3231.65,3243.9,3230.8,3236.95
1379624400,3236.95,3247.4,3223.7,3225.2
1379883600,3225.2,3242.8,3203.8,3216.25
1379970000,3216.25,3236.4,3208.6,3220.05
1380056400,3220.05,3226.4,3201.6,3207.35
1380142800,3207.35,3241.1,3207.35,3234.85
1380229200,3234.85,3239.15,3208.6,3229.9
1380488400,3229.9,3229.9,3183.8,3224.65
1380574800,3224.65,3256.35,3218.6,3254.45
1380661200,3254.45,3256.25,3226.3,3244.75
1380747600,3244.75,3253.4,3194.6,3206.05
1380834000,3206.05,3244.6,3204.55,3241.6
1381093200,3241.6,3241.6,3206.8,3212.15
1381179600,3212.15,3219.4,3149.2,3150.35
1381266000,3150.35,3168.9,3115.4,3138.25
1381352400,3138.25,3213.7,3137.85,3196.95
1381438800,3196.95,3234.8,3180.65,3232.1
1381698000,3232.1,3258.95,3201.45,3257.25
1381784400,3257.25,3267.9,3238.6,3247.75
1381870800,3247.75,3280.7,3239.05,3267.15
1381957200,3267.15,3310.95,3259.7,3310.95
1382043600,3310.95,3352.3,3310.95,3348.1
1382302800,3348.1,3366.3,3347.15,3358.05
1382389200,3358.05,3381.3,3342.3,3362.35
1382475600,3362.35,3362.75,3326.6,3346.65
1382562000,3346.65,3383.65,3339.6,3381.35
1382648400,3381.35,3396.8,3365.4,3380
1382907600,3380,3393.45,3364.55,3374.45
1382994000,3374.45,3395.7,3372.35,3391.55
1383080400,3391.55,3405.2,3368.4,3392.25
1383166800,3392.25,3397.6,3364.6,3381.25
1383253200,3381.25,3391.8,3360.9,3372.4
1383516000,3372.4,3390.4,3369.8,3381.35
1383602400,3381.35,3393.3,3358.8,3383.95
1383688800,3383.95,3401.05,3373.4,3378.85
1383775200,3378.85,3389.9,3317.1,3325.45
1383861600,3325.45,3365.8,3313.1,3363.3
1384120800,3363.3,3368.1,3348.3,3357.65
1384207200,3357.65,3369.3,3346.6,3366.85
1384293600,3366.85,3409.25,3340.7,3403.05
1384380000,3403.05,3418.3,3389.4,3413.95
1384466400,3413.95,3423.9,3407.8,3419.8
1384725600,3419.8,3427.8,3382.3,3388.75
1384812000,3388.75,3402.7,3372.8,3378.45
1384898400,3378.45,3400.6,3360.6,3369.85
1384984800,3369.85,3407.8,3362.1,3404.85
1385071200,3404.85,3424.6,3401.8,3422.6
1385330400,3422.6,3439.1,3422.2,3430.35
1385416800,3430.35,3457.6,3424.3,3449.85
1385503200,3449.85,3473.7,3447.65,3471.75
1385589600,3471.75,3485.8,3470.75,3484.4
1385676000,3484.4,3497.9,3482.2,3492.9
1385935200,3492.9,3502.4,3478.1,3485.05
1386021600,3485.05,3489.8,3467.4,3478.25
1386108000,3478.25,3495.2,3454.6,3484.75
1386194400,3484.75,3492.9,3469.9,3478.15
1386280800,3478.15,3511.8,3478.15,3506.3
1386540000,3506.3,3525.4,3506.3,3520.15
1386626400,3520.15,3525.1,3508.6,3517.65
1386712800,3517.65,3522.95,3465.7,3472.15
1386799200,3472.15,3480.8,3457.35,3457.35
1386885600,3457.35,3479.8,3451.3,3458.6
1387144800,3458.6,3496.9,3435.65,3473.65
1387231200,3473.65,3484.6,3462.2,3465.45
1387317600,3465.45,3515.25,3423.1,3512.85
1387404000,3512.85,3518.45,3483.8,3498.25
1387490400,3498.25,3542.8,3498.25,3538.3
1387749600,3538.3,3572.95,3538.3,3572.05
1387836000,3572.05,3576.1,3566.6,3575.1
1388008800,3575.1,3588.4,3573.7,3588.35
1388095200,3588.35,3592.6,3572.1,3577.7
1388354400,3577.7,3578.55,3561.1,3572.75
1388440800,3572.75,3593.2,3570.05,3588.9
1388613600,3588.9,3588.9,3554.2,3565.55
1388700000,3565.55,3571.4,3536.4,3536.7
1388959200,3536.7,3544.8,3510.4,3520.05
1389045600,3520.05,3561.7,3520.05,3554.35
1389132000,3554.35,3574.2,3548.6,3567.85
1389218400,3567.85,3581.4,3540,3553.45
1389304800,3553.45,3576.3,3534.2,3565.5
1389564000,3565.5,3570.8,3496.7,3513.55
1389650400,3513.55,3580.3,3507.3,3577.65
1389736800,3577.65,3614.2,3575.05,3602.85
1389823200,3602.85,3612.2,3597.9,3600.55
1389909600,3600.55,3612.8,3578.3,3588.8
1390168800,3588.8,3592.7,3581.4,3591.55
1390255200,3591.55,3615.7,3583.3,3611.45
1390341600,3611.45,3632.85,3608.8,3630.25
1390428000,3630.25,3638.85,3585.3,3618.85
1390514400,3618.85,3624.65,3536.3,3537.1
1390773600,3537.1,3548.1,3476.65,3482.15
1390860000,3482.15,3508.85,3471.45,3505.35
1390946400,3505.35,3531.9,3457.45,3478.8
1391032800,3478.8,3540.25,3474.25,3513.65
1391119200,3513.65,3535.65,3482.35,3522.9
1391378400,3522.9,3532.55,3428.15,3440.55
1391464800,3440.55,3476.15,3434.35,3455.4
1391551200,3455.4,3465.75,3414.75,3451.8
1391637600,3451.8,3502.05,3450.55,3493.5
1391724000,3493.5,3562.25,3482.1,3560.45
1391983200,3560.45,3582.25,3552.75,3582.2
1392069600,3582.2,3628.05,3580.85,3615.65
1392156000,3615.65,3635.75,3612.45,3624.6
1392242400,3624.6,3658.15,3599.15,3655.35
1392328800,3655.35,3670.05,3640.35,3662.85
1392588000,3662.85,3674.5,3658.6,3669.15
1392674400,3669.15,3686.55,3655.85,3678.25
1392760800,3678.25,3681.45,3647.3,3658.35
1392847200,3658.35,3678.75,3640.25,3671.5
1392933600,3671.5,3688.6,3662.65,3666.65
1393192800,3666.65,3702.95,3656.35,3689.1
1393279200,3689.1,3698.85,3670.15,3691.7
1393365600,3691.7,3703.5,3663.9,3679.6
1393452000,3679.6,3706.1,3662.85,3705.8
1393538400,3705.8,3723.75,3666.45,3699.1
1393797600,3699.1,3699.1,3638.2,3671.5
1393884000,3671.5,3724.25,3670.9,3718.5
1393970400,3718.5,3733.35,3713.45,3730.95
1394056800,3730.95,3738.1,3710.3,3724.7
1394143200,3724.7,3741.3,3686.7,3706.5
1394398800,3706.5,3712.8,3684.9,3710.45
1394485200,3710.45,3727.1,3681.9,3687.3
1394571600,3687.3,3710.25,3662.2,3709.95
1394658000,3709.95,3723.1,3636.9,3655.5
1394744400,3655.5,3662.1,3626.6,3628.1
1395003600,3628.1,3680.2,3609.3,3661.1
1395090000,3661.1,3709.5,3647,3703.3
1395176400,3703.3,3712.4,3659.45,3676.95
1395262800,3676.95,3704.9,3664.4,3698.4
1395349200,3698.4,3719.9,3640.5,3647.4
1395608400,3647.4,3663.6,3582.1,3619.7
1395694800,3619.7,3658.55,3597.65,3630.65
1395781200,3630.65,3653.95,3577.3,3581.8
1395867600,3581.8,3591.7,3541.5,3564.2
1395954000,3564.2,3607.4,3557.8,3570.4
1396213200,3570.4,3617.2,3570.4,3589.2
1396299600,3589.2,3658.55,3584.4,3658
1396386000,3658,3674.4,3648.6,3666.1
1396472400,3666.1,3675.1,3615.1,3640.7
1396558800,3640.7,3663.5,3528.5,3544.4
1396818000,3544.4,3548.1,3480,3505.6
1396904400,3505.6,3541.3,3496.1,3534.2
1396990800,3534.2,3599.5,3531.9,3598.9
1397077200,3598.9,3604.7,3475.4,3490.5
1397163600,3490.5,3498.7,3436.4,3449
1397422800,3449,3489.7,3430.4,3475.8
1397509200,3475.8,3505.7,3409.8,3504.1
1397595600,3504.1,3529.1,3484.3,3505.8
1397682000,3505.8,3547.2,3497.3,3529.5
1397768400,3529.5,3530.7,3528.45,3528.65
1398027600,3528.65,3558.5,3521.3,3557.3
1398114000,3557.3,3592.8,3550.1,3589.4
1398200400,3589.4,3596.2,3550.4,3593.5
1398286800,3593.5,3622.6,3548.3,3597.2
1398373200,3597.2,3597.6,3520.7,3533.3
1398632400,3533.3,3566.3,3484.5,3545.2
1398718800,3545.2,3575.2,3533.9,3560.85
1398805200,3560.85,3581.6,3542.6,3581
1398891600,3581,3609.1,3574.5,3593.1
1398978000,3593.1,3607.9,3573.3,3583
1399237200,3583,3601.3,3551.6,3598.3
1399323600,3598.3,3607,3549.9,3554.6
1399410000,3554.6,3569.9,3500.7,3544.5
1399496400,3544.5,3582.7,3521.7,3536.4
1399582800,3536.4,3555.2,3513.6,3552.5
1399842000,3552.5,3613.8,3552.15,3613.7
1399928400,3613.7,3626.9,3606.5,3612.65
1400014800,3612.65,3617.65,3586.35,3600.85
1400101200,3600.85,3609.65,3543,3565.6
1400187600,3565.6,3591.85,3545.7,3585.95
1400446800,3585.95,3619.75,3567.85,3613.45
1400533200,3613.45,3625.95,3586.75,3601.45
1400619600,3601.45,3637.9,3595.65,3634.2
1400706000,3634.2,3661.75,3633.4,3651.05
1400792400,3651.05,3678.95,3647.25,3677.95
1401051600,3677.95,3694.25,3677.95,3692.6
1401138000,3692.6,3724.65,3687.85,3724.55
1401224400,3724.55,3731.9,3709.35,3718.45
1401310800,3718.45,3738.75,3714.85,3737.95
1401397200,3737.95,3741.95,3716.65,3733.55
1401656400,3733.55,3742.65,3708.75,3729.85
1401742800,3729.85,3736.85,3715.15,3734.05
1401829200,3734.05,3750.55,3715.45,3745.35
1401915600,3745.35,3783.25,3735.25,3777.45
1402002000,3777.45,3799.45,3776.95,3798.95
1402261200,3798.95,3803.65,3783.95,3793.35
1402347600,3793.35,3803.35,3785.65,3803.35
1402434000,3803.35,3805.25,3780.25,3799.85
1402520400,3799.85,3806.95,3752.25,3774.75
1402606800,3774.75,3786.15,3760.35,3776.95
1402866000,3776.95,3790.65,3757.6,3780.05
1402952400,3780.05,3792.45,3770.15,3781.25
1403038800,3781.25,3807.15,3762.75,3802.45
1403125200,3802.45,3810.15,3781.15,3794.55
1403211600,3794.55,3806.15,3791.65,3801.05
1403470800,3801.05,3813.35,3791.85,3800.45
1403557200,3800.45,3834.45,3787.85,3798.95
1403643600,3798.95,3830.25,3789.55,3820.65
1403730000,3820.65,3828.35,3795.45,3825.15
1403816400,3825.15,3844.05,3814.55,3837.95
1404075600,3837.95,3857.25,3834.05,3853.25
1404162000,3853.25,3900.55,3851.05,3891.95
1404248400,3891.95,3902.25,3889.15,3897.55
1404334800,3897.55,3923.85,3894.25,3921.65
1404421200,3921.65,3922.65,3917.55,3919.75
1404680400,3919.75,3921.35,3901.85,3909.85
1404766800,3909.85,3912.25,3846.85,3867.85
1404853200,3867.85,3896.05,3862.25,3892.75
1404939600,3892.75,3894.85,3837.05,3878.35
1405026000,3878.35,3904.15,3877.25,3903.55
1405285200,3903.55,3935.75,3903.05,3926.25
1405371600,3926.25,3938.75,3885.15,3922.95
1405458000,3922.95,3945.95,3918.35,3925.35
1405544400,3925.35,3932.35,3864.35,3872.45
1405630800,3872.45,3940.55,3859,3936.55
1405890000,3936.55,3939.05,3914.55,3928.85
1405976400,3928.85,3963.95,3928.05,3947.9
1406062800,3947.9,3987.65,3947.9,3982.15
1406149200,3982.15,3995.65,3967.85,3970.75
1406235600,3970.75,3970.85,3941.75,3961.65
1406494800,3961.65,3974.55,3933.25,3963.45
1406581200,3963.45,3981.35,3952.45,3962.05
1406667600,3962.05,3987.05,3957.05,3973.25
1406754000,3973.25,3974.35,3885.65,3891.45
1406840400,3891.45,3904.85,3851.05,3878.75
1407099600,3878.75,3919.05,3870.65,3899.45
1407186000,3899.45,3903.45,3855.25,3877.25
1407272400,3877.25,3894.55,3845.45,3872.45
1407358800,3872.45,3895.65,3844.15,3857.65
1407445200,3857.65,3889.95,3829.85,3877.35
1407704400,3877.35,3920.65,3877.35,3910.05
1407790800,3910.05,3920.35,3886.35,3909.95
1407877200,3909.95,3952.05,3905.35,3950.95
1407963600,3950.95,3975.95,3942.45,3974.35
1408050000,3974.35,3997.35,3950.05,3988.35
1408309200,3988.35,4021.85,3988.35,4017.95
1408395600,4017.95,4042.85,4017.75,4036.95
1408482000,4036.95,4048.95,4031.25,4042.45
1408568400,4042.45,4050.85,4034.95,4050.85
1408654800,4050.85,4063.05,4038.85,4056.35
1408914000,4056.35,4080.35,4056.35,4065.25
1409000400,4065.25,4077.55,4063.65,4074.95
1409086800,4074.95,4078.75,4065.45,4074.35
1409173200,4074.35,4076.05,4056.05,4075.55
1409259600,4075.55,4087.55,4063.55,4083.65
1409518800,4083.65,4086.25,4077.25,4086.05
1409605200,4086.05,4097.15,4079.15,4096.25
1409691600,4096.25,4115.15,4063.95,4072.75
1409778000,4072.75,4102.05,4057.55,4073.65
1409864400,4073.65,4090.45,4053.15,4087.45
1410123600,4087.45,4105.75,4076.55,4096.15
1410210000,4096.15,4111.15,4053.95,4066.05
1410296400,4066.05,4096.75,4055.25,4094.35
1410382800,4094.35,4096.65,4060.75,4096.65
1410469200,4096.65,4097.45,4057.35,4070.55
1410728400,4070.55,4076.65,4018.45,4034.45
1410814800,4034.45,4074.45,4012.35,4067.15
1410901200,4067.15,4092,4047.4,4075
1410987600,4075,4107.85,4069.1,4107.55
1411074000,4107.55,4126.65,4083.95,4102.65
1411333200,4102.65,4102.65,4043.35,4057.25
1411419600,4057.25,4068.35,4035.35,4036.75
1411506000,4036.75,4097.35,4035.2,4094.25
1411592400,4094.25,4095.95,4005.55,4013.35
1411678800,4013.35,4057.75,4009.05,4054.55
1411938000,4054.55,4058.1,4005.15,4040.45
1412024400,4040.45,4071.65,4031.15,4044.05
1412110800,4044.05,4052.65,3972.05,3990.75
1412197200,3990.75,4001.3,3934.55,3981.45
1412283600,3981.45,4041.15,3977.15,4022.55
1412542800,4022.55,4046.65,4002.65,4009.65
1412629200,4009.65,4016.65,3955.25,3956.25
1412715600,3956.25,4048.05,3936.65,4039.95
1412802000,4039.95,4053.75,3953.05,3957.25
1412888400,3957.25,3972.75,3860.3,3866
1413147600,3866,3891.3,3800,3800.9
1413234000,3800.9,3857.95,3797.9,3823.35
1413320400,3823.35,3836.65,3696.4,3749.4
1413406800,3749.4,3791.5,3689.2,3748.6
1413493200,3748.6,3845.5,3746.7,3804.9
1413752400,3804.9,3883,3798.1,3881.3
1413838800,3881.3,3980.4,3850.8,3979.7
1413925200,3979.7,3987.95,3944.4,3953.85
1414011600,3953.85,4029.3,3944.5,4009.6
1414098000,4009.6,4043.1,3975.55,4039.8
1414357200,4039.8,4054.2,4014.1,4045.4
1414443600,4045.4,4104.1,4042.3,4097.9
1414530000,4097.9,4100.5,4059.2,4076.3
1414616400,4076.3,4106.9,4047.5,4097.7
1414702800,4097.7,4167.6,4094.45,4149.7
1414965600,4149.7,4177.5,4146,4160.3
1415052000,4160.3,4168.3,4123.8,4148.3
1415138400,4148.3,4180,4137.7,4146.3
1415224800,4146.3,4170.8,4133.9,4169.8
1415311200,4169.8,4183.1,4139.5,4156.4
1415570400,4156.4,4181.8,4147.5,4174.7
1415656800,4174.7,4189.6,4165.2,4187.9
1415743200,4187.9,4201.8,4169.7,4197.7
1415829600,4197.7,4230.1,4194.5,4207.3
1415916000,4207.3,4227.1,4199.1,4225.9
1416175200,4225.9,4226.9,4194.4,4215.5
1416261600,4215.5,4251.4,4205.6,4241.8
1416348000,4241.8,4245,4207,4228.1
1416434400,4228.1,4250.7,4204.4,4248.5
1416520800,4248.5,4286.7,4239.8,4251.4
1416780000,4251.4,4288.6,4250.3,4285.3
1416866400,4285.3,4305.3,4279,4296.4
1416952800,4296.4,4325.6,4292.4,4325.1
1417039200,4325.1,4333.8,4314.4,4332.9
1417125600,4332.9,4349.8,4320.5,4341.1
1417384800,4341.1,4341.1,4275,4287.9
1417471200,4287.9,4316.1,4286.7,4310
1417557600,4310,4321.5,4288.8,4313.8
1417644000,4313.8,4329.7,4294.7,4315.5
1417730400,4315.5,4327.75,4304.1,4315.5
1417989600,4315.5,4321.3,4259.8,4283.5
1418076000,4283.5,4299.2,4217.7,4293.6
1418162400,4293.6,4298.9,4219.9,4226.9
1418248800,4226.9,4298.7,4220.8,4229.1
1418335200,4229.1,4255.4,4188.7,4192.2
1418594400,4192.2,4237.9,4145.2,4159.85
1418680800,4159.85,4193.1,4084.5,4092
1418767200,4092,4176.6,4086.05,4163.6
1418853600,4163.6,4275.2,4154,4274.3
1418940000,4274.3,4308.2,4259.3,4288.5
1419199200,4288.5,4304.7,4279.7,4296.3
1419285600,4296.3,4315.6,4278.2,4283.1
1419372000,4283.1,4301.8,4280,4286.45
1419544800,4286.45,4325.35,4286.45,4315.55
1419804000,4315.55,4324.05,4301.5,4320.2
1419890400,4320.2,4321.2,4277.1,4286.4
1419976800,4286.4,4308,4268.8,4272
1420149600,4272,4275.8,4204.2,4218.5
1420408800,4218.5,4223.7,4148,4169
1420495200,4169,4175.1,4085.15,4102.6
1420581600,4102.6,4166.2,4101.4,4155.7
1420668000,4155.7,4245.5,4155,4233.6
1420754400,4233.6,4255.4,4183.9,4204.5
1421013600,4204.5,4230.1,4153.8,4171.9
1421100000,4171.9,4250.5,4129.3,4167.2
1421186400,4167.2,4171.7,4103,4152.4
1421272800,4152.4,4192.7,4080.6,4081.55
1421359200,4081.55,4139.6,4044.1,4135.2
1421618400,4135.2,4157.3,4115.5,4129
1421704800,4129,4177.4,4111.4,4167.9
1421791200,4167.9,4207.7,4139.1,4186.8
1421877600,4186.8,4271.2,4166.9,4271.2
1421964000,4271.2,4288.4,4252.9,4270.9
1422223200,4270.9,4280.5,4233.9,4271
1422309600,4271,4273.1,4144.7,4211.65
1422396000,4211.65,4236.6,4121.55,4127.6
1422482400,4127.6,4199.3,4097.7,4197.85
1422568800,4197.85,4209.6,4138,4147.25
1422828000,4147.25,4189.7,4087.5,4183.7
1422914400,4183.7,4224.5,4167.6,4214.2
1423000800,4214.2,4244.6,4189.55,4194.3
1423087200,4194.3,4256.3,4183.25,4254.6
1423173600,4254.6,4270.1,4211.6,4231.1
1423432800,4231.1,4233.4,4203.2,4218.45
1423519200,4218.45,4285.4,4212.7,4279.95
1423605600,4279.95,4323.4,4272.6,4313.9
1423692000,4313.9,4347.5,4287.5,4344.4
1423778400,4344.4,4383.3,4342.3,4378.7
1424037600,4378.7,4389.4,4370.8,4376.1
1424124000,4376.1,4389.1,4366.1,4386.15
1424210400,4386.15,4394.8,4375.2,4390.3
1424296800,4390.3,4418.2,4377,4418.2
1424383200,4418.2,4446,4397.3,4439.8
1424642400,4439.8,4450.2,4430.8,4447.2
1424728800,4447.2,4456.3,4428.2,4451.4
1424815200,4451.4,4461.9,4430.4,4439
1424901600,4439,4465.5,4432,4463.7
1424988000,4463.7,4463.8,4436,4446.8
1425247200,4446.8,4484,4446.8,4479.2
1425333600,4479.2,4480.1,4433.1,4458.4
1425420000,4458.4,4458.6,4420,4444.2
1425506400,4444.2,4465.5,4433.5,4450.9
1425592800,4450.9,4460.65,4389.7,4406
1425848400,4406,4425.2,4392.3,4414.2
1425934800,4414.2,4416.2,4329,4334.7
1426021200,4334.7,4347.7,4304.8,4312.3
1426107600,4312.3,4339.7,4299.2,4333.65
1426194000,4333.65,4347.6,4288.5,4309.8
1426453200,4309.8,4372.4,4299.35,4359.55
1426539600,4359.55,4384.4,4348.6,4377.7
1426626000,4377.7,4441.2,4342.6,4429.6
1426712400,4429.6,4441.65,4418.3,4427.7
1426798800,4427.7,4479,4422.6,4454.7
1427058000,4454.7,4467.8,4442.5,4444.1
1427144400,4444.1,4467.4,4430.5,4435.9
1427230800,4435.9,4444.6,4326.1,4332.3
1427317200,4332.3,4337,4276,4319.2
1427403600,4319.2,4339.6,4303.4,4329.4
1427662800,4329.4,4387.4,4321.7,4376.5
1427749200,4376.5,4381.5,4326.6,4329
1427835600,4329,4339.9,4267.65,4319.8
1427922000,4319.8,4326.6,4294.3,4314.7
1428008400,4314.7,4319.2,4267.8,4268.85
1428267600,4268.85,4359.9,4268.85,4345.5
1428354000,4345.5,4377.4,4335.6,4339.5
1428440400,4339.5,4382.3,4332.85,4381.8
1428526800,4381.8,4406.1,4358.1,4403.55
1428613200,4403.55,4421,4390.7,4419
1428872400,4419,4446.5,4404.4,4408.2
1428958800,4408.2,4419.5,4371.7,4401.2
1429045200,4401.2,4433.7,4393.4,4428.4
1429131600,4428.4,4434.1,4402.8,4419.1
1429218000,4419.1,4422.3,4328.4,4352.5
1429477200,4352.5,4421.2,4352.5,4410.9
1429563600,4410.9,4447,4407.8,4434.7
1429650000,4434.7,4463.6,4402.8,4442.1
1429736400,4442.1,4500.7,4422,4497.8
1429822800,4497.8,4540.3,4493.65,4533.7
1430082000,4533.7,4559.4,4513.2,4527.5
1430168400,4527.5,4534.9,4475.7,4518.5
1430254800,4518.5,4519,4459.9,4478
1430341200,4478,4481.75,4390,4418.2
1430427600,4418.2,4474.2,4413.5,4471.4
1430686800,4471.4,4506.8,4460.4,4477.7
1430773200,4477.7,4483.5,4402.6,4413.6
1430859600,4413.6,4426.9,4344.6,4376.1
1430946000,4376.1,4412.5,4335.7,4403.2
1431032400,4403.2,4465.7,4403.1,4451.7
1431291600,4451.7,4467.3,4429.6,4432.1
1431378000,4432.1,4440.5,4377.3,4424.3
1431464400,4424.3,4460.5,4420.3,4430
1431550800,4430,4495.4,4415.5,4492.5
1431637200,4492.5,4510.1,4480.6,4490.2
1431896400,4490.2,4520,4473,4511.3
1431982800,4511.3,4528.6,4498.9,4502.75
1432069200,4502.75,4535.9,4484.4,4504.8
1432155600,4504.8,4538.5,4488.9,4531.2
1432242000,4531.2,4544.2,4524.3,4530.5
1432501200,4530.5,4538.9,4519.6,4527.2
1432587600,4527.2,4530.1,4456.9,4482.1
1432674000,4482.1,4552.5,4475,4541.9
1432760400,4541.9,4549,4523.6,4545.4
1432846800,4545.4,4546.9,4499,4515
1433106000,4515,4539.5,4487.7,4526.3
1433192400,4526.3,4532.95,4482.5,4504.45
1433278800,4504.45,4541.95,4502.85,4528.25
1433365200,4528.25,4529.75,4474.45,4496.45
1433451600,4496.45,4507.5,4450.5,4480.8
1433710800,4480.8,4483.75,4422.95,4436.65
1433797200,4436.65,4441.95,4390.85,4432.55
1433883600,4432.55,4498.65,4431.05,4488.95
1433970000,4488.95,4512.55,4480.3,4492.45
1434056400,4492.45,4493.45,4448.45,4453.95
1434315600,4453.95,4453.95,4394.45,4434.85
1434402000,4434.85,4464.35,4403.3,4459.25
1434488400,4459.25,4483.7,4439.65,4460.2
1434574800,4460.2,4542.95,4447.95,4538.1
1434661200,4538.1,4547,4506.2,4506.9
1434920400,4506.9,4559.5,4506.9,4543.9
1435006800,4543.9,4555.8,4530.1,4549.5
1435093200,4549.5,4562.3,4522.2,4527.2
1435179600,4527.2,4554.7,4507.3,4512.7
1435266000,4512.7,4523.8,4466.5,4486
1435525200,4486,4486,4375,4389.35
1435611600,4389.35,4418.6,4378.6,4400.75
1435698000,4400.75,4448.65,4395.6,4429.95
1435784400,4429.95,4447.9,4414.7,4434.9
1435870800,4434.9,4442.3,4418,4423.65
1436130000,4423.65,4443.2,4351.6,4433.35
1436216400,4433.35,4454.3,4340.1,4427.35
1436302800,4427.35,4429.2,4342.4,4352.5
1436389200,4352.5,4413.6,4337.5,4346.05
1436475600,4346.05,4432.1,4344.9,4413.5
1436734800,4413.5,4497.3,4384.6,4492.7
1436821200,4492.7,4535.2,4490.6,4525.9
1436907600,4525.9,4545.2,4514.8,4541.3
1436994000,4541.3,4613.5,4536.5,4610.8
1437080400,4610.8,4658.65,4610.8,4655.05
1437339600,4655.05,4691,4653.6,4675.8
1437426000,4675.8,4688.2,4619.6,4625.7
1437512400,4625.7,4641.7,4593.8,4627.2
1437598800,4627.2,4639.7,4589.1,4637.4
1437685200,4637.4,4643.65,4549.25,4565.25
1437944400,4565.25,4572.55,4508.1,4524.2
1438030800,4524.2,4565.75,4501.45,4563.85
1438117200,4563.85,4583.75,4548.55,4569.7
1438203600,4569.7,4602.85,4535.15,4599.25
1438290000,4599.25,4612.75,4580.25,4587.05
1438549200,4587.05,4602.9,4544.5,4577
1438635600,4577,4585,4547.35,4558.75
1438722000,4558.75,4632.85,4555.05,4598.35
1438808400,4598.35,4612.5,4506.2,4531
1438894800,4531,4537.1,4484.15,4522.75
1439154000,4522.75,4583.3,4516.25,4579.9
1439240400,4579.9,4587.9,4488.5,4516.7
1439326800,4516.7,4538.5,4434.9,4535.3
1439413200,4535.3,4560.1,4512,4521.6
1439499600,4521.6,4535.5,4502,4534.4
1439758800,4534.4,4570.3,4505.7,4566.6
1439845200,4566.6,4576,4536.4,4544.7
1439931600,4544.7,4554.7,4485.8,4506.9
1440018000,4506.9,4515.25,4362.3,4365.95
1440104400,4365.95,4370.4,4197.1,4210.7
1440363600,4210.7,4210.7,3905.9,4011.2
1440450000,4011.2,4206.2,3999.45,4019.95
1440536400,4019.95,4230.95,3960.75,4211.05
1440622800,4211.05,4330.9,4207.3,4327.75
1440709200,4327.75,4342.2,4283.4,4333.6
1440968400,4333.6,4333.6,4260,4268
1441054800,4268,4269.2,4119.7,4152.15
1441141200,4152.15,4264.85,4136.9,4263.15
1441227600,4263.15,4305.45,4220.75,4232.25
1441314000,4232.25,4238,4156.2,4194.7
1441573200,4194.7,4244.25,4182.35,4209.75
1441659600,4209.75,4305.85,4209.25,4300.45
1441746000,4300.45,4370.3,4240.8,4255.55
1441832400,4255.55,4327.8,4227,4297.4
1441918800,4297.4,4326.95,4259.95,4325.1
1442178000,4325.1,4357.45,4292.7,4308.6
1442264400,4308.6,4374.35,4291.1,4364.35
1442350800,4364.35,4391.35,4345.45,4388.85
1442437200,4388.85,4451.65,4367.05,4378.95
1442523600,4378.95,4392.75,4309.65,4336.05
1442782800,4336.05,4371.15,4296.25,4352.95
1442869200,4352.95,4354.95,4229.95,4272.1
1442955600,4272.1,4302.1,4230.85,4277.8
1443042000,4277.8,4287.9,4194.7,4257
1443128400,4257,4325,4194.6,4213.3
1443387600,4213.3,4247.85,4088.15,4109.25
1443474000,4109.25,4152.4,4049.1,4081.4
1443560400,4081.4,4177.55,4074,4162.15
1443646800,4162.15,4233.9,4124.55,4200.35
1443733200,4200.35,4271.85,4119.55,4270.65
1443992400,4270.65,4337.7,4258.75,4318.9
1444078800,4318.9,4330.15,4271.35,4289.55
1444165200,4289.55,4341.55,4276.05,4335.25
1444251600,4335.25,4355.95,4272.85,4350.1
1444338000,4350.1,4377.15,4332.35,4363.95
1444597200,4363.95,4388.75,4353.85,4385.6
1444683600,4385.6,4398.25,4345.55,4347.45
1444770000,4347.45,4372.4,4324.7,4338.85
1444856400,4338.85,4419.2,4338.85,4418.7
1444942800,4418.7,4446.2,4403.3,4445.9
1445202000,4445.9,4462.25,4417.9,4460.45
1445288400,4460.45,4462.6,4420.95,4430.15
1445374800,4430.15,4462.75,4401.25,4411.55
1445461200,4411.55,4571.9,4408.35,4571.45
1445547600,4571.45,4643.95,4568.45,4617.45
1445806800,4617.45,4636,4598.8,4625.3
1445893200,4625.3,4657.8,4607.4,4647.4
1445979600,4647.4,4684.1,4606.9,4674
1446066000,4674,4676,4648.6,4671.1
1446152400,4671.1,4696.1,4641.8,4650.3
1446415200,4650.3,4704.9,4630.55,4693.9
1446501600,4693.9,4732.7,4682.5,4717.4
1446588000,4717.4,4735,4696.6,4714.1
1446674400,4714.1,4732.6,4678.8,4705.3
1446760800,4705.3,4713.6,4663.9,4707.6
1447020000,4707.6,4717.6,4626.6,4651.6
1447106400,4651.6,4666.8,4617,4646
1447192800,4646,4679,4629.7,4635.9
1447279200,4635.9,4657.2,4585.5,4587.6
1447365600,4587.6,4594.6,4489.9,4493.1
1447624800,4493.1,4569,4458.35,4565.5
1447711200,4565.5,4601.3,4555.5,4574.3
1447797600,4574.3,4660.4,4559.9,4654.7
1447884000,4654.7,4680.3,4650.2,4663.3
1447970400,4663.3,4694.6,4655.7,4693.3
1448229600,4693.3,4709.8,4656.8,4677.2
1448316000,4677.2,4687.4,4623,4667.9
1448402400,4667.9,4687.1,4662.2,4680.5
1448488800,4680.5,4705.75,4680.5,4696.6
1448575200,4696.6,4701.45,4667.3,4685.5
1448834400,4685.5,4702.5,4655.5,4681.9
1448920800,4681.9,4718.5,4678.7,4717.4
1449007200,4717.4,4741.4,4680.4,4699.2
1449093600,4699.2,4731.9,4580.7,4618.1
1449180000,4618.1,4724.6,4604.6,4716.4
1449439200,4716.4,4731,4671.8,4702
1449525600,4702,4710,4642.3,4693.4
1449612000,4693.4,4708.2,4594.4,4625.1
1449698400,4625.1,4675.3,4619.5,4647.1
1449784800,4647.1,4660.1,4529.35,4534.9
1450044000,4534.9,4580,4477.8,4572.3
1450130400,4572.3,4639.6,4567.4,4609.25
1450216800,4609.25,4676.3,4583.05,4657.9
1450303200,4657.9,4690.6,4571.4,4575
1450389600,4575,4594.8,4508.6,4516.5
1450648800,4516.5,4577.5,4516.5,4576.9
1450735200,4576.9,4600.5,4547.7,4595.7
1450821600,4595.7,4626.3,4589.3,4613.85
1450908000,4613.85,4635.9,4606.7,4616.9
1451253600,4616.9,4625.2,4577.3,4623
1451340000,4623,4703.4,4616.2,4696.3
1451426400,4696.3,4700.7,4649.2,4654.25
1451512800,4654.25,4660.3,4605,4625.9
1451858400,4599.6,4613.6,4434.75,4511.35
1451944800,4511.35,4528.15,4462.4,4485.8
1452031200,4485.8,4492.7,4391.05,4454.95
1452117600,4454.95,4463.5,4287.6,4296.2
1452204000,4296.2,4374.4,4260.5,4269.05
1452463200,4269.05,4308.6,4213.4,4274.95
1452549600,4274.95,4350.3,4241.3,4313.3
1452636000,4313.3,4369.2,4171.5,4182.05
1452722400,4182.05,4304.6,4128,4254.15
1452808800,4254.15,4272.9,4079.6,4149.75
1453068000,4149.75,4181.3,4111.4,4136.6
1453154400,4136.6,4219.7,4094.7,4145.3
1453240800,4145.3,4175.1,3987.2,4131.25
1453327200,4131.25,4195.7,4089.35,4133.45
1453413600,4133.45,4256.3,4122.35,4250.6
1453672800,4250.6,4263.15,4183.05,4192.6
1453759200,4192.6,4247.2,4136.6,4214.3
1453845600,4214.3,4221.9,4105.3,4145.65
1453932000,4145.65,4201.95,4110,4150.4
1454018400,4150.4,4274.1,4132.1,4273.25
1454277600,4273.25,4312.4,4231.4,4289.8
1454364000,4289.8,4289.8,4173.8,4190.9
1454450400,4190.9,4217.55,4093.4,4175.15
1454536800,4175.15,4208.6,4116.3,4151
1454623200,4151,4176.15,4003.8,4022.15
1454882400,4022.15,4047.95,3885.3,3965.7
1454968800,3965.7,4006.3,3899.7,3944.3
1455055200,3944.3,4043.2,3924.5,3965.05
1455141600,3965.05,3987.2,3864.5,3965.6
1455228000,3965.6,4019.7,3955.5,4017
1455487200,4017,4093.2,4017,4080.9
1455573600,4080.9,4106.5,4049.1,4093.2
1455660000,4093.2,4211.05,4070.3,4210.7
1455746400,4210.7,4229.2,4146.2,4161
1455832800,4161,4176.5,4121.9,4163.1
1456092000,4163.1,4235.5,4148.1,4209.65
1456178400,4209.65,4217.8,4155.9,4158.2
1456264800,4158.2,4219.3,4086.2,4219.3
1456351200,4219.3,4249.2,4171.9,4246.15
1456437600,4246.15,4294.4,4226.5,4228.8
1456696800,4228.8,4264.1,4185.7,4201.15
1456783200,4201.15,4339.9,4181.5,4338.5
1456869600,4338.5,4358.65,4300.3,4326.85
1456956000,4326.85,4345.6,4294.6,4325
1457042400,4325,4355.8,4298.8,4321.2
1457301600,4321.2,4330.6,4269.5,4303.25
1457388000,4303.25,4309.2,4252,4273.7
1457474400,4273.7,4299.4,4257.4,4295.2
1457560800,4295.2,4348.1,4230.1,4290.95
1457647200,4290.95,4361.5,4283.25,4357.05
1457902800,4357.05,4378.9,4340.7,4366.65
1457989200,4366.65,4371.5,4338.2,4366.85
1458075600,4366.85,4416.3,4349.4,4398.9
1458162000,4398.9,4421.7,4368.4,4407
1458248400,4407,4419.1,4384.6,4405.4
1458507600,4405.4,4429.5,4385.3,4424.7
1458594000,4424.7,4448.7,4392.1,4444.25
1458680400,4444.25,4449.3,4391.5,4402.5
1458766800,4402.5,4408.7,4373.2,4408.5
1459112400,4408.5,4433.4,4389.3,4397.9
1459198800,4397.9,4471.4,4381.5,4469.3
1459285200,4469.3,4517.9,4464.3,4489.7
1459371600,4489.7,4503,4470,4483.1
1459458000,4483.1,4536.9,4449.1,4536.4
1459717200,4536.4,4550.9,4502.6,4505.3
1459803600,4505.3,4507.9,4463.5,4483.2
1459890000,4483.2,4544.7,4474.5,4540.4
1459976400,4540.4,4546.3,4457.7,4475.2
1460062800,4475.2,4516.4,4458.4,4476.3
1460322000,4476.3,4516.2,4452.6,4453.9
1460408400,4453.9,4504,4433,4495.7
1460494800,4495.7,4560,4493.15,4555.1
1460581200,4555.1,4569.4,4537.2,4555
1460667600,4555,4560.6,4529.3,4544
1460926800,4544,4566.5,4507.1,4552.1
1461013200,4552.1,4590.2,4512.6,4534.9
1461099600,4534.9,4561.6,4514.9,4540.4
1461186000,4540.4,4557.2,4493.8,4504.3
1461272400,4504.3,4507,4436.5,4472.2
1461531600,4472.2,4484.5,4441.3,4479
1461618000,4479,4494.8,4413,4418
1461704400,4418,4438.2,4376.9,4438.2
1461790800,4438.2,4447,4351.1,4389.6
1461877200,4389.6,4396.1,4301.4,4341
1462136400,4341,4382.9,4322.4,4376.8
1462222800,4376.8,4378.15,4323.8,4340.6
1462309200,4340.6,4346,4296.2,4313.5
1462395600,4313.5,4346.6,4296.6,4302
1462482000,4302,4337.8,4275.1,4336.75
1462741200,4336.75,4360.3,4321.8,4339.55
1462827600,4339.55,4402.3,4327.3,4399.3
1462914000,4399.3,4406.1,4354.5,4355.7
1463000400,4355.7,4385.2,4309.1,4340
1463086800,4340,4363.6,4307.1,4325.8
1463346000,4325.8,4395.1,4308.4,4376.65
1463432400,4376.65,4396.5,4311,4324.8
1463518800,4324.8,4361.7,4304.2,4338.8
1463605200,4338.8,4343.6,4283.5,4320
1463691600,4320,4381.5,4316.9,4366.05
1463950800,4366.05,4383.6,4350.7,4354.8
1464037200,4354.8,4450.7,4343.9,4448.5
1464123600,4448.5,4491.3,4445.1,4480
1464210000,4480,4497.4,4465.8,4496.5
1464296400,4496.5,4515.4,4492.2,4515.2
1464555600,4515.2,4526.3,4515.1,4524.3
1464642000,4524.3,4530,4499,4525.1
1464728400,4525.1,4538.7,4504.4,4522.9
1464814800,4522.9,4534.3,4488.3,4532.65
1464901200,4532.65,4536,4480.2,4509.7
1465160400,4509.7,4537.6,4505.1,4527.2
1465246800,4527.2,4546.6,4512,4514.3
1465333200,4514.3,4531,4505,4519.4
1465419600,4519.4,4523.2,4494.3,4514
1465506000,4514,4514,4447.1,4466
1465765200,4466,4466,4419.8,4420.75
1465851600,4420.75,4440.55,4392.1,4423.05
1465938000,4423.05,4443.9,4403.4,4410.3
1466024400,4410.3,4428.1,4359.7,4422.1
1466110800,4422.1,4439.3,4360.4,4368.9
1466370000,4368.9,4443.6,4368.9,4414.8
1466456400,4414.8,4422.7,4395.3,4405.05
1466542800,4405.05,4440.9,4398.2,4402.2
1466629200,4402.2,4483.35,4402.2,4483.35
1466715600,4483.35,4500.8,4240.8,4268.9
1466974800,4268.9,4275.3,4175.1,4181.45
1467061200,4181.45,4291.4,4181.45,4288.7
1467147600,4288.7,4384.4,4275.3,4383.8
1467234000,4383.8,4416.9,4345.6,4408.3
1467320400,4408.3,4453.1,4393.3,4441.3
1467579600,4441.3,4458.5,4433.3,4446.7
1467666000,4446.7,4446.7,4384.5,4414.6
1467752400,4414.6,4446.4,4372.5,4441.9
1467838800,4441.9,4467.1,4433.5,4458.3
1467925200,4458.3,4529.4,4445.9,4523.3
1468184400,4523.3,4569.4,4522.05,4557.1
1468270800,4557.1,4587.9,4552.7,4576.1
1468357200,4576.1,4590.4,4564.9,4566.3
1468443600,4566.3,4614.1,4559.7,4595.8
1468530000,4595.8,4609.3,4548,4567.8
1468789200,4567.8,4627.6,4567.8,4613.8
1468875600,4613.8,4617.2,4594.1,4613.9
1468962000,4613.9,4665.1,4603.6,4662.2
1469048400,4662.2,4667.9,4632.9,4645.6
1469134800,4645.6,4670.4,4634.6,4663.9
1469394000,4663.9,4675.45,4649.6,4664.4
1469480400,4664.4,4694.1,4646.9,4692.4
1469566800,4692.4,4719.6,4683.05,4719.55
1469653200,4719.55,4737.8,4695.7,4737.4
1469739600,4737.4,4742.4,4715.2,4735.55
1469998800,4735.55,4766.4,4727.1,4752.6
1470085200,4752.6,4765.3,4687.9,4720.85
1470171600,4720.85,4734.4,4704.1,4732.6
1470258000,4732.6,4751.4,4720,4750.7
1470344400,4750.7,4800.2,4748.2,4786.7
1470603600,4786.7,4803.4,4768.7,4782.7
1470690000,4782.7,4810.2,4780.3,4795.7
1470776400,4795.7,4803,4770,4783.4
1470862800,4783.4,4813.5,4778.2,4803.75
1470949200,4803.75,4809,4789.7,4808.5
1471208400,4808.5,4837.8,4807.7,4826.8
1471294800,4826.8,4827,4799,4804.3
1471381200,4804.3,4812.2,4774.6,4810.4
1471467600,4810.4,4816.7,4795.3,4810.4
1471554000,4810.4,4818.2,4786.7,4809.95
1471813200,4809.95,4819.5,4791.2,4814.8
1471899600,4814.8,4838.2,4809.4,4821.1
1471986000,4821.1,4825,4771.9,4786.4
1472072400,4786.4,4794.9,4769.4,4784.3
1472158800,4784.3,4818.2,4758.4,4785.05
1472418000,4785.05,4806.3,4775.1,4796.3
1472504400,4796.3,4799.2,4760.7,4778.9
1472590800,4778.9,4779.55,4752.2,4772.8
1472677200,4772.8,4795.7,4750.2,4776.4
1472763600,4776.4,4818.2,4774.8,4799.2
1473022800,4799.2,4806.4,4782.1,4792.5
1473109200,4792.5,4831.4,4789.4,4830.9
1473195600,4830.9,4839.7,4812.7,4828.9
1473282000,4828.9,4837,4789.7,4797.1
1473368400,4797.1,4798,4666.1,4668.5
1473627600,4668.5,4772.2,4629.35,4766.7
1473714000,4766.7,4766.7,4699.5,4733.35
1473800400,4733.35,4770.5,4723.4,4735.5
1473886800,4735.5,4826.2,4719.2,4814.1
1473973200,4814.1,4822.2,4791.4,4818.7
1474232400,4818.7,4844.4,4785.3,4799.1
1474318800,4799.1,4823.4,4792.7,4801.7
1474405200,4801.7,4857.2,4791.2,4853.4
1474491600,4853.4,4894.9,4845.6,4891.4
1474578000,4891.4,4892.6,4851.3,4859.4
1474837200,4859.4,4862.4,4810.2,4817
1474923600,4817,4867.4,4803.9,4862.6
1475010000,4862.6,4876.1,4847.7,4871.5
1475096400,4871.5,4879.1,4815.5,4844.4
1475182800,4844.4,4888.1,4814.8,4866.3
1475442000,4866.3,4882,4845.7,4871.4
1475528400,4871.4,4890.6,4838.8,4857.7
1475614800,4857.7,4890.7,4851.7,4879.2
1475701200,4879.2,4883.1,4847.9,4873.2
1475787600,4873.2,4885.7,4836.9,4861.65
1476046800,4861.65,4903.7,4861.65,4895.1
1476133200,4895.1,4899.4,4800.4,4827.5
1476219600,4827.5,4842.4,4802.7,4810.1
1476306000,4810.1,4815,4756.9,4798
1476392400,4798,4843.2,4788.5,4804.75
1476651600,4804.75,4812.7,4783.5,4805.5
1476738000,4805.5,4858.9,4802.1,4828.4
1476824400,4828.4,4842.5,4813.2,4832.5
1476910800,4832.5,4849.4,4801.2,4846.7
1476997200,4846.7,4851.1,4816.9,4847.75
1477256400,4847.75,4910.8,4845,4910.5
1477342800,4910.5,4921.7,4876,4880.4
1477429200,4880.4,4883.9,4841.9,4855.9
1477515600,4855.9,4882.7,4806.7,4825.85
1477602000,4825.85,4845.6,4788.9,4807.4
1477861200,4807.4,4832.2,4791.15,4805.9
1477947600,4805.9,4819.2,4720.9,4757.7
1478034000,4757.7,4770.4,4710.6,4722.4
1478120400,4722.4,4731.5,4670.95,4673.4
1478206800,4673.4,4696.9,4653.3,4662.35
1478469600,4662.35,4783.1,4662.35,4782.4
1478556000,4782.4,4823.9,4754.6,4803.4
1478642400,4803.4,4839.1,4559.55,4822.2
1478728800,4822.2,4881,4680.9,4741.1
1478815200,4741.1,4759.1,4683.5,4743.75
1479074400,4743.75,4785.8,4674.3,4695.6
1479160800,4695.6,4780.3,4689.3,4767.1
1479247200,4767.1,4795.8,4737.5,4784.35
1479333600,4784.35,4831.8,4779.4,4831.5
1479420000,4831.5,4841.1,4803.7,4811.2
1479679200,4811.2,4862.6,4804.3,4858.6
1479765600,4858.6,4885.4,4857.8,4879
1479852000,4879,4883.2,4831.2,4851.4
1479938400,4851.4,4863.3,4840.2,4863.05
1480024800,4863.05,4870.5,4852.8,4869.9
1480284000,4869.9,4879.6,4842.8,4858.9
1480370400,4858.9,4897.6,4847.7,4874.45
1480456800,4874.45,4885.6,4812.8,4818.8
1480543200,4818.8,4827.3,4722.9,4735.3
1480629600,4735.3,4758.9,4707.4,4733.8
1480888800,4733.8,4795.7,4701.6,4782.6
1480975200,4782.6,4796.4,4767.9,4789.85
1481061600,4789.85,4854.9,4763.6,4844.6
1481148000,4844.6,4869.2,4836.3,4862.6
1481234400,4862.6,4897.3,4852.7,4894.65
1481493600,4894.65,4916.8,4852.4,4867.15
1481580000,4867.15,4963.1,4861.3,4941.8
1481666400,4941.8,4958.7,4912.4,4933.5
1481752800,4933.5,4963,4919.7,4940.3
1481839200,4940.3,4953.1,4905.8,4916.5
1482098400,4916.5,4967.5,4913.8,4942.1
1482184800,4942.1,4964.8,4940.1,4958.1
1482271200,4958.1,4961.3,4940.7,4947.9
1482357600,4947.9,4954.3,4918.6,4935.5
1482444000,4935.5,4944.3,4924.3,4944.3
1482789600,4944.3,4995.5,4941.7,4961.45
1482876000,4961.45,4980.7,4921.8,4924.4
1482962400,4924.4,4934.7,4902.7,4921.2
1483048800,4921.2,4941.4,4850.3,4865.3
1483394400,4865.3,4927.2,4865.3,4906.15
1483480800,4906.15,4942.4,4902.9,4933.4
1483567200,4933.4,4964.1,4920.4,4962.8
1483653600,4962.8,5017.4,4952.7,5005
1483912800,5005,5029.6,5002.6,5020.8
1483999200,5020.8,5046.9,5007.4,5033.3
1484085600,5033.3,5048.3,5007.7,5047.7
1484172000,5047.7,5047.7,4990.4,5037.6
1484258400,5037.6,5063.1,5036.2,5060.7
1484517600,5060.7,5060.7,5044.2,5050.55
1484604000,5050.55,5053.4,5025.1,5040.6
1484690400,5040.6,5057.3,5034.1,5054.4
1484776800,5054.4,5074.6,5036.4,5055.2
1484863200,5055.2,5082.6,5044.9,5060.7
1485122400,5060.7,5069.6,5030.4,5064.3
1485208800,5064.3,5104.6,5060.1,5101.7
1485295200,5101.7,5150.4,5100.7,5150.4
1485381600,5150.4,5169.4,5142.9,5147.1
1485468000,5147.1,5168.6,5140.4,5166.3
1485727200,5166.3,5166.3,5095.7,5125.8
1485813600,5125.8,5134.8,5084.4,5133.9
1485900000,5133.9,5159.2,5123.9,5150.6
1485986400,5150.6,5158.6,5120.8,5131.15
1486072800,5131.15,5163.3,5120.9,5158.65
1486332000,5158.65,5164.4,5141.4,5159.9
1486418400,5159.9,5192.6,5155.4,5176.4
1486504800,5176.4,5197.4,5164.4,5190.9
1486591200,5190.9,5219.9,5187.1,5212.5
1486677600,5212.5,5233.1,5210.5,5228.1
1486936800,5228.1,5262.3,5227.6,5261.5
1487023200,5261.5,5278.6,5240.3,5275.1
1487109600,5275.1,5314.1,5266.1,5313.5
1487196000,5313.5,5317.2,5288.8,5301.4
1487282400,5301.4,5328.8,5287.4,5328.5
1487541600,5328.5,5345.9,5321,5341.1
1487628000,5341.1,5353.6,5331.6,5344.8
1487714400,5344.8,5355.3,5336.4,5353.5
1487800800,5353.5,5361.1,5310.9,5331.4
1487887200,5331.4,5344.4,5299.1,5342.8
1488146400,5342.8,5352.3,5323.6,5343.6
1488232800,5343.6,5349.9,5317.2,5335.7
1488319200,5335.7,5399.8,5331.9,5386.1
1488405600,5386.1,5393.8,5356.2,5361.7
1488492000,5361.7,5373.4,5344.3,5372.7
1488751200,5372.7,5372.7,5339.2,5354.1
1488837600,5354.1,5374.2,5341.4,5350.4
1488924000,5350.4,5377.1,5333.9,5363.3
1489010400,5363.3,5371.9,5335.4,5370.3
1489096800,5370.3,5395.1,5362.9,5382.6
1489352400,5382.6,5396.5,5371.7,5396.05
1489438800,5396.05,5396.6,5359.9,5380.9
1489525200,5380.9,5427.3,5376.1,5412.8
1489611600,5412.8,5435.3,5398.1,5412
1489698000,5412,5420.8,5402.4,5404.7
1489957200,5404.7,5423.6,5391.7,5412.8
1490043600,5412.8,5436.7,5325.9,5331.2
1490130000,5331.2,5371.9,5310.9,5360.9
1490216400,5360.9,5374.1,5343.2,5352.1
1490302800,5352.1,5390.7,5343.2,5368.6
1490562000,5368.6,5381.4,5313.2,5378.5
1490648400,5378.5,5420.4,5359.4,5404
1490734800,5404,5433.1,5400.8,5432.1
1490821200,5432.1,5446.6,5422.5,5436.5
1490907600,5436.5,5448.5,5417.1,5432.05
1491166800,5432.05,5450.8,5399.3,5427.6
1491253200,5427.6,5451.8,5402.7,5451.5
1491339600,5451.5,5485.2,5413,5416.8
1491426000,5416.8,5436.1,5394.8,5424.5
1491512400,5424.5,5434.9,5381.8,5419.6
1491771600,5419.6,5442.6,5404.9,5425.4
1491858000,5425.4,5428.1,5357.1,5403.1
1491944400,5403.1,5411.9,5368.4,5369
1492030800,5369,5398.4,5347.4,5356.2
1492376400,5356.2,5398.4,5346.9,5396.5
1492462800,5396.5,5404.4,5374.6,5390.4
1492549200,5390.4,5429.6,5387.9,5393.4
1492635600,5393.4,5453.8,5393.4,5442.9
1492722000,5442.9,5453.6,5426.6,5435.5
1492981200,5435.5,5511.7,5435.5,5502.15
1493067600,5502.15,5556.1,5498.1,5546.7
1493154000,5546.7,5561.2,5534.4,5534.55
1493240400,5534.55,5597.8,5533.6,5586.2
1493326800,5586.2,5596.6,5570.6,5580.2
1493586000,5580.2,5636.4,5572.7,5631.2
1493672400,5631.2,5640.6,5621.6,5622.6
1493758800,5622.6,5629.9,5605.1,5608.2
1493845200,5608.2,5634.1,5603.9,5627.7
1493931600,5627.7,5649.3,5612.4,5649.1
1494190800,5649.1,5660.4,5634.6,5655.4
1494277200,5655.4,5687.6,5650.7,5680.7
1494363600,5680.7,5680.7,5658.1,5675.3
1494450000,5675.3,5675.7,5636.3,5670.7
1494536400,5670.7,5689.4,5656.7,5689.1
1494795600,5689.1,5706.6,5682.6,5705.2
1494882000,5705.2,5727.4,5696.3,5724.1
1494968400,5724.1,5724.1,5574.7,5575.3
1495054800,5575.3,5648.4,5550.6,5633.3
1495141200,5633.3,5676.6,5622.4,5654.9
1495400400,5654.9,5704,5648.8,5703.7
1495486800,5703.7,5718.3,5688.7,5710.4
1495573200,5710.4,5734.4,5705.2,5733.1
1495659600,5733.1,5795.5,5731.4,5783.9
1495746000,5783.9,5795.9,5772.7,5795.3
1496005200,5795.3,5803,5792.1,5795.45
1496091600,5795.45,5802.8,5778.4,5794.3
1496178000,5794.3,5819.2,5763.6,5804.2
1496264400,5804.2,5823.7,5780.5,5823
1496350800,5823,5886.6,5822.2,5885.4
1496610000,5885.4,5891.1,5872.6,5881.6
1496696400,5881.6,5892.9,5848.8,5862.9
1496782800,5862.9,5884.6,5845.9,5880
1496869200,5880,5897.8,5853.4,5891.7
1496955600,5891.7,5898.6,5660.3,5737.65
1497214800,5737.65,5742.2,5634.9,5714.4
1497301200,5714.4,5760.4,5707.2,5753.9
1497387600,5753.9,5780.6,5679.1,5721.8
1497474000,5721.8,5724.3,5633.9,5703.4
1497560400,5703.4,5719.9,5653.4,5684
1497819600,5684,5775.1,5675.9,5762.75
1497906000,5762.75,5776.4,5721.4,5724.4
1497992400,5724.4,5788.9,5691.4,5788.5
1498078800,5788.5,5806.8,5763.4,5777.8
1498165200,5777.8,5807.9,5755.6,5798.1
1498424400,5798.1,5844.4,5760.6,5771.3
1498510800,5771.3,5776.4,5661.5,5666.1
1498597200,5666.1,5759.9,5624.6,5759.8
1498683600,5759.8,5768.1,5593.6,5642.5
1498770000,5642.5,5679.1,5616.1,5649.55
1499029200,5648.8,5683.1,5574.5,5582.3
1499115600,5582.3,5611.4,5553.5,5572.3
1499202000,5572.3,5660.5,5560.1,5645.15
1499288400,5645.15,5645.15,5573.1,5590.1
1499374800,5590.1,5670.1,5584.6,5650.15
1499634000,5650.15,5704.9,5643.6,5686.85
1499720400,5686.85,5715.9,5660.9,5713.85
1499806800,5713.85,5783.2,5706.4,5782
1499893200,5782,5805.4,5771.1,5792.8
1499979600,5792.8,5841.1,5781.4,5840.4
1500238800,5840.4,5857.1,5824.9,5852.6
1500325200,5852.6,5892.1,5813.9,5890.6
1500411600,5890.6,5918.4,5882.6,5913.1
1500498000,5913.1,5931.9,5890.6,5924.55
1500584400,5924.55,5924.6,5884.2,5916
1500843600,5916,5948.1,5898.4,5920.1
1500930000,5920.1,5939.6,5909.4,5926.3
1501016400,5926.3,5951.3,5920.5,5947.4
1501102800,5947.4,5989.4,5838.4,5898.4
1501189200,5898.4,5912,5843.6,5907.1
1501448400,5907.1,5927.3,5864.4,5878.1
1501534800,5878.1,5925.1,5869.6,5924.4
1501621200,5924.4,5941.4,5850.4,5908.1
1501707600,5908.1,5918.4,5871.9,5883.35
1501794000,5883.35,5906.5,5868.6,5891.65
1502053200,5891.65,5932.1,5891.65,5931.3
1502139600,5931.3,5967.4,5902.1,5909.3
1502226000,5909.3,5919.4,5856.9,5918.5
1502312400,5918.5,5918.5,5762.8,5768.55
1502398800,5768.55,5841,5756.3,5833.1
1502658000,5833.1,5913.3,5833.1,5911.3
1502744400,5911.3,5940.8,5892.9,5910.7
1502830800,5910.7,5947.3,5899.7,5917.3
1502917200,5917.3,5921.7,5785.4,5790.7
1503003600,5790.7,5833.9,5771.4,5796.6
1503262800,5796.6,5815.4,5751.3,5794.85
1503349200,5794.85,5881,5793.3,5878.9
1503435600,5878.9,5883,5840.5,5842.3
1503522000,5842.3,5873.1,5802.6,5844.9
1503608400,5844.9,5872.9,5815.6,5824
1503867600,5824,5855.1,5800.4,5846.05
1503954000,5846.05,5874.9,5776.4,5870.1
1504040400,5870.1,5943.4,5862.4,5934.6
1504126800,5934.6,5997.3,5932.3,5995.4
1504213200,5995.4,6019.3,5972.9,5987.05
1504472400,5987.05,5987.05,5945.9,5978.05
1504558800,5978.05,5984.4,5889.2,5942.4
1504645200,5942.4,5965.2,5908.9,5952.2
1504731600,5952.2,5981.3,5932,5970
1504818000,5970,5971.9,5907.5,5917.9
1505077200,5917.9,5991.6,5917.9,5985.1
1505163600,5985.1,6004,5967.5,6000.8
1505250000,6000.8,6004.9,5976.7,6003.4
1505336400,6003.4,6003.4,5961.9,5964.2
1505422800,5964.2,6008.6,5937,5990.8
1505682000,5990.8,6011.1,5960.4,5981.85
1505768400,5981.85,5997.4,5968.1,5986.7
1505854800,5986.7,5993.4,5923.6,5970.5
1505941200,5970.5,5973.2,5912.2,5937.8
1506027600,5937.8,5938.3,5904.3,5928.7
1506286800,5928.7,5947.1,5835.1,5871.8
1506373200,5871.8,5905.6,5855.7,5882.4
1506459600,5882.4,5955.9,5879.4,5930.7
1506546000,5930.7,5941.4,5904.4,5933.6
1506632400,5933.6,5978.9,5926.6,5973.6
1506891600,5973.6,6003.1,5951.9,5979.1
1506978000,5979.1,5998.1,5972.2,5991.8
1507064400,5991.8,6008.9,5973.1,5998.4
1507150800,5998.4,6061.9,5994.4,6057.1
1507237200,6057.1,6065.3,6031.6,6059.95
1507496400,6059.95,6077.9,6048.9,6056.5
1507582800,6056.5,6082.4,6033.3,6059.6
1507669200,6059.6,6080.1,6047.4,6076.7
1507755600,6076.7,6090.7,6060.4,6068.6
1507842000,6068.6,6097.9,6062.6,6093.9
1508101200,6093.9,6115.4,6091.9,6114.8
1508187600,6114.8,6119.4,6099.1,6116.6
1508274000,6116.6,6126.6,6102.4,6113.5
1508360400,6113.5,6115.9,6045.2,6092.2
1508446800,6092.2,6123.6,6084.7,6103.9
1508706000,6103.9,6119,6054.9,6058.7
1508792400,6058.7,6086.4,6050.9,6067.4
1508878800,6067.4,6081.4,6005.3,6059.3
1508965200,6059.3,6090.1,6029.2,6083.6
1509051600,6083.6,6220,6072.9,6208.9
1509310800,6208.9,6245.7,6196.7,6215.6
1509397200,6215.6,6253.1,6213.9,6246.1
1509483600,6246.1,6278.8,6218.1,6230.4
1509570000,6230.4,6257,6187.2,6254.1
1509656400,6254.1,6291.1,6230.4,6283.55
1509919200,6283.55,6311.9,6262.7,6307.6
1510005600,6307.6,6325.8,6290.9,6309.7
1510092000,6309.7,6340.6,6296,6335.9
1510178400,6335.9,6346.3,6239.9,6308.2
1510264800,6308.2,6315.8,6276.3,6302.4
1510524000,6302.4,6321.3,6277.5,6308.5
1510610400,6308.5,6314.5,6260,6291.2
1510696800,6291.2,6291.6,6227.6,6261.4
1510783200,6261.4,6356.6,6258.1,6344.8
1510869600,6344.8,6349.9,6307.1,6308.6
1511128800,6308.6,6327.4,6290.1,6315.5
1511215200,6315.5,6383.7,6309.6,6377.6
1511301600,6377.6,6393.4,6373.7,6386.1
1511388000,6386.1,6396.2,6374.2,6383.4
1511474400,6383.4,6414.2,6378.2,6411.2
1511733600,6411.75,6422.8,6393.3,6412.5
1511820000,6412.5,6428.2,6387.8,6422.4
1511906400,6422.4,6427.3,6282,6303.8
1511992800,6303.8,6376.1,6287.9,6353.7
1512079200,6353.7,6367.8,6245.2,6343.45
1512338400,6343.45,6390,6249.6,6260.1
1512424800,6260.1,6338.5,6230.8,6267.2
1512511200,6267.2,6306.2,6231.3,6299.6
1512597600,6299.6,6335.1,6287.9,6323.9
1512684000,6323.9,6378.6,6320.1,6343.1
1512943200,6343.1,6409.7,6341.2,6405.1
1513029600,6405.1,6407.9,6372.1,6385.3
1513116000,6385.3,6419.6,6365.3,6400.4
1513202400,6400.4,6425.6,6384.6,6384.7
1513288800,6384.7,6484.8,6382.9,6482.15
1513548000,6482.15,6523.9,6480.8,6517.1
1513634400,6517.1,6527.6,6461.8,6485.6
1513720800,6485.6,6510.8,6445.4,6466.9
1513807200,6466.9,6502.6,6458.2,6471.8
1513893600,6471.8,6483.5,6449.6,6465.7
1514239200,6465.7,6473.9,6414.4,6442.6
1514325600,6442.6,6457.4,6424.1,6435.45
1514412000,6435.45,6459.4,6424.4,6426.4
1514498400,6426.4,6449.6,6365.6,6367.4
1514844000,6367.4,6505.1,6367.4,6497.85
1514930400,6497.85,6575,6493.7,6566.3
1515016800,6566.3,6601.2,6564.2,6590.2
1515103200,6590.2,6653.1,6583.9,6650.1
1515362400,6650.1,6674.5,6637.4,6673
1515448800,6673,6691.2,6651.3,6663.9
1515535200,6663.9,6670.7,6612.2,6660.6
1515621600,6660.6,6713.6,6648.3,6709.4
1515708000,6709.4,6762.4,6688.2,6757.65
1515967200,6757.65,6783.3,6757.65,6765.35
1516053600,6765.35,6830.6,6714.2,6747.8
1516140000,6747.8,6819.4,6729.9,6805.4
1516226400,6805.4,6823,6781,6801.5
1516312800,6801.5,6841.4,6786.7,6834.8
1516572000,6834.8,6926.3,6809.3,6918.6
1516658400,6918.6,6966.2,6905.1,6944.65
1516744800,6944.65,6988.8,6873.6,6920.2
1516831200,6920.2,6972.4,6887.2,6923.3
1516917600,6923.3,7019.4,6919.4,7015.95
1517176800,7015.95,7032.1,6965.2,6979.8
1517263200,6979.8,6991.4,6887.8,6925.3
1517349600,6925.3,6976.8,6907.8,6917.2
1517436000,6917.2,6973.8,6870.6,6924.55
1517522400,6924.55,6949.2,6738.4,6739.05
1517781600,6739.05,6799.6,6375.3,6440.7
1517868000,6440.7,6664.2,6246.8,6623.95
1517954400,6623.95,6705.8,6520.2,6536.95
1518040800,6536.95,6606.3,6289.2,6317.15
1518127200,6317.15,6444.4,6153.4,6414.9
1518386400,6414.9,6558.8,6403.3,6518.6
1518472800,6518.6,6562.2,6462.3,6551.85
1518559200,6551.85,6685.1,6446.5,6673.2
1518645600,6673.2,6822,6664.4,6813.6
1518732000,6813.6,6854,6759.2,6778.95
1518991200,6778.95,6816.2,6755.4,6777.65
1519077600,6777.65,6840.6,6720.4,6789.8
1519164000,6789.8,6882.6,6738.7,6749.75
1519250400,6749.75,6829,6692.8,6793.75
1519336800,6793.75,6910.9,6780.2,6900.5
1519596000,6900.5,7005,6887.7,7001.5
1519682400,7001.5,7006.5,6901.8,6910.25
1519768800,6910.25,6968.8,6856.4,6879.85
1519855200,6879.85,6897,6687.8,6764.3
1519941600,6764.3,6822.6,6645.4,6807.85
1520200800,6807.85,6903.6,6741.6,6879.65
1520287200,6879.65,6938.6,6871.2,6908.4
1520373600,6908.4,6936.2,6797.6,6920.3
1520460000,6920.3,6976.4,6912.9,6972.2
1520546400,6972.2,7103.3,6962.4,7097
1520802000,7097,7158.6,7093.7,7134.65
1520888400,7134.65,7188,7025.4,7046.35
1520974800,7046.35,7097.5,7011.8,7033.4
1521061200,7033.4,7075.2,7002.3,7050.75
1521147600,7050.75,7059.6,7008.2,7020.35
1521406800,7020.35,7020.35,6796.2,6889.8
1521493200,6889.8,6902.8,6838.2,6892.5
1521579600,6892.5,6925.8,6817.6,6858.2
1521666000,6858.2,6890.9,6662.1,6670.4
1521752400,6670.4,6697.2,6495.3,6524.55
1522011600,6524.55,6755.8,6501.1,6753.9
1522098000,6753.9,6826.2,6467,6526.65
1522184400,6526.65,6559,6398,6466.05
1522270800,6466.05,6630.2,6420.8,6546.85
1522616400,6546.85,6564.6,6303.8,6390.3
1522702800,6390.3,6473.4,6328.4,6448.25
1522789200,6448.25,6569.6,6283.7,6559.8
1522875600,6559.8,6632.2,6539.4,6586.7
1522962000,6586.7,6591.1,6388.9,6436.2
1523221200,6436.2,6598,6436.2,6473.2
1523307600,6473.2,6631.6,6451.8,6604.7
1523394000,6604.7,6643.4,6531.2,6574.8
1523480400,6574.8,6673.8,6569.9,6656.35
1523566800,6656.35,6692.8,6586.4,6622.5
1523826000,6622.5,6701.6,6619.4,6686.3
1523912400,6686.3,6824.6,6678.6,6806.2
1523998800,6806.2,6847.2,6777,6826.8
1524085200,6826.8,6846.3,6735.4,6758.3
1524171600,6758.3,6770,6626.6,6655.8
1524430800,6655.8,6707.8,6596.8,6642.1
1524517200,6642.1,6697.6,6447.4,6507.3
1524603600,6507.3,6556.1,6409.4,6551.8
1524690000,6551.8,6728.8,6539.5,6722.9
1524776400,6722.9,6752.1,6602.8,6651.6
1525035600,6651.6,6697.8,6575.6,6583.8
1525122000,6583.8,6719.7,6558.8,6695.9
1525208400,6695.9,6709.3,6606.4,6609.6
1525294800,6609.6,6650.8,6519,6648.2
1525381200,6648.2,6769.4,6591.6,6759.2
1525640400,6759.2,6832.2,6753.8,6799.6
1525726800,6799.6,6818.4,6753.2,6804.6
1525813200,6804.6,6884.1,6791.4,6880.2
1525899600,6880.2,6955.2,6871.8,6937.1
1525986000,6937.1,6963.4,6913.6,6943.2
1526245200,6943.2,6998.6,6940.6,6953.6
1526331600,6953.6,6961.6,6841.4,6878.2
1526418000,6878.2,6943.2,6862.5,6924.8
1526504400,6924.8,6953.4,6866.6,6897.4
1526590800,6897.4,6927.3,6855.6,6867.3
1526850000,6867.3,6950.4,6867.3,6908.8
1526936400,6908.8,6948.4,6883.8,6901.4
1527022800,6901.4,6956.1,6823.4,6951.6
1527109200,6951.6,6968.3,6879.8,6951.8
1527195600,6951.8,6999.1,6940.2,6963.4
1527454800,6963.4,7004.4,6963.4,6990.2
1527541200,6990.2,6992,6887.8,6945.3
1527627600,6945.3,6993.2,6915.9,6982
1527714000,6982,7022.6,6957.2,6979.1
1527800400,6979.1,7089.4,6976.3,7084.4
1528059600,7084.4,7150.4,7071.7,7148
1528146000,7148,7186.2,7136.3,7183.7
1528232400,7183.7,7221.2,7141.2,7217.6
1528318800,7217.6,7233.1,7115.8,7161.1
1528405200,7161.1,7163,7076.9,7149.8
1528664400,7149.8,7188.8,7127.7,7164.9
1528750800,7164.9,7218.3,7155.4,7216.8
1528837200,7216.8,7263.2,7192.6,7206.4
1528923600,7206.4,7294.8,7178.2,7285.7
1529010000,7285.7,7292.3,7219.2,7251.8
1529269200,7251.8,7263.1,7182.8,7249
1529355600,7249,7252.4,7132,7229.8
1529442000,7229.8,7310.2,7201,7288.3
1529528400,7288.3,7332,7201.4,7204
1529614800,7204,7249.1,7173.4,7193.9
1529874000,7193.9,7197.6,6970.6,7043.6
1529960400,7043.6,7105,7015.5,7065
1530046800,7065,7126.6,6963.3,6973.2
1530133200,6973.2,7052,6931,7034.6
1530219600,7034.6,7099.4,7021.4,7043.4
1530478800,7043.4,7095.4,6963.4,7093.2
1530565200,7093.2,7140.8,6999.6,7000
1530651600,7000,7029.8,6992.6,7019.4
1530738000,7019.4,7104.6,6994.3,7102.7
1530824400,7102.7,7216.6,7078.3,7210
1531083600,7210,7282.3,7210,7281.5
1531170000,7281.5,7314.2,7238.5,7250.6
1531256400,7250.6,7268.8,7183.5,7235.8
1531342800,7235.8,7365.8,7228.4,7362.2
1531429200,7362.2,7393,7346.2,7375.7
1531688400,7375.7,7392.4,7294.9,7299.7
1531774800,7299.7,7414.8,7271.7,7403.4
1531861200,7403.4,7416.6,7360.8,7378.2
1531947600,7378.2,7395.1,7333.9,7347.2
1532034000,7347.2,7392.6,7329.9,7344.7
1532293200,7344.7,7411.6,7290.6,7401
1532379600,7401,7468.8,7365.6,7389.3
1532466000,7389.3,7508.6,7376.1,7460.8
1532552400,7460.8,7460.8,7340.5,7404
1532638800,7404,7446.6,7243.4,7280.6
1532898000,7280.6,7289.3,7146.8,7187.4
1532984400,7187.4,7277.8,7169.3,7274
1533070800,7274,7283.8,7221.2,7265.7
1533157200,7265.7,7374.4,7194.2,7372.8
1533243600,7372.8,7394.9,7342.4,7386
1533502800,7386,7429.6,7367.6,7424.8
1533589200,7424.8,7468.6,7420.3,7461.4
1533675600,7461.4,7478.6,7425.6,7445.8
1533762000,7445.8,7488.4,7441.9,7453.9
1533848400,7453.9,7455.4,7373.6,7415.6
1534107600,7415.6,7466.8,7362,7406.2
1534194000,7406.2,7453.4,7386.2,7450.6
1534280400,7450.6,7453.8,7308.1,7372
1534366800,7372,7426.6,7354.4,7374.8
1534453200,7374.8,7399.4,7314.4,7382.8
1534712400,7382.8,7413.4,7347.6,7378.3
1534798800,7378.3,7448.4,7365,7374.2
1534885200,7374.2,7441,7348.1,7429.4
1534971600,7429.4,7471.4,7408,7420.4
1535058000,7420.4,7496,7419.2,7492.6
1535317200,7492.6,7565.5,7492.6,7564.1
1535403600,7564.1,7593.8,7561,7578.2
1535490000,7578.2,7672.2,7578,7669.2
1535576400,7669.2,7695,7624.2,7641.9
1535662800,7641.9,7680.2,7631.2,7671.2
1535922000,7671.2,7684.8,7656.5,7680.2
1536008400,7680.2,7691.2,7584.8,7641.9
1536094800,7641.9,7641.9,7501.8,7535
1536181200,7535,7543,7406.4,7454.6
1536267600,7454.6,7494,7393.1,7433.2
1536526800,7433.2,7483.1,7413.6,7460.1
1536613200,7460.1,7524.2,7404.2,7513.9
1536699600,7513.9,7540.5,7424.4,7482.8
1536786000,7482.8,7582.6,7470.1,7565.4
1536872400,7565.4,7598.6,7515.4,7544.8
1537131600,7544.8,7547,7429.6,7435.4
1537218000,7435.4,7535,7393.8,7500.6
1537304400,7500.6,7519,7444,7501.2
1537390800,7501.2,7589.6,7486.9,7587.6
1537477200,7587.6,7610.3,7520.8,7520.8
1537736400,7520.8,7566.9,7446.8,7564.8
1537822800,7564.8,7576.3,7523.6,7571.3
1537909200,7571.3,7640.8,7550.4,7562.9
1537995600,7562.9,7659.4,7559.3,7637.2
1538082000,7637.2,7649.6,7590.1,7641
1538341200,7641,7701.6,7625,7646
1538427600,7646,7685.8,7603.4,7630.3
1538514000,7630.3,7677.6,7614.7,7623.4
1538600400,7623.4,7623.4,7430.6,7497.8
1538686800,7497.8,7513.8,7321.2,7412.2
1538946000,7412.2,7426.4,7260.6,7365.7
1539032400,7365.7,7431.4,7311.1,7371.2
1539118800,7371.2,7387.9,6976.1,6980.2
1539205200,6980.2,7113.6,6884.2,7028
1539291600,7028,7174.4,7010.4,7160.7
1539550800,7160.7,7160.7,7037.8,7048.9
1539637200,7048.9,7332.3,7041.1,7317.1
1539723600,7317.1,7345.4,7198.6,7291.4
1539810000,7291.4,7291.4,7071.6,7131.9
1539896400,7131.9,7221,7070.4,7082.1
1540155600,7082.1,7187.4,7034.1,7134.9
1540242000,7134.9,7140.6,6921.2,7114.3
1540328400,7114.3,7151.4,6763,6851.5
1540414800,6851.5,7052.6,6794.3,6865.2
1540501200,6865.2,6963.4,6711.8,6846.4
1540760400,6846.4,6968.6,6557.6,6699
1540846800,6699,6826.1,6638,6819.4
1540933200,6819.4,7017.2,6793.9,6935.8
1541019600,6935.8,7057.6,6914.6,6998.2
1541106000,6998.2,7121.3,6889.8,6954.1
1541368800,6954.1,6976.5,6843.2,6926.7
1541455200,6926.7,7012.6,6884.9,6994.4
1541541600,6994.4,7204.6,6949.8,7199.7
1541628000,7199.7,7211,7112.4,7136.5
1541714400,7136.5,7146.3,6971.2,7011.6
1541973600,7011.6,7085.6,6811,6826.2
1542060000,6826.2,6946.6,6786.3,6843
1542146400,6843,6916.4,6733.4,6768.3
1542232800,6768.3,6909.6,6701.2,6872.9
1542319200,6872.9,6905.8,6795.3,6888.7
1542578400,6888.7,6926.2,6624.6,6666.1
1542664800,6666.1,6666.1,6441.6,6517.4
1542751200,6517.4,6639.6,6501,6569.4
1542837600,6569.4,6589.8,6499.4,6514.2
1542924000,6514.2,6593.8,6487.7,6523.4
1543183200,6523.4,6689.3,6523.1,6634.1
1543269600,6634.1,6716,6606.4,6712.7
1543356000,6712.7,6916.3,6702.4,6909.4
1543442400,6909.4,6937,6836.8,6900.2
1543528800,6900.2,6961.1,6865.2,6959.8
1543788000,6959.8,7132.8,6959.8,7051.4
1543874400,7051.4,7051.4,6777.3,6795.4
1543960800,6795.4,6855.6,6786,6844
1544047200,6844,6850.1,6625.5,6838.6
1544133600,6838.6,6852.4,6592,6628.4
1544392800,6628.4,6712.8,6533.8,6692.9
1544479200,6692.9,6807.1,6649.4,6681
1544565600,6681,6870.4,6681,6758.9
1544652000,6758.9,6836.8,6721.8,6745.4
1544738400,6745.4,6759.2,6584,6584
1544997600,6584,6635.2,6401.2,6471.2
1545084000,6471.2,6555.6,6436.1,6443.9
1545170400,6443.9,6589.6,6281.1,6327.3
1545256800,6327.3,6385.6,6161.8,6303.4
1545343200,6303.4,6318,6010.2,6060.4
1545602400,6060.4,6103.2,5869,5871.6
1545775200,5871.6,6288.8,5802.4,6256.7
1545861600,6256.7,6312.7,6034.2,6290.2
1545948000,6290.2,6382.6,6223.8,6275.5
1546207200,6275.5,6356.4,6263.2,6332.1
1546380000,6332.1,6389.6,6134.2,6246.9
1546466400,6246.9,6285.2,6130.1,6151.9
1546552800,6151.9,6445,6118.2,6414.7
1546812000,6414.7,6518.6,6386.1,6486.9
1546898400,6486.9,6569,6450.4,6537.6
1546984800,6537.6,6627.8,6530.4,6585.4
1547071200,6585.4,6624.4,6510.6,6610.7
1547157600,6610.7,6615.4,6555.2,6597.9
1547416800,6597.9,6597.9,6504.8,6531.3
1547503200,6531.3,6671.4,6525.5,6662.4
1547589600,6662.4,6719.2,6647,6654.8
1547676000,6654.8,6742.8,6595.4,6714.2
1547762400,6714.2,6810.6,6695.2,6789.8
1548021600,6789.8,6789.8,6724.4,6745.9
1548108000,6745.9,6760.8,6594.6,6638.2
1548194400,6638.2,6706.8,6575.4,6654.2
1548280800,6654.2,6701.2,6636.5,6668.1
1548367200,6668.1,6793.2,6660,6778.8
1548626400,6778.8,6778.8,6631.4,6681.7
1548712800,6681.7,6703.9,6599.8,6664.6
1548799200,6664.6,6829.1,6640.7,6824.3
1548885600,6824.3,6926.8,6823.4,6916.4
1548972000,6916.4,6916.4,6844.6,6863
1549231200,6863,6965.5,6842.3,6925.7
1549317600,6925.7,7017.6,6912.4,6997.7
1549404000,6997.7,7022.6,6957.4,6975.4
1549490400,6975.4,6979.9,6843.4,6891.8
1549576800,6891.8,6914.1,6829.2,6912.2
1549836000,6912.2,6957.3,6884.3,6900.8
1549922400,6900.8,7017.4,6892.3,7010.1
1550008800,7010.1,7058.6,7001.1,7009.7
1550095200,7009.7,7046.4,6961.2,7009.9
1550181600,7009.9,7085.9,6965.6,7056.2
1550440800,7056.2,7074,7046.7,7072
1550527200,7072,7086,7026.9,7060
1550613600,7060,7098,7025.4,7065.2
1550700000,7065.2,7106.6,6999.2,7031.4
1550786400,7031.4,7096.4,7013.4,7095.8
1551045600,7095.8,7163.8,7095.8,7116.3
1551132000,7116.3,7146.6,7068.8,7106.6
1551218400,7106.6,7127.2,7043.6,7119.6
1551304800,7119.6,7126.4,7068.1,7106.5
1551391200,7106.5,7160.6,7094.2,7154.8
1551650400,7154.8,7207.4,7070.8,7140.7
1551736800,7140.7,7178,7120.4,7155
1551823200,7155,7167.2,7103.4,7106.5
1551909600,7106.5,7119.4,7000.4,7025.4
1551996000,7025.4,7031.2,6936.2,7029
1552251600,7029,7176.6,6995.6,7173.2
1552338000,7173.2,7224,7160.9,7212.9
1552424400,7212.9,7298,7185.1,7272.8
1552510800,7272.8,7292.6,7239.7,7244.9
1552597200,7244.9,7335.8,7243.9,7320.6
1552856400,7320.6,7355.4,7297.8,7338.6
1552942800,7338.6,7397.4,7327.2,7354.6
1553029200,7354.6,7434.4,7327,7377.2
1553115600,7377.2,7517.7,7345.1,7506.9
1553202000,7506.9,7521.6,7330.2,7336.2
1553461200,7336.2,7367.4,7267.1,7338.8
1553547600,7338.8,7424.4,7317.4,7360.6
1553634000,7360.6,7381.6,7253.8,7302.7
1553720400,7302.7,7349.4,7266.6,7331.1
1553806800,7331.1,7392.3,7327.3,7389.8
1554066000,7389.8,7484.4,7389.8,7475.9
1554152400,7475.9,7510.4,7461.7,7494.8
1554238800,7494.8,7595.2,7491.2,7560.2
1554325200,7560.2,7576.8,7501.2,7542.1
1554411600,7542.1,7593.2,7534.9,7592.9
1554670800,7592.9,7610,7542.4,7606.2
1554757200,7606.2,7614.4,7559.8,7571.9
1554843600,7571.9,7626.6,7556.9,7625.3
1554930000,7625.3,7641.8,7582.6,7600.2
1555016400,7600.2,7645.8,7592,7634.6
1555275600,7634.6,7640,7580,7631.1
1555362000,7631.1,7675.9,7629.9,7657.7
1555448400,7657.7,7714.6,7649.7,7667.3
1555534800,7667.3,7703.7,7641.2,7696.5
1555880400,7696.5,7726.8,7650.8,7721.3
1555966800,7721.3,7824.3,7705.6,7814.2
1556053200,7814.2,7833.6,7783.4,7821.2
1556139600,7821.2,7860.4,7773.2,7776.2
1556226000,7776.2,7826.3,7736.6,7818.1
1556485200,7818.1,7849.6,7788,7789.3
1556571600,7789.3,7838.9,7722.2,7833.6
1556658000,7833.6,7849.2,7718.6,7720.3
1556744400,7720.3,7787.8,7665.6,7720.1
1556830800,7720.1,7855.3,7718.4,7855.3
1557090000,7855.3,7855.3,7650.4,7783.4
1557176400,7783.4,7786.9,7564.4,7652.4
1557262800,7652.4,7680.9,7583.5,7623.7
1557349200,7623.7,7627.5,7466.2,7578.8
1557435600,7578.8,7639.4,7423,7597.9
1557694800,7597.9,7597.9,7294.3,7302.4
1557781200,7302.4,7449.6,7280.2,7415.6
1557867600,7415.6,7529.6,7343.9,7518.3
1557954000,7518.3,7633.4,7464.4,7595.7
1558040400,7595.7,7612.4,7500.4,7505.8
1558299600,7505.8,7553.3,7355.6,7400.8
1558386000,7400.8,7480.4,7396.3,7458.3
1558472400,7458.3,7470.2,7386.7,7422.6
1558558800,7422.6,7429.8,7264,7310
1558645200,7310,7375.4,7296.4,7308.4
1558904400,7308.4,7334,7288.8,7313.6
1558990800,7313.6,7367.2,7276.8,7288
1559077200,7288,7291.8,7179,7211.6
1559163600,7211.6,7267,7204.6,7250.6
1559250000,7250.6,7252.4,7127.7,7135.6
1559509200,7135.6,7135.6,6939.6,7005.5
1559595600,7005.5,7184.6,6980.1,7183.4
1559682000,7183.4,7243.4,7148.4,7231.2
1559768400,7231.2,7298.2,7179.5,7260.8
1559854800,7260.8,7452.5,7257.2,7428.4
1560114000,7428.4,7578.4,7428.4,7518.8
1560200400,7518.8,7600.6,7492.8,7520.3
1560286800,7520.3,7530.8,7461.2,7476.9
1560373200,7476.9,7535.8,7421,7510.9
1560459600,7510.9,7520.8,7451.7,7483.8
1560718800,7483.8,7550.4,7481,7539.5
1560805200,7539.5,7694.6,7514.8,7649.2
1560891600,7649.2,7684.2,7603.4,7668.8
1560978000,7668.8,7792.9,7664.9,7735.8
1561064400,7735.8,7775.2,7698.1,7718.2
1561323600,7718.2,7766.3,7714.4,7729.2
1561410000,7729.2,7752.5,7583.4,7606.8
1561496400,7606.8,7691.8,7589.4,7616.4
1561582800,7616.4,7687.2,7616.4,7657.6
1561669200,7657.6,7699.9,7637.6,7697
1561928400,7697,7823.8,7697,7766.3
1562014800,7766.3,7816.9,7737.2,7815.3
1562101200,7815.3,7867.6,7798.6,7862
1562187600,7862,7883.6,7856.3,7877.6
1562274000,7877.6,7886.4,7774.4,7832
1562533200,7832,7840,7754.6,7778.6
1562619600,7778.6,7835.4,7720.1,7824.6
1562706000,7824.6,7926.4,7788.5,7902.2
1562792400,7902.2,7939.9,7871.4,7895.4
1562878800,7895.4,7944.5,7888.9,7934.6
1563138000,7934.6,7969,7918.2,7962
1563224400,7962,7978.3,7901.2,7916.3
1563310800,7916.3,7943.4,7845.3,7846.9
1563397200,7846.9,7931.5,7810.1,7927
1563483600,7927,7957.7,7793.4,7796.6
1563742800,7796.6,7913.2,7796.6,7904
1563829200,7904,7962.6,7885.2,7918.3
1563915600,7918.3,8029.2,7902.4,7979.9
1564002000,7979.9,8012.2,7895.2,7958.8
1564088400,7958.8,8018.6,7958.8,7993.4
1564347600,7993.4,8009.5,7929.6,7983.1
1564434000,7983.1,7997.9,7906.4,7965.2
1564520400,7965.2,7979.3,7760.4,7820.1
1564606800,7820.1,7992.4,7755,7771
1564693200,7771,7783.9,7628.2,7685.8
1564952400,7685.8,7685.8,7338.9,7348.6
1565038800,7348.6,7528.8,7203.6,7498.3
1565125200,7498.3,7557.4,7367.6,7531.7
1565211600,7531.7,7719,7506.1,7710.3
1565298000,7710.3,7710.3,7579.6,7651.8
1565557200,7651.8,7693.1,7521,7557.8
1565643600,7557.8,7775.4,7499.9,7737.3
1565730000,7737.3,7753.3,7465.5,7465.6
1565816400,7465.6,7558.6,7376.4,7498.9
1565902800,7498.9,7624.4,7492.5,7603.2
1566162000,7603.2,7742.4,7603.2,7713.6
1566248400,7713.6,7744.2,7648.4,7652.2
1566334800,7652.2,7758.6,7645.7,7750.4
1566421200,7750.4,7775,7647.6,7700.2
1566507600,7700.2,7755.5,7441.4,7484
1566766800,7484,7619.3,7347.6,7582.6
1566853200,7582.6,7641.8,7530.6,7559.1
1566939600,7559.1,7599.2,7497.6,7573.2
1567026000,7573.2,7723.6,7542.1,7699.4
1567112400,7699.4,7763.8,7641.2,7671
1567371600,7671,7690.3,7576.6,7609.8
1567458000,7609.8,7671.6,7582.6,7613.2
1567544400,7613.2,7724.9,7603.4,7718.4
1567630800,7718.4,7882.4,7712.6,7848
1567717200,7848,7890.7,7836.2,7862.5
1567976400,7862.5,7884.5,7796.4,7831.9
1568062800,7831.9,7855.3,7742.2,7816.4
1568149200,7816.4,7902.6,7784.7,7890.8
1568235600,7890.8,7980.2,7885.1,7908.4
1568322000,7908.4,7956.2,7881.8,7888.8
1568581200,7888.8,7888.8,7776.6,7863.4
1568667600,7863.4,7897.4,7828.1,7892.9
1568754000,7892.9,7903.5,7789.6,7900.3
1568840400,7900.3,7949.6,7828.3,7895.1
1568926800,7895.1,7928.3,7787.6,7808.1
1569186000,7808.1,7873.4,7784.8,7844.8
1569272400,7844.8,7879.6,7678.6,7715.1
1569358800,7715.1,7820.8,7640.6,7799.9
1569445200,7799.9,7819.7,7711.6,7762.6
1569531600,7762.6,7798.8,7617.8,7693.8
1569790800,7693.8,7765.6,7682.9,7762.8
1569877200,7762.8,7819.6,7669,7687.1
1569963600,7687.1,7708.1,7504.6,7535.2
1570050000,7535.2,7640.7,7454.6,7639.3
1570136400,7639.3,7754.5,7604.1,7749.4
1570395600,7749.4,7780.6,7679,7720.8
1570482000,7720.8,7765.5,7594.8,7604.4
1570568400,7604.4,7712.6,7586.5,7685.3
1570654800,7685.3,7779.4,7564.7,7770.1
1570741200,7770.1,7899.4,7748.3,7840.4
1571000400,7840.4,7875.5,7788.1,7840.3
1571086800,7840.3,7952.8,7840.3,7940.8
1571173200,7940.8,7941.3,7888.6,7931.8
1571259600,7931.8,7975.6,7903.8,7935.1
1571346000,7935.1,7939,7816.8,7864.7
1571605200,7864.7,7932.2,7849.3,7929.6
1571691600,7929.6,7969.6,7818.4,7823.8
1571778000,7823.8,7898.8,7791.4,7896
1571864400,7896,7964.9,7894.2,7906.2
1571950800,7906.2,8022.4,7899.4,8018.8
1572210000,8018.8,8107.6,8018.8,8090.1
1572296400,8090.1,8099.7,8031.9,8036.3
1572382800,8036.3,8122.9,8002.8,8098.5
1572469200,8098.5,8120.7,8028.2,8074.3
1572555600,8074.3,8149.8,8066.9,8145.2
1572818400,8145.2,8215.6,8145.2,8200.4
1572904800,8200.4,8229.9,8175.4,8194.1
1572991200,8194.1,8210.1,8143.2,8195.6
1573077600,8195.6,8265.6,8172.1,8215.3
1573164000,8215.3,8250.1,8176.2,8247.6
1573423200,8247.6,8247.6,8192.6,8241.6
1573509600,8241.6,8288,8216.6,8259.1
1573596000,8259.1,8271.4,8208.1,8259.8
1573682400,8259.8,8275.3,8207.8,8260.4
1573768800,8260.4,8315.9,8252.7,8315.9
1574028000,8315.9,8359.8,8272.8,8328.6
1574114400,8328.6,8372.5,8306,8328.4
1574200800,8328.4,8341.8,8225.1,8283.2
1574287200,8283.2,8301.4,8234.1,8272.3
1574373600,8272.3,8307.8,8227.8,8277
1574632800,8277,8373.6,8277,8370.6
1574719200,8370.6,8415.2,8360.9,8397.7
1574805600,8397.7,8453.4,8392.3,8451.3
1574892000,8451.3,8452.6,8409.1,8439
1574978400,8439,8445.8,8402.4,8416.9
1575237600,8416.9,8452.9,8272.6,8306
1575324000,8306,8333.1,8164,8250.7
1575410400,8250.7,8315.2,8216.5,8293.2
1575496800,8293.2,8335.8,8269.2,8307.3
1575583200,8307.3,8406.8,8303.8,8401.1
1575842400,8401.1,8425.6,8345.7,8348.6
1575928800,8348.6,8396.4,8295.8,8366.4
1576015200,8366.4,8409.8,8344.3,8407
1576101600,8407,8495.6,8379.6,8469.4
1576188000,8469.4,8522.1,8435.1,8493.7
1576447200,8493.7,8587.8,8493.7,8578
1576533600,8578,8597.1,8564,8574.1
1576620000,8574.1,8622.6,8574.1,8606.3
1576706400,8606.3,8663.8,8590.1,8662.6
1576792800,8662.6,8704.4,8645.8,8690.6
1577052000,8690.6,8724.2,8688.8,8710.2
1577138400,8710.2,8716.9,8688.4,8710.4
1577311200,8710.4,8786.4,8710.4,8783.2
1577397600,8783.2,8825,8751.3,8760.6
1577656800,8760.6,8792.6,8674.5,8715
1577743200,8715,8755.9,8676.8,8755.8
1577916000,8755.8,8884.4,8753.3,8884.4
1578002400,8884.4,8890.8,8719.1,8792.2
1578261600,8792.2,8858.3,8709,8838.6
1578348000,8838.6,8879.4,8810.9,8829.6
1578434400,8829.6,8957.1,8664,8934.6
1578520800,8934.6,9008.3,8919.3,8994.8
1578607200,8994.8,9041.5,8953,8963.6
1578866400,8963.6,9083.1,8963.6,9078.8
1578952800,9078.8,9102.9,9023.3,9051.8
1579039200,9051.8,9084,9011.7,9049.2
1579125600,9049.2,9129.3,9049.2,9127.2
1579212000,9127.2,9178.6,9119.6,9161
1579471200,9161,9177.6,9151,9165.4
1579557600,9165.4,9190.6,9106.4,9164.2
1579644000,9164.2,9245.8,9164.2,9180.6
1579730400,9180.6,9245.8,9144.2,9244.8
1579816800,9244.8,9280.45,9102.8,9130.8
1580076000,9130.8,9130.8,8920.6,8955.9
1580162400,8955.9,9131.8,8949.2,9116.4
1580248800,9116.4,9154.5,9068.4,9100.2
1580335200,9100.2,9235,8998.8,9231.8
1580421600,9231.8,9244.1,8961.9,9009.2
1580680800,9009.2,9152.8,8987.1,9102.8
1580767200,9102.8,9366.75,9071.2,9356.9
1580853600,9356.9,9459.85,9315.4,9386
1580940000,9386,9458.85,9358.6,9458.2
1581026400,9458.2,9463.2,9378.6,9394
1581285600,9394,9526.1,9325.8,9521.2
1581372000,9521.2,9604.4,9496.4,9527.6
1581458400,9527.6,9623.4,9519.5,9619.3
1581544800,9619.3,9639.3,9506.1,9619.4
1581631200,9619.4,9654.5,9584.2,9629.5
1581890400,9629.5,9684,9629.5,9664
1581976800,9664,9664,9531,9638.4
1582063200,9638.4,9741.65,9635.6,9726.6
1582149600,9726.6,9756.1,9511.1,9614
1582236000,9614,9618,9406,9449.6
1582495200,9449.6,9449.6,9037.6,9098
1582581600,9098,9220.7,8807.4,8870
1582668000,8870,9034.8,8707.4,8816.8
1582754400,8816.8,8875.2,8337.75,8338.5
1582840800,8338.5,8571.7,8127.4,8543.6
1583100000,8543.6,8882.4,8228.2,8816.8
1583186400,8816.8,9002,8512.1,8561
1583272800,8561,8949.8,8509,8888.2
1583359200,8888.2,8899.4,8610.8,8673.2
1583445600,8673.2,8725.3,8312.3,8504.4
1583701200,8504.4,8504.4,7824.9,7921.8
1583787600,7921.8,8380.1,7817.8,8353.8
1583874000,8353.8,8353.8,7894.8,8011
1583960400,8011,8107,7133,7160.6
1584046800,7160.6,7976.2,6945,7829.8
1584306000,7829.8,7876,6928.2,7077.1
1584392400,7077.1,7551.4,6950.8,7367
1584478800,7367,7383.6,6815,7243.8
1584565200,7243.8,7505.2,6879.8,7186.4
1584651600,7186.4,7631.6,6891.5,6928.2
1584910800,6928.2,7316.4,6629.3,6979.2
1584997200,6979.2,7573.8,6979.2,7556
1585083600,7556,7760.2,7373,7479.2
1585170000,7479.2,7892.9,7310.5,7858.6
1585256400,7858.6,7889,7549,7552.8
1585515600,7552.8,7880.6,7392.5,7851
1585602000,7851,7990,7742.8,7776
1585688400,7776,7776,7400,7461.6
1585774800,7461.6,7651.1,7372.2,7619
1585861200,7619,7655.8,7420,7518.7
1586120400,7518.7,8095.8,7518.7,8030.2
1586206800,8030.2,8299.6,7944.4,7995.2
1586293200,7995.2,8239,7950.6,8193.8
1586379600,8193.8,8323.4,8100.6,8233.6
1586725200,8233.6,8334,8075.7,8333.4
1586811600,8333.4,8702.2,8318.5,8701
1586898000,8701,8703.2,8486.6,8573.2
1586984400,8573.2,8843.3,8501.9,8836.2
1587070800,8836.2,8967.4,8691,8811.6
1587330000,8811.6,8847.6,8689.4,8716.2
1587416400,8716.2,8765.3,8345.4,8429.6
1587502800,8429.6,8702.6,8405.2,8639.2
1587589200,8639.2,8790.8,8586.8,8610.2
1587675600,8610.2,8785,8503.8,8771.2
1587934800,8771.2,8904,8737.5,8826.8
1588021200,8826.8,8953.2,8662.4,8708
1588107600,8708,9126,8708,9125
1588194000,9125,9154.2,8866.4,8878
1588280400,8878,8889.2,8683,8716
1588539600,8716,8838.4,8568.7,8820.8
1588626000,8820.8,9031.2,8810.8,8942
1588712400,8942,9067,8888.6,8963.1
1588798800,8963.1,9136.2,8941.2,9129
1588885200,9129,9245.2,9111.9,9228.4
1589144400,9228.4,9346.8,9126.8,9289.8
1589230800,9289.8,9353,9048.8,9051.6
1589317200,9051.6,9211,8887,9020
1589403600,9020,9112,8855.4,9094.2
1589490000,9094.2,9155.8,8933,9124.5
1589749200,9124.5,9368.8,9118.8,9327.3
1589835600,9327.3,9423.8,9291,9305
1589922000,9305,9501.2,9277.2,9499.2
1590008400,9499.2,9514.4,9357.6,9362.6
1590094800,9362.6,9426.2,9246.3,9425.2
1590354000,9425.2,9540.6,9401.4,9533.5
1590440400,9533.5,9607.8,9377.6,9413.8
1590526800,9413.8,9512,9177.8,9445
1590613200,9445,9569,9324,9464.8
1590699600,9464.8,9593.8,9375.8,9591.6
1590958800,9591.6,9609.2,9454.5,9599.8
1591045200,9599.8,9673.4,9509,9662.7
1591131600,9662.7,9730.8,9639,9691.4
1591218000,9691.4,9744.2,9574.4,9646.5
1591304400,9646.5,9847.8,9604.4,9808.2
1591563600,9808.2,9902.8,9749.6,9886
1591650000,9886,10007.2,9814.2,9962.6
1591736400,9962.6,10157.8,9961,10089
1591822800,10089,10107.6,9586.6,9627
1591909200,9627,9850,9496.2,9648
1592168400,9648,9816.3,9383.6,9813.4
1592254800,9813.4,10014.3,9800,9970.6
1592341200,9970.6,10062.4,9930.6,10001.8
1592427600,10001.8,10043.2,9881.8,10004.6
1592514000,10004.6,10125.5,9933.7,9940.4
1592773200,9940.4,10146.6,9858,10142.2
1592859600,10142.2,10310,9987.2,10189.8
1592946000,10189.8,10255.6,9941.8,10027
1593032400,10027,10121.6,9900.6,10111.6
1593118800,10111.6,10134.6,9838.2,9858.6
1593378000,9858.6,10011.1,9743.8,10003.8
1593464400,10003.8,10184.8,9953.8,10152.8
1593550800,10152.8,10321.8,10089.8,10270.1
1593637200,10270.1,10432.4,10260.2,10360.3
1593723600,10360.3,10401.2,10321.2,10339.8
1593982800,10339.8,10627,10339.8,10611.6
1594069200,10611.6,10706.8,10518.4,10540.2
1594155600,10540.2,10685,10518.8,10684.7
1594242000,10684.7,10785.8,10572.8,10737.2
1594328400,10737.2,10859.8,10638.4,10854.8
1594587600,10854.8,11071.2,10575.6,10615.2
1594674000,10615.2,10705.8,10372,10658.2
1594760400,10658.2,10779.4,10565,10702.7
1594846800,10702.7,10711,10489.2,10545.2
1594933200,10545.2,10682,10537.5,10637.2
1595192400,10637.2,10974,10560,10960
1595278800,10960,11071.2,10798.8,10861.8
1595365200,10861.8,10929.2,10775.4,10858.6
1595451600,10858.6,10951.6,10528.2,10579.2
1595538000,10579.2,10611.6,10316.6,10478.6
1595797200,10478.6,10697.8,10445.2,10696.8
1595883600,10696.8,10772.1,10528,10562.8
1595970000,10562.8,10713.2,10527,10712.6
1596056400,10712.6,10908.5,10516.3,10904.8
1596142800,10904.8,10952,10704.6,10932.4
1596402000,10932.4,11086.2,10889.8,11066
1596488400,11066,11107.5,10996.6,11093.2
1596574800,11093.2,11157,11069.4,11108.8
1596661200,11108.8,11283.2,11063.6,11270.7
1596747600,11270.7,11291.8,11044.4,11140.5
1597006800,11140.5,11155.4,10937.8,11088.8
1597093200,11088.8,11166.4,10854.4,10919.9
1597179600,10919.9,11193.4,10888,11125.8
1597266000,11125.8,11274.2,11103.2,11190
1597352400,11190,11245,11103.8,11153.6
1597611600,11153.6,11307.8,11153.6,11294.4
1597698000,11294.4,11422,11275.8,11421
1597784400,11421,11441.6,11303.2,11324.8
1597870800,11324.8,11500,11225.8,11484.4
1597957200,11484.4,11577,11410.8,11568
1598216400,11568,11726,11532,11637.4
1598302800,11637.4,11745.8,11578.8,11740
1598389200,11740,12004.8,11730.6,11988.4
1598475600,11988.4,12048.4,11837.4,11949.8
1598562000,11949.8,12020.6,11922.8,12002.8
1598821200,12002.8,12167,11991.2,12107.6
1598907600,12107.6,12330.6,12095.4,12330.4
1598994000,12330.4,12466.6,12174,12409.3
1599080400,12409.3,12437.9,11658.6,11801.6
1599166800,11801.6,11842.8,11142.4,11540.3
1599426000,11540.3,11547.4,11308.4,11501.6
1599512400,11501.6,11584.6,11041.8,11044.6
1599598800,11044.6,11478.6,10936.2,11370.6
1599685200,11370.6,11566.2,11088.2,11177
1599771600,11177,11355.4,10937.5,11071.2
1600030800,11071.2,11360.4,11071.2,11273.2
1600117200,11273.2,11495,11247,11462.6
1600203600,11462.6,11550,11240.8,11267.6
1600290000,11267.6,11305.6,10921.4,11085
1600376400,11085,11180.4,10760.2,10953.6
1600635600,10953.6,11026,10673.4,10998
1600722000,10998,11207.4,10914.6,11169.4
1600808400,11169.4,11238.4,10802.8,10835.4
1600894800,10835.4,11028.2,10678,10925.4
1600981200,10925.4,11182.6,10831,11148.8
1601240400,11148.8,11420.4,11148.8,11410.8
1601326800,11410.8,11464.4,11305.6,11335.6
1601413200,11335.6,11541.4,11183.6,11373.2
1601499600,11373.2,11613.4,11373.2,11587.8
1601586000,11587.8,11619.2,11220.8,11269.8
1601845200,11269.8,11512.6,11269.8,11485.2
1601931600,11485.2,11538.8,11212.4,11221.6
1602018000,11221.6,11520.6,11221.6,11489.2
1602104400,11489.2,11592.2,11484.8,11573.5
1602190800,11573.5,11753,11567,11741.2
1602450000,11741.2,12211,11707.2,12104
1602536400,12104,12262.8,12033.6,12095.2
1602622800,12095.2,12191.4,11916.4,11958
1602709200,11958,11996.7,11752,11898
1602795600,11898,12036,11806.8,11810.2
1603054800,11810.2,11964.4,11608.6,11709.6
1603141200,11709.6,11807.6,11614.2,11666.5
1603227600,11666.5,11794.4,11601,11702.9
1603314000,11702.9,11739.2,11526.8,11672.2
1603400400,11672.2,11706.8,11566.8,11684.8
1603659600,11684.8,11710.6,11359.2,11512.6
1603746000,11512.6,11638.2,11493.8,11569.2
1603832400,11569.2,11581.8,11139.2,11192.7
1603918800,11192.7,11471.8,11159.4,11258.6
1604005200,11258.6,11295,10959.3,11100.8
1604268000,11100.8,11225.6,10957.4,11089
1604354400,11089,11362,11081.6,11261.8
1604440800,11261.8,11858.2,11245.8,11829.2
1604527200,11829.2,12131.6,11784.8,12104.4
1604613600,12104.4,12118.8,11879.8,12104.4
1604872800,12104.4,12418.4,11822.8,11856
1604959200,11856,11910.7,11513.2,11633.2
1605045600,11633.2,11927,11585.4,11903.2
1605132000,11903.2,11984.2,11785.8,11872.4
1605218400,11872.4,11960.8,11810.2,11953.8
1605477600,11953.8,12072.6,11861,12049.2
1605564000,12049.2,12094.6,11965,11980
1605650400,11980,12036.2,11872.4,11883.8
1605736800,11883.8,12008.6,11813.9,11974.4
1605823200,11974.4,12029.8,11882.8,11917.6
1606082400,11917.6,12011.4,11818.6,11927.4
1606168800,11927.4,12114.2,11883,12111.6
1606255200,12111.6,12186.6,12087.8,12178.2
1606341600,12178.2,12232.6,12136.4,12158.8
1606428000,12158.8,12316.8,12146.2,12283.2
1606687200,12283.2,12345.6,12095.4,12327.6
1606773600,12327.6,12516.2,12317,12463
1606860000,12463,12475.8,12317.6,12466.2
1606946400,12466.2,12542.2,12446.4,12490.4
1607032800,12490.4,12537.6,12450.8,12511.4
1607292000,12511.4,12614.2,12476.6,12594.4
1607378400,12594.4,12654.4,12504.4,12649.6
1607464800,12649.6,12676.2,12308.6,12353.2
1607551200,12353.2,12450.2,12220,12390.2
1607637600,12390.2,12415.6,12236,12371
1607896800,12371,12543.4,12371,12464.5
1607983200,12464.5,12602,12416.2,12592.3
1608069600,12592.3,12699.2,12565.8,12672.6
1608156000,12672.6,12763.8,12668,12750.9
1608242400,12750.9,12785.2,12609.2,12748.7
1608501600,12748.7,12780.4,12461.8,12691.9
1608588000,12691.9,12761.4,12595.4,12711.3
1608674400,12711.3,12743.2,12631.4,12663.6
1608760800,12663.6,12734.4,12639,12711.2
1609106400,12711.2,12868.6,12684.4,12855.8
1609192800,12855.8,12932.6,12824.8,12874
1609279200,12874,12925.6,12836.8,12857.9
1609365600,12857.9,12911.6,12812.8,12901
1609711200,12901,12974,12536.8,12704
1609797600,12704,12822.8,12626.6,12818.4
1609884000,12818.4,12858,12506,12672.4
1609970400,12672.4,12972.8,12660.8,12940.4
1610056800,12940.4,13138.6,12933.4,13137.8
1610316000,13137.8,13137.8,12886.2,12919
1610402400,12919,12972.8,12781.4,12896.3
1610488800,12896.3,13016.8,12834.6,12988.4
1610575200,12988.4,13043.4,12896,12914.2
1610661600,12914.2,12945.6,12758.6,12774.7
1610920800,12774.7,12831.6,12742.4,12826.5
1611007200,12826.5,13047,12826.5,13046.6
1611093600,13046.6,13341.6,13033.1,13304.5
1611180000,13304.5,13438.4,13298.2,13411.2
1611266400,13411.2,13416,13315.6,13368.5
1611525600,13368.5,13569.2,13205.5,13479.7
1611612000,13479.7,13615.6,13396.9,13567.2
1611698400,13567.2,13602.8,12901.1,13077.4
1611784800,13077.4,13409.8,12922.6,13168.6
1611871200,13168.6,13201.4,12845.4,12887
1612130400,12887,13285.8,12742.4,13249.3
1612216800,13249.3,13522.8,13246.6,13513.2
1612303200,13513.2,13598.7,13402,13430.2
1612389600,13430.2,13581,13358.3,13575.6
1612476000,13575.6,13648.6,13529.8,13614.8
1612735200,13614.8,13702.4,13607.6,13696.8
1612821600,13696.8,13745.6,13644.8,13708.6
1612908000,13708.6,13779.6,13528,13675.4
1612994400,13675.4,13753,13623.4,13720.3
1613080800,13720.3,13829,13655.6,13829
1613340000,13829,13887.6,13819.6,13881.6
1613426400,13881.6,13909.8,13726,13764.4
1613512800,13764.4,13791.2,13549.6,13703.6
1613599200,13703.6,13728.6,13474.4,13647.2
1613685600,13647.2,13735.6,13541.4,13577.4
1613944800,13577.4,13635.1,13221.8,13228.2
1614031200,13228.2,13342.2,12764.4,13164
1614117600,13164,13338.6,12964.8,13320
1614204000,13320,13359.6,12770,12794.1
1614290400,12794.1,13095.2,12668.8,12913.6
1614549600,12913.6,13323,12913.6,13319.1
1614636000,13319.1,13333.8,13054,13060.4
1614722400,13060.4,13196,12668.4,12683.8
1614808800,12683.8,12800.2,12309.8,12435
1614895200,12435,12700.6,12210.8,12658.4
1615154400,12658.4,12763.4,12285.9,12334.6
1615240800,12334.6,12870,12328.8,12791.2
1615327200,12791.2,12995.5,12706.5,12792
1615413600,12792,13121,12726.2,13047.1
1615500000,13047.1,13095,12769.2,12935.8
1615755600,12935.8,13099.2,12872.8,13084.6
1615842000,13084.6,13297,13056.8,13167
1615928400,13167,13286.8,12947.4,13188.9
1616014800,13188.9,13284.6,12781.8,12810.7
1616101200,12810.7,12916,12700,12846
1616360400,12846,13174.8,12808.7,13079.8
1616446800,13079.8,13189.8,12997.2,13049.3
1616533200,13049.3,13162.8,12802.2,12814.8
1616619600,12814.8,12877.4,12628,12808.9
1616706000,12808.9,13006.6,12694.4,12977.6
1616965200,12977.6,13020.4,12825.4,12981.8
1617051600,12981.8,13001.4,12794.6,12908
1617138000,12908,13175.6,12877,13107.6
1617224400,13107.6,13350.2,13107.6,13345.8
1617310800,13345.8,13409.2,13343.4,13366.6
1617570000,13366.6,13631.4,13321.3,13615.6
1617656400,13615.6,13669,13539.6,13599.2
1617742800,13599.2,13656.2,13528.4,13636.8
1617829200,13636.8,13804.8,13631,13804
1617915600,13804,13856.2,13664,13825.2
1618174800,13825.2,13847,13747.4,13839.2
1618261200,13839.2,14008.8,13788,13989.8
1618347600,13989.8,14043.4,13787.6,13841.4
1618434000,13841.4,14048.4,13804.2,14013.8
1618520400,14013.8,14073.8,13967.4,14043.2
1618779600,14043.2,14067.8,13837,13908.9
1618866000,13908.9,13949,13735.2,13750.2
1618952400,13750.2,13942.2,13716.4,13907.6
1619038800,13907.6,13959.4,13717.4,13777.8
1619125200,13777.8,13996.4,13753.4,13921.2
1619384400,13921.2,14053.2,13881.2,14036.3
1619470800,14036.3,14065.4,13928.2,13966.4
1619557200,13966.4,14008.3,13893.8,13984.2
1619643600,13984.2,14079,13833.8,13961.5
1619730000,13961.5,13971.8,13834.8,13880.1
1619989200,13880.1,13962.4,13787.2,13800.4
1620075600,13800.4,13807,13396.2,13536
1620162000,13536,13680.2,13478,13499.4
1620248400,13499.4,13624.8,13402.6,13617.8
1620334800,13617.8,13828,13599.2,13727.4
1620594000,13727.4,13762.8,13317.2,13322.4
1620680400,13322.4,13386.6,13076.6,13327.6
1620766800,13327.6,13362.2,12970.6,12974.6
1620853200,12974.6,13233.8,12925.4,13100.7
1620939600,13100.7,13434.8,13080.4,13407.4
1621198800,13407.4,13456.8,13191.6,13321.5
1621285200,13321.5,13440.8,13187.4,13196.2
1621371600,13196.2,13248,12960.2,13223.5
1621458000,13223.5,13527.8,13156.4,13494.6
1621544400,13494.6,13574.6,13401.2,13418.8
1621803600,13418.8,13692,13361.8,13658
1621890000,13658,13744.6,13613.2,13674.8
1621976400,13674.8,13734.6,13662.2,13709.7
1622062800,13709.7,13725.6,13625.6,13698
1622149200,13698,13768.2,13667.8,13692
1622408400,13692,13724.2,13656.8,13660.6
1622494800,13660.6,13777.4,13597.6,13653.4
1622581200,13653.4,13716.2,13607,13681.6
1622667600,13681.6,13709.6,13464.8,13533
1622754000,13533,13786,13470.2,13766.8
1623013200,13766.8,13825.2,13693.8,13824
1623099600,13824,13919,13744.4,13814.6
1623186000,13814.6,13906.2,13806.2,13813.2
1623272400,13813.2,13977.6,13728.6,13973.6
1623358800,13973.6,13999.2,13934,13993.2
1623618000,13993.2,14133.6,13965.8,14117.2
1623704400,14117.2,14163,14009.8,14046
1623790800,14046,14106.6,13841.6,13943.2
1623877200,13943.2,14212.6,13853.2,14190
1623963600,14190,14218.4,14024.2,14032.8
1624222800,14032.8,14161,13974,14153.2
1624309200,14153.2,14296,14083.8,14286.2
1624395600,14286.2,14333.6,14249.8,14291.8
1624482000,14291.8,14439.8,14288.2,14376.8
1624568400,14376.8,14411.6,14331.2,14348.2
1624827600,14348.2,14537.2,14348.2,14521
1624914000,14521,14600.8,14486.4,14598.4
1625000400,14598.4,14614.2,14534.6,14571.8
1625086800,14571.8,14622,14487,14556.4
1625173200,14556.4,14744,14529,14716.6
1625432400,14716.6,14736.8,14690.4,14708.4
1625518800,14708.4,14803.8,14639.6,14776.6
1625605200,14776.6,14897.6,14740.6,14826.2
1625691600,14826.2,14836.8,14556,14728.6
1625778000,14728.6,14846.4,14655.8,14828.4
1626037200,14828.4,14903.2,14800.4,14890.6
1626123600,14890.6,15009.4,14809.6,14881
1626210000,14881,15011.2,14857,14910.6
1626296400,14910.6,14977.8,14723.8,14790.8
1626382800,14790.8,14884.6,14673,14684
1626642000,14684,14697.8,14460.8,14608.2
1626728400,14608.2,14798,14532.4,14742.6
1626814800,14742.6,14854.6,14684.2,14853.6
1626901200,14853.6,14999,14842.4,14994
1626987600,14994,15132.6,14949.6,15107
1627246800,15107,15148.6,15054.2,15138.8
1627333200,15138.8,15146.4,14789.8,14897.8
1627419600,14897.8,15089.4,14884.2,14999.4
1627506000,14999.4,15098.6,14920,14927.3
1627592400,14927.3,14994.2,14826.2,14979.6
1627851600,14979.6,15071,14947.6,14976.2
1627938000,14976.2,15066.8,14866,15051.8
1628024400,15051.8,15124.6,15014,15097.8
1628110800,15097.8,15187.4,15085.2,15186.8
1628197200,15186.8,15186.8,15060.6,15105.6
1628456400,15105.6,15157.8,15016,15139.6
1628542800,15139.6,15169.4,15007,15059.6
1628629200,15059.6,15130.4,14974.8,15019.8
1628715600,15019.8,15101,14952,15090
1628802000,15090,15152,15066.2,15132.2
1629061200,15132.2,15147.8,14926.4,15142.8
1629147600,15142.8,15142.8,14906,14977.6
1629234000,14977.6,15043.2,14812.8,14844.7
1629320400,14844.7,15004.2,14716.4,14949.4
1629406800,14949.4,15105.2,14857.4,15100.2
1629666000,15100.2,15342.8,15094.4,15333.8
1629752400,15333.8,15388.8,15314.8,15368.4
1629838800,15368.4,15402,15338,15372.4
1629925200,15372.4,15372.4,15260.4,15291.6
1630011600,15291.6,15448.6,15270.6,15432.8
1630270800,15432.8,15622.2,15425.2,15612
1630357200,15612,15680.8,15522.4,15604.6
1630443600,15604.6,15702,15582.8,15615
1630530000,15615,15684.6,15554.4,15602.2
1630616400,15602.2,15679.4,15555.2,15657.2
1630875600,15657.2,15710.8,15645.6,15703.5
1630962000,15703.5,15704,15609.6,15673.4
1631048400,15673.4,15693.4,15525.2,15609.2
1631134800,15609.2,15677,15547,15563.2
1631221200,15563.2,15668.6,15434.6,15448.8
1631480400,15448.8,15566,15351.6,15453.2
1631566800,15453.2,15530.2,15352.4,15397.4
1631653200,15397.4,15523.8,15315.6,15517.2
1631739600,15517.2,15543.8,15368.6,15509.8
1631826000,15509.8,15541.4,15291.8,15299.2
1632085200,15299.2,15354.6,14826.2,15009.8
1632171600,15009.8,15180,14983.6,15011.6
1632258000,15011.6,15246.6,14950.4,15199.4
1632344400,15199.4,15366.4,15195.6,15317.6
1632430800,15317.6,15353.8,15197,15338.8
1632690000,15338.8,15418.2,15104.2,15192.2
1632776400,15192.2,15211.6,14760.8,14787.2
1632862800,14787.2,14944.6,14730.8,14783.2
1632949200,14783.2,14902,14690.4,14710.6
1633035600,14710.6,14836.4,14556,14796.8
1633294800,14796.8,14851.8,14385,14505.4
1633381200,14505.4,14771.2,14426.8,14678.2
1633467600,14678.2,14786.2,14439.8,14783
1633554000,14783,15017.4,14783,14906.8
1633640400,14906.8,15011.8,14807.4,14822
1633899600,14822,14913.2,14693.2,14700.4
1633986000,14700.4,14799.2,14602.2,14614.8
1634072400,14614.8,14811.4,14608,14784.2
1634158800,14784.2,15087.8,14784.2,15081.4
1634245200,15081.4,15160,15037.4,15159.8
1634504400,15159.8,15313.4,15055.2,15303
1634590800,15303,15444.6,15286.2,15428.2
1634677200,15428.2,15462.8,15335.8,15372.6
1634763600,15372.6,15500,15318,15399
1634850000,15399,15479.8,15290.6,15338.8
1635109200,15338.8,15561.8,15312.6,15558.6
1635195600,15558.6,15716.8,15519.4,15543.4
1635282000,15543.4,15733.6,15524,15609.8
1635368400,15609.8,15792.6,15607.8,15684.2
1635454800,15684.2,15880,15611.2,15878.6
1635714000,15878.6,15930,15784.2,15903.8
1635800400,15903.8,15995.6,15865.2,15973.8
1635886800,15973.8,16161,15951,16148.6
1635973200,16148.6,16389.6,16144.4,16350.8
1636059600,16350.8,16459.6,16303.4,16356
1636322400,16356,16404.2,16283.6,16334.4
1636408800,16334.4,16402,16170.8,16208.4
1636495200,16208.4,16252,15907,15994.8
1636581600,15994.8,16123,15985.2,16047.2
1636668000,16047.2,16221.4,16010,16210.6
1636927200,16210.6,16283.4,16090,16203.2
1637013600,16203.2,16330.6,16149.4,16300.4
1637100000,16300.4,16399.8,16273.4,16325.8
1637186400,16325.8,16511,16307,16507.6
1637272800,16507.6,16632.6,16494,16591
1637532000,16591,16771.6,16369.2,16403.2
1637618400,16403.2,16422.8,16122.8,16302.4
1637704800,16302.4,16372.4,16106.4,16359
1637791200,16359,16439.8,16356.6,16411.8
1637877600,16411.8,16417.8,15992.4,16048.4
1638136800,16048.4,16441.6,16048.4,16418.2
1638223200,16418.2,16460,16072.6,16242.6
1638309600,16242.6,16430.4,15830,15861.9
1638396000,15861.9,16067,15764,16016.8
1638482400,16016.8,16122.4,15537.2,15687.2
1638741600,15687.2,15898.4,15560.4,15850.4
1638828000,15850.4,16375.4,15825.6,16367
1638914400,16367,16436.3,16253,16381.4
1639000800,16381.4,16420.6,16121.6,16157.4
1639087200,16157.4,16336.6,16134.6,16323.2
1639346400,16323.2,16411.6,16066,16097
1639432800,16097,16133.6,15738.6,15939.4
1639519200,15939.4,16312.2,15753,16298.6
1639605600,16298.6,16468.8,15806.8,15894.6
1639692000,15894.6,15972.8,15665.6,15844.8
1639951200,15844.8,15867.9,15510.8,15692.8
1640037600,15692.8,16003.4,15621.8,15991.2
1640124000,15991.2,16201,15898.6,16197.8
1640210400,16197.8,16373.8,16163.8,16319.8
1640556000,16319.8,16598.6,16319.8,16589.2
1640642400,16589.2,16677.4,16471.2,16529.8
1640728800,16529.8,16582,16406.2,16498.4
1640815200,16498.4,16585,16429.2,16449.6
1640901600,16449.6,16481.4,16332.2,16350.2
1641160800,16350.2,16526,16310.6,16512.8
1641247200,16512.8,16579.4,16155.2,16276.6
1641333600,16276.6,16283.8,15768,15768.6
1641420000,15768.6,15910.6,15613.8,15808.3
1641506400,15808.3,15867.8,15525.2,15586.6
1641765600,15586.6,15683,15167.4,15631.6
1641852000,15631.6,15853.6,15490,15840
1641938400,15840,16024,15777.4,15911.4
1642024800,15911.4,15994.2,15473.4,15515.6
1642111200,15515.6,15634.7,15327.6,15633
1642370400,15633,15661.2,15522.6,15572.9
1642456800,15572.9,15617.6,15185.8,15254.8
1642543200,15254.8,15386.4,15026.6,15049.8
1642629600,15049.8,15355,14661.8,14736.8
1642716000,14736.8,14873,14423.5,14426.6
1642975200,14426.6,14595.3,13721,14532.6
1643061600,14532.6,14532.6,13905.5,13937.9
1643148000,13937.9,14654.8,13937.9,14167
1643234400,14167,14424.2,13860.7,14125.6
1643320800,14125.6,14455.6,13844.8,14444.2
1643580000,14444.2,14928,14367,14880.8
1643666400,14880.8,15150,14742.6,15130
1643752800,15130,15273.2,14840.2,14875.1
1643839200,14875.1,14882.6,14469.6,14814.8
1643925600,14814.8,14834.4,14372.4,14651.8
1644184800,14651.8,14814.6,14520.2,14609.8
1644271200,14609.8,14784.4,14476.2,14754.4
1644357600,14754.4,15075.8,14749.8,15061.4
1644444000,15061.4,15064.2,14628.6,14702.2
1644530400,14702.2,14772.8,14187.6,14263.6
1644789600,14263.6,14398.8,14035.5,14263.6
1644876000,14263.6,14619.2,14228.4,14587.9
1644962400,14587.9,14670.4,14383.2,14595.6
1645048800,14595.6,14620.6,14135.1,14156.8
1645135200,14156.8,14299.6,13907.2,13994.9
1645394400,13994.9,14158.4,13717.4,13734.5
1645480800,13734.5,14109.4,13582.4,13921.8
1645567200,13921.8,14069.4,13472.6,13485.8
1645653600,13485.8,13982,13024.4,13911.6
1645740000,13911.6,14194.6,13759.2,14184.3
1645999200,14184.3,14290.4,13673.4,14217
1646085600,14217,14325.1,13898.8,14023.6
1646172000,14023.6,14287.4,13909,14193.6
1646258400,14193.6,14386.8,13951.5,14057
1646344800,14057,14082.2,13729.8,13796.5
1646604000,13796.5,13875.2,13261.2,13267.8
1646690400,13267.8,13661.8,13100.2,13196.6
1646776800,13196.6,13817.3,13188.4,13771
1646863200,13771,13771,13391.2,13568
1646949600,13568,13855,13277,13300.5
1647205200,13300.5,13438.6,13009.6,13074.4
1647291600,13074.4,13481.4,12937,13437.6
1647378000,13437.6,14020.6,13412.8,13993.2
1647464400,13993.2,14127.6,13814,14048.8
1647550800,14048.8,14436.6,13962.1,14430.8
1647810000,14430.8,14460,14177.4,14386.6
1647896400,14386.6,14683.8,14286.6,14647.6
1647982800,14647.6,14675.2,14434.6,14456.6
1648069200,14456.6,14762.8,14427,14755.2
1648155600,14755.2,14833.6,14566,14743.2
1648414800,14743.2,14989.6,14652,14974.8
1648501200,14974.8,15261.8,14949.8,15217
1648587600,15217,15254.6,15011.4,15110.6
1648674000,15110.6,15183.6,14860.2,14922.2
1648760400,14922.2,14963.6,14729.8,14857.2
1649019600,14857.2,15180.4,14806,15163.8
1649106000,15163.8,15200.6,14784,14863.8
1649192400,14863.8,14863.8,14399.6,14498.2
1649278800,14498.2,14637.6,14322.2,14538.8
1649365200,14538.8,14645.4,14313.8,14333
1649624400,14333,14374.4,13988,14006.8
1649710800,14006.8,14287.2,13884.6,13957.4
1649797200,13957.4,14269.6,13924.6,14214.6
1649883600,14214.6,14299,13880.1,13895
1650229200,13895,14005.2,13732.8,13967.6
1650315600,13967.6,14244.3,13831.4,14097.6
1650402000,14097.6,14300.6,13963.6,14076.2
1650488400,14076.2,14287.4,13672.8,13723.4
1650574800,13723.4,13784.4,13302.8,13319.4
1650834000,13319.4,13554.6,13189.4,13533.6
1650920400,13533.6,13588.7,12806.8,12817.7
1651006800,12817.7,13260.2,12817.7,13169.4
1651093200,13169.4,13547.2,13038.4,13316.8
1651179600,13316.8,13438,12837.6,12896.2
1651438800,12896.2,13089.8,12715.2,13056.8
1651525200,13056.8,13188.4,12973.6,13124.2
1651611600,13124.2,13560.4,12888.4,13501.2
1651698000,13501.2,13551.2,12708.8,12901.7
1651784400,12901.7,12928.4,12519.2,12666.2
1652043600,12666.2,12666.2,12134.6,12204.4
1652130000,12204.4,12546,12101.9,12329.2
1652216400,12329.2,12552.2,11937.8,12007.8
1652302800,12007.8,12129.6,11686.6,11870.3
1652389200,11870.3,12428.6,11870.3,12359.6
1652648400,12359.6,12494.2,12186,12232.8
1652734800,12232.8,12573.6,12232.8,12569.6
1652821200,12569.6,12586.4,11859.2,11891.2
1652907600,11891.2,12071,11698.8,11896.2
1652994000,11896.2,12091,11490.6,11836
1653253200,11836,12075.2,11782.8,12055.4
1653339600,12055.4,12055.4,11576.6,11811.4
1653426000,11811.4,12033.8,11671.6,11886.6
1653512400,11886.6,12342.4,11847.8,12259
1653598800,12259,12718.6,12221,12716
1653858000,12716,12881,12671.6,12808.4
1653944400,12808.4,12824,12478.8,12654.2
1654030800,12654.2,12820.6,12454.8,12547.8
1654117200,12547.8,12901.3,12440.8,12895
1654203600,12895,12943.2,12501.6,12547
1654462800,12547,12808.2,12525.4,12604.4
1654549200,12604.4,12738.4,12410.6,12678.8
1654635600,12678.8,12782.2,12578.2,12622.2
1654722000,12622.2,12724.2,12254.2,12297
1654808400,12297,12337.2,11821.6,11861.8
1655067600,11861.8,11861.8,11254.4,11330.5
1655154000,11330.5,11503,11202.8,11327.2
1655240400,11327.2,11760.6,11325.6,11591.2
1655326800,11591.2,11739.4,11038.2,11173.6
1655413200,11173.6,11364.6,11088.6,11277.6
1655672400,11277.6,11407,11244.4,11395.1
1655758800,11395.1,11646.2,11366.6,11551
1655845200,11551,11713.6,11288.8,11511.4
1655931600,11511.4,11735,11429,11654.8
1656018000,11654.8,12116.2,11653.6,12099.4
1656277200,12099.4,12230,11962.8,12042
1656363600,12042,12141.8,11633.8,11654.8
1656450000,11654.8,11719,11535.2,11662
1656536400,11662,11666.8,11321.8,11481
1656622800,11481,11600.6,11352.4,11589.4
1656882000,11589.4,11589.4,11474.1,11527.4
1656968400,11527.4,11789.4,11359.2,11785
1657054800,11785,11947.6,11702.4,11878
1657141200,11878,12141.6,11811,12093.3
1657227600,12093.3,12184.2,11926.4,12134.5
1657486800,12134.5,12134.5,11826.8,11873.8
1657573200,11873.8,11998.6,11688,11754.4
1657659600,11754.4,11943.6,11455.2,11708.8
1657746000,11708.8,11809.8,11486.8,11782.8
1657832400,11782.8,11996.2,11716.4,11994.4
1658091600,11994.4,12161.4,11833.8,11891.2
1658178000,11891.2,12303.4,11864.6,12293.6
1658264400,12293.6,12492.6,12211.3,12403
1658350800,12403,12630,12349,12547.8
1658437200,12547.8,12673.4,12319,12401.4
1658696400,12401.4,12473.4,12242,12300.4
1658782800,12300.4,12308.4,12047.6,12171.4
1658869200,12171.4,12664.8,12170.4,12556
1658955600,12556,12927.6,12424.2,12902.4
1659042000,12902.4,12987.2,12723.2,12954.8
1659301200,12954.8,13086.4,12830.6,12960
1659387600,12960,13075.6,12795.2,12898.4
1659474000,12898.4,13289.6,12846.2,13228.8
1659560400,13228.8,13333.6,13163,13305.8
1659646800,13305.8,13360,13061.4,13192.4
1659906000,13192.4,13395,13096.6,13189
1659992400,13189,13208.8,12945.6,13038.2
1660078800,13038.2,13389.4,12964.4,13362.2
1660165200,13362.2,13555,13266,13326.8
1660251600,13326.8,13561.6,13291.8,13559.2
1660510800,13559.2,13688,13475,13660.2
1660597200,13660.2,13722.6,13505.2,13645.4
1660683600,13645.4,13649.8,13384.8,13488.8
1660770000,13488.8,13555.2,13388.4,13518.6
1660856400,13518.6,13518.6,13209.2,13231.6
1661115600,13231.6,13231.6,12855.6,12913.6
1661202000,12913.6,12998.2,12803.8,12868.4
1661288400,12868.4,12992.8,12805.8,12940.2
1661374800,12940.2,13147.8,12909.4,13131
1661461200,13131,13205.6,12544.6,12547.4
1661720400,12547.4,12595.4,12388.6,12491.2
1661806800,12491.2,12643.6,12233.6,12345.9
1661893200,12345.9,12497,12266.6,12296.6
1661979600,12296.6,12296.6,12007,12279.2
1662066000,12279.2,12449.8,12029,12119.2
1662325200,12119.2,12155.4,12043.4,12125.1
1662411600,12125.1,12232.4,11918.6,12012.8
1662498000,12012.8,12297.6,11914.8,12255.2
1662584400,12255.2,12370.6,12109.2,12340.6
1662670800,12340.6,12607.6,12323.8,12584
1662930000,12584,12767.6,12567.6,12765.8
1663016400,12765.8,12877.2,11997.4,12041.9
1663102800,12041.9,12166.6,11994.8,12164
1663189200,12164,12182,11852.8,11888.4
1663275600,11888.4,11888.4,11693.4,11877.3
1663534800,11877.3,11988,11714.2,11968.6
1663621200,11968.6,12014.2,11750.4,11870.2
1663707600,11870.2,12065.4,11574.8,11593.2
1663794000,11593.2,11722.8,11437.2,11492.8
1663880400,11492.8,11527,11156.4,11314.6
1664139600,11314.6,11464.6,11183.8,11240.8
1664226000,11240.8,11494.2,11160.8,11289.8
1664312400,11289.8,11551.4,11077,11479
1664398800,11479,11503.4,11030.8,11171.4
1664485200,11171.4,11295.6,10965.8,10998.8
1664744400,10998.8,11304,10831.2,11255.8
1664830800,11255.8,11617.2,11226.2,11584.8
1664917200,11584.8,11650.2,11308.8,11569
1665003600,11569,11669,11448.2,11449
1665090000,11449,11505.9,10985.2,11038.6
1665349200,11038.6,11076,10819.2,10936.8
1665435600,10936.8,10981.2,10710.2,10822.2
1665522000,10822.2,10917.8,10747.8,10795.2
1665608400,10795.2,11084.6,10427,11007.8
1665694800,11007.8,11195.2,10668.8,10688.6
1665954000,10688.6,11092,10674.8,11081.2
1666040400,11081.2,11378.2,11028.8,11272.2
1666126800,11272.2,11329.2,11005.5,11106.4
1666213200,11106.4,11283.4,10963.4,11014.6
1666299600,11014.6,11341,10892.8,11333.2
1666558800,11333.2,11485.6,11163.4,11415.4
1666645200,11415.4,11686.8,11385.8,11541.2
1666731600,11541.2,11657.8,11370.2,11430.4
1666818000,11430.4,11491.8,10880.9,11050.4
1666904400,11050.4,11578.4,11015.4,11578.2
1667163600,11578.2,11578.2,11320.8,11413.2
1667250000,11413.2,11576.8,11251.2,11283.6
1667336400,11283.6,11421.2,10871,10904.6
1667422800,10904.6,10958,10671.2,10695.4
1667509200,10695.4,10935.8,10600,10841.4
1667772000,10841.4,11008,10749.6,10984.4
1667858400,10984.4,11200.6,10898.6,11058
1667944800,11058,11131.8,10790,10810.4
1668031200,10810.4,11644.6,10770.5,11644.6
1668117600,11644.6,11844,11537.4,11803.4
1668376800,11803.4,11864.8,11668.4,11735.2
1668463200,11735.2,12084.8,11728.2,11865.6
1668549600,11865.6,11929,11674,11741
1668636000,11741,11794.8,11496,11712.6
1668722400,11712.6,11810.2,11574.2,11678.4
1668981600,11678.4,11722.4,11520.6,11555.6
1669068000,11555.6,11726,11493.8,11706.6
1669154400,11706.6,11858.8,11686.4,11842.2
1669240800,11842.2,11898.8,11840.8,11878.8
1669327200,11878.8,11890,11732.4,11754
1669586400,11754,11759.2,11548.2,11597.2
1669672800,11597.2,11676.8,11438.2,11493.4
1669759200,11493.4,12047.5,11469.8,12044.4
1669845600,12044.4,12110,11914.4,12006.8
1669932000,12006.8,12037.2,11710.2,11962.3
1670191200,11962.3,11995.3,11732.4,11798.6
1670277600,11798.6,11832.6,11492.4,11557.2
1670364000,11557.2,11585.8,11413.4,11490.4
1670450400,11490.4,11676.6,11425.6,11628.4
1670536800,11628.4,11733.8,11508.9,11546
1670796000,11546,11708.6,11516.2,11690.6
1670882400,11690.6,12229.2,11673.4,11824.8
1670968800,11824.8,11948.9,11608.8,11768
1671055200,11768,11776.6,11287.4,11338.8
1671141600,11338.8,11377.8,11167.6,11211.4
1671400800,11211.4,11300.8,11021.8,11075.4
1671487200,11075.4,11136.8,10933.6,11084.6
1671573600,11084.6,11289.6,11071.4,11257.2
1671660000,11257.2,11287.2,10776.6,10950.4
1671746400,10950.4,11048.6,10822.8,10974.2
1672092000,10974.2,11089.4,10802.2,10819
1672178400,10819,10901.8,10674.8,10702.8
1672264800,10702.8,10989,10695,10947.4
1672351200,10947.4,10971.2,10773,10960.4
1672696800,10960.4,11100.4,10768.8,10865.6
1672783200,10865.6,10988.6,10785,10904
1672869600,10904,10967,10730.4,10761
1672956000,10761,11089.8,10676.4,11032.2
1673215200,11032.2,11310.2,11032.2,11108.6
1673301600,11108.6,11217.6,11019.2,11209.6
1673388000,11209.6,11408.2,11169.2,11403.8
1673474400,11403.8,11507.8,11222.6,11451.6
1673560800,11451.6,11548.2,11318.6,11530.8
1673820000,11530.8,11567,11439.4,11493.2
1673906400,11493.2,11613.8,11459.6,11551.6
1673992800,11551.6,11687.8,11397.4,11412.2
1674079200,11412.2,11415.6,11237.8,11324.2
1674165600,11324.2,11615.6,11294.6,11606.4
1674424800,11606.4,11911.6,11579.8,11863.8
1674511200,11863.8,11938.6,11764.8,11901.1
1674597600,11901.1,11903.6,11533.8,11816.8
1674684000,11816.8,12060.6,11808.8,12006.8
1674770400,12006.8,12254.8,11964.4,12169.2
1675029600,12169.2,12198.4,11907.8,11936.6
1675116000,11936.6,12103,11818,12066.2
1675202400,12066.2,12470,12003,12453
1675288800,12453,12894.3,12447.8,12620.4
1675375200,12620.4,12827.6,12497.8,12565.6
1675634400,12565.6,12565.6,12406.2,12461
1675720800,12461,12766.8,12408,12689.2
1675807200,12689.2,12756.2,12468.4,12517.6
1675893600,12517.6,12686.2,12326.8,12409.6
1675980000,12409.6,12409.6,12201.2,12299.2
1676239200,12299.2,12524,12223.2,12502.8
1676325600,12502.8,12641.5,12347.2,12574
1676412000,12574,12708.2,12476.4,12700.2
1676498400,12700.2,12744.2,12415.4,12425.8
1676584800,12425.8,12425.8,12228.8,12349.6
1676844000,12349.6,12383.2,12312.6,12332.6
1676930400,12332.6,12345.2,12058,12077.6
1677016800,12077.6,12163.2,12000.2,12139.2
1677103200,12139.2,12232.2,12001.6,12164.4
1677189600,12164.4,12186.4,11895.2,11972.4
1677448800,11972.4,12161,11962.2,12066.2
1677535200,12066.2,12144.2,11998.2,12012
1677621600,12012,12112.6,11896.4,11956.4
1677708000,11956.4,12065,11801.4,12020
1677794400,12020,12297.2,11981.4,12296.2
1678053600,12296.2,12454.6,12245.4,12289.8
1678140000,12289.8,12349.4,12119.6,12151.8
1678226400,12151.8,12236.4,12086.6,12226.2
1678312800,12226.2,12341.4,11965.4,11996.6
1678399200,11996.6,12096,11788,11882.4
1678654800,11882.4,12086.2,11676.4,11950.8
1678741200,11950.8,12229.2,11909,12209.6
1678827600,12209.6,12280,11970.4,12268.8
1678914000,12268.8,12605.8,12187,12584.6
1679000400,12584.6,12682.6,12445.4,12520.8
1679259600,12520.8,12612.6,12401.6,12579
1679346000,12579,12774.4,12554,12751.6
1679432400,12751.6,12959,12555.4,12580.2
1679518800,12580.2,12908,12576,12751
1679605200,12751,12806.6,12606.6,12802
1679864400,12802,12857.1,12648.2,12695.6
1679950800,12695.6,12715.2,12516.8,12630.2
1680037200,12630.2,12880.6,12624.6,12848.8
1680123600,12848.8,12999.8,12819.6,12976.4
1680210000,12976.4,13199.4,12947.9,13196
1680469200,13196,13196,13042.6,13153.4
1680555600,13153.4,13237.8,13059.8,13122
1680642000,13122,13137.6,12896.8,12962.2
1680728400,12962.2,13085.8,12845.2,13057.8
1680814800,13057.8,13084.6,13021.4,13078.6
1681074000,13078.6,13097.6,12862.8,13059.8
1681160400,13059.8,13103.4,12950.8,12984.6
1681246800,12984.6,13144,12841.4,12859.4
1681333200,12859.4,13133.8,12829.3,13086.2
1681419600,13086.2,13160.6,12964,13106
1681678800,13106,13123.8,12983.4,13086.4
1681765200,13086.4,13204.2,13052.2,13101.2
1681851600,13101.2,13140.4,12979.6,13083.6
1681938000,13083.6,13114.4,12937,13005.2
1682024400,13005.2,13041.6,12897.8,12996.8
1682283600,12996.8,13053.8,12891.6,12973.2
1682370000,12973.2,12984.4,12727.2,12841.2
1682456400,12841.2,12937.2,12789,12885.4
1682542800,12885.4,13255.8,12861.4,13186
1682629200,13186,13266.6,13094.6,13257.2
1682888400,13257.2,13298.2,13189.6,13218.4
1682974800,13218.4,13264.6,13042.4,13099.6
1683061200,13099.6,13238.4,13011.2,13019.2
1683147600,13019.2,13101.2,12931.6,12984.8
1683234000,12984.8,13298.4,12984.8,13251
1683493200,13251,13313.8,13194.6,13281.6
1683579600,13281.6,13291.8,13199,13205.6
1683666000,13205.6,13390.6,13147.8,13352.6
1683752400,13352.6,13417.6,13305.4,13394.8
1683838800,13394.8,13439,13257.6,13317.6
1684098000,13317.6,13426,13297.2,13415.6
1684184400,13415.6,13507,13379.4,13454.4
1684270800,13454.4,13616.2,13422.4,13588.4
1684357200,13588.4,13863.6,13575.8,13862.8
1684443600,13862.8,13910.8,13766.8,13791.4
1684702800,13791.4,13900.6,13757.4,13873
1684789200,13873,13935,13671.2,13692.8
1684875600,13692.8,13805,13526.8,13801.4
1684962000,13801.4,13990.6,13763,13941.6
1685048400,13941.6,14332.6,13884.2,14328.9
1685307600,14328.9,14409.6,14328.9,14370.2
1685394000,14370.2,14533.4,14309.2,14379.8
1685480400,14379.8,14399.6,14223.8,14261.6
1685566800,14261.6,14499.2,14220,14468.3
1685653200,14468.3,14598.4,14440.8,14561.2
1685912400,14561.2,14669.4,14487.6,14558.2
1685998800,14558.2,14602.4,14479.8,14575.6
1686085200,14575.6,14655.8,14289.8,14301.2
1686171600,14301.2,14509.8,14240.8,14504.2
1686258000,14504.2,14670.2,14444,14549.6
1686517200,14549.6,14813.4,14538,14811.2
1686603600,14811.2,14952.8,14770.2,14928.8
1686690000,14928.8,15065.2,14798.4,15054.6
1686776400,15054.6,15262.6,14888.2,15189.8
1686862800,15189.8,15297.2,15086.8,15128.2
1687122000,15128.2,15149.9,15058.8,15068.4
1687208400,15068.4,15137.8,14954.8,15081.2
1687294800,15081.2,15106.8,14836.8,14871.2
1687381200,14871.2,15079.6,14798.4,15075.2
1687467600,15075.2,15076.2,14827.6,14898.2
1687726800,14898.2,14995.6,14697.8,14718.4
1687813200,14718.4,14992.8,14706.6,14942.2
1687899600,14942.2,15072.6,14875.8,15010.2
1687986000,15010.2,15055.8,14882,14964.8
1688072400,14964.8,15231.6,14954.2,15171.4
1688331600,15171.4,15245.4,15162,15209.2
1688418000,15209.2,15222.2,15188.4,15197
1688504400,15197,15283.4,15107.4,15206.6
1688590800,15206.6,15218,14964.2,15074
1688677200,15074,15222.8,15028.6,15059.4
1688936400,15059.4,15089.6,14935.8,15063.6
1689022800,15063.6,15154.4,14981.6,15139.8
1689109200,15139.8,15383.6,15130.6,15334.6
1689195600,15334.6,15617,15332.6,15575.2
1689282000,15575.2,15733,15541.6,15570.6
1689541200,15570.6,15758.4,15538.2,15702.4
1689627600,15702.4,15905.6,15609.8,15824
1689714000,15824,15937.8,15787.8,15816.4
1689800400,15816.4,15816.4,15423.8,15473.6
1689886800,15473.6,15594.8,15415.4,15446.8
1690146000,15446.8,15511,15378.2,15471.6
1690232400,15471.6,15638.8,15452.8,15624.6
1690318800,15624.6,15641.8,15418,15529.2
1690405200,15529.2,15806.4,15415.6,15486.4
1690491600,15486.4,15796.6,15449,15747.4
1690750800,15747.4,15817.6,15693.2,15784.2
1690837200,15784.2,15803.8,15643.4,15724.4
1690923600,15724.4,15724.4,15329,15366.4
1691010000,15366.4,15470,15254.6,15367.4
1691096400,15367.4,15528.4,15255,15281.6
1691355600,15281.6,15423.8,15252.8,15419.8
1691442000,15419.8,15426.6,15150.2,15287.6
1691528400,15287.6,15367.2,15085.1,15140.2
1691614800,15140.2,15376.6,15073.6,15153.6
1691701200,15153.6,15201,14972,15041.6
1691960400,15041.6,15224.2,14960,15222.8
1692046800,15222.8,15277.6,15021.4,15055.8
1692133200,15055.8,15106.8,14867.6,14882.6
1692219600,14882.6,14961.2,14682.6,14688.4
1692306000,14688.4,14751.6,14552.8,14693.8
1692565200,14693.8,14968,14669.4,14926.2
1692651600,14926.2,15072.6,14888.4,14920.8
1692738000,14920.8,15310,14914,15309.4
1692824400,15309.4,15374.2,14776.6,14790.4
1692910800,14790.4,15007.2,14712.4,14928.2
1693170000,14928.2,15085.6,14928.2,15066
1693256400,15066,15399.6,15018.2,15395.8
1693342800,15395.8,15492.6,15330,15483.2
1693429200,15483.2,15573.8,15428,15506.4
1693515600,15506.4,15629,15422.8,15480
1693774800,15480,15547,15469.4,15492.6
1693861200,15492.6,15560.6,15386.8,15492.2
1693947600,15492.2,15506,15293.4,15370.8
1694034000,15370.8,15376.6,15139.4,15270.8
1694120400,15270.8,15374.4,15207.6,15311
1694379600,15311,15510.8,15295.4,15486.2
1694466000,15486.2,15493.4,15301,15320.4
1694552400,15320.4,15439.6,15223.2,15392.6
1694638800,15392.6,15534.6,15349.8,15501.2
1694725200,15501.2,15539.4,15181.8,15208.2
1694984400,15208.2,15292.4,15154.6,15256
1695070800,15256,15273.6,15080.6,15217.8
1695157200,15217.8,15269.2,14960.7,14964.2
1695243600,14964.2,14981.2,14683.2,14690.8
1695330000,14690.8,14871.2,14678.8,14719.6
1695589200,14719.6,14807.2,14626.8,14804.2
1695675600,14804.2,14804.2,14521.4,14580.6
1695762000,14580.6,14680,14445,14627.8
1695848400,14627.8,14807.6,14515.8,14738
1695934800,14738,14920.8,14670.8,14752.2
1696194000,14752.2,14908.6,14685.8,14858.8
1696280400,14858.8,14893.2,14517.6,14579.4
1696366800,14579.4,14824.8,14455.6,14772
1696453200,14772,14827.2,14585.6,14729.8
1696539600,14729.8,15031.2,14530.4,15010.6
1696798800,15010.6,15088.6,14820.8,15068.6
1696885200,15068.6,15260,15049.6,15159.4
1696971600,15159.4,15294.6,15132.2,15290.4
1697058000,15290.4,15348.6,15096.6,15203
1697144400,15203,15246.4,14946.6,14991.2
1697403600,14991.2,15226.6,14967.2,15194.6
1697490000,15194.6,15202.2,14940.6,15134.6
1697576400,15134.6,15134.6,14875,14956.6
1697662800,14956.6,15033.8,14735.4,14743.4
1697749200,14743.4,14782.4,14549.8,14554.6
1698008400,14554.6,14760.8,14418.8,14658.8
1698094800,14658.8,14860.2,14618.2,14743.8
1698181200,14743.8,14765.8,14364.4,14379
1698267600,14379,14379,14060.4,14129.6
1698354000,14129.6,14327.2,14129.6,14191.2
1698613200,14191.2,14398.6,14191.2,14338.4
1698699600,14338.4,14430.4,14238.6,14380.2
1698786000,14380.2,14689.8,14339.4,14688.8
1698872400,14688.8,14944.8,14688.2,14898
1698958800,14898,15158.4,14860.6,15114.2
1699221600,15114.2,15186.6,15073.6,15157.8
1699308000,15157.8,15347.2,15111.2,15311.8
1699394400,15311.8,15352.2,15222.2,15294.2
1699480800,15294.2,15389.2,15175.8,15194.4
1699567200,15194.4,15552.4,15144.4,15521.6
1699826400,15521.6,15540,15404.4,15500.8
1699912800,15500.8,15862.6,15495.2,15837.8
1699999200,15837.8,15987.6,15774.4,15787.4
1700085600,15787.4,15849.6,15738.6,15841.6
1700172000,15841.6,15884.8,15768.2,15819.6
1700431200,15819.6,16061.2,15782.4,16034.6
1700517600,16034.6,16066.4,15861.4,15922.6
1700604000,15922.6,16125.4,15895.8,16000.4
1700690400,16000.4,16041.6,15990.7,16017.4
1700776800,16017.4,16027.2,15937.8,15967.4
1701036000,15967.4,16044.6,15894.8,15960.4
1701122400,15960.4,16026.8,15900.8,16012.6
1701208800,16012.6,16166,15984.4,16011.6
1701295200,16011.6,16064.8,15825.4,15927.2
1701381600,15927.2,16020.6,15833,16001.8
1701640800,16001.8,16001.8,15692.2,15836.2
1701727200,15836.2,15937.8,15739,15880.4
1701813600,15880.4,16017.6,15785.2,15797.4
1701900000,15797.4,16050.6,15774,16001.4
1701986400,16001.4,16103.2,15875.6,16078.2
1702245600,16078.2,16242.2,16030.8,16238.2
1702332000,16238.2,16400.6,16179.2,16397.8
1702418400,16397.8,16615.8,16386.2,16573.2
1702504800,16573.2,16691.4,16436.8,16552.2
1702591200,16552.2,16697.2,16541.2,16624.8
1702850400,16624.8,16799,16612.8,16749.2
1702936800,16749.2,16854,16735,16848.6
1703023200,16848.6,16897.8,16585.8,16617.8
1703109600,16617.8,16797.2,16617.8,16781.6
1703196000,16781.6,16872.6,16723.6,16793.8
1703541600,16793.8,16953,16793.8,16931.4
1703628000,16931.4,16966.8,16888.4,16965
1703714400,16965,16999.2,16914.6,16925.2
1703800800,16925.2,16966.6,16774.4,16844.2
1704146400,16844.2,16875.6,16471.8,16579.6
1704232800,16579.6,16583.5,16375.2,16395
1704319200,16395,16439.4,16291.2,16304.4
1704405600,16304.4,16431.6,16189.6,16322.6
1704664800,16322.6,16674,16235.4,16650.2
1704751200,16650.2,16732.8,16521.3,16694
1704837600,16694,16848.2,16666.2,16821
1704924000,16821,16921,16620.6,16825.6
1705010400,16825.6,16910.2,16734.1,16823.8
1705269600,16823.8,16892.1,16805.6,16838.6
1705356000,16838.6,16902.6,16681.2,16857.2
1705442400,16857.2,16859.8,16568.2,16743.4
1705528800,16743.4,17009.4,16717.9,17000.8
1705615200,17000.8,17354.6,16991,17347.8
1705874400,17347.8,17468,17322.2,17346
1705960800,17346,17451.2,17299.6,17447.2
1706047200,17447.2,17685.6,17447.2,17524.9
1706133600,17524.9,17644.8,17435,17476.2
1706220000,17476.2,17524.2,17359.2,17397.6
1706479200,17397.6,17609.2,17350.4,17595.4
1706565600,17595.4,17627.2,17358.6,17361.8
1706652000,17361.8,17374.6,17113.2,17156.6
1706738400,17156.6,17549.6,17153.5,17534.6
1706824800,17534.6,17686.2,17370.6,17599
1707084000,17599,17663.8,17465.4,17621.8
1707170400,17621.8,17686.4,17479.4,17570
1707256800,17570,17795.6,17549.8,17777.8
1707343200,17777.8,17816.8,17713.7,17779.8
1707429600,17779.8,17989.2,17770.6,17961.8
1707688800,17961.8,18043.4,17833.8,17851.6
1707775200,17851.6,17885.4,17479.4,17635.4
1707861600,17635.4,17820.8,17601.2,17806.8
1707948000,17806.8,17902.8,17712.8,17893.2
1708034400,17893.2,17960,17652,17659.2
1708293600,17659.2,17744.2,17659.2,17726.8
1708380000,17726.8,17726.8,17389.6,17530.8
1708466400,17530.8,17648.2,17324.4,17648.2
1708552800,17648.2,18037.8,17625.8,17974.8
1708639200,17974.8,18095.4,17897,17917.1
1708898400,17917.1,18016.8,17876.2,17912.5
1708984800,17912.5,18002,17870.7,17976
1709071200,17976,17979.6,17814.4,17829.3
1709157600,17829.3,18076.7,17794,18036.6
1709244000,18036.6,18339.6,17997.7,18287.5
1709503200,18287.5,18343.2,18208.5,18217.1
1709589600,18217.1,18225.8,17810.8,17963.4
1709676000,17963.4,18152.3,17920.8,18021.6
1709762400,18021.6,18340.6,17895,18233.4
1709848800,18233.4,18416.8,17995.5,18037.1
1710104400,18037.1,18037.8,17873.4,18000.3
1710190800,18000.3,18262.8,17927.6,18246.4
1710277200,18246.4,18278.6,18056.9,18129.8
1710363600,18129.8,18201,17937.4,18042.8
1710450000,18042.8,18098.6,17787.4,17844.4
1710709200,17844.4,18161.6,17843.5,18011.5
1710795600,18011.5,18081.6,17838.5,18066
1710882000,18066,18333.9,18016.5,18325.8
1710968400,18325.8,18497,18316,18366.4
1711054800,18366.4,18417.3,18279.8,18355.4
1711314000,18355.4,18392.2,18207,18330.4
1711400400,18330.4,18417.8,18241.6,18281.2
1711486800,18281.2,18372.5,18179.5,18311.1
1711573200,18311.1,18342.9,18254.4,18271.1
1711918800,18271.1,18418.2,18221.3,18314.3
1712005200,18314.3,18326,18016.9,18165.8
1712091600,18165.8,18271.3,18051.9,18210.5
1712178000,18210.5,18387.8,17876.5,17893.9
1712264400,17893.9,18234.7,17873.4,18137
1712523600,18137,18202.1,18065,18137
1712610000,18137,18240.8,17987.5,18216
1712696400,18216,18302.8,17888,18028.9
1712782800,18028.9,18359.3,17929.2,18327
1712869200,18327,18348.1,17964.6,18017
1713128400,18017,18195,17694.8,17735.6
1713214800,17735.6,17845.6,17645.3,17749.6
1713301200,17749.6,17826.2,17478,17526
1713387600,17526,17631.9,17372.6,17396.2
1713474000,17396.2,17418.8,16985.3,17052.5
1713733200,17052.5,17327.9,17020,17223.3
1713819600,17223.3,17545.6,17166.5,17538.3
1713906000,17538.3,17675,17362,17384.6
1713992400,17384.6,17712.2,17188,17695.6
1714078800,17695.6,17787.4,17553,17724.1
1714338000,17724.1,17835.3,17685.2,17806.9
1714424400,17806.9,17813.8,17374.8,17410.8
1714510800,17410.8,17693.1,17300.3,17378.6
1714597200,17378.6,17657.5,17288.8,17643.2
1714683600,17643.2,17950.4,17622.1,17926.5
1714942800,17926.5,18103.4,17886.2,18086.8
1715029200,18086.8,18167.6,18051.7,18100.3
1715115600,18100.3,18144.8,17975.1,18070.5
1715202000,18070.5,18143.7,18008.6,18125.8
1715288400,18125.8,18249.7,18094.6,18153.8
1715547600,18153.8,18246,18139.2,18200.3
1715634000,18200.3,18353.8,18080.2,18331.6
1715720400,18331.6,18624.7,18311.1,18612.4
1715806800,18612.4,18675.2,18551.9,18555.1
1715893200,18555.1,18604.6,18466.4,18556.5
1716152400,18556.5,18716,18556.5,18669.8
1716238800,18669.8,18732.6,18602.2,18722.5
1716325200,18722.5,18818.3,18608.3,18746.3
1716411600,18746.3,18950,18549.3,18617.8
1716498000,18617.8,18858,18614.2,18804
1716757200,18804,18887.9,18766.2,18883.4
1716843600,18883.4,18913.1,18751.8,18897.4
1716930000,18897.4,18897.4,18689.3,18695.3
1717016400,18695.3,18734,18499.3,18544.1
1717102800,18544.1,18617.4,18191.1,18526
1717362000,18526,18708.9,18389.5,18616.8
1717448400,18616.8,18708.8,18463.5,18666.5
1717534800,18666.5,19051.5,18656.8,19048.5
1717621200,19048.5,19083,18985,19035
1717707600,19035,19123.8,18904.1,18999
1717966800,18999,19104.6,18942.2,19082
1718053200,19082,19236,18969.6,19227.9
1718139600,19227.9,19593.1,19212.6,19586.3
1718226000,19586.3,19668.4,19481.4,19588.2
1718312400,19588.2,19679.4,19478.8,19673.4
1718571600,19673.4,19990.1,19620.6,19908.8
1718658000,19910.8,19991.6,19855.4,19956.5
1718744400,19958.6,20003.6,19953.6,19989.5
1718830800,19996.6,20128.9,19727.1,19822.5
1718917200,19813.2,19853.4,19682.1,19780.6
1719176400,19781.2,19799.7,19507.8,19529.3
1719262800,19547.4,19763.2,19506.2,19751.6
1719349200,19749.8,19852.9,19684,19738
1719435600,19747.2,19901.1,19659.1,19854.1
1719522000,19851.8,20057.9,19694.3,19754.9
1719781200,19756.6,19872,19599.5,19839.6
1719867600,19847.4,20058.2,19708,20038.2
1719954000,20036.8,20233.7,20002.8,20214.6
1720040400,20203.8,20216.1,20168.6,20178.1
1720126800,20171.2,20438.3,20171.2,20393.6
1720386000,20385.8,20494.4,20378.2,20488.6
1720472400,20480.5,20578.3,20425,20496.3
1720558800,20495.2,20725.5,20493.8,20703.6
1720645200,20700.7,20792,20191.8,20249.6
1720731600,20253.6,20558.8,20151,20357
1720990800,20377.6,20614.6,20324.5,20441.4
1721077200,20451.8,20501.8,20295.6,20420.9
1721163600,20412.4,20428,19804.7,19852.4
1721250000,19883.1,20001,19600.9,19789.2
1721336400,19791.3,19821,19501,19552.2
1721595600,19585.9,19899.3,19565.8,19835.8
1721682000,19838.9,19940.6,19723.4,19814.2
1721768400,19690.4,19710.9,19033,19130.6
1721854800,19135.8,19261.7,18747.8,18858.4
1721941200,18886.8,19168.7,18865.4,19044.5
1722200400,19082,19248,18984.7,19097.8
1722286800,19107.5,19198.3,18613.4,18757.8
1722373200,18761.4,19527.4,18752.4,19461.2
1722459600,19471.5,19598.8,18736.4,18848.9
1722546000,18855.8,18858.9,18267.9,18409.8
1722805200,18241.2,18281.6,17248.4,18047.6
1722891600,18117,18390.4,17872,17996.4
1722978000,17964.8,18465.7,17743.8,17763.7
1723064400,17804.4,18503.5,17652.3,18472.4
1723150800,18464.2,18584.8,18292.8,18507.6
1723410000,18532.1,18673.3,18425.1,18544.6
1723496400,18559.2,19037.9,18544.2,19014.7
1723582800,19030.7,19122,18842.5,19060.1
1723669200,19051.8,19518,19015.4,19479.2
1723755600,19480.1,19593.6,19359.2,19523.4
1724014800,19537.2,19793.4,19439.2,19775.9
1724101200,19797.1,19852.4,19664.7,19728
1724187600,19729.9,19905.7,19695.8,19844.2
1724274000,19844.5,19948.2,19470.1,19546.4
1724360400,19546.4,19831.1,19524.6,19707.8
1724619600,19721.2,19777.6,19438.5,19494.2
1724706000,19505.4,19635,19382.9,19573.8
1724792400,19582,19630.8,19175.6,19250.2
1724878800,19155,19638.8,19088,19398.6
1724965200,19401.2,19583.4,19318,19545.6
1725224400,19562.8,19619.8,19462,19597.2
1725310800,19614.5,19632.7,18873.8,18949.8
1725397200,18956.8,19075.8,18787.6,18928
1725483600,18940.3,19114,18793.2,18888.6
1725570000,18893.2,18935.2,18309.8,18338.4
1725829200,18385,18712,18356.5,18694.4
1725915600,18711.8,18854,18560.4,18809.8
1726002000,18810.8,19275.6,18525.3,19227
1726088400,19214.8,19467.4,19167.3,19397.1
1726174800,19399,19559,19380.4,19491.7
1726434000,19498.8,19530.6,19283.6,19423.2
1726520400,19431.2,19619.8,19354.8,19473.9
1726606800,19471.5,19698.4,19361.5,19423.2
1726693200,19443.2,20002.5,19433.2,19857.6
1726779600,19865.8,19888.8,19659.8,19820.8
1727038800,19823.6,19968.5,19760.8,19871.9
1727125200,19871,20026.3,19764.6,19999.8
1727211600,19999,20084.9,19878,20055.6
1727298000,20054.9,20351.4,20002.2,20162
1727384400,20167,20213.2,19994,20018.8
1727643600,20021,20113.4,19884.5,20070.2
1727730000,20069.8,20158,19645.2,19796.1
1727816400,19808.4,19917,19661.5,19888.9
1727902800,19882.6,19943.2,19681.6,19792.6
1727989200,19788.6,20095.4,19774,20030.9
1728248400,20066,20096.8,19787.1,19855.2
1728334800,19866,20169.8,19740.5,20126
1728421200,20125.2,20324.5,20036.6,20287.1
1728507600,20284.2,20349.8,20143.5,20281.3
1728594000,20275.3,20338,20158.5,20258.3
1728853200,20270,20523.3,20227.6,20488.6
1728939600,20482.2,20512,20110.5,20187.9
1729026000,20192.4,20254,20062.8,20190
1729112400,20195.6,20454.5,20137.6,20248.2
1729198800,20249.6,20391.9,20183.4,20348.1
1729458000,20368,20420.3,20209,20416.6
1729544400,20410.8,20477.3,20233.9,20399.6
1729630800,20379.8,20417.8,19958.6,20155.4
1729717200,20174.1,20306.3,20141.5,20266.8
1729803600,20269.2,20589.5,20246.4,20359.6
1730062800,20430.8,20559.3,20374.1,20397.3
1730149200,20399.3,20654.7,20320.3,20601
1730235600,20617.7,20683.1,20370.4,20400.9
1730322000,20387,20390.8,19910.9,19941
1730408400,19985.5,20190,19919.2,20072.8
1730671200,20007.6,20151.2,19916,20018.8
1730757600,20031,20298,19953.6,20270.3
1730844000,20268.6,20848.1,20236.5,20841.4
1730930400,20822.2,21166.2,20773.8,21138.9
1731016800,21125.8,21174.8,21032,21138.6
1731276000,21175.4,21250.3,21018.5,21133.6
1731362400,21128.4,21171.5,20977.9,21104.9
1731448800,21089.4,21191,20980.5,21088.7
1731535200,21079,21115.4,20878.6,20907.4
1731621600,20890.9,20891.2,20335.8,20431.8
1731880800,20420.6,20652.3,20404.8,20566.1
1731967200,20555.9,20730.5,20318,20695.2
1732053600,20695.2,20781,20415.4,20682.1
1732140000,20660,20842.4,20451.4,20737.2
1732226400,20714,20821.1,20633.2,20817.7
1732485600,20880.8,21021.8,20729.2,20849
1732572000,20863.5,20973.1,20704,20954.2
1732658400,20918.8,20968.2,20628.4,20759
1732744800,20770,20862.3,20770,20839.3
1732831200,20837.8,20973.9,20757.8,20946
1733090400,20955,21223.7,20897.2,21175
1733176800,21170.9,21294.8,21098,21293.2
1733263200,21280.5,21516.5,21272.2,21484.4
1733349600,21471.6,21536.2,21406.6,21423.1
1733436000,21419.8,21635,21390.9,21601.3
1733695200,21597.8,21673.4,21404.1,21454.6
1733781600,21453,21581.9,21330.5,21411.3
1733868000,21414.8,21800,21383.6,21736.3
1733954400,21737.2,21752.5,21588,21617.4
1734040800,21711.6,21889.2,21648.6,21744
1734300000,21752,22135.4,21745.6,22095
1734386400,22093,22108,21926,22013.5
1734472800,21994.1,22097.5,21051.4,21201.6
1734559200,21227,21437.8,21115.5,21179.5
1734645600,21189.8,21610,20775,21352.2
1734904800,21452.4,21586.8,21281.6,21546.8
1734991200,21557.1,21859.5,21519.3,21856.6
1735164000,21866,21920.6,21680.5,21795.9
1735250400,21807.5,21821.8,21320.5,21541.6
1735509600,21560.6,21562.2,21074.6,21217.8
1735596000,21217.2,21354.7,21015.3,21068.2
1735768800,21094.2,21323.4,20823.6,21023.8
1735855200,21020.4,21397.3,20981.4,21327.7
1736114400,21370.9,21734.5,21317.4,21617.6
1736200800,21625.8,21648,21126.7,21219.8
1736287200,21209.8,21293.3,21016.6,21179.4
1736373600,21175.2,21197.2,21068,21154
1736460000,21156.4,21221.8,20725.2,20847.8
1736719200,20848.6,20893.4,20551.6,20858.2
1736805600,20894.8,21009.6,20641.3,20845
1736892000,20837.3,21318.7,20776.3,21242.6
1736978400,21250.4,21431.8,21041,21082.3
1737064800,21087.2,21548.5,21077.8,21456.2
1737324000,21480.4,21647.7,21397.6,21557.4
1737410400,21562.8,21662.2,21249.9,21652.2
1737496800,21662.5,21972.4,21648.3,21862.1
1737583200,21858.4,21932.4,21734.9,21906.6
1737669600,21893.4,21960.3,21728.5,21792.7
1737928800,21579.2,21607.7,20648.9,21190.2
1738015200,21233,21513.4,21049.3,21443.6
1738101600,21423.8,21585.2,21256.3,21468.9
1738188000,21424.6,21636.3,21307.6,21497
1738274400,21577.4,21853.6,21424.6,21447.1
1738533600,20982,21467.4,20868.5,21440.8
1738620000,21471.8,21592.4,21133.8,21479.4
1738706400,21480,21700.3,21331.4,21674.4
1738792800,21664.6,21787.5,21611.6,21752.6
1738879200,21724.5,21871.9,21463,21487.3
1739138400,21396.7,21799.8,21396.7,21751.6
1739224800,21737.8,21785.4,21584.3,21722.2
1739311200,21733.4,21791.3,21436.6,21787.3
1739397600,21788.6,22053.6,21682.4,22008.8
1739484000,22013,22152.2,21970,22136.7
1739743200,22153.4,22210.8,22122,22161.6
1739829600,22160.4,22248,22032.3,22160.5
1739916000,22182.6,22241.3,22057.1,22165.6
1740002400,22166.3,22172.8,21889.1,22074.6
1740088800,22078,22182.5,21595.6,21603.5
1740348000,21651.3,21754.1,21358.8,21380.6
1740434400,21391.9,21402.4,20942,21149
1740520800,21190.6,21365.9,21021.6,21224.6
1740607200,21210.4,21343.4,20543.2,20598.4
1740693600,20622.6,20904.7,20417.4,20867.6
1740952800,20958.9,21081,20278,20488.2
1741039200,20460,20703.4,20035.6,20511.8
1741125600,20510.8,20697.3,20186.2,20590
1741212000,20585.6,20618,19976.6,20160.7
1741298400,20176.3,20260.8,19736.7,20173.6
1741554000,20047.6,20129,19253.8,19458.2
1741640400,19418,19667.6,19124.9,19386.4
1741726800,19405.1,19771.3,19370.8,19557.6
1741813200,19556.8,19678.6,19157.7,19282.1
1741899600,19296.6,19727,19289.8,19649.2
1742158800,19658,19952.3,19535.8,19823.8
1742245200,19834.1,19851.4,19395.8,19506.5
1742331600,19502,19963.4,19463,19767.7
1742418000,19778.4,19923.7,19554.2,19714
1742504400,19715.2,19802.2,19423.3,19794.4
1742763600,19887.6,20234,19881.6,20182.8
1742850000,20187.4,20350.7,20118.6,20340.2
1742936400,20337,20363.2,19871.7,19912.7
1743022800,19869,20025.4,19764.8,19833.2
1743109200,19829.7,19846.4,19209.2,19213.3
1743368400,19143.2,19341.8,18817.8,19263.5
1743454800,19255.2,19496.2,19113.5,19447.8
1743541200,19457.8,19895,18928.4,18976.7
1743627600,18873.8,19025.1,18472,18506.8
1743714000,18526.4,18570.8,17259.6,17364.8
1743973200,16548,18230.3,16335.1,17508.3
1744059600,17553.6,18232.8,16851,17100.2
1744146000,17090.2,19268.2,16614.2,19238.4
1744232400,19153.2,19268,17804.4,18382.4
1744318800,18392.7,18751,17956.8,18693.7
1744578000,18982,19133.5,18616.2,18791.9
1744664400,18774.6,19026.4,18692.8,18814.8
1744750800,18590.6,18741.6,18003.8,18255.9
1744837200,18289.8,18539,18149,18319.6
1745182800,18241.2,18264.2,17592.4,17803.5
1745269200,17805.8,18415.9,17756.3,18258.6
1745355600,18588.9,19067.8,18527.1,18756
1745442000,18690.9,19319.9,18495,19251.6
1745528400,19281,19490.8,19118.2,19452.4
1745787600,19404.5,19524.6,19159.8,19388.1
1745874000,19378,19597,19287.2,19524
1745960400,19492.4,19789.4,19013,19757.2
1746046800,19758.9,20037,19667.7,19708.5
1746133200,19697.5,20186.7,19658.8,20112.3
1746392400,20083.2,20108.8,19878.8,19958.1
1746478800,19942.2,19953.8,19656.8,19772.3
1746565200,19867.3,20054.6,19602.8,19883.2
1746651600,19856.8,20261.3,19835.6,20079.6
1746738000,20099.8,20212,19981.8,20066.1
1746997200,20362.6,20923.2,20301.1,20884.6
1747083600,20869.3,21273.9,20746,21181.5
1747170000,21191.8,21348.5,21166,21327.8
1747256400,21293.6,21455.1,21118,21325.2
1747342800,21306.6,21437.7,21243.8,21333
1747602000,21253.4,21476.5,21038.8,21448.5
1747688400,21435,21495,21234.4,21358.8
1747774800,21340.6,21496.5,21011,21082.4
1747861200,21098.6,21277.7,20978,21153
1747947600,21167.4,21171.8,20667.9,20897.4
1748206800,20908,21251.2,20902.6,21222.9
1748293200,21216.9,21440.8,21085.6,21427.8
1748379600,21422.3,21519.6,21287.1,21478.4
1748466000,21446.4,21813.6,21256.6,21338.6
1748552400,21311,21391.2,21026.8,21322.8
1748811600,21272.6,21541.9,21121.2,21517.1
1748898000,21509,21727.1,21364.9,21655.1
1748984400,21660,21767.9,21607.5,21714.7
1749070800,21702.9,21899.5,21473.2,21484.2
1749157200,21453,21843,21451.6,21781
1749416400,21789.6,21862.2,21687.2,21799.2
1749502800,21805,21972.6,21710.6,21932.8
1749589200,21931.2,22074.2,21771.5,21861.6
1749675600,21836,21957.8,21697.1,21893.8
1749762000,21883,21888.8,21454.1,21637.6
1750021200,21546.6,21981.1,21523.8,21930.5
1750107600,21938.6,21940.4,21684.5,21739.8
1750194000,21718.6,21881.6,21649.2,21767.8
1750280400,21754.5,21759,21449,21498.6
1750366800,21603.4,21925.6,21569.4,21677.4
1750626000,21477.1,21903.6,21465.3,21879.5
1750712400,21881.5,22257.5,21877.4,22221.5
1750798800,22211.4,22358,22196,22279.3
1750885200,22267.4,22505.2,22248.6,22484.4
1750971600,22488,22632.8,22412.8,22551.6
1751230800,22580,22751.4,22569.4,22688.3
1751317200,22677.8,22733.6,22413.8,22510.8
1751403600,22517.9,22679.4,22406.2,22675.2
1751490000,22669,22922.3,22648,22867.3
1751576400,22855,22881.3,22700.8,22723.8
1751835600,22815.6,22844.8,22611.8,22669.2
1751922000,22680.5,22802.6,22640.6,22736.6
1752008400,22751.1,22945,22678,22878.6
1752094800,22872.6,22925.8,22737.3,22849.2
1752181200,22852.6,22887.1,22669.6,22779
1752440400,22682.8,22908.9,22646.4,22887
1752526800,22873.6,23071.5,22845.8,22868.3
1752613200,22877.6,22953.9,22690.4,22915.8
1752699600,22917.5,23133.8,22871.3,23119.8
1752786000,23105.4,23175.4,23028.9,23085.2
1753045200,23073,23288,23062.5,23210.1
1753131600,23209.4,23232.1,22974.8,23065.9
1753218000,23070.6,23288,23015.8,23281.5
1753304400,23264,23295.3,23170.2,23267.1
1753390800,23260.3,23351.8,23204.3,23319.6
1753650000,23415.2,23460.6,23312.6,23395.8
1753736400,23389.6,23535.8,23308.3,23337
1753822800,23346.2,23576.8,23247,23546.6
1753909200,23580.4,23732.5,23181.6,23218.3
1753995600,23208.6,23236.8,22681.9,22766.6
1754254800,22772.2,23254.8,22718.4,23254.7
1754341200,23244.6,23306.3,22990.4,22991.2
1754427600,23012.1,23351.8,22951.4,23318.2
1754514000,23318,23578.2,23238.6,23426.3
1754600400,23427.5,23677.5,23411,23676.4
1754859600,23667,23711.5,23502.8,23541.5
1754946000,23555.4,23870.1,23511.2,23867.4
1755032400,23855.3,23986,23806.1,23845.8
1755118800,23842,23924.7,23712.8,23808.3
1755205200,23802.4,23882.7,23658,23721.1
1755464400,23739.5,23804.2,23641.6,23720.7
1755550800,23734,23768.4,23360.9,23408
1755637200,23411.2,23420.2,22970,23258.2
1755723600,23268.8,23304.3,23056.6,23158.4
1755810000,23169,23584.6,23013.2,23516.9
1756069200,23522.8,23557.3,23381.5,23449.5
1756155600,23444.8,23558.7,23316.6,23554.9
1756242000,23561,23620.4,23386.2,23491.4
1756328400,23480.6,23755.7,23438.6,23713.9
1756414800,23708.1,23712.6,23353.8,23412.5
1756674000,23418.8,23506.5,23326,23453.4
1756760400,23448.6,23450.5,22979.2,23342.2
1756846800,23341.4,23489.5,23264.2,23421.9
1756933200,23410.1,23676.3,23375.8,23653.8
1757019600,23663.2,23867,23470.5,23639.9
1757278800,23639.8,23853.6,23616.4,23769
1757365200,23779.4,23891.4,23698.8,23864.6
1757451600,23876.6,24018.8,23763.2,23838.8
1757538000,23840.8,24024.5,23819.8,23989.6
1757624400,23995.2,24141.2,23949,24096.4
1757883600,24093.3,24304,24056.8,24287
1757970000,24279.2,24392.5,24247.3,24285.2
1758056400,24287,24340.8,24022,24289.8
1758142800,24296.2,24608.8,24288.8,24509.5
1758229200,24514.7,24682.1,24446.7,24653.4
1758488400,24648.6,24825.1,24540.2,24793.8
1758574800,24788.2,24824.2,24581.9,24636.8
1758661200,24647.9,24713.1,24432.9,24549.9
1758747600,24555,24596.7,24227.2,24445.5
1758834000,24439.4,24557.5,24327.7,24537.3
1759093200,24547.5,24785,24535.2,24630.2
1759179600,24637.2,24734.2,24538.8,24659.6
1759266000,24667.4,24855.8,24452.7,24830.1
1759352400,24827.2,25001.1,24815,24929.7
1759438800,24916.9,25016.4,24745.6,24805
1759698000,24837,25082.6,24832.9,25011.8
1759784400,25021,25104.7,24818,24892.2
1759870800,24899,25200,24859.2,25186.8
1759957200,25184.1,25228.2,24998.4,25122.3
1760043600,25131.2,25225.3,23998.6,24018.5
1760302800,24575.8,24808.3,24457.1,24752
1760389200,24762.8,24890.2,24269.8,24606.4
1760475600,24644.2,24969.8,24519,24801.6
1760562000,24800.6,25034.5,24501.8,24650.2
1760648400,24679.6,24917.1,24268.2,24895.9
1760907600,24948,25222.1,24820.6,25193.4
1760994000,25192.8,25236.8,25072.4,25136.4
1761080400,25152.1,25209.4,24680.2,24913.2
1761166800,24877.1,25172.3,24811.4,25152.6
1761253200,25167.8,25447,25162.7,25393.2
1761512400,25602,25897.9,25579.6,25889.3
1761598800,25877.8,26118.5,25828.7,26060.9
1761685200,26065.2,26266.7,25938.3,26114.3
1761771600,26085.7,26288.1,25745.2,26034
1761858000,26066.6,26162.4,25780.2,25874.8
1762120800,25921.4,26156.6,25907,26009.9
1762207200,25993,25998.4,25426.6,25479
1762293600,25464.9,25785.4,25186.6,25638.8
1762380000,25658.8,25730,25110.8,25226.4
1762466400,25199.6,25265.8,24625.9,25138.2
1762725600,25258.7,25678.1,25182.4,25637.6
1762812000,25643,25687.2,25397,25579.8
1762898400,25589.8,25750.4,25412.4,25553.6
1762984800,25543.9,25644.4,24930.8,25014.8
1763071200,25038,25221.5,24551,25070.8
1763330400,25011,25288.7,24667.5,24841.6
1763416800,24846.9,24893.7,24314.2,24469.6
1763503200,24485.6,24924.2,24384.1,24899.7
1763589600,24919.4,25245.8,24011.2,24024.6
1763676000,24056.4,24538.2,23840.1,24289
1763935200,24452.6,24939.4,24304,24909.5
1764021600,24916.6,25085.8,24548.8,25014.6
1764108000,25022.4,25324,25011.4,25265.2
1764194400,25279.8,25290,25237,25252
1764280800,25258.4,25455.2,25255.2,25426.2
1764540000,25468,25479.2,25149.2,25365
1764626400,25381.2,25633.8,25288.9,25567.2
1764712800,25588.6,25653.3,25386.3,25616.2
1764799200,25617.2,25699.1,25458.9,25600.8
1764885600,25608.3,25834.4,25547,25701.8
1765144800,25713,25828.1,25541,25683.1
1765231200,25681,25714.3,25535.8,25658.2
1765317600,25663.7,25849,25507.4,25781.2
1765404000,25764.2,25844.6,25363.5,25818
1765490400,25696.8,25715,25099.8,25191.2
1765749600,25223.8,25391.6,25017.6,25111.2
1765836000,25120.6,25232.6,24838.8,25114.2
1765922400,25129.5,25296.6,24697.3,24770
1766008800,24795.3,25220.7,24710.6,25028.6
1766095200,25054.4,25408.8,25018.7,25399.4
1766354400,25464.4,25600.3,25435.7,25511.4
1766440800,25520.3,25637.6,25421.3,25629.2
1766527200,25620.9,25708,25592.8,25676.7
1766700000,25692.4,25751,25650.7,25676.6
1766959200,25695,25714.6,25478.2,25575
1767045600,25570.8,25625,25502.8,25510.2
1767132000,25522.7,25550,25268.3,25268.6
1767304800,25310.9,25638,25103.7,25231
1767564000,25277.8,25547.9,25245.2,25424.4
1767650400,25439.2,25686.3,25374.3,25679.8
1767736800,25677.8,25846.8,25575.6,25686
1767823200,25693.4,25697.5,25420.5,25570.4
1767909600,25571.8,25840.3,25470,25786.6
1768168800,25759.4,25877.9,25488.6,25803.4
1768255200,25799,25906.4,25667.3,25762.4
1768341600,25773.5,25787.7,25288.8,25474.8
1768428000,25455.8,25819.8,25430.4,25575.4
1768514400,25587.8,25759,25459.7,25552.6
1768773600,25323.5,25341.2,25108.4,25283.4
1768860000,25280.8,25318,24976.2,25028.2
1768946400,25034,25539.3,24910.6,25395
1769032800,25431.8,25626.2,25370,25508.6
1769119200,25481.4,25733.4,25428.4,25567.4
1769378400,25341.7,25827.6,25315.7,25755.5
1769464800,25743.1,26016,25737.9,26007.2
1769551200,26031.7,26246.4,25896.4,26166.6
1769637600,26187.4,26192.8,25435,25894.8
1769724000,25904.6,25920,25470.4,25549.8
1769983200,25426.6,25859.6,25084.4,25786
1770069600,25794.6,25938.6,25130.3,25335.6
1770156000,25300.8,25431.6,24700.8,25004.2
1770242400,24987.4,25087.9,24331.3,24354.4
1770328800,24366.1,25146.5,24165.2,25028.4
1770588000,25118.7,25359.8,24879.4,25292.4
1770674400,25314.4,25376.8,25130,25186.7
1770760800,25204.8,25396.8,24990,25218.8
1770847200,25203,25353.8,24658.4,24759.6
1770933600,24759,24933.4,24513.2,24720
1771192800,24761.3,24859.6,24609.4,24678.8
1771279200,24701.8,24837,24389.4,24721.4
1771365600,24710,25076.4,24649.4,24886.2
1771452000,24901.2,24998.4,24696.8,24783.8
1771538400,24781,25086.3,24626,25028
1771797600,24998.8,25007,24617.5,24744
1771884000,24745.9,25037.8,24651.5,24980.9
1771970400,24970.5,25455,24952.6,25419
1772056800,25373.8,25378.8,24823,24996.6
1772143200,24955.6,25060,24744,24925.8
1772402400,24668.9,25063.6,24441.1,24960
1772488800,24950.7,24964.6,24314.6,24686.2
1772575200,24671,25191.8,24472.2,25106.2
1772661600,25127.2,25215.8,24747.6,24983.4
1772748000,24974.2,25111.2,24578,24645
1773003600,24332,25034,23972.7,24947.6
1773090000,24926.6,25198.5,24812.2,24988.6
1773176400,24979.5,25159.8,24857,24930.8
1773262800,24910,24914.4,24502.6,24557
1773349200,24540.6,24787.2,24324,24328.2
1773608400,24308.7,24802.2,24280.5,24682.9
1773694800,24665.8,24922,24536.4,24835
1773781200,24823.8,25019.8,24378,24425.6
1773867600,24427.2,24537.4,24139.2,24435.4
1773954000,24463,24476.6,23791.8,24024.4
1774213200,23768.3,24580.4,23591.7,24225.4
1774299600,24218.6,24376,23958.2,24236.3
1774386000,24261.4,24367.9,24115.4,24197.2
1774472400,24189.8,24248.8,23598.5,23657.8
1774558800,23688.8,23810,23075.2,23104.2
1774818000,23020.4,23413.6,22876.5,22955
1774904400,22982.4,23823.4,22813,23746.8
1774990800,23759.4,24194.3,23755,24036.6
1775077200,24022.8,24089.6,23511,24062.6
1775163600,24051.8,24102.5,23954.1,23976.6
1775422800,23881.4,24299,23829,24214.2
1775509200,24224.1,24311.1,23808.2,24262.1
1775595600,24461.4,25117.2,24223.4,24897.2
1775682000,24913.2,25127,24809,25096.8
1775768400,25093.3,25251.1,25051.4,25184.2
1776027600,24832.6,25451.6,24781.4,25450.8
1776114000,25436.2,25867.8,25425.6,25855.6
1776200400,25855.5,26242.5,25799.8,26223.8
1776286800,26214.2,26429.3,26141.8,26335.7
1776373200,26322.2,26749.5,26310.4,26708
1776632400,26407.4,26692.8,26404,26651.8
1776718800,26655,26777.4,26430.7,26613
1776805200,26626.2,27014.4,26612.1,26987
1776891600,26965.2,27035.1,26561.2,26826.6
1776978000,26901.6,27345.6,26889.7,27323.4
1777237200,27267.8,27424.4,27181.8,27312
1777323600,27326.4,27402.3,26902.8,27085.6
1777410000,27112.2,27310.1,26992.1,27055.6
1777496400,27134.8,27520.2,27059.9,27504
1777582800,27520.4,27815.2,27433.9,27685.4
1777842000,27801.2,27864.4,27522.2,27651.4
1777928400,27676.6,28153,27636.8,28116.4
1778014800,28161.2,28707.5,28154.8,28613.8
1778101200,28579.4,28852.5,28463.8,28548.6
1778187600,28481.3,29291.8,28479.9,29241
1778446800,29212.4,29391,29133.3,29311.7
1778533200,29332.7,29370.5,28661.6,29055.6
1778619600,29061.4,29485.2,28974.8,29458
1778706000,29452.4,29704,29368.3,29602.2
1778792400,29613.6,29650.4,29006.8,29117
1779051600,29130.9,29340.6,28736.4,29002.5
1779138000,29041.2,29112.8,28587.8,28829.2
1779224400,28854.1,29332,28731,29222.8
1779310800,29199.4,29489.8,29046.4,29390.6
1779397200,29406.2,29686,29373.8,29466
1779656400,29687.2,29932.8,29682.5,29898.8
1779742800,29859.8,30060.5,29682.8,29993.4
1779829200,30020.4,30327.5,29826.8,30071.8
1779915600,30066.2,30296.6,29715.8,30270
1780002000,30301.6,30488.6,30169.4,30344.4
1780261200,30389.2,30656.2,30247,30491.2
1780347600,30475,30729.5,30281.6,30715.5
1780434000,30699,30773.2,30447.6,30465.8
1780520400,30432.1,30569.9,30115.8,30383.8
1780606800,30379.4,30384.7,28747.6,28798.1
1780866000,28789.8,29708.2,28788.4,29409.6
1780952400,29436.6,29821,28202.2,29117
1781038800,29016.9,29226.2,28392,28448.4
1781125200,28409.4,29525.2,28246.8,29427.6
1781211600,29475.8,29744.9,29216.7,29669
1781470800,30011.3,30597.4,29952.5,30528
1781557200,30552.4,30669.6,30009.8,30038.4
1781643600,30090.6,30318.8,29668.1,29881.2
1781730000,29872.6,30539.1,29841.1,30480.6
1781816400,30523.8,30525.2,30145.6,30411.8
1782075600,30335,30722.4,30092.1,30435.9
1782162000,30428.4,30463.8,29352.4,29530.6
1782248400,29550.6,29934.6,29042.6,29867.2
1782334800,29939.8,30040,29074.6,29544.6
1782421200,29507.2,29675.6,28945.2,29082.8
1782680400,29116.6,29862.1,29062,29800.3
1782766800,29776.3,30389.5,29727.9,30287
1782853200,30308.5,30341.2,29803,29865.8
1782939600,29874.8,30112.4,29129.2,29356.2
1783026000,29376.2,29755.8,29323.7,29706.8
1783285200,29709.9,29901.2,29481.6,29762.2
1783371600,29771.5,29781.1,29018,29231.6
1783458000,29147.2,29369.3,28722,29216.9
1783544400,29248.8,29811.7,29214,29750.2
1783630800,29756.8,29897.3,29496.1,29885.7
1783890000,29798.2,29862.3,29215.8,29259.5
1783976400,29303.1,29749.8,29132.3,29633.4
1784062800,29629.6,29895.9,29235.6,29556.7
1784149200,29556.2,29634.8,28921.5,29018
1784235600,29052.8,29061.8,28250.8,28614.8
1784494800,28651.2,29034.7,28552.9,28627.2
1784581200,28612.3,29205,28544,29127.7
1784667600,29142,29184.7,28803.4,29032.4
1784754000,28965,29138.2,28289.2,28607.6
1784840400,28555.1,28599.2,28078.1,28170
1785099600,28511.2,28627.7,27804.2,28075.6
1785186000,28088.8,28091.3,27479.8,27838.4
1785272400,27854.2,28057.3,27093.2,27160.6
1785358800,27179.8,28292.6,27177.4,28221
1785445200,28233.8,28612.4,27966.8,28191.8
1785704400,28486.5,28859.7,28202.4,28820
1785790800,28834.4,29851.1,28727.3,29716
1785877200,29703,29967,29596.7,29664.7