time,open,high,low,close
1260914400,361,376.5,360,372
1261000800,372,374.5,366,366.5
1261087200,366.5,371,360.5,365.5
1261346400,362,369.5,362,365
1261432800,365,365.5,353.5,358.5
1261519200,358.5,361.5,346,361.5
1261605600,361.5,387.5,356,386.5
1261692000,386.5,387.5,386,386.5
1261951200,386.5,389,381,388.5
1262037600,388.5,390.5,386,388
1262124000,388,398.5,385,395.5
1262210400,395.5,408.5,392,408
1262296800,408,408,405.5,408
1262556000,408,425,407,419.5
1262642400,419.5,426.5,418,423
1262728800,423,430,418.5,427.5
1262815200,427.5,435,423,425.5
1262901600,425.5,431.5,422.75,424.5
1263160800,428,433.5,426,432.5
1263247200,432.5,443.5,430,432
1263333600,432,432,415.5,422
1263420000,422,448,420.5,443.5
1263506400,443.5,452.5,440,449
1263765600,455,459.5,452.5,459.5
1263852000,459.5,464,455,461.5
1263938400,461.5,468.5,450,456
1264024800,456,474.5,450,456
1264111200,456,457.5,426,439
1264370400,433,445,433,438.5
1264456800,438.5,444.5,424,429.5
1264543200,429.5,431,417.5,420.5
1264629600,420.5,428,411,419.5
1264716000,419.5,424,410,413.5
1264975200,415.5,427,415,423.5
1265061600,423.5,444,423.5,441
1265148000,441,449,438.5,440.5
1265234400,440.5,441.5,405,412
1265320800,412,413.5,383,392
1265580000,405,409,398.75,405
1265666400,405,419,404.5,417
1265752800,417,424,408,411
1265839200,411,421,409.5,421
1265925600,421,422.5,410,417
1266184800,417,421,417,421
1266271200,421,434,420.5,433
1266357600,433,441.5,430.5,436.5
1266444000,436.5,439.5,426.5,435
1266530400,435,441,427,441
1266789600,439.5,447,435,438
1266876000,438,449.25,434.5,434.5
1266962400,434.5,435,425.5,426
1267048800,426,428,416.75,422.5
1267135200,422.5,434,419.5,433
1267394400,432.5,441.5,432,438
1267480800,438,444.5,434,444.5
1267567200,444.5,450,441,449
1267653600,449,463,447,458.5
1267740000,458.5,477,457.5,473
1267999200,478,481,469,471.5
1268085600,471.5,475,455,472
1268172000,472,477,462.5,466.5
1268258400,466.5,466.5,447,461
1268344800,461,469.5,455.5,462.5
1268600400,462.5,465.5,456.5,460
1268686800,460,476,459.25,473.5
1268773200,473.5,478.5,468.75,477.5
1268859600,477.5,482,473,479.5
1268946000,479.5,481,465.5,469.5
1269205200,469.5,470.7,453,460.5
1269291600,460.5,466,449.5,464
1269378000,464,467,446.5,454
1269464400,454,454,440.25,453
1269550800,453,462,449,455.5
1269810000,458.5,477,454.5,474.5
1269896400,474.5,475.5,470,470.5
1269982800,470.5,486,469,479
1270069200,479,495.5,476.5,491
1270155600,491,493,488,492.5
1270414800,492,512,489,507
1270501200,507,511,496,508
1270587600,508,514,504,512
1270674000,512,512.5,498,502
1270760400,502,513,501,512.5
1271019600,512.5,525,512,523
1271106000,523,523.5,509,520
1271192400,520,550.5,520,547
1271278800,547,550,540.5,546
1271365200,546,546,525.5,532.5
1271624400,529.5,534.5,518.5,533
1271710800,533,553,531.5,551.5
1271797200,551.5,571,550,568
1271883600,568,571.5,552,563.5
1271970000,563.5,567,553,563
1272229200,563,573,562,565
1272315600,565,570.5,546,549
1272402000,549,554,534,541.5
1272488400,541.5,552.5,539,548.5
1272574800,548.5,559,548.5,554.5
1272834000,550.5,554,540.5,548
1272920400,548,548,512,515.5
1273006800,515.5,522.5,485.5,508
1273093200,508,517.5,502,513.5
1273179600,513.5,514.5,494.5,510
1273438800,512.5,534,512,525
1273525200,525,533,512.5,532
1273611600,532,549,526,546.5
1273698000,546.5,549,535.5,542.5
1273784400,542.5,543.5,522,526.5
1274043600,526,527,499.5,504.5
1274130000,504.5,510,498.5,507.5
1274216400,507.5,507.5,452.75,459.5
1274302800,459.5,464.75,407.5,409.5
1274389200,409.5,447.25,395.5,438
1274648400,436,457,431.75,453.5
1274734800,453.5,454.5,423.25,429.25
1274821200,429.25,453.5,427.5,446.5
1274907600,446.5,464,434,463
1274994000,463,472.5,453.5,462.5
1275253200,458.5,469,454.75,468.5
1275339600,468.5,469.5,453,461.5
1275426000,461.5,463,447,452.5
1275512400,452.5,464.5,446.5,450
1275598800,450,453.5,426,431
1275858000,426.25,429,419,428.5
1275944400,428.5,443.5,427,442
1276030800,442,457.5,439,454.5
1276117200,454.5,457.5,445.5,448
1276203600,448,459.5,446,447.5
1276462800,448.5,462.5,448.5,462
1276549200,462,474.5,456,473
1276635600,473,475,466.5,474
1276722000,474,483,467.5,480.5
1276808400,480.5,492,475.5,490
1277067600,490,506,490,494.5
1277154000,494.5,496,478,489
1277240400,489,489.5,471,474.5
1277326800,474.5,480,464.5,471
1277413200,471,478,465,478
1277672400,478.5,484,471.5,472
1277758800,472,473,453.5,456
1277845200,456,462,441,444
1277931600,444,446,425,430.5
1278018000,430.5,440,427.5,427.5
1278277200,432.5,433,428.25,430.5
1278363600,430.5,444.5,429,441
1278450000,441,443,428.5,441.5
1278536400,441.5,453.5,436,445
1278622800,445,459.5,443,456
1278882000,459.5,460,451,453.5
1278968400,453.5,469,452.5,469
1279054800,469,470.5,463,465
1279141200,465,472,464.5,467
1279227600,467,469.5,447,449
1279486800,449,457,441.5,445
1279573200,445,452,435.5,450.5
1279659600,450.5,455.5,448,453
1279746000,453,458.5,444.5,456.5
1279832400,456.5,467.5,456,466
1280091600,464.5,478.5,464.5,474
1280178000,474,478.5,465.5,465.5
1280264400,465.5,473,465,469.5
1280350800,469.5,490.5,468,490.5
1280437200,490.5,499.5,481,498.5
1280696400,498,516.5,496.75,514.5
1280782800,514.5,515.5,505.5,505.5
1280869200,505.5,508,497,499.5
1280955600,499.5,501.5,489,497
1281042000,497,508.75,487.5,487.5
1281301200,491,493,479.5,480.5
1281387600,480.5,483.25,472.5,473.5
1281474000,473.5,481.5,465,465
1281560400,465,475.5,459.25,471
1281646800,471,476.5,468.25,476.5
1281906000,477.5,485.5,476.5,485
1281992400,485,498,480,496.5
1282078800,496.5,498.25,482.5,490.5
1282165200,490.5,496.5,485,485
1282251600,485,487,474,476.5
1282510800,475.5,483.5,475.5,482.5
1282597200,482.5,487,473.5,484.5
1282683600,484.5,491.5,483.5,491.5
1282770000,491.5,507.5,491.5,503.5
1282856400,503.5,505,498,501.5
1283115600,504.5,508,498.5,499
1283202000,499,504,487,502
1283288400,502,527,499,519
1283374800,519,524.5,515,523
1283461200,523,532.5,521.5,531
1283720400,530.5,532,527,527
1283806800,527,529.5,520.5,521.5
1283893200,521.5,528,519.5,527
1283979600,527,528.5,519.5,521
1284066000,521,525,512,519.5
1284325200,520.5,529,515,529
1284411600,529,553.5,527.5,552
1284498000,552,563.5,540.5,561.5
1284584400,561.5,563.5,549,549.5
1284670800,549.5,556.5,542,546
1285016400,542.5,547.5,542.5,543
1285102800,543,547,533.5,543.5
1285189200,543.5,556.5,535.5,556.5
1285275600,556.5,562.5,551.5,560.5
1285534800,559.5,562.5,552.5,552.5
1285621200,552.5,560,540,560
1285707600,560,572,560,567
1285794000,567,580,557,566
1285880400,566,578.5,562.5,573.5
1286139600,574,574,560,560
1286226000,560,578,555.5,578
1286312400,578,593,577.5,588
1286398800,588,604,580,587
1286485200,587,592,570,587
1286744400,585,592,583,584.5
1286830800,584.5,592,576,580
1286917200,580,595.5,578,594
1287003600,594,604.25,593,601
1287090000,601,604.75,587,589
1287349200,589,592.5,567.5,587.5
1287435600,587.5,593,568.5,578
1287522000,578,590.5,569.75,590
1287608400,590,599.5,584,588
1287694800,588,594,578.5,589.5
1287954000,590.5,620,590,609
1288040400,609,626.5,603.5,625.5
1288126800,625.5,638.25,617.5,618
1288213200,618,631.5,613.5,629
1288299600,629,646.5,627.25,645.5
1288558800,647.5,656,645.5,649
1288645200,649,655,643,645
1288731600,645,647.5,632.75,642
1288818000,642,676,634,674.5
1288904400,674.5,699.5,669.5,685
1289167200,684.5,712.5,680,712.5
1289253600,712.5,736.5,703.5,735.5
1289340000,735.5,743,676.5,711.5
1289426400,711.5,722,693,707.5
1289512800,707.5,714,677,680
1289772000,678,689,665,685.5
1289858400,685.5,685.5,637.5,643.5
1289944800,643.5,663.5,627,656.5
1290031200,656.5,696.5,651,692
1290117600,692,706.5,687.5,697.5
1290376800,702.5,714,684.5,686
1290463200,686,694.5,660,684.5
1290549600,684.5,701,683.5,694.5
1290636000,694.5,700,692,698.5
1290722400,698.5,701,666,677.5
1290981600,680.5,693.5,669.75,691.5
1291068000,691.5,706.5,686,699.5
1291154400,699.5,729,694.25,727
1291240800,727,770,726.5,768
1291327200,768,778.5,755.5,767.5
1291586400,768.5,775,755.5,756.5
1291672800,756.5,774,745.5,747
1291759200,747,747,716.5,729.5
1291845600,729.5,752,725.5,744.5
1291932000,744.5,747,726,736.5
1292191200,734.5,765.5,733,754.5
1292277600,754.5,764,752,758
1292364000,758,768,755.5,761
1294005600,761,808,761,804.5
1294092000,804.5,805,766.5,778
1294178400,778,780,750,765.5
1294264800,765.5,778,759.5,765
1294351200,765,765.5,740,758
1294610400,751,763.5,748,754
1294696800,754,782.5,746.5,781.5
1294783200,781.5,806.5,779.5,803
1294869600,803,822.5,803,811.5
1294956000,811.5,815,787.5,791.5
1295215200,794,801,784,796
1295301600,796,810.75,790.5,810.5
1295388000,810.5,828,806.25,821.5
1295474400,821.5,822.5,795.5,808.5
1295560800,808.5,820,803,814.5
1295820000,822.25,828,810,819
1295906400,819,819,778.5,779
1295992800,779,800,778.5,795
1296079200,795,817.5,793.5,806.5
1296165600,806.5,815.5,791.5,815
1296424800,816,817,804.5,813
1296511200,813,824.5,810.5,820.5
1296597600,820.5,828,816,816
1296684000,816,817,806,812.5
1296770400,812.5,828,812.5,819
1297029600,814,824,813,819
1297116000,819,837.5,816,837.5
1297202400,837.5,839.25,827,827.5
1297288800,827.5,834.25,816.25,824.75
1297375200,824.75,828,816,816
1297634400,813.5,835.5,809.5,832
1297720800,832,849.5,827.5,838
1297807200,838,845.5,836,840.5
1297893600,840.5,846,835.5,842
1297980000,842,856.5,840.5,855
1298239200,850.75,862,847,861.5
1298325600,861.5,861.5,819.5,819.5
1298412000,819.5,819.5,785.5,795
1298498400,795,795.5,760.25,776.75
1298584800,776.75,790.5,773.25,790.5
1298844000,790.5,803.75,788.75,795
1298930400,795,814.5,795,814
1299016800,814,825,809,823.5
1299103200,823.5,823.5,815,820
1299189600,820,821,799.75,808
1299448800,812,819.5,782.5,787
1299535200,787,793,775.5,788.5
1299621600,788.5,800.5,784,787
1299708000,787,787,761.5,767
1299794400,767,772.75,744,758
1300050000,760,760,746.5,747.5
1300136400,747.5,749,695,705.5
1300222800,705.5,720.5,699,702
1300309200,702,719.5,687,716.5
1300395600,716.5,732,707.5,732
1300654800,730.5,746.25,730.5,743.75
1300741200,743.75,749,732.5,737
1300827600,737,751,735.5,749
1300914000,749,760.5,744.5,752
1301000400,752,756,745.5,750
1301259600,750,750,736.5,745.5
1301346000,745.5,757,739.5,750
1301432400,750,761,747.5,758
1301518800,758,771,751.5,768
1301605200,768,776.5,762,774.5
1301864400,774.5,788.5,774.5,784
1301950800,784,793,778.5,793
1302037200,793,798.5,784,784
1302123600,784,792.5,775.5,780
1302210000,780,803,768.5,795
1302469200,796.5,804.75,779.5,789
1302555600,789,789,765.5,769.5
1302642000,769.5,775.5,760,765
1302728400,765,774.5,757,774
1302814800,774,778.5,767.5,769
1303074000,767,769.5,735.5,739
1303160400,739,746,726.5,733
1303246800,733,761.5,730.5,758.5
1303333200,758.5,770.5,754.5,768.5
1303419600,768.5,771,765,766.5
1303678800,765.5,776.5,750,764
1303765200,764,765.5,747.5,756
1303851600,756,759.5,750,759
1303938000,759,780.5,758.5,775
1304024400,775,793,770,792
1304283600,794.5,799.5,767.5,784
1304370000,784,786.5,768.5,783
1304456400,783,783,744,746.5
1304542800,746.5,753.25,701.75,711.5
1304629200,711.5,731.5,705.5,715.75
1304888400,718,735,711.5,728.5
1304974800,728.5,740.5,726.5,732.5
1305061200,732.5,737,716.5,717.5
1305147600,717.5,720.5,698,716
1305234000,716,723,703.5,710
1305493200,710.5,719.5,706.5,715
1305579600,715,722.5,706.5,712.5
1305666000,712.5,738,712.5,738
1305752400,738,739,725,730
1305838800,730,740,724.5,737
1306098000,735,739,723.5,733
1306184400,733,744,731,737
1306270800,737,751,735.5,748
1306357200,748,757.5,745,757.5
1306443600,757.5,761.5,753,760
1306702800,761,763,758,759.5
1306789200,759.5,783.5,759,780.5
1306875600,780.5,789.5,773.25,788.5
1306962000,788.5,788.5,769,772.5
1307048400,772.5,784,761.5,783.5
1307307600,784.5,796.5,782.5,796.5
1307394000,796.5,809.5,785.5,809
1307480400,809,810,795.5,804.5
1307566800,804.5,819,799.75,818
1307653200,818,819.25,807.25,816.5
1307912400,812.5,812.5,797.5,801.5
1307998800,801.5,805.5,789,792.5
1308085200,792.5,799,776,779.5
1308171600,779.5,779.5,753,764
1308258000,764,764.75,744.75,747.75
1308517200,745,750,733.75,746.25
1308603600,746.25,766.5,746.25,762.5
1308690000,762.5,775.5,761,770.25
1308776400,770.25,770.5,742.5,744.5
1308862800,744.5,752,730.75,730.75
1309122000,735,735,723.5,725
1309208400,725,739.5,725,734.5
1309294800,734.5,751,733.5,751
1309381200,751,762.75,748,759.25
1309467600,759.25,761,749,758
1309726800,758,761.5,753,761.5
1309813200,761.5,775,754.5,775
1309899600,775,779.5,769.5,772.75
1309986000,772.75,786,764.75,786
1310072400,786,788.5,772.5,778
1310331600,777.5,777.5,765.5,768.5
1310418000,768.5,769.5,748,767
1310504400,767,788.5,764.5,781.5
1310590800,781.5,789.75,775.5,781.5
1310677200,781.5,784.5,770,782.5
1310936400,783,795.5,780.75,793.75
1311022800,793.75,803,791.25,798.25
1311109200,798.25,798.75,786.75,793.5
1311195600,793.5,808.5,793.5,808.5
1311282000,808.5,812.5,801.25,806.25
1311541200,805.5,809.5,801.25,808.5
1311627600,808.5,832.25,805.5,831.75
1311714000,831.75,846.25,831.75,839
1311800400,839,839,824.25,827.5
1311886800,827.5,832.5,821.5,825.75
1312146000,831,849.25,828,829.75
1312232400,829.75,833,822,827
1312318800,827,829.25,794.5,794.5
1312405200,794.5,797.5,745,754.5
1312491600,754.5,757.5,723.5,731.5
1312750800,744,744,715,727.5
1312837200,727.5,738.5,709.5,735.5
1312923600,735.5,750,724.5,725.25
1313010000,725.25,739.5,725.25,731.5
1313096400,731.5,750,729,746
1313355600,747,759,742.5,745.5
1313442000,745.5,758,742,756.5
1313528400,756.5,784.5,750,775.5
1313614800,775.5,780.5,753,755
1313701200,755,761.5,742.5,748
1313960400,753,764.5,747,764.5
1314046800,764.5,768,758,764
1314133200,764,769.5,743,744
1314219600,744,756,743,753
1314306000,753,760,746,757
1314565200,760,760,753,754
1314651600,754,776,752,776
1314738000,776,788.5,772.5,788.5
1314824400,788.5,790.5,772.5,787.5
1314910800,787.5,792.5,775.5,780.5
1315170000,776.5,780.5,762,765
1315256400,765,769.5,748.5,749
1315342800,749,757,746,752.5
1315429200,752.5,764.5,751,763.5
1315515600,763.5,764,738,738.5
1315774800,739,739,710.5,710.5
1315861200,710.5,724.5,702.5,723.5
1315947600,723.5,733,717.5,719.75
1316034000,719.75,727.5,713.5,720.75
1316120400,720.75,740.25,718.5,731
1316379600,730.5,733,710,710
1316466000,710,721.5,710,716.25
1316552400,716.25,724.5,708.5,711
1316638800,711,712.5,652,661.75
1316725200,661.75,664,640.75,641
1316984400,636,645.5,606,626.5
1317070800,626.5,657,622.5,647.5
1317157200,647.5,654.5,634,634
1317243600,634,634,617.5,623
1317330000,623,635.5,609.75,615.5
1317589200,610.5,613,588.25,594.25
1317675600,594.25,594.25,563.25,564.25
1317762000,564.25,576.5,538.5,564.5
1317848400,564.5,599,564,597.75
1317934800,597.75,616.25,587.25,587.25
1318194000,588,620,581,612.5
1318280400,612.5,618,599,602.5
1318366800,602.5,615.5,602.5,609.5
1318453200,609.5,616.5,589,593
1318539600,593,618.5,591,618.5
1318798800,625,645.75,616.5,619.25
1318885200,619.25,619.5,600,619.5
1318971600,619.5,628.5,607,608
1319058000,608,611.5,581.25,585
1319144400,585,622.5,584,616.5
1319403600,615.5,637.5,615.5,636.25
1319490000,636.25,650.75,633.75,649.5
1319576400,649.5,658.75,640.75,644.75
1319662800,644.75,673,643.25,670
1319749200,670,674,651.5,662
1320008400,666.5,666.5,645,653.25
1320094800,653.25,653.25,622.5,637
1320181200,637,653,633,649.25
1320267600,649.25,672.5,637.5,663
1320354000,663,664,650.75,651.5
1320616800,656.5,663.5,649.5,660.5
1320703200,660.5,677.5,657,673
1320789600,673,678,647.5,655.75
1320876000,655.75,657,637,651
1320962400,651,660.5,643.5,659.5
1321221600,661,667,655.5,663.5
1321308000,663.5,669,657.75,658
1321394400,658,669.75,649.5,659.5
1321480800,659.5,660,620,624
1321567200,624,624,602.5,604
1321826400,604,604,585,588.5
1321912800,588.5,595,584.5,593.5
1321999200,593.5,609,582.75,587
1322085600,587,592,578,582.5
1322172000,582.5,586,571.5,572
1322431200,568,595.5,568,585.5
1322517600,585.5,589,578.75,584
1322604000,584,623,571,607.5
1322690400,607.5,641.5,606,633.5
1322776800,633.5,660,628.25,647
1323036000,644,653,643.5,645
1323122400,645,665,630.5,662
1323208800,662,688.5,662,683
1323295200,683,684.75,663.75,669.25
1323381600,669.25,685.5,660,681.5
1323640800,686,686,653,660
1323727200,660,671,649.5,663.75
1323813600,663.75,664,600.75,612.5
1323900000,612.5,626.75,608.25,616.75
1323986400,616.75,629.5,615.5,621.5
1324245600,624.5,630,614,619.5
1324332000,619.5,626,608,625.5
1324418400,625.5,641,623.5,633.5
1324504800,633.5,639.5,627.5,639.5
1324591200,639.5,665.25,638.5,665.25
1324850400,663,666,662,663
1324936800,663,664,652,654
1325023200,654,667.5,641,642.75
1325109600,642.75,649.75,624.5,629
1325196000,629,657,622.5,654.5
1325455200,656,658,656,656
1325541600,656,666.5,651,666.5
1325628000,666.5,667.5,646,647.5
1325714400,647.5,657.5,637.5,637.5
1325800800,637.5,644.5,621.75,622.25
1326060000,615.5,620,608,618.5
1326146400,618.5,644.5,616.5,636.5
1326232800,636.5,648,631.5,643.5
1326319200,643.5,648,634.5,636.5
1326405600,636.5,644.075,624,634
1326664800,638,643,631,642.5
1326751200,642.5,663,640,652.5
1326837600,652.5,665,646.5,665
1326924000,665,681,664,679
1327010400,679,679,665,674
1327269600,678,687,673,687
1327356000,687,689.5,671,681.5
1327442400,681.5,685,670.5,681
1327528800,681,700.5,679.5,693
1327615200,693,694.75,683,687
1327874400,690.5,694,679.5,687.52
1327960800,687.52,695.5,686,686
1328047200,686,696.5,684.5,695.5
1328133600,695.5,707.5,693.5,707.5
1328220000,707.5,715.5,702.5,706.5
1328479200,707.5,708.5,693,703.5
1328565600,703.5,707.5,696,707.5
1328652000,707.5,712.01,705,711.5
1328738400,711.5,718,708.755,715.5
1328824800,715.5,715.5,696,702
1329084000,702.87,706.5,697,700.505
1329170400,700.505,700.505,683.5,688
1329256800,688,694,682,685.5
1329343200,685.5,696,678,696
1329429600,696,698.5,687,691.22
1329688800,686.485,698.5,686,697.5
1329775200,697.5,710.75,694.5,710.5
1329861600,710.5,720.5,707.5,717.5
1329948000,717.5,725.5,714.75,719
1330034400,719,720,707.145,716.5
1330293600,711.5,715.5,704,705
1330380000,705,719.465,701.25,717.25
1330466400,717.25,723.75,706,708.93
1330552800,708.93,712,697.5,710.55
1330639200,710.55,719.37,708.5,713.75
1330898400,713.5,713.5,703.5,706.5
1330984800,706.5,708.5,671,677
1331071200,677,685.5,663.75,681
1331157600,681,698.5,679,693
1331244000,693,705,688,702.5
1331499600,709.5,709.5,700.5,702
1331586000,702,707.5,696.5,707.5
1331672400,707.5,709.5,694.5,695
1331758800,695,709.5,689,709.5
1331845200,709.5,709.5,696,700
1332104400,700.51,705.5,697,705.5
1332190800,705.5,707.5,693.5,697
1332277200,697,699.5,683.5,688.5
1332363600,688.5,690.68,650.25,652
1332450000,652,664,650.75,659
1332709200,656.255,674,656.255,667
1332795600,667,673,657.13,662
1332882000,662,662.25,644.75,648.5
1332968400,648.5,655,640.5,644
1333054800,644,655,642.5,654.75
1333314000,654.5,666.25,652,657
1333400400,657,664.865,651.75,659
1333486800,659,660.25,632.5,635.475
1333573200,635.475,645.325,629.5,644.5
1333659600,644.5,647,643,645.5
1333918800,645.5,653,642,643.5
1334005200,643.5,653.5,629.5,636.5
1334091600,636.5,645,632.885,635.5
1334178000,635.5,652.75,633.635,652.75
1334264400,652.75,655.5,641.75,647
1334523600,644.49,649.25,639,649.25
1334610000,649.25,662.25,649,660.25
1334696400,660.25,665,657.205,660
1334782800,660,667,653.75,663
1334869200,663,676,659,673.13
1335128400,670,678,662.945,670.255
1335214800,670.255,677.685,664.95,665.94
1335301200,665.94,671.51,652.15,655.63
1335387600,655.63,673.675,655.55,673.475
1335474000,673.475,682.91,666.6,680.93
1335733200,683,684.33,675.25,682.53
1335819600,682.53,685.45,674.45,680.5
1335906000,680.5,681.25,666.5,669
1335992400,669,672,659.85,660.7
1336078800,660.7,665.4,649.4,650.75
1336338000,650.9,654.8,643.45,646.6
1336424400,646.6,651.6,619.7,620.5
1336510800,620.5,628.75,609.35,614.2
1336597200,614.2,622.3,611.5,614.65
1336683600,614.65,616.8,600.1,602.6
1336942800,602.6,609.5,590.1,590.3
1337029200,590.3,605.45,590.1,595.4
1337115600,595.4,600,587.45,592.7
1337202000,592.7,609.85,592.3,602.15
1337288400,602.15,612,595.65,604.1
1337547600,604.1,619.45,600.6,613.7
1337634000,613.7,617.05,607.15,611.15
1337720400,611.15,612.95,586.6,592.95
1337806800,592.95,601.15,583.35,587.25
1337893200,587.25,595.579,583.7,591.15
1338152400,589.6,608.5,588.15,606.35
1338238800,606.35,613.82,598.7,605.5
1338325200,605.5,608.375,590.3,606.834
1338411600,606.834,614.228,601.4,611.55
1338498000,611.55,615.912,596.85,612.775
1338757200,612.775,615.37,604.919,612.459
1338843600,612.459,624.335,610.528,623.232
1338930000,623.232,632.421,619.9,626.734
1339016400,626.734,632.165,619.875,622.881
1339102800,622.881,628.544,608.147,614
1339362000,614,629.874,613.715,621.679
1339448400,621.679,626.12,614.729,624.733
1339534800,624.733,627.311,616.937,618.167
1339621200,618.167,636.951,617.288,634.15
1339707600,634.15,641.013,623.718,628.2
1339966800,628.2,635.85,625.935,632.885
1340053200,632.885,636.85,626.02,629.1
1340139600,629.1,631.247,614.131,619.198
1340226000,619.198,622.05,605.43,608.085
1340312400,608.085,610.6,604.1,607.2
1340571600,607.2,610.66,603.45,607.8
1340658000,607.8,608.3,590.86,594.785
1340744400,594.785,596.75,574.175,575.82
1340830800,575.82,581.4,560.68,565.271
1340917200,565.271,587.5,564.85,583.005
1341176400,582.2,586.025,575.937,578.85
1341262800,578.85,599.965,574.795,599.358
1341349200,599.358,605.48,594.2,594.2
1341435600,594.2,601.543,584.602,585.738
1341522000,585.738,588.26,574.85,576.9
1341781200,576.9,584.648,575.1,583.395
1341867600,583.395,587.1,574.237,575.11
1341954000,575.11,583.415,574.45,582.7
1342040400,582.7,582.7,571.7,578.43
1342126800,578.43,585.285,575.05,583.45
1342386000,583.45,584.75,575.81,577.575
1342472400,577.575,586.225,575,580.75
1342558800,580.75,584.09,575.265,575.365
1342645200,575.365,585.25,575.16,580.35
1342731600,580.35,586.05,574.146,575.614
1342990800,575.614,577.94,563.256,571.006
1343077200,571.006,574.995,556.196,562.666
1343163600,562.666,569.042,560.868,565.958
1343250000,565.958,574.85,564.79,570.541
1343336400,570.541,579.584,569.659,578.2
1343595600,578.2,589.757,569.368,588.228
1343682000,588.228,593.555,587.094,589.381
1343768400,589.381,591.932,579.9,581.979
1343854800,581.979,588.625,566.662,570.129
1343941200,570.129,582.93,567.968,579.381
1344200400,579.381,582.486,573.729,579.35
1344286800,579.35,589.2,577.98,586.961
1344373200,586.961,588.4,581.88,586.461
1344459600,586.461,590.444,584.305,585.08
1344546000,585.08,587.37,575.89,582.5
1344805200,582.5,583.068,572.672,573.755
1344891600,573.755,581.05,573.708,577.251
1344978000,577.251,580.932,573.615,575.351
1345064400,575.351,588.15,575.083,583.561
1345150800,583.561,608.175,582.683,607.676
1345410000,607.676,608.971,597.777,608.172
1345496400,608.172,626.149,600.965,624.119
1345582800,624.119,634.912,622.506,631.253
1345669200,631.253,657.836,629.802,654.18
1345755600,654.18,656.773,635.768,652
1346014800,652,656.17,645.555,650.008
1346101200,650.008,652.397,636.304,639.117
1346187600,639.117,640.707,630.436,631.086
1346274000,631.086,635.731,612.925,618.861
1346360400,618.861,629.197,608.1,629.021
1346619600,629.021,636.9,628.298,636.805
1346706000,636.805,642.348,631.3,641.189
1346792400,641.189,646.762,633.105,644.584
1346878800,644.584,652.025,641.065,646.143
1346965200,646.143,656.1,639.94,653.568
1347224400,653.568,672.732,652.9,667.205
1347310800,667.205,678.427,666.75,670.2
1347397200,670.2,682.95,665.832,677.719
1347483600,677.719,695.5,676.253,688.71
1347570000,688.71,705.355,686.205,696.4
1347829200,696.4,700.028,677.199,680.668
1347915600,680.668,686.137,663.715,667.1
1348002000,667.1,676.45,663.305,672.2
1348088400,672.2,672.3,657.005,663.3
1348174800,663.3,677.34,660.83,672.9
1348434000,672.9,672.9,634.9,644.95
1348520400,644.95,648.7,635.47,638.8
1348606800,638.8,640.85,617.067,629.3
1348693200,629.3,637.417,626.338,635.2
1348779600,635.2,643.61,634.8,637.2
1349038800,637.2,658.091,626.928,644.9
1349125200,644.9,656,641.305,652.632
1349211600,652.632,658.034,646.84,652.4
1349298000,652.4,676.66,652.4,671.85
1349384400,671.85,672.995,658.12,661.7
1349643600,661.7,661.7,648.36,659
1349730000,659,666.5,654.448,657.65
1349816400,657.65,657.95,648.085,649.85
1349902800,649.85,656.66,646.39,650.93
1349989200,650.93,653.265,633.28,634.65
1350248400,634.65,642.91,626.275,634.2
1350334800,634.2,642.006,631.359,638.95
1350421200,638.95,654.399,638.15,653.45
1350507600,653.45,655.85,642.91,643.65
1350594000,643.65,645.855,620.933,625.474
1350853200,625.474,631.469,618.89,625.25
1350939600,625.25,626.954,590.981,596.65
1351026000,596.65,603.4,587.895,595.05
1351112400,595.05,609.836,595,604.05
1351198800,604.05,609.074,594.8,596.35
1351458000,596.35,601.815,587.21,590.1
1351544400,590.1,598.376,588,594.3
1351630800,594.3,612.065,593.9,604.95
1351717200,604.95,618.089,604.75,613.1
1351803600,613.1,613.55,599.435,600.85
1352066400,600.85,611.651,596.485,610.95
1352152800,610.95,621.733,610.923,617.45
1352239200,617.45,625.45,602.92,612.15
1352325600,612.15,616.525,605.178,614.45
1352412000,614.45,618.576,605.942,607.15
1352671200,607.15,614.585,606.295,608.09
1352757600,608.09,638.041,603.232,636.25
1352844000,636.25,649.77,634.165,637.55
1352930400,637.55,642.135,628.75,631.35
1353016800,631.35,634.06,620.164,627.15
1353276000,627.15,646.546,627.15,642.05
1353362400,642.05,644.71,635.35,636.557
1353448800,636.557,654.835,630.9,646.45
1353535200,646.45,657.69,646.05,657.425
1353621600,657.425,669.821,652.784,668.86
1353880800,668.86,671.147,659.7,664
1353967200,664,672.744,663.75,667.9
1354053600,667.9,674.429,646.43,673.35
1354140000,673.35,690.64,668.205,685.45
1354226400,685.45,691.4,676.09,683.4
1354485600,683.4,692.2,679.198,691.25
1354572000,691.25,691.25,678.147,682.3
1354658400,682.3,688.827,672.743,685.25
1354744800,685.25,699.393,682.39,694.937
1354831200,694.937,701.394,687.905,698.15
1355090400,698.15,705.17,694.266,701.25
1355176800,701.25,701.907,692.46,694.35
1355263200,694.35,701.044,692.772,694.95
1355349600,694.95,695.428,679.938,691.05
1355436000,691.05,704.285,690.216,702.15
1355695200,702.15,703.914,694.509,700.05
1355781600,700.05,703.44,686.9,688.65
1355868000,688.65,699.25,686.825,695.45
1355954400,695.45,696.026,672.93,681.6
1356040800,681.6,686.49,673.1,680.3
1356300000,680.3,689.55,680.3,686.15
1356472800,686.15,692.55,685.985,692.55
1356559200,692.55,710.05,689.7,708.35
1356645600,708.35,710.332,694.08,697.85
1356904800,697.85,706.335,696.1,703.385
1357077600,703.385,718.119,699.334,706.65
1357164000,706.65,707.27,690.79,693.45
1357250400,693.45,693.5,681.15,688.7
1357509600,688.7,692.035,665.413,671.35
1357596000,671.35,679.053,665.224,675.15
1357682400,675.15,692.468,673.7,688.25
1357768800,688.25,704.928,686.492,701.25
1357855200,701.25,704.372,689.886,702.55
1358114400,702.55,709.712,696.53,704.4
1358200800,704.4,720.565,703.293,711
1358287200,711,727.76,705.878,721.7
1358373600,721.7,729.593,717.855,725.95
1358460000,725.95,732.818,713.758,720.3
1358719200,720.3,723.484,714.874,718.75
1358805600,718.75,732.226,716.91,726.65
1358892000,726.65,728.737,722.745,726.252
1358978400,726.252,728.551,716.63,727.15
1359064800,727.15,741.988,723.104,741.45
1359324000,741.45,749.233,736.8,739.05
1359410400,739.05,751.85,734.434,750.95
1359496800,750.95,760.544,746.728,748.9
1359583200,748.9,751.312,735.793,743.25
1359669600,743.25,758.545,739.763,756.35
1359928800,756.35,761.954,748.742,759.45
1360015200,759.45,769.02,747.7,767.15
1360101600,767.15,773.2,758.4,764.05
1360188000,764.05,768.477,749.451,750.65
1360274400,750.65,758.206,740.445,754.45
1360533600,754.45,762.157,744.61,758.65
1360620000,758.65,774.584,752.73,772.45
1360706400,772.45,777.516,766.331,767.95
1360792800,767.95,772.501,762.695,765.55
1360879200,765.55,765.671,748.335,756.15
1361138400,756.15,764.804,751.056,764.268
1361224800,764.268,767.295,760.774,764.4
1361311200,764.4,766.274,729.158,738.8
1361397600,738.8,742.711,709.525,733.65
1361484000,733.65,741.107,728.368,738.3
1361743200,738.3,752.214,735.26,736.85
1361829600,736.85,746.628,729.365,745.95
1361916000,745.95,750.678,735.966,743.95
1362002400,743.95,748.907,725.845,729.75
1362088800,729.75,730.37,714.55,721.1
1362348000,721.1,725.268,711.888,717.4
1362434400,717.4,737.545,716.605,735
1362520800,735,747.7,734.5,746.9
1362607200,746.9,760.325,742.942,758.15
1362693600,758.15,786.971,756.742,783.1
1362949200,783.1,783.48,769.754,779.15
1363035600,779.15,780.95,770.275,773.2
1363122000,773.2,776.3,767.55,772.1
1363208400,772.1,773.455,756.605,770.6
1363294800,770.6,775.602,768.869,775.3
1363554000,775.3,777.48,752.751,762.75
1363640400,762.75,765.575,727.159,736.85
1363726800,736.85,763.496,733.1,759.65
1363813200,759.65,766.897,753.802,755.55
1363899600,755.55,761.901,750.495,761.15
1364158800,761.15,765.312,755.4,758.55
1364245200,758.55,763.931,753.72,763.45
1364331600,763.45,770.85,754.235,767.305
1364418000,767.305,774.629,761.08,771.35
1364504400,771.35,771.35,771.35,771.35
1364763600,771.35,784.097,766.985,781.2
1364850000,781.2,781.8,764.65,765.75
1364936400,765.75,772.69,751.035,752.55
1365022800,752.55,753.552,722.821,727.55
1365109200,727.55,733.933,716.448,727.9
1365368400,727.9,738.39,721.29,732.25
1365454800,732.25,737.632,723.597,725.95
1365541200,725.95,727.983,705.681,719.95
1365627600,719.95,738.163,715.04,730.9
1365714000,730.9,733.35,704.703,706.95
1365973200,706.95,707.08,652.189,652.75
1366059600,652.75,687.201,647.107,676.9
1366146000,676.9,682.508,658.443,662.95
1366232400,662.95,676.353,653.313,668.05
1366318800,668.05,681.258,665.107,676.55
1366578000,676.55,685.075,674.74,682.45
1366664400,682.45,684.685,666.695,673.45
1366750800,673.45,683.418,666.75,669.05
1366837200,669.05,683.782,668.753,681.85
1366923600,681.85,686.489,676.303,680.55
1367182800,680.55,702.646,678.523,700.3
1367269200,700.3,703.306,694.846,699.05
1367355600,699.05,700.017,672.817,687.4
1367442000,687.4,695.835,682.872,694.45
1367528400,694.45,704.817,686.322,693
1367787600,693,696.926,689.663,695.7
1367874000,695.7,695.733,677.807,683.15
1367960400,683.15,698.855,681.313,694.75
1368046800,694.75,716.493,690.799,708.55
1368133200,708.55,711.642,696.916,707.25
1368392400,707.25,718.955,700.489,716.25
1368478800,716.25,732.162,708.207,730.25
1368565200,730.25,731.593,717.446,727.5
1368651600,727.5,742.486,715.95,738.75
1368738000,738.75,743.266,733.065,738.45
1368997200,738.45,754.687,732.15,750.35
1369083600,750.35,751.1,736.428,747.2
1369170000,747.2,754.244,744.355,746.25
1369256400,746.25,747.101,734.387,737.205
1369342800,737.205,740.33,722.1,726.366
1369602000,726.366,740.665,725.79,738.11
1369688400,738.11,764.065,727.197,754.8
1369774800,754.8,757.05,744.81,749.6
1369861200,749.6,761.822,745.4,757.65
1369947600,757.65,758.9,741.537,750.35
1370206800,750.35,762.2,747.959,757.45
1370293200,757.45,758.45,745.262,750.85
1370379600,750.85,759.39,750.55,758.15
1370466000,758.15,763.463,750.955,760.65
1370552400,760.65,762.062,745.716,756.813
1370811600,756.813,770.745,753.005,768.7
1370898000,768.7,770.576,749.234,752.35
1370984400,752.35,758.135,749.745,756.75
1371070800,756.75,759.713,725.875,733.7
1371157200,733.7,735.34,724.68,731.2
1371416400,731.2,732.007,712.864,713.15
1371502800,713.15,715.324,697.28,710.25
1371589200,710.25,713.3,692.765,693.45
1371675600,693.45,695.05,660.78,663
1371762000,663,679.68,655.02,676.6
1372021200,676.6,676.615,649.87,661.7
1372107600,661.7,676.153,659.263,666.45
1372194000,666.45,667.15,630.6,633.45
1372280400,633.45,655.373,630.655,646.3
1372366800,646.3,661.902,633.443,659
1372626000,659,688.43,657.581,685.15
1372712400,685.15,695.384,682.507,685.35
1372798800,685.35,688.505,680.616,685.4
1372885200,685.4,687.835,675.573,676.385
1372971600,676.385,682.774,667.775,682.3
1373230800,682.3,701.768,673.549,696.55
1373317200,696.55,704.828,692.024,699.85
1373403600,699.85,714.756,697.871,713.95
1373490000,713.95,730.823,713.95,720.05
1373576400,720.05,724.775,711.077,722.05
1373835600,722.05,733.429,721.595,732.75
1373922000,732.75,737.018,727.116,736.05
1374008400,736.05,739.054,730.256,733.95
1374094800,733.95,751.996,727.25,743.9
1374181200,743.9,749.996,741.708,746.85
1374440400,746.85,753.674,744.958,746.95
1374526800,746.95,747.419,731.293,740.25
1374613200,740.25,750.257,735.857,747.45
1374699600,747.45,749.45,734.22,739.4
1374786000,739.4,742.205,715.6,725.55
1375045200,725.55,747.318,722.215,742.35
1375131600,742.35,743.492,723.762,729.2
1375218000,729.2,739.25,722.543,728.55
1375304400,728.55,738.145,726.807,732.25
1375390800,732.25,735.983,722.03,729.95
1375650000,729.95,737.224,727.505,732.75
1375736400,732.75,733.35,716.81,723.05
1375822800,723.05,725.345,712.36,723.85
1375909200,723.85,744.8,723.237,738.85
1375995600,738.85,743.58,736.622,741.2
1376254800,741.2,747.095,736.698,737.45
1376341200,737.45,742.785,735.857,739.05
1376427600,739.05,741.75,733.75,740.65
1376514000,740.65,767.604,740.323,762.75
1376600400,762.75,765.634,752.586,762.8
1376859600,762.8,764.46,748.536,751.7
1376946000,751.7,756.654,743.971,748.95
1377032400,748.95,750.545,741.805,744.75
1377118800,744.75,755.717,740.86,754.75
1377205200,754.75,756.797,748.943,751.45
1377464400,751.45,755.187,743.949,748.15
1377550800,748.15,752.061,743.755,744.6
1377637200,744.6,749.72,735.399,746.5
1377723600,746.5,746.5,735.936,736.6
1377810000,736.6,736.6,719.923,723.3
1378069200,723.3,729.08,712.93,714.248
1378155600,714.248,724.93,713.565,718.25
1378242000,718.25,719.2,692.8,696.8
1378328400,696.8,697.6,684.852,685.75
1378414800,685.75,703.61,684.593,697.25
1378674000,697.25,699.915,681.31,687.3
1378760400,687.3,695.529,683.42,693.75
1378846800,693.75,702.755,687.106,692.75
1378933200,692.75,695.73,685.221,688.75
1379019600,688.75,701.586,686.69,700.55
1379278800,700.55,714.65,700.55,704.2
1379365200,704.2,709.591,697.045,704.5
1379451600,704.5,720.116,695.267,718.55
1379538000,718.55,738.217,716.893,734.65
1379624400,734.65,737.945,715.539,716.55
1379883600,716.55,722.397,707.28,715.05
1379970000,715.05,722.23,711.176,720.05
1380056400,720.05,725.871,717.25,723.25
1380142800,723.25,725.991,720.572,721.15
1380229200,721.15,734.368,720.095,728.85
1380488400,728.85,733.835,722.898,723.15
1380574800,723.15,728.568,713.4,718.9
1380661200,718.9,721.914,711.551,718.25
1380747600,718.25,720.016,697.277,701.95
1380834000,701.95,708.66,691.69,700.45
1381093200,700.45,705.165,694.795,704.5
1381179600,704.5,716.276,702.155,712.05
1381266000,712.05,713.286,700.31,701.75
1381352400,701.75,712.547,701.014,706.95
1381438800,706.95,716.537,706.287,712.45
1381698000,712.45,718.66,710.316,714.45
1381784400,714.45,714.933,702.308,707.25
1381870800,707.25,719.066,704.259,717.6
1381957200,717.6,740.57,713.115,739.3
1382043600,739.3,742.081,734.193,740.85
1382302800,740.85,751.617,740.85,748.3
1382389200,748.3,754.132,742.223,753.05
1382475600,753.05,753.634,744.577,746.05
1382562000,746.05,750.795,743.567,747.15
1382648400,747.15,747.947,733.552,742.85
1382907600,742.85,750.827,741.06,746.55
1382994000,746.55,747.79,740.876,746.281
1383080400,746.281,752.1,743.018,746.35
1383166800,746.35,746.672,735.337,736.85
1383253200,736.85,741.909,732.674,740.65
1383516000,740.65,749.891,739.46,748.15
1383602400,748.15,754.624,742.679,749.15
1383688800,749.15,764.498,748.8,763.8
1383775200,763.8,764.052,753.078,761.65
1383861600,761.65,764.194,753.247,758.65
1384120800,758.65,758.9,746.457,754.15
1384207200,754.15,754.3,738.902,740.35
1384293600,740.35,743.4,730.645,733.45
1384380000,733.45,741.615,732.95,738.9
1384466400,738.9,743.771,722.904,733.05
1384725600,733.05,733.05,716.138,716.95
1384812000,716.95,725.699,713.026,720.45
1384898400,720.45,723.725,709.92,712.85
1384984800,712.85,719.739,711.558,713.95
1385071200,713.95,725.079,712.868,715.4
1385330400,715.4,724.617,709.438,720.75
1385416800,720.75,724.577,711.884,717.262
1385503200,717.262,725.15,714.271,717.25
1385589600,717.25,721.602,716.325,721.513
1385676000,721.513,724.725,715.45,718.437
1385935200,718.437,718.745,710.155,712.05
1386021600,712.05,716.8,709.411,716.4
1386108000,716.4,731.968,713.435,726.9
1386194400,726.9,737.471,723.85,735.85
1386280800,735.85,742.117,726.129,735
1386540000,735,740.06,731.06,736.05
1386626400,736.05,743.115,732.841,738.15
1386712800,738.15,741.493,735.802,737.6
1386799200,737.6,737.6,714.002,717.9
1386885600,717.9,725.205,714.71,716.45
1387144800,716.45,720.322,713.48,716.65
1387231200,716.65,719.869,698.205,700.85
1387317600,700.85,710.123,696.893,698.25
1387404000,698.25,701.892,694.953,696.65
1387490400,696.65,700.937,695.63,698.65
1387749600,698.65,702.13,693.048,696.35
1387836000,696.35,698.5,692.59,695.56
1388008800,695.56,704.635,694.245,700.25
1388095200,700.25,716.906,698.426,712.2
1388354400,712.2,716.75,708.74,709.65
1388440800,709.65,719.005,706.436,717.459
1388613600,717.459,732.583,716.05,729.85
1388700000,729.85,733.291,725.313,727.35
1388959200,727.35,739.55,726.866,739.55
1389045600,739.55,743.453,733.608,740.95
1389132000,740.95,742.723,733.551,736.45
1389218400,736.45,740.948,735.2,736.75
1389304800,736.75,748.135,735.008,743.65
1389564000,743.65,746.69,737.15,740.05
1389650400,740.05,741.487,735.012,737.9
1389736800,737.9,747.252,733.803,742.15
1389823200,742.15,746.046,738.006,743.7
1389909600,743.7,753.169,741.426,747.7
1390168800,747.7,751.922,746.161,749.13
1390255200,749.13,749.825,740.843,747.35
1390341600,747.35,749.406,743.1,747.35
1390428000,747.35,748.49,742.217,745.75
1390514400,745.75,748.235,733.305,735.55
1390773600,735.55,737.4,721.925,723.35
1390860000,723.35,725.916,714.651,717.1
1390946400,717.1,722.55,708.35,714.25
1391032800,714.25,718.438,705.828,707.15
1391119200,707.15,709.3,701.124,704.15
1391378400,704.15,713.74,701.444,701.85
1391464800,701.85,705.254,696.579,701.2
1391551200,701.2,718.181,700.909,708.85
1391637600,708.85,716.368,708.143,710.45
1391724000,710.45,715.543,709.137,710.45
1391983200,710.45,723.323,709.962,717.951
1392069600,717.951,724.405,716.739,719.406
1392156000,719.406,731.026,718.32,729
1392242400,729,733.409,723.5,732.963
1392328800,732.963,741.901,731.567,736.95
1392588000,736.95,743.02,736.737,742.611
1392674400,742.611,742.611,730.71,737.145
1392760800,737.145,741.11,732.147,733.925
1392847200,733.925,738.468,729.587,737.429
1392933600,737.429,742.888,735.819,740.75
1393192800,740.75,744.598,735.334,742.868
1393279200,742.868,744.572,733.854,734.75
1393365600,734.75,738.093,727.525,732.326
1393452000,732.326,745.893,726.641,742.25
1393538400,742.25,746.774,740.458,743
1393797600,743,750.08,742.9,749.05
1393884000,749.05,765.09,744.708,763.11
1393970400,763.11,781.236,761.911,772.662
1394056800,772.662,783.105,771.102,781.162
1394143200,781.162,783.121,771.839,782.25
1394398800,782.25,782.25,771.91,775.788
1394485200,775.788,779.349,764.577,769.015
1394571600,769.015,778.588,761.77,775.808
1394658000,775.808,779.625,772.016,776.841
1394744400,776.841,786.986,767.715,773.45
1395003600,773.45,780.271,769.405,772.807
1395090000,772.807,774.199,758.767,768.205
1395176400,768.205,773.204,762.226,763.326
1395262800,763.326,772.03,746.143,769.476
1395349200,769.476,799.149,768.062,794.05
1395608400,794.05,801.778,781.748,794.785
1395694800,794.785,796.864,783.144,788.813
1395781200,788.813,788.813,774.484,780.606
1395867600,780.606,781.666,756.276,758.915
1395954000,758.915,774.829,758.175,774.65
1396213200,774.65,779.986,770.985,776.268
1396299600,776.268,782.423,766.698,780.34
1396386000,780.34,790.7,777.2,785.785
1396472400,785.785,791.911,782.691,788.925
1396558800,788.925,792.515,783.399,790.35
1396818000,790.35,791.509,761.479,766.096
1396904400,766.096,779.167,764.95,775.66
1396990800,775.66,784.105,774.076,782.248
1397077200,782.248,794.434,779.95,790.95
1397163600,790.95,812.1,785.092,804.85
1397422800,804.85,816.723,804.85,809.05
1397509200,809.05,809.902,786.673,794.476
1397595600,794.476,803.988,790.22,801.778
1397682000,801.778,808.575,793.26,796.057
1397768400,796.057,796.3,795.7,796.25
1398027600,796.25,801.618,764.7,779.406
1398114000,779.406,789.684,779.036,784.515
1398200400,784.515,787.347,782.768,785.95
1398286800,785.95,805.024,777.938,801.713
1398373200,801.713,812.389,800.502,810.55
1398632400,810.55,813.575,794.719,801.699
1398718800,801.699,809.338,795.463,806
1398805200,806,812.696,798.309,809.85
1398891600,809.85,819.068,806.433,814.1
1398978000,814.1,819.35,808.335,811.4
1399237200,811.4,817.98,809.334,816.861
1399323600,816.861,821.404,812.35,818.346
1399410000,818.346,818.815,795.662,796.088
1399496400,796.088,807.134,795.85,804.086
1399582800,804.086,806.259,798.288,801.45
1399842000,801.45,809.5,796.85,806.35
1399928400,806.35,818.519,803.309,817.168
1400014800,817.168,829.191,815.218,827.681
1400101200,827.681,828.05,810.301,811.674
1400187600,811.674,817.654,805.912,815.959
1400446800,815.959,824.551,814.22,815.991
1400533200,815.991,830.313,814.476,825.726
1400619600,825.726,834.476,825.553,829.124
1400706000,829.124,839.176,827.675,835.899
1400792400,835.899,838.565,827.392,830.7
1401051600,830.7,834.655,828.996,834.139
1401138000,834.139,835.714,827.471,833.25
1401224400,833.25,845,831.702,836.15
1401310800,836.15,840.205,827.691,834.901
1401397200,834.901,837.496,829.565,837.25
1401656400,837.25,837.25,830.811,831.957
1401742800,831.957,838.901,831.912,838.504
1401829200,838.504,839.05,832.975,836.919
1401915600,836.919,840.003,833.169,839.8
1402002000,839.8,846.25,836.804,845.75
1402261200,845.75,846.314,840.267,842.161
1402347600,842.161,855.833,841.326,854.884
1402434000,854.884,864.112,851.88,861.666
1402520400,861.666,863.15,818.809,822.074
1402606800,822.074,831.203,807.305,814.6
1402866000,814.6,823.547,808.635,810.35
1402952400,810.35,818.985,808.098,818.587
1403038800,818.587,833.877,817.236,825.581
1403125200,825.581,838.862,824.918,837.893
1403211600,837.893,838.15,819.082,821.946
1403470800,821.946,823.164,810.71,822.69
1403557200,822.69,834.52,819.264,828.95
1403643600,828.95,834.484,822.227,833.787
1403730000,833.787,837.505,827.708,836.163
1403816400,836.163,843.609,835.11,842.55
1404075600,842.55,847.729,840.316,843.375
1404162000,843.375,855.208,843.075,853.036
1404248400,853.036,862.152,849.529,857.35
1404334800,857.35,866.464,848.759,859.491
1404421200,859.491,866.835,856.192,865.365
1404680400,865.365,869.053,861.288,868.715
1404766800,868.715,875.404,865.67,873.257
1404853200,873.257,875.519,869.95,873.075
1404939600,873.075,877.162,861.35,870.8
1405026000,870.8,875.295,864.876,874.05
1405285200,874.05,874.414,867.382,870.345
1405371600,870.345,875.366,862.47,867.232
1405458000,867.232,876.668,866.487,873.45
1405544400,873.45,889.522,873.45,883.5
1405630800,883.5,886.816,872.638,881.276
1405890000,881.276,885.777,875.768,876.646
1405976400,876.646,877.069,866.257,872.925
1406062800,872.925,877.848,870.768,871.366
1406149200,871.366,874.699,866.986,871.096
1406235600,871.096,880.26,870.177,880.163
1406494800,880.163,889.131,877.253,881.325
1406581200,881.325,885.948,877.66,879.709
1406667600,879.709,882.833,876.809,880.75
1406754000,880.75,883.141,869.914,873.35
1406840400,873.35,875.331,861.275,865.152
1407099600,865.152,870.256,853.493,855.3
1407186000,855.3,859.03,837.601,845.633
1407272400,845.633,850.291,839.876,850.2
1407358800,850.2,860.011,846.962,856.789
1407445200,856.789,864.084,854.458,860.7
1407704400,860.7,876.527,857.355,875.9
1407790800,875.9,883.718,872.252,878.4
1407877200,878.4,882.646,875.418,881.638
1407963600,881.638,886.974,877.722,883.2
1408050000,883.2,895.799,873.871,894.5
1408309200,894.5,901.824,891.983,893.265
1408395600,893.265,897.21,876.83,881.959
1408482000,881.959,882.95,865.486,867.375
1408568400,867.375,880.4,864.781,880.3
1408654800,880.3,888.591,879.618,887.8
1408914000,887.8,891.15,880.461,889.661
1409000400,889.661,890.45,883.962,887.65
1409086800,887.65,893.583,884.943,892.774
1409173200,892.774,900.125,891.844,895.999
1409259600,895.999,908.904,894.75,904.497
1409518800,904.497,911.719,904.497,907.249
1409605200,907.249,909.96,881.073,881.475
1409691600,881.475,887.278,869.474,875.36
1409778000,875.36,890.652,873.292,889.006
1409864400,889.006,891.782,883,890.45
1410123600,890.45,895.925,881.174,884.15
1410210000,884.15,886.964,856.573,860.075
1410296400,860.075,864.105,845.559,852.156
1410382800,852.156,853.212,830.129,832.513
1410469200,832.513,837.935,821.238,837.87
1410728400,837.87,849.78,833.594,834.325
1410814800,834.325,846.091,832.442,842.9
1410901200,842.9,845.776,832.534,834.55
1410987600,834.55,834.6,819.844,829.3
1411074000,829.3,832.762,807.585,810.85
1411333200,810.85,815.992,800.6,800.7
1411419600,800.7,818.284,800.7,815.225
1411506000,815.225,825.216,813.816,816.389
1411592400,816.389,816.769,795.282,801.85
1411678800,801.85,809.419,778.17,781.55
1411938000,781.55,792.622,778.998,790.85
1412024400,790.85,792.786,766.933,773.225
1412110800,773.225,784.668,763.325,778.225
1412197200,778.225,786.621,767.75,768.187
1412283600,768.187,773.282,751.87,755.4
1412542800,755.4,767.915,735.289,767.3
1412629200,767.3,789.385,767.3,785.851
1412715600,785.851,804.064,783.73,803.128
1412802000,803.128,811.784,794.876,795
1412888400,795,796.39,780.752,785.75
1413147600,785.75,793.366,781.518,785.296
1413234000,785.296,796.499,784.724,793.375
1413320400,793.375,793.375,762.013,767.352
1413406800,767.352,770.76,729.658,742.996
1413493200,742.996,761.082,741.932,755.95
1413752400,755.95,764.628,753.561,763.1
1413838800,763.1,777.578,758.91,776.443
1413925200,776.443,783.5,768.575,769.525
1414011600,769.525,782.668,764.894,779.725
1414098000,779.725,789.842,778.411,780.55
1414357200,780.55,788.437,777.413,785.6
1414443600,785.6,801.232,780.275,792.65
1414530000,792.65,802.635,791.36,793.9
1414616400,793.9,795.215,775.297,780.8
1414702800,780.8,795.231,771.118,793.5
1414965600,793.5,808.762,788.855,803.45
1415052000,803.45,804.953,784.006,785.95
1415138400,785.95,787.508,755.45,759.2
1415224800,759.2,762.365,747.04,752.15
1415311200,752.15,776.024,749.163,772.25
1415570400,772.25,776.591,760.657,762.15
1415656800,762.15,774.586,755.292,772.35
1415743200,772.35,783.629,770.315,775.75
1415829600,775.75,780.257,765.236,769.25
1415916000,769.25,773.665,752.929,766.35
1416175200,766.35,775.658,761.82,769.35
1416261600,769.35,777.828,766.07,773.25
1416348000,773.25,780.243,763.848,764.55
1416434400,764.55,773.17,761.967,772.45
1416520800,772.45,795.798,770.86,790.35
1416780000,790.35,800.262,787.154,792.05
1416866400,792.05,800.233,790.45,793.95
1416952800,793.95,804.949,791.638,804.1
1417039200,804.1,808.422,794.047,806.835
1417125600,806.835,815.793,799.226,809.857
1417384800,809.857,812.524,791.965,807.7
1417471200,807.7,811.66,796.351,802.485
1417557600,802.485,814.17,794.016,797.75
1417644000,797.75,806.414,795.734,798.45
1417730400,798.45,806.506,797.03,801.35
1417989600,801.35,807.437,796.472,801.35
1418076000,801.35,812.318,796.503,809.6
1418162400,809.6,822.533,808.231,815.7
1418248800,815.7,822.914,814.311,819.85
1418335200,819.85,819.95,812.915,815.85
1418594400,815.85,817.6,796.948,798.75
1418680800,798.75,807.681,782.067,782.9
1418767200,782.9,793.047,775.274,779.6
1418853600,779.6,795.816,779.55,792.65
1418940000,792.65,807.904,788.582,805.7
1419199200,805.7,816.378,804.204,810
1419285600,810,816.171,808.255,812.95
1419372000,812.95,815.638,805.853,808.32
1419544800,808.32,819.466,808.32,818.65
1419804000,818.65,819.36,808.646,811.15
1419890400,811.15,814.33,799.7,805.15
1419976800,805.15,807.457,795.473,796.454
1420149600,796.454,802.947,791.618,796.15
1420408800,796.15,804.2,792.369,795.2
1420495200,795.2,809.794,794.407,804.05
1420581600,804.05,804.2,785.869,790.45
1420668000,790.45,796.822,786.213,790.85
1420754400,790.85,802.95,790.85,802.95
1421013600,802.95,814.556,800.508,810.75
1421100000,810.75,819.777,807.463,815.5
1421186400,815.5,817.156,766.599,776.15
1421272800,776.15,789.904,764.8,765.85
1421359200,765.85,774.495,746.22,757.85
1421618400,757.85,768.779,751.727,756.502
1421704800,756.502,783.099,756.502,776.3
1421791200,776.3,782.956,764.82,767.45
1421877600,767.45,777.38,758.893,775.85
1421964000,775.85,776.826,763.106,776.05
1422223200,776.05,781.981,758.329,779.95
1422309600,779.95,784.099,773.72,780.25
1422396000,780.25,798.11,775.853,796.05
1422482400,796.05,797.25,767.769,774
1422568800,774,784.171,770.82,772.95
1422828000,772.95,788.704,768.12,785.75
1422914400,785.75,797.08,784.2,785.8
1423000800,785.8,799.221,784.3,793.15
1423087200,793.15,797.616,785.45,793.15
1423173600,793.15,797.474,781.615,785.15
1423432800,785.15,787.776,776.665,780.85
1423519200,780.85,784.345,765.704,772
1423605600,772,780.085,765.132,767.25
1423692000,767.25,779.296,766.35,773.75
1423778400,773.75,795.44,773.3,790.7
1424037600,790.7,795.049,784.454,789.735
1424124000,789.735,790.254,777.064,783.2
1424210400,783.2,785.819,776.159,777.8
1424296800,777.8,790.13,775.8,785.9
1424383200,785.9,788.496,777.041,780.45
1424642400,780.45,788.001,775.82,786.9
1424728800,786.9,796.944,783.601,793.75
1424815200,793.75,809.502,792.505,809.25
1424901600,809.25,815.986,806.825,811.3
1424988000,811.3,819.553,804.4,818.35
1425247200,818.35,833.266,813.925,829.1
1425333600,829.1,832.841,821.472,830.4
1425420000,830.4,832.747,821.737,828.25
1425506400,828.25,832.05,822.358,827.5
1425592800,827.5,829.926,813.909,819.65
1425848400,819.65,828.904,819.035,820.95
1425934800,820.95,823.176,801.022,803.45
1426021200,803.45,808.322,787.145,789.2
1426107600,789.2,799.226,785.711,790.05
1426194000,790.05,798.116,787.644,793.45
1426453200,793.45,794.75,779.12,780.3
1426539600,780.3,782.82,755.7,762.75
1426626000,762.75,788.774,758.107,783.5
1426712400,783.5,788.028,765.763,767.5
1426798800,767.5,780.976,766.339,777.45
1427058000,777.45,782.396,770.643,776.6
1427144400,776.6,777.398,763.582,764.15
1427230800,764.15,770.137,762.455,766.1
1427317200,766.1,779.413,762.85,771.55
1427403600,771.55,771.952,738.889,741.1
1427662800,741.1,747.107,723.84,731.3
1427749200,731.3,739.9,725.006,736.7
1427835600,736.7,751.31,734.489,748.75
1427922000,748.75,755.56,742.14,747.8
1428008400,747.8,748.5,746.85,747.15
1428267600,747.15,775.755,747.15,769.38
1428354000,769.38,778.471,765.625,770.3
1428440400,770.3,773.525,754.951,756.25
1428526800,756.25,765.164,753.12,763.45
1428613200,763.45,779.437,760.839,778
1428872400,778,787.93,766.315,770.2
1428958800,770.2,771.675,756.3,764.8
1429045200,764.8,773.888,759.45,770.9
1429131600,770.9,783.395,768.95,780.7
1429218000,780.7,786.78,778.163,786.55
1429477200,786.55,788.487,765.56,774.75
1429563600,774.75,778.95,769.515,770.05
1429650000,770.05,774.788,755.85,755.85
1429736400,755.85,777.364,755.75,771.2
1429822800,771.2,778.552,768.869,771.2
1430082000,771.2,785.98,767.9,778.3
1430168400,778.3,783.256,771.8,777.75
1430254800,777.75,785.839,773.4,782.05
1430341200,782.05,784.677,769.8,777.55
1430427600,777.55,781.576,771.512,775.3
1430686800,775.3,784.896,773.617,783.4
1430773200,783.4,798.518,778.655,791.75
1430859600,791.75,797.392,788.78,793.9
1430946000,793.9,794.666,779.4,781.65
1431032400,781.65,802.75,780.727,798
1431291600,798,802.615,774.275,782.25
1431378000,782.25,789.913,781.65,785.8
1431464400,785.8,793.586,782.932,785.9
1431550800,785.9,791.102,776.254,782.65
1431637200,782.65,796.544,781.45,794.15
1431896400,794.15,799.479,784.635,786.3
1431982800,786.3,788.905,775.676,777.45
1432069200,777.45,787.276,773.869,777.8
1432155600,777.8,781.845,775.126,780.15
1432242000,780.15,785.674,770.422,784.3
1432501200,784.3,789.943,777.983,788.955
1432587600,788.955,790.2,780.215,781.9
1432674000,781.9,787.978,780.951,786.25
1432760400,786.25,789.055,781.31,787.3
1432846800,787.3,787.5,776.515,778.2
1433106000,778.2,779.699,772.266,772.95
1433192400,772.95,776.778,764.989,767.35
1433278800,767.35,769.85,752.9,759.75
1433365200,759.75,761.115,754.04,755.55
1433451600,755.55,757.91,747.51,753.05
1433710800,753.05,754.907,742.759,744.8
1433797200,744.8,752.089,740.348,741.35
1433883600,741.35,749.464,739.743,744.4
1433970000,744.4,748.09,738.789,744.05
1434056400,744.05,746.85,733.9,734.2
1434315600,734.2,740.885,733.65,734.15
1434402000,734.15,741.716,732.25,732.45
1434488400,732.45,734.427,719.017,723.45
1434574800,723.45,727.668,717.571,720.7
1434661200,720.7,720.941,706.681,708.55
1434920400,708.55,709.67,691.732,697.25
1435006800,697.25,705.016,694.111,698.4
1435093200,698.4,704.129,694.326,695.05
1435179600,695.05,699.498,671.765,679.6
1435266000,679.6,681.712,670.287,679.35
1435525200,679.35,682.448,666.362,667.85
1435611600,667.85,676.5,665.485,676.5
1435698000,676.5,703.543,676.5,698.5
1435784400,698.5,704.012,693.845,693.85
1435870800,693.85,696.945,679.142,685.1
1436130000,685.1,686.753,666.585,682.6
1436216400,682.6,684.824,642.815,649
1436302800,649,656.64,630.838,655.65
1436389200,655.65,665.189,637.438,639.85
1436475600,639.85,656.113,638.6,653.05
1436734800,653.05,668.872,642.745,661
1436821200,661,666.606,652.66,654.15
1436907600,654.15,660.655,638.54,643.55
1436994000,643.55,648.839,626.556,632.4
1437080400,632.4,632.733,615.25,616
1437339600,616,620.205,596.991,607.15
1437426000,607.15,631.89,601.99,626.35
1437512400,626.35,631.1,613.92,626.9
1437598800,626.9,640.55,615.491,619.25
1437685200,619.25,629.1,611.546,625.8
1437944400,625.8,632.785,613.159,614.15
1438030800,614.15,624.579,613.635,622.35
1438117200,622.35,628.375,615.142,623.2
1438203600,623.2,626.285,618.081,621.65
1438290000,621.65,622.379,608.26,611.45
1438549200,611.45,627.825,595.565,600
1438635600,600,604.082,589.075,599.7
1438722000,599.7,601.335,593.166,594.3
1438808400,594.3,603.438,593.747,600.6
1438894800,600.6,608.926,598.614,600.4
1439154000,600.4,617.15,596.445,609.75
1439240400,609.75,622.692,600.262,601.4
1439326800,601.4,628.655,597.552,626.3
1439413200,626.3,627.25,615.099,616.65
1439499600,616.65,625.219,612.92,618.95
1439758800,618.95,621.354,611.05,614.95
1439845200,614.95,615.125,591.103,597.3
1439931600,597.3,613.895,591.508,613
1440018000,613,624.3,610.967,623.1
1440104400,623.1,625.805,600.498,602.65
1440363600,602.65,604.444,565.765,575.7
1440450000,575.7,576.422,531.6,538.15
1440536400,538.15,541.841,521.81,532.5
1440622800,532.5,550.082,532.5,548.55
1440709200,548.55,592.775,548.55,588.149
1440968400,588.149,605.698,577.87,601.4
1441054800,601.4,601.4,570.393,573.15
1441141200,573.15,588.188,568.97,583.4
1441227600,583.4,592.58,576.95,581.4
1441314000,581.4,583.737,572.131,574.6
1441573200,574.6,583.65,572.725,582.475
1441659600,582.475,598.884,581.039,589.4
1441746000,589.4,595.61,576.54,579.1
1441832400,579.1,593.756,575.395,589.25
1441918800,589.25,597.3,577.567,595.25
1442178000,595.25,599.035,583.71,588.12
1442264400,588.12,603.91,580.51,601.55
1442350800,601.55,613.215,594.45,611.5
1442437200,611.5,618.44,595.232,608.95
1442523600,608.95,612.874,602.865,606.95
1442782800,606.95,610.403,603.508,606.25
1442869200,606.25,616.01,594.74,608.85
1442955600,608.85,651.79,606.45,647.8
1443042000,647.8,662.35,638.042,654.7
1443128400,654.7,677.742,650.65,665.1
1443387600,665.1,670.633,645.565,649.15
1443474000,649.15,659.987,638.643,658.35
1443560400,658.35,669.7,648.568,652.9
1443646800,652.9,681.365,651.138,676.45
1443733200,676.45,698.797,675.05,697.8
1443992400,697.8,712.905,684.805,693.7
1444078800,693.7,714.419,686.135,708.2
1444165200,708.2,713.8,694.101,697.8
1444251600,697.8,708.959,687.315,701.9
1444338000,701.9,724.495,701.255,710.95
1444597200,710.95,717.8,692.4,695.2
1444683600,695.2,698.619,681.23,683.65
1444770000,683.65,703.896,683.075,699.35
1444856400,699.35,707.58,694.964,704.05
1444942800,704.05,704.27,695.35,696
1445202000,696,698.005,677.677,686.05
1445288400,686.05,699.75,681.76,695.15
1445374800,695.15,696.65,672.868,677.3
1445461200,677.3,686.388,667.634,685.85
1445547600,685.85,702.812,685.613,695.2
1445806800,695.2,695.2,678.216,683.85
1445893200,683.85,684.335,675.217,677.55
1445979600,677.55,692.63,672.094,680.75
1446066000,680.75,682.305,668.374,671.7
1446152400,671.7,689.7,670.355,677.4
1446415200,677.4,677.4,646.088,650.3
1446501600,650.3,655.6,640.225,644.35
1446588000,644.35,651.252,622.225,630.25
1446674400,630.25,631.25,602.85,605.65
1446760800,605.65,625.5,597.8,622.15
1447020000,622.15,622.15,595.42,597.45
1447106400,597.45,615.33,595.585,595.95
1447192800,595.95,602.736,574.8,574.9
1447279200,574.9,582.95,557.875,562.15
1447365600,562.15,564.745,533.538,539.2
1447624800,539.2,553.58,539.2,549.9
1447711200,549.9,557.671,536.768,543.8
1447797600,543.8,550.45,527.491,535.4
1447884000,535.4,548.95,526.46,541.3
1447970400,541.3,562.915,541.3,561.2
1448229600,561.2,563.315,537.53,539.45
1448316000,539.45,544.34,531.5,538.15
1448402400,538.15,561.604,528.555,554.6
1448488800,554.6,569.376,550.425,557.25
1448575200,557.25,561.317,547.241,550.75
1448834400,550.75,551.4,539.817,545.55
1448920800,545.55,554.65,537.881,539.75
1449007200,539.75,543.18,525.6,526.4
1449093600,526.4,539.312,524.7,537.75
1449180000,537.75,573.69,536.169,565.7
1449439200,565.7,569.925,551.05,552.25
1449525600,552.25,561.082,547.329,549.45
1449612000,549.45,556.304,544.684,551.85
1449698400,551.85,557.169,540.888,542.65
1449784800,542.65,549.276,540.75,543.7
1450044000,543.7,551.205,542.565,547.3
1450130400,547.3,568.83,546.485,566.15
1450216800,566.15,573.722,561.1,570.2
1450303200,570.2,570.2,551.775,555.4
1450389600,555.4,563.28,545.333,556.8
1450648800,556.8,561.558,550,551.1
1450735200,551.1,558.59,549.8,555.35
1450821600,555.35,560.486,549.4,551.65
1450908000,551.65,560.351,551.65,559.65
1451253600,559.65,564.649,555.85,556.15
1451340000,556.15,558.7,555.405,558.65
1451426400,558.65,562.193,541.846,545.1
1451512800,545.1,562.826,544.66,561.696
1451599200,561.696,563.5,561.696,563
1451858400,563,563.692,538.477,540.1
1451944800,540.1,548.4,534.337,534.95
1452031200,534.95,538.359,504.043,509.75
1452117600,509.75,512.05,484.737,494.25
1452204000,494.25,505.374,489.171,495.55
1452463200,495.55,496.408,473.8,478.25
1452549600,478.25,481.795,452.557,471.75
1452636000,471.75,498.688,468.45,485.6
1452722400,485.6,494.705,480.061,492.85
1452808800,492.85,498.261,484.201,494.05
1453068000,494.05,497.346,488.36,495.85
1453154400,495.85,505.817,492.14,495.75
1453240800,495.75,496.8,483.954,496.7
1453327200,496.7,501.33,492.51,498.05
1453413600,498.05,508.793,496.05,496.15
1453672800,496.15,502.425,489.545,490.45
1453759200,490.45,501.695,488.26,493.7
1453845600,493.7,503.69,492.435,498.65
1453932000,498.65,505.67,490.62,491.25
1454018400,491.25,502.895,490.6,499.75
1454277600,499.75,506.25,495.343,504.5
1454364000,504.5,504.927,489.9,490.85
1454450400,490.85,515.55,489.2,509.15
1454536800,509.15,517.07,505.683,512.75
1454623200,512.75,518.278,497.705,502.9
1454882400,502.9,518.705,493.801,514.15
1454968800,514.15,518.14,509.45,516.4
1455055200,516.4,524.526,507.282,522.2
1455141600,522.2,530.647,520.227,522.55
1455228000,522.55,530.523,519.2,524.3
1455487200,524.3,524.3,510.181,513.326
1455573600,513.326,513.85,506.199,509.15
1455660000,509.15,515.669,508.565,513.95
1455746400,513.95,517.757,497.885,503.1
1455832800,503.1,504.973,496.82,499.59
1456092000,499.59,502.849,496.149,498.15
1456178400,498.15,501.828,494.415,500.2
1456264800,500.2,500.8,485.517,488.55
1456351200,488.55,492.171,486.392,492.032
1456437600,492.032,494.025,480.9,483.4
1456696800,483.4,499,483.4,494.25
1456783200,494.25,523.04,492.705,514.9
1456869600,514.9,521.7,509.317,518.05
1456956000,518.05,543.97,513.035,539.2
1457042400,539.2,562.919,534.65,555.55
1457301600,555.55,579.085,553,577.65
1457388000,577.65,580,557.61,559.35
1457474400,559.35,570.682,548.851,566.5
1457560800,566.5,575.187,558.555,572.05
1457647200,572.05,585.475,568.94,574.85
1457902800,574.85,577.013,564.569,568.86
1457989200,568.86,571.006,558.813,567.96
1458075600,567.96,584.178,563.66,581.474
1458162000,581.474,597.632,578.528,593.265
1458248400,593.265,596.505,583.95,589.267
1458507600,589.267,603.226,584.435,602.55
1458594000,602.55,607.018,597.882,605.35
1458680400,605.35,606.55,579.973,582.75
1458766800,582.75,586.45,570.675,574.85
1459112400,574.85,584.88,566.216,570.3
1459198800,570.3,579.55,556.642,578.3
1459285200,578.3,579.372,563.336,565.35
1459371600,565.35,575.85,562.373,564.1
1459458000,564.1,574.559,556.75,565.8
1459717200,565.8,565.8,558.05,560.95
1459803600,560.95,560.95,541.253,545.6
1459890000,545.6,555.615,537.122,542.15
1459976400,542.15,544.785,533.5,536.1
1460062800,536.1,543.31,534.84,541.6
1460322000,541.6,552.83,540.505,547.55
1460408400,547.55,555.274,541.608,546.35
1460494800,546.35,551.53,537.95,545.3
1460581200,545.3,565.9,535.44,560.3
1460667600,560.3,570.1,558.25,568.5
1460926800,568.5,570.025,561.188,565.75
1461013200,565.75,585.986,564.383,582.9
1461099600,582.9,599.13,580.67,594.6
1461186000,594.6,616.998,591.965,606.55
1461272400,606.55,619.11,601.975,603.45
1461531600,603.45,608.442,597.25,603.35
1461618000,603.35,609.786,593.624,604.45
1461704400,604.45,614.724,599.818,611.15
1461790800,611.15,626.768,608.355,622.95
1461877200,622.95,635.633,622.381,622.4
1462136400,622.4,631.16,617.09,621.25
1462222800,621.25,625.536,600.324,607.75
1462309200,607.75,608.615,593.55,600.55
1462395600,600.55,609.38,596.925,600.2
1462482000,600.2,608.65,598.1,608.6
1462741200,608.6,608.6,578.497,584.1
1462827600,584.1,596.821,579.717,595.85
1462914000,595.85,611.451,594.032,608.1
1463000400,608.1,612.333,593.85,594.85
1463086800,594.85,601.34,588.838,593.65
1463346000,593.65,597.665,588.65,590.25
1463432400,590.25,594.8,581.652,584.55
1463518800,584.55,585.79,572.71,575.35
1463605200,575.35,577.72,557.162,560.15
1463691600,560.15,567.5,557.65,559.85
1463950800,559.85,560.75,547.6,550.6
1464037200,550.6,551.547,532.895,533.65
1464123600,533.65,539.015,523.346,531.95
1464210000,531.95,546.54,531.95,543.55
1464296400,543.55,552.017,533.585,537.65
1464555600,537.65,542.3,532.15,542.15
1464642000,542.15,549.545,537.8,546.3
1464728400,546.3,549.86,542.25,545.35
1464814800,545.35,548.468,532.379,534.55
1464901200,534.55,555.165,534.446,554.25
1465160400,554.25,558.936,550.95,556.85
1465246800,556.85,560.035,544.25,554
1465333200,554,569.71,552.9,560.35
1465419600,560.35,565.024,552.822,560
1465506000,560,560.754,543.225,544.8
1465765200,544.8,551.795,541.026,542.75
1465851600,542.75,543.19,533.25,533.8
1465938000,533.8,545.681,530.495,532.45
1466024400,532.45,540.866,528.729,533.75
1466110800,533.75,543.786,528,533.3
1466370000,533.3,550.74,531.349,547.05
1466456400,547.05,553.745,540.38,550.75
1466542800,550.75,563.645,548.45,560.25
1466629200,560.25,566.567,556.605,565.3
1466715600,565.3,567.269,542.7,550.1
1466974800,550.1,558.58,546.743,557.45
1467061200,557.45,572.028,555.415,569.85
1467147600,569.85,591.685,569.85,588.2
1467234000,588.2,600.05,583.142,599.65
1467320400,599.65,606.332,591.657,605.85
1467579600,605.85,616.7,597.914,614.9
1467666000,614.9,614.9,590.2,602.65
1467752400,602.65,610.447,591.155,607.65
1467838800,607.65,612.655,600.486,610.95
1467925200,610.95,619.8,600.138,618.85
1468184400,618.85,626.47,614.9,625.25
1468270800,625.25,630.74,614.7,628.65
1468357200,628.65,648.03,623.525,646.45
1468443600,646.45,652.282,636.03,651.7
1468530000,651.7,653.395,641.59,649.05
1468789200,649.05,649.05,632.331,645.65
1468875600,645.65,658.7,641.645,657.85
1468962000,657.85,676.359,653.635,673.25
1469048400,673.25,686.569,667.705,685.1
1469134800,685.1,687.913,679.947,684.75
1469394000,684.75,688.542,675.377,686.55
1469480400,686.55,694.589,681.779,687.9
1469566800,687.9,706.05,685.361,700.95
1469653200,700.95,708.541,695.687,696.8
1469739600,696.8,714.401,691.643,709.35
1469998800,709.35,722.993,706.555,716.35
1470085200,716.35,723.253,712.928,715.8
1470171600,715.8,716.775,704.715,711.75
1470258000,711.75,714.022,698.846,704.35
1470344400,704.35,707.305,691.161,695.85
1470603600,695.85,699.292,688.65,692.15
1470690000,692.15,696.878,686.024,693.45
1470776400,693.45,746.845,693.35,724.1
1470862800,724.1,726.874,687.784,689.05
1470949200,689.05,699.17,681.881,684.5
1471208400,684.5,695.476,682.426,691.45
1471294800,691.45,706.055,691.125,701.45
1471381200,701.45,702.395,686.543,695.25
1471467600,695.25,718.395,693.55,712.3
1471554000,712.3,712.3,704.511,710
1471813200,710,710,690.312,692
1471899600,692,702.65,683.097,698.1
1471986000,698.1,701.505,679.822,683.55
1472072400,683.55,689.6,680.643,687.34
1472158800,687.34,702.12,682.5,688.1
1472418000,688.1,699.197,682.84,698.05
1472504400,698.05,701.513,673.42,679.25
1472590800,679.25,688.84,667.986,673
1472677200,673,676.78,656.35,666.95
1472763600,666.95,679.1,664.782,678.75
1473022800,678.75,681.579,674.859,680.1
1473109200,680.1,700.637,676.945,698.65
1473195600,698.65,709.85,687.182,689.8
1473282000,689.8,697.546,682.974,686.1
1473368400,686.1,691.801,674.194,674.85
1473627600,674.85,676.402,653.27,665.1
1473714000,665.1,669.15,651.395,654.1
1473800400,654.1,662.551,652.35,654.9
1473886800,654.9,662.1,652.13,657
1473973200,657,676.937,651.82,672.15
1474232400,672.15,694.165,671.6,684.75
1474318800,684.75,690.314,678.39,682.95
1474405200,682.95,694.752,675.55,684.65
1474491600,684.65,701.29,682,693.05
1474578000,693.05,706.3,690.53,700.8
1474837200,700.8,701.061,687.302,693.85
1474923600,693.85,702.663,691.62,700.75
1475010000,700.75,716.689,699.205,714.3
1475096400,714.3,722.283,709.835,716.15
1475182800,716.15,726.85,714.37,721.65
1475442000,721.65,725.962,707.421,714.85
1475528400,714.85,714.85,696.848,698.85
1475614800,698.85,702.6,675.251,677.65
1475701200,677.65,681.19,661.78,668.55
1475787600,668.55,679.098,662.015,669.4
1476046800,669.4,676.978,662.1,668.3
1476133200,668.3,671.88,646.335,646.85
1476219600,646.85,656.45,646.083,648.95
1476306000,648.95,650.7,636.195,638.55
1476392400,638.55,649.667,631.4,645.4
1476651600,645.4,655.075,634.66,638.55
1476738000,638.55,647.869,636.85,637.45
1476824400,637.45,645.04,634.903,636.15
1476910800,636.15,640.722,626.313,631.45
1476997200,631.45,632.193,615.224,623.55
1477256400,623.55,634.207,617.061,633.95
1477342800,633.95,643.176,633.448,634.2
1477429200,634.2,639.801,619.08,622.65
1477515600,622.65,626.95,611.318,613
1477602000,613,623.43,611.011,619.9
1477861200,619.9,623.79,611.057,620.089
1477947600,620.089,636.184,619.008,632.386
1478034000,632.386,636.126,627.744,628.26
1478120400,628.26,632.597,617.087,618.823
1478206800,618.823,635.271,617.344,627.503
1478469600,627.503,657.865,621.177,652.42
1478556000,652.42,669.089,645.516,664.95
1478642400,664.95,684.701,652.763,679.288
1478728800,679.288,698.493,674.559,690.326
1478815200,690.326,698.639,669.997,676
1479074400,676,701.338,668.931,698.67
1479160800,698.67,709.398,691.608,707.975
1479247200,707.975,721.591,693.075,718.315
1479333600,718.315,735.358,713.447,728.126
1479420000,728.126,729.778,704.44,725.15
1479679200,725.15,733.192,722.974,729.391
1479765600,729.391,749.692,727.678,742.164
1479852000,742.164,745.985,725.005,734.677
1479938400,734.677,741.147,730.317,733.293
1480024800,733.293,744.859,725.738,744.46
1480284000,744.46,761.3,743.77,757.32
1480370400,757.32,766.933,754.681,762.87
1480456800,762.87,775.209,761.943,771.45
1480543200,771.45,775.606,746.15,753.05
1480629600,753.05,756.785,736.522,743.54
1480888800,743.54,751.734,727,746.14
1480975200,746.14,754.461,732.808,737.881
1481061600,737.881,739.568,728.274,733.703
1481148000,733.703,745.762,716.418,738.561
1481234400,738.561,749.259,730.019,730.95
1481493600,730.95,738.126,722.61,722.675
1481580000,722.675,735.059,722.675,730.1
1481666400,730.1,734.75,721.675,721.92
1481752800,721.92,730.209,697.731,702.11
1481839200,702.11,704.755,680.373,695.661
1482098400,695.661,697.455,676.303,678.549
1482184800,678.549,680.734,663.883,666.407
1482271200,666.407,668.547,656.34,658.5
1482357600,658.5,663.428,652.651,655.303
1482444000,655.303,660.28,653.744,659.07
1482789600,659.07,677.674,657.977,672.05
1482876000,672.05,679.273,666.088,668.13
1482962400,668.13,676.627,667.867,673.873
1483048800,673.873,687.372,670.397,680.05
1483394400,680.05,718.885,680.05,709.465
1483480800,709.465,743.554,708.225,738.54
1483567200,738.54,749.043,727.361,739.276
1483653600,739.276,759.129,734.882,755.593
1483912800,755.593,768.619,754.332,759.387
1483999200,759.387,765.488,756.394,765.253
1484085600,765.253,766.561,744.291,756.567
1484172000,756.567,765.083,753.549,758.834
1484258400,758.834,758.901,744.095,750.67
1484517600,750.67,754.349,736.524,744.75
1484604000,744.75,759.928,741.097,749.78
1484690400,749.78,753.676,742.11,748.6
1484776800,748.6,754.833,744.113,753.437
1484863200,753.437,793.366,750.499,788.779
1485122400,788.779,796.478,769.31,778.015
1485208800,778.015,796.999,772.34,788.356
1485295200,788.356,790.535,730.556,730.67
1485381600,730.67,744.203,713.65,723.05
1485468000,723.05,743.79,711.759,740.701
1485727200,740.701,742.624,725.818,740.66
1485813600,740.66,758.296,738.164,753.877
1485900000,753.877,766.489,753.701,763.735
1485986400,763.735,770.651,757.53,758.665
1486072800,758.665,760.565,742.24,750.738
1486332000,750.738,774.749,746.215,772.379
1486418400,772.379,774.446,754.833,763.747
1486504800,763.747,773.1,759.138,771.244
1486591200,771.244,778.613,767.45,770.048
1486677600,770.048,786.933,764.297,784.659
1486936800,784.659,787.744,772.62,776.038
1487023200,776.038,784.275,774.116,781.905
1487109600,781.905,791.608,777.52,789.789
1487196000,789.789,795.598,787.103,793.232
1487282400,793.232,795.33,773.948,777.983
1487541600,777.983,781.1,766.221,772.7
1487628000,772.7,782.276,763.993,782.267
1487714400,782.267,785.155,765.668,769.919
1487800800,769.919,780.67,763.23,774.114
1487887200,774.114,786.389,770.052,772.4
1488146400,772.4,789.077,769.184,783.24
1488232800,783.24,786.101,768.263,771.387
1488319200,771.387,783.13,769.332,777.272
1488405600,777.272,777.272,766.081,767.855
1488492000,767.855,774.725,754.866,774.404
1488751200,774.404,777.804,765.73,773.035
1488837600,773.035,777.541,763.07,772.826
1488924000,772.826,774.372,765.497,769.515
1489010400,769.515,771.388,746.929,747.699
1489096800,747.699,753.508,741.926,746.634
1489352400,746.634,758.392,745.926,754.683
1489438800,754.683,754.683,741.056,742.011
1489525200,742.011,766.185,742.011,761.922
1489611600,761.922,775.865,761.348,766.953
1489698000,766.953,780.276,764.477,776.772
1489957200,776.772,786.073,773.294,782.347
1490043600,782.347,794.019,777.948,786.373
1490130000,786.373,795.573,782.239,789.212
1490216400,789.212,809.547,787.216,802.126
1490302800,802.126,815.734,799.657,808.919
1490562000,808.919,812.405,793.668,795.024
1490648400,795.024,798.031,786.518,792.61
1490734800,792.61,795.062,785.135,791.837
1490821200,791.837,804.732,786.996,796.479
1490907600,796.479,802.08,792.2,799.044
1491166800,799.044,805.577,795.471,802.928
1491253200,802.928,811.179,802.076,806.81
1491339600,806.81,816.415,802.427,807.891
1491426000,807.891,812.461,797.093,806.3
1491512400,806.3,813.646,799.48,803.126
1491771600,803.126,803.126,787.552,789.541
1491858000,789.541,807.688,788.442,806.554
1491944400,806.554,807.74,790.311,801.528
1492030800,801.528,810.771,793.022,796.381
1492376400,796.381,799.415,788.851,790.257
1492462800,790.257,794.98,771.549,773.618
1492549200,773.618,780.15,773.204,778.286
1492635600,778.286,806.44,777.696,804.03
1492722000,804.03,808.189,792.023,795.707
1492981200,795.707,802.954,792.151,797.45
1493067600,797.45,802.004,791.65,801.068
1493154000,801.068,812.374,799.388,811.52
1493240400,811.52,818.247,803.116,816.712
1493326800,816.712,832.159,815.993,827.506
1493586000,827.506,830.263,815.315,816.185
1493672400,816.185,820.532,812.459,819.482
1493758800,819.482,825.32,796.228,799.852
1493845200,799.852,807.01,788.518,804.231
1493931600,804.231,817.112,801.813,815.89
1494190800,815.89,820.127,804.858,810.494
1494277200,810.494,811.789,793.497,798.811
1494363600,798.811,806.653,794.168,797.81
1494450000,797.81,811.673,795.48,802.935
1494536400,802.935,809.627,802.935,806.555
1494795600,806.555,820.823,796.457,797.029
1494882000,797.029,809.709,787.46,796.236
1494968400,796.236,800.506,778.389,784.735
1495054800,784.735,785.839,758.023,763.805
1495141200,763.805,769.682,759.087,760.7
1495400400,760.7,774.874,751.882,771.804
1495486800,771.804,779.763,769.096,776.295
1495573200,776.295,776.295,759.587,766.992
1495659600,766.992,773.769,764.254,773.769
1495746000,773.769,793.55,769.822,791.6
1496005200,791.6,802.773,791.6,800.675
1496091600,800.675,808.527,793.771,807.925
1496178000,807.925,822.927,805.522,819.691
1496264400,819.691,829,812.786,828.35
1496350800,828.35,843.185,824.94,841.65
1496610000,841.65,849.783,838.998,845.194
1496696400,845.194,859.41,842.947,855.24
1496782800,855.24,860.094,832.329,835.6
1496869200,835.6,863.92,834.777,860.95
1496955600,860.95,917.825,855.361,884.1
1497214800,884.1,908.295,884.1,896.95
1497301200,896.95,896.95,881.35,882.1
1497387600,882.1,887.85,860.9,864.7
1497474000,864.7,872.65,854.39,871.3
1497560400,871.3,878.675,862.86,870.12
1497819600,870.12,874.235,859.05,862.85
1497906000,862.85,876.55,859.819,875.807
1497992400,875.807,890.45,868.913,890.25
1498078800,890.25,895.225,882.589,888.05
1498165200,888.05,897.71,860.85,863.55
1498424400,863.55,873.2,853.2,873.1
1498510800,873.1,874.2,858.4,860.15
1498597200,860.15,867.77,856.25,859.45
1498683600,859.45,865.952,849.15,851.3
1498770000,851.3,852.546,837.464,844.15
1499029200,844.15,849.8,838.684,849.75
1499115600,849.75,861.89,847.276,854.574
1499202000,854.574,859.608,835.785,843.2
1499288400,843.2,847.512,832.18,835.3
1499374800,835.3,842.807,829.268,841.9265
1499634000,841.9265,844.194,831.08,843.888
1499720400,843.888,855.1625,837.952,851.895
1499806800,851.895,869.166,851.726,864.8955
1499893200,864.8955,873.8,854.343,857.6785
1499979600,857.678,869.409,857.678,861.326
1500238800,861.3265,869.836,855.016,868.35
1500325200,868.35,870.834,862.874,866.1245
1500411600,866.124,873.894,860.814,861.3715
1500498000,861.372,861.372,838.3,847.4
1500584400,847.4,858.496,843.048,846.5615
1500843600,846.562,855.004,840.98,854.2
1500930000,854.2,867.368,851.815,860.563
1501016400,860.563,870.6,853.824,869.3
1501102800,869.3,887.661,868.45,879.55
1501189200,879.55,885.75,871.325,884.3
1501448400,884.3,900.327,880.973,887.408
1501534800,887.4085,901.92,884.665,895.235
1501621200,895.235,906.828,891.785,896.784
1501707600,896.784,898.2,883.01,886.268
1501794000,886.268,889.85,877.074,879.55
1502053200,879.55,889.386,868.727,888.5
1502139600,888.5,900.67,885.6895,899.1585
1502226000,899.1585,899.365,889.642,892.028
1502312400,892.028,906.347,891.172,899.342
1502398800,899.342,902.725,893.636,896.1
1502658000,896.1,902.014,894.08,898.045
1502744400,898.045,898.602,881.65,888.2
1502830800,888.2,916.172,886.538,916
1502917200,916,930.904,915.752,923.7965
1503003600,923.7965,934.646,922.122,924.69
1503262800,924.69,940.831,922.242,938.9635
1503349200,938.964,939.649,929.014,930.4
1503435600,930.4,936.62,925.776,934.932
1503522000,934.932,937.75,930.625,934.5
1503608400,934.5,941.942,928.057,929.228
1503867600,929.2275,938.999,927.426,936.8
1503954000,936.8,950.176,936.733,944.85
1504040400,944.85,948.196,930.68,932.009
1504126800,932.009,940.978,930.76,937.947
1504213200,937.947,987.1,934.066,984.055
1504472400,984.055,1001.778,971.862,974.726
1504558800,974.726,991.895,957.725,959.65
1504645200,959.65,969.162,936.614,941.685
1504731600,941.685,961.24,938.445,957.4
1504818000,957.4,965.49,934.39,936.18
1505077200,936.18,954.818,933.75,936.8515
1505163600,936.852,958.872,935.353,956.4
1505250000,956.4,957.75,937.923,940.139
1505336400,940.139,946.176,917.862,928.0375
1505422800,928.038,932.15,918.443,925.45
1505682000,925.45,940.754,922.94,936.6835
1505768400,936.6835,939.378,907.555,911.6
1505854800,911.6,917.9,902.7295,916.398
1505941200,916.398,921.792,908.876,914.205
1506027600,914.205,924.899,909.194,922.745
1506286800,922.745,927.512,910.87,914.047
1506373200,914.047,921.052,910.444,917.132
1506459600,917.132,935.414,911.432,930.2
1506546000,930.2,939.345,925.084,933.2
1506632400,933.2,940.508,931.086,937.25
1506891600,937.25,940.95,910.034,912.961
1506978000,912.961,922.948,907.874,920.3
1507064400,920.3,928.462,917.924,926.8
1507150800,926.8,944.726,923.723,943.193
1507237200,943.193,946.362,919.223,923.359
1507496400,923.359,931.56,921.68,928.95
1507582800,928.95,941.216,928.95,935.8835
1507669200,935.8835,963.516,934.511,962.1465
1507755600,962.1465,987.032,957.459,975.97
1507842000,975.97,997.928,972.11,989.77
1508101200,989.77,1009.218,971.782,973.7755
1508187600,973.7755,992.494,973.7755,982.2715
1508274000,982.2715,991.296,955.1,957.633
1508360400,957.633,968.06,949.412,960.35
1508446800,960.35,978.578,960.35,976.1125
1508706000,976.1125,976.756,954.565,958.541
1508792400,958.541,968.804,956.676,967
1508878800,967,972.92,954.358,962.85
1508965200,962.85,974.79,961.488,971.443
1509051600,971.443,972.599,963,971.6815
1509310800,971.682,977.058,963.682,965.286
1509397200,965.286,985.025,965.286,983.49
1509483600,983.4895,1007.718,982.79,1003.695
1509570000,1003.695,1008.094,990.394,996.65
1509656400,996.65,1003.226,991.164,1001.145
1509919200,1001.145,1006.78,993.83,1001.965
1510005600,1001.965,1003.738,994.405,996.202
1510092000,996.202,1020.208,996.202,1016.45
1510178400,1016.45,1027.128,1006.475,1013.0485
1510264800,1013.048,1014.816,996.144,996.1645
1510524000,996.164,1004.244,990.226,991.5715
1510610400,991.572,999.342,977.194,989.1745
1510696800,989.1745,992.247,976.34,987.2785
1510783200,987.2785,991.448,982.163,990.004
1510869600,990.004,998.932,989.059,996.85
1511128800,996.85,1001.278,987.292,990.75
1511215200,990.75,1003.934,988.814,1001.7505
1511301600,1001.7505,1008.514,999.232,1006.7505
1511388000,1006.7505,1015.486,1002.044,1014.49
1511474400,1014.49,1014.49,998.425,1005.65
1511733600,1005.65,1009.039,994.682,1008.45
1511820000,1008.45,1030.51,1001.724,1029.3
1511906400,1029.3,1031.1345,1012.265,1015.446
1511992800,1015.446,1023.3,1007.178,1009.5565
1512079200,1009.5565,1025.385,1007.9,1023.5295
1512338400,1023.53,1024.449,993.75,995.2375
1512424800,995.2375,1002.426,983.23,986.928
1512511200,986.928,998.593,986.35,997.3885
1512597600,997.388,1022.274,994.25,1016.278
1512684000,1016.2785,1019.574,1000.4,1009.3115
1512943200,1009.3115,1015.954,1004.2,1012.65
1513029600,1012.65,1015.588,1004.074,1014.8755
1513116000,1014.8755,1019.275,1007.73,1018.25
1513202400,1018.25,1038.826,1006.248,1034.672
1513288800,1034.6715,1037.848,1020.884,1024.974
1513548000,1024.9745,1028.613,1014.72,1019.7005
1513634400,1019.7005,1027.89,1018.1,1025.35
1513720800,1025.35,1036.65,1022.85,1028.561
1513807200,1028.561,1040.594,1027.15,1038.5
1513893600,1038.5,1043.05,1030.25,1040.4
1514239200,1040.4,1054.146,1037.477,1052.4415
1514325600,1052.4415,1069.982,1050.35,1064.5215
1514412000,1064.5215,1071.55,1056.726,1068.2
1514498400,1068.2,1070.825,1054.4975,1062.614
1514844000,1062.614,1097.569,1062.614,1094.5195
1514930400,1094.5195,1095.834,1081.76,1085.45
1515016800,1085.45,1108.693,1081.38,1100.8755
1515103200,1100.876,1103.715,1087.626,1093.236
1515362400,1093.236,1103.195,1090.314,1101.153
1515448800,1101.153,1113.346,1099.1475,1101.35
1515535200,1101.35,1105.625,1082.938,1086.076
1515621600,1086.076,1093.282,1078.464,1086.2275
1515708000,1086.2275,1130.072,1086.2275,1124.85
1515967200,1124.85,1139.45,1122.075,1131.535
1516053600,1131.535,1133.839,1090.58,1096.35
1516140000,1096.35,1121.069,1095.756,1117.668
1516226400,1117.6685,1119.811,1099.644,1101.45
1516312800,1101.45,1116.816,1101.45,1106.955
1516572000,1106.955,1110.936,1085.71,1100.578
1516658400,1100.578,1102.2,1088.954,1095.111
1516744800,1095.111,1115.135,1094.196,1112.35
1516831200,1112.35,1115.458,1095.161,1097.5845
1516917600,1097.5845,1101.77,1082.986,1091.991
1517176800,1091.991,1094.538,1082.814,1088.051
1517263200,1088.051,1090.341,1049.883,1056.3665
1517349600,1056.366,1063.585,1025.38,1030.574
1517436000,1030.5745,1042.22,1016.374,1041.48
1517522400,1041.48,1054.896,1037.47,1048.206
1517781600,1048.206,1049.534,1027.72,1031.71
1517868000,1031.71,1031.71,1002.328,1012.439
1517954400,1012.439,1015.456,981.84,987.6
1518040800,987.6,988.941,961.592,964.85
1518127200,964.85,980.28,959.966,979.331
1518386400,979.331,991.608,977.626,984.77
1518472800,984.77,996.132,982.886,987.728
1518559200,987.728,1005.97,981.284,1003.299
1518645600,1003.299,1022.201,1002.464,1020.4505
1518732000,1020.4505,1048.393,1018.234,1046.1405
1518991200,1046.1405,1051.546,1032.593,1033.069
1519077600,1033.069,1044.21,1027.875,1034.8755
1519164000,1034.876,1037.163,1021.13,1024.315
1519250400,1024.315,1041.972,1020.426,1041.1
1519336800,1041.1,1050.57,1036.275,1048.895
1519596000,1048.895,1068.337,1047.608,1061.45
1519682400,1061.45,1064.877,1036.462,1038.523
1519768800,1038.523,1049.7,1038.523,1043.9005
1519855200,1043.9,1046.652,978.202,991.862
1519941600,991.862,999.968,979.368,994.9
1520200800,994.9,1002.019,979.95,986.25
1520287200,986.25,995.512,976.938,987.227
1520373600,987.227,988.923,965.575,971.33
1520460000,971.33,990.402,966.475,978.1475
1520546400,978.1475,998.403,971.082,997.85
1520802000,997.85,998.725,972.147,977.95
1520888400,977.95,999.138,976.3175,991.05
1520974800,991.05,1007.976,988.852,990.7625
1521061200,990.762,995.591,982.11,989.55
1521147600,989.55,998.786,983.358,998.15
1521406800,998.1505,1000.104,988.108,989.736
1521493200,989.736,995.91,978.195,983.65
1521579600,983.65,995.703,980.482,990.525
1521666000,990.525,997.152,974.713,984.6585
1521752400,984.658,990.688,975.196,976.979
1522011600,976.979,987.22,972.381,977.8
1522098000,977.8,985.022,972.687,973.4985
1522184400,973.4985,978.712,965.204,969.115
1522270800,969.115,973.337,941.41,950.3005
1522616400,950.3005,958.99,931.295,937.866
1522702800,937.866,945.569,931.705,933.5825
1522789200,933.582,935.086,916.663,928.65
1522875600,928.65,932.376,902.668,908.31
1522962000,908.31,917.21,898.804,905.55
1523221200,905.55,940.468,905.129,931.2995
1523307600,931.2995,961.787,930.8815,950.85
1523394000,950.85,972.353,950.054,966.1215
1523480400,966.122,971.638,944.988,966.7595
1523566800,966.7595,992.442,964.566,988
1523826000,988,1013.178,985.563,1003.34
1523912400,1003.34,1016.632,985.95,1014.494
1523998800,1014.494,1046.779,1011.626,1038.05
1524085200,1038.05,1057.714,1024.338,1033.005
1524171600,1033.005,1042.528,1016.675,1029.6
1524430800,1029.6,1036.507,974.449,982.326
1524517200,982.326,988.568,964.094,974.7
1524603600,974.7,977.6,959.097,977.6
1524690000,977.6,995.281,968.335,986.445
1524776400,986.445,990.409,968.84,971.775
1525035600,971.775,976.918,958.999,966.876
1525122000,966.876,968.366,942.171,947.14
1525208400,947.14,975.237,945.214,962.6
1525294800,962.6,976.839,962.034,964.355
1525381200,964.355,970.84,959.744,970.84
1525640400,970.84,981.2,968.598,973.085
1525726800,973.085,979.166,967.004,973.1
1525813200,973.1,984.262,970.696,978.8
1525899600,978.8,1003.55,976.606,999.725
1525986000,999.725,1009.398,988.454,992.3
1526245200,992.3,1003.444,989.4,997.29
1526331600,997.29,998.94,961.102,983.45
1526418000,983.45,990.815,979.456,987.635
1526504400,987.635,990.644,977.673,979.15
1526590800,979.15,983.874,962.326,969.87
1526850000,969.87,998.376,969.042,993.77
1526936400,993.77,1006.972,989.585,991.975
1527022800,991.975,995.348,967.565,981.24
1527109200,981.24,984.952,969.456,976.135
1527195600,976.135,984.242,969.906,981.625
1527454800,981.625,985.995,978.825,985.995
1527541200,985.995,991.902,975.726,978.25
1527627600,978.25,987.222,974.654,986.9
1527714000,986.9,992.389,985.023,988.9
1527800400,988.9,1006.25,985.911,1003.15
1528059600,1003.15,1011.38,994.92,997.98
1528146000,997.98,997.98,979.898,994.92
1528232400,994.92,1025.383,989.25,1019.86
1528318800,1019.86,1031.341,1010.78,1014.525
1528405200,1014.525,1020.878,1007.052,1014.35
1528664400,1014.35,1026.388,1010.154,1023.92
1528750800,1023.92,1024.764,1018.054,1022.15
1528837200,1022.15,1023.1,997.021,1011.855
1528923600,1011.855,1018.942,1003.436,1010.66
1529010000,1010.66,1012.218,986.876,990.4
1529269200,990.4,1000.36,982.894,990.775
1529355600,990.775,993.774,966.286,969.36
1529442000,969.36,980.052,963.062,964.65
1529528400,964.65,969.267,950.786,951.91
1529614800,951.91,962.402,950.419,958.71
1529874000,958.71,960.278,938.953,943.14
1529960400,943.14,964.044,932.04,961.385
1530046800,961.385,963.404,942.062,951.825
1530133200,951.825,955.124,933.398,945.57
1530219600,945.57,959.002,941.216,955.96
1530478800,955.96,958.199,938.264,947.57
1530565200,947.57,954.616,939.749,944.075
1530651600,944.075,953.306,942.755,951.084
1530738000,951.084,953.054,942.348,949.73
1530824400,949.73,955.85,940.747,953.825
1531083600,953.825,968.592,953.708,960.81
1531170000,960.81,962.392,940.44,943.5
1531256400,943.5,946.297,934.77,939.12
1531342800,939.12,954.896,936.169,951.62
1531429200,951.62,952.55,936.988,940.245
1531688400,940.245,945.385,917.93,920.425
1531774800,920.425,929.899,908.25,914.25
1531861200,914.25,916.374,906.53,909.97
1531947600,909.97,912.261,861.15,873.35
1532034000,873.35,899.29,872.522,896.15
1532293200,896.15,915.498,882.9,914.7
1532379600,914.7,927.839,908.091,914.555
1532466000,914.555,942.876,913.009,940.95
1532552400,940.95,942.809,925.034,929.3
1532638800,929.3,936.35,919.392,926.405
1532898000,926.405,934.924,923.304,930.1
1532984400,930.1,940.196,925.805,935.27
1533070800,935.27,936.224,912.65,919.37
1533157200,919.37,925.762,909.3,916.035
1533243600,916.035,925.414,911.25,913.55
1533502800,913.55,918.484,903.726,907.35
1533589200,907.35,922.884,906,909.55
1533675600,909.55,915.146,892.98,900.885
1533762000,900.885,909,894.55,906.95
1533848400,906.95,913.8,899.616,909.955
1534107600,909.955,912.15,886.533,893.3
1534194000,893.3,899.95,887.234,898.1
1534280400,898.1,899.166,837.45,844.95
1534366800,844.95,906.9,833.34,887.385
1534453200,887.385,914.75,887.1,911.5
1534712400,911.5,924.85,908.4,916.3
1534798800,916.3,921.6,912.182,913.775
1534885200,913.775,928.524,910.166,926.19
1534971600,926.19,927.25,912.95,915.55
1535058000,915.55,942.05,913.996,936.77
1535317200,936.77,952.175,933.4,950.42
1535403600,950.42,954.964,939.95,942.76
1535490000,942.76,969.35,938.95,966.45
1535576400,966.45,986.75,956.95,969.27
1535662800,969.27,987.95,968.1,982.85
1535922000,982.85,987.45,977,982.451
1536008400,982.451,991.45,956.294,982.12
1536094800,982.12,989.318,970.2,973.95
1536181200,973.95,989.507,973.74,976.235
1536267600,976.235,991.778,973,979.735
1536526800,979.735,994.05,975.75,978.735
1536613200,978.735,986.03,965.9,977.55
1536699600,977.55,982.05,969.65,977.45
1536786000,977.45,985.35,973.45,982.725
1536872400,982.725,989.05,975.45,979.05
1537131600,979.05,989.8,975.65,989.75
1537218000,989.75,1016.35,983.85,1014.075
1537304400,1014.075,1043.75,1013.555,1038.71
1537390800,1038.71,1056.35,1034.25,1054.32
1537477200,1054.32,1060.8,1038.15,1055.65
1537736400,1055.65,1063.425,1044.5,1062
1537822800,1062,1070.56,1052.887,1063.025
1537909200,1063.025,1075.955,1057.45,1069.07
1537995600,1069.07,1086.374,1061.05,1085.525
1538082000,1085.525,1096.447,1073.423,1075.52
1538341200,1075.52,1077.75,1047.924,1059.45
1538427600,1059.45,1069.19,1043.205,1055.75
1538514000,1055.75,1068.814,1049.415,1059.95
1538600400,1059.95,1067.69,1051.908,1056.6
1538686800,1056.6,1079.406,1053.552,1073.325
1538946000,1073.325,1078.5,1058.548,1078.285
1539032400,1078.285,1086.23,1067.436,1072.97
1539118800,1072.97,1081.971,1063.598,1068.35
1539205200,1068.35,1098.483,1067.243,1080.8
1539291600,1080.8,1090.746,1066.375,1068.15
1539550800,1068.15,1090.582,1066.87,1085.52
1539637200,1085.52,1090.3,1076.088,1079.7
1539723600,1079.7,1084.626,1071.552,1071.7
1539810000,1071.7,1081.508,1067.562,1071.375
1539896400,1071.375,1092.134,1071.375,1082.97
1540155600,1082.97,1125.616,1082.15,1124.36
1540242000,1124.36,1150.893,1118.416,1143.185
1540328400,1143.185,1144.98,1125.9,1127
1540414800,1127,1131.04,1101.37,1102.62
1540501200,1102.62,1110.517,1082.2,1105.515
1540760400,1105.515,1121.832,1088.958,1090.65
1540846800,1090.65,1100.169,1069.688,1078.05
1540933200,1078.05,1089.935,1071.35,1080.2
1541019600,1080.2,1102.66,1078.25,1095.85
1541106000,1095.85,1125.103,1093.585,1116.9
1541368800,1116.9,1139.546,1112.926,1135.62
1541455200,1135.62,1135.918,1102.896,1117.4
1541541600,1117.4,1140.156,1112.994,1134.4
1541628000,1134.4,1138.79,1114.051,1125.95
1541714400,1125.95,1130.637,1109.696,1116.17
1541973600,1116.17,1121.948,1095.835,1097.82
1542060000,1097.82,1117.014,1097.82,1112.845
1542146400,1112.845,1135.618,1103.938,1128.21
1542232800,1128.21,1179.513,1123.482,1157.06
1542319200,1157.06,1186.875,1153.584,1176.55
1542578400,1176.55,1186.94,1159.577,1163.55
1542664800,1163.55,1173.746,1136.859,1143.665
1542751200,1143.665,1159.659,1143.321,1150.61
1542837600,1150.61,1156.138,1147.159,1156.138
1542924000,1156.138,1156.938,1117.5,1123.4
1543183200,1123.4,1154.016,1123.4,1147.77
1543269600,1147.77,1157.527,1137.287,1153.1
1543356000,1153.1,1187.81,1150.708,1186.5
1543442400,1186.5,1186.5,1168.93,1182.75
1543528800,1182.75,1202.646,1176.782,1182.025
1543788000,1182.025,1224.66,1182.025,1206.26
1543874400,1206.26,1240.55,1205.85,1233.85
1543960800,1233.85,1261.9,1230.01,1237.2
1544047200,1237.2,1248.2,1188.9,1210.8
1544133600,1210.8,1230.1,1193.45,1228.8
1544392800,1228.8,1238.8,1215.9,1226.75
1544479200,1226.75,1257.8,1223.787,1247
1544565600,1247,1269.15,1247,1265.3
1544652000,1265.3,1273.95,1253.7,1259.45
1544738400,1259.45,1262.6,1216.7,1241
1544997600,1241,1268.8,1237.95,1254.485
1545084000,1254.485,1265.3,1245.8,1247.75
1545170400,1247.75,1283.15,1247.75,1262.05
1545256800,1262.05,1277.65,1251,1264.05
1545343200,1264.05,1267.3,1221.825,1222.625
1545602400,1222.625,1251.6,1222.625,1246.45
1545775200,1246.45,1262.05,1246.45,1260.35
1545861600,1260.35,1270.19,1254.28,1267.35
1545948000,1267.35,1274.55,1249.2,1255.085
1546207200,1255.085,1267.8,1254.15,1266.965
1546380000,1266.965,1270.2,1259.25,1262.1
1546466400,1262.1,1270.2,1258.7,1268.4
1546552800,1268.4,1314.3,1264.4,1303.375
1546812000,1303.375,1315.8,1298.75,1304.35
1546898400,1304.35,1331.25,1300.723,1329.2
1546984800,1329.2,1344.55,1323.921,1330.1
1547071200,1330.1,1334.889,1317.11,1330.1
1547157600,1330.1,1340.75,1315.25,1317.75
1547416800,1317.75,1338.9,1311.25,1327.97
1547503200,1327.97,1339.985,1316.2,1322.65
1547589600,1322.65,1368.235,1322.65,1367.455
1547676000,1367.455,1438.8,1364.265,1400.7
1547762400,1400.7,1427.35,1369.2,1383.035
1548021600,1383.035,1403.715,1356.2,1361.95
1548108000,1361.95,1371.95,1336.25,1351.6
1548194400,1351.6,1366.64,1340.35,1354.2
1548280800,1354.2,1358.8,1320.35,1326.5
1548367200,1326.5,1367.1,1312.526,1367.1
1548626400,1367.1,1367.1,1328.35,1335.425
1548712800,1335.425,1359.25,1325.8,1345.25
1548799200,1345.25,1362.8,1337.65,1362.25
1548885600,1362.25,1387.05,1334.593,1344.65
1548972000,1344.65,1377.9,1340.1,1355.56
1549231200,1355.56,1375.45,1346.8,1366.68
1549317600,1366.68,1381.3,1364.7,1380.775
1549404000,1380.775,1388.146,1365.778,1376.575
1549490400,1376.575,1396.45,1368.75,1386.125
1549576800,1386.125,1407.25,1382.2,1405.78
1549836000,1405.78,1409.07,1373.75,1388.9
1549922400,1388.9,1408.55,1385.4,1406.18
1550008800,1406.18,1415.75,1397.65,1400.725
1550095200,1400.725,1422.132,1400,1420.835
1550181600,1420.835,1439.2,1411.79,1437.49
1550440800,1437.49,1463.259,1434.35,1459.65
1550527200,1459.65,1490.85,1459.65,1479.8
1550613600,1479.8,1506.2,1476.4,1485.36
1550700000,1485.36,1497.615,1457.1,1473.7
1550786400,1473.7,1499.55,1473.7,1499.11
1551045600,1499.11,1544.025,1492.05,1542.32
1551132000,1542.32,1569.15,1534.924,1567.5
1551218400,1567.5,1570,1516.659,1532
1551304800,1532,1553.4,1528.45,1541.415
1551391200,1541.415,1564.3,1528.755,1546.77
1551650400,1546.77,1564.15,1512.75,1532.95
1551736800,1532.95,1534.3,1502.96,1517.17
1551823200,1517.17,1541.7,1504.25,1536.35
1551909600,1536.35,1550.65,1513.1,1530.065
1551996000,1530.065,1530.065,1499.73,1516.005
1552251600,1516.005,1538.55,1507.321,1532.825
1552338000,1532.825,1549.25,1529.002,1537.745
1552424400,1537.745,1553.4,1530.237,1551.125
1552510800,1551.125,1558.216,1538.3,1553.775
1552597200,1553.775,1564.35,1549.9,1554.31
1552856400,1554.31,1581.962,1541.95,1579.1
1552942800,1579.1,1601.95,1575.752,1589.9
1553029200,1589.9,1603.7,1586,1598.5
1553115600,1598.5,1615.3,1587.327,1602.55
1553202000,1602.55,1605.2,1547.05,1555.43
1553461200,1555.43,1578.348,1531.2,1575.37
1553547600,1575.37,1580.912,1533.65,1543.39
1553634000,1543.39,1551.875,1435,1451.05
1553720400,1451.05,1458.35,1335.03,1347.26
1553806800,1347.26,1398.4,1342.1,1384.185
1554066000,1384.185,1428.049,1374.1,1423.26
1554152400,1423.26,1440.3,1397.2,1432.16
1554238800,1432.16,1448.5,1381.7,1407.435
1554325200,1407.435,1415.317,1361.45,1365.835
1554411600,1365.835,1386.47,1325.3,1371.88
1554670800,1371.88,1391.985,1363.235,1385.45
1554757200,1385.45,1401,1370.847,1391.65
1554843600,1391.65,1400,1382.936,1390.05
1554930000,1390.05,1400.9,1353.164,1369.43
1555016400,1369.43,1383.33,1364.016,1374.7
1555275600,1374.7,1377.065,1359.53,1363.33
1555362000,1363.33,1375.87,1350.885,1354.92
1555448400,1354.92,1403.01,1353.25,1398.05
1555534800,1398.05,1424.65,1379.05,1424.53
1555880400,1424.53,1432.6,1376.75,1390.1
1555966800,1390.1,1398.85,1367.4,1393.67
1556053200,1393.67,1425.09,1386.1,1418.78
1556139600,1418.78,1427.03,1412.309,1419.78
1556226000,1419.78,1465.67,1409.408,1465.07
1556485200,1465.07,1466.065,1361,1371.58
1556571600,1371.58,1398.365,1349.9,1388.03
1556658000,1388.03,1388.03,1309.85,1351.08
1556744400,1351.08,1364.236,1335.665,1356.736
1556830800,1356.736,1378.988,1341.85,1370.885
1557090000,1370.885,1371.685,1329.75,1343.5
1557176400,1343.5,1357.39,1315.15,1329.615
1557262800,1329.615,1342.145,1314.4,1319.75
1557349200,1319.75,1327.17,1268.184,1299.9
1557435600,1299.9,1360.064,1296.31,1353.585
1557694800,1353.585,1353.585,1317.6,1322.75
1557781200,1322.75,1344.63,1315.55,1338.265
1557867600,1338.265,1355.482,1305.3,1343.4
1557954000,1343.4,1345.65,1326.185,1335.285
1558040400,1335.285,1335.92,1310.15,1316.915
1558299600,1316.915,1339.64,1313.45,1334.085
1558386000,1334.085,1341.764,1317.076,1321.465
1558472400,1321.465,1329.558,1299.676,1317.95
1558558800,1317.95,1323.7,1307.05,1311.05
1558645200,1311.05,1340.256,1309.035,1336.85
1558904400,1336.85,1340.694,1321.25,1335.015
1558990800,1335.015,1349.897,1331.2,1340.23
1559077200,1340.23,1349.325,1325.75,1344.55
1559163600,1344.55,1379.5,1330.015,1368.25
1559250000,1368.25,1378.65,1319.977,1330.15
1559509200,1330.15,1351.617,1311.3,1330.565
1559595600,1330.565,1356.015,1319.672,1348.865
1559682000,1348.865,1351.4,1318.616,1327.05
1559768400,1327.05,1357.03,1327.05,1351.3
1559854800,1351.3,1375.151,1332.95,1359.635
1560114000,1359.635,1394.39,1349.76,1382.135
1560200400,1382.135,1400.62,1378.616,1395.017
1560286800,1395.017,1416.6,1388.3,1411.03
1560373200,1411.03,1449.908,1406.182,1449.635
1560459600,1449.635,1470.55,1444.562,1468.75
1560718800,1468.75,1472.616,1446.8,1458.7
1560805200,1458.7,1492.9,1457.57,1484.285
1560891600,1484.285,1505.7,1482.7,1503.65
1560978000,1503.65,1534.566,1471.315,1486.824
1561064400,1486.824,1516.603,1475.851,1504.554
1561323600,1504.554,1546.686,1503.93,1537.95
1561410000,1537.95,1549.973,1509.721,1528.35
1561496400,1528.35,1542.55,1520.55,1521.25
1561582800,1521.25,1550.6,1518.821,1550.6
1561669200,1550.6,1567.865,1520.35,1539.696
1561928400,1539.696,1557.65,1532.4,1548.535
1562014800,1548.535,1564.25,1545.846,1562.938
1562101200,1562.938,1575.45,1555.94,1575.062
1562187600,1575.062,1575.935,1556.635,1566
1562274000,1566,1579.15,1556.329,1571.38
1562533200,1571.38,1573.747,1558.38,1562.842
1562619600,1562.842,1563,1540.106,1548.717
1562706000,1548.717,1597.293,1543.098,1591.202
1562792400,1591.202,1603.664,1553.85,1561
1562878800,1561,1563.566,1530.05,1544.6
1563138000,1544.6,1572.275,1544,1566.215
1563224400,1566.215,1567.32,1507.548,1525.2
1563310800,1525.2,1550.71,1517.17,1537.551
1563397200,1537.551,1551.455,1510.522,1530.956
1563483600,1530.956,1539.2,1500.1,1505.982
1563742800,1505.982,1533.69,1497.57,1528.754
1563829200,1528.754,1530.67,1514.438,1525.005
1563915600,1525.005,1542.274,1520.424,1542.037
1564002000,1542.037,1546.605,1526.92,1531.107
1564088400,1531.107,1539.586,1523.171,1532.362
1564347600,1532.362,1560.015,1517.495,1552.607
1564434000,1552.607,1555.35,1508.65,1516.487
1564520400,1516.487,1539.964,1514.565,1519.64
1564606800,1519.64,1522.842,1412.368,1429.907
1564693200,1429.907,1446.94,1381.9,1409.692
1564952400,1409.692,1453.408,1396.234,1422.1
1565038800,1422.1,1450.5,1420.95,1447.05
1565125200,1447.05,1447.273,1399.8,1419.043
1565211600,1419.043,1437.8,1413.804,1423.371
1565298000,1423.371,1437.4,1420.452,1422.6
1565557200,1422.6,1444.485,1420.034,1432.6
1565643600,1432.6,1464.776,1422.135,1455.065
1565730000,1455.065,1460.72,1422.044,1428.402
1565816400,1428.402,1452.695,1424.978,1445.85
1565902800,1445.85,1455.2,1441.8,1448.3
1566162000,1448.3,1484.6,1446.35,1480.634
1566248400,1480.634,1499.615,1476.5,1490.883
1566334800,1490.883,1496.154,1464.5,1472.698
1566421200,1472.698,1494.615,1460.394,1486.637
1566507600,1486.637,1491.325,1456.53,1462.427
1566766800,1462.427,1483.8,1461.65,1477.55
1566853200,1477.55,1489.22,1474.5,1481.843
1566939600,1481.843,1485.87,1461.053,1472.7
1567026000,1472.7,1491.55,1468.576,1475.446
1567112400,1475.446,1547.29,1473.785,1534.5
1567371600,1534.5,1545.565,1521.35,1537.391
1567458000,1537.391,1548.3,1520.3,1543.205
1567544400,1543.205,1564.739,1539.2,1557.253
1567630800,1557.253,1569.492,1543.495,1563.327
1567717200,1563.327,1566.065,1519.1,1539.85
1567976400,1539.85,1564.515,1532.3,1543.1
1568062800,1543.1,1564.836,1536.55,1558.461
1568149200,1558.461,1591.059,1556.25,1574.083
1568235600,1574.083,1622.712,1570.4,1619.465
1568322000,1619.465,1620.485,1595.111,1610.3
1568581200,1610.3,1627.968,1587,1605.491
1568667600,1605.491,1616.38,1592.674,1599.388
1568754000,1599.388,1608.384,1573.75,1592.313
1568840400,1592.313,1632.1,1586.014,1623.55
1568926800,1623.55,1655.15,1620.95,1642.72
1569186000,1642.72,1665.15,1642.72,1656.735
1569272400,1656.735,1675.916,1648.25,1674.135
1569358800,1674.135,1677.77,1629.75,1638.75
1569445200,1638.75,1673.45,1638.75,1668.168
1569531600,1668.168,1692.046,1649.05,1685.95
1569790800,1685.95,1702.33,1658.984,1676.407
1569877200,1676.407,1685.914,1650.326,1653.747
1569963600,1653.747,1697.165,1641.37,1689.2
1570050000,1689.2,1694.486,1644.668,1655.64
1570136400,1655.64,1684.704,1651.65,1662.15
1570395600,1662.15,1672.563,1649.836,1662.914
1570482000,1662.914,1679.15,1631.93,1674.633
1570568400,1674.633,1692.55,1656.65,1684.465
1570654800,1684.465,1705.34,1673.15,1702.418
1570741200,1702.418,1708.316,1684.55,1698.65
1571000400,1698.65,1722.403,1690.182,1713.55
1571086800,1713.55,1741.352,1709.792,1738.964
1571173200,1738.964,1781.032,1733.343,1770.15
1571259600,1770.15,1786.554,1753.585,1765.9
1571346000,1765.9,1768.05,1746.36,1756.9
1571605200,1756.9,1777.39,1750.488,1761.165
1571691600,1761.165,1770.162,1751.036,1756.615
1571778000,1756.615,1765.386,1733.176,1744.529
1571864400,1744.529,1783.25,1742.492,1773.23
1571950800,1773.23,1783.9,1765.85,1765.85
1572210000,1765.85,1809.5,1765.85,1801.422
1572296400,1801.422,1804.46,1776.83,1779.465
1572382800,1779.465,1825.252,1778.115,1808.015
1572469200,1808.015,1823.95,1776.12,1795.735
1572555600,1795.735,1818.354,1785.693,1810.95
1572818400,1810.95,1822.6,1773.385,1778.258
1572904800,1778.258,1789.685,1759.056,1777.612
1572991200,1777.612,1802.931,1768.05,1794.765
1573077600,1794.765,1813.6,1786.4,1800.142
1573164000,1800.142,1802.341,1737.486,1742.827
1573423200,1742.827,1754.513,1679.086,1689.587
1573509600,1689.587,1718.22,1688.143,1699.778
1573596000,1699.778,1732.579,1692.95,1707.35
1573682400,1707.35,1740.436,1705.3,1738.25
1573768800,1738.25,1747.817,1701.384,1707.206
1574028000,1707.206,1743.328,1705.579,1737.317
1574114400,1737.317,1774.59,1717.246,1763.325
1574200800,1763.325,1781.165,1756.916,1768.003
1574287200,1768.003,1772.373,1757.7,1763.104
1574373600,1763.104,1776.809,1758.297,1775.58
1574632800,1775.58,1816.8,1774.993,1797.73
1574719200,1797.73,1824.05,1783.73,1812.5
1574805600,1812.5,1835.069,1799.579,1834.001
1574892000,1834.001,1841.513,1826.62,1837.781
1574978400,1837.781,1846.339,1825.55,1841.189
1575237600,1841.189,1862.136,1837.62,1851.369
1575324000,1851.369,1860.968,1842.176,1855.983
1575410400,1855.983,1874.414,1850.228,1870.748
1575496800,1870.748,1877.336,1848.565,1873.928
1575583200,1873.928,1882.226,1863.634,1880.25
1575842400,1880.25,1898.214,1873.2,1883.347
1575928800,1883.347,1905.393,1879.8,1899.999
1576015200,1899.999,1919.5,1894.877,1914.466
1576101600,1914.466,1946.045,1910.884,1942.661
1576188000,1942.661,1986.446,1914.354,1932.75
1576447200,1932.75,1997,1932.75,1979.973
1576533600,1979.973,2002.005,1932.81,1955.47
1576620000,1955.47,1956.091,1918.239,1921.825
1576706400,1921.825,1943.035,1913.9,1938.175
1576792800,1938.175,1949.836,1834.21,1855.765
1577052000,1855.765,1888.935,1811.4,1874.41
1577138400,1874.41,1894.965,1861.077,1885.528
1577311200,1885.528,1905.1,1881.52,1902.035
1577397600,1902.035,1913.73,1894.35,1904.855
1577656800,1904.855,1917.858,1903.505,1909.351
1577743200,1909.351,1945.989,1908.858,1944.58
1577916000,1944.58,1964.835,1937.743,1960.218
1578002400,1960.218,1988.032,1956.498,1987.127
1578261600,1987.127,2031.4,1987.127,2031.265
1578348000,2031.265,2056.72,2014.35,2055.021
1578434400,2055.021,2109.214,2023.95,2104.754
1578520800,2104.754,2154.455,2061.01,2112.817
1578607200,2112.817,2134.596,2100.939,2118.7
1578866400,2118.7,2144.606,2108.028,2135.285
1578952800,2135.285,2190.25,2124.63,2188.75
1579039200,2188.75,2253.315,2179.715,2251.215
1579125600,2251.215,2292.4,2248.4,2272.55
1579212000,2272.55,2523.25,2272.55,2404.23
1579471200,2404.23,2520.795,2404.23,2485.55
1579557600,2485.55,2531.106,2355.8,2363.2
1579644000,2363.2,2500.95,2356.965,2490.56
1579730400,2490.56,2519.95,2397.08,2458.35
1579816800,2458.35,2489.15,2381.78,2423
1580076000,2423,2423,2261.94,2264.916
1580162400,2264.916,2305.27,2264.916,2284.984
1580248800,2284.984,2332.836,2256.8,2296.186
1580335200,2296.186,2317.4,2258.375,2312.6
1580421600,2312.6,2326.966,2270.86,2271.87
1580680800,2271.87,2330.35,2259.55,2327.65
1580767200,2327.65,2443.25,2327.65,2430.5
1580853600,2430.5,2501.82,2418.315,2451.9
1580940000,2451.9,2481.3,2333.0995,2333.7
1581026400,2333.7,2357.085,2284.1,2310.25
1581285600,2310.25,2383.435,2310.25,2354.21
1581372000,2354.21,2368.7,2312.2,2343.25
1581458400,2343.25,2411.126,2322.1,2401.474
1581544800,2401.474,2445.158,2376.87,2428.85
1581631200,2428.85,2461.25,2407.189,2434.95
1581890400,2434.95,2528.197,2433.988,2522.77
1581976800,2522.77,2639.336,2509.22,2633.165
1582063200,2633.165,2845.363,2620.85,2714.32
1582149600,2714.32,2776.865,2650.716,2698.286
1582236000,2698.286,2732.22,2678.47,2708.72
1582495200,2708.72,2728.15,2592.308,2637.493
1582581600,2637.493,2737.44,2637.354,2718.63
1582668000,2718.63,2812.6,2672.15,2790.62
1582754400,2790.62,2879.74,2734.24,2853.514
1582840800,2853.514,2875.0005,2478.1,2612.815
1583100000,2612.815,2683.418,2502.546,2535.768
1583186400,2535.768,2576.192,2466.42,2489.328
1583272800,2489.328,2561.94,2419.38,2541.358
1583359200,2541.358,2549.866,2454.964,2530.945
1583445600,2530.945,2637.85,2445.4,2568.91
1583701200,2568.91,2568.91,2348.017,2495.1
1583787600,2495.1,2539.176,2402.86,2419.45
1583874000,2419.45,2433.69,2297.3,2306.885
1583960400,2306.885,2313.13,1662.15,1828.465
1584046800,1828.465,2060.02,1605.95,1822.2
1584306000,1822.2,1825.3,1494.05,1608.64
1584392400,1608.64,1812.28,1526.41,1650.171
1584478800,1650.171,1695.26,1540.51,1584.05
1584565200,1584.05,1720.95,1501.43,1637.819
1584651600,1637.819,1741.959,1582.7,1638.1
1584910800,1638.1,1720.33,1590.89,1703.705
1584997200,1703.705,1977.82,1703.705,1938.31
1585083600,1938.31,2412.87,1932.98,2316.925
1585170000,2316.925,2368.32,2209,2345.965
1585256400,2345.965,2391.19,2208.875,2268.05
1585515600,2268.05,2335.4,2206.195,2322.22
1585602000,2322.22,2453.32,2291.77,2352.05
1585688400,2352.05,2371.08,2212.79,2225.267
1585774800,2225.267,2311.85,2125.475,2218.665
1585861200,2218.665,2268.38,2123.28,2177.04
1586120400,2177.04,2206.66,2103.225,2171.415
1586206800,2171.415,2289.83,2119.61,2173.512
1586293200,2173.512,2215.1,2153.7,2172.69
1586379600,2172.69,2195.998,2145.554,2169.445
1586725200,2169.445,2289.19,2124.82,2194.07
1586811600,2194.07,2312.51,2177.75,2239.875
1586898000,2239.875,2241.005,2127.175,2183.49
1586984400,2183.49,2244.19,2128.285,2179.04
1587070800,2179.04,2215.046,2152.755,2153.69
1587330000,2153.69,2228.355,2153.69,2167.94
1587416400,2167.94,2181.63,1849.505,1932.46
1587502800,1932.46,1978.9,1913.605,1934.945
1587589200,1934.945,2081.65,1934.945,1986.501
1587675600,1986.501,2058.604,1986.5,2042.88
1587934800,2042.88,2059.105,1898.15,1918.535
1588021200,1918.535,1962.465,1882.01,1917.425
1588107600,1917.425,1994.583,1914.05,1950.744
1588194000,1950.744,2091.01,1945.785,1963.435
1588280400,1963.435,1963.996,1877.25,1911.33
1588539600,1911.33,1928.39,1841.255,1859.62
1588626000,1859.62,1873.146,1763.13,1807.93
1588712400,1807.93,1849.775,1765.48,1795.875
1588798800,1795.875,1882.17,1786.705,1870.2
1588885200,1870.2,1923.329,1832.923,1886.45
1589144400,1886.45,1954.95,1840,1894.235
1589230800,1894.235,1918.877,1842.31,1852.24
1589317200,1852.24,1868.88,1774.59,1835.29
1589403600,1835.29,1843.056,1771.45,1837.16
1589490000,1837.16,1890.05,1802.858,1874.6
1589749200,1874.6,2054.028,1874.6,1993.7
1589835600,1993.7,2125.266,1963.35,2031.545
1589922000,2031.545,2110.245,2022.115,2085.785
1590008400,2085.785,2096.9,1986.478,2022.41
1590094800,2022.41,2042.945,1910.2,1949.85
1590354000,1949.85,2027.73,1941.4,1984.9
1590440400,1984.9,2045.45,1942.93,1983.4
1590526800,1983.4,2003,1876.71,1991.6
1590613200,1991.6,2000.83,1878.21,1940.535
1590699600,1940.535,1965.36,1902.26,1962.176
1590958800,1962.176,1978.225,1918.755,1966.415
1591045200,1966.415,2006.885,1937.003,1969.67
1591131600,1969.67,1989.164,1924.2,1925.45
1591218000,1925.45,1976.8,1822.405,1932.935
1591304400,1932.935,1991.13,1913.12,1967.25
1591563600,1967.25,2041.655,1921.606,2018.476
1591650000,2018.476,2045.5,1918.775,1954.72
1591736400,1954.72,1987.9,1909.035,1965.25
1591822800,1965.25,1983.25,1893.8,1926.65
1591909200,1926.65,1966,1912.988,1964.1
1592168400,1964.1,1964.1,1888.065,1938.75
1592254800,1938.75,1976.665,1922.23,1940.562
1592341200,1940.562,1948.55,1896.6,1941.385
1592427600,1941.385,1955.895,1878.15,1909.105
1592514000,1909.105,1925.145,1886.619,1898.18
1592773200,1898.18,1957.35,1894.876,1941.69
1592859600,1941.69,1958.93,1918.515,1938.485
1592946000,1938.485,1958.1,1857.781,1871.935
1593032400,1871.935,1895.91,1831.16,1840.2
1593118800,1840.2,1900.695,1836.966,1889.25
1593378000,1889.25,1930.012,1872.72,1913.55
1593464400,1913.55,1971.335,1902.866,1962.285
1593550800,1962.285,1962.285,1898.83,1924.475
1593637200,1924.475,1933.73,1898.825,1921.8
1593723600,1921.8,1934.75,1888.45,1923.7
1593982800,1923.7,1956.95,1911.575,1955.35
1594069200,1955.35,1955.35,1904,1926.9
1594155600,1926.9,1961.1,1910.045,1910.045
1594242000,1910.045,2009.05,1910.045,1954.85
1594328400,1954.85,1999.45,1940.7,1985.9
1594587600,1985.9,2061.379,1966.188,1978.246
1594674000,1978.246,1994.25,1932.52,1969.75
1594760400,1969.75,1995.17,1955.9,1983.92
1594846800,1983.92,2035.105,1962.25,1992.712
1594933200,1992.712,2052.95,1972.75,2027.15
1595192400,2027.15,2081.9,2016.3,2055
1595278800,2055,2175.75,2051.52,2142.922
1595365200,2142.922,2184.4,2114.145,2175.45
1595451600,2175.45,2182.834,2128.737,2144.66
1595538000,2144.66,2258.2,2120.46,2250.65
1595797200,2250.65,2345.784,2200.89,2303.5
1595883600,2303.5,2339.73,2222.49,2300.9
1595970000,2300.9,2300.9,2080.675,2162.35
1596056400,2162.35,2171.95,2030.68,2084.74
1596142800,2084.74,2143.594,2049.82,2096.09
1596402000,2096.09,2123.806,2062.625,2101.55
1596488400,2101.55,2157.275,2087.48,2148.828
1596574800,2148.828,2199.174,2116.675,2186.405
1596661200,2186.405,2272,2186.405,2233.1
1596747600,2233.1,2233.1,2107.34,2162.45
1597006800,2162.45,2313.77,2162.45,2225.24
1597093200,2225.24,2251.34,2065.46,2085.8
1597179600,2085.8,2183.25,2068.275,2146.876
1597266000,2146.876,2203.35,2124.86,2175.638
1597352400,2175.638,2175.638,2108.375,2128.65
1597611600,2128.65,2222.05,2128.2,2203.875
1597698000,2203.875,2236.076,2144.4,2209.7
1597784400,2209.7,2209.7,2146.15,2152.709
1597870800,2152.709,2200.422,2143,2185.55
1597957200,2185.55,2216.8,2166.399,2179.475
1598216400,2179.475,2200.764,2151.25,2158.325
1598389200,2158.325,2202.41,2142.796,2197.52
1598475600,2197.52,2224.5,2150.63,2157.075
1598562000,2157.075,2235.37,2157.075,2234.95
1598821200,2234.95,2318.55,2208.466,2276.35
1598907600,2276.35,2333.5,2252.875,2280.705
1598994000,2280.705,2282.685,2238.863,2244.952
1599080400,2244.952,2389.84,2241.515,2305.265
1599166800,2305.265,2342.17,2273.645,2278.45
1599426000,2278.45,2328.21,2278.45,2302.85
1599512400,2302.85,2318.505,2236.468,2286.688
1599598800,2286.688,2309.61,2254.375,2304.505
1599685200,2304.505,2335.8,2278.6,2309.9
1599771600,2309.9,2360.2,2288.4,2360.2
1600030800,2360.2,2360.2,2307.3,2312.1
1600117200,2312.1,2424.306,2312.1,2405.505
1600203600,2405.505,2419.1,2362.1,2394.51
1600290000,2394.51,2395.49,2292.07,2330.25
1600376400,2330.25,2370.824,2309.04,2362.316
1600635600,2362.316,2394.662,2239.6,2274.2
1600722000,2274.2,2306.655,2221.27,2225
1600808400,2225,2289.245,2186.436,2226.2
1600894800,2226.2,2242.4,2187.2,2232.45
1600981200,2232.45,2247.985,2186.835,2222.2
1601240400,2222.2,2280.066,2207.13,2270.093
1601326800,2270.093,2325.733,2252.25,2315.02
1601413200,2315.02,2348.425,2302.216,2304.75
1601499600,2304.75,2342.77,2304.75,2322.45
1601586000,2322.45,2331.299,2299.462,2310
1601845200,2310,2374.978,2298.8,2367.5
1601931600,2367.5,2388.3,2339.35,2351.486
1602018000,2351.486,2385.823,2351.486,2364.8
1602104400,2364.8,2421.15,2356.976,2375.7
1602190800,2375.7,2480.036,2375.7,2442.9
1602450000,2442.9,2464.179,2395.558,2408.092
1602536400,2408.092,2427.35,2294.6,2313.453
1602622800,2313.453,2367.926,2310.355,2355.11
1602709200,2355.11,2367.72,2319.55,2355.45
1602795600,2355.45,2366.51,2319.6,2332.95
1603054800,2332.95,2364.385,2331.67,2344.8
1603141200,2344.8,2418.503,2344.8,2407.65
1603227600,2407.65,2420.21,2395.5,2414.71
1603314000,2414.71,2420.3,2355.896,2384.95
1603400400,2384.95,2406.626,2367.15,2404.415
1603659600,2404.415,2404.415,2357.9,2360.9
1603746000,2360.9,2392.526,2318.453,2332.8
1603832400,2332.8,2364.766,2207.05,2246.176
1603918800,2246.176,2279.38,2182.95,2198.95
1604005200,2198.95,2259.97,2188.936,2203.65
1604268000,2203.65,2270.061,2199.66,2220.316
1604354400,2220.316,2308.403,2220.316,2295.12
1604440800,2295.12,2322.394,2231.24,2294.595
1604527200,2294.595,2432.708,2278.05,2383.516
1604613600,2383.516,2511.366,2372.15,2492.4
1604872800,2492.4,2517,2434.47,2483.279
1604959200,2483.279,2501.956,2453.693,2463.381
1605045600,2463.381,2473.972,2304.585,2317.8
1605132000,2317.8,2364.942,2317.8,2337.1
1605218400,2337.1,2359.16,2315.61,2328.7
1605477600,2328.7,2363.48,2303.95,2334.943
1605564000,2334.943,2348.304,2310.28,2322.976
1605650400,2322.976,2380.07,2318.925,2337.509
1605736800,2337.509,2348.27,2274.526,2327.49
1605823200,2327.49,2345.194,2319.074,2325.15
1606082400,2325.15,2361.9,2325.15,2354.234
1606168800,2354.234,2362.709,2321.371,2353.502
1606255200,2353.502,2356.726,2325.842,2348.5
1606341600,2348.5,2400.275,2340.376,2390.7
1606428000,2390.7,2432.121,2347.78,2426.648
1606687200,2426.648,2431.272,2365.892,2375.278
1606773600,2375.278,2436.572,2374.38,2414.982
1606860000,2414.982,2432.792,2383.55,2411.83
1606946400,2411.83,2421.96,2215.95,2316.25
1607032800,2316.25,2391.727,2312.25,2354.85
1607292000,2354.85,2386.15,2317.312,2338.587
1607378400,2338.587,2352.734,2298.312,2318.068
1607464800,2318.068,2326.876,2260.641,2269.8
1607551200,2269.8,2378.046,2264.334,2341
1607637600,2341,2366.308,2316.023,2321.5
1607896800,2321.5,2338.16,2299.64,2301.624
1607983200,2301.624,2365.94,2296.01,2322.382
1608069600,2322.382,2352.522,2312.962,2334.507
1608156000,2334.507,2362.072,2326.67,2344.779
1608242400,2344.779,2388.9,2330.29,2362.11
1608501600,2362.11,2398,2299.4,2315.75
1608588000,2315.75,2354.2,2307.3,2315.75
1608674400,2315.75,2345,2314,2333.5
1608760800,2333.5,2350.5,2319,2344.25
1609106400,2344.25,2472.25,2337.3,2343
1609192800,2343,2372,2321,2340.75
1609279200,2340.75,2380.25,2333.25,2363
1609365600,2363,2461,2361.75,2445.85
1609711200,2445.85,2484.15,2365.15,2384.05
1609797600,2384.05,2531,2376.35,2474.5
1609884000,2474.5,2491.75,2398.3,2441.5
1609970400,2441.5,2459.25,2405.75,2427
1610056800,2427,2444.55,2337.3,2368.4
1610316000,2368.4,2400.75,2342.5,2370.65
1610402400,2370.65,2400.5,2359.95,2397.25
1610488800,2397.25,2406.25,2375.5,2393.5
1610575200,2393.5,2422.9,2372.45,2411
1610661600,2411,2461.05,2374.75,2388.05
1610920800,2388.05,2403.85,2361.05,2376.25
1611007200,2376.25,2392.45,2351.75,2360.7
1611093600,2360.7,2402,2344.4,2375.8
1611180000,2375.8,2412,2364.35,2369.05
1611266400,2369.05,2385.6,2349.45,2364.5
1611525600,2364.5,2382.05,2323.9,2339.9
1611612000,2339.9,2348.9,2314.95,2327.3
1611698400,2327.3,2331.25,2306.15,2310.5
1611784800,2310.5,2359.5,2278.55,2339.75
1611871200,2339.75,2366.1,2194,2230.95
1612130400,2230.95,2285.5,2218.3,2246.25
1612216800,2246.25,2279.1,2220.15,2244.5
1612303200,2244.5,2287.05,2232.75,2276.75
1612389600,2276.75,2300.9,2244,2287.2
1612476000,2287.2,2353.4,2287.2,2349.5
1612735200,2349.5,2367.5,2332.25,2339.4
1612821600,2339.4,2358.35,2310,2327.45
1612908000,2327.45,2394.25,2325,2369.25
1612994400,2369.25,2380.15,2344.2,2354
1613080800,2354,2397.3,2345.85,2396.75
1613340000,2396.75,2417,2378,2400.3
1613426400,2400.3,2426.2,2362,2389.25
1613512800,2389.25,2394.25,2364.85,2377.25
1613599200,2377.25,2396.9,2339.55,2356.5
1613685600,2356.5,2385.55,2338.85,2385.55
1613944800,2385.55,2431.75,2377.75,2404.15
1614031200,2404.15,2410,2293.3,2350.3
1614117600,2350.3,2453.4,2335.75,2448.5
1614204000,2448.5,2497.7,2409.7,2415.7
1614290400,2415.7,2442.55,2307.25,2326.95
1614549600,2326.95,2393.35,2326.95,2361.5
1614636000,2361.5,2385.6,2341,2373.75
1614722400,2373.75,2389.5,2339.55,2353.25
1614808800,2353.25,2386,2334,2339.1
1614895200,2339.1,2374.5,2326.4,2338.1
1615154400,2338.1,2362,2317.55,2319.5
1615240800,2319.5,2330.5,2275.4,2304.65
1615327200,2304.65,2315.3,2288,2314.85
1615413600,2314.85,2377.1,2301.35,2354.25
1615500000,2354.25,2380.75,2328.2,2375.65
1615755600,2375.65,2405.35,2348.5,2393
1615842000,2393,2541,2383.5,2500.3
1615928400,2500.3,2585.25,2462.6,2578.5
1616014800,2578.5,2755.9,2578.5,2680.35
1616101200,2680.35,2695.65,2605.85,2640.45
1616360400,2640.45,2662,2563.55,2625.5
1616446800,2625.5,2659.25,2576,2615.5
1616533200,2615.5,2655.25,2605.25,2643.25
1616619600,2643.25,2657,2611.15,2623
1616706000,2623,2693.05,2619.9,2684.5
1616965200,2684.5,2689.75,2521,2539.75
1617051600,2539.75,2609.5,2528.1,2587.25
1617138000,2587.25,2632,2584.6,2627.5
1617224400,2627.5,2676.5,2618,2671.25
1617570000,2671.25,2677.25,2627.5,2667
1617656400,2667,2703.65,2651.5,2688.25
1617742800,2688.25,2689.25,2588.5,2627.5
1617829200,2627.5,2654.25,2614.75,2633.25
1617915600,2633.25,2651.8,2622.25,2639.95
1618174800,2639.95,2688.9,2622.25,2680.75
1618261200,2680.75,2712.25,2678,2696
1618347600,2696,2703.5,2674,2681.3
1618434000,2681.3,2764.85,2681.3,2742
1618520400,2742,2786,2734,2779.65
1618779600,2779.65,2851.65,2759,2812.1
1618866000,2812.1,2818.3,2724.9,2762.75
1618952400,2762.75,2896.95,2756.25,2880
1619038800,2880,2897.05,2817.65,2842.8
1619125200,2842.8,2930.7,2830.6,2862.15
1619384400,2862.15,2950.75,2853.4,2929.4
1619470800,2929.4,2965.5,2891.85,2947.25
1619557200,2947.25,2952.25,2901.75,2938.8
1619643600,2938.8,2984.5,2925.65,2957
1619730000,2957,3010.5,2933.75,2941.3
1619989200,2941.3,2998.45,2941.3,2976.25
1620075600,2976.25,3019.5,2965.05,2986.5
1620162000,2986.5,3009.55,2953.5,2974.5
1620248400,2974.5,2992.25,2900.9,2949.25
1620334800,2949.25,2966.2,2826.7,2930.65
1620594000,2930.65,3002.75,2922.15,2965
1620680400,2965,2986.95,2915.55,2940
1620766800,2940,2961.55,2849.75,2856.95
1620853200,2856.95,2905.3,2806.9,2867.25
1620939600,2867.25,2929.25,2857,2895.65
1621198800,2895.65,2915,2881.85,2901.05
1621285200,2901.05,2945.15,2892.55,2907.75
1621371600,2907.75,2918.65,2851.5,2875.95
1621458000,2875.95,2902.75,2854.25,2856.25
1621544400,2856.25,2880.95,2771.5,2783.95
1621803600,2783.95,2822.5,2727.3,2735.8
1621890000,2735.8,2791.3,2734.25,2773.55
1621976400,2773.55,2809.25,2733.25,2741.75
1622062800,2741.75,2843.3,2732.5,2807.4
1622149200,2807.4,2838.55,2778.9,2823.8
1622408400,2823.8,2852.25,2823.8,2831
1622494800,2831,2869.9,2810.55,2861.5
1622581200,2861.5,2870.65,2832.4,2859.45
1622667600,2859.45,2869.4,2795.85,2839.3
1622754000,2839.3,2846.95,2811,2845.85
1623013200,2845.85,2845.85,2821.4,2835.15
1623099600,2835.15,2841,2748.25,2805.5
1623186000,2805.5,2822,2767.15,2777.7
1623272400,2777.7,2785.75,2738.5,2778.75
1623358800,2778.75,2811,2765,2777.55
1623618000,2777.55,2777.55,2744.75,2756
1623704400,2756,2767.75,2740.25,2765
1623790800,2765,2843.75,2758.25,2803.7
1623877200,2803.7,2808.5,2492.25,2496
1623963600,2496,2596.65,2459,2474.3
1624222800,2474.3,2594.85,2474.3,2590.25
1624309200,2590.25,2614.4,2548.45,2561.5
1624395600,2561.5,2640,2550.75,2619
1624482000,2619,2655.9,2610.6,2647
1624568400,2647,2661.25,2611.55,2642.05
1624827600,2642.05,2704.45,2629.25,2691
1624914000,2691,2700.2,2666.5,2685.65
1625000400,2685.65,2792.9,2673.15,2783.5
1625086800,2783.5,2803,2753.5,2769.5
1625173200,2769.5,2812,2755.3,2790.35
1625432400,2790.35,2824.05,2790.35,2819.25
1625518800,2819.25,2882.85,2769,2796.25
1625605200,2796.25,2872.5,2771.5,2853
1625691600,2853,2867.15,2781.75,2805.25
1625778000,2805.25,2823.75,2786.75,2813.65
1626037200,2813.65,2867.25,2793,2857
1626123600,2857,2857.05,2824.3,2828.5
1626210000,2828.5,2847.5,2798.15,2829.25
1626296400,2829.25,2833.2,2695,2731.95
1626382800,2731.95,2753.25,2615.25,2630.7
1626642000,2630.7,2649.5,2573.5,2593.6
1626728400,2593.6,2655.85,2567.25,2640.65
1626814800,2640.65,2679.35,2636.5,2664.2
1626901200,2664.2,2735.85,2661,2722.5
1626987600,2722.5,2739.75,2650.2,2676.7
1627246800,2676.7,2708.75,2656.1,2660.85
1627333200,2660.85,2669,2591.1,2606.5
1627419600,2606.5,2634.75,2598.2,2628.95
1627506000,2628.95,2679.25,2623.05,2647.5
1627592400,2647.5,2669.65,2629.1,2662.85
1627851600,2662.85,2697.75,2658,2683.5
1627938000,2683.5,2709.25,2636,2647.25
1628024400,2647.25,2679.75,2645,2651
1628110800,2651,2671.45,2637.75,2653.75
1628197200,2653.75,2675.25,2627.75,2630.4
1628456400,2630.4,2640.5,2601.1,2605.75
1628542800,2605.75,2666.75,2596.75,2648
1628629200,2648,2663.5,2612.4,2638.5
1628715600,2638.5,2649.8,2619.25,2627.7
1628802000,2627.7,2664.5,2608,2648.7
1629061200,2648.7,2654.25,2578.75,2606.05
1629147600,2606.05,2613.5,2469.65,2489.5
1629234000,2489.5,2540.7,2417.35,2424.1
1629320400,2424.1,2437.25,2299.35,2313.25
1629406800,2313.25,2343.95,2273.5,2277.05
1629666000,2277.05,2434.95,2269.75,2397.5
1629752400,2397.5,2477.8,2393,2472.85
1629838800,2472.85,2485.9,2427.1,2431
1629925200,2431,2433.8,2366.05,2393.35
1630011600,2393.35,2443.5,2392.4,2425.2
1630270800,2425.2,2503.75,2409.05,2496.55
1630357200,2496.55,2502.25,2467.9,2469.45
1630443600,2469.45,2502,2435.2,2446.25
1630530000,2446.25,2451.5,2390.6,2408.95
1630616400,2408.95,2440.45,2389.55,2421
1630875600,2421,2438.85,2394,2410
1630962000,2410,2415.75,2351.35,2375.25
1631048400,2375.25,2389.95,2218.35,2255.2
1631134800,2255.2,2276,2147,2177.5
1631221200,2177.5,2226.2,2128.55,2140.95
1631480400,2140.95,2171.066,2075,2090
1631566800,2090,2103.45,1934.5,1976.636
1631653200,1976.636,2047.955,1956.75,2009.76
1631739600,2009.76,2097.344,2002.779,2035.224
1631826000,2035.224,2058.538,1986.886,2013.22
1632085200,2013.22,2033.1,1849.35,1882.25
1632171600,1882.25,1958.6,1882.25,1907.5
1632258000,1907.5,2075.9,1904,2030
1632344400,2030,2083.75,1962.75,1987.2
1632430800,1987.2,2028.5,1938.85,1969.3
1632690000,1969.3,1995.7,1941.7,1966
1632776400,1966,1970.5,1860.25,1877.15
1632862800,1877.15,1916.65,1846,1859.25
1632949200,1859.25,1923.8,1856,1912.25
1633035600,1912.25,1939.25,1864.5,1921.3
1633294800,1921.3,1935.95,1880.75,1905.7
1633381200,1905.7,1930.3,1891.6,1915.5
1633467600,1915.5,1915.5,1849.25,1891.55
1633554000,1891.55,2005.15,1881.75,1963.2
1633640400,1963.2,2093.9,1951,2080.8
1633899600,2080.8,2186.988,2080.8,2116.805
1633986000,2116.805,2129.64,2036.25,2049.136
1634072400,2049.136,2153,2044.136,2113.55
1634158800,2113.55,2209.618,2085.535,2132.052
1634245200,2132.052,2158.75,2068.716,2076.307
1634504400,2076.307,2080.701,1973.392,2014.897
1634590800,2014.897,2111.001,2008.896,2097.658
1634677200,2097.658,2121.41,2028.276,2069.646
1634763600,2069.646,2092.65,1979.876,2014.13
1634850000,2014.13,2040.884,1997.374,2019.376
1635109200,2019.376,2076.37,2019.364,2052.366
1635195600,2052.366,2059.481,1954.094,2003.602
1635282000,2003.602,2020.352,1934.834,1959.088
1635368400,1959.088,2010.594,1949.836,1988.338
1635454800,1988.338,2008.339,1936.076,2001.835
1635714000,2001.835,2072.832,1972.566,2053.326
1635800400,2053.326,2054.574,2005.064,2010.564
1635886800,2010.564,2023.814,1977.305,2003.557
1635973200,2003.557,2058.813,1988.801,2001.052
1636059600,2001.052,2046.804,1992.546,2033.3
1636322400,2033.3,2087.499,2027.024,2075.54
1636408800,2075.54,2108.042,2009.776,2024.527
1636495200,2024.527,2067.528,2001.657,2026.272
1636581600,2026.272,2084.776,2021.156,2062.021
1636668000,2062.021,2124.89,2025.399,2111.272
1636927200,2111.272,2172.513,2083.755,2151.759
1637013600,2151.759,2179.01,2135.386,2162.005
1637100000,2162.005,2196.254,2149.5,2193.502
1637186400,2193.502,2215.504,2128.99,2135.49
1637272800,2135.49,2151.74,2056.612,2060.726
1637532000,2060.726,2081.214,1942.066,1954.948
1637618400,1954.948,1993.814,1835.682,1869.684
1637704800,1869.684,1909.186,1838.178,1848.427
1637791200,1848.427,1910.202,1848.427,1864.924
1637877600,1864.924,1882.674,1696.654,1743.158
1638136800,1743.158,1799.65,1713.396,1783.059
1638223200,1783.059,1794.545,1693.326,1727.992
1638309600,1727.992,1777.126,1721.76,1734.513
1638396000,1734.513,1774.198,1701.872,1770.459
1638482400,1770.459,1865.99,1762.238,1805.658
1638741600,1805.658,1852.16,1744.664,1842.934
1638828000,1842.934,1880.864,1820.508,1845.22
1638914400,1845.22,1870.04,1827.087,1848.003
1639000800,1848.003,1864.225,1739.294,1807.891
1639087200,1807.891,1815.238,1729.611,1752.812
1639346400,1752.812,1782.326,1653.65,1678.6
1639432800,1678.6,1688.595,1575.114,1618.026
1639519200,1618.026,1629.758,1528.006,1588.13
1639605600,1588.13,1725.1,1584.14,1721.364
1639692000,1721.364,1854.588,1702.167,1776.278
1639951200,1776.278,1776.278,1684.46,1741.72
1640037600,1741.72,1822.821,1733.993,1788.658
1640124000,1788.658,1896.46,1775.938,1879.005
1640210400,1879.005,1956.876,1831.114,1943.91
1640556000,1943.91,1994.716,1930.468,1967.533
1640642400,1967.533,2015.722,1884.715,1988.784
1640728800,1988.784,1992.796,1942.904,1979.596
1640815200,1979.596,2014.061,1943.434,1963.171
1640901600,1963.171,1963.672,1850.419,1896.343
1641160800,1896.343,1902.688,1813.862,1820.859
1641247200,1820.859,1892.004,1819.363,1868.81
1641333600,1868.81,1918.742,1842.871,1862.363
1641420000,1862.363,1892.582,1821.962,1868.144
1641506400,1868.144,1940.548,1853.438,1925.083
1641765600,1925.083,1962.627,1884.252,1901.002
1641852000,1901.002,1934.708,1850.946,1919.262
1641938400,1919.262,1944.5,1893.073,1909.57
1642024800,1909.57,1912.844,1859.435,1885.152
1642111200,1885.152,1913.636,1849.486,1877.456
1642370400,1877.456,1893.28,1863.066,1867.84
1642456800,1867.84,1924.534,1863.603,1900.586
1642543200,1900.586,2033.912,1873.144,1997.73
1642629600,1997.73,2078.882,1976.766,2055.688
1642716000,2055.688,2136.85,2026.484,2098.67
1642975200,2098.67,2145.237,2080.544,2138.752
1643061600,2138.752,2202.665,2121.544,2186.982
1643148000,2186.982,2374.266,2172.014,2320.348
1643234400,2320.348,2385.304,2233.748,2363.592
1643320800,2363.592,2379.862,2249.522,2368.887
1643580000,2368.887,2444.681,2339.577,2343.325
1643666400,2343.325,2389.9,2298.141,2351.366
1643752800,2351.366,2420.53,2336.886,2367.898
1643839200,2367.898,2389.383,2275.046,2324.252
1643925600,2324.252,2353.49,2271.098,2286.096
1644184800,2286.096,2304.433,2166.362,2258.527
1644271200,2258.527,2278.16,2199.61,2236.85
1644357600,2236.85,2293.578,2224.38,2274.61
1644444000,2274.61,2328.088,2243.19,2252.432
1644530400,2252.432,2354.622,2175.544,2305.678
1644789600,2305.678,2387.224,2250.806,2364.524
1644876000,2364.524,2372.552,2183.977,2245.186
1644962400,2245.186,2310.888,2212.496,2275.562
1645048800,2275.562,2414.786,2270.077,2362.662
1645135200,2362.662,2377.386,2285.597,2340.498
1645394400,2340.498,2384.766,2296.428,2381.524
1645480800,2381.524,2428.772,2342.398,2347.138
1645567200,2347.138,2478.156,2339.408,2476.162
1645653600,2476.162,2713.703,2310.038,2405.348
1645740000,2405.348,2477.216,2310.316,2354.988
1645999200,2354.988,2516.999,2354.988,2483.352
1646085600,2483.352,2711.331,2476.374,2579.454
1646172000,2579.454,2665.328,2545.794,2663.334
1646258400,2663.334,2781.378,2614.826,2763.435
1646344800,2763.435,2986.306,2756.952,2974.828
1646604000,2974.828,3410.254,2797.788,2957.008
1646690400,2957.008,3193.114,2852.223,3154.194
1646776800,3154.194,3280.335,2861.016,2942.631
1646863200,2942.631,2975.102,2846.036,2929.953
1646949600,2929.953,2976.507,2702.89,2796.49
1647205200,2796.49,2796.49,2304.972,2371.617
1647291600,2371.617,2488.685,2345.919,2412.086
1647378000,2412.086,2483.234,2352.221,2378.433
1647464400,2378.433,2531.456,2364.094,2512.495
1647550800,2512.495,2627.812,2468.35,2484.084
1647810000,2484.084,2602.486,2462.228,2587.289
1647896400,2587.289,2603.524,2461.772,2485.745
1647982800,2485.745,2582.863,2479.784,2522.228
1648069200,2522.228,2557.454,2482.702,2524.016
1648155600,2524.016,2545.74,2280.686,2344.838
1648414800,2344.838,2387.614,2155.47,2225.134
1648501200,2225.134,2296.786,2026.342,2144.791
1648587600,2144.791,2265.606,2124.088,2263.401
1648674000,2263.401,2291.139,2191.524,2256.199
1648760400,2256.199,2338.586,2209.284,2270.716
1649019600,2270.716,2332.226,2263.302,2275.82
1649106000,2275.82,2313.045,2205.702,2225.926
1649192400,2225.926,2271.25,2162.041,2189.762
1649278800,2189.762,2272.927,2179.028,2229.994
1649365200,2229.994,2462.826,2224.503,2409.042
1649624400,2409.042,2528.737,2400.66,2422.394
1649710800,2422.394,2454.368,2297.822,2319.564
1649797200,2319.564,2413.964,2301.122,2308.117
1649883600,2308.117,2377.656,2304.897,2352.6
1650229200,2352.6,2461.906,2331.742,2422.423
1650315600,2422.423,2440.904,2343.042,2367.026
1650402000,2367.026,2486.67,2354.296,2449.722
1650488400,2449.722,2477.708,2370.478,2412.803
1650574800,2412.803,2444.786,2356.888,2367.144
1650834000,2367.144,2367.144,2056.325,2123.766
1650920400,2123.766,2241.42,2123.268,2173.75
1651006800,2173.75,2245.95,2151.024,2194.764
1651093200,2194.764,2278.944,2189.52,2221.023
1651179600,2221.023,2314.448,2218.528,2305.726
1651438800,2305.726,2310.55,2146.229,2198.94
1651525200,2198.94,2273.148,2185.204,2247.682
1651611600,2247.682,2279.42,2211.988,2248.468
1651698000,2248.468,2273.203,2158.326,2177.318
1651784400,2177.318,2183.564,1980.518,2029.982
1652043600,2029.982,2121.248,1984.606,2069.55
1652130000,2069.55,2144.251,2020.114,2043.354
1652216400,2043.354,2072.344,1998.169,2006.417
1652302800,2006.417,2026.165,1839.07,1881.796
1652389200,1881.796,1950.757,1864.824,1918.8
1652648400,1918.8,2016.572,1888.898,2000.086
1652734800,2000.086,2069.314,1968.87,2031.598
1652821200,2031.598,2100.066,1966.422,1989.16
1652907600,1989.16,2010.406,1927.716,1979.949
1652994000,1979.949,2014.938,1913.767,1945.253
1653253200,1945.253,2022.29,1945.253,1980.578
1653339600,1980.578,2015.073,1963.612,1992.854
1653426000,1992.854,2034.594,1942.653,1993.636
1653512400,1993.636,2006.064,1971.67,2004.317
1653598800,2004.317,2063.993,1997.085,2063.993
1653858000,2063.993,2080.288,2020.643,2023.892
1653944400,2023.892,2085.054,1966.012,1992.973
1654030800,1992.973,2030.924,1971.283,1986.262
1654117200,1986.262,2048.434,1978.526,2042.948
1654203600,2042.948,2061.422,1947.872,1966.848
1654462800,1966.848,2021.576,1953.674,1997.63
1654549200,1997.63,2011.621,1929.504,1968.952
1654635600,1968.952,1985.936,1915.302,1924.298
1654722000,1924.298,1951.016,1899.354,1911.343
1654808400,1911.343,1929.326,1851.452,1919.607
1655067600,1919.607,1925.404,1768.906,1772.152
1655154000,1772.152,1827.83,1760.67,1790.15
1655240400,1790.15,1861.82,1790.15,1836.858
1655326800,1836.858,1868.834,1816.15,1863.346
1655413200,1863.346,1894.31,1789.723,1794.968
1655672400,1794.968,1859.444,1790.524,1833.236
1655758800,1833.236,1893.175,1825.015,1859.478
1655845200,1859.478,1869.979,1828.278,1842.776
1655931600,1842.776,1881.986,1816.084,1822.828
1656018000,1822.828,1867.038,1821.332,1858.556
1656277200,1858.556,1946.504,1849.122,1855.636
1656363600,1855.636,1898.342,1841.423,1858.158
1656450000,1858.158,2003.993,1856.412,1945.574
1656536400,1945.574,1974.545,1851.709,1913.392
1656622800,1913.392,1943.126,1853.726,1935.89
1656882000,1935.89,1951.938,1906.751,1913.742
1656968400,1913.742,1928.488,1874.31,1916.768
1657054800,1916.768,1949.748,1883.08,1897.566
1657141200,1897.566,2004.716,1895.82,1986.742
1657227600,1986.742,2170.062,1970.022,2162.322
1657486800,2162.322,2185.876,2081.726,2144.18
1657573200,2144.18,2144.18,2007.601,2020.342
1657659600,2020.342,2030.09,1933.204,1972.42
1657746000,1972.42,1977.915,1866.3,1896.026
1657832400,1896.026,1910.77,1820.626,1822.628
1658091600,1822.628,1889.125,1822.628,1847.928
1658178000,1847.928,1883.656,1838.702,1869.682
1658264400,1869.682,1896.91,1839.973,1852.224
1658350800,1852.224,1881.469,1831.263,1878.974
1658437200,1878.974,2044.59,1873.741,2028.361
1658696400,2028.361,2032.914,1966.983,2001.468
1658782800,2001.468,2018.215,1968.266,2007.99
1658869200,2007.99,2032.994,1988.53,2024.004
1658955600,2024.004,2091.21,2020.508,2074.988
1659042000,2074.988,2134.962,2037.031,2125.225
1659301200,2125.225,2221.976,2084.326,2189.76
1659387600,2189.76,2217.993,2039.65,2051.149
1659474000,2051.149,2090.377,1982.724,2007.71
1659560400,2007.71,2094.166,1986.978,2062.447
1659646800,2062.447,2143.158,2053.205,2123.43
1659906000,2123.43,2249.922,2115.751,2234.19
1659992400,2234.19,2254.7,2181.488,2213.984
1660078800,2213.984,2259.974,2186.771,2244.494
1660165200,2244.494,2294.98,2224.768,2280.252
1660251600,2280.252,2288.248,2200.084,2220.57
1660510800,2220.57,2232.88,2129.21,2149.455
1660597200,2149.455,2169.214,2099.001,2155.73
1660683600,2155.73,2162.228,2126.016,2137.02
1660770000,2137.02,2185.76,2128.29,2156.789
1660856400,2156.789,2161.788,2102.092,2124.087
1661115600,2124.087,2145.892,1952.754,1991.241
1661202000,1991.241,2021.98,1964.277,1972.278
1661288400,1972.278,2040.515,1957.048,2026.486
1661374800,2026.486,2156.93,2018.632,2137.638
1661461200,2137.638,2192.756,2084.254,2094.672
1661720400,2094.672,2147.781,2078.685,2122.136
1661806800,2122.136,2148.732,2041.936,2069.738
1661893200,2069.738,2116.148,2040.359,2062.2
1661979600,2062.2,2080.124,1971.574,1983.264
1662066000,1983.264,2037.636,1979.396,2003.984
1662325200,2003.984,2020.698,1983.696,2011.34
1662411600,2011.34,2049.597,1927.163,1975.787
1662498000,1975.787,2027.744,1950.522,2013.378
1662584400,2013.378,2160.814,1998.28,2119.926
1662670800,2119.926,2171.402,2077.054,2161.502
1662930000,2161.502,2262.662,2142.022,2254.506
1663016400,2254.506,2260.222,2075.498,2088.674
1663102800,2088.674,2161.252,2055.489,2151.106
1663189200,2151.106,2165.85,2108.263,2125.946
1663275600,2125.946,2132.05,2066.239,2126.346
1663534800,2126.346,2225.831,2082.53,2215.169
1663621200,2215.169,2215.169,2100.344,2155.996
1663707600,2155.996,2194.044,2097.537,2142.496
1663794000,2142.496,2179.098,2073.044,2160.524
1663880400,2160.524,2161.275,2048.185,2055.4
1664139600,2055.4,2085.03,2013.346,2027.776
1664226000,2027.776,2115.802,2010.458,2065.175
1664312400,2065.175,2159.93,2029.224,2137.354
1664398800,2137.354,2243.518,2105.37,2195.135
1664485200,2195.135,2225.553,2153.792,2158.773
1664744400,2158.773,2249.636,2154.898,2217.377
1664830800,2217.377,2344.482,2211.174,2316.932
1664917200,2316.932,2323.716,2190.312,2250.993
1665003600,2250.993,2299.566,2235.35,2252.644
1665090000,2252.644,2289.282,2170.03,2182.466
1665349200,2182.466,2259.444,2140.398,2171
1665435600,2171,2191.458,2104.763,2118.448
1665522000,2118.448,2172.462,2094.694,2128.296
1665608400,2128.296,2150.518,2003.824,2101.096
1665694800,2101.096,2127.016,1979.374,1987.356
1665954000,1987.356,2029.272,1979.785,1982.806
1666040400,1982.806,2026.434,1982.806,2007.572
1666126800,2007.572,2020.546,1943.736,1989.306
1666213200,1989.306,2082.963,1962.226,2050.646
1666299600,2050.646,2054.193,1943.266,2004.02
1666558800,2004.02,2061.546,1951.92,1957.167
1666645200,1957.167,1985.838,1866.922,1915.248
1666731600,1915.248,1965.135,1915.248,1953.215
1666818000,1953.215,1985.636,1898.81,1934.438
1666904400,1934.438,1955.149,1872.8,1889.522
1667163600,1889.522,1908.751,1801.999,1828.181
1667250000,1828.181,1937.572,1828.181,1868.149
1667336400,1868.149,1903.322,1834.65,1842.385
1667422800,1842.385,1860.609,1753.075,1785.989
1667509200,1785.989,1904.368,1783.255,1858.835
1667772000,1858.835,1901.76,1830.044,1890.873
1667858400,1890.873,1929.597,1841.115,1912.93
1667944800,1912.93,1939.895,1825.11,1856.015
1668031200,1856.015,1966.756,1797.04,1956.553
1668117600,1956.553,2038.916,1928.188,2038.668
1668376800,2038.668,2038.668,1947.334,2021.658
1668463200,2021.658,2105.742,2012.98,2094.828
1668549600,2094.828,2105.556,2045.086,2069.802
1668636000,2069.802,2070.065,1970.194,2003.644
1668722400,2003.644,2021.627,1926.484,1932.49
1668981600,1932.49,1941,1823.404,1857.102
1669068000,1857.102,1889.339,1841.23,1853.993
1669154400,1853.993,1894.444,1852.53,1877.316
1669240800,1877.316,1905.809,1874.69,1880.678
1669327200,1880.678,1884.694,1795.237,1847.637
1669586400,1847.637,1868.434,1809.598,1831.634
1669672800,1831.634,1869.137,1797.734,1821.585
1669759200,1821.585,1919.642,1820.35,1867.594
1669845600,1867.594,1937.412,1848.081,1931.72
1669932000,1931.72,1931.72,1854.896,1887.687
1670191200,1887.687,1923.472,1840.892,1868.208
1670277600,1868.208,1883.89,1831.091,1834.582
1670364000,1834.582,1868.628,1826.49,1836.44
1670450400,1836.44,1930.107,1828.769,1915.98
1670536800,1915.98,1958.278,1898.906,1944.897
1670796000,1944.897,1946.206,1864.34,1874.28
1670882400,1874.28,1987.328,1866.346,1921.822
1670968800,1921.822,1931.81,1897.082,1912.018
1671055200,1912.018,1913.264,1750.488,1780.298
1671141600,1780.298,1812.124,1692.492,1694.498
1671400800,1694.498,1728.794,1643.912,1653.851
1671487200,1653.851,1733.41,1641.504,1714.316
1671573600,1714.316,1728.522,1650.074,1676.424
1671660000,1676.424,1726.151,1645.215,1667.592
1671746400,1667.592,1741.485,1629.882,1737.758
1672092000,1737.758,1822.7,1737.758,1817.485
1672178400,1817.485,1829.464,1741.532,1779.582
1672264800,1779.582,1830.13,1743.125,1804.054
1672351200,1804.054,1817.769,1746.726,1782.052
1672696800,1782.052,1807.517,1667.646,1697.497
1672783200,1697.497,1795.804,1693.027,1781.644
1672869600,1781.644,1816.764,1713.114,1731.038
1672956000,1731.038,1805.489,1725.33,1797.792
1673215200,1797.792,1830.164,1749.628,1765.566
1673301600,1765.566,1802.703,1757.702,1769.413
1673388000,1769.413,1783.644,1737.662,1765.55
1673474400,1765.55,1788.283,1726.826,1783.824
1673560800,1783.824,1799.032,1723.202,1781.952
1673820000,1781.952,1781.952,1737.48,1743.972
1673906400,1743.972,1753.704,1699.026,1729.666
1673992800,1729.666,1785.983,1683.474,1707.383
1674079200,1707.383,1768.448,1654.2,1744.826
1674165600,1744.826,1751.843,1706.08,1719.554
1674424800,1719.554,1737.468,1683.761,1700.227
1674511200,1700.227,1739.396,1678.398,1732.454
1674597600,1732.454,1732.454,1670.049,1683.023
1674684000,1683.023,1696.542,1653.735,1662.219
1674770400,1662.219,1669.203,1591.346,1604.311
1675029600,1604.311,1639.169,1599.61,1625.547
1675116000,1625.547,1655.026,1576.804,1633.126
1675202400,1633.126,1691.486,1615.28,1651.914
1675288800,1651.914,1682.876,1624.102,1644.8
1675375200,1644.8,1687.698,1584.349,1607.789
1675634400,1607.789,1615.76,1534.078,1579.204
1675720800,1579.204,1651.8,1551.842,1628.645
1675807200,1628.645,1668.316,1619.252,1629.25
1675893600,1629.25,1662.442,1587.22,1612.41
1675980000,1612.41,1622.393,1517.56,1518.308
1676239200,1518.308,1558.704,1510.818,1546.028
1676325600,1546.028,1571.772,1450.131,1476.078
1676412000,1476.078,1485.316,1410.324,1441.52
1676498400,1441.52,1526.868,1428.598,1496.966
1676584800,1496.966,1502.206,1437.911,1488.836
1676844000,1488.836,1534.482,1475.822,1502.836
1676930400,1502.836,1531.596,1477.69,1518.408
1677016800,1518.408,1527.958,1471.864,1473.362
1677103200,1473.362,1489.097,1420.313,1437.788
1677189600,1437.788,1445.284,1353.036,1401.486
1677448800,1401.486,1458.898,1386.876,1416.053
1677535200,1416.053,1435.752,1384.432,1410.111
1677621600,1410.111,1447.02,1403.386,1434.32
1677708000,1434.32,1441.58,1407.674,1439.094
1677794400,1439.094,1455.824,1412.204,1444.617
1678053600,1444.617,1444.617,1399.864,1426.044
1678140000,1426.044,1432.786,1360.774,1365.022
1678226400,1365.022,1392.216,1342.623,1351.601
1678312800,1351.601,1388.271,1329.185,1370.58
1678399200,1370.58,1393.784,1342.948,1362.392
1678654800,1362.392,1480.152,1360.491,1463.208
1678741200,1463.208,1527.052,1429.066,1502.384
1678827600,1502.384,1510.62,1411.422,1455.31
1678914000,1455.31,1464.798,1399.752,1417.458
1679000400,1417.458,1442.403,1372.863,1408.024
1679259600,1408.024,1417.576,1371.728,1402.156
1679346000,1402.156,1408.408,1372.518,1392.222
1679432400,1392.222,1457.824,1357.338,1441.876
1679518800,1441.876,1458.102,1410.486,1425.46
1679605200,1425.46,1431.221,1383.346,1408.044
1679864400,1408.044,1419.368,1384.948,1411.402
1679950800,1411.402,1416.671,1383.25,1412.188
1680037200,1412.188,1446.888,1400.734,1431.43
1680123600,1431.43,1490.31,1420.21,1454.662
1680210000,1454.662,1500.316,1452.169,1452.457
1680469200,1452.457,1495.214,1436.587,1458.811
1680555600,1458.811,1485.274,1430.66,1458.352
1680642000,1458.352,1471.094,1412.494,1421.228
1680728400,1421.228,1464.162,1405.282,1456.686
1681074000,1456.686,1465.044,1399.712,1406.704
1681160400,1406.704,1455.378,1406.704,1443.164
1681246800,1443.164,1464.654,1430.46,1458.172
1681333200,1458.172,1520.826,1441.478,1504.865
1681419600,1504.865,1520.094,1470.966,1498.919
1681678800,1498.919,1569.892,1481.044,1559.672
1681765200,1559.672,1645.287,1559.429,1614.608
1681851600,1614.608,1631.096,1576.955,1613.156
1681938000,1613.156,1623.417,1574.266,1588.496
1682024400,1588.496,1628.2,1575.788,1599.519
1682283600,1599.519,1606.35,1508.554,1533.518
1682370000,1533.518,1537.768,1464.671,1483.398
1682456400,1483.398,1524.598,1478.908,1498.164
1682542800,1498.164,1524.884,1457.012,1488.72
1682629200,1488.72,1527.186,1478.257,1495.001
1682888400,1495.001,1512.083,1436.962,1449.197
1682974800,1449.197,1457.45,1414.786,1429.517
1683061200,1429.517,1440.528,1402.341,1416.576
1683147600,1416.576,1450.31,1403.623,1443.075
1683234000,1443.075,1499.525,1433.608,1484.554
1683493200,1484.554,1577.535,1483.888,1550.084
1683579600,1550.084,1587.561,1531.63,1569.6
1683666000,1569.6,1622.808,1560.384,1606.094
1683752400,1606.094,1621.852,1537.22,1555.204
1683838800,1555.204,1573.202,1502.564,1504.563
1684098000,1504.563,1544.88,1502.654,1521.166
1684184400,1521.166,1531.674,1490.984,1492.742
1684270800,1492.742,1502.993,1474.292,1479.798
1684357200,1479.798,1486.052,1447.118,1463.856
1684443600,1463.856,1532.056,1458.864,1514.341
1684702800,1514.341,1525.186,1482.744,1484.495
1684789200,1484.495,1492.24,1440.074,1450.57
1684875600,1450.57,1460.575,1389.407,1410.398
1684962000,1410.398,1435.156,1384.692,1417.43
1685048400,1417.43,1448.426,1407.694,1418.16
1685307600,1418.16,1432.452,1403.302,1409.288
1685394000,1409.288,1442.7,1381.648,1398.858
1685480400,1398.858,1417.317,1349.527,1357.763
1685566800,1357.763,1396.926,1353.278,1388.706
1685653200,1388.706,1432.601,1381.494,1417.657
1685912400,1417.657,1442.922,1388.336,1405.546
1685998800,1405.546,1428.004,1380.89,1405.581
1686085200,1405.581,1413.824,1377.188,1385.172
1686171600,1385.172,1388.664,1341.57,1352.546
1686258000,1352.546,1358.292,1289.246,1313.684
1686517200,1313.684,1348.683,1293.574,1342.206
1686603600,1342.206,1381.126,1331.75,1350.218
1686690000,1350.218,1401.364,1343.251,1381.172
1686776400,1381.172,1395.667,1354.505,1391.18
1686862800,1391.18,1422.38,1383.468,1409.168
1687122000,1409.168,1412.741,1382.578,1402.286
1687208400,1402.286,1409.524,1348.448,1379.132
1687294800,1379.132,1379.883,1335.017,1344.25
1687381200,1344.25,1346.75,1262.224,1275.697
1687467600,1275.697,1288.428,1265.744,1275.978
1687726800,1275.978,1341.662,1272.052,1301.514
1687813200,1301.514,1317.242,1283.828,1291.319
1687899600,1291.319,1296.064,1202.042,1255.681
1687986000,1255.681,1257.682,1211.8,1220.54
1688072400,1220.54,1256.232,1215.32,1222.068
1688331600,1222.068,1252.084,1210.666,1238.373
1688418000,1238.373,1257.096,1227.666,1240.895
1688504400,1240.895,1261.382,1221.21,1249.411
1688590800,1249.411,1269.14,1219.246,1236.22
1688677200,1236.22,1254.951,1214.778,1239.244
1688936400,1239.244,1247.542,1185.181,1231.85
1689022800,1231.85,1249.328,1211.41,1242.858
1689109200,1242.858,1293.784,1235.886,1278.073
1689195600,1278.073,1302.54,1262.872,1286.089
1689282000,1286.089,1286.342,1253.922,1268.154
1689541200,1268.154,1295.942,1247.256,1282.722
1689627600,1282.722,1321.68,1273.493,1313.7
1689714000,1313.7,1318.447,1281.776,1302.502
1689800400,1302.502,1308.746,1261.595,1274.082
1689886800,1274.082,1296.564,1270.104,1286.093
1690146000,1286.093,1294.417,1262.721,1273.708
1690232400,1273.708,1295.693,1267.74,1281.477
1690318800,1281.477,1285.974,1230.828,1254.052
1690405200,1254.052,1268.286,1214.884,1234.862
1690491600,1234.862,1262.592,1217.159,1240.384
1690750800,1240.384,1281.912,1232.722,1279.67
1690837200,1279.67,1283.916,1220.528,1236.262
1690923600,1236.262,1252.01,1222.055,1239.288
1691010000,1239.288,1260.782,1219.082,1252.052
1691096400,1252.052,1269.054,1237.843,1253.082
1691355600,1253.082,1268.388,1224.702,1236.944
1691442000,1236.944,1237.695,1195.516,1222.243
1691528400,1222.243,1235.256,1202.038,1232.511
1691614800,1232.511,1307.198,1228.766,1287.726
1691701200,1287.726,1342.683,1286.729,1300.992
1691960400,1300.992,1314.806,1247.388,1271.37
1692046800,1271.37,1271.37,1232.188,1237.188
1692133200,1237.188,1246.692,1205.741,1208.248
1692219600,1208.248,1239.985,1204.508,1221.266
1692306000,1221.266,1262.001,1213.044,1256.76
1692565200,1256.76,1271.328,1228.874,1245.114
1692651600,1245.114,1294.841,1241.87,1259.632
1692738000,1259.632,1300.867,1257.136,1281.894
1692824400,1281.894,1287.644,1233.516,1244.98
1692910800,1244.98,1252.728,1216.602,1229.816
1693170000,1229.816,1263.796,1222.424,1252.094
1693256400,1252.094,1264.07,1220.721,1250.882
1693342800,1250.882,1252.629,1223.749,1230.234
1693429200,1230.234,1236.474,1211.821,1228.024
1693515600,1228.024,1235.008,1216.596,1217.094
1693774800,1217.094,1233.132,1217.094,1222.174
1693861200,1222.174,1224.176,1179.582,1215.981
1693947600,1215.981,1217.726,1177.873,1215.018
1694034000,1215.018,1222.02,1188.366,1211.561
1694120400,1211.561,1229.02,1187.163,1195.394
1694379600,1195.394,1222.652,1191.224,1215.682
1694466000,1215.682,1246.622,1205.234,1241.141
1694552400,1241.141,1263.604,1225.948,1251.894
1694638800,1251.894,1269.611,1246.938,1249.685
1694725200,1249.685,1277.131,1231.74,1246.978
1694984400,1246.978,1256.78,1224.88,1248.326
1695070800,1248.326,1276.77,1241.856,1264.068
1695157200,1264.068,1298.248,1261.838,1264.102
1695243600,1264.102,1270.849,1232.708,1265.384
1695330000,1265.384,1287.348,1249.704,1254.696
1695589200,1254.696,1255.764,1227.114,1230.612
1695675600,1230.612,1239.614,1207.692,1227.652
1695762000,1227.652,1250.608,1211.47,1221.202
1695848400,1221.202,1284.072,1217.722,1270.863
1695934800,1270.863,1295.078,1245.207,1247.954
1696194000,1247.954,1256.508,1198.416,1206.654
1696280400,1206.654,1213.155,1165.024,1176.258
1696366800,1176.258,1189,1154.832,1167.56
1696453200,1167.56,1183.284,1139.15,1149.384
1696539600,1149.384,1171.11,1134.432,1159.144
1696798800,1159.144,1166.702,1115.576,1138.284
1696885200,1138.284,1178.475,1119.344,1169.498
1696971600,1169.498,1186.477,1149.81,1171.276
1697058000,1171.276,1181.519,1131.139,1137.13
1697144400,1137.13,1159.854,1126.924,1149.636
1697403600,1149.636,1157.948,1128.757,1148.732
1697490000,1148.732,1150.99,1119.062,1139.781
1697576400,1139.781,1150.018,1110.61,1130.829
1697662800,1130.829,1135.073,1096.91,1116.887
1697749200,1116.887,1119.654,1099.688,1100.448
1698008400,1100.448,1143.955,1086.799,1122.499
1698094800,1122.499,1141.479,1109.794,1129.268
1698181200,1129.268,1148.758,1116.308,1131.046
1698267600,1131.046,1151.036,1113.346,1141.06
1698354000,1141.06,1151.814,1120.618,1129.86
1698613200,1129.86,1165.136,1125.194,1135.943
1698699600,1135.943,1148.944,1121.99,1128.736
1698786000,1128.736,1147.979,1110.04,1117.534
1698872400,1117.534,1129.538,1107.574,1120.81
1698958800,1120.81,1138.554,1110.598,1126.582
1699221600,1126.582,1136.648,1098.462,1113.944
1699308000,1113.944,1113.944,1055.296,1059.798
1699394400,1059.798,1063.568,1011.628,1053.086
1699480800,1053.086,1058.332,992.442,995.441
1699567200,995.441,1002.436,949.516,966.506
1699826400,966.506,987.548,948.098,985.812
1699912800,985.812,1034.024,972.095,1017.551
1699999200,1017.551,1052.532,1004.336,1034.809
1700085600,1034.809,1054.308,1022.328,1043.578
1700172000,1043.578,1064.572,1035.098,1060.838
1700431200,1060.838,1096.132,1051.408,1086.649
1700517600,1086.649,1099.652,1066.18,1086.928
1700604000,1086.928,1088.693,1049.737,1063.864
1700690400,1063.864,1066.856,1047.489,1052.22
1700776800,1052.22,1082.846,1044.79,1080.36
1701036000,1080.36,1093.918,1060.36,1080.51
1701122400,1080.51,1084.762,1046.97,1061.16
1701208800,1061.16,1072.866,1023.888,1034.098
1701295200,1034.098,1035.096,1009.496,1011.262
1701381600,1011.262,1025.21,991.142,1005.584
1701640800,1005.584,1016.124,961.178,975.368
1701727200,975.368,982.586,922.913,936.106
1701813600,936.106,974.696,933.123,944.854
1701900000,944.854,993.644,938.898,971.765
1701986400,971.765,986.223,941.695,946.43
1702245600,946.43,969.192,934.83,961.982
1702332000,961.982,989.63,960.492,979.194
1702418400,979.194,1006.858,954.096,993.422
1702504800,993.422,1119.134,993.422,1111.924
1702591200,1111.924,1200.564,1087.552,1180.166
1702850400,1180.166,1221.375,1153.144,1189.778
1702936800,1189.778,1250.802,1173.88,1233.89
1703023200,1233.89,1239.628,1197.1,1207.308
1703109600,1207.308,1230.245,1192.658,1220.555
1703196000,1220.555,1253.951,1202.648,1212.642
1703541600,1212.642,1223.019,1181.725,1185.465
1703628000,1185.465,1208.89,1151.145,1158.624
1703714400,1158.624,1169.838,1126.542,1135.018
1703800800,1135.018,1138.514,1097.215,1100.951
1704146400,1100.951,1116.812,1071.5,1080.72
1704232800,1080.72,1097.674,1052.355,1067.566
1704319200,1067.566,1076.308,1032.483,1040.711
1704405600,1040.711,1052.952,1017.076,1026.558
1704664800,1026.558,1035.622,991.06,997.046
1704751200,997.046,1011.002,969.423,979.4
1704837600,979.4,1016.302,977.674,1003.362
1704924000,1003.362,1025.068,978.482,990.448
1705010400,990.448,1002.688,969.304,974.046
1705269600,974.046,995.326,960.951,971.926
1705356000,971.926,976.669,930.596,936.833
1705442400,936.833,941.34,902.218,916.188
1705528800,916.188,944.13,913.201,939.159
1705615200,939.159,954.133,927.974,948.672
1705874400,948.672,952.749,912.631,937.578
1705960800,937.578,960.044,926.884,949.586
1706047200,949.586,976.788,941.372,965.085
1706133600,965.085,969.846,931.212,941.192
1706220000,941.192,964.416,927.248,959.185
1706479200,959.185,988.238,945.327,987.49
1706565600,987.49,994.492,970.064,978.057
1706652000,978.057,997.046,969.606,982.339
1706738400,982.339,986.334,949.198,965.672
1706824800,965.672,983.903,930.04,948.007
1707084000,948.007,959.598,923.67,953.618
1707170400,953.618,965.61,933.686,951.166
1707256800,951.166,954.664,894.08,895.826
1707343200,895.826,907.082,858.432,889.629
1707429600,889.629,898.372,858.223,858.982
1707688800,858.982,902.496,856.826,895.773
1707775200,895.773,914.508,849.889,860.878
1707861600,860.878,939.767,853.897,936.528
1707948000,936.528,980.474,921.062,955.534
1708034400,955.534,966.546,932.602,949.088
1708293600,949.088,966.413,936.97,952.952
1708380000,952.952,990.43,936.252,975.212
1708466400,975.212,991.705,927.819,952.79
1708552800,952.79,975.788,944.83,966.562
1708639200,966.562,998.048,953.85,973.704
1708898400,973.704,976.581,943.938,955.102
1708984800,955.102,973.472,936.598,937.093
1709071200,937.093,940.074,908.901,925.273
1709157600,925.273,947.618,920.572,940.21
1709244000,940.21,959.841,928.613,952.918
1709503200,952.918,970.697,941.712,960.076
1709589600,960.076,963.798,927.414,944.536
1709676000,944.536,1064.306,942.56,1045.24
1709762400,1045.24,1058.43,1020.01,1039.123
1709848800,1039.123,1062.972,1009.194,1020.858
1710104400,1020.858,1042.88,1017.319,1031.256
1710190800,1031.256,1045.455,1002.047,1039.27
1710277200,1039.27,1075.533,1033.588,1061.422
1710363600,1061.422,1097.687,1053.514,1066.463
1710450000,1066.463,1111.164,1058.79,1079.691
1710709200,1079.691,1083.592,1023.354,1031.81
1710795600,1031.81,1033.55,975.052,994.424
1710882000,994.424,1026.01,977.091,1023.532
1710968400,1023.532,1041.426,995.8,1010.954
1711054800,1010.954,1016.21,982.492,984.974
1711314000,984.974,1027.128,981.406,1004.81
1711400400,1004.81,1020.501,991.728,993.965
1711486800,993.965,995.709,966.712,991.31
1711573200,991.31,1023.144,985.61,1014.974
1711918800,1014.974,1031.885,989.934,1006.592
1712005200,1006.592,1028.742,994.488,1004.682
1712091600,1004.682,1029.332,990.812,1019.414
1712178000,1019.414,1044.31,1006.538,1021.231
1712264400,1021.231,1025.21,984.52,1003.92
1712523600,1003.92,1054.079,990.42,1047.636
1712610000,1047.636,1094.684,1047.636,1094.684
1712696400,1094.684,1103.684,1041.062,1050.282
1712782800,1050.282,1075.934,1028.47,1050.114
1712869200,1050.114,1087.952,1047.391,1052.68
1713128400,1052.68,1063.287,1021.325,1037.258
1713214800,1037.258,1040.744,1000.265,1016.95
1713301200,1016.95,1048.836,1008.282,1028.964
1713387600,1028.964,1051.398,1020.774,1025.312
1713474000,1025.312,1041.741,998.752,1030.614
1713733200,1030.614,1031.032,1001.97,1010.702
1713819600,1010.702,1028.918,989.337,1021.228
1713906000,1021.228,1033.694,1000.158,1000.904
1713992400,1000.904,1012.132,974.34,986.55
1714078800,986.55,992.546,953.27,954.526
1714338000,954.526,981.359,945.228,975.652
1714424400,975.652,977.904,932.15,953.823
1714510800,953.823,959.366,934.947,951.158
1714597200,951.158,957.394,918.349,934.8
1714683600,934.8,955.761,925.122,947.071
1714942800,947.071,987.615,938.512,979.662
1715029200,979.662,987.395,968.499,972.515
1715115600,972.515,977.273,946.915,955.155
1715202000,955.155,975.135,943.745,969.426
1715288400,969.426,1002.109,968.434,978.468
1715547600,978.468,991.612,959.246,963.495
1715634000,963.495,989.712,960.806,982.008
1715720400,982.008,1020.682,980.266,1011.488
1715806800,1011.488,1022.254,985.378,991.378
1715893200,991.378,1013.88,968.22,1009.15
1716152400,1009.15,1041.784,994.397,1027.83
1716238800,1027.83,1044.842,1006.663,1026.662
1716325200,1026.662,1037.65,993.822,996.324
1716411600,996.324,999.32,965.72,970.966
1716498000,970.966,977.976,961.04,966.052
1716757200,966.052,1003.92,966.052,992.456
1716843600,992.456,996.98,969.817,983.311
1716930000,983.311,985.061,946.943,955.048
1717016400,955.048,957.592,926.26,944.548
1717102800,944.548,951.526,898.996,909.621
1717362000,909.621,933.344,891.368,919.306
1717448400,919.306,928.946,898.876,908.302
1717534800,908.302,932.32,906.086,927.904
1717621200,927.904,940.026,920.569,925.787
1717707600,925.787,930.488,895.992,908.114
1717966800,908.114,921.441,881.475,903.974
1718053200,903.974,903.974,876.628,883.326
1718139600,883.326,925.389,877.212,898.989
1718226000,898.989,904.737,871.147,880.56
1718312400,880.56,893.702,873.709,884.118
1718571600,884.118,889.522,866.839,884.663
1718658000,883.679,886.67,861.246,882.29
1718744400,883.036,903.864,878.6,894.988
1718830800,894.755,915.106,889.626,907.709
1718917200,905.736,956.996,905.736,911.52
1719176400,914.946,979.33,909.018,963.777
1719262800,964.524,979.176,915.862,927.022
1719349200,928.016,947.612,905.816,918.96
1719435600,917.48,926.206,901.442,919.806
1719522000,920.058,973.844,919.316,963.714
1719781200,964.926,988.763,958.32,972.208
1719867600,969.738,1014.63,964.582,1007.972
1719954000,1007.977,1051.88,1003.56,1021.952
1720040400,1020.224,1027.422,1008.134,1014.378
1720126800,1017.119,1038.467,1010.508,1025.649
1720386000,1023.16,1024.399,992.234,1006.174
1720472400,1007.912,1017.866,969.587,975.312
1720558800,975.318,990.011,966.93,984.096
1720645200,984.348,1005.73,972.766,987.924
1720731600,988.672,988.672,953.296,961.512
1720990800,962.228,962.776,938.516,941.255
1721077200,940.516,954.727,922.479,950.784
1721163600,952.525,971.432,941.689,943.947
1721250000,941.223,956.641,913.288,918.256
1721336400,918.509,920.245,893.547,895.289
1721595600,897.728,909.397,876.946,886.16
1721682000,886.164,908.822,869.826,906.362
1721768400,904.63,926.041,899.694,908.946
1721854800,911.682,911.682,876.991,888.444
1721941200,888.448,898.148,872.63,881.593
1722200400,884.775,901.726,878.36,885.366
1722286800,886.116,886.912,863.084,873.792
1722373200,874.79,921.32,872.804,912.642
1722459600,913.144,919.369,882.666,892.373
1722546000,894.116,902.6,871.826,878.062
1722805200,877.518,882.245,809.231,830.886
1722891600,831.138,859.804,820.498,849.125
1722978000,848.88,886.975,842.672,863.888
1723064400,863.395,908.49,859.666,907.992
1723150800,906.504,918.23,885.704,890.439
1723410000,891.39,917.8,885.696,898.948
1723496400,897.21,927.376,896.002,923.676
1723582800,921.94,936.182,910.078,916.566
1723669200,917.316,936.798,909.17,932.096
1723755600,931.354,941.841,922.702,938.172
1724014800,937.89,938.138,899.872,915.835
1724101200,915.093,932.085,904.173,912.203
1724187600,912.457,954.601,905.777,937.205
1724274000,935.716,943.487,906.409,910.665
1724360400,911.168,948.124,910.669,947.626
1724619600,949.338,961.115,939.4,947.696
1724706000,949.944,967.46,942.732,957.77
1724792400,957.524,961.268,925.706,928.224
1724878800,929.972,972.924,928.976,967.798
1724965200,968.544,984.956,949.718,955.438
1725224400,954.558,968.26,951.588,967.766
1725310800,967.526,970.258,918.888,934.548
1725397200,935.544,938.562,917.188,924.17
1725483600,923.924,944.824,918.728,927.7
1725570000,928.696,950.34,890.735,897.202
1725829200,896.562,937.346,895.834,933.876
1725915600,933.88,961.756,933.139,961.756
1726002000,960.766,1010.512,955.83,1008.772
1726088400,1008.775,1050.32,998.365,1046.599
1726174800,1046.354,1075.218,1034.7,1066.539
1726434000,1067.908,1080.105,1058.968,1076.416
1726520400,1078.159,1119.477,1074.22,1118.483
1726606800,1118.238,1120.25,1049.194,1053.423
1726693200,1052.68,1096.974,1036.78,1077.845
1726779600,1080.334,1087.307,1056.012,1063.737
1727038800,1061.126,1062.868,1031.834,1035.576
1727125200,1036.076,1063.704,1030.612,1058.014
1727211600,1057.519,1059.511,1025.49,1038.43
1727298000,1037.935,1069.798,1035.7,1045.701
1727384400,1045.704,1046.704,1006.214,1010.696
1727643600,1015.788,1021.286,973.794,994.95
1727730000,992.217,1007.677,981.313,1000.232
1727816400,997,1019.426,991.546,1014.718
1727902800,1014.97,1017.708,977.938,1001.342
1727989200,999.106,1012.582,991.676,1006.375
1728248400,1007.986,1025.204,1000.06,1020.236
1728334800,1018.994,1025.469,987.91,1017.308
1728421200,1017.062,1044.978,1007.886,1038.768
1728507600,1038.024,1073.667,1036.288,1070.187
1728594000,1069.444,1086.381,1058.039,1062.782
1728853200,1065.396,1065.396,1022.375,1027.367
1728939600,1026.872,1030.36,996.539,1008.506
1729026000,1008.26,1027.718,1006.522,1023.253
1729112400,1024.251,1045.707,1015.807,1041.238
1729198800,1039.747,1085.365,1037.258,1081.386
1729458000,1083.008,1091.486,1045.699,1054.926
1729544400,1055.676,1083.87,1052.944,1079.892
1729630800,1081.14,1083.401,1052.293,1063.515
1729717200,1065.012,1168.428,1064.016,1158.726
1729803600,1157.732,1215.566,1124.383,1198.647
1730062800,1192.56,1225.242,1182.106,1216.792
1730149200,1216.297,1250.475,1204.896,1214.37
1730235600,1210.387,1216.125,1130.451,1147.664
1730322000,1148.414,1148.414,1105.358,1118.077
1730408400,1119.824,1139.55,1100.697,1100.698
1730671200,1102.076,1120.532,1053.772,1075.218
1730757600,1077.464,1094.204,1069.04,1076.028
1730844000,1075.283,1076.28,1023.972,1032.966
1730930400,1033.468,1043.226,1015.566,1024.8
1731016800,1023.806,1027.3,985.706,989.458
1731276000,983.342,998.308,975.153,980.154
1731362400,979.408,984.9,937.312,943.056
1731448800,944.057,955.308,924.646,928.148
1731535200,927.652,940.418,910.48,932.941
1731621600,937.681,962.15,931.7,944.217
1731880800,946.572,1008.976,946.323,1004.246
1731967200,1003.75,1043.452,993.048,1036.732
1732053600,1038.731,1044.504,1008.835,1023.82
1732140000,1020.579,1044.537,1020.106,1030.648
1732226400,1032.884,1047.05,1010.362,1014.83
1732485600,1014.211,1037.041,978.53,981.51
1732572000,981.762,1001.403,970.864,983.555
1732658400,984.303,1000.706,973.886,978.898
1732744800,978.405,989.104,974.688,981.434
1732831200,982.684,996.85,965.844,983.976
1733090400,982.116,999.532,967.244,986.642
1733176800,986.396,1000.08,973.79,973.79
1733263200,971.806,995.438,959.178,985.023
1733349600,984.528,990.262,965.698,967.204
1733436000,966.958,981.868,957.818,958.072
1733695200,961.916,1002.192,960.688,981.594
1733781600,982.342,989.055,956.3,973.953
1733868000,973.706,1007.786,961.556,1002.578
1733954400,1001.09,1016.267,982.253,983.014
1734040800,980.532,983.79,947.286,956.738
1734300000,956.856,960.832,939.504,946.226
1734386400,947.222,949.962,923.899,934.106
1734472800,934.855,937.347,894.646,899.868
1734559200,902.107,916.296,894.192,903.65
1734645600,902.658,918.11,892.244,913.398
1734904800,915.498,933.195,907.3,928.976
1734991200,928.978,951.625,928.978,946.674
1735164000,945.996,950.226,915.21,919.944
1735250400,921.686,925.668,901.336,908.562
1735509600,910.662,916.412,891.552,895.544
1735596000,894.304,911.254,891.579,903.558
1735768800,902.37,922.056,899.908,907.646
1735855200,907.648,923.852,903.936,918.894
1736114400,917.266,940.436,906.586,913.588
1736200800,913.838,931.785,909.867,923.843
1736287200,924.344,934.074,911.194,924.894
1736373600,925.395,933.406,916.457,930.674
1736460000,929.93,969.285,929.432,962.086
1736719200,962.204,969.176,928.395,944.587
1736805600,946.332,956.323,935.666,944.146
1736892000,944.896,978.787,940.424,967.852
1736978400,970.592,972.342,946.003,946.999
1737064800,946.005,965.964,941.295,961.495
1737324000,962.859,964.862,937.746,952.699
1737410400,950.715,974.916,933.81,972.933
1737496800,972.687,1006.599,967.964,996.651
1737583200,996.653,1015.879,985.958,1012.65
1737669600,1013.151,1030.622,1003.237,1003.246
1737928800,1003.12,1003.62,964.305,969.05
1738015200,968.554,977.299,957.631,961.136
1738101600,961.388,983.353,956.166,974.897
1738188000,974.9,1019.801,974.65,1019.056
1738274400,1019.807,1073.678,1010.612,1067.209
1738533600,1052.388,1071.08,1022.276,1046.218
1738620000,1046.72,1059.192,1005.402,1007.65
1738706400,1006.406,1022.642,998.45,1013.194
1738792800,1014.443,1020.93,986.828,993.314
1738879200,990.824,1001.818,975.674,975.676
1739138400,972.554,1012.986,971.564,1001.78
1739224800,1001.284,1006.53,976.124,990.87
1739311200,990.873,993.874,973.712,985.194
1739397600,984.948,1023.392,984.948,1022.16
1739484000,1021.914,1035.902,988.057,989.553
1739743200,992.17,1009.906,989.676,998.955
1739829600,999.212,1011.732,994.51,1008.002
1739916000,1009.5,1015.524,983.6,986.858
1740002400,988.606,1008.112,983.874,999.89
1740088800,1002.636,1004.14,979.492,980.24
1740348000,980.362,988.346,937.496,938.246
1740434400,938.998,944.265,912.834,926.618
1740520800,927.612,942.758,916.77,919.506
1740607200,919.508,922.756,901.472,906.942
1740693600,907.688,912.212,893.611,908.002
1740952800,912.852,954.29,912.356,943.895
1741039200,942.164,953.132,927.344,948.18
1741125600,948.68,962.588,937.076,946.022
1741212000,947.017,954.5,931.187,943.368
1741298400,943.124,956.557,935.485,948.151
1741554000,945.568,963.217,932.247,933.737
1741640400,933.492,954.368,926.311,940.752
1741726800,942.986,954.686,937.062,947.519
1741813200,947.77,963.959,934.175,963.711
1741899600,963.219,987.323,960.051,965.025
1742158800,965.921,976.377,960.509,966.736
1742245200,965.995,980.178,960.589,965.073
1742331600,965.325,966.589,950.721,954.23
1742418000,954.234,958.71,937.402,946.86
1742504400,947.11,957.352,938.202,955.37
1742763600,957.008,968.705,946.387,950.128
1742850000,950.876,964.332,948.898,953.676
1742936400,954.92,971.852,944.278,964.176
1743022800,965.42,984.092,958.222,978.898
1743109200,979.894,996.324,966.292,975.248
1743368400,974.904,997.567,974.168,994.842
1743454800,994.598,1002.346,985.702,991.938
1743541200,991.197,1000.4,973.13,986.054
1743627600,983.076,983.076,919.555,925.272
1743714000,923.04,926.278,899.738,902.986
1743973200,874.555,917.084,866.364,893.006
1744059600,895.494,902.978,877.416,883.135
1744146000,882.392,909.794,872.711,909.296
1744232400,908.306,917.276,884.748,898.928
1744318800,897.44,913.133,895.458,901.98
1744578000,904.856,954.378,904.608,949.173
1744664400,950.42,974.346,937.765,973.611
1744750800,972.869,981.864,965.194,972.194
1744837200,971.451,973.444,943.148,958.344
1745182800,955.334,963.072,924.3,927.544
1745269200,927.051,943,920.9,922.144
1745355600,919.66,944.832,918.914,934.902
1745442000,936.149,950.629,930.71,946.667
1745528400,947.416,948.164,928.554,935.046
1745787600,936.436,957.889,930.475,945.962
1745874000,946.712,949.463,928.845,932.594
1745960400,932.1,936.149,918.204,935.404
1746046800,935.905,950.642,929.455,941.947
1746133200,942.698,956.44,938.499,953.969
1746392400,950.633,963.617,935.008,940.742
1746478800,940.745,979.153,937.018,976.425
1746565200,977.175,987.68,963.296,965.791
1746651600,966.043,985.773,958.856,975.827
1746738000,977.574,986.085,974.888,979.638
1746997200,978.796,990.532,937.003,941.746
1747083600,941.998,956.254,931.296,952.78
1747170000,952.784,966.536,941.124,950.362
1747256400,950.116,972.589,934.946,960.402
1747342800,960.156,967.932,950.99,963.466
1747602000,964.366,980.38,956.436,977.399
1747688400,976.904,1023.832,971.954,1023.592
1747774800,1024.094,1051.574,1004.928,1033.144
1747861200,1034.893,1041.156,1008.27,1015.458
1747947600,1016.205,1025.641,992.495,997.224
1748206800,997.138,1005.073,984.566,988.292
1748293200,989.294,990.048,970.772,974.019
1748379600,974.022,982.718,956.998,958.992
1748466000,959.491,977.118,954.544,970.954
1748552400,971.206,971.206,952.684,967.07
1748811600,966.978,991.558,959.064,988.85
1748898000,988.11,1016.908,983.92,1015.436
1748984400,1016.43,1017.422,992.21,994.954
1749070800,996.692,1026.46,994.238,1003.456
1749157200,1001.726,1057.293,1000.239,1055.572
1749416400,1056.486,1099.15,1050.053,1086.06
1749502800,1085.32,1088.816,1059.096,1067.804
1749589200,1066.568,1094.858,1065.834,1071.855
1749675600,1073.594,1078.31,1043.386,1062.024
1749762000,1061.036,1067.489,1027.151,1027.399
1750021200,1025.334,1051.921,1022.854,1030.62
1750107600,1031.615,1053.994,1020.99,1051.038
1750194000,1048.809,1060.252,1044.17,1048.393
1750280400,1048.149,1061.816,1028.095,1047.475
1750366800,1046.495,1051.497,1035.103,1044.838
1750626000,1045.504,1085.025,1033.099,1078.832
1750712400,1078.836,1081.572,1055.824,1067.254
1750798800,1067.755,1075.729,1040.758,1067.34
1750885200,1067.591,1155.516,1066.598,1138.652
1750971600,1140.642,1184.58,1109.661,1138.494
1751230800,1139.92,1165.786,1094.312,1106.74
1751317200,1106.744,1138.082,1102.34,1107.573
1751403600,1108.57,1166.504,1105.84,1163.528
1751490000,1164.277,1167.014,1116.408,1140.278
1751576400,1140.53,1152.214,1123.706,1139.858
1751835600,1140.057,1147.014,1099.378,1114.062
1751922000,1114.563,1132.254,1100.966,1116.138
1752008400,1116.639,1138.572,1096.058,1137.096
1752094800,1137.348,1207.74,1126.684,1194.579
1752181200,1195.576,1282.87,1182.424,1280.647
1752440400,1261.47,1313.701,1216.806,1229.753
1752526800,1229.758,1271.822,1207.928,1233.331
1752613200,1241.786,1284.368,1223.188,1284.138
1752699600,1283.397,1315.548,1245.924,1309.348
1752786000,1310.347,1365.847,1279.866,1280.115
1753045200,1281.815,1314.955,1271.638,1296.086
1753131600,1295.345,1327.26,1274.009,1319.566
1753218000,1320.815,1349.244,1301.731,1335.341
1753304400,1336.34,1338.62,1280.96,1284.456
1753390800,1282.72,1289.946,1244.489,1253.962
1753650000,1254.912,1295.526,1254.912,1286.854
1753736400,1287.606,1295.832,1259.308,1286.958
1753822800,1288.952,1311.16,1186.27,1234.552
1753909200,1232.814,1258.218,1192.072,1213.246
1753995600,1212.754,1238.698,1175.973,1222.054
1754254800,1222.75,1226.302,1179.991,1216.619
1754341200,1215.378,1231.567,1180.088,1185.595
1754427600,1185.599,1188.874,1138.116,1152.573
1754514000,1156.81,1180.526,1150.375,1173.831
1754600400,1170.847,1177.321,1130.836,1132.585
1754859600,1134.264,1162.229,1119.082,1152.284
1754946000,1152.288,1172.01,1128.436,1133.194
1755032400,1131.204,1145.453,1122.542,1141.506
1755118800,1142.256,1156.526,1133.326,1152.558
1755205200,1150.569,1155.582,1112.524,1112.782
1755464400,1114.21,1132.219,1102,1124.263
1755550800,1124.018,1142.516,1106.895,1112.638
1755637200,1113.14,1131.644,1089.973,1120.702
1755723600,1121.454,1122.218,1098.08,1113.314
1755810000,1112.569,1150.776,1108.862,1135.34
1756069200,1135.525,1140.514,1091.708,1094.216
1756155600,1093.971,1100.776,1078.549,1100.286
1756242000,1100.046,1103.76,1072.085,1089.594
1756328400,1089.354,1114.308,1085.665,1110.656
1756414800,1110.662,1114.238,1089.58,1110.794
1756674000,1111.574,1156.248,1111.328,1151.59
1756760400,1150.134,1153.358,1109.83,1139.68
1756846800,1140.672,1177.228,1134.55,1163.226
1756933200,1163.972,1163.972,1121.448,1125.678
1757019600,1124.699,1139.083,1094.968,1110.789
1757278800,1109.596,1148.888,1101.958,1141.281
1757365200,1141.534,1155.222,1124.884,1153.259
1757451600,1153.758,1212.537,1146.612,1196.305
1757538000,1195.325,1222.075,1186.973,1213.717
1757624400,1213.477,1260.192,1209.184,1210.91
1757883600,1206.782,1229.048,1185.174,1210.874
1757970000,1213.102,1229.232,1178.424,1191.041
1758056400,1189.32,1198.704,1145.772,1163.058
1758142800,1163.558,1175.264,1139.948,1166.906
1758229200,1168.64,1179.545,1146.524,1159.156
1758488400,1158.219,1207.207,1153.802,1199.843
1758574800,1201.578,1251.067,1192.969,1227.901
1758661200,1229.883,1259.572,1213.965,1217.682
1758747600,1217.194,1272.159,1210.081,1263.288
1758834000,1264.777,1305.92,1249.045,1288.4
1759093200,1287.002,1323.138,1263.378,1287.65
1759179600,1290.377,1305.512,1232.612,1277.432
1759266000,1275.956,1290.32,1249.07,1270.67
1759352400,1270.43,1300.894,1214.174,1256.49
1759438800,1255.756,1285.54,1243.184,1267.528
1759698000,1269.338,1342.926,1262.184,1336.282
1759784400,1337.031,1393.558,1327.201,1368.859
1759870800,1368.124,1495.706,1364.683,1467.508
1759957200,1468.011,1531.725,1427.822,1446.164
1760043600,1450.132,1507.428,1394.25,1437.436
1760302800,1445.233,1536.728,1444.986,1518.94
1760389200,1520.929,1587.44,1475.19,1565.932
1760475600,1568.911,1611.62,1554.459,1585.197
1760562000,1585.702,1678.732,1554.56,1661.93
1760648400,1667.388,1676.556,1496.903,1502.366
1760907600,1506.47,1539.848,1448.753,1528.457
1760994000,1526.483,1536.184,1397.252,1418.612
1761080400,1419.114,1527.84,1380.715,1495.628
1761166800,1500.842,1519.192,1457.994,1473.01
1761253200,1475.498,1491.003,1411.615,1446.667
1761512400,1449.519,1476.116,1401.287,1420.179
1761598800,1421.675,1427.404,1345.858,1413.165
1761685200,1415.156,1441.824,1391.378,1408.63
1761771600,1406.404,1471.319,1400.232,1467.114
1761858000,1465.136,1498.418,1442.2,1447.446
1762120800,1444.352,1475.75,1422.772,1456.192
1762207200,1456.698,1457.939,1398.966,1404.736
1762293600,1405.736,1445.094,1380.176,1431.481
1762380000,1433.476,1452.668,1366.559,1380.256
1762466400,1384.237,1411.188,1372.07,1398.561
1762725600,1401.157,1444.033,1401.157,1429.153
1762812000,1431.149,1474.549,1430.155,1465.613
1762898400,1465.124,1504.046,1442.868,1495.124
1762984800,1498.612,1532.987,1435.9,1438.392
1763071200,1438.898,1460.556,1376.622,1407.252
1763330400,1405.376,1423.098,1380.414,1403.058
1763416800,1402.818,1419.372,1372.036,1403.982
1763503200,1400.01,1442.888,1384.994,1390.229
1763589600,1389.739,1439.86,1373.716,1381.2
1763676000,1382.7,1396.244,1337.485,1379.134
1763935200,1383.47,1408.404,1372.104,1398.656
1764021600,1401.108,1413.35,1376.608,1397.218
1764108000,1392.592,1433.85,1387.486,1429.722
1764194400,1429.491,1446.202,1418.91,1440.474
1764280800,1440.027,1478.585,1432.742,1465.673
1764540000,1473.614,1530.835,1423.51,1427.936
1764626400,1425.992,1482.474,1416.58,1481.997
1764712800,1480.298,1504.532,1446.258,1490.11
1764799200,1494.279,1495.502,1439.694,1452.98
1764885600,1449.569,1485.711,1444.45,1469.897
1765144800,1474.152,1508.844,1461.713,1485.196
1765231200,1480.312,1524.834,1465.468,1517.308
1765317600,1517.322,1520.997,1454.396,1475.978
1765404000,1478.929,1517.352,1472.495,1507.368
1765490400,1507.626,1564.15,1487.756,1515.255
1765749600,1516.836,1608.704,1496.999,1590.892
1765836000,1590.415,1642.114,1579.166,1630.668
1765922400,1629.212,1696.38,1610.356,1692.282
1766008800,1694.258,1757.81,1680.04,1744.6
1766095200,1745.596,1762.6,1709.751,1760.883
1766354400,1765.018,1866.17,1765.018,1826.458
1766440800,1825.982,1948.202,1800.984,1929.666
1766527200,1933.364,2022.108,1727.654,1787.837
1766700000,1828.03,2028.79,1794.879,2027.073
1766959200,2047.29,2092.258,1648.966,1667.48
1767045600,1667.74,1741.208,1601.876,1658.218
1767132000,1655.282,1663.396,1501.736,1634.938
1767304800,1638.958,1695.93,1626.171,1668.777
1767564000,1683.958,1765.874,1656.438,1744.564
1767650400,1753.438,1861.572,1692.188,1859.852
1767736800,1860.851,1887.934,1718.056,1790.049
1767823200,1793.264,1818.913,1711.959,1808.126
1767909600,1805.186,1908.07,1765.576,1845.666
1768168800,1858.719,1944.246,1841.226,1886.172
1768255200,1885.202,1924.668,1804.902,1861.891
1768341600,1870.286,1941.849,1846.473,1856.336
1768428000,1859.31,1862.761,1759.995,1842.642
1768514400,1844.384,1847.1,1734.122,1821.298
1768773600,1826.708,1870.672,1807.072,1858.844
1768860000,1860.131,1893.67,1811.824,1886.145
1768946400,1885.668,1919.018,1826.008,1851.705
1769032800,1854.682,1928.11,1799.416,1921.94
1769119200,1923.684,2038.033,1901.114,2020.849
1769378400,2037.71,2169.726,1956.294,1968.407
1769464800,1963.482,2056.334,1845.406,1929.494
1769551200,1921.848,2077.938,1898.868,2072.996
1769637600,2074.497,2148.682,1919.017,2009.114
1769724000,2012.594,2043.03,1564.336,1682.584
1769983200,1673.852,1755.951,1512.398,1695.936
1770069600,1718.222,1822.378,1688.332,1730.915
1770156000,1734.394,1833.362,1698.761,1753.282
1770242400,1761.222,1780.549,1610.517,1628.099
1770328800,1623.656,1730.876,1535.284,1697.504
1770588000,1718.988,1757.149,1661.454,1733.678
1770674400,1739.144,1752.001,1696.717,1704.276
1770760800,1706.026,1772.166,1700.096,1715.018
1770847200,1719.246,1732.865,1621.132,1625.604
1770933600,1628.594,1728.544,1612.239,1707.006
1771192800,1708.925,1768.968,1686.434,1755.108
1771279200,1756.398,1760.12,1637.254,1696.422
1771365600,1696.933,1767.618,1686.771,1721.573
1771452000,1721.587,1748.28,1662.957,1694.102
1771538400,1697.344,1778.346,1669.851,1772.152
1771797600,1771.614,1805.657,1743.04,1760.018
1771884000,1760.529,1811.75,1721.554,1796.888
1771970400,1794.668,1891.306,1790.217,1801.712
1772056800,1798.993,1832.578,1717.698,1767.855
1772143200,1765.443,1822.442,1753.806,1778.482
1772402400,1783.714,1829.348,1724.148,1752.736
1772488800,1748.131,1789.524,1571.282,1628.81
1772575200,1625.42,1685.494,1620.814,1655.234
1772661600,1645.76,1683.278,1590.354,1606.206
1772748000,1604.762,1639.668,1590.15,1614.62
1773003600,1627.807,1673.006,1533.818,1668.62
1773090000,1666.932,1680.524,1628.782,1636.842
1773176400,1637.834,1659.336,1587.873,1607.242
1773262800,1606.04,1648.44,1583.636,1595.917
1773349200,1592.764,1627.212,1520.678,1523.856
1773608400,1523.858,1588.378,1477.917,1583.022
1773694800,1582.061,1609.898,1559.408,1579.976
1773781200,1578.528,1596.154,1455.564,1460.21
1773867600,1463.156,1483.956,1379.848,1433.932
1773954000,1436.878,1468.292,1372.131,1382.967
1774213200,1372.634,1442.279,1285.484,1406.436
1774299600,1385.426,1414.049,1355.077,1412.146
1774386000,1413.873,1457.202,1387.042,1387.776
1774472400,1394.394,1408.133,1314.678,1333.792
1774558800,1343.592,1390.422,1336.193,1355.64
1774818000,1349.927,1418.918,1332.571,1384.758
1774904400,1389.916,1466.875,1374.52,1457.829
1774990800,1461.028,1488.713,1434.057,1452.537
1775077200,1452.797,1488.818,1397.786,1483.265
1775422800,1459.07,1499.206,1448.265,1462.588
1775509200,1463.094,1482.626,1403.726,1447.966
1775595600,1461.966,1604.483,1447.744,1546.71
1775682000,1543.044,1562.652,1512.422,1535.292
1775768400,1532.118,1546.899,1498.965,1510.612
1776027600,1482.355,1566.466,1478.672,1564.747
1776114000,1566.974,1593.896,1541.406,1573.224
1776200400,1571.766,1595.177,1548.032,1548.278
1776286800,1547.802,1579.146,1532.814,1537.58
1776373200,1536.366,1589.216,1522.06,1548.27
1776632400,1523.428,1550.84,1515.704,1549.856
1776718800,1552.825,1560.93,1503.934,1527.822
1776805200,1526.607,1562.964,1523.655,1535.568
1776891600,1535.338,1542.522,1441.812,1451.708
1776978000,1451.477,1491.634,1432.639,1484.071
1777237200,1475.668,1489.318,1453.252,1458.498
1777323600,1460.486,1468.404,1415.569,1449.966
1777410000,1448.008,1460.847,1419.372,1445.869
1777496400,1447.611,1528.538,1445.148,1522.43
1777582800,1522.692,1547.331,1498.928,1517.854
1777842000,1524.508,1536.605,1453.594,1477.446
1777928400,1474.252,1515.451,1472.056,1484.463
1778014800,1488.182,1554.811,1479.792,1533.227
1778101200,1535.713,1558.839,1476.731,1477.256
1778187600,1475.047,1502.838,1463.666,1485.758
1778446800,1477.078,1519.622,1456.557,1509.808
1778533200,1507.598,1523.438,1447.748,1494.084
1778619600,1490.142,1530.988,1481.31,1502.849
1778706000,1503.112,1517.754,1439.508,1447.767
1778792400,1445.554,1446.793,1399.63,1414.938
1779051600,1414.628,1430.67,1383.468,1413.708
1779138000,1397.126,1421.186,1339.641,1352.098
1779224400,1348.89,1378.858,1339.928,1365.798
1779310800,1365.318,1393.842,1334.526,1387.191
1779397200,1385.222,1396.388,1337.348,1346.606
1779656400,1361.642,1398.372,1361.642,1396.403
1779742800,1393.724,1399.144,1365.594,1382.124
1779829200,1379.905,1389.62,1352.487,1381.544
1779915600,1384.24,1386.682,1321.199,1357.892
1780002000,1360.1,1378.112,1326.112,1337.648
1780261200,1342.087,1364.288,1328.34,1351.376
1780347600,1346.745,1387.164,1344.344,1360.19
1780434000,1363.377,1365.332,1285.429,1287.629
1780520400,1293.016,1313.698,1286.676,1298.634
1780606800,1297.912,1310.528,1209.406,1212.832
1780866000,1213.07,1228.996,1174.581,1194.949
1780952400,1195.693,1241.828,1186.913,1212.308
1781038800,1213.296,1245.51,1175.892,1198.839
1781125200,1200.318,1267.1,1189.073,1255.612
1781211600,1259.05,1298.576,1242.329,1269.32
1781470800,1295.539,1351.566,1292.356,1321.01
1781557200,1322.246,1355.49,1304.653,1337.437
1781643600,1336.223,1345.991,1285.489,1299.96
1781730000,1294.825,1320.098,1255.758,1266.144
1781816400,1267.136,1267.136,1220.484,1240.12
1782075600,1232.316,1271.89,1232.316,1247.507
1782162000,1253.16,1253.926,1203.208,1214.63
1782248400,1214.394,1224.78,1134.6,1155.485
1782334800,1160.647,1185.331,1138.156,1166.754
1782421200,1158.419,1202.998,1143.494,1192.019
1782680400,1190.528,1217.647,1180.734,1204.995
1782766800,1205.987,1228.718,1182.192,1192.209
1782853200,1198.606,1215.466,1158.158,1196.618
1782939600,1198.348,1261.168,1195.664,1246.986
1783026000,1249.208,1272.834,1247.254,1254.07
1783285200,1257.068,1272.417,1239.266,1251.89
1783371600,1250.671,1270.743,1230.346,1247.706
1783458000,1247.224,1257.153,1186.589,1200.954
1783544400,1199.734,1242.478,1198.503,1232.441
1783630800,1232.451,1269.293,1231.492,1260.986
1783890000,1254.101,1255.93,1227.096,1233.4
1783976400,1233.41,1306.739,1225.068,1286.354
1784062800,1285.872,1307.775,1267.096,1302.866
1784149200,1301.645,1305.095,1235.35,1236.09
1784235600,1241.522,1246.728,1207.667,1232.634
1784494800,1231.89,1262.851,1216.435,1238.778
1784581200,1242.242,1278.594,1237.35,1263.932
1784667600,1265.176,1311.099,1264.438,1279.474
1784754000,1276.525,1291.396,1236.462,1240.982
1784840400,1242.226,1249.072,1217.376,1229.622
1785099600,1248.383,1287.587,1245.173,1275.039
1785186000,1275.05,1277.273,1234.175,1250.093
1785272400,1253.808,1274.28,1226.557,1244.9
1785358800,1252.816,1306.908,1228.687,1305.434
1785445200,1298.28,1306.954,1248.034,1264.91
1785704400,1280.741,1289.921,1228.476,1252.292
1785790800,1249.336,1350.192,1247.882,1335.644
1785877200,1338.375,1382.998,1320.846,1357.155