time,open,high,low,close
1262296800,7.41004,7.41004,7.39804,7.41004
1262556000,7.41714,7.45961,7.28079,7.28529
1262642400,7.28529,7.34337,7.24976,7.31752
1262728800,7.31752,7.37989,7.29066,7.32738
1262815200,7.32738,7.46171,7.28633,7.42469
1262901600,7.42469,7.45748,7.31467,7.35315
1263160800,7.33113,7.38288,7.27892,7.37622
1263247200,7.37622,7.5169,7.36943,7.44135
1263333600,7.44135,7.45379,7.35954,7.3947
1263420000,7.3947,7.4631,7.35755,7.38874
1263506400,7.38874,7.43985,7.36922,7.39541
1263765600,7.41134,7.43449,7.37533,7.39113
1263852000,7.39113,7.44714,7.37219,7.40309
1263938400,7.40309,7.57606,7.39504,7.53109
1264024800,7.53109,7.60845,7.48147,7.60231
1264111200,7.60231,7.66766,7.53375,7.63652
1264370400,7.6175,7.63957,7.55364,7.57078
1264456800,7.57078,7.6699,7.54433,7.58043
1264543200,7.58043,7.65429,7.5458,7.59545
1264629600,7.59545,7.64294,7.53756,7.59643
1264716000,7.59643,7.64476,7.53305,7.62583
1264975200,7.59881,7.61783,7.48369,7.49361
1265061600,7.49361,7.52217,7.4455,7.47477
1265148000,7.47477,7.52481,7.42077,7.5102
1265234400,7.5102,7.69987,7.49669,7.69171
1265320800,7.69171,7.85993,7.65123,7.77435
1265580000,7.805,7.805,7.70562,7.74482
1265666400,7.74482,7.75414,7.64307,7.67887
1265752800,7.67887,7.76428,7.65291,7.74469
1265839200,7.74469,7.7472,7.61357,7.63565
1265925600,7.63565,7.74568,7.62485,7.6933
1266184800,7.69468,7.74387,7.69151,7.73034
1266271200,7.73034,7.74347,7.65238,7.6551
1266357600,7.6551,7.68499,7.5677,7.61774
1266444000,7.61774,7.67416,7.56534,7.63564
1266530400,7.63564,7.74289,7.61815,7.65807
1266789600,7.67784,7.74911,7.62518,7.71963
1266876000,7.71963,7.81921,7.65348,7.79958
1266962400,7.79958,7.80834,7.72823,7.73345
1267048800,7.73345,7.89408,7.7301,7.75918
1267135200,7.75918,7.7915,7.63814,7.7235
1267394400,7.70701,7.71682,7.60204,7.64199
1267480800,7.64199,7.66529,7.56141,7.60103
1267567200,7.60103,7.60517,7.48273,7.49941
1267653600,7.49941,7.5359,7.44273,7.47343
1267740000,7.47343,7.5066,7.38631,7.40751
1267999200,7.4225,7.45616,7.3626,7.38537
1268085600,7.38537,7.46546,7.37295,7.38627
1268172000,7.38627,7.44361,7.37535,7.41515
1268258400,7.41515,7.47239,7.40814,7.41256
1268344800,7.41256,7.44158,7.37283,7.39491
1268600400,7.39895,7.43619,7.38294,7.39604
1268686800,7.39604,7.42618,7.35204,7.35776
1268773200,7.35776,7.3717,7.27237,7.29773
1268859600,7.29773,7.3408,7.27671,7.3097
1268946000,7.3097,7.37266,7.2936,7.33432
1269205200,7.33489,7.40585,7.31385,7.32002
1269291600,7.32002,7.36393,7.3136,7.32522
1269378000,7.32522,7.39845,7.3199,7.39449
1269464400,7.39449,7.49808,7.36512,7.48172
1269550800,7.48172,7.49078,7.42051,7.43055
1269810000,7.4075,7.42899,7.3737,7.40595
1269896400,7.40595,7.41681,7.35686,7.3722
1269982800,7.3722,7.39076,7.26149,7.285
1270069200,7.285,7.3061,7.22649,7.22898
1270155600,7.22898,7.28399,7.22875,7.24603
1270414800,7.25953,7.27374,7.22494,7.22948
1270501200,7.22948,7.28893,7.20256,7.24349
1270587600,7.24349,7.28884,7.196,7.27763
1270674000,7.27763,7.35911,7.26367,7.27373
1270760400,7.27373,7.29445,7.203,7.25442
1271019600,7.23258,7.29245,7.205,7.27666
1271106000,7.27666,7.31894,7.26059,7.29736
1271192400,7.29736,7.36261,7.25778,7.3027
1271278800,7.3027,7.40451,7.30217,7.30792
1271365200,7.30792,7.42346,7.30426,7.38971
1271624400,7.40175,7.4905,7.39946,7.4427
1271710800,7.4427,7.46572,7.37305,7.38402
1271797200,7.38402,7.43881,7.34788,7.40301
1271883600,7.40301,7.51861,7.39425,7.46553
1271970000,7.46553,7.51745,7.40414,7.42206
1272229200,7.42471,7.43323,7.31819,7.34367
1272315600,7.34367,7.49208,7.33209,7.48437
1272402000,7.48437,7.52945,7.42202,7.42208
1272488400,7.42208,7.46051,7.3397,7.37345
1272574800,7.37345,7.39444,7.3128,7.38809
1272834000,7.37395,7.44521,7.36047,7.4176
1272920400,7.4176,7.59123,7.4094,7.57155
1273006800,7.57155,7.6888,7.55074,7.62963
1273093200,7.62963,7.95277,7.55621,7.77826
1273179600,7.77826,7.8515,7.61421,7.67489
1273438800,7.62624,7.63934,7.42629,7.48279
1273525200,7.48279,7.59567,7.47396,7.51675
1273611600,7.51675,7.57767,7.45298,7.46324
1273698000,7.46324,7.51976,7.43252,7.49387
1273784400,7.49387,7.59707,7.45786,7.54761
1274043600,7.56378,7.65431,7.52922,7.557
1274130000,7.557,7.7233,7.49978,7.68698
1274216400,7.68698,7.88802,7.64181,7.78441
1274302800,7.78441,8.08418,7.76142,7.95636
1274389200,7.95636,8.02469,7.82872,7.8555
1274648400,7.86652,7.91198,7.79656,7.83999
1274734800,7.83999,8.01871,7.82605,7.83222
1274821200,7.83222,7.88966,7.64281,7.76802
1274907600,7.76802,7.79422,7.539,7.56611
1274994000,7.56611,7.6461,7.52401,7.63255
1275253200,7.60248,7.7051,7.57546,7.67796
1275339600,7.67796,7.78134,7.65814,7.73632
1275426000,7.73632,7.74104,7.65424,7.66055
1275512400,7.66055,7.73306,7.59718,7.68727
1275598800,7.68727,7.81412,7.62958,7.79293
1275858000,7.78971,7.8555,7.7477,7.81845
1275944400,7.81845,7.83383,7.73253,7.75097
1276030800,7.75097,7.82552,7.70221,7.80249
1276117200,7.80249,7.8107,7.66358,7.70708
1276203600,7.70708,7.77646,7.67765,7.68402
1276462800,7.68145,7.70509,7.60791,7.69536
1276549200,7.69536,7.7104,7.57207,7.5952
1276635600,7.5952,7.6569,7.55698,7.60464
1276722000,7.60464,7.65371,7.54457,7.57917
1276808400,7.57917,7.59374,7.50031,7.50525
1277067600,7.48151,7.53036,7.41235,7.5104
1277154000,7.5104,7.58557,7.48435,7.57619
1277240400,7.57619,7.60596,7.51226,7.53042
1277326800,7.53042,7.67508,7.50863,7.61158
1277413200,7.61158,7.69099,7.58085,7.624
1277672400,7.63053,7.63056,7.52848,7.57277
1277758800,7.57277,7.68462,7.57047,7.67875
1277845200,7.67875,7.68508,7.60932,7.67089
1277931600,7.67089,7.78386,7.66507,7.74002
1278018000,7.74002,7.76589,7.66239,7.73644
1278277200,7.75488,7.75732,7.69302,7.75264
1278363600,7.75264,7.76436,7.60206,7.6466
1278450000,7.6466,7.68813,7.6062,7.61441
1278536400,7.61441,7.63345,7.53551,7.57208
1278622800,7.57208,7.59976,7.54539,7.59896
1278882000,7.57501,7.64203,7.54985,7.61533
1278968400,7.61533,7.64677,7.52586,7.52774
1279054800,7.52774,7.58696,7.50789,7.5216
1279141200,7.5216,7.5984,7.5191,7.55007
1279227600,7.55007,7.60861,7.52949,7.59665
1279486800,7.61299,7.67572,7.57121,7.65134
1279573200,7.65134,7.6534,7.5495,7.56
1279659600,7.56,7.59151,7.50776,7.54236
1279746000,7.54236,7.57413,7.43343,7.43594
1279832400,7.43594,7.47651,7.4013,7.43106
1280091600,7.4325,7.45443,7.32077,7.34127
1280178000,7.34127,7.35787,7.29333,7.32743
1280264400,7.32743,7.38376,7.32232,7.35545
1280350800,7.35545,7.37118,7.28432,7.32902
1280437200,7.32902,7.37701,7.28653,7.2971
1280696400,7.31931,7.3195,7.24907,7.30363
1280782800,7.30363,7.33953,7.26445,7.27442
1280869200,7.27442,7.32697,7.2507,7.26492
1280955600,7.26492,7.29635,7.20346,7.24708
1281042000,7.24708,7.28164,7.19913,7.225
1281301200,7.23202,7.24724,7.1744,7.18772
1281387600,7.18772,7.27405,7.18591,7.21371
1281474000,7.21371,7.32185,7.20295,7.30774
1281560400,7.30774,7.34173,7.27724,7.30392
1281646800,7.30392,7.33043,7.22857,7.307
1281906000,7.32045,7.34688,7.24489,7.27133
1281992400,7.27133,7.29195,7.23089,7.2693
1282078800,7.2693,7.29737,7.23794,7.27395
1282165200,7.27395,7.30918,7.22861,7.28903
1282251600,7.28903,7.3732,7.28002,7.32046
1282510800,7.32541,7.37063,7.28139,7.36968
1282597200,7.36968,7.41911,7.34491,7.37524
1282683600,7.37524,7.40544,7.32274,7.32698
1282770000,7.32698,7.3423,7.27537,7.32002
1282856400,7.32002,7.40189,7.28322,7.31015
1283115600,7.30976,7.34912,7.28821,7.34889
1283202000,7.34889,7.43707,7.33351,7.37366
1283288400,7.37366,7.39086,7.27807,7.30351
1283374800,7.30351,7.3199,7.22491,7.23721
1283461200,7.23721,7.25027,7.15363,7.18641
1283720400,7.1788,7.23713,7.16182,7.23372
1283806800,7.23372,7.29105,7.23132,7.27196
1283893200,7.27196,7.29602,7.21782,7.23633
1283979600,7.23633,7.24999,7.16417,7.22646
1284066000,7.22646,7.24304,7.17015,7.19125
1284325200,7.18001,7.19252,7.12045,7.12829
1284411600,7.12829,7.16187,7.05819,7.0871
1284498000,7.0871,7.11926,7.0543,7.10118
1284584400,7.10118,7.17305,7.08311,7.15148
1284670800,7.15148,7.16278,7.10467,7.14631
1284930000,7.12487,7.14327,7.10052,7.13611
1285016400,7.13611,7.14112,7.04561,7.05355
1285102800,7.05355,7.06487,6.98118,7.04174
1285189200,7.04174,7.10272,7.01238,7.06273
1285275600,7.06273,7.08833,7.00038,7.01969
1285534800,7.02037,7.0284,6.97844,7.01654
1285621200,7.01654,7.05128,6.94304,6.94408
1285707600,6.94408,6.99008,6.94166,6.9717
1285794000,6.9717,7.00471,6.95219,6.96296
1285880400,6.96296,6.98216,6.92097,6.931
1286139600,6.9365,7.03223,6.93261,6.99211
1286226000,6.99211,7.02934,6.88599,6.88905
1286312400,6.88905,6.91629,6.83867,6.85721
1286398800,6.85721,6.93205,6.83878,6.88287
1286485200,6.88287,6.93695,6.83218,6.84
1286744400,6.83938,6.89639,6.8332,6.86856
1286830800,6.86856,6.93913,6.84259,6.85383
1286917200,6.85383,6.86567,6.79551,6.81628
1287003600,6.81628,6.82649,6.7663,6.77888
1287090000,6.77888,6.86877,6.77043,6.83967
1287349200,6.81095,6.90782,6.81058,6.87854
1287435600,6.87854,6.98942,6.852,6.96924
1287522000,6.96924,6.97572,6.90562,6.94521
1287608400,6.94521,6.99077,6.87369,6.98575
1287694800,6.98575,6.9974,6.9275,6.93563
1287954000,6.93953,6.9525,6.87794,6.92622
1288040400,6.92622,6.96068,6.88986,6.95606
1288126800,6.95606,7.08518,6.93862,7.07168
1288213200,7.07168,7.07763,6.96782,7.00828
1288299600,7.00828,7.03996,6.93573,6.99536
1288558800,6.99021,7.0303,6.94347,6.98017
1288645200,6.98017,6.98681,6.88135,6.89732
1288731600,6.89732,6.92705,6.86008,6.867
1288818000,6.867,6.87558,6.76838,6.80561
1288904400,6.80561,6.85056,6.76628,6.77559
1289167200,6.78812,6.88742,6.78588,6.82575
1289253600,6.82575,6.88589,6.79227,6.88589
1289340000,6.88589,6.93953,6.83949,6.88596
1289426400,6.88596,6.94883,6.86234,6.93753
1289512800,6.93753,7.0187,6.89435,6.96821
1289772000,6.94488,7.01514,6.93827,6.99124
1289858400,6.99124,7.08078,6.95597,7.0412
1289944800,7.0412,7.08169,7.00783,7.02001
1290031200,7.02001,7.02081,6.95552,6.97511
1290117600,6.97511,7.03704,6.94044,7.00188
1290376800,6.99212,7.03152,6.95036,7.00273
1290463200,7.00273,7.1183,6.9995,7.11604
1290549600,7.11604,7.12785,7.04787,7.07032
1290636000,7.07032,7.08728,7.02557,7.0412
1290722400,7.0412,7.1725,7.03774,7.15181
1290981600,7.11836,7.1792,7.10395,7.11086
1291068000,7.11086,7.16287,7.08068,7.10606
1291154400,7.10606,7.11442,7.00009,7.02686
1291240800,7.02686,7.03283,6.86809,6.89787
1291327200,6.89787,6.93515,6.84872,6.8573
1291586400,6.86923,6.945,6.84547,6.88127
1291672800,6.88127,6.92286,6.86152,6.92273
1291759200,6.92273,6.98949,6.91189,6.92002
1291845600,6.92002,6.94486,6.86253,6.87472
1291932000,6.87472,6.91186,6.83911,6.86626
1292191200,6.85497,6.87615,6.8218,6.83937
1292277600,6.83937,6.84477,6.79705,6.83837
1292364000,6.83837,6.86567,6.78314,6.86417
1292450400,6.86417,6.87103,6.82267,6.83862
1292536800,6.83862,6.88893,6.79477,6.87903
1292796000,6.85396,6.89097,6.81323,6.83909
1292882400,6.83909,6.84635,6.79663,6.82616
1292968800,6.82616,6.83688,6.78011,6.79622
1293055200,6.79622,6.79865,6.73969,6.75449
1293141600,6.75449,6.77125,6.72886,6.73698
1293400800,6.73758,6.75307,6.70672,6.73841
1293487200,6.73841,6.73852,6.6443,6.67716
1293573600,6.67716,6.70005,6.63388,6.64513
1293660000,6.64513,6.67721,6.58333,6.6375
1293746400,6.6375,6.65306,6.56901,6.63
1294005600,6.5864,6.63776,6.58299,6.62749
1294092000,6.62749,6.71695,6.61695,6.66868
1294178400,6.66868,6.75241,6.66589,6.69591
1294264800,6.69591,6.81699,6.6937,6.79344
1294351200,6.79344,6.85376,6.76802,6.805
1294610400,6.80463,6.88358,6.79817,6.81937
1294696800,6.81937,6.8963,6.81468,6.88107
1294783200,6.88107,6.8865,6.8114,6.83028
1294869600,6.83028,6.85327,6.80259,6.84377
1294956000,6.84377,6.97283,6.80824,6.92985
1295215200,6.93911,6.96608,6.88196,6.89536
1295301600,6.89536,6.92631,6.8468,6.90701
1295388000,6.90701,6.9977,6.85957,6.99398
1295474400,6.99398,7.11296,6.9629,7.08107
1295560800,7.08107,7.1413,7.04883,7.05597
1295820000,7.06719,7.07865,6.9996,7.00129
1295906400,7.00129,7.09773,6.98617,7.05873
1295992800,7.05873,7.10794,7.04742,7.06943
1296079200,7.06943,7.10189,7.01857,7.0619
1296165600,7.0619,7.19689,7.04615,7.17781
1296424800,7.17935,7.20114,7.15802,7.18626
1296511200,7.18626,7.18637,7.11499,7.12135
1296597600,7.12135,7.1758,7.09862,7.16529
1296684000,7.16529,7.30054,7.14912,7.26481
1296770400,7.26481,7.31877,7.23228,7.25462
1297029600,7.25963,7.29181,7.222,7.23634
1297116000,7.23634,7.2609,7.15937,7.19384
1297202400,7.19384,7.24743,7.1744,7.21338
1297288800,7.21338,7.2981,7.2029,7.27502
1297375200,7.27502,7.34915,7.25509,7.28244
1297634400,7.28937,7.33254,7.23463,7.28757
1297720800,7.28757,7.34549,7.26278,7.33708
1297807200,7.33708,7.34547,7.23026,7.25672
1297893600,7.25672,7.26318,7.16475,7.16498
1297980000,7.16498,7.21593,7.11349,7.1425
1298239200,7.1261,7.16733,7.11862,7.14799
1298325600,7.14799,7.24416,7.11789,7.16413
1298412000,7.16413,7.16745,7.05925,7.11178
1298498400,7.11178,7.14649,7.04626,7.04746
1298584800,7.04746,7.07044,6.96485,7.02444
1298844000,7.00422,7.02983,6.93472,6.9689
1298930400,6.9689,7.00251,6.92783,6.99894
1299016800,6.99894,7.0063,6.85654,6.8775
1299103200,6.8775,6.93236,6.85554,6.91734
1299189600,6.91734,6.92875,6.8765,6.8765
1299448800,6.885,6.90044,6.84417,6.87597
1299535200,6.87597,6.93265,6.85689,6.87808
1299621600,6.87808,6.9165,6.86029,6.86165
1299708000,6.86165,6.93293,6.85973,6.92351
1299794400,6.92351,6.95789,6.86779,6.8795
1300050000,6.86782,6.93436,6.81818,6.81818
1300136400,6.81818,7.03121,6.81698,6.96457
1300222800,6.96457,7.10646,6.95259,7.09121
1300309200,7.09121,7.20977,7.03829,7.11113
1300395600,7.11113,7.12465,6.98081,6.99237
1300654800,7.00045,7.00662,6.93175,6.954
1300741200,6.954,6.95413,6.8803,6.89802
1300827600,6.89802,6.953,6.89029,6.94168
1300914000,6.94168,6.96152,6.85069,6.87082
1301000400,6.87082,6.90879,6.83447,6.84866
1301259600,6.86065,6.89732,6.84632,6.86726
1301346000,6.86726,6.88369,6.8506,6.85485
1301432400,6.85485,6.86678,6.80103,6.82317
1301518800,6.82317,6.82823,6.75748,6.77372
1301605200,6.77372,6.78194,6.69427,6.69862
1301864400,6.70553,6.74002,6.68953,6.71988
1301950800,6.71988,6.75089,6.71079,6.72557
1302037200,6.72557,6.72838,6.67474,6.6869
1302123600,6.6869,6.72204,6.65145,6.66519
1302210000,6.66519,6.66992,6.62941,6.63713
1302469200,6.64125,6.68849,6.63431,6.6872
1302555600,6.6872,6.74782,6.67003,6.74293
1302642000,6.74293,6.82511,6.72331,6.81153
1302728400,6.81153,6.87796,6.77383,6.83215
1302814800,6.83215,6.89485,6.79254,6.79852
1303074000,6.80021,6.90297,6.79507,6.83967
1303160400,6.83967,6.8699,6.80701,6.82212
1303246800,6.82212,6.82449,6.76359,6.77427
1303333200,6.77427,6.79973,6.70405,6.71781
1303419600,6.71781,6.72036,6.70541,6.70913
1303678800,6.7081,6.73783,6.69,6.73486
1303765200,6.73486,6.75741,6.6728,6.67563
1303851600,6.67563,6.67818,6.5876,6.59464
1303938000,6.59464,6.64145,6.583,6.5973
1304024400,6.5973,6.63208,6.55314,6.5681
1304283600,6.55727,6.60929,6.54496,6.60884
1304370000,6.60884,6.6659,6.60003,6.63863
1304456400,6.63863,6.68501,6.60962,6.68424
1304542800,6.68424,6.7664,6.64438,6.72482
1304629200,6.72482,6.76969,6.63959,6.705
1304888400,6.70895,6.76832,6.65951,6.72043
1304974800,6.72043,6.81118,6.71631,6.74262
1305061200,6.74262,6.90239,6.73615,6.88341
1305147600,6.88341,6.96692,6.86706,6.89799
1305234000,6.89799,7.05667,6.88306,7.01584
1305493200,7.02271,7.05846,6.96231,7.0012
1305579600,7.0012,7.03928,6.95307,6.95307
1305666000,6.95307,6.96786,6.9029,6.91069
1305752400,6.91069,6.9478,6.86463,6.8697
1305838800,6.8697,6.93984,6.85918,6.91555
1306098000,6.9149,7.04387,6.9074,7.02097
1306184400,7.02097,7.03455,6.97818,6.98001
1306270800,6.98001,7.0742,6.97796,7.02532
1306357200,7.02532,7.04248,6.95248,6.95837
1306443600,6.95837,6.96791,6.89404,6.92934
1306702800,6.92193,6.94742,6.89874,6.93214
1306789200,6.93214,6.93694,6.80203,6.80203
1306875600,6.80203,6.83654,6.77294,6.83566
1306962000,6.83566,6.84268,6.70908,6.71532
1307048400,6.71532,6.75728,6.68129,6.71355
1307307600,6.70012,6.79871,6.67564,6.79349
1307394000,6.79349,6.7942,6.69925,6.71044
1307480400,6.71044,6.77399,6.70817,6.72738
1307566800,6.72738,6.76689,6.68903,6.74391
1307653200,6.74391,6.80768,6.73329,6.80626
1307912400,6.79701,6.81836,6.76907,6.79011
1307998800,6.79011,6.79016,6.73682,6.76035
1308085200,6.76035,6.85092,6.75129,6.84014
1308171600,6.84014,6.90542,6.82589,6.84695
1308258000,6.84695,6.87763,6.7545,6.76185
1308517200,6.76759,6.82879,6.76267,6.79016
1308603600,6.79016,6.8025,6.70484,6.71646
1308690000,6.71646,6.79552,6.69924,6.78694
1308776400,6.78694,6.887,6.7732,6.83622
1308862800,6.83622,6.91867,6.81373,6.90076
1309122000,6.89433,6.94209,6.86696,6.86719
1309208400,6.86719,6.88825,6.83038,6.85447
1309294800,6.85447,6.86465,6.79294,6.79797
1309381200,6.79797,6.82636,6.74565,6.76896
1309467600,6.76896,6.78469,6.7206,6.72838
1309726800,6.73237,6.74222,6.70978,6.72371
1309813200,6.72371,6.77149,6.71983,6.74685
1309899600,6.74685,6.78196,6.72667,6.73901
1309986000,6.73901,6.74987,6.66476,6.67519
1310072400,6.67519,6.73246,6.66884,6.70769
1310331600,6.71028,6.86195,6.70476,6.84082
1310418000,6.84082,6.95078,6.83042,6.8786
1310504400,6.8786,6.91809,6.79331,6.79769
1310590800,6.79769,6.88229,6.78335,6.83737
1310677200,6.83737,6.91951,6.83724,6.8863
1310936400,6.90951,7.00386,6.88695,6.97536
1311022800,6.97536,6.99331,6.9154,6.92878
1311109200,6.92878,6.93899,6.85381,6.86705
1311195600,6.86705,6.89325,6.76871,6.77375
1311282000,6.77375,6.807,6.73347,6.77391
1311541200,6.77393,6.84736,6.75001,6.7666
1311627600,6.7666,6.7759,6.66515,6.68305
1311714000,6.68305,6.68507,6.62841,6.67187
1311800400,6.67187,6.7532,6.62492,6.7307
1311886800,6.7307,6.78327,6.65962,6.68644
1312146000,6.69077,6.74862,6.65002,6.72751
1312232400,6.72751,6.81027,6.71471,6.78386
1312318800,6.78386,6.84288,6.72082,6.72082
1312405200,6.72082,6.94585,6.7183,6.93728
1312491600,6.93728,6.96208,6.84578,6.92729
1312750800,6.91603,7.20517,6.90984,7.20317
1312837200,7.20317,7.51731,7.1076,7.1179
1312923600,7.1179,7.29279,7.07438,7.26428
1313010000,7.26428,7.34279,7.11081,7.19223
1313096400,7.19223,7.29001,7.14893,7.18056
1313355600,7.16998,7.21509,7.04953,7.06144
1313442000,7.06144,7.19772,7.03228,7.15358
1313528400,7.15358,7.17299,7.05768,7.09165
1313614800,7.09165,7.25911,7.08471,7.18978
1313701200,7.18978,7.26725,7.13574,7.17585
1313960400,7.1855,7.24079,7.17995,7.20246
1314046800,7.20246,7.24222,7.15199,7.1834
1314133200,7.1834,7.27757,7.17118,7.26571
1314219600,7.26571,7.27676,7.17615,7.23993
1314306000,7.23993,7.24154,7.12119,7.14965
1314565200,7.1553,7.16118,7.02307,7.05291
1314651600,7.05291,7.09701,7.02229,7.07111
1314738000,7.07111,7.08401,6.96732,6.99188
1314824400,6.99188,7.03767,6.96656,7.00601
1314910800,7.00601,7.08083,6.98653,7.06
1315170000,7.07032,7.13714,7.06092,7.1293
1315256400,7.1293,7.20409,7.05794,7.15938
1315342800,7.15938,7.1874,7.07109,7.1361
1315429200,7.1361,7.19136,7.12191,7.1782
1315515600,7.1782,7.30135,7.16375,7.28555
1315774800,7.29251,7.47688,7.28141,7.41175
1315861200,7.41175,7.45496,7.28488,7.30375
1315947600,7.30375,7.44796,7.2869,7.39207
1316034000,7.39207,7.48079,7.31481,7.39627
1316120400,7.39627,7.48387,7.35766,7.47155
1316379600,7.47498,7.74394,7.46784,7.65709
1316466000,7.65709,7.74944,7.61914,7.73694
1316552400,7.73694,8.25096,7.70153,8.25039
1316638800,8.25039,8.49041,8.12556,8.46998
1316725200,8.46998,8.47725,8.06758,8.11985
1316984400,8.06501,8.34512,7.95104,8.05508
1317070800,8.05508,8.06133,7.779,7.86768
1317157200,7.86768,7.94964,7.72633,7.92999
1317243600,7.92999,8.00552,7.82524,7.96239
1317330000,7.96239,8.16064,7.9482,8.09674
1317589200,8.13015,8.29233,8.06347,8.2908
1317675600,8.2908,8.35308,8.06609,8.0902
1317762000,8.0902,8.16299,7.96128,7.96812
1317848400,7.96812,8.08436,7.87615,7.93688
1317934800,7.93688,8.01012,7.86336,8.005
1318194000,7.96496,7.99916,7.80925,7.85019
1318280400,7.85019,8.00757,7.8353,7.9371
1318366800,7.9371,7.97577,7.76614,7.8365
1318453200,7.8365,7.9409,7.79302,7.87805
1318539600,7.87805,7.89961,7.81958,7.832
1318798800,7.82917,7.9982,7.77115,7.99563
1318885200,7.99563,8.09576,7.93634,7.96665
1318971600,7.96665,8.07844,7.93886,8.04213
1319058000,8.04213,8.27105,8.03607,8.18558
1319144400,8.18558,8.22942,8.00738,8.04
1319403600,8.0816,8.08295,7.85333,7.87973
1319490000,7.87973,7.9783,7.85221,7.92231
1319576400,7.92231,8.01813,7.90479,7.94006
1319662800,7.94006,7.97615,7.67934,7.72207
1319749200,7.72207,7.76997,7.68898,7.734
1320008400,7.70986,7.96738,7.70823,7.96049
1320094800,7.96049,8.20772,7.94725,8.10086
1320181200,8.10086,8.12217,7.94917,7.98752
1320267600,7.98752,8.09062,7.82343,7.87162
1320354000,7.87162,7.92159,7.7877,7.90424
1320616800,7.89675,8.00806,7.87755,7.93582
1320703200,7.93582,7.97978,7.81352,7.83018
1320789600,7.83018,8.07424,7.81932,8.05632
1320876000,8.05632,8.10275,7.91961,7.97782
1320962400,7.97782,7.99921,7.86274,7.89364
1321221600,7.89495,8.0432,7.86117,8.00553
1321308000,8.00553,8.21737,7.99789,8.17226
1321394400,8.17226,8.24321,8.12315,8.18984
1321480800,8.18984,8.26621,8.12384,8.21943
1321567200,8.21943,8.25044,8.13272,8.1975
1321826400,8.19992,8.34874,8.17161,8.33845
1321912800,8.33845,8.46252,8.26683,8.38878
1321999200,8.38878,8.60647,8.38033,8.59013
1322085600,8.59013,8.59597,8.44198,8.47695
1322172000,8.47695,8.60411,8.46742,8.5276
1322431200,8.47744,8.4775,8.30177,8.38924
1322517600,8.38924,8.41246,8.26529,8.34259
1322604000,8.34259,8.46301,8.08881,8.1094
1322690400,8.1094,8.17762,8.05725,8.08558
1322776800,8.08558,8.09267,7.97298,8.04396
1323036000,8.03508,8.06422,7.96443,8.05842
1323122400,8.05842,8.13284,8.01531,8.02867
1323208800,8.02867,8.11378,7.95625,8.00633
1323295200,8.00633,8.28131,8.00419,8.26796
1323381600,8.26796,8.32368,8.08774,8.09675
1323640800,8.0951,8.29373,8.05188,8.27299
1323727200,8.27299,8.37876,8.19244,8.36215
1323813600,8.36215,8.4548,8.28254,8.4271
1323900000,8.4271,8.45052,8.33084,8.41919
1323986400,8.41919,8.42205,8.31244,8.40005
1324245600,8.37785,8.41556,8.3371,8.39801
1324332000,8.39801,8.39804,8.18277,8.19417
1324418400,8.19417,8.28002,8.06903,8.23877
1324504800,8.23877,8.27556,8.11682,8.18846
1324591200,8.18846,8.19293,8.11364,8.16252
1324850400,8.16252,8.17444,8.145,8.15986
1324936800,8.15986,8.1796,8.11227,8.14102
1325023200,8.14102,8.22138,8.10201,8.21707
1325109600,8.21707,8.22102,8.12203,8.16721
1325196000,8.16721,8.18765,8.05663,8.08971
1325455200,8.0779,8.09411,8.06761,8.07518
1325541600,8.07518,8.0904,8.02009,8.06288
1325628000,8.06288,8.18776,8.04372,8.12379
1325714400,8.12379,8.23729,8.11409,8.17807
1325800800,8.17807,8.2144,8.11301,8.17764
1326060000,8.18007,8.20049,8.13843,8.15939
1326146400,8.15939,8.16668,8.06308,8.11282
1326232800,8.11282,8.1673,8.08634,8.09334
1326319200,8.09334,8.1036,8.00935,8.05104
1326405600,8.05104,8.22636,8.02449,8.13245
1326664800,8.16625,8.18238,8.06654,8.10928
1326751200,8.10928,8.10928,7.9941,8.0301
1326837600,8.0301,8.06135,7.94117,7.95774
1326924000,7.95774,8.00263,7.89897,7.93227
1327010400,7.93227,7.99117,7.9096,7.95439
1327269600,7.95606,7.98325,7.90391,7.93265
1327356000,7.93265,8.01417,7.93234,7.93649
1327442400,7.93649,8.06613,7.88281,7.88937
1327528800,7.88937,7.92627,7.77732,7.81558
1327615200,7.81558,7.84132,7.74095,7.7573
1327874400,7.75516,7.87654,7.75009,7.84042
1327960800,7.84042,7.84762,7.75507,7.81033
1328047200,7.81033,7.85256,7.65784,7.68769
1328133600,7.68769,7.72633,7.60685,7.64469
1328220000,7.64469,7.6671,7.52174,7.52184
1328479200,7.55513,7.65445,7.53937,7.55263
1328565600,7.55263,7.60205,7.52956,7.55988
1328652000,7.55988,7.60652,7.52053,7.55533
1328738400,7.55533,7.65449,7.53736,7.58466
1328824800,7.58466,7.78457,7.56966,7.75071
1329084000,7.70308,7.71344,7.6436,7.68071
1329170400,7.68071,7.76771,7.67616,7.72525
1329256800,7.72525,7.76309,7.67169,7.76243
1329343200,7.76243,7.88075,7.75176,7.76988
1329429600,7.76988,7.7866,7.71415,7.74089
1329688800,7.68013,7.7033,7.64328,7.67473
1329775200,7.67473,7.75877,7.64606,7.73906
1329861600,7.73906,7.75695,7.70135,7.73694
1329948000,7.73694,7.74479,7.65208,7.65949
1330034400,7.65949,7.67012,7.5806,7.59845
1330293600,7.58795,7.64889,7.52745,7.55326
1330380000,7.55326,7.55962,7.47437,7.4802
1330466400,7.4802,7.51587,7.40228,7.50729
1330552800,7.50729,7.51283,7.4364,7.44018
1330639200,7.44018,7.53908,7.43611,7.52139
1330898400,7.51888,7.58802,7.50844,7.55115
1330984800,7.55115,7.67857,7.54793,7.65139
1331071200,7.65139,7.67814,7.59072,7.59559
1331157600,7.59559,7.60787,7.47193,7.48161
1331244000,7.48161,7.5765,7.47436,7.56852
1331499600,7.57084,7.60888,7.5363,7.54561
1331586000,7.54561,7.58706,7.51641,7.52755
1331672400,7.52755,7.73075,7.5266,7.70004
1331758800,7.70004,7.70696,7.59224,7.62789
1331845200,7.62789,7.66208,7.55696,7.5584
1332104400,7.57247,7.58762,7.51922,7.54209
1332190800,7.54209,7.6399,7.53269,7.61608
1332277200,7.61608,7.67234,7.5744,7.64885
1332363600,7.64885,7.74953,7.63395,7.70065
1332450000,7.70065,7.74891,7.66189,7.68142
1332709200,7.69203,7.71229,7.5807,7.58075
1332795600,7.58075,7.60615,7.54774,7.60363
1332882000,7.60363,7.71073,7.59519,7.67482
1332968400,7.67482,7.78248,7.66021,7.71965
1333054800,7.71965,7.72512,7.62552,7.6734
1333314000,7.63892,7.67818,7.61112,7.65175
1333400400,7.65175,7.7671,7.62951,7.74446
1333486800,7.74446,7.83956,7.72165,7.8333
1333573200,7.8333,7.87028,7.78212,7.83794
1333659600,7.83794,7.89378,7.80423,7.88544
1333918800,7.87278,7.91604,7.86488,7.86979
1334005200,7.86979,8.03619,7.86525,7.98887
1334091600,7.98887,8.05121,7.95541,8.00961
1334178000,8.00961,8.00994,7.86399,7.87252
1334264400,7.87252,7.95284,7.86236,7.94829
1334523600,7.9497,8.02374,7.92868,7.93663
1334610000,7.93663,7.9818,7.78668,7.81366
1334696400,7.81366,7.86938,7.78965,7.84428
1334782800,7.84428,7.87305,7.79849,7.85288
1334869200,7.85288,7.86549,7.79405,7.81207
1335128400,7.81956,7.88313,7.81407,7.84449
1335214800,7.84449,7.87442,7.76781,7.79707
1335301200,7.79707,7.79807,7.74195,7.74915
1335387600,7.74915,7.79662,7.72391,7.76203
1335474000,7.76203,7.84088,7.73755,7.7411
1335733200,7.75527,7.78799,7.71796,7.77632
1335819600,7.77632,7.78944,7.71594,7.73562
1335906000,7.73562,7.76276,7.70696,7.72009
1335992400,7.72009,7.74755,7.69125,7.73733
1336078800,7.73733,7.84104,7.70153,7.82998
1336338000,7.86197,7.8903,7.79771,7.7983
1336424400,7.7983,7.93846,7.79795,7.89217
1336510800,7.89217,8.05753,7.88537,7.99333
1336597200,7.99333,8.0502,7.95994,8.02303
1336683600,8.02303,8.12688,8.02024,8.09587
1336942800,8.10466,8.20952,8.09232,8.20785
1337029200,8.20785,8.3135,8.14921,8.30721
1337115600,8.30721,8.3925,8.26226,8.3214
1337202000,8.3214,8.37642,8.25633,8.3362
1337288400,8.3362,8.44599,8.26957,8.3407
1337547600,8.29759,8.34787,8.20572,8.22435
1337634000,8.22435,8.3379,8.21369,8.32742
1337720400,8.32742,8.46222,8.31815,8.38643
1337806800,8.38643,8.43,8.28695,8.35892
1337893200,8.35892,8.4288,8.30644,8.40482
1338152400,8.36232,8.37276,8.27634,8.34285
1338238800,8.34285,8.38429,8.28332,8.31259
1338325200,8.31259,8.55901,8.30831,8.5332
1338411600,8.5332,8.58558,8.46089,8.52296
1338498000,8.52296,8.70495,8.49476,8.57764
1338757200,8.59323,8.63465,8.47322,8.49651
1338843600,8.49651,8.52321,8.41616,8.42556
1338930000,8.42556,8.45027,8.30251,8.31216
1339016400,8.31216,8.3875,8.22266,8.37615
1339102800,8.37615,8.50611,8.37091,8.38985
1339362000,8.31998,8.47708,8.26187,8.47122
1339448400,8.47122,8.47694,8.37703,8.40039
1339534800,8.40039,8.4202,8.34965,8.39787
1339621200,8.39787,8.46044,8.36909,8.37542
1339707600,8.37542,8.39354,8.3457,8.35579
1339966800,8.28819,8.37589,8.23217,8.28706
1340053200,8.28706,8.32535,8.19177,8.2022
1340139600,8.2022,8.24431,8.14875,8.19878
1340226000,8.19878,8.393,8.18521,8.38518
1340312400,8.38518,8.43567,8.33881,8.40489
1340571600,8.4213,8.52572,8.40961,8.48518
1340658000,8.48518,8.49525,8.41046,8.43861
1340744400,8.43861,8.45553,8.37552,8.44402
1340830800,8.44402,8.45458,8.38119,8.40175
1340917200,8.40175,8.41524,8.15951,8.16385
1341176400,8.15997,8.19573,8.10826,8.15723
1341262800,8.15723,8.17501,8.0622,8.07677
1341349200,8.07677,8.15643,8.06369,8.13868
1341435600,8.13868,8.17631,8.07797,8.14223
1341522000,8.14223,8.28678,8.1315,8.2514
1341781200,8.25996,8.30387,8.21297,8.21905
1341867600,8.21905,8.26483,8.15842,8.21705
1341954000,8.21705,8.28552,8.16332,8.24568
1342040400,8.24568,8.37376,8.22785,8.32297
1342126800,8.32297,8.35784,8.25529,8.27079
1342386000,8.24792,8.28052,8.18603,8.2029
1342472400,8.2029,8.24083,8.16517,8.1681
1342558800,8.1681,8.20675,8.15195,8.16247
1342645200,8.16247,8.21737,8.11999,8.16718
1342731600,8.16718,8.28925,8.16459,8.2869
1342990800,8.28609,8.48151,8.27182,8.45984
1343077200,8.45984,8.55055,8.42173,8.51754
1343163600,8.51754,8.54907,8.38954,8.39726
1343250000,8.39726,8.45339,8.22636,8.23815
1343336400,8.23815,8.27395,8.1566,8.15846
1343595600,8.17761,8.21833,8.16304,8.20036
1343682000,8.20036,8.29187,8.17241,8.25838
1343768400,8.25838,8.3637,8.21594,8.35226
1343854800,8.35226,8.4297,8.24165,8.34777
1343941200,8.34777,8.38013,8.12253,8.14827
1344200400,8.14271,8.20601,8.13005,8.16457
1344286800,8.16457,8.19919,8.11868,8.17374
1344373200,8.17374,8.23348,8.08587,8.08588
1344459600,8.08588,8.12042,8.06091,8.08386
1344546000,8.08386,8.16959,8.07025,8.08285
1344805200,8.08654,8.16311,8.08019,8.14963
1344891600,8.14963,8.19998,8.0951,8.19604
1344978000,8.19604,8.24961,8.17582,8.23987
1345064400,8.23987,8.28219,8.19023,8.21641
1345150800,8.21641,8.3612,8.20492,8.33388
1345410000,8.31187,8.34771,8.28892,8.33412
1345496400,8.33412,8.33437,8.2123,8.26576
1345582800,8.26576,8.33711,8.22978,8.23726
1345669200,8.23726,8.32658,8.21044,8.31717
1345755600,8.31717,8.4229,8.31652,8.39835
1346014800,8.38751,8.44968,8.37386,8.44592
1346101200,8.44592,8.45361,8.37296,8.41174
1346187600,8.41174,8.4387,8.38616,8.40689
1346274000,8.40689,8.49753,8.39153,8.47697
1346360400,8.47697,8.49713,8.36225,8.3972
1346619600,8.42787,8.44603,8.37694,8.38715
1346706000,8.38715,8.42883,8.33711,8.41612
1346792400,8.41612,8.47373,8.36542,8.41475
1346878800,8.41475,8.41669,8.27379,8.30494
1346965200,8.30494,8.31607,8.16504,8.17362
1347224400,8.18821,8.21643,8.12925,8.19077
1347310800,8.19077,8.23397,8.12733,8.18096
1347397200,8.18096,8.39159,8.14686,8.33468
1347483600,8.33468,8.44586,8.22109,8.23878
1347570000,8.23878,8.27673,8.18372,8.20757
1347829200,8.23557,8.29139,8.18846,8.26609
1347915600,8.26609,8.28148,8.16147,8.17979
1348002000,8.17979,8.27911,8.15916,8.27215
1348088400,8.27215,8.38389,8.25782,8.30578
1348174800,8.30578,8.32597,8.2267,8.27657
1348434000,8.26481,8.32248,8.23243,8.24147
1348520400,8.24147,8.27185,8.16352,8.23314
1348606800,8.23314,8.25909,8.19171,8.2309
1348693200,8.2309,8.285,8.16825,8.23252
1348779600,8.23252,8.33145,8.2089,8.31092
1349038800,8.3152,8.393,8.20577,8.38191
1349125200,8.38191,8.38846,8.32145,8.36385
1349211600,8.36385,8.45837,8.35686,8.43259
1349298000,8.43259,8.54673,8.39889,8.52226
1349384400,8.52226,8.84734,8.48204,8.77905
1349643600,8.79489,8.99612,8.75632,8.89253
1349730000,8.89253,8.90139,8.72722,8.75339
1349816400,8.75339,8.78722,8.61713,8.74589
1349902800,8.74589,8.74869,8.64933,8.66234
1349989200,8.66234,8.76851,8.57813,8.73107
1350248400,8.76259,8.83686,8.72556,8.79915
1350334800,8.79915,8.8246,8.68584,8.69521
1350421200,8.69521,8.72313,8.57798,8.60377
1350507600,8.60377,8.67659,8.5465,8.65133
1350594000,8.65133,8.67187,8.60383,8.66122
1350853200,8.66233,8.67469,8.59726,8.64127
1350939600,8.64127,8.81019,8.62772,8.7646
1351026000,8.7646,8.82624,8.72793,8.78386
1351112400,8.78386,8.78623,8.65456,8.74237
1351198800,8.74237,8.77604,8.61568,8.64285
1351458000,8.65499,8.71909,8.64441,8.67744
1351544400,8.67744,8.69432,8.62579,8.65244
1351630800,8.65244,8.70925,8.61504,8.67232
1351717200,8.67232,8.69708,8.63773,8.64305
1351803600,8.64305,8.79344,8.63662,8.77
1352066400,8.76983,8.79469,8.68427,8.72459
1352152800,8.72459,8.74816,8.60489,8.62719
1352239200,8.62719,8.66607,8.59423,8.63232
1352325600,8.63232,8.74662,8.63156,8.72325
1352412000,8.72325,8.7723,8.67971,8.71056
1352671200,8.70413,8.77058,8.68114,8.74425
1352757600,8.74425,8.82932,8.7403,8.7993
1352844000,8.7993,8.92705,8.7469,8.92118
1352930400,8.92118,8.99011,8.88925,8.92753
1353016800,8.92753,8.93903,8.85553,8.86986
1353276000,8.87283,8.87872,8.80827,8.82837
1353362400,8.82837,8.88631,8.824,8.84216
1353448800,8.84216,9.00925,8.83106,8.95247
1353535200,8.95247,8.98519,8.912,8.94705
1353621600,8.94705,8.95269,8.85391,8.87779
1353880800,8.87891,8.90752,8.84626,8.86754
1353967200,8.86754,8.86762,8.80309,8.83744
1354053600,8.83744,8.89128,8.81037,8.81331
1354140000,8.81331,8.83658,8.74647,8.78686
1354226400,8.78686,8.93558,8.7488,8.90944
1354485600,8.90944,8.92462,8.82056,8.8693
1354572000,8.8693,8.88587,8.77537,8.79714
1354658400,8.79714,8.80601,8.758,8.77192
1354744800,8.77192,8.79124,8.66331,8.68013
1354831200,8.68013,8.71134,8.6504,8.65417
1355090400,8.65417,8.70926,8.65417,8.67008
1355176800,8.67008,8.6986,8.6338,8.65884
1355263200,8.65884,8.69167,8.62242,8.65233
1355349600,8.65233,8.6789,8.61973,8.66174
1355436000,8.66174,8.67915,8.61213,8.61641
1355695200,8.6299,8.63835,8.53791,8.54234
1355781600,8.54234,8.56857,8.43605,8.45068
1355868000,8.45068,8.53284,8.44474,8.484
1355954400,8.484,8.53103,8.47626,8.47626
1356040800,8.47626,8.59906,8.4762,8.58821
1356300000,8.55767,8.59336,8.55143,8.58498
1356472800,8.58498,8.58498,8.55123,8.57109
1356559200,8.57109,8.58959,8.47802,8.47819
1356645600,8.47819,8.52311,8.47021,8.47989
1356904800,8.48137,8.51412,8.46493,8.47804
1357077600,8.47804,8.5253,8.41347,8.48916
1357164000,8.48916,8.59665,8.47305,8.59094
1357250400,8.59094,8.67014,8.55241,8.56135
1357509600,8.56493,8.61601,8.55893,8.56901
1357596000,8.56901,8.60908,8.55414,8.58025
1357682400,8.58025,8.60689,8.55987,8.59363
1357768800,8.59363,8.68599,8.56458,8.6496
1357855200,8.6496,8.75913,8.64386,8.72012
1358114400,8.71815,8.74135,8.68421,8.69509
1358200800,8.69509,8.8241,8.69166,8.81587
1358287200,8.81587,8.8786,8.7814,8.79748
1358373600,8.79748,8.82728,8.75475,8.8033
1358460000,8.8033,8.91817,8.79578,8.88022
1358719200,8.87866,8.90099,8.85653,8.85943
1358805600,8.85943,8.86757,8.80967,8.8547
1358892000,8.8547,9.06401,8.836,9.06243
1358978400,9.06243,9.08687,9.02178,9.04745
1359064800,9.04745,9.08442,8.93422,8.94521
1359324000,8.94369,9.16058,8.93929,9.1022
1359410400,9.1022,9.12928,9.02313,9.02618
1359496800,9.02618,9.08189,9.00288,9.03792
1359583200,9.03792,9.07152,8.91943,8.95765
1359669600,8.95765,8.99785,8.83073,8.85065
1359928800,8.85548,8.95278,8.83956,8.91594
1360015200,8.91594,8.94871,8.8109,8.83004
1360101600,8.83004,8.93761,8.8216,8.90459
1360188000,8.90459,8.9437,8.86386,8.91102
1360274400,8.91102,8.94742,8.87296,8.88172
1360533600,8.88172,8.9369,8.87329,8.91054
1360620000,8.91054,8.99085,8.88084,8.917
1360706400,8.917,8.92256,8.8361,8.86442
1360792800,8.86442,8.91706,8.77223,8.78756
1360879200,8.78756,8.86772,8.77544,8.85481
1361138400,8.85481,8.90851,8.82331,8.89112
1361224800,8.89112,8.94728,8.85107,8.85274
1361311200,8.85274,8.91757,8.82684,8.91081
1361397600,8.91081,8.95818,8.86441,8.90003
1361484000,8.90003,8.90643,8.84439,8.86495
1361743200,8.86495,8.89899,8.80938,8.86387
1361829600,8.86387,8.8718,8.77964,8.82213
1361916000,8.82213,8.89255,8.81401,8.81764
1362002400,8.81764,9.03016,8.81764,9.025
1362088800,9.025,9.1123,8.99514,9.06416
1362348000,9.06416,9.13137,9.06246,9.07822
1362434400,9.07822,9.11606,9.02215,9.03476
1362520800,9.03476,9.15525,9.00932,9.12444
1362607200,9.12444,9.18831,9.09105,9.14371
1362693600,9.14371,9.16878,9.06127,9.08926
1362949200,9.08926,9.17366,9.07063,9.09138
1363035600,9.09138,9.21227,9.08478,9.16962
1363122000,9.16962,9.27478,9.13198,9.26101
1363208400,9.26101,9.29268,9.16282,9.17527
1363294800,9.17527,9.20613,9.14765,9.18419
1363554000,9.18419,9.25619,9.15168,9.17115
1363640400,9.17115,9.28725,9.16262,9.24523
1363726800,9.24523,9.33824,9.21573,9.33104
1363813200,9.33104,9.36682,9.28474,9.32505
1363899600,9.32505,9.35965,9.29257,9.30013
1364158800,9.30013,9.3199,9.22155,9.29399
1364245200,9.29399,9.30502,9.23242,9.24715
1364331600,9.24715,9.30486,9.23929,9.26222
1364418000,9.26222,9.27515,9.17047,9.20918
1364504400,9.20918,9.25975,9.20086,9.23513
1364763600,9.23513,9.26271,9.17341,9.19316
1364850000,9.19316,9.26204,9.17277,9.25267
1364936400,9.25267,9.25794,9.20138,9.2274
1365022800,9.2274,9.27668,9.13646,9.15317
1365109200,9.15317,9.19856,9.07341,9.09772
1365368400,9.09772,9.11395,8.98258,8.98992
1365454800,8.98992,9.00153,8.90906,8.92594
1365541200,8.92594,8.95698,8.88376,8.90528
1365627600,8.90528,8.93782,8.858,8.89548
1365714000,8.89548,8.97438,8.89529,8.94375
1365973200,8.94375,9.22133,8.94296,9.20434
1366059600,9.20434,9.25111,9.10749,9.12534
1366146000,9.12534,9.22662,9.10593,9.174
1366232400,9.174,9.21627,9.12771,9.19091
1366318800,9.19091,9.25843,9.13671,9.22474
1366578000,9.22474,9.31107,9.20184,9.23705
1366664400,9.23705,9.30755,9.20226,9.20421
1366750800,9.20421,9.23057,9.12398,9.13434
1366837200,9.13434,9.14549,9.05433,9.09599
1366923600,9.09599,9.16578,9.06465,9.10145
1367182800,9.10145,9.11831,8.94491,8.99459
1367269200,8.99459,9.0409,8.94907,8.96797
1367355600,8.96797,9.06222,8.94232,9.0211
1367442000,9.0211,9.06536,8.92488,8.94845
1367528400,8.94845,8.97973,8.90112,8.91072
1367787600,8.91072,9.02729,8.8819,8.99834
1367874000,8.99834,9.06514,8.98104,9.03032
1367960400,9.03032,9.08204,8.99097,9.00545
1368046800,9.00545,9.07075,8.96066,9.02657
1368133200,9.02657,9.14449,9.01288,9.11383
1368392400,9.11383,9.16938,9.07532,9.1604
1368478800,9.1604,9.24719,9.12326,9.23752
1368565200,9.23752,9.32638,9.21571,9.2573
1368651600,9.2573,9.38342,9.24298,9.32119
1368738000,9.32119,9.4411,9.3089,9.40474
1368997200,9.40474,9.48752,9.38369,9.443
1369083600,9.443,9.61278,9.42257,9.5575
1369170000,9.5575,9.59547,9.42784,9.5726
1369256400,9.5726,9.69626,9.51285,9.52863
1369342800,9.52863,9.60565,9.51414,9.5762
1369602000,9.5762,9.62861,9.56798,9.5998
1369688400,9.5998,9.80744,9.59149,9.78702
1369774800,9.78702,9.85754,9.76292,9.82689
1369861200,9.82689,10.09231,9.77797,10.04125
1369947600,10.04125,10.28474,10.02252,10.06324
1370206800,10.06324,10.091465,9.803585,9.81508
1370293200,9.81508,9.868155,9.662015,9.82572
1370379600,9.82572,10.042745,9.786435,10.007565
1370466000,10.007565,10.08965,9.84183,9.861945
1370552400,9.861945,10.07025,9.857635,9.96307
1370811600,9.96307,10.243985,9.96307,10.18258
1370898000,10.18258,10.367295,10.027305,10.075415
1370984400,10.075415,10.214065,9.93023,10.107125
1371070800,10.107125,10.1489,9.824845,9.848405
1371157200,9.848405,9.992195,9.827275,9.951265
1371416400,9.951265,9.989555,9.849,9.97508
1371502800,9.97508,10.07735,9.95648,9.99168
1371589200,9.99168,10.1907,9.90777,10.18625
1371675600,10.18625,10.325725,10.173885,10.21932
1371762000,10.21932,10.26016,10.142855,10.162715
1372021200,10.162715,10.30153,10.036385,10.0716
1372107600,10.0716,10.12564,9.92444,10.106575
1372194000,10.106575,10.15415,10.02255,10.11003
1372280400,10.11003,10.1284,9.90737,9.943565
1372366800,9.943565,10.04218,9.862225,9.880015
1372626000,9.880015,9.94878,9.852745,9.936255
1372712400,9.936255,10.016505,9.86613,9.998355
1372798800,9.998355,10.119895,9.981345,10.092645
1372885200,10.092645,10.09911,9.97966,10.03801
1372971600,10.03801,10.21625,9.98492,10.20632
1373230800,10.20632,10.29824,10.151935,10.16667
1373317200,10.16667,10.176135,10.002825,10.023635
1373403600,10.023635,10.082025,9.96302,9.982435
1373490000,9.982435,10.07407,9.86401,9.98995
1373576400,9.98995,10.0622,9.948605,9.98368
1373835600,9.98368,9.99094,9.87091,9.873295
1373922000,9.873295,9.932685,9.774205,9.85851
1374008400,9.85851,9.958135,9.8003,9.825265
1374094800,9.825265,9.9587,9.80975,9.93054
1374181200,9.93054,9.937655,9.840675,9.8785
1374440400,9.8785,9.8785,9.782965,9.81097
1374526800,9.81097,9.855545,9.682595,9.68276
1374613200,9.68276,9.818145,9.61327,9.78441
1374699600,9.78441,9.837765,9.67784,9.719315
1374786000,9.719315,9.81576,9.6817,9.78026
1375045200,9.78026,9.84473,9.762545,9.79384
1375131600,9.79384,9.88854,9.77553,9.80164
1375218000,9.80164,9.948335,9.801075,9.865325
1375304400,9.865325,9.996195,9.850355,9.97365
1375390800,9.97365,10.042715,9.832865,9.83589
1375650000,9.83589,9.881785,9.794025,9.84347
1375736400,9.84347,9.94623,9.824065,9.93444
1375822800,9.93444,9.967255,9.87662,9.967255
1375909200,9.967255,9.968,9.807465,9.867635
1375995600,9.867635,9.86768,9.730195,9.8291
1376254800,9.8291,9.897325,9.77335,9.88719
1376341200,9.88719,9.99873,9.869425,9.99752
1376427600,9.99752,10.01524,9.923585,9.973145
1376514000,9.973145,10.05611,9.88957,9.991575
1376600400,9.991575,10.092235,9.96063,10.091295
1376859600,10.091295,10.21275,10.0424,10.206345
1376946000,10.206345,10.227325,10.118435,10.15997
1377032400,10.15997,10.390685,10.14109,10.38995
1377118800,10.38995,10.443725,10.247125,10.281625
1377205200,10.281625,10.28204,10.167175,10.243935
1377464400,10.243935,10.357395,10.209045,10.32798
1377550800,10.32798,10.439685,10.31683,10.390285
1377637200,10.390285,10.50892,10.27226,10.31733
1377723600,10.31733,10.368985,10.274745,10.3625
1377810000,10.3625,10.37282,10.209375,10.280235
1378069200,10.280235,10.287085,10.15434,10.28322
1378155600,10.28322,10.347045,10.24552,10.33495
1378242000,10.33495,10.345725,10.21124,10.24522
1378328400,10.24522,10.316655,10.18858,10.236965
1378414800,10.236965,10.240945,10.000955,10.01547
1378674000,10.01547,10.0436,9.95096,9.955635
1378760400,9.955635,10.0597,9.942875,9.98296
1378846800,9.98296,10.03563,9.85465,9.86982
1378933200,9.86982,9.97501,9.867805,9.970825
1379019600,9.970825,9.99579,9.9121,9.9302
1379278800,9.9302,9.9302,9.74203,9.81017
1379365200,9.81017,9.857485,9.792615,9.80383
1379451600,9.80383,9.847945,9.55502,9.587695
1379538000,9.587695,9.744145,9.548335,9.70404
1379624400,9.70404,9.930245,9.67358,9.90512
1379883600,9.90512,9.90512,9.809155,9.842725
1379970000,9.842725,9.89772,9.81146,9.873165
1380056400,9.873165,9.99798,9.827645,9.991365
1380142800,9.991365,10.030795,9.93898,9.99117
1380229200,9.99117,10.169085,9.97099,10.0873
1380488400,10.0873,10.158205,10.01432,10.027775
1380574800,10.027775,10.14,9.957865,10.12255
1380661200,10.12255,10.155685,10.014365,10.014815
1380747600,10.014815,10.097625,9.986755,10.034865
1380834000,10.034865,10.06299,9.97748,9.98738
1381093200,9.98738,10.04871,9.96727,10.004585
1381179600,10.004585,10.01402,9.91606,9.996765
1381266000,9.996765,10.018365,9.946855,9.96191
1381352400,9.96191,9.996535,9.88131,9.90731
1381438800,9.90731,9.943315,9.86698,9.89144
1381698000,9.89144,9.968175,9.887225,9.91448
1381784400,9.91448,9.983655,9.888995,9.97848
1381870800,9.97848,9.984635,9.859405,9.86497
1381957200,9.86497,9.88117,9.79734,9.82524
1382043600,9.82524,9.867055,9.74317,9.79036
1382302800,9.79036,9.8538,9.77528,9.842655
1382389200,9.842655,9.88683,9.718895,9.737735
1382475600,9.737735,9.82283,9.72849,9.79392
1382562000,9.79392,9.798755,9.74725,9.75472
1382648400,9.75472,9.85734,9.75129,9.82687
1382907600,9.82687,9.85375,9.775665,9.828845
1382994000,9.828845,9.89731,9.82444,9.89221
1383080400,9.89221,9.979425,9.835695,9.94609
1383166800,9.94609,10.057165,9.915945,10.04923
1383253200,10.04923,10.21879,10.02183,10.190125
1383516000,10.190125,10.213125,10.1165,10.13503
1383602400,10.13503,10.26651,10.12844,10.24334
1383688800,10.24334,10.29671,10.181215,10.26974
1383775200,10.26974,10.326625,10.224735,10.29912
1383861600,10.29912,10.40283,10.2233,10.328825
1384120800,10.328825,10.406485,10.31317,10.38196
1384207200,10.38196,10.45877,10.34852,10.369445
1384293600,10.369445,10.378245,10.273725,10.27842
1384380000,10.27842,10.358545,10.177465,10.189125
1384466400,10.189125,10.23614,10.120975,10.160625
1384725600,10.160625,10.180635,10.082945,10.145355
1384812000,10.145355,10.223225,10.084515,10.183585
1384898400,10.183585,10.225885,10.052035,10.15038
1384984800,10.15038,10.193735,10.10763,10.12799
1385071200,10.12799,10.15918,10.06184,10.069415
1385330400,10.069415,10.11703,10.02766,10.09616
1385416800,10.09616,10.16842,10.073505,10.13122
1385503200,10.13122,10.243925,10.11463,10.234845
1385589600,10.234845,10.259,10.18607,10.20601
1385676000,10.20601,10.238695,10.16074,10.17456
1385935200,10.17456,10.288365,10.127105,10.274775
1386021600,10.274775,10.394345,10.27236,10.3312
1386108000,10.3312,10.49337,10.328095,10.44214
1386194400,10.44214,10.53901,10.405935,10.44999
1386280800,10.44999,10.58293,10.30371,10.32138
1386540000,10.32138,10.396325,10.29599,10.393905
1386626400,10.393905,10.393905,10.271995,10.360225
1386712800,10.360225,10.4127,10.33176,10.383555
1386799200,10.383555,10.451915,10.34502,10.3877
1386885600,10.3877,10.43625,10.277635,10.29255
1387144800,10.29255,10.345005,10.26334,10.283205
1387231200,10.283205,10.374125,10.273565,10.32753
1387317600,10.32753,10.3999,10.21759,10.34417
1387404000,10.34417,10.43824,10.32322,10.388445
1387490400,10.388445,10.47624,10.317215,10.35562
1387749600,10.35562,10.377015,10.30147,10.345015
1387836000,10.345015,10.36698,10.322235,10.344495
1388008800,10.344495,10.36778,10.324695,10.358235
1388095200,10.358235,10.543265,10.33485,10.53762
1388354400,10.53762,10.54283,10.414055,10.420935
1388440800,10.420935,10.57011,10.40696,10.522255
1388613600,10.522255,10.69909,10.474575,10.683045
1388700000,10.683045,10.692575,10.57442,10.68917
1388959200,10.68917,10.735335,10.62871,10.649595
1389045600,10.649595,10.67364,10.591915,10.64662
1389132000,10.64662,10.789605,10.620845,10.770785
1389218400,10.770785,10.835325,10.733915,10.79758
1389304800,10.79758,10.812555,10.641375,10.643905
1389564000,10.643905,10.840945,10.63881,10.82472
1389650400,10.82472,10.89511,10.790995,10.833675
1389736800,10.833675,10.9334,10.824945,10.88034
1389823200,10.88034,10.96133,10.85098,10.88586
1389909600,10.88586,10.91623,10.823485,10.8662
1390168800,10.8662,10.90225,10.81379,10.8528
1390255200,10.8528,10.880225,10.794005,10.82604
1390341600,10.82604,10.89672,10.804025,10.87429
1390428000,10.87429,11.04965,10.867335,10.992125
1390514400,10.992125,11.19499,10.977335,11.08885
1390773600,11.08885,11.254185,11.08885,11.11711
1390860000,11.11711,11.125045,11.007175,11.02898
1390946400,11.02898,11.380585,10.90399,11.318225
1391032800,11.318225,11.391095,11.12322,11.20988
1391119200,11.20988,11.343035,11.075775,11.12226
1391378400,11.12226,11.282225,11.061745,11.28056
1391464800,11.28056,11.28068,11.066965,11.09824
1391551200,11.09824,11.182055,11.06227,11.13494
1391637600,11.13494,11.17582,10.976805,11.03499
1391724000,11.03499,11.12743,10.93634,11.063655
1391983200,11.063655,11.16418,11.035485,11.14087
1392069600,11.14087,11.16647,10.956165,10.96664
1392156000,10.96664,11.043945,10.92911,11.005225
1392242400,11.005225,11.12363,10.962235,10.96731
1392328800,10.96731,11.02292,10.840425,10.85139
1392588000,10.85139,10.88791,10.818695,10.82483
1392674400,10.82483,10.90138,10.82044,10.8771
1392760800,10.8771,11.06637,10.864185,11.04008
1392847200,11.04008,11.10908,10.985865,11.00633
1392933600,11.00633,11.055325,10.913035,10.925335
1393192800,10.925335,10.996565,10.75269,10.794295
1393279200,10.794295,10.8536,10.70065,10.728705
1393365600,10.728705,10.858405,10.682575,10.82087
1393452000,10.82087,10.86759,10.686465,10.70058
1393538400,10.70058,10.770795,10.657655,10.75829
1393797600,10.75829,10.936395,10.745865,10.89688
1393884000,10.89688,10.904335,10.75169,10.75493
1393970400,10.75493,10.78791,10.66147,10.66469
1394056800,10.66469,10.71788,10.589165,10.601255
1394143200,10.601255,10.747845,10.59905,10.733705
1394398800,10.733705,10.786215,10.713915,10.74636
1394485200,10.74636,10.877795,10.717395,10.85611
1394571600,10.85611,10.964395,10.801735,10.804335
1394658000,10.804335,10.836135,10.697885,10.80662
1394744400,10.80662,10.83547,10.657945,10.677795
1395003600,10.677795,10.77482,10.664255,10.77178
1395090000,10.77178,10.792985,10.701775,10.732705
1395176400,10.732705,10.904675,10.681935,10.870115
1395262800,10.870115,10.97791,10.83452,10.889035
1395349200,10.889035,10.937505,10.82674,10.897735
1395608400,10.897735,10.907825,10.816605,10.83034
1395694800,10.83034,10.843805,10.73024,10.73623
1395781200,10.73623,10.77081,10.667395,10.70698
1395867600,10.70698,10.734055,10.564535,10.58171
1395954000,10.58171,10.633085,10.570615,10.57606
1396213200,10.57606,10.617525,10.51174,10.53262
1396299600,10.53262,10.617655,10.514235,10.58363
1396386000,10.58363,10.63912,10.5772,10.610425
1396472400,10.610425,10.68627,10.598125,10.641185
1396558800,10.641185,10.666435,10.50188,10.55973
1396818000,10.55973,10.57394,10.50706,10.52859
1396904400,10.52859,10.52859,10.414545,10.464165
1396990800,10.464165,10.496255,10.3656,10.377795
1397077200,10.377795,10.474355,10.36118,10.47292
1397163600,10.47292,10.533965,10.432885,10.492385
1397422800,10.492385,10.57356,10.48,10.510465
1397509200,10.510465,10.589495,10.49011,10.559155
1397595600,10.559155,10.5856,10.5101,10.565895
1397682000,10.565895,10.569985,10.472,10.48597
1397768400,10.48597,10.508135,10.47972,10.50189
1398027600,10.50189,10.51115,10.483185,10.49395
1398114000,10.49395,10.572075,10.479905,10.534885
1398200400,10.534885,10.626515,10.528605,10.590005
1398286800,10.590005,10.66444,10.5497,10.619725
1398373200,10.619725,10.67142,10.619725,10.66882
1398632400,10.66882,10.67074,10.60697,10.625805
1398718800,10.625805,10.636365,10.53162,10.557425
1398805200,10.557425,10.577495,10.501565,10.5229
1398891600,10.5229,10.53063,10.47721,10.48653
1398978000,10.48653,10.577815,10.44781,10.47904
1399237200,10.47904,10.5494,10.44663,10.54653
1399323600,10.54653,10.54653,10.468755,10.498415
1399410000,10.498415,10.535545,10.450585,10.452865
1399496400,10.452865,10.47267,10.312025,10.33563
1399582800,10.33563,10.39141,10.327405,10.35353
1399842000,10.35353,10.382665,10.33416,10.35813
1399928400,10.35813,10.37645,10.272955,10.308505
1400014800,10.308505,10.36009,10.275545,10.291235
1400101200,10.291235,10.43768,10.287715,10.40539
1400187600,10.40539,10.42627,10.342355,10.355565
1400446800,10.355565,10.44095,10.336055,10.35432
1400533200,10.35432,10.476745,10.35432,10.44657
1400619600,10.44657,10.47604,10.357755,10.369585
1400706000,10.369585,10.39536,10.31005,10.32743
1400792400,10.32743,10.375335,10.288365,10.30675
1401051600,10.30675,10.36115,10.305535,10.357955
1401138000,10.357955,10.478315,10.34123,10.45674
1401224400,10.45674,10.52277,10.449655,10.46368
1401310800,10.46368,10.506405,10.38376,10.415745
1401397200,10.415745,10.594255,10.41372,10.572825
1401656400,10.572825,10.69697,10.55104,10.68554
1401742800,10.68554,10.79059,10.632345,10.761445
1401829200,10.761445,10.804555,10.715935,10.769355
1401915600,10.769355,10.769355,10.617625,10.687325
1402002000,10.687325,10.71454,10.5608,10.5869
1402261200,10.5869,10.649,10.55598,10.64151
1402347600,10.64151,10.743205,10.62536,10.705765
1402434000,10.705765,10.79103,10.69497,10.754705
1402520400,10.754705,10.767005,10.65874,10.66858
1402606800,10.66858,10.80738,10.665245,10.68115
1402866000,10.68115,10.768295,10.68115,10.754155
1402952400,10.754155,10.847505,10.717755,10.839605
1403038800,10.839605,10.862585,10.64187,10.66281
1403125200,10.66281,10.75307,10.611505,10.74792
1403211600,10.74792,10.765365,10.65111,10.6548
1403470800,10.6548,10.678775,10.556825,10.596595
1403557200,10.596595,10.64952,10.52999,10.64155
1403643600,10.64155,10.654725,10.547525,10.5859
1403730000,10.5859,10.68072,10.56263,10.633345
1403816400,10.633345,10.64716,10.58265,10.588695
1404075600,10.588695,10.64738,10.575725,10.63735
1404162000,10.63735,10.686945,10.61384,10.667985
1404248400,10.667985,10.775335,10.661295,10.76021
1404334800,10.76021,10.84675,10.734305,10.746525
1404421200,10.746525,10.76593,10.717315,10.75642
1404680400,10.75642,10.826805,10.747375,10.779355
1404766800,10.779355,10.784525,10.67505,10.6793
1404853200,10.6793,10.719355,10.653795,10.6726
1404939600,10.6726,10.75492,10.6625,10.69941
1405026000,10.69941,10.740835,10.69449,10.70789
1405285200,10.70789,10.751515,10.67565,10.677195
1405371600,10.677195,10.72841,10.63338,10.7087
1405458000,10.7087,10.731045,10.663,10.682195
1405544400,10.682195,10.767385,10.6455,10.76295
1405630800,10.76295,10.76408,10.639465,10.647205
1405890000,10.647205,10.667175,10.598,10.603255
1405976400,10.603255,10.640625,10.561095,10.572375
1406062800,10.572375,10.578145,10.4838,10.5133
1406149200,10.5133,10.543485,10.46569,10.52724
1406235600,10.52724,10.548515,10.486595,10.512705
1406494800,10.512705,10.586625,10.48917,10.56483
1406581200,10.56483,10.62652,10.557,10.602045
1406667600,10.602045,10.71773,10.578035,10.656175
1406754000,10.656175,10.73727,10.648945,10.70825
1406840400,10.70825,10.76953,10.634685,10.679655
1407099600,10.679655,10.708195,10.640935,10.655085
1407186000,10.655085,10.775585,10.624695,10.756195
1407272400,10.756195,10.822275,10.689575,10.702555
1407358800,10.702555,10.791405,10.6884,10.76692
1407445200,10.76692,10.83429,10.65273,10.65814
1407704400,10.65814,10.71759,10.62118,10.630655
1407790800,10.630655,10.679785,10.614105,10.62798
1407877200,10.62798,10.642945,10.56611,10.569075
1407963600,10.569075,10.60093,10.521645,10.54958
1408050000,10.54958,10.62832,10.532145,10.59339
1408309200,10.59339,10.639005,10.569825,10.603835
1408395600,10.603835,10.66338,10.596325,10.647595
1408482000,10.647595,10.74515,10.643885,10.73706
1408568400,10.73706,10.75067,10.657915,10.70802
1408654800,10.70802,10.736275,10.67482,10.689115
1408914000,10.689115,10.728125,10.686275,10.705645
1409000400,10.705645,10.72113,10.66702,10.679145
1409086800,10.679145,10.68827,10.60057,10.61111
1409173200,10.61111,10.686775,10.60318,10.62953
1409259600,10.62953,10.67329,10.59004,10.66605
1409518800,10.66605,10.6853,10.644785,10.67478
1409605200,10.67478,10.748695,10.671715,10.74039
1409691600,10.74039,10.74806,10.670095,10.686405
1409778000,10.686405,10.731685,10.60128,10.730965
1409864400,10.730965,10.76095,10.662655,10.69361
1410123600,10.69361,10.813235,10.69361,10.81146
1410210000,10.81146,10.953565,10.793675,10.922815
1410296400,10.922815,11.015985,10.90716,10.92821
1410382800,10.92821,10.99511,10.90353,10.966325
1410469200,10.966325,11.030565,10.95172,11.022805
1410728400,11.022805,11.073625,10.96281,10.96391
1410814800,10.96391,11.00342,10.87086,10.902425
1410901200,10.902425,11.047875,10.89604,11.026475
1410987600,11.026475,11.110585,10.96711,11.077275
1411074000,11.077275,11.1125,10.98772,11.08137
1411333200,11.08137,11.188025,11.042425,11.17157
1411419600,11.17157,11.17931,11.082985,11.172315
1411506000,11.172315,11.17717,11.10881,11.13085
1411592400,11.13085,11.225455,11.12957,11.20589
1411678800,11.20589,11.261725,11.158245,11.22766
1411938000,11.22766,11.313585,11.214605,11.280025
1412024400,11.280025,11.347565,11.235375,11.285105
1412110800,11.285105,11.35506,11.23611,11.265905
1412197200,11.265905,11.273865,11.16595,11.184555
1412283600,11.184555,11.37939,11.1827,11.34459
1412542800,11.34459,11.36102,11.201935,11.211275
1412629200,11.211275,11.258165,11.15942,11.186215
1412715600,11.186215,11.245195,11.02578,11.039755
1412802000,11.039755,11.096005,10.962855,11.06432
1412888400,11.06432,11.148215,11.051345,11.11914
1413147600,11.11914,11.13042,11.006455,11.04232
1413234000,11.04232,11.125875,11.01431,11.058165
1413320400,11.058165,11.184995,10.96761,11.073195
1413406800,11.073195,11.197795,11.059115,11.11746
1413493200,11.11746,11.13962,11.05978,11.08071
1413752400,11.08071,11.102055,11.012425,11.018495
1413838800,11.018495,11.058015,10.961335,11.047475
1413925200,11.047475,11.04947,10.97509,10.99979
1414011600,10.99979,11.022305,10.923835,10.97713
1414098000,10.97713,10.99788,10.92586,10.93049
1414357200,10.93049,10.992165,10.92131,10.940105
1414443600,10.940105,10.96712,10.8393,10.846505
1414530000,10.846505,10.966995,10.82731,10.947695
1414616400,10.947695,10.996365,10.85637,10.86874
1414702800,10.86874,11.072285,10.82813,11.03928
1414965600,11.03928,11.09062,11.012905,11.073725
1415052000,11.073725,11.07887,11.021215,11.036055
1415138400,11.036055,11.182865,11.034835,11.146645
1415224800,11.146645,11.27335,11.11074,11.25947
1415311200,11.25947,11.357335,11.220695,11.27032
1415570400,11.27032,11.278655,11.164715,11.273465
1415656800,11.273465,11.330545,11.20364,11.22067
1415743200,11.22067,11.250695,11.15462,11.192555
1415829600,11.192555,11.24113,11.161825,11.209585
1415916000,11.209585,11.245165,11.07143,11.08261
1416175200,11.08261,11.14434,11.060355,11.133685
1416261600,11.133685,11.133685,11.000535,11.03339
1416348000,11.03339,11.077825,11.001655,11.05617
1416434400,11.05617,11.09036,10.936875,10.96343
1416520800,10.96343,10.993365,10.905875,10.946705
1416780000,10.946705,11.052635,10.92596,11.021235
1416866400,11.021235,11.06777,10.935645,10.966285
1416952800,10.966285,11.018645,10.94347,10.954505
1417039200,10.954505,10.990035,10.9306,10.97708
1417125600,10.97708,11.087385,10.976135,11.06324
1417384800,11.06324,11.152895,10.96162,10.9918
1417471200,10.9918,11.14292,10.97817,11.12374
1417557600,11.12374,11.239555,11.102,11.221585
1417644000,11.221585,11.24656,11.15707,11.19907
1417730400,11.19907,11.384715,11.192545,11.35744
1417989600,11.35744,11.57552,11.3432,11.54092
1418076000,11.54092,11.572905,11.39402,11.454505
1418162400,11.454505,11.602325,11.422635,11.53789
1418248800,11.53789,11.656695,11.468415,11.63199
1418335200,11.63199,11.723555,11.58589,11.591795
1418594400,11.591795,11.815445,11.527975,11.759005
1418680800,11.759005,11.78699,11.584705,11.658765
1418767200,11.658765,11.76018,11.440345,11.618335
1418853600,11.618335,11.66656,11.489195,11.577875
1418940000,11.577875,11.65649,11.533075,11.58184
1419199200,11.58184,11.61269,11.53043,11.572145
1419285600,11.572145,11.6629,11.56216,11.64845
1419372000,11.64845,11.700995,11.62126,11.64992
1419544800,11.64992,11.64992,11.580345,11.59944
1419804000,11.59944,11.674875,11.581375,11.62372
1419890400,11.62372,11.64992,11.547085,11.56339
1419976800,11.56339,11.593295,11.5385,11.578935
1420149600,11.578935,11.728525,11.5475,11.70564
1420408800,11.70564,11.75199,11.674325,11.70832
1420495200,11.70832,11.77727,11.66477,11.714555
1420581600,11.714555,11.74429,11.67634,11.67961
1420668000,11.67961,11.71478,11.55272,11.58487
1420754400,11.58487,11.6234,11.468455,11.495105
1421013600,11.495105,11.54237,11.472505,11.527785
1421100000,11.527785,11.53426,11.47287,11.52966
1421186400,11.52966,11.62082,11.42459,11.444
1421272800,11.444,11.569865,11.41731,11.564015
1421359200,11.564015,11.61336,11.512125,11.54389
1421618400,11.54389,11.66651,11.541855,11.63852
1421704800,11.63852,11.685415,11.572295,11.589845
1421791200,11.589845,11.60807,11.475875,11.512525
1421877600,11.512525,11.559485,11.36154,11.401
1421964000,11.401,11.481845,11.37583,11.410235
1422223200,11.410235,11.49374,11.406065,11.46138
1422309600,11.46138,11.614905,11.445295,11.58481
1422396000,11.58481,11.59712,11.49252,11.580195
1422482400,11.580195,11.66871,11.510825,11.55512
1422568800,11.55512,11.67643,11.5246,11.639125
1422828000,11.639125,11.6599,11.48734,11.499825
1422914400,11.499825,11.55065,11.364545,11.379155
1423000800,11.379155,11.4918,11.37216,11.47779
1423087200,11.47779,11.49449,11.257255,11.27279
1423173600,11.27279,11.54064,11.27278,11.504995
1423432800,11.504995,11.60999,11.49252,11.585855
1423519200,11.585855,11.72379,11.548055,11.682295
1423605600,11.682295,11.89304,11.66331,11.822645
1423692000,11.822645,11.876935,11.686965,11.713725
1423778400,11.713725,11.778375,11.625595,11.665995
1424037600,11.665995,11.67178,11.615995,11.65307
1424124000,11.65307,11.68806,11.57905,11.67525
1424210400,11.67525,11.74226,11.58111,11.599625
1424296800,11.599625,11.68818,11.546095,11.67671
1424383200,11.67671,11.684485,11.612305,11.625345
1424642400,11.625345,11.746175,11.61296,11.635605
1424728800,11.635605,11.66847,11.46413,11.47772
1424815200,11.47772,11.524535,11.408225,11.45011
1424901600,11.45011,11.541495,11.36291,11.5355
1424988000,11.5355,11.69399,11.498535,11.66003
1425247200,11.66003,11.778715,11.651745,11.77256
1425333600,11.77256,11.81606,11.706365,11.758855
1425420000,11.758855,11.85837,11.739155,11.7958
1425506400,11.7958,11.876055,11.730975,11.842695
1425592800,11.842695,12.10703,11.76882,12.0409
1425848400,12.0409,12.133715,12.01301,12.08936
1425934800,12.08936,12.366,12.08936,12.365865
1426021200,12.365865,12.380935,12.237045,12.280435
1426107600,12.280435,12.333615,12.14902,12.298145
1426194000,12.298145,12.525715,12.26222,12.47913
1426453200,12.47913,12.48589,12.367465,12.396785
1426539600,12.396785,12.421445,12.350415,12.354025
1426626000,12.354025,12.400465,11.95962,12.060665
1426712400,12.060665,12.353595,12.037615,12.30758
1426798800,12.30758,12.321075,12.00591,12.01674
1427058000,12.01674,12.13584,11.88574,11.902925
1427144400,11.902925,11.952685,11.772195,11.80108
1427230800,11.80108,11.88351,11.75485,11.84938
1427317200,11.84938,11.99766,11.834415,11.997135
1427403600,11.997135,12.053895,11.957915,12.044315
1427662800,12.044315,12.167685,12.02519,12.15067
1427749200,12.15067,12.22822,12.106005,12.132315
1427835600,12.132315,12.14953,11.958985,11.9901
1427922000,11.9901,12.04665,11.92142,11.939155
1428008400,11.939155,11.97443,11.74916,11.79834
1428267600,11.79834,11.82787,11.692615,11.80136
1428354000,11.80136,11.88993,11.77455,11.887195
1428440400,11.887195,11.8903,11.771545,11.815485
1428526800,11.815485,11.965355,11.774845,11.940555
1428613200,11.940555,12.05935,11.925795,11.996335
1428872400,11.996335,12.18913,11.98545,12.141405
1428958800,12.141405,12.16367,11.95433,12.01087
1429045200,12.01087,12.207585,12.001095,12.06321
1429131600,12.06321,12.09559,11.932625,11.964205
1429218000,11.964205,12.097465,11.87474,12.06921
1429477200,12.06921,12.153615,11.98321,12.14366
1429563600,12.14366,12.194505,12.07511,12.12196
1429650000,12.12196,12.24665,12.070605,12.220255
1429736400,12.220255,12.300685,12.129685,12.149125
1429822800,12.149125,12.23903,12.099785,12.10601
1430082000,12.10601,12.146325,11.952095,12.00422
1430168400,12.00422,12.031815,11.800975,11.86512
1430254800,11.86512,11.902535,11.70878,11.78589
1430341200,11.78589,11.978705,11.77463,11.911085
1430427600,11.911085,12.081575,11.86318,12.06055
1430686800,12.06055,12.0736,12.01618,12.06069
1430773200,12.06069,12.07285,11.942475,11.98004
1430859600,11.98004,12.06497,11.91654,12.01555
1430946000,12.01555,12.12315,11.98381,12.039225
1431032400,12.039225,12.075095,11.908095,11.92472
1431291600,11.92472,12.09302,11.904805,12.081045
1431378000,12.081045,12.14863,12.03424,12.06639
1431464400,12.06639,12.067965,11.83648,11.88433
1431550800,11.88433,11.927125,11.7734,11.786975
1431637200,11.786975,11.881655,11.75791,11.78191
1431896400,11.78191,11.895745,11.77575,11.884715
1431982800,11.884715,11.940465,11.835055,11.90941
1432069200,11.90941,11.97001,11.809575,11.8348
1432155600,11.8348,11.8748,11.732735,11.82696
1432242000,11.82696,11.90417,11.769905,11.89129
1432501200,11.89129,11.976705,11.89129,11.93433
1432587600,11.93433,12.09357,11.92927,12.08304
1432674000,12.08304,12.163865,12.01971,12.02755
1432760400,12.02755,12.20723,12.01328,12.136635
1432846800,12.136635,12.18824,12.1169,12.151615
1433106000,12.151615,12.28979,12.14707,12.26355
1433192400,12.26355,12.346135,12.1824,12.196215
1433278800,12.196215,12.320185,12.18279,12.30823
1433365200,12.30823,12.40117,12.296365,12.381245
1433451600,12.381245,12.633335,12.374485,12.57794
1433710800,12.57794,12.637,12.46941,12.4748
1433797200,12.4748,12.551415,12.3967,12.429875
1433883600,12.429875,12.478895,12.290415,12.31122
1433970000,12.31122,12.487795,12.30839,12.3558
1434056400,12.3558,12.46529,12.348975,12.379445
1434315600,12.379445,12.49566,12.36691,12.40275
1434402000,12.40275,12.47635,12.36096,12.36811
1434488400,12.36811,12.45012,12.23955,12.265635
1434574800,12.265635,12.301545,12.139005,12.24428
1434661200,12.24428,12.27886,12.14404,12.164585
1434920400,12.164585,12.189525,12.081865,12.09886
1435006800,12.09886,12.24581,12.0979,12.170495
1435093200,12.170495,12.20386,12.115765,12.15307
1435179600,12.15307,12.159445,12.053285,12.11004
1435266000,12.11004,12.241895,12.100375,12.200885
1435525200,12.200885,12.407715,12.197245,12.243465
1435611600,12.243465,12.281635,12.11961,12.169545
1435698000,12.169545,12.27949,12.14691,12.254285
1435784400,12.254285,12.35816,12.23361,12.253175
1435870800,12.253175,12.39984,12.21361,12.31983
1436130000,12.31983,12.45917,12.31983,12.39032
1436216400,12.39032,12.53968,12.377645,12.45377
1436302800,12.45377,12.58272,12.431505,12.573155
1436389200,12.573155,12.58676,12.442935,12.510415
1436475600,12.510415,12.511265,12.37282,12.45009
1436734800,12.45009,12.520195,12.39056,12.44585
1436821200,12.44585,12.473865,12.322355,12.32254
1436907600,12.32254,12.46328,12.32254,12.418575
1436994000,12.418575,12.44781,12.34613,12.389205
1437080400,12.389205,12.40287,12.299325,12.36088
1437339600,12.36088,12.475715,12.360425,12.436625
1437426000,12.436625,12.464885,12.32211,12.32635
1437512400,12.32635,12.4382,12.312445,12.407865
1437598800,12.407865,12.48992,12.375065,12.46593
1437685200,12.46593,12.682285,12.43958,12.63245
1437944400,12.63245,12.69211,12.58011,12.620915
1438030800,12.620915,12.65487,12.52347,12.56757
1438117200,12.56757,12.59968,12.46832,12.543865
1438203600,12.543865,12.754185,12.5354,12.69973
1438290000,12.69973,12.771935,12.58216,12.681755
1438549200,12.681755,12.748245,12.66354,12.68487
1438635600,12.68487,12.74054,12.62248,12.73447
1438722000,12.73447,12.827725,12.71269,12.784795
1438808400,12.784795,12.793495,12.711345,12.717075
1438894800,12.717075,12.784195,12.59554,12.626
1439154000,12.626,12.747985,12.6247,12.6541
1439240400,12.6541,12.823475,12.644185,12.788325
1439326800,12.788325,12.87545,12.70996,12.756205
1439413200,12.756205,12.83886,12.72305,12.813095
1439499600,12.813095,12.887135,12.76433,12.82475
1439758800,12.82475,12.923215,12.80648,12.90789
1439845200,12.90789,12.970775,12.881135,12.904045
1439931600,12.904045,12.975825,12.818315,12.887975
1440018000,12.887975,13.00305,12.84883,12.93557
1440104400,12.93557,12.98588,12.887825,12.970885
1440363600,12.970885,13.7937,12.96863,13.233015
1440450000,13.233015,13.234515,12.98245,13.193915
1440536400,13.193915,13.2021,13.037815,13.130215
1440622800,13.130215,13.188005,12.98904,13.14668
1440709200,13.14668,13.349645,13.114925,13.3107
1440968400,13.3107,13.365045,13.233005,13.27715
1441054800,13.27715,13.460735,13.23881,13.446015
1441141200,13.446015,13.51299,13.389445,13.44369
1441227600,13.44369,13.6438,13.39465,13.562805
1441314000,13.562805,13.889965,13.51894,13.87114
1441573200,13.87114,14.014505,13.85852,13.96815
1441659600,13.96815,13.986945,13.693775,13.723335
1441746000,13.723335,13.807855,13.54624,13.789815
1441832400,13.789815,13.965105,13.559185,13.629285
1441918800,13.629285,13.69453,13.537135,13.54226
1442178000,13.54226,13.61821,13.48258,13.48804
1442264400,13.48804,13.54742,13.41009,13.46808
1442350800,13.46808,13.492445,13.263055,13.266315
1442437200,13.266315,13.40395,13.17171,13.35217
1442523600,13.35217,13.352855,13.170975,13.3138
1442782800,13.3138,13.49726,13.29127,13.472625
1442869200,13.472625,13.74359,13.413585,13.678885
1442955600,13.678885,13.8777,13.63406,13.863325
1443042000,13.863325,14.081155,13.828325,13.84487
1443128400,13.84487,13.940645,13.721625,13.91333
1443387600,13.91333,14.10129,13.801755,14.059585
1443474000,14.059585,14.15846,13.88342,13.97948
1443560400,13.97948,13.985735,13.796495,13.85471
1443646800,13.85471,13.935715,13.716855,13.921875
1443733200,13.921875,14.020885,13.72724,13.73099
1443992400,13.73099,13.77493,13.52533,13.618335
1444078800,13.618335,13.717435,13.51261,13.51777
1444165200,13.51777,13.549955,13.340675,13.465335
1444251600,13.465335,13.531075,13.308395,13.309495
1444338000,13.309495,13.378145,13.239,13.35133
1444597200,13.35133,13.37747,13.25199,13.321285
1444683600,13.321285,13.558505,13.3078,13.546305
1444770000,13.546305,13.56768,13.21409,13.23583
1444856400,13.23583,13.23583,13.03046,13.049455
1444942800,13.049455,13.16453,13.042985,13.08356
1445202000,13.08356,13.2956,13.01161,13.29098
1445288400,13.29098,13.323925,13.174865,13.298675
1445374800,13.298675,13.538095,13.26939,13.527925
1445461200,13.527925,13.598115,13.38504,13.40063
1445547600,13.40063,13.700745,13.317785,13.63697
1445806800,13.63697,13.687515,13.56388,13.63975
1445893200,13.63975,13.75656,13.61244,13.675815
1445979600,13.675815,13.80143,13.51746,13.71239
1446066000,13.71239,13.914205,13.686045,13.895605
1446152400,13.895605,13.899095,13.764335,13.82298
1446415200,13.82298,13.83771,13.724365,13.787355
1446501600,13.787355,13.927045,13.73247,13.739655
1446588000,13.739655,13.9902,13.728165,13.95985
1446674400,13.95985,13.995835,13.86239,13.893805
1446760800,13.893805,14.20708,13.885365,14.16492
1447020000,14.16492,14.329995,14.12554,14.299585
1447106400,14.299585,14.382875,14.239265,14.268725
1447192800,14.268725,14.2763,14.15082,14.15259
1447279200,14.15259,14.33835,14.07425,14.309585
1447365600,14.309585,14.42901,14.270185,14.38932
1447624800,14.38932,14.441125,14.31253,14.315725
1447711200,14.315725,14.38979,14.206045,14.27308
1447797600,14.27308,14.31917,14.158185,14.16677
1447884000,14.16677,14.215015,13.99815,14.027545
1447970400,14.027545,14.044545,13.891085,13.95743
1448229600,13.95743,14.11092,13.95743,14.08893
1448316000,14.08893,14.16844,13.97136,14.04023
1448402400,14.04023,14.167265,13.99901,14.12927
1448488800,14.12927,14.293475,14.120285,14.28869
1448575200,14.28869,14.413535,14.265735,14.40574
1448834400,14.40574,14.491775,14.35324,14.448275
1448920800,14.448275,14.49347,14.36395,14.44154
1449007200,14.44154,14.4575,14.312035,14.354655
1449093600,14.354655,14.396635,14.247945,14.36552
1449180000,14.36552,14.476525,14.27166,14.36607
1449439200,14.36607,14.568965,14.33313,14.51658
1449525600,14.51658,14.700875,14.49369,14.594475
1449612000,14.594475,15.29292,14.50562,14.96648
1449698400,14.96648,15.48393,14.856905,15.473395
1449784800,15.473395,16.07263,15.365225,15.89386
1450044000,15.89386,15.89386,15.0267,15.107325
1450130400,15.107325,15.166115,14.85415,14.93047
1450216800,14.93047,15.098985,14.80823,14.94369
1450303200,14.94369,15.27376,14.868485,15.22946
1450389600,15.22946,15.24881,14.98996,15.08662
1450648800,15.08662,15.120995,14.98888,15.097705
1450735200,15.097705,15.21685,15.06236,15.16118
1450821600,15.16118,15.27975,15.142525,15.215405
1450908000,15.215405,15.29943,15.156575,15.2814
1451253600,15.2814,15.32727,15.14,15.307095
1451340000,15.307095,15.32401,15.260705,15.30235
1451426400,15.30235,15.590215,15.288205,15.55104
1451512800,15.55104,15.652915,15.45146,15.464035
1451858400,15.464035,15.692955,15.464035,15.56443
1451944800,15.56443,15.68776,15.50922,15.636335
1452031200,15.636335,15.871375,15.625825,15.860075
1452117600,15.860075,16.202475,15.843825,16.08148
1452204000,16.08148,16.321315,15.931165,16.31569
1452463200,16.31569,17.31497,16.31569,16.78051
1452549600,16.78051,16.9535,16.448955,16.668885
1452636000,16.668885,16.688155,16.356445,16.569735
1452722400,16.569735,16.684905,16.385075,16.44725
1452808800,16.44725,16.854635,16.43221,16.78631
1453068000,16.78631,16.97992,16.64223,16.87118
1453154400,16.87118,16.887555,16.573715,16.78132
1453240800,16.78132,16.95947,16.710835,16.76585
1453327200,16.76585,16.876225,16.482745,16.564715
1453413600,16.564715,16.635545,16.395165,16.45613
1453672800,16.45613,16.55309,16.40177,16.53894
1453759200,16.53894,16.65497,16.34387,16.4008
1453845600,16.4008,16.490645,16.30946,16.44535
1453932000,16.44535,16.4802,16.13761,16.20614
1454018400,16.20614,16.225375,15.86739,15.87479
1454277600,15.87479,16.11929,15.854,15.900845
1454364000,15.900845,16.231895,15.896515,16.21679
1454450400,16.21679,16.43884,15.92427,15.926265
1454536800,15.926265,16.03624,15.751895,15.86011
1454623200,15.86011,16.027215,15.76463,16.027075
1454882400,16.027075,16.223565,15.89508,16.13417
1454968800,16.13417,16.271975,15.9637,16.06818
1455055200,16.06818,16.09095,15.768415,15.886395
1455141600,15.886395,16.05534,15.652305,15.84803
1455228000,15.84803,15.958645,15.73316,15.87911
1455487200,15.87911,15.89325,15.712605,15.72421
1455573600,15.72421,15.81508,15.701425,15.793095
1455660000,15.793095,15.876625,15.439165,15.47357
1455746400,15.47357,15.52476,15.251955,15.414905
1455832800,15.414905,15.518965,15.36575,15.402
1456092000,15.402,15.42849,15.165315,15.19462
1456178400,15.19462,15.29698,15.06143,15.231415
1456264800,15.231415,15.767955,15.21139,15.59671
1456351200,15.59671,15.764925,15.509265,15.57819
1456437600,15.57819,16.312155,15.520385,16.16643
1456696800,16.16643,16.22607,15.744575,15.87573
1456783200,15.87573,15.886625,15.528575,15.58813
1456869600,15.58813,15.748515,15.542355,15.54887
1456956000,15.54887,15.73081,15.524295,15.65089
1457042400,15.65089,15.68749,15.26103,15.33878
1457301600,15.33878,15.419035,15.236975,15.256145
1457388000,15.256145,15.46783,15.23686,15.43781
1457474400,15.43781,15.496535,15.130655,15.210635
1457560800,15.210635,15.46918,15.02568,15.40611
1457647200,15.40611,15.44295,15.144675,15.226165
1457902800,15.226165,15.587135,15.21513,15.54008
1457989200,15.54008,16.04051,15.521525,15.92511
1458075600,15.92511,16.24303,15.62702,15.65433
1458162000,15.65433,15.756815,15.068155,15.16668
1458248400,15.16668,15.40501,15.14792,15.25786
1458507600,15.25786,15.42856,15.14814,15.220115
1458594000,15.220115,15.383375,15.177085,15.21765
1458680400,15.21765,15.413235,15.19049,15.34878
1458766800,15.34878,15.57673,15.330725,15.4574
1458853200,15.4574,15.53756,15.37038,15.45513
1459112400,15.45513,15.625125,15.39296,15.46107
1459198800,15.46107,15.55653,15.107935,15.16654
1459285200,15.16654,15.226295,14.81293,14.937005
1459371600,14.937005,14.97306,14.634555,14.76695
1459458000,14.76695,14.94781,14.606675,14.69293
1459717200,14.69293,14.81886,14.62921,14.790225
1459803600,14.790225,15.169705,14.77503,15.096545
1459890000,15.096545,15.29684,14.989195,15.08299
1459976400,15.08299,15.286635,15.00344,15.26217
1460062800,15.26217,15.26929,14.91895,14.97461
1460322000,14.97461,14.99793,14.627735,14.74104
1460408400,14.74104,14.781935,14.633195,14.70357
1460494800,14.70357,14.79681,14.505795,14.5313
1460581200,14.5313,14.728475,14.44385,14.54975
1460667600,14.54975,14.64964,14.47305,14.56189
1460926800,14.56189,14.752,14.458195,14.47908
1461013200,14.47908,14.5011,14.18955,14.2735
1461099600,14.2735,14.376245,14.163715,14.21084
1461186000,14.21084,14.355195,14.165255,14.31797
1461272400,14.31797,14.44286,14.25797,14.39923
1461531600,14.39923,14.55771,14.380215,14.45128
1461618000,14.45128,14.54131,14.35969,14.40175
1461704400,14.40175,14.61218,14.363455,14.40964
1461790800,14.40964,14.565525,14.23912,14.28529
1461877200,14.28529,14.29962,14.115625,14.23198
1462136400,14.23198,14.354235,14.175825,14.27193
1462222800,14.27193,14.666155,14.215195,14.639665
1462309200,14.639665,15.1148,14.617875,14.98149
1462395600,14.98149,15.15661,14.76878,14.97127
1462482000,14.97127,15.17578,14.7893,14.85554
1462741200,14.85554,15.211305,14.71192,15.179695
1462827600,15.179695,15.37371,15.08298,15.12602
1462914000,15.12602,15.30475,15.013905,15.033255
1463000400,15.033255,15.154535,14.89538,15.03741
1463086800,15.03741,15.42561,14.99346,15.4049
1463346000,15.4049,15.74416,15.378955,15.66717
1463432400,15.66717,15.697865,15.495155,15.54537
1463518800,15.54537,15.927985,15.54537,15.86845
1463605200,15.86845,15.98236,15.74567,15.79814
1463691600,15.79814,15.82384,15.61638,15.632675
1463950800,15.632675,15.785885,15.52346,15.722695
1464037200,15.722695,15.861775,15.60473,15.659815
1464123600,15.659815,15.78624,15.493385,15.672035
1464210000,15.672035,15.69986,15.495215,15.51842
1464296400,15.51842,15.73895,15.503055,15.72522
1464555600,15.72522,15.87411,15.67202,15.817305
1464642000,15.817305,15.86757,15.6557,15.709015
1464728400,15.709015,15.737105,15.538835,15.6032
1464814800,15.6032,15.666005,15.515855,15.57499
1464901200,15.57499,15.61566,15.063835,15.088655
1465160400,15.088655,15.1789,14.88633,14.90799
1465246800,14.90799,14.963055,14.799225,14.90381
1465333200,14.90381,14.98301,14.65265,14.73866
1465419600,14.73866,14.897685,14.731445,14.80437
1465506000,14.80437,15.3008,14.801185,15.22615
1465765200,15.22615,15.266615,14.85068,15.17928
1465851600,15.17928,15.40818,15.13937,15.30221
1465938000,15.30221,15.361325,15.172195,15.24747
1466024400,15.24747,15.54571,15.17764,15.34684
1466110800,15.34684,15.34684,15.113235,15.1506
1466370000,15.1506,15.1506,14.775405,14.85025
1466456400,14.85025,14.8596,14.62271,14.72491
1466542800,14.72491,14.77324,14.565285,14.614745
1466629200,14.614745,14.629155,14.353955,14.40693
1466715600,14.40693,15.67821,14.30912,15.07657
1466974800,15.07657,15.565155,15.05974,15.4588
1467061200,15.4588,15.472925,15.116625,15.17757
1467147600,15.17757,15.206055,14.782415,14.79209
1467234000,14.79209,14.97691,14.603435,14.730535
1467320400,14.730535,14.80147,14.50137,14.56536
1467579600,14.56536,14.616745,14.458575,14.567725
1467666000,14.567725,14.85502,14.55812,14.7436
1467752400,14.7436,14.950585,14.71191,14.736665
1467838800,14.736665,14.803235,14.59548,14.78383
1467925200,14.78383,14.82424,14.5037,14.53055
1468184400,14.53055,14.670115,14.41666,14.44667
1468270800,14.44667,14.467825,14.272265,14.33641
1468357200,14.33641,14.50282,14.30208,14.48276
1468443600,14.48276,14.49158,14.178035,14.226855
1468530000,14.226855,14.60471,14.22432,14.57553
1468789200,14.57553,14.57553,14.224685,14.24411
1468875600,14.24411,14.4624,14.231715,14.33597
1468962000,14.33597,14.402935,14.243675,14.346055
1469048400,14.346055,14.362015,14.162975,14.22974
1469134800,14.22974,14.377955,14.16723,14.29886
1469394000,14.29886,14.42873,14.270725,14.35478
1469480400,14.35478,14.4681,14.25723,14.36367
1469566800,14.36367,14.414455,14.202565,14.260325
1469653200,14.260325,14.284605,14.13275,14.14494
1469739600,14.14494,14.20649,13.831155,13.89415
1469998800,13.89415,13.95875,13.77624,13.920205
1470085200,13.920205,14.028405,13.90268,14.00091
1470171600,14.00091,14.06806,13.903235,13.907295
1470258000,13.907295,13.96201,13.668935,13.724025
1470344400,13.724025,13.84274,13.637195,13.71026
1470603600,13.71026,13.767885,13.57399,13.577285
1470690000,13.577285,13.65339,13.402915,13.413135
1470776400,13.413135,13.438295,13.20096,13.29589
1470862800,13.29589,13.450835,13.25479,13.404305
1470949200,13.404305,13.55355,13.32121,13.47703
1471208400,13.47703,13.49518,13.253335,13.30297
1471294800,13.30297,13.434785,13.211005,13.421615
1471381200,13.421615,13.54602,13.363325,13.369655
1471467600,13.369655,13.39844,13.250815,13.375525
1471554000,13.375525,13.548675,13.3522,13.50731
1471813200,13.50731,13.647235,13.45431,13.580255
1471899600,13.580255,14.004695,13.43481,14.00132
1471986000,14.00132,14.275915,13.884155,14.1638
1472072400,14.1638,14.32555,13.95896,14.21033
1472158800,14.21033,14.37692,13.968165,14.366255
1472418000,14.366255,14.544295,14.25939,14.40944
1472504400,14.40944,14.568135,14.33676,14.51912
1472590800,14.51912,14.743795,14.401155,14.72964
1472677200,14.72964,14.752855,14.571345,14.604435
1472763600,14.604435,14.68279,14.36371,14.49729
1473022800,14.49729,14.51169,14.332825,14.383915
1473109200,14.383915,14.40652,13.96732,13.97914
1473195600,13.97914,14.083815,13.91225,14.025195
1473282000,14.025195,14.169825,13.832325,14.136325
1473368400,14.136325,14.470255,14.114075,14.42233
1473627600,14.42233,14.589275,14.216665,14.22697
1473714000,14.22697,14.524225,14.21362,14.39446
1473800400,14.39446,14.45549,14.23151,14.32546
1473886800,14.32546,14.3922,14.101875,14.240935
1473973200,14.240935,14.326125,14.10277,14.18254
1474232400,14.18254,14.27,13.959385,14.014365
1474318800,14.014365,14.02614,13.833945,13.914955
1474405200,13.914955,13.94657,13.547395,13.57646
1474491600,13.57646,13.670305,13.37895,13.647115
1474578000,13.647115,13.73268,13.53713,13.71303
1474837200,13.71303,13.778855,13.61978,13.70629
1474923600,13.70629,13.735415,13.435885,13.458635
1475010000,13.458635,13.73598,13.397495,13.618915
1475096400,13.618915,13.98924,13.592485,13.892525
1475182800,13.892525,14.06651,13.70383,13.728145
1475442000,13.728145,13.765345,13.548585,13.597665
1475528400,13.597665,13.84601,13.576595,13.830365
1475614800,13.830365,13.839405,13.69292,13.718075
1475701200,13.718075,13.92798,13.715775,13.88759
1475787600,13.88759,14.009355,13.724475,13.87343
1476046800,13.87343,13.87343,13.737295,13.810505
1476133200,13.810505,14.43441,13.78886,14.376735
1476219600,14.376735,14.49559,14.010895,14.230365
1476306000,14.230365,14.39483,14.115455,14.254965
1476392400,14.254965,14.324125,14.08174,14.321015
1476651600,14.321015,14.36905,14.11886,14.147055
1476738000,14.147055,14.15828,13.86003,13.89686
1476824400,13.89686,13.95571,13.81675,13.8325
1476910800,13.8325,13.97699,13.830725,13.952335
1476997200,13.952335,14.08039,13.90042,13.984115
1477256400,13.984115,14.01837,13.83964,13.910055
1477342800,13.910055,13.940425,13.757505,13.757805
1477429200,13.757805,13.940655,13.687925,13.88995
1477515600,13.88995,13.986525,13.81454,13.87049
1477602000,13.87049,13.952125,13.77786,13.838
1477861200,13.838,13.838,13.466005,13.473365
1477947600,13.473365,13.67892,13.46874,13.61337
1478034000,13.61337,13.677155,13.315475,13.46291
1478120400,13.46291,13.53748,13.36943,13.46347
1478206800,13.46347,13.64314,13.437945,13.5821
1478469600,13.5821,13.59358,13.32372,13.3587
1478556000,13.3587,13.44189,13.172205,13.18371
1478642400,13.18371,13.833435,13.17967,13.43486
1478728800,13.43486,14.18684,13.328475,14.11847
1478815200,14.11847,14.46882,13.969785,14.33173
1479074400,14.33173,14.513895,14.24505,14.43092
1479160800,14.43092,14.440995,14.10779,14.178765
1479247200,14.178765,14.385175,14.11573,14.30504
1479333600,14.30504,14.43564,14.23727,14.42896
1479420000,14.42896,14.64986,14.328495,14.432
1479679200,14.432,14.486455,14.164055,14.23392
1479765600,14.23392,14.252295,14.011205,14.06385
1479852000,14.06385,14.295235,14.015145,14.158115
1479938400,14.158115,14.25216,14.087645,14.15039
1480024800,14.15039,14.21422,14.03888,14.11638
1480284000,14.11638,14.11638,13.7006,13.729755
1480370400,13.729755,14.083005,13.711055,13.879515
1480456800,13.879515,14.160255,13.85931,14.098325
1480543200,14.098325,14.159585,13.939865,14.10359
1480629600,14.10359,14.169875,13.78199,13.805105
1480888800,13.805105,13.98676,13.71191,13.72415
1480975200,13.72415,13.778955,13.58471,13.649635
1481061600,13.649635,13.68668,13.469035,13.47759
1481148000,13.47759,13.828095,13.46134,13.65448
1481234400,13.65448,13.841885,13.645205,13.800605
1481493600,13.800605,13.896195,13.591405,13.616555
1481580000,13.616555,13.766515,13.536395,13.60836
1481666400,13.60836,13.974725,13.58746,13.934745
1481752800,13.934745,14.177625,13.92902,13.965525
1481839200,13.965525,14.131185,13.88785,14.04111
1482098400,14.04111,14.147715,13.95114,14.14034
1482184800,14.14034,14.17202,13.914255,13.995505
1482271200,13.995505,14.015875,13.92033,14.003995
1482357600,14.003995,14.091355,13.923325,14.045235
1482444000,14.045235,14.070275,13.94159,14.00134
1482789600,14.00134,14.024885,13.888365,13.933805
1482876000,13.933805,13.948835,13.827585,13.8469
1482962400,13.8469,13.87337,13.595765,13.613555
1483048800,13.613555,13.80624,13.558075,13.739055
1483394400,13.739055,13.84996,13.69184,13.83218
1483480800,13.83218,13.83306,13.58244,13.6179
1483567200,13.6179,13.73894,13.49526,13.580395
1483653600,13.580395,13.78282,13.56742,13.74757
1483912800,13.74757,13.79718,13.6305,13.67202
1483999200,13.67202,13.76212,13.58616,13.741945
1484085600,13.741945,13.98152,13.64398,13.741715
1484172000,13.741715,13.77532,13.41182,13.505875
1484258400,13.505875,13.60026,13.44122,13.51435
1484517600,13.51435,13.71588,13.50114,13.6957
1484604000,13.6957,13.6957,13.4136,13.46721
1484690400,13.46721,13.63573,13.45714,13.63258
1484776800,13.63258,13.67506,13.53823,13.5605
1484863200,13.5605,13.64074,13.50677,13.596805
1485122400,13.596805,13.65422,13.47456,13.48797
1485208800,13.48797,13.49987,13.29144,13.382665
1485295200,13.382665,13.39808,13.22547,13.239025
1485381600,13.239025,13.42962,13.19801,13.35833
1485468000,13.35833,13.59827,13.32824,13.46888
1485727200,13.46888,13.68567,13.43017,13.507055
1485813600,13.507055,13.60632,13.35391,13.473735
1485900000,13.473735,13.53257,13.36069,13.47051
1485986400,13.47051,13.47384,13.3196,13.394125
1486072800,13.394125,13.50215,13.20863,13.272425
1486332000,13.272425,13.41581,13.23474,13.2899
1486418400,13.2899,13.4709,13.27476,13.45067
1486504800,13.45067,13.52652,13.35534,13.41397
1486591200,13.41397,13.48418,13.35527,13.39266
1486677600,13.39266,13.44273,13.3062,13.36662
1486936800,13.36662,13.41057,13.27964,13.335245
1487023200,13.335245,13.3377,13.07739,13.10328
1487109600,13.10328,13.1568,12.90536,12.91598
1487196000,12.91598,13.06014,12.90616,13.024675
1487282400,13.024675,13.15567,12.9699,13.05208
1487541600,13.05208,13.18175,13.02464,13.044115
1487628000,13.044115,13.18836,13.03032,13.138425
1487714400,13.138425,13.17636,12.94194,12.97232
1487800800,12.97232,13.02322,12.79164,12.872325
1487887200,12.872325,12.99406,12.86474,12.95201
1488146400,12.95201,13.03856,12.8782,13.009675
1488232800,13.009675,13.13716,12.9547,13.12848
1488319200,13.12848,13.1552,12.95647,13.02549
1488405600,13.02549,13.1816,12.99756,13.15604
1488492000,13.15604,13.17634,13.00654,13.026245
1488751200,13.026245,13.07631,12.93244,13.01302
1488837600,13.01302,13.0409,12.93204,12.974765
1488924000,12.974765,13.14845,12.94382,13.133685
1489010400,13.133685,13.36823,13.1242,13.333605
1489096800,13.333605,13.33802,13.12863,13.180625
1489352400,13.180625,13.20815,13.07622,13.138095
1489438800,13.138095,13.24643,13.11164,13.153315
1489525200,13.153315,13.16918,12.76622,12.79578
1489611600,12.79578,12.86522,12.67665,12.766485
1489698000,12.766485,12.79768,12.69248,12.731125
1489957200,12.731125,12.74321,12.61468,12.64535
1490043600,12.64535,12.70577,12.52464,12.67107
1490130000,12.67107,12.73126,12.53754,12.566955
1490216400,12.566955,12.59754,12.43392,12.456635
1490302800,12.456635,12.51558,12.40138,12.437915
1490562000,12.437915,12.84168,12.31242,12.74084
1490648400,12.74084,13.1105,12.7316,12.992095
1490734800,12.992095,13.15822,12.89352,13.03744
1490821200,13.03744,13.29284,12.79388,13.275675
1490907600,13.275675,13.62624,13.26174,13.421465
1491166800,13.421465,13.75018,13.36449,13.683575
1491253200,13.683575,13.94526,13.50172,13.62703
1491339600,13.62703,13.86718,13.46923,13.80694
1491426000,13.80694,13.88866,13.70696,13.758205
1491512400,13.758205,13.8428,13.70746,13.774875
1491771600,13.774875,13.95787,13.7632,13.95001
1491858000,13.95001,13.95374,13.75912,13.82335
1491944400,13.82335,13.82998,13.45393,13.461005
1492030800,13.461005,13.59046,13.40127,13.46126
1492117200,13.46126,13.47892,13.39906,13.42512
1492376400,13.42512,13.44567,13.27752,13.295395
1492462800,13.295395,13.42384,13.24072,13.28859
1492549200,13.28859,13.37942,13.26322,13.27922
1492635600,13.27922,13.29143,13.11786,13.149845
1492722000,13.149845,13.19548,13.10162,13.122335
1492981200,13.122335,13.122335,12.87773,13.01306
1493067600,13.01306,13.12782,12.96842,13.05803
1493154000,13.05803,13.36916,13.05088,13.282395
1493240400,13.282395,13.39314,13.17418,13.356885
1493326800,13.356885,13.39372,13.22944,13.36926
1493586000,13.36926,13.43496,13.29248,13.41061
1493672400,13.41061,13.4224,13.26688,13.350825
1493758800,13.350825,13.439,13.31164,13.436505
1493845200,13.436505,13.67798,13.40709,13.65797
1493931600,13.65797,13.71068,13.41176,13.4174
1494190800,13.4174,13.64514,13.4174,13.62412
1494277200,13.62412,13.70816,13.56334,13.627125
1494363600,13.627125,13.63241,13.42761,13.47917
1494450000,13.47917,13.5244,13.31372,13.367635
1494536400,13.367635,13.48251,13.31382,13.36506
1494795600,13.36506,13.3896,13.15384,13.18352
1494882000,13.18352,13.19407,13.04139,13.05969
1494968400,13.05969,13.2219,13.04588,13.20345
1495054800,13.20345,13.58808,13.19386,13.426195
1495141200,13.426195,13.43232,13.20262,13.233615
1495400400,13.233615,13.27641,13.14047,13.22882
1495486800,13.22882,13.31714,13.02168,13.08315
1495573200,13.08315,13.1628,12.89088,12.909885
1495659600,12.909885,12.9465,12.83805,12.929555
1495746000,12.929555,12.99004,12.81246,12.870055
1496005200,12.870055,13.01156,12.72808,12.966255
1496091600,12.966255,13.1682,12.96298,13.13132
1496178000,13.13132,13.21118,13.06064,13.08774
1496264400,13.08774,13.14554,12.86112,12.879675
1496350800,12.879675,12.95996,12.77102,12.82542
1496610000,12.82542,12.85542,12.68158,12.704665
1496696400,12.704665,12.89458,12.69014,12.823585
1496782800,12.823585,12.89049,12.78996,12.8352
1496869200,12.8352,12.9358,12.79786,12.920405
1496955600,12.920405,12.96112,12.8256,12.94878
1497214800,12.94878,12.94878,12.78722,12.819245
1497301200,12.819245,12.82982,12.74174,12.76475
1497387600,12.76475,12.79445,12.55856,12.62631
1497474000,12.62631,12.90528,12.58361,12.877505
1497560400,12.877505,12.93071,12.79727,12.80382
1497819600,12.80382,13.05524,12.75441,12.99607
1497906000,12.99607,13.11545,12.92437,13.068945
1497992400,13.068945,13.1362,13.01749,13.081985
1498078800,13.081985,13.08244,12.93812,12.968425
1498165200,12.968425,13.01926,12.903,12.93305
1498424400,12.93305,12.94982,12.81923,12.86258
1498510800,12.86258,13.04029,12.80402,13.03057
1498597200,13.03057,13.07586,12.92307,12.934815
1498683600,12.934815,13.08364,12.87512,13.020685
1498770000,13.020685,13.14117,12.9891,13.09173
1499029200,13.09173,13.24771,13.04522,13.214435
1499115600,13.214435,13.27672,13.15587,13.19204
1499202000,13.19204,13.49753,13.14862,13.38401
1499288400,13.38401,13.5103,13.34996,13.44188
1499374800,13.44188,13.53577,13.3059,13.392515
1499634000,13.392515,13.52338,13.28501,13.482035
1499720400,13.482035,13.62871,13.44,13.56036
1499806800,13.56036,13.56602,13.22696,13.248515
1499893200,13.248515,13.27596,13.14711,13.212265
1499979600,13.212265,13.26954,12.98947,13.032755
1500238800,13.032755,13.05372,12.89173,12.949305
1500325200,12.949305,12.96822,12.88252,12.89824
1500411600,12.89824,12.96727,12.89036,12.91807
1500498000,12.91807,13.06654,12.90947,13.03617
1500584400,13.03617,13.04914,12.86892,12.917615
1500843600,12.917615,13.01216,12.8821,12.962695
1500930000,12.962695,13.09635,12.92302,13.077625
1501016400,13.077625,13.09492,12.8959,12.905395
1501102800,12.905395,13.05814,12.8605,13.002305
1501189200,13.002305,13.06866,12.97642,13.00549
1501448400,13.00549,13.24612,12.97655,13.180225
1501534800,13.180225,13.31063,13.15073,13.27241
1501621200,13.27241,13.31822,13.19292,13.207615
1501707600,13.207615,13.42645,13.207615,13.403255
1501794000,13.403255,13.48553,13.30715,13.426765
1502053200,13.426765,13.45269,13.17854,13.227115
1502139600,13.227115,13.42168,13.11257,13.379955
1502226000,13.379955,13.5366,13.35587,13.44084
1502312400,13.44084,13.47304,13.31192,13.460865
1502398800,13.460865,13.51856,13.42214,13.45775
1502658000,13.45775,13.45775,13.26622,13.328285
1502744400,13.328285,13.41531,13.28233,13.31265
1502830800,13.31265,13.33422,13.1696,13.177485
1502917200,13.177485,13.26678,13.12829,13.261745
1503003600,13.261745,13.31132,13.14393,13.15729
1503262800,13.15729,13.24899,13.14376,13.172575
1503349200,13.172575,13.23909,13.13666,13.225205
1503435600,13.225205,13.2785,13.14619,13.16276
1503522000,13.16276,13.23762,13.14668,13.19998
1503608400,13.19998,13.21756,12.99606,13.01773
1503867600,13.01773,13.08332,13.0048,13.044065
1503954000,13.044065,13.1226,12.94784,12.984675
1504040400,12.984675,13.10172,12.97114,13.004975
1504126800,13.004975,13.08207,12.98324,13.00835
1504213200,13.00835,13.02478,12.85375,12.940025
1504472400,12.940025,12.9859,12.91822,12.970115
1504558800,12.970115,12.99234,12.85662,12.909615
1504645200,12.909615,12.9481,12.73974,12.788145
1504731600,12.788145,12.87529,12.76176,12.79881
1504818000,12.79881,12.94849,12.76136,12.93539
1505077200,12.93539,12.986,12.86723,12.979465
1505163600,12.979465,13.04949,12.87468,13.007895
1505250000,13.007895,13.18062,12.9711,13.133505
1505336400,13.133505,13.26782,13.105,13.121945
1505422800,13.121945,13.22056,13.11158,13.169875
1505682000,13.169875,13.31946,13.13294,13.306785
1505768400,13.306785,13.34901,13.26467,13.32086
1505854800,13.32086,13.3854,13.19338,13.323865
1505941200,13.323865,13.40407,13.23729,13.27909
1506027600,13.27909,13.3019,13.16438,13.245205
1506286800,13.245205,13.36224,13.22654,13.332855
1506373200,13.332855,13.42681,13.27282,13.375315
1506459600,13.375315,13.60417,13.36006,13.589115
1506546000,13.589115,13.71155,13.50222,13.51614
1506632400,13.51614,13.56822,13.42768,13.55504
1506891600,13.55504,13.66148,13.51679,13.598035
1506978000,13.598035,13.7719,13.5776,13.65832
1507064400,13.65832,13.6629,13.54671,13.574545
1507150800,13.574545,13.69766,13.56292,13.67741
1507237200,13.67741,13.81621,13.65696,13.720815
1507496400,13.720815,13.86216,13.70556,13.809265
1507582800,13.809265,13.81403,13.62162,13.70136
1507669200,13.70136,13.71274,13.51027,13.528605
1507755600,13.528605,13.54395,13.40354,13.48079
1507842000,13.48079,13.49212,13.25448,13.26705
1508101200,13.26705,13.35106,13.26314,13.31474
1508187600,13.31474,13.47029,13.29262,13.393155
1508274000,13.393155,13.59975,13.38918,13.574465
1508360400,13.574465,13.59878,13.47339,13.48691
1508446800,13.48691,13.74341,13.48691,13.643025
1508706000,13.643025,13.76876,13.643025,13.705965
1508792400,13.705965,13.783,13.67814,13.767775
1508878800,13.767775,14.13598,13.70662,14.051005
1508965200,14.051005,14.29811,14.03008,14.24131
1509051600,14.24131,14.35476,14.08908,14.109585
1509310800,14.109585,14.14182,14.0233,14.063935
1509397200,14.063935,14.18423,14.01455,14.128575
1509483600,14.128575,14.1698,14.03312,14.06862
1509570000,14.06862,14.08392,13.90831,13.97973
1509656400,13.97973,14.26014,13.97226,14.223165
1509919200,14.223165,14.29706,14.07842,14.09523
1510005600,14.09523,14.25878,14.09428,14.23782
1510092000,14.23782,14.24508,14.11154,14.150465
1510178400,14.150465,14.31613,14.10594,14.249215
1510264800,14.249215,14.41855,14.23897,14.380525
1510524000,14.380525,14.57409,14.34115,14.474265
1510610400,14.474265,14.52332,14.34652,14.368955
1510696800,14.368955,14.44771,14.30991,14.39398
1510783200,14.39398,14.42096,14.1524,14.157435
1510869600,14.157435,14.23681,13.95758,13.97189
1511128800,13.97189,14.08582,13.97189,14.04383
1511215200,14.04383,14.14966,13.9564,13.9689
1511301600,13.9689,13.99632,13.80393,13.82074
1511388000,13.82074,13.91948,13.81962,13.883235
1511474400,13.883235,14.16092,13.82566,14.15651
1511733600,14.15651,14.15651,13.67561,13.757065
1511820000,13.757065,13.80832,13.56506,13.66395
1511906400,13.66395,13.75082,13.57658,13.65916
1511992800,13.65916,13.72523,13.55842,13.71087
1512079200,13.71087,13.79506,13.65456,13.73795
1512338400,13.73795,13.80637,13.49036,13.51115
1512424800,13.51115,13.57349,13.43393,13.450755
1512511200,13.450755,13.5905,13.44972,13.51527
1512597600,13.51527,13.74569,13.51527,13.734965
1512684000,13.734965,13.75976,13.5512,13.65587
1512943200,13.65587,13.69413,13.56068,13.599695
1513029600,13.599695,13.72125,13.57178,13.67479
1513116000,13.67479,13.67552,13.42792,13.462525
1513202400,13.462525,13.53187,13.38228,13.512055
1513288800,13.512055,13.52517,13.07471,13.1009
1513548000,13.1009,13.18865,12.53164,12.75028
1513634400,12.75028,12.86609,12.66162,12.70622
1513720800,12.70622,12.79851,12.56737,12.737015
1513807200,12.737015,12.77888,12.67935,12.76117
1513893600,12.76117,12.77496,12.57946,12.599205
1514239200,12.599205,12.65015,12.49982,12.504415
1514325600,12.504415,12.51478,12.26692,12.2718
1514412000,12.2718,12.43546,12.23843,12.40646
1514498400,12.40646,12.42834,12.28436,12.37619
1514844000,12.37619,12.47274,12.26211,12.45932
1514930400,12.45932,12.51346,12.31542,12.363555
1515016800,12.363555,12.40234,12.23133,12.29883
1515103200,12.29883,12.40296,12.2897,12.30902
1515362400,12.30902,12.46873,12.29594,12.38522
1515448800,12.38522,12.46154,12.25756,12.346485
1515535200,12.346485,12.54633,12.33712,12.436565
1515621600,12.436565,12.50027,12.36237,12.391825
1515708000,12.391825,12.46708,12.35924,12.366295
1515967200,12.366295,12.39352,12.2677,12.306465
1516053600,12.306465,12.36277,12.19429,12.272725
1516140000,12.272725,12.3448,12.22112,12.304645
1516226400,12.304645,12.34275,12.10488,12.131575
1516312800,12.131575,12.24549,12.06964,12.173515
1516572000,12.173515,12.173515,12.01385,12.052105
1516658400,12.052105,12.16001,12.0295,12.03295
1516744800,12.03295,12.05059,11.84791,11.856785
1516831200,11.856785,11.94235,11.79708,11.910345
1516917600,11.910345,11.93828,11.8127,11.86274
1517176800,11.86274,12.01874,11.85768,11.9426
1517263200,11.9426,12.05468,11.87274,11.961735
1517349600,11.961735,11.98881,11.81702,11.84707
1517436000,11.84707,11.94622,11.82799,11.85267
1517522400,11.85267,12.0986,11.84816,12.089095
1517781600,12.089095,12.14568,11.98776,12.133705
1517868000,12.133705,12.18144,11.8905,11.920135
1517954400,11.920135,12.07046,11.8756,12.06927
1518040800,12.06927,12.19902,12.0177,12.176055
1518127200,12.176055,12.176055,11.99023,11.99413
1518386400,11.99413,12.03692,11.88049,11.93329
1518472800,11.93329,11.99832,11.87758,11.96117
1518559200,11.96117,11.97322,11.65954,11.7174
1518645600,11.7174,11.7477,11.60135,11.618015
1518732000,11.618015,11.68819,11.56204,11.63022
1518991200,11.63022,11.70565,11.58028,11.67323
1519077600,11.67323,11.77174,11.66964,11.73037
1519164000,11.73037,11.78233,11.58372,11.664515
1519250400,11.664515,11.73822,11.63256,11.656285
1519336800,11.656285,11.69297,11.54068,11.55264
1519596000,11.55264,11.6466,11.50776,11.5561
1519682400,11.5561,11.77534,11.54886,11.7247
1519768800,11.7247,11.81918,11.67575,11.795865
1519855200,11.795865,11.94638,11.78605,11.856715
1519941600,11.856715,12.02646,11.82932,11.9236
1520200800,11.9236,12.02726,11.83093,11.83098
1520287200,11.83098,11.85286,11.7111,11.780895
1520373600,11.780895,11.9238,11.766995,11.83827
1520460000,11.83827,11.94927,11.82902,11.913315
1520546400,11.913315,11.93046,11.77966,11.81408
1520802000,11.81408,11.87264,11.77921,11.825085
1520888400,11.825085,11.85871,11.75041,11.815875
1520974800,11.815875,11.82364,11.73816,11.775065
1521061200,11.775065,11.92192,11.76752,11.899315
1521147600,11.899315,12.00613,11.88153,11.977415
1521406800,11.977415,12.11028,11.96726,12.016585
1521493200,12.016585,12.04671,11.92106,11.966555
1521579600,11.966555,12.02562,11.80985,11.833445
1521666000,11.833445,11.90778,11.76216,11.852385
1521752400,11.852385,11.89766,11.67249,11.736865
1522011600,11.736865,11.736865,11.60442,11.630595
1522098000,11.630595,11.69288,11.6225,11.67014
1522184400,11.67014,11.80081,11.64194,11.775645
1522270800,11.775645,11.89688,11.75077,11.83901
1522357200,11.83901,11.842845,11.81308,11.82545
1522616400,11.82545,11.879,11.79123,11.84787
1522702800,11.84787,11.8732,11.7901,11.821825
1522789200,11.821825,11.94054,11.79836,11.87948
1522875600,11.87948,11.98838,11.86639,11.982025
1522962000,11.982025,12.09384,11.96035,12.03137
1523221200,12.03137,12.15776,11.97168,12.094835
1523307600,12.094835,12.13662,12.01572,12.03815
1523394000,12.03815,12.12634,11.92282,11.942475
1523480400,11.942475,12.07214,11.942475,12.060565
1523566800,12.060565,12.09746,12.01338,12.08448
1523826000,12.08448,12.10598,12.0383,12.05405
1523912400,12.05405,12.05618,11.96927,11.98362
1523998800,11.98362,12.04648,11.9115,11.93179
1524085200,11.93179,11.99368,11.91716,11.96098
1524171600,11.96098,12.11385,11.95782,12.10518
1524430800,12.10518,12.36285,12.06484,12.35766
1524517200,12.35766,12.40258,12.25779,12.32698
1524603600,12.32698,12.53162,12.31971,12.43913
1524690000,12.43913,12.46538,12.35364,12.39141
1524776400,12.39141,12.4414,12.30127,12.3295
1525035600,12.3295,12.48948,12.29493,12.4631
1525122000,12.4631,12.6941,12.43842,12.65553
1525208400,12.65553,12.73462,12.55107,12.70764
1525294800,12.70764,12.73344,12.56661,12.58526
1525381200,12.58526,12.68324,12.45196,12.49698
1525640400,12.49698,12.59371,12.48254,12.54186
1525726800,12.54186,12.66286,12.49942,12.57133
1525813200,12.57133,12.7234,12.52764,12.5585
1525899600,12.5585,12.58588,12.27048,12.30136
1525986000,12.30136,12.37002,12.18034,12.27511
1526245200,12.27511,12.33666,12.18066,12.32976
1526331600,12.32976,12.64998,12.32453,12.56964
1526418000,12.56964,12.61718,12.39133,12.43925
1526504400,12.43925,12.62076,12.4068,12.6065
1526590800,12.6065,12.81798,12.51577,12.77144
1526850000,12.77144,12.89382,12.65875,12.67569
1526936400,12.67569,12.68884,12.49394,12.56854
1527022800,12.56854,12.70786,12.40491,12.45438
1527109200,12.45438,12.54878,12.38339,12.421
1527195600,12.421,12.53704,12.4146,12.50542
1527454800,12.50542,12.51284,12.42066,12.46654
1527541200,12.46654,12.70267,12.44996,12.6944
1527627600,12.6944,12.73901,12.51089,12.52178
1527714000,12.52178,12.73443,12.45278,12.70079
1527800400,12.70079,12.76182,12.58215,12.68852
1528059600,12.68852,12.68854,12.51756,12.56768
1528146000,12.56768,12.83109,12.52768,12.76596
1528232400,12.76596,12.87656,12.6683,12.70855
1528318800,12.70855,13.04936,12.6826,13.00819
1528405200,13.00819,13.28656,12.94436,13.06498
1528664400,13.06498,13.17578,12.99344,13.16338
1528750800,13.16338,13.34738,13.13894,13.32606
1528837200,13.32606,13.4407,13.18934,13.30834
1528923600,13.30834,13.4702,13.09974,13.45707
1529010000,13.45707,13.49709,13.3607,13.43107
1529269200,13.43107,13.7311,13.39376,13.6433
1529355600,13.6433,13.91618,13.63066,13.75108
1529442000,13.75108,13.76877,13.56,13.65527
1529528400,13.65527,13.78802,13.55818,13.58274
1529614800,13.58274,13.59024,13.40092,13.42265
1529874000,13.42265,13.64198,13.41085,13.5467
1529960400,13.5467,13.61609,13.47544,13.53964
1530046800,13.53964,13.93931,13.51902,13.85982
1530133200,13.85982,13.99847,13.75781,13.76927
1530219600,13.76927,13.8425,13.6755,13.72484
1530478800,13.72484,13.92598,13.70955,13.83138
1530565200,13.83138,13.90268,13.65764,13.67448
1530651600,13.67448,13.74104,13.60471,13.67954
1530738000,13.67954,13.73252,13.50568,13.53752
1530824400,13.53752,13.63084,13.45063,13.48383
1531083600,13.48383,13.48383,13.3081,13.41154
1531170000,13.41154,13.5227,13.25316,13.32932
1531256400,13.32932,13.57726,13.30796,13.55907
1531342800,13.55907,13.57512,13.2306,13.30256
1531429200,13.30256,13.39732,13.22178,13.27369
1531688400,13.27369,13.28116,13.16478,13.22182
1531774800,13.22182,13.29618,13.18794,13.26046
1531861200,13.26046,13.37348,13.20854,13.26655
1531947600,13.26655,13.5981,13.25788,13.53869
1532034000,13.53869,13.62548,13.39026,13.40394
1532293200,13.40394,13.57252,13.3969,13.46118
1532379600,13.46118,13.52386,13.26692,13.28481
1532466000,13.28481,13.32273,13.10274,13.10999
1532552400,13.10999,13.25894,13.10072,13.24376
1532638800,13.24376,13.28144,13.13308,13.18016
1532898000,13.18016,13.22653,13.13106,13.15802
1532984400,13.15802,13.27704,13.08058,13.27456
1533070800,13.27456,13.37941,13.17594,13.23154
1533157200,13.23154,13.50968,13.20826,13.45192
1533243600,13.45192,13.50901,13.27104,13.32472
1533502800,13.32472,13.46486,13.31468,13.44111
1533589200,13.44111,13.4574,13.27732,13.33486
1533675600,13.33486,13.47964,13.2619,13.41002
1533762000,13.41002,13.71482,13.36408,13.70667
1533848400,13.70667,14.14994,13.6606,14.07886
1534107600,14.07886,15.32478,14.07886,14.41728
1534194000,14.41728,14.48997,14.02192,14.24484
1534280400,14.24484,14.74284,14.16157,14.5719
1534366800,14.5719,14.88982,14.32301,14.73642
1534453200,14.73642,15.0274,14.61854,14.65174
1534712400,14.65174,14.76714,14.45346,14.52688
1534798800,14.52688,14.52688,14.27586,14.39379
1534885200,14.39379,14.45788,14.14836,14.16524
1534971600,14.16524,14.44634,14.16062,14.40518
1535058000,14.40518,14.43636,14.17428,14.2628
1535317200,14.2628,14.35143,14.1087,14.1631
1535403600,14.1631,14.2469,13.95335,14.22804
1535490000,14.22804,14.49876,14.19438,14.35762
1535576400,14.35762,14.83426,14.33947,14.71997
1535662800,14.71997,14.79672,14.59928,14.68815
1535922000,14.68815,14.94456,14.64918,14.85709
1536008400,14.85709,15.38782,14.85537,15.34487
1536094800,15.34487,15.69712,15.25984,15.42334
1536181200,15.42334,15.53763,15.23034,15.3324
1536267600,15.3324,15.35756,15.05784,15.23903
1536526800,15.23903,15.32558,15.1149,15.1959
1536613200,15.1959,15.22513,15.0104,15.05769
1536699600,15.05769,15.17736,14.9194,14.9551
1536786000,14.9551,14.97244,14.61892,14.77228
1536872400,14.77228,14.95889,14.66395,14.93519
1537131600,14.93519,15.06958,14.8529,14.92263
1537218000,14.92263,14.98688,14.81183,14.8916
1537304400,14.8916,14.90932,14.61712,14.64052
1537390800,14.64052,14.68552,14.27494,14.28749
1537477200,14.28749,14.43626,14.1837,14.30828
1537736400,14.30828,14.42672,14.2013,14.3759
1537822800,14.3759,14.45043,14.32182,14.35052
1537909200,14.35052,14.38232,14.08854,14.13698
1537995600,14.13698,14.23432,14.00502,14.12525
1538082000,14.12525,14.26067,14.0753,14.14357
1538341200,14.14357,14.23422,14.0638,14.22487
1538427600,14.22487,14.445,14.21544,14.35755
1538514000,14.35755,14.66132,14.28038,14.64594
1538600400,14.64594,14.93392,14.60718,14.86764
1538686800,14.86764,14.88542,14.67578,14.77049
1538946000,14.77049,14.98646,14.75052,14.85351
1539032400,14.85351,15.0618,14.55947,14.56334
1539118800,14.56334,14.79176,14.51972,14.76801
1539205200,14.76801,14.77672,14.52216,14.63386
1539291600,14.63386,14.63408,14.41978,14.52124
1539550800,14.52124,14.57358,14.32504,14.3665
1539637200,14.3665,14.40784,14.13836,14.16074
1539723600,14.16074,14.28129,14.10597,14.24829
1539810000,14.24829,14.49037,14.17836,14.44974
1539896400,14.44974,14.46796,14.31664,14.39432
1540155600,14.39432,14.45859,14.25546,14.32276
1540242000,14.32276,14.44026,14.21816,14.25494
1540328400,14.25494,14.60944,14.14579,14.56416
1540414800,14.56416,14.64011,14.45341,14.62036
1540501200,14.62036,14.75491,14.54426,14.60352
1540760400,14.60352,14.74562,14.41888,14.72206
1540846800,14.72206,14.7321,14.55104,14.59526
1540933200,14.59526,14.85212,14.5858,14.77265
1541019600,14.77265,14.79346,14.36424,14.40572
1541106000,14.40572,14.46079,14.2246,14.30608
1541368800,14.30608,14.41537,14.1427,14.15518
1541455200,14.15518,14.2858,14.10845,14.11072
1541541600,14.11072,14.19495,13.86582,13.90452
1541628000,13.90452,14.177,13.89131,14.1331
1541714400,14.1331,14.41453,14.11694,14.3268
1541973600,14.3268,14.4947,14.28371,14.48296
1542060000,14.48296,14.56643,14.35261,14.45533
1542146400,14.45533,14.46064,14.26986,14.39444
1542232800,14.39444,14.39845,14.13097,14.17571
1542319200,14.17571,14.25052,13.94939,13.99364
1542578400,13.99364,14.06936,13.92093,14.02692
1542664800,14.02692,14.17268,13.98657,14.09277
1542751200,14.09277,14.13394,13.83556,13.93287
1542837600,13.93287,13.96886,13.7165,13.75063
1542924000,13.75063,13.90994,13.74037,13.85932
1543183200,13.85932,13.92169,13.71112,13.90713
1543269600,13.90713,13.99668,13.78576,13.9283
1543356000,13.9283,13.99216,13.73446,13.77662
1543442400,13.77662,13.79258,13.60148,13.66668
1543528800,13.66668,13.93338,13.63936,13.87042
1543788000,13.87042,13.87042,13.57869,13.69182
1543874400,13.69182,13.88857,13.54216,13.85092
1543960800,13.85092,13.88326,13.72596,13.84638
1544047200,13.84638,14.21092,13.83732,14.04695
1544133600,14.04695,14.20858,13.92308,14.16225
1544392800,14.16225,14.47921,14.08697,14.3841
1544479200,14.3841,14.46918,14.24268,14.34183
1544565600,14.34183,14.36627,14.04316,14.11456
1544652000,14.11456,14.23326,14.0675,14.18184
1544738400,14.18184,14.47138,14.17874,14.39967
1544997600,14.39967,14.44448,14.29198,14.39676
1545084000,14.39676,14.40735,14.23978,14.35096
1545170400,14.35096,14.43598,14.10824,14.38668
1545256800,14.38668,14.4316,14.17509,14.41404
1545343200,14.41404,14.69493,14.29282,14.64306
1545602400,14.64306,14.65958,14.48509,14.58651
1545775200,14.58651,14.64037,14.4806,14.55587
1545861600,14.55587,14.57884,14.43932,14.49484
1545948000,14.49484,14.53269,14.34284,14.4276
1546207200,14.4276,14.45224,14.33908,14.35983
1546380000,14.35983,14.53923,14.30918,14.46484
1546466400,14.46484,14.69306,14.24628,14.30628
1546552800,14.30628,14.37192,13.92233,13.96681
1546812000,13.96681,14.00915,13.83198,13.8849
1546898400,13.8849,14.04912,13.87258,13.9619
1546984800,13.9619,14.02062,13.8224,13.85952
1547071200,13.85952,13.95714,13.82252,13.85463
1547157600,13.85463,13.89567,13.7732,13.83786
1547416800,13.83786,13.96288,13.75492,13.77302
1547503200,13.77302,13.83706,13.72246,13.73774
1547589600,13.73774,13.76078,13.64534,13.69117
1547676000,13.69117,13.83265,13.66911,13.72108
1547762400,13.72108,13.86834,13.69345,13.84352
1548021600,13.84352,13.90852,13.81682,13.82808
1548108000,13.82808,13.98382,13.82416,13.97281
1548194400,13.97281,13.97829,13.80998,13.8156
1548280800,13.8156,13.8578,13.67076,13.72255
1548367200,13.72255,13.74661,13.58764,13.62115
1548626400,13.62115,13.7208,13.58926,13.66216
1548712800,13.66216,13.72412,13.58503,13.59916
1548799200,13.59916,13.64469,13.31473,13.32488
1548885600,13.32488,13.3925,13.2354,13.25294
1548972000,13.25294,13.37768,13.24539,13.32422
1549231200,13.32422,13.4386,13.32349,13.42018
1549317600,13.42018,13.44111,13.33872,13.37571
1549404000,13.37571,13.59349,13.37226,13.5463
1549490400,13.5463,13.67564,13.52416,13.62704
1549576800,13.62704,13.70318,13.57624,13.61958
1549836000,13.61958,13.84644,13.58238,13.80796
1549922400,13.80796,13.85192,13.73096,13.77124
1550008800,13.77124,14.06554,13.71058,14.06384
1550095200,14.06384,14.27318,13.96062,14.12615
1550181600,14.12615,14.20055,14.0475,14.0714
1550440800,14.0714,14.1593,14.03048,14.11722
1550527200,14.11722,14.20148,14.00626,14.0416
1550613600,14.0416,14.37185,13.9342,14.02
1550700000,14.02,14.05726,13.87268,14.02421
1550786400,14.02421,14.05378,13.94596,13.99402
1551045600,13.99402,14.00543,13.8004,13.8267
1551132000,13.8267,13.89267,13.81975,13.83644
1551218400,13.83644,13.97215,13.82746,13.9378
1551304800,13.9378,14.09532,13.92239,14.0846
1551391200,14.0846,14.2411,14.07071,14.23097
1551650400,14.23097,14.28745,14.14506,14.21699
1551736800,14.21699,14.22963,14.11344,14.16154
1551823200,14.16154,14.27384,14.16154,14.2675
1551909600,14.2675,14.56114,14.21086,14.5028
1551996000,14.5028,14.58624,14.38606,14.43783
1552251600,14.43783,14.45772,14.3229,14.34128
1552338000,14.34128,14.36066,14.22596,14.35238
1552424400,14.35238,14.4545,14.29816,14.42313
1552510800,14.42313,14.54322,14.41488,14.53838
1552597200,14.53838,14.54344,14.37972,14.40716
1552856400,14.40716,14.49176,14.35709,14.44208
1552942800,14.44208,14.52829,14.33336,14.50516
1553029200,14.50516,14.53804,14.16022,14.26322
1553115600,14.26322,14.30559,14.14112,14.20976
1553202000,14.20976,14.54565,14.18106,14.49746
1553461200,14.49746,14.53894,14.27372,14.31526
1553547600,14.31526,14.44825,14.2897,14.41712
1553634000,14.41712,14.6727,14.39596,14.60026
1553720400,14.60026,14.74878,14.56748,14.607
1553806800,14.607,14.6158,14.36548,14.49853
1554066000,14.49853,14.49853,14.1367,14.1584
1554152400,14.1584,14.2878,14.07358,14.20843
1554238800,14.20843,14.22185,14.105,14.14402
1554325200,14.14402,14.22712,14.08572,14.1208
1554411600,14.1208,14.15026,14.01715,14.09326
1554670800,14.09326,14.17806,14.06588,14.11154
1554757200,14.11154,14.13669,14.00986,14.08848
1554843600,14.08848,14.09608,13.89768,13.91362
1554930000,13.91362,14.05472,13.87157,14.00774
1555016400,14.00774,14.1011,13.91025,13.95955
1555275600,13.95955,14.06906,13.89496,14.04735
1555362000,14.04735,14.11995,14.00888,14.03302
1555448400,14.03302,14.04728,13.92635,13.98767
1555534800,13.98767,14.11982,13.9766,14.0536
1555621200,14.0536,14.08086,14.04201,14.06578
1555880400,14.06578,14.18672,14.04682,14.15814
1555966800,14.15814,14.33748,14.1334,14.25793
1556053200,14.25793,14.47141,14.2576,14.43688
1556139600,14.43688,14.55416,14.39752,14.41876
1556226000,14.41876,14.4738,14.27928,14.38273
1556485200,14.37703,14.39285,14.28334,14.3186
1556571600,14.3186,14.38789,14.2737,14.29846
1556658000,14.29846,14.47598,14.27283,14.45704
1556744400,14.45704,14.56874,14.41175,14.53554
1556830800,14.53554,14.58666,14.34305,14.35037
1557090000,14.35037,14.53605,14.35037,14.46817
1557176400,14.46817,14.52572,14.39442,14.43243
1557262800,14.43243,14.45022,14.30488,14.37456
1557349200,14.37456,14.46822,14.2947,14.34451
1557435600,14.34451,14.37968,14.13607,14.1615
1557694800,14.1767,14.38282,14.16568,14.33278
1557781200,14.33278,14.35252,14.1963,14.24268
1557867600,14.24268,14.29804,14.17632,14.21896
1557954000,14.21896,14.30228,14.13026,14.29022
1558040400,14.29022,14.4502,14.28272,14.42644
1558299600,14.42644,14.44106,14.34184,14.38654
1558386000,14.38654,14.49128,14.36166,14.39385
1558472400,14.39385,14.42886,14.33678,14.37768
1558558800,14.37768,14.5355,14.36286,14.48402
1558645200,14.48402,14.49955,14.38632,14.41775
1558904400,14.41775,14.48274,14.38709,14.42819
1558990800,14.42819,14.74682,14.41777,14.73308
1559077200,14.73308,14.89318,14.63732,14.65416
1559163600,14.65416,14.73994,14.57247,14.72542
1559250000,14.72542,14.84968,14.5363,14.58131
1559509200,14.58131,14.6221,14.4416,14.45051
1559595600,14.45051,14.77576,14.40283,14.6626
1559682000,14.6626,14.91645,14.62335,14.86884
1559768400,14.86884,15.00766,14.84462,14.99718
1559854800,14.99718,15.17316,14.89568,14.95741
1560114000,14.895,14.98647,14.76648,14.82486
1560200400,14.82486,14.8256,14.6524,14.66836
1560286800,14.66836,14.88987,14.6341,14.87108
1560373200,14.87108,14.9348,14.81954,14.87156
1560459600,14.87156,14.88292,14.75371,14.81963
1560718800,14.81963,14.82966,14.77234,14.808
1560805200,14.808,14.82444,14.48884,14.52564
1560891600,14.52564,14.58121,14.30384,14.32388
1560978000,14.32388,14.37661,14.19676,14.3602
1561064400,14.3602,14.44293,14.30216,14.33918
1561323600,14.33918,14.40307,14.23476,14.3596
1561410000,14.3596,14.37628,14.2662,14.3521
1561496400,14.3521,14.3759,14.20372,14.22566
1561582800,14.22566,14.26889,14.1319,14.16793
1561669200,14.16793,14.1962,14.07676,14.08464
1561928400,14.08464,14.1752,14.03554,14.13636
1562014800,14.13636,14.214,14.07826,14.09728
1562101200,14.09728,14.15582,14.04018,14.05288
1562187600,14.05288,14.0844,13.95748,14.04421
1562274000,14.04421,14.27715,14.0234,14.17976
1562533200,14.17976,14.2379,14.10206,14.17614
1562619600,14.17614,14.2628,14.13085,14.1799
1562706000,14.1799,14.23117,13.96554,13.98201
1562792400,13.98201,13.99268,13.85768,13.96468
1562878800,13.96468,14.04242,13.89242,13.96053
1563138000,13.96053,13.98065,13.85708,13.9038
1563224400,13.9038,13.95752,13.83352,13.95469
1563310800,13.95469,14.01355,13.94042,14.01226
1563397200,14.01226,14.0424,13.81622,13.83996
1563483600,13.83996,13.96612,13.81321,13.94084
1563742800,13.94235,13.97544,13.82918,13.86501
1563829200,13.86501,13.94992,13.85422,13.9294
1563915600,13.9294,13.94873,13.84846,13.88209
1564002000,13.88209,14.11194,13.85766,14.08968
1564088400,14.08968,14.31668,14.07086,14.29784
1564347600,14.29784,14.3195,14.15762,14.16358
1564434000,14.16358,14.23955,14.13888,14.20838
1564520400,14.20838,14.38814,14.09086,14.34314
1564606800,14.34314,14.69003,14.33506,14.66726
1564693200,14.66726,14.79566,14.57102,14.78713
1564952400,14.78713,14.9667,14.73572,14.91768
1565038800,14.91768,14.99958,14.76298,14.92706
1565125200,14.92706,15.18404,14.82193,15.06936
1565211600,15.06936,15.1997,14.96362,15.02728
1565298000,15.02728,15.29938,15.01254,15.25414
1565557200,15.27377,15.46662,15.22026,15.3007
1565643600,15.3007,15.39912,15.08704,15.13478
1565730000,15.13478,15.43879,15.11048,15.41808
1565816400,15.41808,15.43199,15.20091,15.27807
1565902800,15.27807,15.3258,15.1559,15.30478
1566162000,15.30878,15.49981,15.20214,15.46785
1566248400,15.46785,15.46956,15.31246,15.3672
1566334800,15.3672,15.3766,15.1546,15.1819
1566421200,15.1819,15.26773,15.13502,15.24966
1566507600,15.24966,15.29878,15.076,15.24975
1566766800,15.35972,15.44747,15.19125,15.2903
1566853200,15.2903,15.40846,15.23037,15.31576
1566939600,15.31576,15.43423,15.24907,15.41198
1567026000,15.41198,15.48512,15.25458,15.32866
1567112400,15.32866,15.34858,15.16286,15.18563
1567371600,15.2325,15.25508,15.13004,15.25016
1567458000,15.25016,15.29182,15.08053,15.09694
1567544400,15.09694,15.1118,14.75242,14.80106
1567630800,14.80106,14.90226,14.73522,14.88296
1567717200,14.88296,14.8987,14.71816,14.80528
1567976400,14.805,14.8149,14.66654,14.7679
1568062800,14.7679,14.78316,14.63686,14.64492
1568149200,14.64492,14.76517,14.60797,14.68284
1568235600,14.68284,14.70874,14.55076,14.59602
1568322000,14.59602,14.61146,14.5049,14.57724
1568581200,14.62628,14.71432,14.58268,14.66134
1568667600,14.66134,14.84401,14.65442,14.7028
1568754000,14.7028,14.72796,14.58755,14.69051
1568840400,14.69051,14.83788,14.60521,14.81922
1568926800,14.81922,14.9882,14.72582,14.93059
1569186000,14.90125,14.96516,14.83754,14.89878
1569272400,14.89878,14.95324,14.84381,14.87188
1569358800,14.87188,15.06736,14.86206,14.98958
1569445200,14.98958,15.08482,14.93164,15.02136
1569531600,15.02136,15.19813,15.02106,15.12842
1569790800,15.125,15.22261,15.125,15.13825
1569877200,15.13825,15.37098,15.13093,15.33358
1569963600,15.33358,15.39964,15.20213,15.2912
1570050000,15.2912,15.29625,15.12241,15.15269
1570136400,15.15269,15.19175,15.02586,15.05612
1570395600,15.07588,15.19726,15.02794,15.1815
1570482000,15.1815,15.31174,15.0895,15.27972
1570568400,15.27972,15.29274,15.13308,15.17172
1570654800,15.17172,15.23618,15.01388,15.05474
1570741200,15.05474,15.05474,14.70702,14.77345
1571000400,14.77046,14.86548,14.72698,14.8192
1571086800,14.8192,14.91472,14.76156,14.88694
1571173200,14.88694,15.0565,14.87149,14.94328
1571259600,14.94328,14.96542,14.76757,14.83314
1571346000,14.83314,14.85404,14.73959,14.78234
1571605200,14.76136,14.80778,14.73218,14.75975
1571691600,14.75975,14.77338,14.57158,14.58664
1571778000,14.58664,14.70926,14.58434,14.64464
1571864400,14.64464,14.70849,14.58444,14.70066
1571950800,14.70066,14.70578,14.56736,14.62763
1572210000,14.62763,14.63466,14.51449,14.5621
1572296400,14.5621,14.7235,14.53028,14.62576
1572382800,14.62576,15.12774,14.60328,14.9792
1572469200,14.9792,15.1876,14.95116,15.09838
1572555600,15.09838,15.16988,14.98594,15.02972
1572818400,15.02972,15.02972,14.73152,14.81302
1572904800,14.81302,14.82875,14.67614,14.75163
1572991200,14.75163,14.87203,14.73001,14.81514
1573077600,14.81514,14.84634,14.66304,14.74154
1573164000,14.74154,14.87006,14.71852,14.85832
1573423200,14.85832,14.96188,14.84546,14.8832
1573509600,14.8832,14.95662,14.80168,14.94373
1573596000,14.94373,15.00814,14.90413,14.91004
1573682400,14.91004,14.97008,14.78108,14.82153
1573768800,14.82153,14.83008,14.66457,14.71372
1574028000,14.71372,14.82828,14.68987,14.81026
1574114400,14.81026,14.83744,14.70833,14.76246
1574200800,14.76246,14.86784,14.73572,14.77624
1574287200,14.77624,14.7985,14.64526,14.68273
1574373600,14.68273,14.73404,14.59332,14.71296
1574632800,14.71296,14.79434,14.65518,14.77829
1574719200,14.77829,14.8535,14.7479,14.80178
1574805600,14.80178,14.83151,14.68892,14.75715
1574892000,14.75715,14.79106,14.69658,14.71047
1574978400,14.71047,14.76008,14.62198,14.654
1575237600,14.654,14.71464,14.53174,14.54571
1575324000,14.54571,14.69726,14.5264,14.63802
1575410400,14.63802,14.65786,14.53444,14.59205
1575496800,14.59205,14.69616,14.55476,14.65034
1575583200,14.65034,14.67316,14.61074,14.62029
1575842400,14.62029,14.69036,14.57339,14.67447
1575928800,14.67447,14.869,14.6243,14.79108
1576015200,14.79108,14.82097,14.66653,14.6802
1576101600,14.6802,14.70602,14.48637,14.4945
1576188000,14.4945,14.5579,14.37154,14.51934
1576447200,14.51934,14.53696,14.3349,14.3774
1576533600,14.3774,14.44283,14.34598,14.38256
1576620000,14.38256,14.45922,14.26693,14.31069
1576706400,14.31069,14.36178,14.20702,14.22313
1576792800,14.22313,14.28614,14.16444,14.26505
1577052000,14.26505,14.28635,14.18606,14.21139
1577138400,14.21139,14.24916,14.11346,14.16179
1577311200,14.16179,14.17905,14.12771,14.13374
1577397600,14.13374,14.14592,13.97912,14.03044
1577656800,14.03044,14.12545,13.96586,14.11584
1577743200,14.11584,14.13154,13.96172,13.99887
1577916000,13.99887,14.13244,13.93194,14.09005
1578002400,14.09005,14.37168,14.08771,14.29963
1578261600,14.29963,14.37126,14.20344,14.21151
1578348000,14.21151,14.34664,14.13825,14.31229
1578434400,14.31229,14.44828,14.13708,14.16893
1578520800,14.16893,14.25862,14.11298,14.21772
1578607200,14.21772,14.37422,14.17156,14.36618
1578866400,14.36618,14.47363,14.29373,14.40435
1578952800,14.40435,14.49932,14.35918,14.40314
1579039200,14.40314,14.4345,14.33146,14.39021
1579125600,14.39021,14.44428,14.35216,14.41417
1579212000,14.41417,14.4933,14.35396,14.46621
1579471200,14.46621,14.57551,14.43762,14.505
1579557600,14.505,14.59666,14.45184,14.49898
1579644000,14.49898,14.50754,14.3174,14.32761
1579730400,14.32761,14.44228,14.27351,14.38944
1579816800,14.38944,14.45986,14.31118,14.39583
1580076000,14.39583,14.65796,14.39583,14.60754
1580162400,14.60754,14.71356,14.54168,14.55204
1580248800,14.55204,14.64748,14.52402,14.61456
1580335200,14.61456,14.84664,14.60381,14.7655
1580421600,14.7655,15.03358,14.74314,15.01254
1580680800,15.01254,15.02178,14.84112,14.88079
1580767200,14.88079,14.8986,14.7214,14.78084
1580853600,14.78084,14.8385,14.66873,14.7513
1580940000,14.7513,14.94546,14.712,14.91376
1581026400,14.91376,15.1211,14.87932,15.0795
1581285600,15.0795,15.09717,14.95929,14.97786
1581372000,14.97786,14.99085,14.78034,14.82348
1581458400,14.82348,14.89188,14.73302,14.85317
1581544800,14.85317,14.96428,14.82814,14.95309
1581631200,14.95309,14.9607,14.8317,14.91708
1581890400,14.91708,15.02072,14.84934,14.98855
1581976800,14.98855,15.08829,14.96958,15.0125
1582063200,15.0125,15.01798,14.92622,14.97876
1582149600,14.97876,15.17148,14.97852,15.12577
1582236000,15.12577,15.18856,14.94095,15.00308
1582495200,15.00308,15.18956,15.00308,15.1509
1582581600,15.1509,15.27291,15.0524,15.22115
1582668000,15.22115,15.348,15.08054,15.31383
1582754400,15.31383,15.49767,15.23655,15.48533
1582840800,15.48533,15.82587,15.47345,15.66764
1583100000,15.66764,15.86392,15.38733,15.38882
1583186400,15.38882,15.62582,15.21215,15.41544
1583272800,15.41544,15.43383,15.22825,15.26277
1583359200,15.26277,15.645,15.24417,15.62899
1583445600,15.62899,15.77332,15.55368,15.67405
1583701200,15.67405,16.57157,15.67405,16.11116
1583787600,16.11116,16.15331,15.75742,15.94318
1583874000,15.94318,16.29368,15.93834,16.19716
1583960400,16.19716,16.59003,16.05746,16.55418
1584046800,16.55418,16.61328,16.02012,16.201
1584306000,16.201,16.74666,16.04781,16.70086
1584392400,16.70086,16.73089,16.43586,16.60482
1584478800,16.60482,17.41386,16.5037,17.09518
1584565200,17.09518,17.56975,17.07838,17.45153
1584651600,17.45153,17.62149,17.15392,17.59746
1584910800,17.59746,17.89726,17.51136,17.83759
1584997200,17.83759,17.84421,17.44541,17.51493
1585083600,17.51493,17.62018,17.1777,17.3367
1585170000,17.3367,17.60884,17.23745,17.32442
1585256400,17.32442,17.66669,17.29504,17.6425
1585515600,17.6425,18.0825,17.6425,17.92922
1585602000,17.92922,18.03984,17.67272,17.85382
1585688400,17.85382,18.26972,17.8122,18.23283
1585774800,18.23283,18.66176,18.08488,18.467
1585861200,18.467,19.09066,18.45198,19.0367
1586120400,19.0367,19.34716,18.52905,18.66257
1586206800,18.66257,18.74856,18.0827,18.31457
1586293200,18.31457,18.4443,18.12862,18.19048
1586379600,18.19048,18.27254,17.85057,18.02758
1586466000,18.02758,18.05786,17.93851,18.00419
1586725200,18.00419,18.18674,17.97931,18.12206
1586811600,18.12206,18.44108,17.97891,18.30496
1586898000,18.30496,18.8209,18.29998,18.70166
1586984400,18.70166,18.96275,18.49743,18.87795
1587070800,18.87795,18.92946,18.61072,18.79318
1587330000,18.79318,18.9529,18.7131,18.84139
1587416400,18.84139,19.11626,18.7811,18.96993
1587502800,18.96993,19.06932,18.7185,19.02344
1587589200,19.02344,19.17926,18.87478,19.10782
1587675600,19.10782,19.18835,18.83164,19.06579
1587934800,19.06579,19.0697,18.76144,18.77922
1588021200,18.77922,18.87598,18.54856,18.66758
1588107600,18.66758,18.72779,18.11358,18.14705
1588194000,18.14705,18.63425,18.01654,18.5256
1588280400,18.5256,18.88436,18.50732,18.81526
1588539600,18.81526,18.95729,18.5582,18.57119
1588626000,18.57119,18.59818,18.2966,18.51456
1588712400,18.51456,18.8322,18.34472,18.73916
1588798800,18.73916,18.82764,18.51862,18.58983
1588885200,18.58983,18.6078,18.29974,18.3381
1589144400,18.3381,18.46206,18.21832,18.42222
1589230800,18.42222,18.52496,18.173,18.4518
1589317200,18.4518,18.5951,18.25925,18.49432
1589403600,18.49432,18.75626,18.42382,18.45127
1589490000,18.45127,18.61876,18.34546,18.58951
1589749200,18.58951,18.601,18.33251,18.33852
1589835600,18.33852,18.3777,18.17786,18.34067
1589922000,18.34067,18.35728,17.89308,17.92118
1590008400,17.92118,18.04862,17.51817,17.60417
1590094800,17.60417,17.87961,17.55808,17.61514
1590354000,17.61514,17.73223,17.53141,17.63365
1590440400,17.63365,17.65172,17.32438,17.40162
1590526800,17.40162,17.53576,17.35008,17.38427
1590613200,17.38427,17.53546,17.29686,17.51063
1590699600,17.51063,17.66597,17.42188,17.54239
1590958800,17.54239,17.61975,17.3287,17.36967
1591045200,17.36967,17.47575,17.09184,17.15912
1591131600,17.15912,17.18518,16.88196,16.92794
1591218000,16.92794,17.07503,16.84074,16.90952
1591304400,16.90952,16.93773,16.7354,16.82644
1591563600,16.82644,16.87899,16.67706,16.6821
1591650000,16.6821,16.9003,16.60087,16.62578
1591736400,16.62578,16.666,16.33186,16.52651
1591822800,16.52651,17.21426,16.49568,17.17844
1591909200,17.17844,17.29556,16.93016,17.05063
1592168400,17.05063,17.3463,17.05063,17.11222
1592254800,17.11222,17.2894,16.89592,17.2428
1592341200,17.2428,17.28966,17.08335,17.19634
1592427600,17.19634,17.51026,17.13655,17.47054
1592514000,17.47054,17.48411,17.27422,17.32252
1592773200,17.32252,17.48471,17.24612,17.32688
1592859600,17.32688,17.48,17.18378,17.24641
1592946000,17.24641,17.43168,17.1707,17.39746
1593032400,17.39746,17.53336,17.12761,17.1422
1593118800,17.1422,17.3734,17.12832,17.29157
1593378000,17.29157,17.34408,17.18431,17.27132
1593464400,17.27132,17.41135,17.25456,17.35558
1593550800,17.35558,17.37666,17.02219,17.06004
1593637200,17.06004,17.06794,16.8732,16.98432
1593723600,16.98432,17.11056,16.91374,17.02227
1593982800,17.02227,17.09362,16.88727,16.97554
1594069200,16.97554,17.1883,16.93096,17.1654
1594155600,17.1654,17.21244,16.92325,16.9363
1594242000,16.9363,16.97164,16.79593,16.83615
1594328400,16.83615,16.9701,16.74235,16.78104
1594587600,16.78104,16.85985,16.65922,16.85248
1594674000,16.85248,16.88698,16.72699,16.73792
1594760400,16.73792,16.74688,16.50846,16.58535
1594846800,16.58535,16.78508,16.56273,16.74112
1594933200,16.74112,16.7651,16.63631,16.68642
1595192400,16.68642,16.76522,16.60975,16.62124
1595278800,16.62124,16.64267,16.36083,16.41444
1595365200,16.41444,16.52498,16.34339,16.48352
1595451600,16.48352,16.69811,16.40584,16.66368
1595538000,16.66368,16.80906,16.60483,16.66268
1595797200,16.66268,16.77015,16.39156,16.41793
1595883600,16.41793,16.60768,16.36228,16.52578
1595970000,16.52578,16.62438,16.38318,16.54118
1596056400,16.54118,16.95018,16.52663,16.75796
1596142800,16.75796,17.10195,16.69173,17.07306
1596402000,17.07306,17.35018,17.02049,17.1911
1596488400,17.1911,17.53634,17.11636,17.36911
1596574800,17.36911,17.38959,17.1707,17.32249
1596661200,17.32249,17.66648,17.24054,17.42088
1596747600,17.42088,17.68722,17.41556,17.63956
1597006800,17.63956,17.78576,17.60274,17.69468
1597093200,17.69468,17.73636,17.41809,17.49091
1597179600,17.49091,17.57722,17.34037,17.46428
1597266000,17.46428,17.5047,17.36478,17.42672
1597352400,17.42672,17.49773,17.32763,17.37267
1597611600,17.37267,17.5327,17.31834,17.50462
1597698000,17.50462,17.53663,17.28756,17.32508
1597784400,17.32508,17.34937,17.12165,17.27336
1597870800,17.27336,17.34813,17.18914,17.26028
1597957200,17.26028,17.31766,17.09756,17.15812
1598216400,17.15812,17.16031,16.89877,16.97059
1598302800,16.97059,16.97712,16.72172,16.83378
1598389200,16.83378,16.98296,16.75618,16.87402
1598475600,16.87402,17.11028,16.80596,17.05642
1598562000,17.05642,17.09619,16.55656,16.59394
1598821200,16.59394,16.98096,16.55074,16.94152
1598907600,16.94152,16.96544,16.55438,16.65312
1598994000,16.65312,16.92938,16.61814,16.81465
1599080400,16.81465,16.9082,16.65124,16.72976
1599166800,16.72976,16.82818,16.5497,16.59114
1599426000,16.59114,16.7705,16.58118,16.73884
1599512400,16.73884,17.00264,16.69375,16.94335
1599598800,16.94335,17.00754,16.58028,16.61017
1599685200,16.61017,16.93512,16.59524,16.90674
1599771600,16.90674,16.90807,16.70722,16.74638
1600030800,16.74638,16.75568,16.60831,16.66726
1600117200,16.66726,16.69318,16.3939,16.45616
1600203600,16.45616,16.4777,16.20796,16.26407
1600290000,16.26407,16.44868,16.15408,16.1589
1600376400,16.1589,16.3327,16.08352,16.32866
1600635600,16.32866,16.94252,16.24971,16.78012
1600722000,16.78012,16.97052,16.55892,16.79331
1600808400,16.79331,17.1073,16.77278,17.08892
1600894800,17.08892,17.22251,16.86178,16.94615
1600981200,16.94615,17.26809,16.80712,17.13415
1601240400,17.13415,17.25425,16.98224,17.05781
1601326800,17.05781,17.20985,16.87858,16.9289
1601413200,16.9289,17.02896,16.64481,16.74973
1601499600,16.74973,16.76076,16.55176,16.60691
1601586000,16.60691,16.80004,16.43829,16.53032
1601845200,16.53032,16.6139,16.36117,16.58146
1601931600,16.58146,16.74308,16.4603,16.73212
1602018000,16.73212,16.74098,16.54058,16.62723
1602104400,16.62723,16.67704,16.55134,16.58972
1602190800,16.58972,16.59714,16.40152,16.47964
1602450000,16.47964,16.58242,16.45226,16.50703
1602536400,16.50703,16.58233,16.4347,16.48645
1602622800,16.48645,16.58412,16.44535,16.52856
1602709200,16.52856,16.7204,16.51448,16.64664
1602795600,16.64664,16.67718,16.5005,16.56346
1603054800,16.56346,16.56346,16.42318,16.52098
1603141200,16.52098,16.57652,16.41948,16.48398
1603227600,16.48398,16.48935,16.2565,16.32854
1603314000,16.32854,16.39802,16.19782,16.21122
1603400400,16.21122,16.29178,16.15495,16.19975
1603659600,16.19975,16.32738,16.15149,16.19854
1603746000,16.19854,16.25487,16.09132,16.20367
1603832400,16.20367,16.49732,16.17649,16.39077
1603918800,16.39077,16.48758,16.26638,16.40316
1604005200,16.40316,16.4613,16.18836,16.23072
1604268000,16.23072,16.33332,16.19434,16.20683
1604354400,16.20683,16.23024,16.00266,16.00595
1604440800,16.00595,16.42976,15.82652,15.85507
1604527200,15.85507,15.98186,15.67873,15.68751
1604613600,15.68751,15.80412,15.5829,15.59605
1604872800,15.59605,15.62512,15.20912,15.38292
1604959200,15.38292,15.70624,15.34795,15.62707
1605045600,15.62707,15.72691,15.53441,15.63782
1605132000,15.63782,15.73564,15.52404,15.65073
1605218400,15.65073,15.68756,15.49341,15.5078
1605477600,15.5078,15.53914,15.30364,15.3237
1605564000,15.3237,15.43724,15.30783,15.39005
1605650400,15.39005,15.48201,15.29257,15.46064
1605736800,15.46064,15.58364,15.37228,15.40578
1605823200,15.40578,15.46771,15.28602,15.42041
1606082400,15.42041,15.46458,15.25785,15.40488
1606168800,15.40488,15.44427,15.18536,15.20002
1606255200,15.20002,15.28749,15.10918,15.1235
1606341600,15.1235,15.24276,15.09812,15.18488
1606428000,15.18488,15.34012,15.15353,15.25881
1606687200,15.25881,15.4966,15.21064,15.4698
1606773600,15.4698,15.47521,15.20685,15.24324
1606860000,15.24324,15.42915,15.2104,15.28842
1606946400,15.28842,15.368,15.14544,15.17716
1607032800,15.17716,15.23394,15.12752,15.21834
1607292000,15.21834,15.29569,15.09807,15.14794
1607378400,15.14794,15.2004,14.96787,14.98528
1607464800,14.98528,15.05852,14.87974,14.9659
1607551200,14.9659,15.0966,14.89246,15.01786
1607637600,15.01786,15.1703,14.99851,15.14593
1607896800,15.14593,15.14593,14.96233,15.03466
1607983200,15.03466,15.06096,14.87523,14.88028
1608069600,14.88028,14.91997,14.80918,14.8161
1608156000,14.8161,14.82638,14.63758,14.64524
1608242400,14.64524,14.71764,14.5157,14.54342
1608501600,14.54342,14.91185,14.54293,14.58908
1608588000,14.58908,14.69248,14.556,14.68595
1608674400,14.68595,14.70973,14.55064,14.60196
1608760800,14.60196,14.68587,14.56809,14.61072
1609106400,14.61072,14.6801,14.5425,14.65064
1609192800,14.65064,14.73084,14.5596,14.7211
1609279200,14.7211,14.73058,14.58011,14.62514
1609365600,14.62514,14.71862,14.57228,14.69496
1609711200,14.69496,14.74857,14.50702,14.72549
1609797600,14.72549,15.06278,14.63403,14.98471
1609884000,14.98471,15.14554,14.88541,15.07801
1609970400,15.07801,15.47872,15.00032,15.44926
1610056800,15.44926,15.48467,15.209,15.296
1610316000,15.296,15.66386,15.29406,15.53555
1610402400,15.53555,15.60116,15.20754,15.2359
1610488800,15.2359,15.32762,15.17486,15.25376
1610575200,15.25376,15.29454,15.03115,15.09376
1610661600,15.09376,15.29972,15.06787,15.23376
1610920800,15.23376,15.3815,15.15266,15.15798
1611007200,15.15798,15.19398,14.91535,14.9889
1611093600,14.9889,15.02663,14.85848,14.9062
1611180000,14.9062,15.01274,14.7658,14.93345
1611266400,14.93345,15.16605,14.91175,15.1596
1611525600,15.1596,15.27764,15.0628,15.24545
1611612000,15.24545,15.37378,15.04692,15.06075
1611698400,15.06075,15.32688,15.02565,15.2853
1611784800,15.2853,15.38078,15.056,15.21796
1611871200,15.21796,15.29072,14.95045,15.1804
1612130400,15.1804,15.23236,14.96766,15.074
1612216800,15.074,15.08435,14.89095,14.9691
1612303200,14.9691,15.02388,14.88475,14.94405
1612389600,14.94405,15.1265,14.9346,15.00735
1612476000,15.00735,15.03836,14.826,14.8353
1612735200,14.8353,15.01461,14.8353,14.88495
1612821600,14.88495,14.89875,14.71668,14.7328
1612908000,14.7328,14.76586,14.63769,14.7585
1612994400,14.7585,14.76726,14.60819,14.6263
1613080800,14.6263,14.69606,14.5225,14.55415
1613340000,14.55415,14.56004,14.41597,14.45225
1613426400,14.45225,14.70856,14.40542,14.65592
1613512800,14.65592,14.82654,14.61665,14.64365
1613599200,14.64365,14.72234,14.50424,14.59266
1613685600,14.59266,14.73804,14.52296,14.69445
1613944800,14.69445,14.92558,14.62056,14.67218
1614031200,14.67218,14.7488,14.53096,14.54065
1614117600,14.54065,14.66075,14.39487,14.50424
1614204000,14.50424,15.11009,14.4713,15.0141
1614290400,15.0141,15.19838,14.80661,15.10985
1614549600,15.10985,15.13068,14.8969,15.01015
1614636000,15.01015,15.1194,14.92058,14.93785
1614722400,14.93785,15.11404,14.85876,15.08652
1614808800,15.08652,15.3465,14.99761,15.30205
1614895200,15.30205,15.44021,15.22678,15.36776
1615154400,15.36776,15.57318,15.30964,15.52895
1615240800,15.52895,15.5527,15.26995,15.29305
1615327200,15.29305,15.37654,15.05485,15.0832
1615413600,15.0832,15.1146,14.7891,14.83375
1615500000,14.83375,15.04048,14.81303,14.95535
1615755600,14.95535,15.03176,14.8308,14.86065
1615842000,14.86065,14.95559,14.7711,14.8912
1615928400,14.8912,14.97636,14.61392,14.64415
1616014800,14.64415,14.82284,14.62724,14.73626
1616101200,14.73626,14.8212,14.6484,14.70605
1616360400,14.70605,14.95195,14.67656,14.7233
1616446800,14.7233,14.9448,14.69472,14.87215
1616533200,14.87215,14.99832,14.75355,14.97765
1616619600,14.97765,15.09638,14.84159,15.0175
1616706000,15.0175,15.1015,14.938,14.9702
1616965200,14.9702,15.07032,14.87154,14.91505
1617051600,14.91505,14.99966,14.86716,14.9161
1617138000,14.9161,14.96704,14.72164,14.77715
1617224400,14.77715,14.84616,14.61309,14.62145
1617310800,14.62145,14.6882,14.60436,14.68335
1617570000,14.68335,14.69926,14.52321,14.55225
1617656400,14.55225,14.62006,14.49005,14.5235
1617742800,14.5235,14.60056,14.48886,14.57607
1617829200,14.57607,14.585,14.44404,14.5228
1617915600,14.5228,14.6271,14.50196,14.5988
1618174800,14.5988,14.66934,14.5553,14.57135
1618261200,14.57135,14.68558,14.50223,14.51735
1618347600,14.51735,14.53468,14.36732,14.3906
1618434000,14.3906,14.43734,14.15256,14.16755
1618520400,14.16755,14.34942,14.15656,14.30585
1618779600,14.30585,14.33462,14.17192,14.22075
1618866000,14.22075,14.33888,14.1881,14.30527
1618952400,14.30527,14.3381,14.22651,14.24805
1619038800,14.24805,14.36337,14.20772,14.31055
1619125200,14.31055,14.34378,14.238,14.2863
1619384400,14.2863,14.29255,14.2239,14.27755
1619470800,14.27755,14.38966,14.25858,14.37205
1619557200,14.37205,14.4362,14.2061,14.23915
1619643600,14.23915,14.3641,14.14752,14.3052
1619730000,14.3052,14.51635,14.28806,14.50355
1619989200,14.50355,14.52784,14.36974,14.39785
1620075600,14.39785,14.54519,14.3869,14.46635
1620162000,14.46635,14.51359,14.3429,14.37395
1620248400,14.37395,14.38016,14.16175,14.19767
1620334800,14.19767,14.2674,14.05144,14.05576
1620594000,14.05576,14.09228,13.96272,14.0421
1620680400,14.0421,14.08141,13.95125,13.99988
1620766800,13.99988,14.1384,13.95364,14.1247
1620853200,14.1247,14.19966,14.05845,14.12568
1620939600,14.12568,14.18425,14.0222,14.1319
1621198800,14.1319,14.18704,14.09065,14.09965
1621285200,14.09965,14.1213,13.9653,14.00375
1621371600,14.00375,14.13,13.9743,14.10255
1621458000,14.10255,14.11696,13.9635,13.9757
1621544400,13.9757,14.0101,13.89229,13.9524
1621803600,13.9524,14.02926,13.907,13.9254
1621890000,13.9254,13.93325,13.8156,13.8714
1621976400,13.8714,13.88183,13.7427,13.76015
1622062800,13.76015,13.80475,13.67702,13.76395
1622149200,13.76395,13.8805,13.74385,13.76405
1622408400,13.76405,13.80358,13.7162,13.73675
1622494800,13.73675,13.7983,13.6794,13.75175
1622581200,13.75175,13.81871,13.51045,13.5185
1622667600,13.5185,13.65781,13.4964,13.6189
1622754000,13.6189,13.68841,13.41556,13.4326
1623013200,13.4326,13.54168,13.4002,13.51086
1623099600,13.51086,13.60716,13.48605,13.5736
1623186000,13.5736,13.7671,13.52051,13.74685
1623272400,13.74685,13.76686,13.5707,13.6181
1623358800,13.6181,13.76255,13.5225,13.69765
1623618000,13.69765,13.8057,13.68545,13.77935
1623704400,13.77935,13.85746,13.71052,13.76954
1623790800,13.76954,14.04002,13.6839,14.01955
1623877200,14.01955,14.16145,13.94127,14.12415
1623963600,14.12415,14.36815,14.0589,14.35915
1624222800,14.35915,14.40425,14.2091,14.23455
1624309200,14.23455,14.38931,14.1563,14.2875
1624395600,14.2875,14.2942,14.14405,14.23417
1624482000,14.23417,14.28673,14.15495,14.19812
1624568400,14.19812,14.213,14.02025,14.14966
1624827600,14.14966,14.27945,14.136,14.2619
1624914000,14.2619,14.3739,14.21922,14.36015
1625000400,14.36015,14.36015,14.21591,14.27605
1625086800,14.27605,14.47826,14.23515,14.42275
1625173200,14.42275,14.5195,14.21908,14.25305
1625432400,14.25305,14.2842,14.20412,14.27155
1625518800,14.27155,14.41816,14.16587,14.37025
1625605200,14.37025,14.41466,14.25055,14.31175
1625691600,14.31175,14.4411,14.2869,14.34099
1625778000,14.34099,14.36955,14.19056,14.23755
1626037200,14.23755,14.50479,14.2235,14.3992
1626123600,14.3992,14.7576,14.38164,14.7197
1626210000,14.7197,14.78997,14.44405,14.48115
1626296400,14.48115,14.6211,14.4459,14.5862
1626382800,14.5862,14.59055,14.33542,14.44285
1626642000,14.44285,14.60506,14.38912,14.5595
1626728400,14.5595,14.6793,14.5064,14.62115
1626814800,14.62115,14.738,14.53748,14.589
1626901200,14.589,14.76072,14.50868,14.69505
1626987600,14.69505,14.86335,14.67735,14.8546
1627246800,14.8546,14.99689,14.76514,14.78675
1627333200,14.78675,14.9562,14.7622,14.7822
1627419600,14.7822,14.89265,14.7124,14.732
1627506000,14.732,14.7649,14.5317,14.55463
1627592400,14.55463,14.66909,14.52302,14.597
1627851600,14.597,14.6529,14.37406,14.47155
1627938000,14.47155,14.47155,14.29715,14.3125
1628024400,14.3125,14.41875,14.22358,14.3728
1628110800,14.3728,14.753,14.33576,14.5189
1628197200,14.5189,14.6982,14.45251,14.6295
1628456400,14.6295,14.7966,14.5759,14.78407
1628542800,14.78407,14.85464,14.73104,14.80412
1628629200,14.80412,14.90625,14.61687,14.659
1628715600,14.659,14.80536,14.63234,14.775
1628802000,14.775,14.87642,14.68648,14.73855
1629061200,14.73855,14.86464,14.69592,14.84245
1629147600,14.84245,14.9906,14.78395,14.9083
1629234000,14.9083,15.00022,14.8361,14.9855
1629320400,14.9855,15.27205,14.9081,15.2099
1629406800,15.2099,15.3966,15.18285,15.30865
1629666000,15.30865,15.3434,15.1101,15.1238
1629752400,15.1238,15.16868,14.9777,15.00175
1629838800,15.00175,15.0504,14.9074,14.94915
1629925200,14.94915,15.0068,14.8824,14.9353
1630011600,14.9353,14.94881,14.69293,14.7303
1630270800,14.7303,14.74716,14.59255,14.6779
1630357200,14.6779,14.68974,14.4476,14.5295
1630443600,14.5295,14.54027,14.36854,14.41155
1630530000,14.41155,14.4958,14.31295,14.4592
1630616400,14.4592,14.4886,14.24991,14.32226
1630875600,14.32226,14.3693,14.2286,14.23342
1630962000,14.23342,14.35806,14.2278,14.31485
1631048400,14.31485,14.36638,14.16258,14.1925
1631134800,14.1925,14.24915,14.09825,14.2105
1631221200,14.2105,14.23206,14.06216,14.2098
1631480400,14.2098,14.25796,14.09211,14.14406
1631566800,14.14406,14.34016,14.12576,14.327
1631653200,14.327,14.48652,14.24538,14.41022
1631739600,14.41022,14.62865,14.3815,14.6014
1631826000,14.6014,14.78652,14.53494,14.7517
1632085200,14.7517,14.8622,14.74625,14.79016
1632171600,14.79016,14.89875,14.66252,14.84094
1632258000,14.84094,14.87746,14.65814,14.81355
1632344400,14.81355,14.8502,14.5681,14.76166
1632430800,14.76166,15.03261,14.744,14.9476
1632690000,14.9476,15.10188,14.86154,14.96225
1632776400,14.96225,15.16962,14.90988,15.1037
1632862800,15.1037,15.224,14.96632,15.1787
1632949200,15.1787,15.2529,14.9846,15.0647
1633035600,15.0647,15.14975,14.84195,14.87655
1633294800,14.87655,15.07696,14.84621,15.05435
1633381200,15.05435,15.10908,14.95534,15.0228
1633467600,15.0228,15.19742,14.96597,14.9737
1633554000,14.9737,15.0346,14.82264,14.9595
1633640400,14.9595,15.00934,14.78514,14.93205
1633899600,14.93205,15.07912,14.89591,15.06725
1633986000,15.06725,15.09162,14.911,14.97424
1634072400,14.97424,14.98295,14.79198,14.80745
1634158800,14.80745,14.8333,14.70336,14.79415
1634245200,14.79415,14.80297,14.60075,14.6069
1634504400,14.6069,14.8017,14.6069,14.68635
1634590800,14.68635,14.69122,14.50492,14.52923
1634677200,14.52923,14.57568,14.35355,14.4043
1634763600,14.4043,14.69676,14.38676,14.68518
1634850000,14.68518,14.84299,14.56346,14.8283
1635109200,14.8283,14.88898,14.67562,14.7112
1635195600,14.7112,14.86936,14.65374,14.84385
1635282000,14.84385,15.08652,14.81475,15.086
1635368400,15.086,15.18436,15.06172,15.13085
1635454800,15.13085,15.3284,15.1125,15.2282
1635714000,15.2282,15.45205,15.21098,15.4035
1635800400,15.4035,15.49316,15.35125,15.43912
1635886800,15.43912,15.49404,15.23346,15.2595
1635973200,15.2595,15.34765,15.14348,15.2153
1636059600,15.2153,15.31153,15.0159,15.04
1636322400,15.04,15.1314,14.8967,14.9243
1636408800,14.9243,15.11168,14.8631,15.0593
1636495200,15.0593,15.46792,15.02425,15.42045
1636581600,15.42045,15.48616,15.18618,15.29335
1636668000,15.29335,15.37007,15.22901,15.35
1636927200,15.35,15.37089,15.15414,15.24018
1637013600,15.24018,15.55842,15.18292,15.50886
1637100000,15.50886,15.5799,15.44718,15.495
1637186400,15.495,15.76628,15.4509,15.649
1637272800,15.649,15.78782,15.53875,15.71125
1637532000,15.71125,15.86082,15.69065,15.85596
1637618400,15.85596,15.9409,15.76075,15.84065
1637704800,15.84065,15.9745,15.80573,15.88565
1637791200,15.88565,15.97583,15.81495,15.97444
1637877600,15.97444,16.36988,15.96974,16.29675
1638136800,16.29675,16.29675,16.0711,16.15315
1638223200,16.15315,16.24834,15.8502,15.8922
1638309600,15.8922,16.05496,15.7365,16.04185
1638396000,16.04185,16.05612,15.77094,15.93525
1638482400,15.93525,16.14838,15.7956,16.0812
1638741600,16.0812,16.0812,15.8309,15.92445
1638828000,15.92445,16.04102,15.83886,15.8476
1638914400,15.8476,15.8691,15.66835,15.7029
1639000800,15.7029,16.01825,15.68071,15.9829
1639087200,15.9829,16.08818,15.86691,15.96405
1639346400,15.96405,16.06668,15.86774,16.00552
1639432800,16.00552,16.17245,15.9867,16.08445
1639519200,16.08445,16.2679,15.9522,15.9522
1639605600,15.9522,16.03984,15.89908,15.93615
1639692000,15.93615,15.97656,15.80155,15.93275
1639951200,15.93275,15.96722,15.7292,15.80255
1640037600,15.80255,15.89695,15.76164,15.85995
1640124000,15.85995,15.91796,15.67076,15.6975
1640210400,15.6975,15.81757,15.6165,15.66326
1640296800,15.66326,15.68255,15.50976,15.60725
1640556000,15.60725,15.60725,15.49945,15.5468
1640642400,15.5468,15.83678,15.5203,15.76686
1640728800,15.76686,15.9721,15.71213,15.93445
1640815200,15.93445,16.0242,15.8829,15.90078
1640901600,15.90078,15.99575,15.8743,15.93525
1641160800,15.93525,15.9966,15.7646,15.8533
1641247200,15.8533,16.0771,15.80826,16.02455
1641333600,16.02455,16.0618,15.70934,15.9037
1641420000,15.9037,15.99039,15.66734,15.7519
1641506400,15.7519,15.78886,15.55764,15.573
1641765600,15.573,15.74127,15.56445,15.68575
1641852000,15.68575,15.69156,15.51173,15.52516
1641938400,15.52516,15.55492,15.29363,15.3039
1642024800,15.3039,15.44485,15.2619,15.4035
1642111200,15.4035,15.44784,15.26958,15.36635
1642370400,15.36635,15.4552,15.3417,15.37982
1642456800,15.37982,15.5736,15.36148,15.523
1642543200,15.523,15.53661,15.2766,15.33785
1642629600,15.33785,15.35034,15.09865,15.22915
1642716000,15.22915,15.28274,15.06612,15.1059
1642975200,15.1059,15.39675,15.0802,15.26594
1643061600,15.26594,15.36629,15.21075,15.25142
1643148000,15.25142,15.36649,15.11967,15.33488
1643234400,15.33488,15.53252,15.21219,15.4686
1643320800,15.4686,15.70458,15.42542,15.59145
1643580000,15.59145,15.63385,15.31906,15.3939
1643666400,15.3939,15.42186,15.20552,15.25985
1643752800,15.25985,15.40095,15.21579,15.33175
1643839200,15.33175,15.4011,15.24062,15.25565
1643925600,15.25565,15.53076,15.22594,15.45006
1644184800,15.45006,15.55325,15.40026,15.49895
1644271200,15.49895,15.58708,15.34486,15.35435
1644357600,15.35435,15.38615,15.16915,15.21765
1644444000,15.21765,15.2649,14.98098,15.1699
1644530400,15.1699,15.2709,15.0601,15.2123
1644789600,15.2123,15.28544,15.09074,15.13152
1644876000,15.13152,15.25002,14.99344,15.11828
1644962400,15.11828,15.15497,14.98026,14.99022
1645048800,14.99022,15.10407,14.91094,14.99185
1645135200,14.99185,15.17586,14.93168,15.1184
1645394400,15.1184,15.20346,15.04086,15.175
1645480800,15.175,15.23174,15.0155,15.06124
1645567200,15.06124,15.1338,14.97481,15.12735
1645653600,15.12735,15.53361,15.12105,15.35525
1645740000,15.35525,15.39875,15.1069,15.1401
1645999200,15.1401,15.49436,15.1401,15.3589
1646085600,15.3589,15.49607,15.25403,15.39981
1646172000,15.39981,15.56396,15.29069,15.32545
1646258400,15.32545,15.39284,15.15778,15.19775
1646344800,15.19775,15.49672,15.19426,15.30155
1646604000,15.30155,15.4698,15.2514,15.35575
1646690400,15.35575,15.40185,15.20932,15.30275
1646776800,15.30275,15.3128,14.97845,15.01396
1646863200,15.01396,15.1678,15.00171,15.04974
1646949600,15.04974,15.12272,14.97075,15.0399
1647205200,15.0399,15.13902,15.01544,15.13604
1647291600,15.13604,15.1829,15.0579,15.0935
1647378000,15.0935,15.13865,14.9107,14.91744
1647464400,14.91744,14.9841,14.85275,14.92404
1647550800,14.92404,15.0313,14.90459,14.98145
1647810000,14.98145,15.01524,14.87501,14.91795
1647896400,14.91795,15.00152,14.78368,14.80975
1647982800,14.80975,14.83774,14.73656,14.75929
1648069200,14.75929,14.79493,14.51306,14.51678
1648155600,14.51678,14.62068,14.48346,14.54205
1648414800,14.54205,14.73885,14.50268,14.66177
1648501200,14.66177,14.72658,14.49994,14.54041
1648587600,14.54041,14.5484,14.43172,14.47262
1648674000,14.47262,14.64745,14.40208,14.60915
1648760400,14.60915,14.70446,14.53258,14.6374
1649019600,14.6374,14.68366,14.56335,14.59375
1649106000,14.59375,14.69584,14.5142,14.69485
1649192400,14.69485,14.76952,14.6036,14.6925
1649278800,14.6925,14.81405,14.65201,14.75464
1649365200,14.75464,14.77328,14.62373,14.6514
1649624400,14.6514,14.69304,14.5557,14.5778
1649710800,14.5778,14.6025,14.45664,14.52382
1649797200,14.52382,14.59198,14.44558,14.56282
1649883600,14.56282,14.74814,14.51008,14.65916
1649970000,14.65916,14.68114,14.59665,14.59665
1650229200,14.59665,14.96548,14.59529,14.66656
1650315600,14.66656,15.00135,14.6454,14.98426
1650402000,14.98426,15.10344,14.9296,15.03928
1650488400,15.03928,15.42466,15.01765,15.38176
1650574800,15.38176,15.6809,15.3714,15.597
1650834000,15.597,15.79717,15.57032,15.67855
1650920400,15.67855,15.86936,15.6303,15.86484
1651006800,15.86484,15.99084,15.77041,15.8632
1651093200,15.8632,16.13359,15.8456,16.03485
1651179600,16.03485,16.03485,15.71736,15.8113
1651438800,15.8113,16.19731,15.75471,16.10305
1651525200,16.10305,16.21485,15.74859,15.7663
1651611600,15.7663,15.8773,15.40879,15.4543
1651698000,15.4543,16.08133,15.43468,15.9791
1651784400,15.9791,16.17981,15.8865,15.9965
1652043600,15.9965,16.27149,15.9965,16.2416
1652130000,16.2416,16.2654,16.05575,16.13425
1652216400,16.13425,16.19275,15.98542,16.1202
1652302800,16.1202,16.26936,16.05752,16.08735
1652389200,16.08735,16.2894,15.97995,16.17734
1652648400,16.17734,16.32356,16.11176,16.15345
1652734800,16.15345,16.18825,15.8911,15.90911
1652821200,15.90911,16.10405,15.88402,16.07125
1652907600,16.07125,16.08555,15.76765,15.82245
1652994000,15.82245,15.9436,15.79485,15.83595
1653253200,15.83595,15.88026,15.63577,15.75665
1653339600,15.75665,15.85375,15.62272,15.6603
1653426000,15.6603,15.77952,15.56192,15.74316
1653512400,15.74316,15.86676,15.6915,15.70623
1653598800,15.70623,15.74596,15.5348,15.6125
1653858000,15.6125,15.6125,15.44889,15.48536
1653944400,15.48536,15.68402,15.47806,15.6441
1654030800,15.6441,15.70494,15.48188,15.5742
1654117200,15.5742,15.63136,15.45186,15.46136
1654203600,15.46136,15.57682,15.37842,15.5368
1654462800,15.5368,15.60315,15.29848,15.4367
1654549200,15.4367,15.55096,15.3316,15.3633
1654635600,15.3633,15.4438,15.2592,15.28702
1654722000,15.28702,15.51858,15.16776,15.51625
1654808400,15.51625,15.92,15.40071,15.85935
1655067600,15.85935,16.18818,15.83,16.1355
1655154000,16.1355,16.16404,15.96992,16.023
1655240400,16.023,16.09296,15.71715,15.77365
1655326800,15.77365,16.1041,15.75336,16.00446
1655413200,16.00446,16.05662,15.85611,16.02695
1655672400,16.02695,16.0907,15.94786,16.0484
1655758800,16.0484,16.06204,15.82596,15.9041
1655845200,15.9041,16.06192,15.854,15.91485
1655931600,15.91485,16.05152,15.90575,15.9604
1656018000,15.9604,15.98865,15.75709,15.8075
1656277200,15.8075,15.92774,15.76599,15.8615
1656363600,15.8615,16.09942,15.81026,16.09238
1656450000,16.09238,16.29759,16.03148,16.21858
1656536400,16.21858,16.47499,16.17326,16.2888
1656622800,16.2888,16.4983,16.2772,16.3389
1656882000,16.3389,16.37305,16.23427,16.36814
1656968400,16.36814,16.61275,16.2202,16.5254
1657054800,16.5254,16.86122,16.51588,16.79924
1657141200,16.79924,16.8598,16.67628,16.7252
1657227600,16.7252,16.96809,16.68975,16.86855
1657486800,16.86855,17.12884,16.84218,17.1025
1657573200,17.1025,17.1891,16.94024,17.02493
1657659600,17.02493,17.17795,16.85822,16.93465
1657746000,16.93465,17.3061,16.90875,17.15435
1657832400,17.15435,17.2858,17.04356,17.077
1658091600,17.077,17.1842,16.96662,17.12172
1658178000,17.12172,17.15894,16.95353,17.0994
1658264400,17.0994,17.19686,17.03485,17.15112
1658350800,17.15112,17.26666,16.9958,17.02345
1658437200,17.02345,17.09548,16.78587,16.8269
1658696400,16.8269,16.89164,16.71264,16.78075
1658782800,16.78075,16.9755,16.68669,16.93815
1658869200,16.93815,16.94899,16.6574,16.71413
1658955600,16.71413,16.82933,16.48109,16.48672
1659042000,16.48672,16.67981,16.3894,16.59575
1659301200,16.59575,16.66991,16.4166,16.5286
1659387600,16.5286,16.85246,16.44005,16.8185
1659474000,16.8185,16.9187,16.6729,16.75585
1659560400,16.75585,16.82606,16.595,16.61148
1659646800,16.61148,16.87676,16.55165,16.77977
1659906000,16.77977,16.80884,16.5761,16.6206
1659992400,16.6206,16.6684,16.56115,16.58155
1660078800,16.58155,16.63255,16.11565,16.2143
1660165200,16.2143,16.26856,16.10956,16.25213
1660251600,16.25213,16.31135,16.15246,16.2027
1660510800,16.2027,16.46371,16.1875,16.44805
1660597200,16.44805,16.51902,16.3528,16.38497
1660683600,16.38497,16.69178,16.3617,16.6541
1660770000,16.6541,16.8998,16.63106,16.867
1660856400,16.867,17.04968,16.86386,17.00645
1661115600,17.00645,17.09922,16.97775,17.00125
1661202000,17.00125,17.14146,16.91146,16.99525
1661288400,16.99525,17.072,16.9154,16.93855
1661374800,16.93855,16.964,16.71196,16.74255
1661461200,16.74255,16.90156,16.71524,16.88146
1661720400,16.88146,17.00918,16.78802,16.85642
1661806800,16.85642,17.01952,16.74442,16.97885
1661893200,16.97885,17.13924,16.8898,17.12156
1661979600,17.12156,17.3264,17.08668,17.28098
1662066000,17.28098,17.3499,17.18244,17.29265
1662325200,17.29265,17.4256,17.1282,17.15442
1662411600,17.15442,17.33846,17.05726,17.29704
1662498000,17.29704,17.46435,17.2358,17.2497
1662584400,17.2497,17.54518,17.22142,17.5174
1662670800,17.5174,17.5273,17.21705,17.31985
1662930000,17.31985,17.32252,17.05014,17.13565
1663016400,17.13565,17.47829,16.9826,17.4536
1663102800,17.4536,17.50074,17.3606,17.48025
1663189200,17.48025,17.5971,17.43922,17.5835
1663275600,17.5835,17.7163,17.54765,17.61605
1663534800,17.61605,17.7943,17.6036,17.67085
1663621200,17.67085,17.81334,17.62326,17.68355
1663707600,17.68355,17.79042,17.53286,17.7439
1663794000,17.7439,17.8014,17.44345,17.5991
1663880400,17.5991,17.98908,17.55698,17.93605
1664139600,17.93605,18.12827,17.93109,18.08325
1664226000,18.08325,18.09125,17.84455,18.0119
1664312400,18.0119,18.22489,17.80584,17.85706
1664398800,17.85706,18.1035,17.82565,17.95372
1664485200,17.95372,18.12912,17.86684,18.08425
1664744400,18.08425,18.1111,17.8207,17.84515
1664830800,17.84515,17.8612,17.56861,17.63995
1664917200,17.63995,17.89808,17.59225,17.78025
1665003600,17.78025,18.0113,17.6934,17.9929
1665090000,17.9929,18.1643,17.9506,18.11615
1665349200,18.11615,18.237,18.04788,18.09085
1665435600,18.09085,18.2202,17.98734,18.18676
1665522000,18.18676,18.33427,18.11955,18.29608
1665608400,18.29608,18.58462,18.197,18.25875
1665694800,18.25875,18.36245,18.10072,18.35435
1665954000,18.35435,18.35435,18.00129,18.06886
1666040400,18.06886,18.19245,17.9514,18.1099
1666126800,18.1099,18.34574,18.06425,18.309
1666213200,18.309,18.3605,18.15374,18.29645
1666299600,18.29645,18.53235,18.06,18.1069
1666558800,18.1069,18.46524,18.04655,18.3979
1666645200,18.3979,18.50315,18.1882,18.20165
1666731600,18.20165,18.25072,17.90408,17.93855
1666818000,17.93855,18.10248,17.87724,17.99402
1666904400,17.99402,18.18774,17.91118,18.13225
1667163600,18.13225,18.39808,18.11953,18.3558
1667250000,18.3558,18.3717,18.06104,18.19905
1667336400,18.19905,18.2823,17.98528,18.2684
1667422800,18.2684,18.52859,18.212,18.39365
1667509200,18.39365,18.41634,17.8839,17.91305
1667772000,17.91305,18.0584,17.68466,17.729
1667858400,17.729,17.87068,17.65155,17.7229
1667944800,17.7229,17.86111,17.65646,17.79134
1668031200,17.79134,17.83789,17.34306,17.36375
1668117600,17.36375,17.46635,17.21177,17.23855
1668376800,17.23855,17.37359,17.20525,17.29045
1668463200,17.29045,17.42744,17.10714,17.3323
1668549600,17.3323,17.413,17.20679,17.2719
1668636000,17.2719,17.55675,17.20737,17.35935
1668722400,17.35935,17.41799,17.21826,17.26045
1668981600,17.26045,17.4639,17.22616,17.31655
1669068000,17.31655,17.3604,17.23852,17.25518
1669154400,17.25518,17.2691,16.96164,16.966
1669240800,16.966,17.06129,16.90686,17.00045
1669327200,17.00045,17.1857,16.96486,17.086
1669586400,17.086,17.18875,17.06888,17.17495
1669672800,17.17495,17.19099,16.93285,16.99824
1669759200,16.99824,17.29093,16.89754,17.2232
1669845600,17.2232,17.96186,17.0646,17.5834
1669932000,17.5834,17.635,17.26315,17.53385
1670191200,17.53385,17.53385,17.14852,17.4463
1670277600,17.4463,17.49958,17.25708,17.34049
1670364000,17.34049,17.41424,17.05978,17.1545
1670450400,17.1545,17.23246,17.094,17.18055
1670536800,17.18055,17.3866,17.09336,17.35276
1670796000,17.35276,17.63772,17.24056,17.58635
1670882400,17.58635,17.76116,17.21708,17.25085
1670968800,17.25085,17.34899,17.0598,17.14765
1671055200,17.14765,17.57645,17.14688,17.5481
1671141600,17.5481,17.72463,17.42656,17.6176
1671400800,17.6176,17.74713,17.19444,17.34563
1671487200,17.34563,17.45166,17.24842,17.30124
1671573600,17.30124,17.36218,17.1326,17.19994
1671660000,17.19994,17.21762,17.0618,17.14788
1671746400,17.14788,17.17942,16.9583,16.99644
1672092000,16.99644,17.32934,16.9716,17.24772
1672178400,17.24772,17.28906,17.09186,17.11828
1672264800,17.11828,17.13695,16.8837,16.95935
1672351200,16.95935,17.0525,16.90312,17.02115
1672610400,17.02115,17.046,16.926,17.015
1672696800,17.015,17.14922,16.92517,17.01478
1672783200,17.01478,17.0473,16.7799,16.87825
1672869600,16.87825,17.2979,16.86681,17.16604
1672956000,17.16604,17.43404,17.08572,17.10674
1673215200,17.10674,17.16521,16.88745,16.96195
1673301600,16.96195,17.14206,16.90205,17.01285
1673388000,17.01285,17.0657,16.87414,16.92765
1673474400,16.92765,16.97275,16.69395,16.7425
1673560800,16.7425,16.92816,16.69605,16.8322
1673820000,16.8322,17.12367,16.74352,17.035
1673906400,17.035,17.17298,16.96024,17.04032
1673992800,17.04032,17.15622,16.87114,17.1254
1674079200,17.1254,17.37652,17.08187,17.25362
1674165600,17.25362,17.35725,17.10575,17.10845
1674424800,17.10845,17.2338,17.0658,17.1863
1674511200,17.1863,17.31607,17.15655,17.1885
1674597600,17.1885,17.2606,17.10152,17.10724
1674684000,17.10724,17.25482,17.01284,17.1919
1674770400,17.1919,17.28402,17.1607,17.20707
1675029600,17.20707,17.4152,17.1811,17.39815
1675116000,17.39815,17.49134,17.36635,17.3989
1675202400,17.3989,17.43283,17.00194,17.04251
1675288800,17.04251,17.1191,16.93042,17.08855
1675375200,17.08855,17.48494,17.0558,17.47861
1675634400,17.47861,17.70732,17.45245,17.65701
1675720800,17.65701,17.69314,17.4537,17.55335
1675807200,17.55335,17.82865,17.4686,17.76433
1675893600,17.76433,17.81176,17.5891,17.769
1675980000,17.769,17.95804,17.70654,17.89094
1676239200,17.89094,18.08895,17.82456,17.851
1676325600,17.851,17.9555,17.64065,17.90505
1676412000,17.90505,18.104,17.88407,18.02465
1676498400,18.02465,18.22754,17.97275,18.16185
1676584800,18.16185,18.2946,17.99804,18.0734
1676844000,18.0734,18.15306,17.99325,18.08876
1676930400,18.08876,18.32321,18.07106,18.2447
1677016800,18.2447,18.38574,18.11685,18.23275
1677103200,18.23275,18.37312,18.18308,18.2225
1677189600,18.2225,18.49452,18.2016,18.43145
1677448800,18.43145,18.48796,18.3349,18.40875
1677535200,18.40875,18.51623,18.27756,18.3643
1677621600,18.3643,18.37845,18.08958,18.12953
1677708000,18.12953,18.26167,18.10696,18.21263
1677794400,18.21263,18.22475,18.08189,18.14375
1678053600,18.14375,18.2591,18.12522,18.24858
1678140000,18.24858,18.6371,18.21666,18.59515
1678226400,18.59515,18.7198,18.42185,18.6145
1678312800,18.6145,18.66886,18.45399,18.57148
1678399200,18.57148,18.5817,18.18629,18.31695
1678654800,18.31695,18.3475,18.0955,18.2084
1678741200,18.2084,18.3324,18.03986,18.11668
1678827600,18.11668,18.5013,18.08475,18.4189
1678914000,18.4189,18.46022,18.27498,18.40635
1679000400,18.40635,18.43971,18.25047,18.4123
1679259600,18.4123,18.60142,18.30679,18.51588
1679346000,18.51588,18.61367,18.45462,18.5591
1679432400,18.5591,18.57225,18.15255,18.27905
1679518800,18.27905,18.27905,18.016,18.07544
1679605200,18.07544,18.2915,18.07544,18.16769
1679864400,18.16769,18.35526,18.134,18.31014
1679950800,18.31014,18.33708,18.14315,18.1482
1680037200,18.1482,18.20938,18.062,18.11843
1680123600,18.11843,18.1531,17.75963,17.8184
1680210000,17.8184,17.8769,17.69626,17.7899
1680469200,17.7899,17.95915,17.75725,17.85055
1680555600,17.85055,17.97892,17.75185,17.90925
1680642000,17.90925,18.07675,17.853,18.06245
1680728400,18.06245,18.3234,18.03535,18.23365
1680814800,18.23365,18.30077,18.16918,18.2
1681074000,18.2,18.53767,18.2,18.48661
1681160400,18.48661,18.51662,18.24911,18.3751
1681246800,18.3751,18.45886,18.23942,18.43045
1681333200,18.43045,18.43472,18.03135,18.0461
1681419600,18.0461,18.15836,18.0039,18.0833
1681678800,18.0833,18.33418,18.01536,18.3147
1681765200,18.3147,18.3306,18.13396,18.16304
1681851600,18.16304,18.32238,18.06918,18.1817
1681938000,18.1817,18.21095,17.99256,18.03014
1682024400,18.03014,18.16464,18.01511,18.09
1682283600,18.09,18.20706,18.07648,18.1311
1682370000,18.1311,18.40234,18.11795,18.31585
1682456400,18.31585,18.45723,18.26126,18.4076
1682542800,18.4076,18.4143,18.21701,18.3057
1682629200,18.3057,18.43387,18.2696,18.2928
1682888400,18.2928,18.40966,18.2687,18.39905
1682974800,18.39905,18.50779,18.33597,18.46924
1683061200,18.46924,18.48626,18.18546,18.28615
1683147600,18.28615,18.34863,18.16937,18.3002
1683234000,18.3002,18.48024,18.2601,18.40235
1683493200,18.40235,18.42585,18.27787,18.32235
1683579600,18.32235,18.68175,18.2986,18.6264
1683666000,18.6264,18.91298,18.61638,18.8563
1683752400,18.8563,19.3451,18.84615,19.1877
1683838800,19.1877,19.51542,19.16065,19.33085
1684098000,19.33085,19.33085,18.99683,19.0281
1684184400,19.0281,19.16764,18.9929,19.0731
1684270800,19.0731,19.37929,19.0567,19.26155
1684357200,19.26155,19.4952,19.23963,19.33982
1684443600,19.33982,19.52474,19.24125,19.44876
1684702800,19.44876,19.50399,19.20575,19.2221
1684789200,19.2221,19.32623,19.16025,19.21
1684875600,19.21,19.31232,19.13336,19.2572
1684962000,19.2572,19.8115,19.24185,19.79646
1685048400,19.79646,19.8232,19.53795,19.6704
1685307600,19.6704,19.73542,19.61659,19.6715
1685394000,19.6715,19.86805,19.64322,19.68485
1685480400,19.68485,19.85187,19.66572,19.7238
1685566800,19.7238,19.92198,19.5753,19.63062
1685653200,19.63062,19.66022,19.4032,19.51558
1685912400,19.51558,19.56765,19.22147,19.2642
1685998800,19.2642,19.36294,19.1758,19.20405
1686085200,19.20405,19.3058,18.97565,19.10295
1686171600,19.10295,19.11206,18.80126,18.83755
1686258000,18.83755,18.907,18.69514,18.70855
1686517200,18.70855,18.75504,18.5092,18.57185
1686603600,18.57185,18.6768,18.50739,18.62754
1686690000,18.62754,18.65859,18.25057,18.334
1686776400,18.334,18.47485,18.19602,18.2524
1686862800,18.2524,18.27098,18.12542,18.18705
1687122000,18.18705,18.27426,18.13646,18.18474
1687208400,18.18474,18.46527,18.1284,18.37966
1687294800,18.37966,18.45132,18.30922,18.31468
1687381200,18.31468,18.57412,18.31032,18.52331
1687467600,18.52331,18.77636,18.49105,18.74375
1687726800,18.74375,18.75402,18.54926,18.66654
1687813200,18.66654,18.66861,18.42958,18.52154
1687899600,18.52154,18.75238,18.4882,18.65096
1687986000,18.65096,18.88595,18.63918,18.76532
1688072400,18.76532,19.04383,18.72713,18.84625
1688331600,18.84625,18.87402,18.66676,18.79425
1688418000,18.79425,18.79425,18.61035,18.66572
1688504400,18.66572,18.82988,18.64171,18.7884
1688590800,18.7884,19.15358,18.74033,19.10445
1688677200,19.10445,19.15456,18.80962,18.86975
1688936400,18.86975,18.95898,18.75832,18.788
1689022800,18.788,18.84222,18.48025,18.4905
1689109200,18.4905,18.53156,18.11772,18.13299
1689195600,18.13299,18.185,17.90299,17.92884
1689282000,17.92884,18.17807,17.90875,18.0992
1689541200,18.0992,18.2043,17.9978,18.02875
1689627600,18.02875,18.0665,17.805,17.867
1689714000,17.867,17.9862,17.8174,17.8674
1689800400,17.8674,17.9864,17.73404,17.92755
1689886800,17.92755,18.06916,17.8572,17.9819
1690146000,17.9819,18.0508,17.72446,17.75
1690232400,17.75,17.77315,17.521,17.55165
1690318800,17.55165,17.7261,17.53635,17.6194
1690405200,17.6194,17.88655,17.41873,17.84795
1690491600,17.84795,17.9839,17.56954,17.6278
1690750800,17.6278,17.89085,17.57126,17.8681
1690837200,17.8681,18.3381,17.8252,18.2933
1690923600,18.2933,18.587,18.25865,18.46945
1691010000,18.46945,18.77847,18.41165,18.6822
1691096400,18.6822,18.7489,18.38124,18.45595
1691355600,18.45595,18.7508,18.425,18.70335
1691442000,18.70335,19.0032,18.6876,18.9278
1691528400,18.9278,19.0881,18.83212,18.97965
1691614800,18.97965,19.06065,18.6601,18.87036
1691701200,18.87036,18.97737,18.79698,18.9556
1691960400,18.9556,19.16625,18.91385,19.08665
1692046800,19.08665,19.30045,19.03298,19.15655
1692133200,19.15655,19.22142,18.99344,19.1795
1692219600,19.1795,19.25676,18.94684,19.07176
1692306000,19.07176,19.15681,18.9336,18.9888
1692565200,18.9888,19.0781,18.93838,18.9644
1692651600,18.9644,19.00105,18.71584,18.79975
1692738000,18.79975,18.82717,18.42272,18.469
1692824400,18.469,18.83608,18.44875,18.81035
1692910800,18.81035,18.88745,18.53284,18.61969
1693170000,18.61969,18.7473,18.54841,18.59094
1693256400,18.59094,18.62625,18.42905,18.47825
1693342800,18.47825,18.70504,18.47032,18.6865
1693429200,18.6865,18.9445,18.65204,18.86955
1693515600,18.86955,18.9025,18.62027,18.8448
1693774800,18.8448,19.14256,18.74242,19.12866
1693861200,19.12866,19.28388,19.07205,19.21067
1693947600,19.21067,19.33784,19.10175,19.1928
1694034000,19.1928,19.2734,19.11129,19.17905
1694120400,19.17905,19.18935,19.02429,19.124
1694379600,19.124,19.124,18.82706,18.87622
1694466000,18.87622,19.04252,18.85414,18.9135
1694552400,18.9135,18.98148,18.76238,18.81586
1694638800,18.81586,19.05976,18.7625,19.0346
1694725200,19.0346,19.1141,18.95281,18.97784
1694984400,18.97784,19.09004,18.93316,19.01308
1695070800,19.01308,19.0567,18.90936,18.92604
1695157200,18.92604,18.98948,18.68152,18.86105
1695243600,18.86105,19.04194,18.80222,18.96375
1695330000,18.96375,18.97638,18.7014,18.76305
1695589200,18.76305,18.85974,18.701,18.77978
1695675600,18.77978,19.09386,18.77297,19.07645
1695762000,19.07645,19.26096,19.02133,19.20605
1695848400,19.20605,19.26544,18.97002,18.98011
1695934800,18.98011,19.02855,18.76082,18.92355
1696194000,18.92355,19.23075,18.86086,19.22274
1696280400,19.22274,19.38318,19.18813,19.3271
1696366800,19.3271,19.43302,19.16982,19.3295
1696453200,19.3295,19.63845,19.2742,19.51719
1696539600,19.51719,19.6412,19.25836,19.3161
1696798800,19.3161,19.44556,19.28878,19.33925
1696885200,19.33925,19.36573,18.99586,19.0197
1696971600,19.0197,19.07116,18.78604,18.8348
1697058000,18.8348,19.05315,18.77825,19.02376
1697144400,19.02376,19.04325,18.84855,18.99245
1697403600,18.99245,19.00352,18.75671,18.77724
1697490000,18.77724,18.91824,18.70824,18.78995
1697576400,18.78995,19.082,18.69316,18.98525
1697662800,18.98525,19.15925,18.9158,19.0205
1697749200,19.0205,19.14782,18.92608,18.983
1698008400,18.983,19.14844,18.90318,18.95786
1698094800,18.95786,19.13758,18.85264,19.0433
1698181200,19.0433,19.19707,18.98184,19.1377
1698267600,19.1377,19.27156,18.92892,18.96282
1698354000,18.96282,18.9699,18.74264,18.8648
1698613200,18.8648,18.89515,18.74284,18.8411
1698699600,18.8411,18.9485,18.62823,18.6482
1698786000,18.6482,18.74606,18.5102,18.52165
1698872400,18.52165,18.56825,18.31381,18.4198
1698958800,18.4198,18.47692,18.2095,18.2707
1699221600,18.2707,18.36195,18.1569,18.2962
1699308000,18.2962,18.43224,18.28606,18.34756
1699394400,18.34756,18.54708,18.32158,18.47021
1699480800,18.47021,18.68575,18.43874,18.66255
1699567200,18.66255,18.80663,18.61806,18.74465
1699826400,18.74465,18.8045,18.65071,18.7207
1699912800,18.7207,18.78258,18.21634,18.21965
1699999200,18.21965,18.27425,18.11008,18.18044
1700085600,18.18044,18.42696,18.14869,18.36847
1700172000,18.36847,18.43598,18.25804,18.34135
1700431200,18.34135,18.45799,18.24186,18.33752
1700517600,18.33752,18.65663,18.26992,18.62792
1700604000,18.62792,18.8993,18.5632,18.88244
1700690400,18.88244,18.8883,18.70655,18.8151
1700776800,18.8151,18.95779,18.76608,18.77726
1701036000,18.77726,18.8501,18.62014,18.66032
1701122400,18.66032,18.75802,18.57616,18.60196
1701208800,18.60196,18.76368,18.45721,18.7542
1701295200,18.7542,18.97244,18.67,18.859
1701381600,18.859,18.89005,18.59726,18.63134
1701640800,18.63134,18.87434,18.57775,18.80848
1701727200,18.80848,19.02421,18.75409,18.96245
1701813600,18.96245,18.9996,18.82365,18.96876
1701900000,18.96876,18.9956,18.72635,18.7664
1701986400,18.7664,19.0002,18.7374,18.9708
1702245600,18.9708,19.14027,18.93982,19.0857
1702332000,19.0857,19.1095,18.83979,18.93456
1702418400,18.93456,19.1029,18.6281,18.68075
1702504800,18.68075,18.7165,18.2725,18.34663
1702591200,18.34663,18.4339,18.10896,18.31125
1702850400,18.31125,18.66516,18.25778,18.5774
1702936800,18.5774,18.61732,18.31172,18.31695
1703023200,18.31695,18.39974,18.22566,18.32455
1703109600,18.32455,18.42454,18.20818,18.35258
1703196000,18.35258,18.5523,18.351,18.53125
1703541600,18.53125,18.74493,18.43126,18.6377
1703628000,18.6377,18.675,18.3338,18.3932
1703714400,18.3932,18.61447,18.30662,18.56688
1703800800,18.56688,18.60346,18.25385,18.29815
1704146400,18.29815,18.59382,18.26228,18.5819
1704232800,18.5819,18.84105,18.51189,18.7238
1704319200,18.7238,18.7626,18.6027,18.6998
1704405600,18.6998,18.96262,18.58736,18.66935
1704664800,18.66935,18.8144,18.5588,18.59705
1704751200,18.59705,18.72627,18.56492,18.70321
1704837600,18.70321,18.75532,18.59408,18.68983
1704924000,18.68983,18.7379,18.5676,18.6424
1705010400,18.6424,18.7157,18.53637,18.6569
1705269600,18.6569,18.71704,18.62078,18.68184
1705356000,18.68184,19.00708,18.65465,18.9707
1705442400,18.9707,19.18798,18.9562,19.0342
1705528800,19.0342,19.09165,18.87395,18.9396
1705615200,18.9396,19.08233,18.90425,19.0128
1705874400,19.0128,19.2171,19.00455,19.195
1705960800,19.195,19.21775,18.9839,19.0399
1706047200,19.0399,19.06675,18.79285,18.90005
1706133600,18.90005,18.94535,18.81023,18.86364
1706220000,18.86364,18.95278,18.7254,18.79155
1706479200,18.79155,18.8614,18.74482,18.80568
1706565600,18.80568,18.9157,18.77077,18.77668
1706652000,18.77668,18.84845,18.5698,18.67726
1706738400,18.67726,18.77775,18.55947,18.5986
1706824800,18.5986,18.93312,18.55743,18.90395
1707084000,18.90395,19.10729,18.8843,19.07002
1707170400,19.07002,19.10085,18.81883,18.83665
1707256800,18.83665,18.94125,18.80714,18.89615
1707343200,18.89615,19.00404,18.86674,18.9573
1707429600,18.9573,19.06206,18.91774,19.0364
1707688800,19.0364,19.07568,18.91152,18.91965
1707775200,18.91965,19.17457,18.7982,19.1362
1707861600,19.1362,19.1928,19.0307,19.05294
1707948000,19.05294,19.0865,18.93442,18.93835
1708034400,18.93835,18.98678,18.84252,18.87675
1708293600,18.87675,19.00692,18.84198,18.96175
1708380000,18.96175,19.0812,18.88346,18.91226
1708466400,18.91226,18.96941,18.75925,18.92535
1708552800,18.92535,19.18688,18.82423,19.16486
1708639200,19.16486,19.39439,19.10664,19.30415
1708898400,19.30415,19.35925,19.25148,19.29309
1708984800,19.29309,19.32525,19.05814,19.09444
1709071200,19.09444,19.32372,19.0802,19.2795
1709157600,19.2795,19.3291,19.15679,19.1841
1709244000,19.1841,19.24793,19.07944,19.11981
1709503200,19.11981,19.13029,19.00185,19.04224
1709589600,19.04224,19.0994,18.89136,18.96998
1709676000,18.96998,19.0025,18.78582,18.82422
1709762400,18.82422,18.87309,18.67288,18.68075
1709848800,18.68075,18.769,18.5788,18.71925
1710104400,18.71925,18.8525,18.63075,18.68195
1710190800,18.68195,18.76827,18.54632,18.6746
1710277200,18.6746,18.7575,18.50602,18.5745
1710363600,18.5745,18.7965,18.5567,18.73145
1710450000,18.73145,18.78582,18.6428,18.76754
1710709200,18.76754,19.00188,18.7458,18.94425
1710795600,18.94425,19.03254,18.8921,18.89735
1710882000,18.89735,18.97046,18.67019,18.7055
1710968400,18.7055,18.87614,18.64709,18.8209
1711054800,18.8209,19.06848,18.80436,19.0063
1711314000,19.0063,19.0375,18.8583,18.8897
1711400400,18.8897,19.00332,18.85262,18.97874
1711486800,18.97874,19.00622,18.874,18.90642
1711573200,18.90642,19.1069,18.8876,18.9401
1711659600,18.9401,18.96125,18.87254,18.8761
1711918800,18.8761,19.02638,18.79161,18.9416
1712005200,18.9416,19.01238,18.7474,18.77405
1712091600,18.77405,18.86047,18.6442,18.6696
1712178000,18.6696,18.75127,18.57103,18.71112
1712264400,18.71112,18.77215,18.58131,18.7113
1712523600,18.7113,18.74862,18.53698,18.6385
1712610000,18.6385,18.64696,18.41255,18.4586
1712696400,18.4586,18.80754,18.43745,18.77325
1712782800,18.77325,18.8486,18.6814,18.73325
1712869200,18.73325,18.97969,18.65198,18.8657
1713128400,18.8657,19.05443,18.79554,18.9779
1713214800,18.9779,19.11306,18.94986,19.0558
1713301200,19.0558,19.10877,18.91822,19.0261
1713387600,19.0261,19.20378,18.92414,19.15
1713474000,19.15,19.3878,19.058,19.08468
1713733200,19.08468,19.20212,19.05309,19.19515
1713819600,19.19515,19.27096,19.09358,19.11058
1713906000,19.11058,19.26382,19.07536,19.21856
1713992400,19.21856,19.23782,18.9258,19.03361
1714078800,19.03361,19.0945,18.72094,18.81325
1714338000,18.81325,18.83015,18.6176,18.62473
1714424400,18.62473,18.84561,18.62473,18.77842
1714510800,18.77842,18.809,18.54561,18.59815
1714597200,18.59815,18.69994,18.49208,18.55832
1714683600,18.55832,18.60292,18.39375,18.50245
1714942800,18.50245,18.55418,18.37466,18.4706
1715029200,18.4706,18.5622,18.43644,18.5142
1715115600,18.5142,18.67628,18.48905,18.5735
1715202000,18.5735,18.61199,18.4387,18.46112
1715288400,18.46112,18.5134,18.38409,18.4289
1715547600,18.4289,18.4672,18.2992,18.36476
1715634000,18.36476,18.48056,18.336,18.39115
1715720400,18.39115,18.41242,18.25855,18.2738
1715806800,18.2738,18.31108,18.1786,18.18858
1715893200,18.18858,18.29604,18.14232,18.15665
1716152400,18.15665,18.29515,18.10903,18.18678
1716238800,18.18678,18.23684,18.02834,18.0796
1716325200,18.0796,18.30526,18.03395,18.28806
1716411600,18.28806,18.49374,18.2684,18.47555
1716498000,18.47555,18.50393,18.3647,18.42585
1716757200,18.42585,18.46914,18.3248,18.359
1716843600,18.359,18.4331,18.26784,18.28094
1716930000,18.28094,18.45682,18.221,18.45486
1717016400,18.45486,18.77745,18.4286,18.75075
1717102800,18.75075,18.90012,18.63505,18.77505
1717362000,18.77505,18.8853,18.49354,18.5069
1717448400,18.5069,18.77652,18.50525,18.70774
1717534800,18.70774,18.98189,18.65962,18.9483
1717621200,18.9483,19.00606,18.8762,18.9772
1717707600,18.9772,18.9958,18.76693,18.876
1717966800,18.876,18.92514,18.6932,18.70915
1718053200,18.70915,18.7677,18.53655,18.57775
1718139600,18.57775,18.65712,18.2894,18.38426
1718226000,18.38426,18.53982,18.31792,18.4269
1718312400,18.4269,18.50466,18.3054,18.3499
1718571600,18.3499,18.40334,18.20656,18.24665
1718658000,18.25,18.29315,18.03464,18.0476
1718744400,18.05155,18.0577,17.9203,17.9565
1718830800,17.9735,18.1776,17.93096,17.9633
1718917200,17.9815,18.01344,17.86826,17.9767
1719176400,17.9907,18.24317,17.98882,18.10706
1719262800,18.10441,18.27504,18.06138,18.23875
1719349200,18.24475,18.35257,18.11274,18.16204
1719435600,18.1632,18.51344,18.1339,18.4776
1719522000,18.461,18.52872,18.13264,18.19911
1719781200,18.03025,18.41195,17.9404,18.38155
1719867600,18.37955,18.66383,18.34474,18.59377
1719954000,18.6151,18.62658,18.30236,18.41665
1720040400,18.42767,18.45908,18.23912,18.2593
1720126800,18.28685,18.31565,18.15182,18.17362
1720386000,18.1516,18.23318,18.07143,18.1284
1720472400,18.1313,18.22232,18.06881,18.15634
1720558800,18.15245,18.1641,18.04719,18.12575
1720645200,18.1191,18.13507,17.94136,18.007
1720731600,18.0048,18.02156,17.94655,17.95345
1720990800,17.95145,18.27967,17.95145,18.19575
1721077200,18.21885,18.28023,18.04018,18.04928
1721163600,18.0707,18.2718,18.03818,18.18952
1721250000,18.18942,18.2792,18.1313,18.2679
1721336400,18.2635,18.37468,18.2486,18.27643
1721595600,18.28817,18.32859,18.19702,18.25424
1721682000,18.26305,18.47672,18.23882,18.39416
1721768400,18.39025,18.43468,18.26895,18.3763
1721854800,18.34915,18.53294,18.31974,18.36108
1721941200,18.3517,18.38535,18.22355,18.28945
1722200400,18.27965,18.52352,18.2414,18.43774
1722286800,18.43485,18.47533,18.28569,18.33925
1722373200,18.3365,18.34332,18.1715,18.2094
1722459600,18.20298,18.30432,18.10541,18.27697
1722546000,18.27375,18.32912,18.10824,18.2877
1722805200,18.25892,18.6879,18.25025,18.519
1722891600,18.5193,18.58899,18.40185,18.4895
1722978000,18.4933,18.5064,18.27306,18.4103
1723064400,18.41165,18.44554,18.3289,18.36986
1723150800,18.3778,18.3818,18.27774,18.3225
1723410000,18.32105,18.3322,18.17816,18.2577
1723496400,18.25975,18.2748,18.09355,18.10185
1723582800,18.1184,18.14438,18.01811,18.06995
1723669200,18.07,18.09994,17.9494,18.01115
1723755600,18.0122,18.01272,17.85072,17.85925
1724014800,17.86578,17.88566,17.67408,17.70465
1724101200,17.70256,17.88705,17.70216,17.81
1724187600,17.80785,17.95058,17.78175,17.82635
1724274000,17.84795,18.05875,17.8393,18.00502
1724360400,17.9993,18.0277,17.69154,17.71091
1724619600,17.7075,17.83596,17.68318,17.73655
1724706000,17.73595,17.8066,17.6876,17.718
1724792400,17.7256,17.85344,17.70805,17.8377
1724878800,17.81775,17.83875,17.67541,17.7597
1724965200,17.7641,17.8526,17.59644,17.83545
1725224400,17.8012,17.93332,17.7896,17.82805
1725310800,17.82775,18.01,17.8112,17.97689
1725397200,17.98154,18.02416,17.80235,17.8732
1725483600,17.87725,17.891,17.6878,17.70987
1725570000,17.70586,17.89476,17.60616,17.8456
1725829200,17.8456,17.96027,17.80327,17.88225
1725915600,17.87266,17.96606,17.81316,17.94468
1726002000,17.95113,17.98959,17.83896,17.89755
1726088400,17.89379,18.01602,17.76106,17.77988
1726174800,17.77988,17.80622,17.69262,17.7653
1726434000,17.735,17.75584,17.61018,17.62365
1726520400,17.6357,17.67822,17.58146,17.59222
1726606800,17.6162,17.618,17.42985,17.55075
1726693200,17.54535,17.6267,17.39172,17.47665
1726779600,17.49025,17.59756,17.3665,17.41325
1727038800,17.41725,17.47623,17.28541,17.35335
1727125200,17.35964,17.3712,17.2558,17.26002
1727211600,17.27131,17.36135,17.131,17.27965
1727298000,17.27585,17.31926,17.14052,17.1832
1727384400,17.192,17.2504,17.06928,17.11545
1727643600,17.1028,17.30381,17.0354,17.27216
1727730000,17.2835,17.48665,17.22,17.39835
1727816400,17.4065,17.4643,17.30787,17.3593
1727902800,17.35595,17.55456,17.2851,17.53184
1727989200,17.51,17.60475,17.42217,17.48025
1728248400,17.4887,17.5078,17.35296,17.37945
1728334800,17.38105,17.6098,17.35695,17.56295
1728421200,17.56262,17.6761,17.5272,17.66276
1728507600,17.66085,17.6743,17.49786,17.52798
1728594000,17.52755,17.5343,17.36728,17.39975
1728853200,17.4125,17.6016,17.391,17.5828
1728939600,17.5785,17.67278,17.54505,17.6441
1729026000,17.65285,17.66812,17.5473,17.62086
1729112400,17.62505,17.79878,17.60405,17.6768
1729198800,17.69465,17.69715,17.5435,17.62055
1729458000,17.605,17.6623,17.57126,17.6262
1729544400,17.61925,17.63656,17.49805,17.52965
1729630800,17.52925,17.8683,17.49105,17.79225
1729717200,17.787,17.82203,17.64475,17.6612
1729803600,17.6612,17.7167,17.5846,17.6728
1730062800,17.6325,17.79986,17.6184,17.70335
1730149200,17.705,17.75009,17.6457,17.656
1730235600,17.66525,17.76309,17.53674,17.65265
1730322000,17.64664,17.76156,17.5844,17.59442
1730408400,17.5978,17.6727,17.5255,17.66355
1730671200,17.56985,17.5996,17.4862,17.5232
1730757600,17.528,17.52845,17.3636,17.39578
1730844000,17.39875,17.82465,17.3851,17.61745
1730930400,17.61755,17.69165,17.2697,17.3079
1731016800,17.31705,17.65905,17.28005,17.57985
1731276000,17.625,17.99308,17.55901,17.92645
1731362400,17.929,18.18608,17.91256,18.1034
1731448800,18.11015,18.27644,17.93445,18.2381
1731535200,18.2229,18.39586,18.16285,18.27096
1731621600,18.26985,18.31148,18.10242,18.19198
1731880800,18.19198,18.2261,17.93093,17.95295
1731967200,17.95505,18.17708,17.9056,18.05538
1732053600,18.04942,18.18652,18.02602,18.11248
1732140000,18.1128,18.18126,17.96468,18.0994
1732226400,18.1029,18.14283,18.01715,18.1184
1732485600,18.0501,18.1191,17.9588,18.05346
1732572000,18.0575,18.22974,18.03635,18.1875
1732658400,18.1975,18.23777,18.07426,18.1946
1732744800,18.17445,18.2686,18.0832,18.1034
1732831200,18.0932,18.11672,18.00678,18.06575
1733090400,18.0955,18.2386,18.02152,18.1272
1733176800,18.10875,18.19898,18.0645,18.10845
1733263200,18.11265,18.1879,18.08734,18.17056
1733349600,18.16115,18.182,18.00272,18.01642
1733436000,18.0142,18.06758,17.9525,18.02945
1733695200,18.01132,18.05585,17.72104,17.78717
1733781600,17.7913,17.90618,17.76713,17.8062
1733868000,17.81712,17.9086,17.68432,17.71028
1733954400,17.70735,17.80878,17.61748,17.78922
1734040800,17.79034,17.94583,17.76975,17.87466
1734300000,17.8705,17.92349,17.8256,17.86614
1734386400,17.86372,18.16881,17.83232,18.0846
1734472800,18.08015,18.36668,18.02446,18.3393
1734559200,18.3462,18.43741,18.22206,18.41046
1734645600,18.3975,18.44106,18.26019,18.3213
1734904800,18.28512,18.60959,18.27469,18.55596
1734991200,18.5755,18.70749,18.50925,18.66091
1735164000,18.66756,18.91066,18.58036,18.84673
1735250400,18.84356,18.87526,18.62114,18.6895
1735509600,18.695,18.83898,18.63143,18.78858
1735596000,18.78858,18.91423,18.7053,18.8418
1735768800,18.85144,18.8745,18.66358,18.72288
1735855200,18.7428,18.81805,18.68456,18.73534
1736114400,18.76675,18.78736,18.4308,18.5689
1736200800,18.5647,18.71972,18.5081,18.713
1736287200,18.69565,18.97084,18.67955,18.90685
1736373600,18.90125,18.99304,18.83182,18.94025
1736460000,18.9175,19.21068,18.9055,19.11856
1736719200,19.1287,19.23114,19.02146,19.02816
1736805600,19.04875,19.05975,18.89176,18.92778
1736892000,18.955,18.95805,18.74004,18.7696
1736978400,18.7794,18.8971,18.7382,18.81148
1737064800,18.81255,18.8352,18.68318,18.76385
1737324000,18.73425,18.77882,18.49984,18.52556
1737410400,18.52535,18.69705,18.47988,18.50229
1737496800,18.49788,18.57852,18.44825,18.49625
1737583200,18.5031,18.60601,18.45178,18.51365
1737669600,18.4891,18.52335,18.30096,18.41159
1737928800,18.45305,18.77558,18.4487,18.72284
1738015200,18.71215,18.87047,18.6476,18.67884
1738101600,18.67258,18.72944,18.5126,18.53184
1738188000,18.5362,18.5995,18.42987,18.58482
1738274400,18.58696,18.72925,18.51512,18.6726
1738533600,18.67195,19.04792,18.67195,18.7167
1738620000,18.70235,18.8398,18.63496,18.68081
1738706400,18.6945,18.71738,18.5105,18.5505
1738792800,18.5544,18.68304,18.42035,18.4387
1738879200,18.43869,18.50918,18.323,18.39372
1739138400,18.63936,18.65964,18.36006,18.44915
1739224800,18.46385,18.51704,18.42015,18.501
1739311200,18.50376,18.5668,18.41607,18.52938
1739397600,18.54315,18.63357,18.44485,18.49035
1739484000,18.49,18.51808,18.29988,18.336
1739743200,18.39745,18.46475,18.31396,18.41096
1739829600,18.40568,18.48352,18.37829,18.40765
1739916000,18.426,18.59382,18.3321,18.53186
1740002400,18.5257,18.56248,18.31962,18.32894
1740088800,18.361,18.39602,18.2962,18.35627
1740348000,18.39442,18.43494,18.29628,18.38091
1740434400,18.371,18.4648,18.3404,18.4069
1740520800,18.40035,18.44817,18.33441,18.40804
1740607200,18.41625,18.50036,18.39658,18.46912
1740693600,18.47415,18.72466,18.43065,18.69004
1740952800,18.6706,18.70816,18.54668,18.60056
1741039200,18.60469,18.66599,18.4539,18.47405
1741125600,18.46065,18.52928,18.28984,18.29968
1741212000,18.3211,18.37755,18.11984,18.1437
1741298400,18.14565,18.33776,18.0494,18.2604
1741554000,18.25092,18.37665,18.22306,18.36479
1741640400,18.37185,18.37212,18.17531,18.2195
1741726800,18.24368,18.45705,18.19668,18.33764
1741813200,18.343,18.4391,18.28745,18.32658
1741899600,18.33,18.33586,18.1356,18.1821
1742158800,18.22332,18.24536,18.06332,18.09088
1742245200,18.085,18.1583,18.0017,18.1384
1742331600,18.13654,18.28319,18.08432,18.12912
1742418000,18.11935,18.24872,18.08702,18.1381
1742504400,18.1234,18.2493,18.1234,18.23
1742763600,18.19688,18.2577,18.10021,18.2576
1742850000,18.24605,18.28735,18.1464,18.2753
1742936400,18.2597,18.29278,18.20188,18.2597
1743022800,18.2675,18.34275,18.19024,18.2345
1743109200,18.2212,18.44745,18.12044,18.438
1743368400,18.40614,18.4644,18.22245,18.3205
1743454800,18.3179,18.51405,18.26748,18.49509
1743541200,18.4792,18.97862,18.45715,18.8912
1743627600,18.88625,19.01755,18.66972,18.7404
1743714000,18.73125,19.22139,18.713,19.1414
1743973200,19.11794,19.6832,19.11794,19.6832
1744059600,19.65903,19.79152,19.30449,19.78897
1744146000,19.78978,19.93383,19.23376,19.2952
1744232400,19.2957,19.61248,19.23812,19.40995
1744318800,19.41045,19.51466,19.07906,19.1048
1744578000,19.10625,19.15083,18.8174,18.89763
1744664400,18.8838,19.10124,18.74418,19.02713
1744750800,19.02608,19.0787,18.7884,18.8378
1744837200,18.8688,18.89485,18.7713,18.8035
1744923600,18.82333,18.89755,18.79165,18.83094
1745182800,18.84385,18.84588,18.63431,18.74726
1745269200,18.74706,18.74845,18.5526,18.61155
1745355600,18.61335,18.69925,18.49489,18.67052
1745442000,18.6636,18.8435,18.56243,18.82072
1745528400,18.80296,18.91485,18.6598,18.685
1745787600,18.68377,18.76021,18.47994,18.52116
1745874000,18.52948,18.59476,18.47336,18.55629
1745960400,18.54625,18.65936,18.516,18.6088
1746046800,18.60424,18.7102,18.5304,18.5586
1746133200,18.5555,18.59044,18.35129,18.38645
1746392400,18.3925,18.42865,18.23423,18.27194
1746478800,18.28174,18.308,18.1451,18.19938
1746565200,18.2147,18.34582,18.17895,18.26647
1746651600,18.27244,18.34168,18.08684,18.17326
1746738000,18.21056,18.30169,18.15782,18.1978
1746997200,18.22375,18.34671,18.08868,18.2652
1747083600,18.258,18.46952,18.2194,18.3115
1747170000,18.3216,18.35575,18.18495,18.26685
1747256400,18.2775,18.2876,18.00635,18.01325
1747342800,18.0556,18.14429,17.99099,18.04445
1747602000,18.075,18.0949,17.98047,18.08985
1747688400,18.08505,18.11895,17.9051,17.92002
1747774800,17.93,17.9782,17.85258,17.9647
1747861200,17.97195,18.07009,17.91875,18.0027
1747947600,18.0124,18.02466,17.81045,17.8201
1748206800,17.85,17.8904,17.7976,17.86339
1748293200,17.8459,17.9604,17.83275,17.94884
1748379600,17.94495,18.02084,17.86067,17.92622
1748466000,17.92247,18.0144,17.75734,17.8022
1748552400,17.7985,18.07317,17.77145,18.01455
1748811600,17.97755,17.9922,17.8406,17.8454
1748898000,17.8558,17.93907,17.81144,17.8582
1748984400,17.85425,17.8901,17.76461,17.82525
1749070800,17.8428,17.86015,17.68745,17.73525
1749157200,17.7525,17.80764,17.70515,17.7798
1749416400,17.77375,17.80045,17.69581,17.733
1749502800,17.7415,17.7998,17.66282,17.71145
1749589200,17.7048,17.79712,17.66697,17.73685
1749675600,17.7461,17.9195,17.68485,17.776
1749762000,17.77005,18.0717,17.75453,17.9452
1750021200,17.97283,17.98508,17.72654,17.80555
1750107600,17.8111,18.04096,17.78445,18.01735
1750194000,18.02625,18.14162,17.91228,18.0099
1750280400,18.0162,18.15745,17.9855,18.0242
1750366800,17.99985,18.09779,17.95156,17.99565
1750626000,18.10705,18.14797,17.85615,17.8624
1750712400,17.885,17.885,17.66662,17.76265
1750798800,17.7734,17.8448,17.68365,17.75155
1750885200,17.7455,17.8768,17.5762,17.8441
1750971600,17.84908,17.93348,17.71548,17.8211
1751230800,17.81637,17.82625,17.68676,17.70545
1751317200,17.7491,17.75324,17.56965,17.597
1751403600,17.60795,17.71456,17.55481,17.5644
1751490000,17.56725,17.65575,17.48817,17.5195
1751576400,17.5113,17.63838,17.48685,17.578
1751835600,17.605,17.876,17.58825,17.8636
1751922000,17.86195,17.87283,17.71836,17.7855
1752008400,17.78535,17.87608,17.75144,17.83335
1752094800,17.8361,17.83874,17.70338,17.74555
1752181200,17.73924,17.97776,17.72665,17.9477
1752440400,17.92659,17.96896,17.83156,17.9124
1752526800,17.9014,17.95322,17.75633,17.9203
1752613200,17.93104,17.96322,17.7705,17.8205
1752699600,17.82282,17.9431,17.8062,17.82376
1752786000,17.83415,17.8576,17.66308,17.7044
1753045200,17.70738,17.76592,17.59588,17.6266
1753131600,17.62222,17.68375,17.5306,17.5635
1753218000,17.54215,17.5938,17.50385,17.51985
1753304400,17.5593,17.65905,17.5108,17.62695
1753390800,17.6329,17.82346,17.60206,17.7825
1753650000,17.73599,17.90928,17.719,17.87165
1753736400,17.87426,17.99362,17.8661,17.87815
1753822800,17.91915,18.02412,17.8363,18.00585
1753909200,18.0147,18.23482,17.95486,18.21805
1753995600,18.20771,18.36218,18.01914,18.05405
1754254800,18.05405,18.13999,17.90894,17.93845
1754341200,17.92802,18.0573,17.87444,17.91158
1754427600,17.91101,17.9625,17.74872,17.78584
1754514000,17.79875,17.84191,17.67236,17.73022
1754600400,17.7409,17.76845,17.68068,17.74476
1754859600,17.72536,17.79855,17.70051,17.7645
1754946000,17.7697,17.7715,17.54623,17.60784
1755032400,17.5975,17.61407,17.471,17.51774
1755118800,17.5338,17.67365,17.4837,17.59449
1755205200,17.61708,17.63339,17.51834,17.59106
1755464400,17.59005,17.67723,17.56008,17.6395
1755550800,17.63015,17.70126,17.57676,17.68175
1755637200,17.67663,17.73099,17.6453,17.67903
1755723600,17.6739,17.7666,17.6528,17.72025
1755810000,17.68955,17.74678,17.42998,17.44885
1756069200,17.45898,17.6373,17.43219,17.60756
1756155600,17.58793,17.69193,17.57896,17.626
1756242000,17.62768,17.78144,17.6141,17.68805
1756328400,17.6772,17.72125,17.62342,17.6995
1756414800,17.68835,17.7752,17.63307,17.65055
1756674000,17.67899,17.68543,17.54295,17.6216
1756760400,17.6028,17.78284,17.5864,17.69575
1756846800,17.6943,17.77703,17.60636,17.66055
1756933200,17.6708,17.82021,17.65361,17.76952
1757019600,17.79595,17.79671,17.51784,17.5885
1757278800,17.56587,17.63172,17.47134,17.49615
1757365200,17.51218,17.55291,17.45352,17.54545
1757451600,17.5367,17.59938,17.45796,17.48688
1757538000,17.48052,17.56462,17.35284,17.36325
1757624400,17.39445,17.42338,17.34296,17.38695
1757883600,17.37428,17.39922,17.31112,17.3543
1757970000,17.359,17.40696,17.31714,17.34005
1758056400,17.3485,17.42892,17.2626,17.39962
1758142800,17.38735,17.48666,17.32036,17.34934
1758229200,17.35785,17.41981,17.31402,17.34614
1758488400,17.34757,17.3773,17.2629,17.33338
1758574800,17.3299,17.38458,17.22748,17.24486
1758661200,17.2575,17.36464,17.21652,17.34475
1758747600,17.3243,17.48708,17.28821,17.42486
1758834000,17.44176,17.48474,17.33336,17.33477
1759093200,17.38048,17.385,17.25022,17.27313
1759179600,17.27058,17.31152,17.22328,17.27022
1759266000,17.2602,17.2896,17.12762,17.23615
1759352400,17.21306,17.34348,17.17075,17.29881
1759438800,17.32978,17.32978,17.20384,17.2352
1759698000,17.24886,17.31184,17.156,17.1751
1759784400,17.18226,17.23817,17.16294,17.2214
1759870800,17.22229,17.26874,17.13918,17.1604
1759957200,17.16646,17.24464,17.06632,17.21953
1760043600,17.21406,17.51006,17.17831,17.50818
1760302800,17.3858,17.42428,17.27428,17.32332
1760389200,17.3115,17.50103,17.2902,17.37974
1760475600,17.41188,17.41696,17.27255,17.33621
1760562000,17.3547,17.3695,17.26284,17.33698
1760648400,17.339,17.48692,17.31654,17.36748
1760907600,17.3775,17.38946,17.2175,17.22264
1760994000,17.23275,17.46088,17.19647,17.39428
1761080400,17.40236,17.48531,17.34718,17.40542
1761166800,17.4175,17.44791,17.29284,17.3315
1761253200,17.32362,17.37018,17.21644,17.26609
1761512400,17.20167,17.26052,17.17467,17.22339
1761598800,17.20765,17.29334,17.138,17.15404
1761685200,17.15412,17.24906,17.07849,17.20655
1761771600,17.21687,17.363,17.15191,17.28638
1761858000,17.29745,17.38694,17.25587,17.32486
1762120800,17.33937,17.35526,17.27662,17.31826
1762207200,17.31092,17.55084,17.3066,17.5282
1762293600,17.52144,17.57983,17.39186,17.40702
1762380000,17.42255,17.44404,17.31364,17.36882
1762466400,17.37319,17.40694,17.28607,17.2988
1762725600,17.332,17.3353,17.132,17.15736
1762812000,17.17004,17.18654,17.12676,17.16084
1762898400,17.16102,17.17482,17.03918,17.08295
1762984800,17.07952,17.11767,16.95108,17.04048
1763071200,17.0424,17.20726,17.00187,17.07966
1763330400,17.07936,17.21746,17.04338,17.16814
1763416800,17.186,17.26267,17.15826,17.18538
1763503200,17.1906,17.26877,17.13284,17.19714
1763589600,17.2136,17.26685,17.13641,17.23786
1763676000,17.23775,17.47466,17.21422,17.37625
1763935200,17.37342,17.39841,17.26576,17.29974
1764021600,17.31298,17.31742,17.1897,17.22346
1764108000,17.20658,17.22096,17.09162,17.13975
1764194400,17.1375,17.18428,17.10976,17.154
1764280800,17.14375,17.19312,17.08734,17.11782
1764540000,17.12301,17.16422,17.06197,17.09202
1764626400,17.08182,17.15522,17.07269,17.10409
1764712800,17.11245,17.1381,17.02915,17.0383
1764799200,17.03812,17.07478,16.94406,16.9989
1764885600,17.00044,17.0025,16.90179,16.93038
1765144800,16.94152,17.06038,16.9234,17.04196
1765231200,17.03846,17.12326,17.00938,17.0579
1765317600,17.0455,17.06088,16.90603,16.92822
1765404000,16.92224,16.97664,16.82731,16.87078
1765490400,16.87734,16.90693,16.82085,16.8861
1765749600,16.8725,16.8951,16.76684,16.79255
1765836000,16.80295,16.8242,16.71845,16.75467
1765922400,16.7556,16.79348,16.69698,16.77327
1766008800,16.75679,16.79757,16.7115,16.73352
1766095200,16.74931,16.79806,16.71938,16.77865
1766354400,16.76686,16.77793,16.68801,16.7105
1766440800,16.7028,16.7273,16.66588,16.68316
1766527200,16.67786,16.70068,16.61398,16.6651
1766700000,16.65849,16.6971,16.61242,16.66435
1766959200,16.6662,16.73735,16.61866,16.67504
1767045600,16.68324,16.69622,16.57137,16.58535
1767132000,16.5963,16.63154,16.53415,16.5619
1767304800,16.57875,16.58367,16.46938,16.496
1767564000,16.48972,16.54107,16.35334,16.36562
1767650400,16.3763,16.40317,16.30482,16.3531
1767736800,16.3628,16.48774,16.34489,16.45416
1767823200,16.45388,16.55866,16.4487,16.5302
1767909600,16.51514,16.58606,16.46234,16.49382
1768168800,16.49255,16.5106,16.36678,16.39205
1768255200,16.39196,16.46812,16.37424,16.40134
1768341600,16.38182,16.44572,16.33564,16.40544
1768428000,16.41738,16.4301,16.31422,16.3386
1768514400,16.35866,16.4781,16.33453,16.40564
1768773600,16.46366,16.48512,16.36586,16.3876
1768860000,16.39736,16.48603,16.3656,16.42382
1768946400,16.44268,16.45135,16.23312,16.2618
1769032800,16.25126,16.28809,16.1249,16.12788
1769119200,16.1556,16.21782,16.08118,16.10398
1769378400,16.05682,16.14542,15.93656,16.04704
1769464800,16.02815,16.07154,15.85388,15.8636
1769551200,15.86588,15.97663,15.76134,15.77055
1769637600,15.77739,15.93433,15.64243,15.73738
1769724000,15.73758,16.21212,15.72496,16.13209
1769983200,16.11618,16.3138,15.9609,16.08672
1770069600,16.09375,16.1197,15.91146,15.97594
1770156000,15.98,16.14212,15.90751,16.08
1770242400,16.1086,16.3144,16.05156,16.31204
1770328800,16.31322,16.43356,16.0015,16.04144
1770588000,16.03921,16.07698,15.87142,15.89835
1770674400,15.89496,15.97732,15.8816,15.94102
1770760800,15.94952,15.95891,15.83776,15.86392
1770847200,15.86746,15.991,15.80602,15.9639
1770933600,15.94596,16.07824,15.93144,15.94058
1771192800,15.943,15.99922,15.88108,15.98175
1771279200,15.95642,16.11402,15.92305,16.01731
1771365600,16.04,16.1082,15.95344,16.0642
1771452000,16.0788,16.22322,16.02341,16.14491
1771538400,16.15814,16.19441,15.9835,16.03912
1771797600,16.05206,16.06125,15.95188,16.025
1771884000,15.99548,16.05221,15.93293,15.9791
1771970400,15.96626,15.98914,15.8305,15.84485
1772056800,15.863,16.00515,15.83286,15.94473
1772143200,15.96625,16.00101,15.87054,15.93245
1772402400,16.11836,16.21172,15.99562,16.09819
1772488800,16.11931,16.75944,16.05326,16.53175
1772575200,16.55315,16.63257,16.28628,16.34466
1772661600,16.3226,16.74806,16.31212,16.65329
1772748000,16.63745,16.81873,16.52834,16.56388
1773003600,16.70538,16.92037,16.27616,16.28375
1773090000,16.28747,16.39177,16.13246,16.28758
1773176400,16.25925,16.52016,16.21266,16.49635
1773262800,16.47267,16.8039,16.4713,16.79745
1773349200,16.7996,16.96124,16.723,16.93926
1773608400,16.92312,16.92643,16.6267,16.6784
1773694800,16.66985,16.77593,16.60149,16.66695
1773781200,16.66,17.0017,16.58206,16.99294
1773867600,16.98221,17.09488,16.68396,16.74422
1773954000,16.73914,17.12658,16.72115,17.00875
1774213200,17.09515,17.25118,16.67356,16.8334
1774299600,16.8637,17.13727,16.78638,16.91016
1774386000,16.97714,17.01505,16.83425,16.97755
1774472400,16.9472,17.17096,16.9313,17.11328
1774558800,17.12954,17.2188,17.01142,17.12828
1774818000,17.12828,17.21801,17.03548,17.17885
1774904400,17.19627,17.23301,16.90948,16.94251
1774990800,16.96244,16.96244,16.66246,16.81357
1775077200,16.785,17.05302,16.78134,16.94971
1775163600,16.9275,17.01969,16.90493,16.97653
1775422800,16.96193,17.03675,16.76989,16.86277
1775509200,16.84757,16.95711,16.77485,16.80667
1775595600,16.81915,16.83955,16.26424,16.39225
1775682000,16.40577,16.5124,16.29582,16.38275
1775768400,16.34642,16.47442,16.32967,16.43393
1776027600,16.5661,16.62639,16.38564,16.4211
1776114000,16.41751,16.44895,16.31236,16.34782
1776200400,16.34362,16.43889,16.31364,16.3773
1776286800,16.375,16.44722,16.31302,16.40865
1776373200,16.4444,16.4539,16.14328,16.3148
1776632400,16.40187,16.46052,16.30519,16.36214
1776718800,16.35392,16.5941,16.3392,16.51116
1776805200,16.4919,16.53994,16.41176,16.46644
1776891600,16.46603,16.67989,16.44076,16.63382
1776978000,16.63654,16.68639,16.49987,16.52998
1777237200,16.62992,16.64444,16.45994,16.53021
1777323600,16.52738,16.64824,16.5044,16.5423
1777410000,16.55382,16.89082,16.52418,16.83372
1777496400,16.82389,16.9187,16.64046,16.66938
1777582800,16.67585,16.76168,16.54557,16.63745
1777842000,16.52987,16.8839,16.51635,16.79251
1777928400,16.8026,16.84253,16.61129,16.67115
1778014800,16.66304,16.67849,16.28001,16.38995
1778101200,16.39496,16.51414,16.23182,16.51356
1778187600,16.52005,16.52005,16.34233,16.38028
1778446800,16.46128,16.49776,16.33592,16.435
1778533200,16.43615,16.57832,16.42015,16.51525
1778619600,16.50702,16.53109,16.38157,16.40428
1778706000,16.43524,16.4976,16.3726,16.4839
1778792400,16.45427,16.7172,16.4514,16.69727
1779051600,16.67117,16.78422,16.55315,16.5732
1779138000,16.5732,16.77519,16.57155,16.7029
1779224400,16.72156,16.7463,16.396,16.47454
1779310800,16.46303,16.58166,16.38698,16.45547
1779397200,16.46028,16.5097,16.3879,16.48522
1779656400,16.38615,16.44,16.27974,16.28965
1779742800,16.30985,16.41722,16.28953,16.37625
1779829200,16.3729,16.40204,16.29356,16.36725
1779915600,16.38288,16.48891,16.20897,16.23236
1780002000,16.23226,16.28634,16.17078,16.2183
1780261200,16.23413,16.3893,16.19406,16.30905
1780347600,16.33702,16.33702,16.19126,16.23708
1780434000,16.24272,16.37876,16.23014,16.35722
1780520400,16.37239,16.37239,16.21504,16.31156
1780606800,16.2993,16.61213,16.24938,16.55746
1780866000,16.59486,16.66574,16.43304,16.52085
1780952400,16.48859,16.59774,16.39562,16.51604
1781038800,16.5246,16.62428,16.48682,16.5824
1781125200,16.56738,16.61787,16.22398,16.25795
1781211600,16.25616,16.34492,16.2235,16.2938
1781470800,16.28825,16.28836,16.13248,16.21054
1781557200,16.19725,16.2371,16.13244,16.19255
1781643600,16.18176,16.47772,16.15186,16.39595
1781730000,16.4211,16.47198,16.30238,16.44314
1781816400,16.42717,16.53246,16.412,16.48153
1782075600,16.49029,16.49094,16.37317,16.4
1782162000,16.39778,16.57206,16.37778,16.54435
1782248400,16.545,16.67608,16.50475,16.56376
1782334800,16.54359,16.5978,16.44147,16.49038
1782421200,16.43594,16.56454,16.41805,16.45166
1782680400,16.45504,16.499,16.39354,16.41751
1782766800,16.4496,16.47658,16.3556,16.3933
1782853200,16.39433,16.4643,16.34636,16.41015
1782939600,16.38765,16.42095,16.21882,16.25462
1783026000,16.26084,16.27704,16.18559,16.24382
1783285200,16.23901,16.26618,16.19096,16.19808
1783371600,16.21944,16.32048,16.19297,16.29448
1783458000,16.26846,16.48406,16.25649,16.41406
1783544400,16.40427,16.42625,16.30965,16.32624
1783630800,16.32042,16.36102,16.2721,16.3033
1783890000,16.33682,16.47688,16.32362,16.47247
1783976400,16.44952,16.50586,16.30819,16.3762
1784062800,16.3503,16.41805,16.2862,16.32671
1784149200,16.32496,16.44443,16.30742,16.4036
1784235600,16.4121,16.58216,16.37839,16.47583
1784494800,16.55232,16.57581,16.43457,16.52936
1784581200,16.50528,16.5322,16.41272,16.47135
1784667600,16.45748,16.52554,16.38928,16.39965
1784754000,16.41127,16.8685,16.35133,16.82195
1784840400,16.8162,16.9807,16.75949,16.83635
1785099600,16.75934,16.77188,16.65416,16.76308
1785186000,16.7495,16.8269,16.64328,16.69452
1785272400,16.69466,16.81267,16.5782,16.65365
1785358800,16.65962,16.71248,16.4601,16.49595
1785445200,16.50607,16.6232,16.46956,16.55938
1785704400,16.46125,16.55744,16.4348,16.5261
1785790800,16.50549,16.53352,16.36794,16.3857
1785877200,16.3893,16.42314,16.2922,16.30902