time,open,high,low,close
1261087200,119.664,119.915,118.747,119.06
1261346400,119.06,119.077,117.28,117.5
1261432800,117.5,117.625,116.55,116.645
1261519200,116.645,117.268,116.392,116.481
1261605600,116.481,116.697,115.721,115.878
1261951200,115.878,115.95,115.381,115.63
1262037600,115.63,116.095,115.374,116.063
1262124000,116.063,116.465,115.874,116.37
1262210400,116.37,116.37,115.046,115.704
1262556000,115.704,116.181,115.21,115.739
1262642400,115.739,116.675,115.641,116.36
1262728800,116.36,116.391,115.412,115.569
1262815200,115.569,116.223,115.313,115.688
1262901600,115.688,116.279,115.243,115.618
1263160800,115.618,116.07,115.35,115.723
1263247200,115.723,117.412,115.723,117.348
1263333600,117.348,117.535,116.212,116.274
1263420000,116.274,117.555,116.21,117.146
1263506400,117.146,118.207,117.145,117.861
1263765600,117.861,118.155,117.752,118.061
1263852000,118.061,118.276,117.176,117.708
1263938400,117.708,118.549,117.675,118.453
1264024800,118.453,119.263,118.135,119.168
1264111200,119.168,119.508,118.817,119.067
1264370400,119.067,119.11,118.452,118.795
1264456800,118.795,119.575,118.569,118.788
1264543200,118.788,119.504,118.561,118.593
1264629600,118.593,118.838,117.996,118.711
1264716000,118.711,119.582,118.08,119.488
1264975200,119.488,119.488,118.34,118.527
1265061600,118.527,118.772,118.241,118.645
1265148000,118.645,118.676,117.573,117.635
1265234400,117.635,119.383,117.57,119.007
1265320800,119.007,119.878,118.658,119.501
1265580000,119.501,119.637,119.077,119.606
1265666400,119.606,119.636,118.44,118.471
1265752800,118.471,118.936,117.619,117.806
1265839200,117.806,118.116,116.986,117.643
1265925600,117.643,118.139,117.517,117.855
1266184800,117.855,117.855,117.273,117.522
1266271200,117.522,118.266,117.236,118.078
1266357600,118.078,118.109,116.757,117.132
1266444000,117.132,117.471,116.124,116.624
1266530400,116.624,117.087,116.4,117.024
1266789600,117.024,117.024,116.41,116.596
1266876000,116.596,118.187,116.5,118.061
1266962400,118.061,118.462,117.71,117.96
1267048800,117.96,118.768,117.834,118.673
1267135200,118.673,119.345,118.335,118.962
1267394400,118.962,119.177,118.609,118.922
1267480800,118.922,118.974,118.344,118.877
1267567200,118.877,118.964,118.203,118.706
1267653600,118.706,119.518,118.507,119.23
1267740000,119.23,119.356,117.923,118.141
1267999200,118.141,118.141,117.6,117.627
1268085600,117.627,118.219,117.521,117.835
1268172000,117.835,117.896,117.193,117.632
1268258400,117.632,118.127,117.213,117.777
1268344800,117.777,118.557,117.168,118.428
1268600400,118.428,118.43,117.79,118.325
1268686800,118.325,119.04,118.096,118.944
1268773200,118.944,119.436,118.779,119.309
1268859600,119.309,119.648,118.825,118.885
1268946000,118.885,119.538,118.592,119.156
1269205200,119.156,119.373,118.964,119.148
1269291600,119.148,119.363,118.755,118.819
1269378000,118.819,118.877,116.756,116.848
1269464400,116.848,117.158,115.953,116.425
1269550800,116.425,116.796,116.132,116.57
1269810000,116.57,116.629,116.123,116.562
1269896400,116.562,116.833,116.079,116.801
1269982800,116.801,117.329,116.633,117.166
1270069200,117.166,117.289,116.368,116.901
1270155600,116.901,117.428,115.882,115.913
1270414800,115.913,116.128,115.18,115.335
1270501200,115.335,115.957,115.323,115.543
1270587600,115.543,116.823,115.313,116.665
1270674000,116.665,116.909,116.274,116.399
1270760400,116.399,116.798,116.043,116.638
1271019600,116.638,117.357,116.166,117.071
1271106000,117.071,117.598,116.97,117.342
1271192400,117.342,117.585,116.667,116.699
1271278800,116.699,117.255,116.343,117.032
1271365200,117.032,117.872,117,117.743
1271624400,117.743,118.03,117.295,117.389
1271710800,117.389,117.631,117.129,117.47
1271797200,117.47,118.433,117.433,118.338
1271883600,118.338,118.706,117.948,118.01
1271970000,118.01,118.256,117.465,117.713
1272229200,117.713,118.213,117.43,117.674
1272315600,117.674,119.487,117.641,119.012
1272402000,119.012,119.226,118.151,118.37
1272488400,118.37,118.955,118.173,118.891
1272574800,118.891,119.823,118.663,119.727
1272834000,119.727,119.727,119.124,119.592
1272920400,119.592,120.993,119.464,120.898
1273006800,120.898,122.083,120.641,121.262
1273093200,121.262,125.144,120.719,123.51
1273179600,123.51,124.756,121.993,122.679
1273438800,122.679,122.679,120.728,121.35
1273525200,121.35,122.316,120.837,121.368
1273611600,121.368,121.772,120.633,120.758
1273698000,120.758,121.659,120.339,121.435
1273784400,121.435,123.088,121.273,122.3
1274043600,122.3,123.304,121.694,121.788
1274130000,121.788,123.531,121.688,123.437
1274216400,123.437,124,122.863,123.078
1274302800,123.078,125.231,123.014,125.103
1274389200,125.103,126.474,124.566,124.807
1274648400,124.807,125.805,124.64,125.141
1274734800,125.141,126.857,125.077,125.534
1274821200,125.534,125.656,124.237,125.113
1274907600,125.113,125.174,123,123.062
1274994000,123.062,123.375,122.623,122.966
1275253200,122.966,123.457,122.738,123.112
1275339600,123.112,124.207,122.891,123.61
1275426000,123.61,123.921,122.571,122.728
1275512400,122.728,122.947,121.597,122.411
1275598800,122.411,124.853,122.315,124.57
1275858000,124.57,125.405,124.09,125.249
1275944400,125.249,125.372,124.525,124.774
1276030800,124.774,124.93,124.019,124.833
1276117200,124.833,124.927,122.917,123.011
1276203600,123.011,124.607,122.98,124.355
1276462800,124.355,124.355,123.06,123.937
1276549200,123.937,124.437,122.836,123.181
1276635600,123.181,124.212,123.086,123.772
1276722000,123.772,124.928,123.3,124.709
1276808400,124.709,125.083,124.204,124.36
1277067600,124.36,124.36,123.002,124.004
1277154000,124.004,125.191,123.627,125.034
1277240400,125.034,126.097,124.719,125.626
1277326800,125.626,126.313,125.09,125.183
1277413200,125.183,126.058,124.93,125.712
1277672400,125.712,126.829,125.712,126.735
1277758800,126.735,127.733,126.546,127.733
1277845200,127.733,128.074,127.229,128.074
1277931600,128.074,128.917,127.758,128.007
1278018000,128.007,128.6,127.377,127.502
1278277200,127.502,128.494,127.368,128.243
1278363600,128.243,128.458,127.457,128.301
1278450000,128.301,128.487,127.42,127.545
1278536400,127.545,127.763,126.634,126.884
1278622800,126.884,127.101,126.442,126.535
1278882000,126.535,127.277,126.367,126.399
1278968400,126.399,126.961,125.518,125.612
1279054800,125.612,126.986,125.486,126.892
1279141200,126.892,128.078,126.42,127.671
1279227600,127.671,128.732,127.512,128.606
1279486800,128.606,128.66,127.656,127.968
1279573200,127.968,128.654,127.748,127.933
1279659600,127.933,129.683,127.805,129.276
1279746000,129.276,129.462,128.239,128.301
1279832400,128.301,128.455,127.358,127.452
1280091600,127.452,127.724,126.721,127.409
1280178000,127.409,127.533,126.435,126.56
1280264400,126.56,127.182,126.244,127.151
1280350800,127.151,127.335,126.428,127.115
1280437200,127.115,128.959,127.115,128.833
1280696400,128.833,128.833,127.757,127.882
1280782800,127.882,128.85,127.819,128.567
1280869200,128.567,129.034,127.937,128.031
1280955600,128.031,129.029,127.935,128.747
1281042000,128.747,130.027,128.527,129.713
1281301200,129.713,129.891,129.264,129.388
1281387600,129.388,130.887,129.294,130.041
1281474000,130.041,131.602,130.041,131.508
1281560400,131.508,131.849,131.066,131.222
1281646800,131.222,132.345,131.128,132.282
1281906000,132.282,134.178,132.117,134.116
1281992400,134.116,134.116,132.923,133.204
1282078800,133.204,134.359,133.047,133.513
1282165200,133.513,135.105,133.104,134.51
1282251600,134.51,135.352,134.037,134.131
1282510800,134.131,134.462,133.807,134.306
1282597200,134.306,136.148,134.243,135.959
1282683600,135.959,137.083,135.08,135.392
1282770000,135.392,136.389,135.233,136.358
1282856400,136.358,136.545,133.633,133.82
1283115600,133.82,135.872,133.468,135.841
1283202000,135.841,136.595,135.655,136.559
1283288400,136.559,136.559,133.646,134.716
1283374800,134.716,135.027,133.633,133.947
1283461200,133.947,134.223,131.667,132.704
1283720400,132.704,133.082,132.455,133.018
1283806800,133.018,134.33,132.761,134.266
1283893200,134.266,134.641,133.088,133.433
1283979600,133.433,133.807,131.719,131.876
1284066000,131.876,132.249,131.047,131.328
1284325200,131.328,132.113,130.321,131.734
1284411600,131.734,132.795,131.474,132.542
1284498000,132.542,132.793,131.62,131.774
1284584400,131.774,132.274,130.535,130.942
1284670800,130.942,132.038,130.464,131.246
1284930000,131.246,131.81,131.056,131.62
1285016400,131.62,133.468,131.578,133.247
1285102800,133.247,134.371,133.215,133.581
1285189200,133.581,134.771,133.39,133.79
1285275600,133.79,134.193,132.708,132.77
1285534800,132.77,134.468,132.682,134.152
1285621200,134.152,135.369,133.829,135.021
1285707600,135.021,135.391,134.538,134.694
1285794000,134.694,135.288,133.269,134.745
1285880400,134.745,135.057,133.572,134.481
1286139600,134.481,135.269,134.418,134.854
1286226000,134.854,135.51,134.184,134.496
1286312400,134.496,136.312,134.432,135.648
1286398800,135.648,135.925,135.169,135.416
1286485200,135.416,136.162,134.81,135.278
1286744400,135.278,135.473,134.991,135.022
1286830800,135.022,135.8,134.192,134.223
1286917200,134.223,134.439,133.333,134.274
1287003600,134.274,134.674,133.004,133.067
1287090000,133.067,133.657,131.579,132.018
1287349200,132.018,133.021,131.931,132.58
1287435600,132.58,133.449,131.943,133.102
1287522000,133.102,133.69,132.591,133.247
1287608400,133.247,133.588,132.262,132.356
1287694800,132.356,132.757,131.908,132.469
1287954000,132.469,133.506,132.445,132.685
1288040400,132.685,132.9,131.166,131.228
1288126800,131.228,131.384,130.243,130.369
1288213200,130.369,131.175,130.204,130.797
1288299600,130.797,131.731,130.639,131.696
1288558800,131.696,132.481,131.035,131.346
1288645200,131.346,132.371,131.186,132.276
1288731600,132.276,133.584,130.476,131.417
1288818000,131.417,132.758,130.814,131.97
1288904400,131.97,132.183,130.488,131.205
1289167200,131.205,131.738,130.795,131.044
1289253600,131.044,131.508,129.182,129.244
1289340000,129.244,129.646,127.917,129.484
1289426400,129.484,129.702,128.976,129.472
1289512800,129.472,130.314,128.049,128.143
1289772000,128.143,128.308,125.883,125.946
1289858400,125.946,128.161,125.913,127.972
1289944800,127.972,128.308,127.021,127.302
1290031200,127.302,127.458,126.103,126.915
1290117600,126.915,127.813,126.906,127.656
1290376800,127.656,128.752,127.253,128.311
1290463200,128.311,129.43,128.153,128.738
1290549600,128.738,128.952,126.629,126.909
1290636000,126.909,127.841,126.653,127.213
1290722400,127.213,128.018,127.051,127.797
1290981600,127.797,128.578,127.328,128.481
1291068000,128.481,129.507,128.219,128.617
1291154400,128.617,128.676,126.014,126.359
1291240800,126.359,126.728,125.687,126.093
1291327200,126.093,127.127,125.386,125.669
1291586400,125.669,126.831,125.642,126.736
1291672800,126.736,126.736,123.627,124.258
1291759200,124.258,124.352,122.162,122.792
1291845600,122.792,123.95,122.656,123.6
1291932000,123.6,123.912,122.451,122.608
1292191200,122.608,123.551,121.849,123.202
1292277600,123.202,123.39,120.569,120.789
1292364000,120.789,121.602,119.862,120.208
1292450400,120.208,121.238,119.883,121.174
1292536800,121.174,122.835,121.074,122.424
1292796000,122.424,123.241,121.567,122.102
1292882400,122.102,122.599,121.586,122.499
1292968800,122.499,122.743,121.7,121.887
1293055200,121.887,122.069,121.372,121.717
1293400800,121.717,122.549,120.757,122.454
1293487200,122.454,122.701,120.236,120.55
1293573600,120.55,122.555,120.384,122.145
1293660000,122.145,122.33,121.441,122.038
1293746400,122.038,123.256,122.038,123.161
1294005600,123.161,123.161,121.455,122.554
1294092000,122.554,123.016,122.073,122.509
1294178400,122.509,123.132,120.198,120.575
1294264800,120.575,121.415,120.412,121.287
1294351200,121.287,122.347,120.554,121.904
1294610400,121.904,122.562,121.589,122.37
1294696800,122.37,122.458,121.164,121.822
1294783200,121.822,122.007,120.899,121.431
1294869600,121.431,122.617,121.108,122.268
1294956000,122.268,122.92,121.722,121.847
1295215200,121.847,122.567,121.533,122.157
1295301600,122.157,122.492,120.509,121.167
1295388000,121.167,121.88,120.94,121.752
1295474400,121.752,122.219,120.042,120.324
1295560800,120.324,121.066,120.095,120.94
1295820000,120.94,121.439,120.501,121.091
1295906400,121.091,122.526,120.767,122.21
1295992800,122.21,122.21,120.627,120.94
1296079200,120.94,121.462,120.272,121.273
1296165600,121.273,122.33,120.322,122.046
1296424800,122.046,122.365,120.91,121.348
1296511200,121.348,121.41,120.145,120.581
1296597600,120.581,121.296,119.848,120.318
1296684000,120.318,120.5,119.458,119.583
1296770400,119.583,120.14,118.285,118.597
1297029600,118.597,118.718,117.967,118.717
1297116000,118.717,118.832,117.606,117.7
1297202400,117.7,119.07,117.321,118.629
1297288800,118.629,118.906,117.802,118.146
1297375200,118.146,119.361,118.145,119.044
1297634400,119.044,119.604,118.603,119.289
1297720800,119.289,119.625,118.904,119.496
1297807200,119.496,120.05,118.986,119.264
1297893600,119.264,120.195,119.231,119.753
1297980000,119.753,119.872,119.086,119.741
1298239200,119.741,120.333,119.495,120.05
1298325600,120.05,121.385,120.015,121.164
1298412000,121.164,121.844,120.842,121.276
1298498400,121.276,122.206,121.15,121.765
1298584800,121.765,122.254,121.381,122.222
1298844000,122.222,122.222,121.611,121.735
1298930400,121.735,122.196,120.966,122.069
1299016800,122.069,122.349,120.79,120.916
1299103200,120.916,121.1,119.796,120.08
1299189600,120.08,120.923,119.628,120.667
1299448800,120.667,120.945,119.84,120.31
1299535200,120.31,120.618,119.791,119.854
1299621600,119.854,121.075,119.757,120.694
1299708000,120.694,122.261,120.527,122.229
1299794400,122.229,122.54,121.428,121.488
1300050000,121.488,122.178,121.106,121.922
1300136400,121.922,123.813,121.857,122.824
1300222800,122.824,125.057,122.376,124.074
1300309200,124.074,124.579,122.769,123.081
1300395600,123.081,123.332,122.029,123.13
1300654800,123.13,123.196,122.05,122.646
1300741200,122.646,122.924,122.195,122.79
1300827600,122.79,123.507,122.431,122.492
1300914000,122.492,122.801,121.784,121.847
1301000400,121.847,122.343,121.266,121.517
1301259600,121.517,121.794,120.946,121.57
1301346000,121.57,121.788,120.738,120.894
1301432400,120.894,121.606,120.732,121.606
1301518800,121.606,122.101,120.839,121.214
1301605200,121.214,121.611,120.448,121.547
1301864400,121.547,121.919,121.07,121.6
1301950800,121.6,121.938,120.705,120.987
1302037200,120.987,121.075,119.808,119.902
1302123600,119.902,120.175,119.451,119.699
1302210000,119.699,119.761,118.871,119.308
1302469200,119.308,119.584,118.838,119.204
1302555600,119.204,120.673,119.14,120.261
1302642000,120.261,120.816,119.654,120.752
1302728400,120.752,121.278,120.393,120.455
1302814800,120.455,121.859,120.422,121.637
1303074000,121.637,122.258,120.781,121.942
1303160400,121.942,122.435,121.493,122.275
1303246800,122.275,122.275,121.663,121.726
1303333200,121.726,122.378,121.628,121.838
1303678800,121.838,122.384,121.763,122.254
1303765200,122.254,123.122,122.122,123.058
1303851600,123.058,123.089,122.102,122.289
1303938000,122.289,123.065,122.188,122.873
1304024400,122.873,123.3,122.675,123.205
1304283600,123.205,123.543,122.76,123.414
1304370000,123.414,123.872,123.319,123.809
1304456400,123.809,124.459,123.676,124.329
1304542800,124.329,125.258,124.23,125.163
1304629200,125.163,125.437,124.023,125.055
1304888400,125.055,125.173,124.517,124.855
1304974800,124.855,124.972,124.15,124.182
1305061200,124.182,125.08,124.016,124.89
1305147600,124.89,125.258,124.093,124.436
1305234000,124.436,125.68,124.246,125.175
1305493200,125.175,125.604,124.76,125.509
1305579600,125.509,126.22,125.156,125.965
1305666000,125.965,126.333,124.979,125.041
1305752400,125.041,125.185,124.185,125.059
1305838800,125.059,125.458,124.83,125.358
1306098000,125.358,126.04,125.297,125.566
1306184400,125.566,125.897,125.148,125.74
1306270800,125.74,126.111,125.321,125.412
1306357200,125.412,126.433,125.03,126.338
1306443600,126.338,126.431,125.796,126.168
1306702800,126.168,126.168,125.743,125.962
1306789200,125.962,126.234,125.291,125.98
1306875600,125.98,127.579,125.755,127.516
1306962000,127.516,127.578,126.021,126.147
1307048400,126.147,127.15,125.981,126.578
1307307600,126.578,126.644,125.726,126.291
1307394000,126.291,126.438,125.494,126.217
1307480400,126.217,127.217,126.023,127.184
1307566800,127.184,127.555,126.039,126.478
1307653200,126.478,127.385,126.351,126.877
1307912400,126.877,127.16,126.248,126.559
1307998800,126.559,126.652,124.814,124.94
1308085200,124.94,126.695,124.901,126.474
1308171600,126.474,127.665,126.311,127.219
1308258000,127.219,127.561,126.581,126.892
1308517200,126.892,127.714,126.577,126.953
1308603600,126.953,127.108,126.251,126.469
1308690000,126.469,127.029,126.144,126.521
1308776400,126.521,127.708,126.521,127.36
1308862800,127.36,128.043,126.978,127.601
1309122000,127.601,127.826,126.307,126.307
1309208400,126.307,126.807,125.006,125.288
1309294800,125.288,125.507,124.207,124.364
1309381200,124.364,124.736,123.065,124.006
1309467600,124.006,124.346,123.306,123.65
1309726800,123.65,123.907,123.525,123.681
1309813200,123.681,124.33,123.552,124.171
1309899600,124.171,124.761,123.821,124.349
1309986000,124.349,124.443,123.617,124.244
1310072400,124.244,125.838,123.796,125.617
1310331600,125.617,127.125,125.403,126.967
1310418000,126.967,128.283,126.808,127.679
1310504400,127.679,127.857,126.601,127.605
1310590800,127.605,127.632,126.399,126.43
1310677200,126.43,126.923,125.856,126.733
1310936400,126.733,127.238,125.978,126.196
1311022800,126.196,127.788,125.719,127.599
1311109200,127.599,127.599,126.52,126.74
1311195600,126.74,126.74,125.41,125.754
1311282000,125.754,126.655,125.747,126.56
1311541200,126.56,126.749,125.399,125.772
1311627600,125.772,126.642,125.328,126.358
1311714000,126.358,126.634,125.688,126.284
1311800400,126.284,127.03,126.153,126.649
1311886800,126.649,129.182,126.553,128.773
1312146000,128.773,129.872,127.866,129.461
1312232400,129.461,131.711,129.301,131.489
1312318800,131.489,132.83,131.043,131.54
1312405200,131.54,134.824,131.127,134.761
1312491600,134.761,135.729,132.365,132.553
1312750800,132.553,136.032,131.869,135.999
1312837200,135.999,140.38,134.583,137.085
1312923600,137.085,139.646,135.89,139.049
1313010000,139.049,139.205,135.526,135.932
1313096400,135.932,137.491,135.837,136.954
1313355600,136.954,137.391,135.978,136.071
1313442000,136.071,137.754,135.944,137.219
1313528400,137.219,138.555,136.74,138.398
1313614800,138.398,141.618,138.239,140.235
1313701200,140.235,141.33,139.412,140.724
1313960400,140.724,141.168,139.751,140.122
1314046800,140.122,140.863,139.113,139.233
1314133200,139.233,139.854,136.652,136.745
1314219600,136.745,138.082,136.393,137.673
1314306000,137.673,139.324,137.355,138.381
1314565200,138.381,138.449,136.594,137.405
1314651600,137.405,139.022,137.341,138.739
1314738000,138.739,138.935,136.915,137.135
1314824400,137.135,138.796,136.182,138.763
1314910800,138.763,141.59,137.969,141.558
1315170000,141.558,142.662,141.472,142.63
1315256400,142.63,143.067,141.487,141.798
1315342800,141.798,141.829,140.341,140.527
1315429200,140.527,141.685,140.393,141.272
1315515600,141.272,142.712,140.64,142.301
1315774800,142.301,143.061,141.799,142.174
1315861200,142.174,142.609,141.063,141.25
1315947600,141.25,141.933,140.55,141.806
1316034000,141.806,141.927,139.752,140.252
1316120400,140.252,140.871,139.709,140.84
1316379600,140.84,142.918,140.84,142.381
1316466000,142.381,142.852,141.65,142.465
1316552400,142.465,144.405,141.861,144.279
1316638800,144.279,147.542,144.215,147.005
1316725200,147.005,148.005,145.17,145.358
1316984400,145.358,146.275,143.753,143.941
1317070800,143.941,144.285,141.666,142.451
1317157200,142.451,143.046,140.712,142.189
1317243600,142.189,143.06,141.741,142.115
1317330000,142.115,144.089,142.02,143.645
1317589200,143.645,146.693,143.559,146.505
1317675600,146.505,147.283,145.019,145.487
1317762000,145.487,145.643,144.22,144.785
1317848400,144.785,145.096,143.014,143.171
1317934800,143.171,143.578,141.025,142.092
1318194000,142.092,142.226,139.358,140.205
1318280400,140.205,141.33,140.173,140.76
1318366800,140.76,141.166,138.677,139.524
1318453200,139.524,141.054,139.33,140.078
1318539600,140.078,140.422,138.564,138.748
1318798800,138.748,140.508,138.094,140.444
1318885200,140.444,141.693,139.335,139.931
1318971600,139.931,140.549,139.17,140.014
1319058000,140.014,140.826,139.284,139.47
1319144400,139.47,139.905,138.677,138.863
1319403600,138.863,139.714,138.523,138.737
1319490000,138.737,140.986,138.165,140.829
1319576400,140.829,141.009,139.187,139.375
1319662800,139.375,139.718,135.787,136.069
1319749200,136.069,137.598,135.719,137.063
1320008400,137.063,140.545,137.063,140.419
1320094800,140.419,143.358,139.914,142.699
1320181200,142.699,143.231,141.28,142.688
1320267600,142.688,143.655,141.017,141.109
1320354000,141.109,141.979,140.129,141.6
1320616800,141.6,142.948,140.668,141.629
1320703200,141.629,142.374,140.804,141.023
1320789600,141.023,143.586,140.802,142.893
1320876000,142.893,143.359,140.909,141.785
1320962400,141.785,141.905,140.772,141.179
1321221600,141.179,142.465,140.467,141.93
1321308000,141.93,143.052,141.607,142.044
1321394400,142.044,142.911,141.882,142.785
1321480800,142.785,144.029,142.183,143.621
1321567200,143.621,143.961,142.485,143.14
1321826400,143.14,144.267,143.14,143.953
1321912800,143.953,144.787,143.353,144.787
1321999200,144.787,145.748,144.184,145.465
1322085600,145.465,145.496,144.207,144.798
1322172000,144.798,145.171,144.036,144.129
1322431200,144.129,144.346,142.032,143.97
1322517600,143.97,144.148,142.709,143.583
1322604000,143.583,143.594,141.122,141.497
1322690400,141.497,141.903,139.994,140.995
1322776800,140.995,142.214,139.899,142.057
1323036000,142.057,142.272,140.771,141.897
1323122400,141.897,142.115,140.8,140.894
1323208800,140.894,142.082,140.237,141.769
1323295200,141.769,142.925,140.579,142.831
1323381600,142.831,142.956,141.015,141.172
1323640800,141.172,142.575,140.919,142.168
1323727200,142.168,143.418,141.448,143.043
1323813600,143.043,144.731,142.667,144.543
1323900000,144.543,145.262,143.885,144.354
1323986400,144.354,145.729,143.915,145.478
1324245600,145.478,146.475,145.006,146.225
1324332000,146.225,146.225,144.128,144.253
1324418400,144.253,144.721,143.22,143.407
1324504800,143.407,144.188,143.188,143.531
1324591200,143.531,143.562,141.997,142.216
1324936800,142.216,142.68,142.148,142.586
1325023200,142.586,144.68,142.522,144.304
1325109600,144.304,144.835,143.959,144.678
1325196000,144.678,145.365,144.302,144.646
1325541600,144.646,144.646,143.139,143.42
1325628000,143.42,143.795,142.2,142.731
1325714400,142.731,143.387,142.011,142.354
1325800800,142.354,143.354,141.415,143.135
1326060000,143.135,143.85,142.599,143.006
1326146400,143.006,143.286,142.129,142.942
1326232800,142.942,144.285,142.785,144.003
1326319200,144.003,144.315,143.502,143.783
1326405600,143.783,145.439,143.564,144.814
1326664800,144.814,145.311,144.81,145.06
1326751200,145.06,145.402,144.246,145.121
1326837600,145.121,145.495,144.15,144.213
1326924000,144.213,144.525,142.46,142.773
1327010400,142.773,143.085,141.833,141.99
1327269600,141.99,142.518,140.735,141.517
1327356000,141.517,141.86,140.859,141.234
1327442400,141.234,143.578,140.983,141.952
1327528800,141.952,143.045,141.795,142.857
1327615200,142.857,143.637,142.168,143.543
1327874400,143.543,145.165,143.478,144.477
1327960800,144.477,145.539,143.945,145.414
1328047200,145.414,145.476,144.318,144.756
1328133600,144.756,145.005,144.255,144.786
1328220000,144.786,144.972,142.252,142.908
1328479200,142.908,143.592,142.53,143.248
1328565600,143.248,143.529,141.903,142.309
1328652000,142.309,142.558,141.777,142.12
1328738400,142.12,142.463,140.775,141.743
1328824800,141.743,143.024,141.681,142.492
1329084000,142.492,143.051,141.864,142.707
1329170400,142.707,143.675,142.55,143.268
1329256800,143.268,143.892,142.955,143.423
1329343200,143.423,143.766,141.984,142.515
1329429600,142.515,142.547,141.733,142.233
1329688800,142.233,142.233,141.479,141.666
1329775200,141.666,142.072,141.008,141.321
1329861600,141.321,142.476,141.039,142.32
1329948000,142.32,142.943,141.693,142.506
1330034400,142.506,143.161,142.286,143.036
1330293600,143.036,144.126,143.002,143.907
1330380000,143.907,144.468,143.53,143.562
1330466400,143.562,144.092,142.45,143.078
1330552800,143.078,143.109,141.397,141.93
1330639200,141.93,142.961,141.799,142.738
1330898400,142.738,142.96,142.008,142.008
1330984800,142.008,143.606,141.944,143.32
1331071200,143.32,143.351,142.554,142.645
1331157600,142.645,142.802,141.751,141.908
1331244000,141.908,142.059,141.048,141.707
1331499600,141.707,142.369,141.62,141.703
1331586000,141.703,141.795,139.989,140.083
1331672400,140.083,140.177,137.52,137.96
1331758800,137.96,138.14,136.695,137.665
1331845200,137.665,137.756,136.585,137.558
1332104400,137.558,138.096,136.233,136.515
1332190800,136.515,137.201,136.285,136.881
1332277200,136.881,137.942,136.465,137.783
1332363600,137.783,138.469,137.529,138.086
1332450000,138.086,139.18,137.799,138.956
1332709200,138.956,138.956,137.853,138.543
1332795600,138.543,139.57,138.317,139.349
1332882000,139.349,139.844,138.712,139.212
1332968400,139.212,140.022,139.021,139.829
1333054800,139.829,140.136,138.402,138.81
1333314000,138.81,139.627,138.155,139.089
1333400400,139.089,139.772,137.347,137.41
1333486800,137.41,138.564,137.284,138.468
1333573200,138.468,139.907,138.305,139.179
1333659600,139.179,141.183,138.669,141.152
1333918800,141.152,141.681,140.808,141.239
1334005200,141.239,142.706,140.953,142.358
1334091600,142.358,142.358,141.279,141.497
1334178000,141.497,141.867,140.859,141.265
1334264400,141.265,142.608,141.202,142.542
1334523600,142.542,143.074,142.195,142.411
1334610000,142.411,142.72,141.899,142.21
1334696400,142.21,142.705,141.922,142.575
1334782800,142.575,143.101,142.192,142.783
1334869200,142.783,142.966,142.24,142.771
1335128400,142.771,143.836,142.744,143.425
1335214800,143.425,143.704,142.722,142.722
1335301200,142.722,143.089,141.769,142.584
1335387600,142.584,143.518,142.359,143.231
1335474000,143.231,144.232,142.971,143.251
1335733200,143.251,143.688,143.033,143.434
1335819600,143.434,143.802,142.638,142.951
1335906000,142.951,143.727,142.538,143.346
1335992400,143.346,143.594,142.867,143.303
1336078800,143.303,144.359,142.95,144.263
1336338000,144.263,145.144,144.133,144.352
1336424400,144.352,145.377,144.193,144.904
1336510800,144.904,145.774,144.705,145.142
1336597200,145.142,145.329,144.066,145.099
1336683600,145.099,145.682,145.099,145.682
1336942800,145.682,147.024,145.593,146.993
1337029200,146.993,147.138,146.201,147.043
1337115600,147.043,147.502,146.219,147.344
1337202000,147.344,149.149,146.805,148.992
1337288400,148.992,149.053,147.98,148.478
1337547600,148.478,148.609,147.695,148.158
1337634000,148.158,148.158,147.051,147.582
1337720400,147.582,148.918,147.424,148.289
1337806800,148.289,148.847,147.369,147.462
1337893200,147.462,148.234,147.304,148.139
1338152400,148.139,148.139,147.361,147.79
1338238800,147.79,148.529,147.5,147.869
1338325200,147.869,150.142,147.743,149.923
1338411600,149.923,151.409,149.12,150.718
1338498000,150.718,153.066,150.496,153.003
1338757200,153.003,153.18,151.796,152.014
1338843600,152.014,152.325,150.817,150.879
1338930000,150.879,151.189,148.961,149.211
1339016400,149.211,149.805,148.612,149.332
1339102800,149.332,150.865,149.044,149.232
1339362000,149.232,150.221,147.402,150.094
1339448400,150.094,150.282,148.647,148.709
1339534800,148.709,150.021,148.11,149.801
1339621200,149.801,149.892,148.95,149.106
1339707600,149.106,150.545,149.106,150.293
1339966800,150.293,150.78,148.871,150.433
1340053200,150.433,150.776,149.112,149.393
1340139600,149.393,149.797,148.135,148.824
1340226000,148.824,150.167,148.695,149.696
1340312400,149.696,149.851,148.437,148.468
1340571600,148.468,149.864,148.468,149.8
1340658000,149.8,149.831,148.888,149.387
1340744400,149.387,149.634,148.976,149.508
1340830800,149.508,150.444,149.256,150.129
1340917200,150.129,150.379,148.15,148.588
1341176400,148.588,150.485,148.232,149.794
1341262800,149.794,149.95,148.724,148.943
1341349200,148.943,149.566,148.849,149.44
1341435600,149.44,149.781,148.871,149.308
1341522000,149.308,150.401,149.214,150.243
1341781200,150.243,151.105,150.201,150.979
1341867600,150.979,151.381,150.6,151.224
1341954000,151.224,152.128,150.814,151.093
1342040400,151.093,152.06,151.062,152.028
1342126800,152.028,152.246,151.21,151.709
1342386000,151.709,152.665,151.542,151.944
1342472400,151.944,152.098,151.125,151.155
1342558800,151.155,151.872,151.092,151.306
1342645200,151.306,151.462,150.677,150.925
1342731600,150.925,152.361,150.925,152.141
1342990800,152.141,153.349,152.067,152.689
1343077200,152.689,153.529,151.965,153.497
1343163600,153.497,153.652,152.617,153.304
1343250000,153.304,153.489,152.424,152.547
1343336400,152.547,152.734,149.537,150.475
1343595600,150.475,151.43,150.149,151.211
1343682000,151.211,151.896,150.799,151.8
1343768400,151.8,151.862,150.48,150.762
1343854800,150.762,152.385,149.756,151.633
1343941200,151.633,151.85,149.5,150.031
1344200400,150.031,150.579,149.769,149.952
1344286800,149.952,150.169,148.539,148.852
1344373200,148.852,149.318,148.221,148.439
1344459600,148.439,148.687,147.527,148.372
1344546000,148.372,149.463,148.34,148.867
1344805200,148.867,149.478,148.696,148.82
1344891600,148.82,148.976,147.469,147.5
1344978000,147.5,147.75,146.118,146.212
1345064400,146.212,146.678,145.3,145.738
1345150800,145.738,146.422,145.641,146.077
1345410000,146.077,146.469,145.313,146.28
1345496400,146.28,146.588,145.244,146.463
1345582800,146.463,148.209,146.463,148.147
1345669200,148.147,148.736,147.801,148.423
1345755600,148.423,149.264,148.266,148.355
1346014800,148.355,149.184,148.25,148.965
1346101200,148.965,149.711,148.808,149.303
1346187600,149.303,149.488,148.642,149.11
1346274000,149.11,149.95,148.985,149.637
1346360400,149.637,150.874,148.976,150.812
1346619600,150.812,151.02,150.676,150.958
1346706000,150.958,151.085,150.124,150.47
1346792400,150.47,150.94,149.948,149.949
1346878800,149.949,150.075,148.369,148.527
1346965200,148.527,150.086,147.536,148.379
1347224400,148.379,148.956,147.839,148.681
1347310800,148.681,148.839,147.847,147.942
1347397200,147.942,148.068,146.581,146.83
1347483600,146.83,147.707,145.437,146.931
1347570000,146.931,146.931,143.795,144.264
1347829200,144.264,145.155,143.784,144.814
1347915600,144.814,145.815,144.753,145.382
1348002000,145.382,146.195,144.918,146.011
1348088400,146.011,146.918,145.769,146.205
1348174800,146.205,146.46,145.648,146.368
1348434000,146.368,147.228,146.258,147.137
1348520400,147.137,148.015,146.707,147.953
1348606800,147.953,149.392,147.831,149.361
1348693200,149.361,149.361,148.496,148.59
1348779600,148.59,149.653,148.528,148.785
1349038800,148.785,149.367,148.494,149.056
1349125200,149.056,149.405,148.656,149.157
1349211600,149.157,149.596,148.727,149.227
1349298000,149.227,149.289,148.051,148.114
1349384400,148.114,148.428,146.782,146.907
1349643600,146.907,147.8,146.766,147.739
1349730000,147.739,147.9,147.121,147.59
1349816400,147.59,148.47,146.941,148.438
1349902800,148.438,148.882,147.447,148.757
1349989200,148.757,149.697,148.294,149.139
1350248400,149.139,149.312,148.504,148.881
1350334800,148.881,148.975,147.549,147.736
1350421200,147.736,147.736,145.874,145.936
1350507600,145.936,146.752,145.694,145.757
1350594000,145.757,147.196,145.726,147.135
1350853200,147.135,147.275,146.251,146.316
1350939600,146.316,147.692,146.254,147.414
1351026000,147.414,147.48,146.673,146.829
1351112400,146.829,146.861,145.649,146.338
1351198800,146.338,147.779,146.183,147.748
1351458000,147.748,148.61,147.671,148.33
1351544400,148.33,148.738,147.962,148.183
1351630800,148.183,148.969,147.626,148.814
1351717200,148.814,148.814,147.884,148.104
1351803600,148.104,148.388,147.205,148.205
1352066400,148.205,149.131,148.096,148.883
1352152800,148.883,148.917,147.767,147.861
1352239200,147.861,150.268,147.83,149.771
1352325600,149.771,151.213,149.433,151.181
1352412000,151.181,151.935,150.72,151.439
1352671200,151.439,151.647,151.114,151.493
1352757600,151.493,152.182,151.306,151.75
1352844000,151.75,152.1,151.036,151.789
1352930400,151.789,152.2,151.262,151.671
1353016800,151.671,152.395,151.521,151.773
1353276000,151.773,151.773,150.889,151.172
1353362400,151.172,151.484,150.056,150.149
1353448800,150.149,150.558,149.686,149.939
1353535200,149.939,149.97,149.505,149.882
1353621600,149.882,150.418,149.637,149.828
1353880800,149.812,150.958,149.767,150.429
1353967200,150.429,150.872,150.151,150.811
1354053600,150.811,151.597,150.75,150.912
1354140000,150.912,151.294,150.605,151.076
1354226400,151.076,151.58,150.892,150.99
1354485600,151.014,151.196,150.261,151.044
1354572000,151.044,151.518,150.673,151.348
1354658400,151.348,151.869,151.085,151.465
1354744800,151.465,152.096,151.341,151.597
1354831200,151.597,151.899,150.603,150.856
1355090400,150.856,151.344,150.768,150.988
1355176800,150.988,151.114,150.166,150.292
1355263200,150.292,150.658,149.191,149.394
1355349600,149.394,149.601,148.627,149.105
1355436000,149.105,149.892,148.795,149.722
1355695200,149.722,149.722,148.335,148.43
1355781600,148.43,148.581,146.934,147.5
1355868000,147.5,148.278,147.176,147.77
1355954400,147.77,148.424,147.599,147.85
1356040800,147.85,149.006,147.691,148.655
1356300000,148.655,148.687,148.363,148.487
1356472800,148.487,148.897,148.335,148.834
1356559200,148.834,149.797,148.163,149.008
1356645600,149.008,149.97,148.944,149.812
1356904800,149.812,149.873,148.353,148.637
1357077600,148.637,148.637,146.532,146.81
1357164000,146.81,147.15,145.536,145.536
1357250400,145.536,145.9,144.614,145.837
1357509600,145.837,146.15,145.42,145.715
1357596000,145.715,146.413,145.567,146.188
1357682400,146.188,146.617,145.804,146.394
1357768800,146.394,146.394,145.534,145.782
1357855200,145.782,146.555,145.332,146.381
1358114400,146.381,146.988,146.112,146.605
1358200800,146.605,147.35,146.447,146.748
1358287200,146.748,147.431,146.715,147.079
1358373600,147.079,147.358,145.778,145.996
1358460000,145.996,146.833,145.801,146.768
1358719200,146.768,146.768,146.161,146.161
1358805600,146.161,146.963,146.087,146.71
1358892000,146.71,147.17,146.644,146.915
1358978400,146.915,147.252,146.056,146.524
1359064800,146.524,146.554,144.719,144.781
1359324000,144.781,145.059,143.832,144.519
1359410400,144.519,144.783,143.876,143.908
1359496800,143.908,144.369,143.273,143.988
1359583200,143.988,144.419,143.695,144.115
1359669600,144.115,145.062,143.112,143.394
1359928800,143.394,144.484,142.794,144.356
1360015200,144.356,144.444,143.276,143.557
1360101600,143.557,144.297,143.269,144.202
1360188000,144.202,144.788,143.661,144.251
1360274400,144.251,144.652,143.6,144.299
1360533600,144.299,144.447,143.761,144.068
1360620000,144.068,144.313,143.71,143.803
1360706400,143.803,143.925,142.79,142.943
1360792800,142.943,144.122,142.779,143.994
1360879200,143.994,144.396,143.388,143.824
1361138400,143.824,143.973,143.511,143.909
1361224800,143.909,144.21,143.36,143.422
1361311200,143.422,143.787,142.942,143.627
1361397600,143.627,144.587,143.5,144.177
1361484000,144.177,144.542,143.887,144.382
1361743200,144.382,146.219,143.624,146.093
1361829600,146.093,146.62,145.6765,145.86
1361916000,145.86,146.633,145.283,145.501
1362002400,145.501,146.024,145.27,145.753
1362088800,145.753,146.447,145.731,146.38
1362348000,146.38,146.627,145.649,145.68
1362434400,145.68,145.819,145.106,145.29
1362520800,145.29,145.351,144.424,144.487
1362607200,144.487,144.857,143.553,143.553
1362693600,143.553,143.647,142.089,142.779
1362949200,142.779,142.896,142.3,142.447
1363035600,142.447,143.319,142.161,143.189
1363122000,143.189,143.495,142.607,143.078
1363208400,143.078,143.222,142.31,142.904
1363294800,142.904,143.587,142.705,143.521
1363554000,143.521,145.251,143.521,144.198
1363640400,144.198,145.447,143.973,145.161
1363726800,145.161,145.411,144.103,144.134
1363813200,144.134,145.16,144.034,145.096
1363899600,145.096,145.436,144.579,144.765
1364158800,144.765,145.286,144.027,144.747
1364245200,144.747,145.113,144.357,144.889
1364331600,144.889,146.263,144.758,146.008
1364418000,146.008,146.315,145.588,145.771
1364763600,145.771,146.309,145.27,146.21
1364850000,146.21,146.394,145.596,145.721
1364936400,145.721,146.873,145.445,146.555
1365022800,146.555,147.643,146.388,147.516
1365109200,147.516,149.518,147.29,148.981
1365368400,148.981,149.195,148.269,148.269
1365454800,148.269,148.667,147.912,148.032
1365541200,148.032,148.216,146.977,147.07
1365627600,147.07,147.529,146.941,147.338
1365714000,147.338,148.708,147.273,148.627
1365973200,148.627,149.506,148.256,149.443
1366059600,149.443,149.505,148.394,148.639
1366146000,148.639,149.664,148.443,149.126
1366232400,149.126,149.519,148.644,149.487
1366318800,149.487,149.487,148.911,149.061
1366578000,149.061,149.55,148.453,149.169
1366664400,149.169,150.135,148.778,148.837
1366750800,148.837,149.231,148.514,148.946
1366837200,148.946,149.096,148.558,148.867
1366923600,148.867,149.797,148.74,149.73
1367182800,149.73,150.007,149.241,149.366
1367269200,149.366,149.982,149.131,149.255
1367355600,149.255,150.466,149.089,150.086
1367442000,150.086,150.178,149.384,150.101
1367528400,150.101,150.225,147.635,147.916
1367787600,147.916,147.975,147.146,147.395
1367874000,147.395,147.675,146.909,147.034
1367960400,147.034,147.616,146.709,147.299
1368046800,147.299,148.039,147.064,147.283
1368133200,147.283,147.344,145.198,145.697
1368392400,145.697,145.717,144.816,145.271
1368478800,145.271,145.7,144.094,144.22
1368565200,144.22,145.181,144.091,144.831
1368651600,144.831,146.102,144.475,145.693
1368738000,145.693,146.091,144.391,144.422
1368997200,144.422,145.006,144.063,144.154
1369083600,144.154,144.924,143.703,144.828
1369170000,144.828,145.537,143.059,143.15
1369256400,143.15,144.521,142.74,143.478
1369342800,143.478,144.25,143.163,143.698
1369602000,143.698,143.772,143.354,143.37
1369688400,143.37,143.476,140.861,141.048
1369774800,141.048,142.131,140.26,142.066
1369861200,142.066,142.342,141.43,142.019
1369947600,142.019,142.731,140.439,141.643
1370206800,141.643,142.672,140.709,141.755
1370293200,141.755,142.004,141.021,141.144
1370379600,141.144,142.236,141.015,142.094
1370466000,142.094,143.708,141.471,142.256
1370552400,142.256,142.91,140.51,140.604
1370811600,140.604,141.017,139.847,140.065
1370898000,140.065,140.905,138.955,140.621
1370984400,140.621,140.989,139.759,139.931
1371070800,139.931,141.574,139.851,141.133
1371157200,141.133,142.006,140.971,141.405
1371416400,141.405,141.72,140.456,140.456
1371502800,140.456,140.886,139.975,140.57
1371589200,140.57,140.94,138.448,138.543
1371675600,138.543,138.761,136.675,137.146
1371762000,137.146,137.737,135.466,135.686
1372021200,135.686,136.125,134.114,135.935
1372107600,135.935,136.685,134.759,134.807
1372194000,134.807,136.294,134.601,135.944
1372280400,135.944,136.943,135.625,136.751
1372366800,136.751,137.06,135.578,136.677
1372626000,136.677,136.926,135.767,136.8
1372712400,136.8,137.235,136.538,136.82
1372798800,136.82,137.758,136.18,136.352
1372885200,136.352,136.895,135.982,136.17
1372971600,136.17,136.26,132.98,133.012
1373230800,133.012,134.457,132.893,134.424
1373317200,134.424,134.605,134.071,134.288
1373403600,134.288,134.595,133.46,134.119
1373490000,134.119,135.596,134.119,134.988
1373576400,134.988,135.797,134.663,135.071
1373835600,135.071,135.603,134.161,135.571
1373922000,135.571,136.004,135.284,135.717
1374008400,135.717,136.589,135.27,136.051
1374094800,136.051,136.39,135.13,135.38
1374181200,135.38,136.437,135.248,136.311
1374440400,136.311,136.657,136.121,136.262
1374526800,136.262,136.368,135.421,135.889
1374613200,135.889,135.889,134.152,134.779
1374699600,134.779,135.019,134.205,134.987
1374786000,134.987,135.576,134.823,135.353
1375045200,135.353,135.545,134.41,134.471
1375131600,134.471,134.997,134.272,134.272
1375218000,134.272,134.952,132.978,134.826
1375304400,134.826,134.826,132.556,132.9
1375390800,132.9,134.332,132.298,134.301
1375650000,134.301,134.388,133.328,133.734
1375736400,133.734,133.92,133.287,133.66
1375822800,133.66,134.591,133.654,134.402
1375909200,134.402,135.083,134.238,134.735
1375995600,134.735,135.008,134.414,134.944
1376254800,134.944,135.478,134.22,134.283
1376341200,134.283,134.314,132.8,132.955
1376427600,132.955,133.357,132.857,132.975
1376514000,132.975,133.253,131.401,132.181
1376600400,132.181,132.336,130.886,131.449
1376859600,131.449,131.449,130.509,130.727
1376946000,130.727,131.724,130.727,131.624
1377032400,131.624,131.716,130.548,130.58
1377118800,130.58,131.104,130.2,131.07
1377205200,131.07,132.346,130.687,132.155
1377464400,132.155,132.533,131.938,132.498
1377550800,132.498,133.709,132.089,133.614
1377637200,133.614,133.736,132.508,132.977
1377723600,132.977,133.498,132.062,133.185
1377810000,133.185,133.581,132.802,133.033
1378069200,133.033,133.033,132.176,132.485
1378155600,132.485,132.605,130.973,131.69
1378242000,131.69,131.995,131.289,131.475
1378328400,131.475,131.661,130.088,130.182
1378414800,130.182,131.629,129.99,130.671
1378674000,130.671,131.504,130.413,130.931
1378760400,130.931,130.962,130.162,130.283
1378846800,130.283,131.092,130.154,130.995
1378933200,130.995,131.867,130.898,131.122
1379019600,131.122,131.664,130.594,131.47
1379278800,131.47,132.85,131.202,131.391
1379365200,131.391,131.95,131.325,131.818
1379451600,131.818,133.928,131.067,133.667
1379538000,133.667,133.667,132.61,132.672
1379624400,132.672,133.321,132.409,133.035
1379883600,133.035,133.56,132.774,133.493
1379970000,133.493,134.521,133.423,134.361
1380056400,134.361,135.072,134.256,134.598
1380142800,134.598,134.81,134.239,134.329
1380229200,134.329,135.041,134.008,134.63
1380488400,134.63,135.067,134.27,134.739
1380574800,134.739,134.739,133.978,134.218
1380661200,134.218,135.152,134.059,134.644
1380747600,134.644,135.136,134.099,134.691
1380834000,134.691,134.691,134.047,134.297
1381093200,134.297,134.915,134.297,134.627
1381179600,134.627,134.876,134.049,134.643
1381266000,134.643,134.941,133.935,134.059
1381352400,134.059,134.059,133.134,133.791
1381438800,133.791,134.568,133.758,133.807
1381698000,133.807,134.215,132.941,133.004
1381784400,133.004,133.622,132.876,132.988
1381870800,132.988,134.138,132.662,134.106
1381957200,134.106,135.319,134.009,135.097
1382043600,135.097,135.844,134.904,135.302
1382302800,135.302,135.302,134.5,134.781
1382389200,134.781,136.058,134.684,135.961
1382475600,135.961,136.64,135.961,136.134
1382562000,136.134,136.658,135.961,135.961
1382648400,135.961,136.389,135.897,136.102
1382907600,136.102,136.246,135.78,135.865
1382994000,135.865,136.226,135.633,136.132
1383080400,136.132,136.534,135.425,135.581
1383166800,135.581,136.105,135.16,135.439
1383253200,135.439,135.533,134.418,134.512
1383516000,134.512,134.907,134.383,134.652
1383602400,134.652,134.806,133.477,133.536
1383688800,133.536,133.966,133.464,133.677
1383775200,133.677,134.573,133.576,134.541
1383861600,134.541,135.143,132.234,132.358
1384120800,132.358,132.358,131.934,131.966
1384207200,131.966,132.237,131.708,131.981
1384293600,131.981,132.907,131.981,132.75
1384380000,132.75,133.523,132.618,133.299
1384466400,133.299,133.33,132.725,133.127
1384725600,133.127,133.77,132.904,133.675
1384812000,133.675,133.798,132.908,133.001
1384898400,133.001,133.24,131.261,131.354
1384984800,131.354,131.779,130.873,131.684
1385071200,131.684,132.549,131.614,132.452
1385330400,132.452,132.691,132.065,132.562
1385416800,132.562,133.111,132.488,132.828
1385503200,132.828,132.859,132.032,132.53
1385589600,132.53,132.591,132.083,132.517
1385676000,132.517,132.627,132.034,132.282
1385935200,132.282,132.341,131.376,131.564
1386021600,131.564,132.153,131.433,131.738
1386108000,131.738,131.83,130.615,130.898
1386194400,130.898,131.111,130.413,130.566
1386280800,130.566,131.186,129.795,130.961
1386540000,130.961,131.296,130.706,131.197
1386626400,131.197,131.946,131.101,131.687
1386712800,131.687,131.776,130.912,130.975
1386799200,130.975,131.188,130.675,130.833
1386885600,130.833,131.359,130.697,131.196
1387144800,131.196,131.665,130.707,130.8
1387231200,130.8,131.511,130.663,131.479
1387317600,131.479,131.717,129.884,130.736
1387404000,130.736,131.107,130.219,130.53
1387490400,130.53,131.684,130.267,131.62
1387749600,131.62,132.592,130.783,130.845
1387836000,130.845,130.97,129.947,130.01
1388008800,130.01,130.108,129.632,129.786
1388095200,129.786,130.064,129.397,129.549
1388354400,129.549,130.231,129.385,130.101
1388440800,130.101,130.13,129.393,129.425
1388613600,129.425,130.023,129.08,129.737
1388700000,129.737,130.102,129.411,129.784
1388959200,129.784,130.496,129.436,130.146
1389045600,130.146,130.511,130.075,130.414
1389132000,130.414,130.414,129.486,130.02
1389218400,130.02,130.541,129.915,130.35
1389304800,130.35,131.88,130.253,131.784
1389564000,131.784,132.305,131.646,132.145
1389650400,132.145,132.145,131.596,131.656
1389736800,131.656,131.804,131.14,131.325
1389823200,131.325,132.227,131.23,132.096
1389909600,132.096,132.49,131.833,132.427
1390168800,132.427,132.612,132.229,132.506
1390255200,132.506,132.506,131.802,132.267
1390341600,132.267,132.38,131.904,131.904
1390428000,131.904,133.526,131.84,133.147
1390514400,133.147,134.05,133.08,134.011
1390773600,134.011,134.103,133.144,133.458
1390860000,133.458,133.51,132.945,133.41
1390946400,133.41,134.559,132.847,134.337
1391032800,134.337,134.392,133.601,134.038
1391119200,134.038,134.782,133.878,134.713
1391378400,134.713,135.826,134.166,135.7
1391464800,135.7,135.788,134.741,134.772
1391551200,134.772,135.201,134.034,134.127
1391637600,134.127,134.273,133.58,133.765
1391724000,133.765,134.76,133.0795,133.811
1391983200,133.811,134.045,133.579,134.013
1392069600,134.013,134.044,133.089,133.337
1392156000,133.337,133.492,132.601,132.85
1392242400,132.85,133.778,132.849,133.681
1392328800,133.681,133.99,133.261,133.508
1392588000,133.508,133.63,133.311,133.508
1392674400,133.508,134.103,133.171,133.85
1392760800,133.85,134.3725,133.3,133.3
1392847200,133.3,133.952,132.847,133.19
1392933600,133.19,133.613,132.865,133.518
1393192800,133.518,133.701,133.064,133.375
1393279200,133.375,134.084,133.335,133.985
1393365600,133.985,134.624,133.787,134.592
1393452000,134.592,135.088,134.395,135.019
1393538400,135.019,135.141,134.183,135.002
1393797600,135.002,135.822,135.002,135.491
1393884000,135.491,135.521,133.954,134.017
1393970400,134.017,134.385,133.848,134.001
1394056800,134.001,134.125,133.384,133.446
1394143200,133.446,133.8,132.328,132.797
1394398800,132.797,133.138,132.533,132.843
1394485200,132.843,133.145,132.641,133.049
1394571600,133.049,134.017,132.982,133.665
1394658000,133.665,135.073,133.4,135.008
1394744400,135.008,135.598,134.837,134.897
1395003600,134.897,135.178,134.31,134.373
1395090000,134.373,134.805,134.203,134.641
1395176400,134.641,134.794,133.329,133.549
1395262800,133.549,134.113,133.253,133.533
1395349200,133.533,134.277,133.49,134.18
1395608400,134.18,134.765,133.758,134.667
1395694800,134.667,134.755,134.056,134.272
1395781200,134.272,135.235,134.072,135.108
1395867600,135.108,135.883,134.881,135.344
1395954000,135.344,135.62,134.541,134.791
1396213200,134.791,134.82,133.83,134.551
1396299600,134.551,134.582,133.778,133.904
1396386000,133.904,133.904,133.102,133.193
1396472400,133.193,133.622,133.151,133.334
1396558800,133.334,134.331,132.74,134.233
1396818000,134.233,134.912,134.065,134.609
1396904400,134.609,134.957,134.33,134.829
1396990800,134.829,134.845,134.339,134.465
1397077200,134.465,135.744,134.305,135.3
1397163600,135.3,136.014,135.262,135.756
1397422800,135.756,136.162,135.395,135.517
1397509200,135.517,136.385,135.349,135.878
1397595600,135.878,136.05,135.331,136.019
1397682000,136.019,136.171,134.649,134.963
1398027600,134.963,135.31,134.619,134.77
1398114000,134.77,135.131,134.412,135.037
1398200400,135.037,135.496,134.903,135.272
1398286800,135.272,135.602,134.695,135.57
1398373200,135.57,136.218,135.503,135.837
1398632400,135.837,135.837,135.063,135.189
1398718800,135.189,135.312,134.643,135.235
1398805200,135.235,135.816,134.784,135.753
1398891600,135.753,136.681,135.526,136.396
1398978000,136.396,137.293,135.348,137.008
1399237200,137.008,137.279,136.424,136.486
1399323600,136.486,136.974,136.258,136.784
1399410000,136.784,137.06,136.426,136.735
1399496400,136.735,137.382,136.439,136.593
1399582800,136.593,137.116,136.233,136.482
1399842000,136.482,136.482,135.805,135.866
1399928400,135.866,136.698,135.866,136.603
1400014800,136.603,137.876,136.474,137.653
1400101200,137.653,138.74,137.332,138.421
1400187600,138.421,138.45,137.934,137.965
1400446800,137.965,138.327,137.318,137.412
1400533200,137.412,138.025,137.243,137.708
1400619600,137.708,137.863,136.815,137.221
1400706000,137.221,137.335,136.682,136.985
1400792400,136.985,137.63,136.92,137.439
1401051600,137.439,137.4925,137.2075,137.3275
1401138000,137.328,137.842,137.0615,137.7775
1401224400,137.778,139.0785,137.6815,138.9515
1401310800,138.9515,139.44,138.37,138.4645
1401397200,138.4645,138.798,138.17,138.3225
1401656400,138.3225,138.374,137.273,137.524
1401742800,137.524,137.677,136.348,136.3485
1401829200,136.3485,136.783,136.0555,136.244
1401915600,136.244,136.6785,135.544,136.4225
1402002000,136.4225,137.361,136.227,136.507
1402261200,136.507,136.5145,136.006,136.4135
1402347600,136.4135,136.662,135.7135,135.7735
1402434000,135.774,136.333,135.58,135.921
1402520400,135.921,137.046,135.695,136.7615
1402606800,136.7615,137.165,136.124,136.7195
1402866000,136.7195,137.2945,136.596,136.91
1402952400,136.91,137.092,135.987,136.0495
1403038800,136.05,137.142,135.8915,136.9205
1403125200,136.9205,137.198,135.716,136.093
1403211600,136.093,136.5545,135.5515,136.5235
1403470800,136.524,136.874,136.146,136.178
1403557200,136.178,137.081,136.1455,136.9855
1403643600,136.9855,137.797,136.8545,137.3845
1403730000,137.3845,138.132,137.2835,137.8145
1403816400,137.8145,138.2175,137.6475,137.6945
1404075600,137.694,138.0265,137.4935,137.7115
1404162000,137.7115,137.9295,137.0415,137.1035
1404248400,137.1035,137.4125,135.994,136.0875
1404334800,136.0875,136.2745,135.1695,135.8895
1404421200,135.89,135.9785,135.79,135.9435
1404680400,135.9435,136.606,135.6675,136.4775
1404766800,136.4775,137.506,136.3795,137.4725
1404853200,137.4725,137.7145,137.0235,137.5255
1404939600,137.5255,138.4305,137.398,137.7355
1405026000,137.7355,138.2925,137.6675,138.1335
1405285200,138.134,138.1695,137.5375,137.5685
1405371600,137.5685,138.0325,137.2155,137.5585
1405458000,137.558,137.9895,137.3,137.9565
1405544400,137.956,139.2965,137.924,139.1395
1405630800,139.1395,139.3585,138.3775,138.7525
1405890000,138.7525,139.4465,138.6625,139.0985
1405976400,139.0985,139.2525,138.5895,139.2135
1406062800,139.2135,139.426,138.9885,139.0625
1406149200,139.0625,139.1995,138.2525,138.5025
1406235600,138.5025,139.31,138.372,139.2765
1406494800,139.2765,139.312,138.776,138.964
1406581200,138.9635,139.616,138.8335,139.4395
1406667600,139.4395,139.58,137.8785,137.9075
1406754000,137.9075,138.248,136.9605,137.8345
1406840400,137.8345,138.9245,137.2955,138.6715
1407099600,138.6715,138.9565,138.364,138.6725
1407186000,138.672,138.9765,138.0375,138.7245
1407272400,138.7245,139.6905,138.6615,138.9965
1407358800,138.9965,139.9585,138.832,139.8325
1407445200,139.8325,140.7685,139.6355,139.7915
1407704400,139.7915,140.0125,139.5115,139.6345
1407790800,139.6345,139.8785,139.2175,139.2175
1407877200,139.218,139.9605,138.898,139.7705
1407963600,139.7705,140.482,139.6115,140.3875
1408050000,140.388,142.0085,140.288,141.4105
1408309200,141.4105,141.4105,140.3455,140.3765
1408395600,140.376,140.98,140.0855,140.2095
1408482000,140.21,140.3605,139.636,139.9805
1408568400,139.9805,140.5665,139.6625,140.3775
1408654800,140.3775,140.8725,139.9625,140.7425
1408914000,140.7425,141.2165,140.6195,141.0555
1409000400,141.0555,141.3005,140.638,140.6385
1409086800,140.6385,141.536,140.6375,141.5045
1409173200,141.504,142.1545,141.4675,141.8695
1409259600,141.8695,142.1105,141.6095,141.7025
1409518800,141.702,141.7505,141.307,141.4455
1409605200,141.4455,141.5205,140.1985,140.2445
1409691600,140.244,140.7585,139.5995,140.7515
1409778000,140.7515,140.924,139.6775,139.7785
1409864400,139.7785,140.6475,139.448,139.5725
1410123600,139.572,140.248,139.284,139.4935
1410210000,139.4935,139.55,139.0035,139.2495
1410296400,139.25,139.474,138.6295,138.6455
1410382800,138.6455,139.2095,138.416,138.4785
1410469200,138.4785,138.602,137.32,137.4215
1410728400,137.4215,137.9645,137.294,137.5705
1410814800,137.5705,138.251,137.344,137.367
1410901200,137.367,138.111,137.013,137.084
1410987600,137.084,137.6285,136.939,137.345
1411074000,137.345,138.246,136.834,138.183
1411333200,138.183,138.527,138.014,138.137
1411419600,138.137,138.911,138.102,138.848
1411506000,138.848,138.904,138.202,138.265
1411592400,138.265,139.324,138.199,139.259
1411678800,139.259,139.536,138.46,139.023
1411938000,139.023,139.865,138.86,139.747
1412024400,139.747,139.747,139.094,139.466
1412110800,139.466,141.217,139.115,141.154
1412197200,141.154,141.279,140.224,140.287
1412283600,140.287,140.65,139.615,140.65
1412542800,140.65,140.921,140.261,140.604
1412629200,140.604,141.944,140.505,141.88
1412715600,141.88,142.068,141.236,141.865
1412802000,141.865,142.548,141.694,142.133
1412888400,142.133,142.81,141.779,142.81
1413147600,142.81,143.586,142.674,143.425
1413234000,143.425,144.265,142.945,143.85
1413320400,143.85,149.047,143.496,144.778
1413406800,144.778,147.257,144.133,144.447
1413493200,144.447,144.945,143.333,143.91
1413752400,143.91,144.434,143.452,143.944
1413838800,143.944,144.755,143.33,143.456
1413925200,143.456,144.172,143.097,143.516
1414011600,143.516,143.811,142.187,142.614
1414098000,142.614,143.414,142.56,142.748
1414357200,142.748,143.146,142.332,142.764
1414443600,142.764,142.977,142.151,142.214
1414530000,142.214,142.488,141.351,142.198
1414616400,142.198,142.892,142.065,142.259
1414702800,142.259,142.35,141.484,141.821
1414965600,141.821,142.402,141.243,141.845
1415052000,141.845,142.572,141.807,142.073
1415138400,142.073,142.233,141.496,141.868
1415224800,141.868,142.125,141.117,141.193
1415311200,141.193,142.583,141.013,142.583
1415570400,142.583,142.878,141.572,141.572
1415656800,141.572,141.645,141.186,141.555
1415743200,141.555,142.361,141.414,141.414
1415829600,141.414,142.01,141.313,141.877
1415916000,141.877,142.326,141.482,142.263
1416175200,142.263,142.824,141.747,141.894
1416261600,141.894,142.393,141.853,142.244
1416348000,142.244,142.349,141.561,141.588
1416434400,141.588,142.581,141.587,142.04
1416520800,142.04,142.562,141.871,142.498
1416780000,142.498,142.608,142.074,142.481
1416866400,142.481,143.416,142.47,143.415
1416952800,143.415,143.909,143.374,143.652
1417039200,143.652,144.303,143.648,144.303
1417125600,144.303,144.602,144.044,144.602
1417384800,144.602,145.062,143.411,143.538
1417471200,143.538,143.721,142.636,142.636
1417557600,142.636,143.063,142.56,143.063
1417644000,143.063,143.882,142.861,143.882
1417730400,143.882,143.93,142.654,143.251
1417989600,143.251,144.436,142.61,144.182
1418076000,144.182,145.339,144.014,144.924
1418162400,144.924,145.825,144.691,145.697
1418248800,145.697,146.098,144.957,145.997
1418335200,145.997,147.153,145.9,147.15
1418594400,147.15,147.304,146.346,146.594
1418680800,146.594,148.131,146.594,147.493
1418767200,147.493,147.661,146.183,146.497
1418853600,146.497,146.963,144.935,145.122
1418940000,145.122,146.243,144.61,146.116
1419199200,146.116,146.193,145.534,146.129
1419285600,146.129,146.199,144.124,144.251
1419372000,144.251,144.678,143.796,144.678
1419544800,144.678,145.059,144.489,144.693
1419804000,144.693,145.62,144.625,145.364
1419890400,145.364,146.001,145.247,145.555
1419976800,145.555,145.911,145.486,145.869
1420149600,145.869,147.18,145.29,146.937
1420408800,146.937,148.378,146.66,148.251
1420495200,148.251,150.452,148.164,149.763
1420581600,149.763,149.918,148.577,149.139
1420668000,149.139,149.164,147.896,148.02
1420754400,148.02,149.235,147.787,149.042
1421013600,149.042,149.764,148.431,149.558
1421100000,149.558,150.212,148.884,149.478
1421186400,149.478,151.419,149.477,150.154
1421272800,150.154,152.253,149.455,152.182
1421359200,152.182,152.392,150.28,150.403
1421618400,150.403,151.034,150.209,150.889
1421704800,150.889,151.597,150.309,151.215
1421791200,151.215,151.556,149.656,149.719
1421877600,149.719,150.824,148.371,150.001
1421964000,150.001,151.393,149.795,151.163
1422223200,151.163,151.817,150.316,150.515
1422309600,150.515,151.728,150.341,150.411
1422396000,150.411,152.398,150.238,152.02
1422482400,152.02,152.216,150.81,151.167
1422568800,151.167,152.677,151.09,152.613
1422828000,152.613,152.613,151.308,151.493
1422914400,151.493,151.617,149.7875,149.8655
1423000800,149.8655,151.1055,149.334,150.8075
1423087200,150.8075,151.3185,149.4655,149.5575
1423173600,149.5575,150.3785,147.762,148.0875
1423432800,148.0875,148.9325,147.6605,147.7545
1423519200,147.754,148.008,147.2465,147.4635
1423605600,147.4635,147.7535,146.8265,147.0295
1423692000,147.0295,147.9025,146.3155,147.3275
1423778400,147.3275,147.5845,146.1355,146.2125
1424037600,146.2125,146.2125,145.486,146.118
1424124000,146.1185,146.658,144.46,144.6485
1424210400,144.6485,145.692,144.2935,145.0395
1424296800,145.04,145.6905,144.56,144.6775
1424383200,144.6775,145.8795,144.3575,144.8725
1424642400,144.8725,145.8045,144.4935,145.6775
1424728800,145.678,146.8855,144.976,146.6635
1424815200,146.6635,147.4305,146.3365,147.2105
1424901600,147.2105,148.132,146.8505,146.9515
1424988000,146.9515,147.5895,146.59,147.51
1425247200,147.51,147.968,145.4215,145.7455
1425333600,145.746,145.946,145.032,145.1495
1425420000,145.1495,145.6725,144.8755,145.1565
1425506400,145.156,145.75,144.6855,145.1645
1425592800,145.1645,145.772,141.8255,142.5225
1425848400,142.522,144.0865,142.522,143.9165
1425934800,143.9165,145.9245,143.7755,145.6245
1426021200,145.6245,146.904,145.33,146.6095
1426107600,146.61,147.968,146.36,146.5885
1426194000,146.588,147.4465,146.0635,146.985
1426453200,146.985,148.4285,146.985,148.3425
1426539600,148.3425,149.47,148.2435,149.4275
1426626000,149.4275,151.79,149.2125,151.4385
1426712400,151.4385,151.932,150.671,151.2755
1426798800,151.276,152.3105,151.188,152.1185
1427058000,152.1185,152.768,152.037,152.3505
1427144400,152.3505,153.86,152.2175,153.6695
1427230800,153.67,154.269,152.864,152.9705
1427317200,152.9705,153.799,151.131,151.6575
1427403600,151.6575,153.29,151.392,152.8905
1427662800,152.89,153.4665,152.55,152.9915
1427749200,152.9915,153.4885,152.5475,153.4545
1427835600,153.4545,155.6645,153.054,155.4125
1427922000,155.4125,156.0685,153.9175,153.9755
1428008400,153.9755,156.384,153.9515,155.2905
1428267600,155.2905,155.7685,153.6615,154.1265
1428354000,154.1265,155.1795,153.8655,155.1215
1428440400,155.122,155.5135,154.056,155.0235
1428526800,155.0235,155.7545,153.5215,153.6895
1428613200,153.6895,155.0085,153.6775,154.3045
1428872400,154.3045,154.916,153.694,154.729
1428958800,154.729,156.8605,154.724,155.627
1429045200,155.627,156.339,155.12,155.729
1429131600,155.729,156.29,154.594,155.141
1429218000,155.141,157.105,154.879,156.68
1429477200,156.68,157.191,155.624,155.915
1429563600,155.915,156.765,155.367,155.614
1429650000,155.614,156.153,153.365,153.689
1429736400,153.689,154.8,153.552,154.042
1429822800,154.042,155.624,153.831,155.37
1430082000,155.37,156.181,154.882,155.77
1430168400,155.77,156.009,153.753,153.821
1430254800,153.821,154.339,152.031,152.962
1430341200,152.962,153.381,151.762,153.27
1430427600,153.27,153.27,151.128,151.283
1430686800,151.283,152.148,150.559,150.657
1430773200,150.657,151.455,149.605,150.061
1430859600,150.061,150.396,148.288,148.613
1430946000,148.613,150.749,147.531,150.462
1431032400,150.462,151.894,149.942,150.77
1431291600,150.77,151.571,147.934,148.139
1431378000,148.139,149.433,146.355,148.885
1431464400,148.885,150.314,147.486,147.578
1431550800,147.578,148.973,147.308,148.74
1431637200,148.74,151.363,148.685,151.035
1431896400,151.035,151.3565,149.085,149.232
1431982800,149.232,150.388,147.978,148.2905
1432069200,148.2905,149.507,148.105,148.962
1432155600,148.962,150.641,148.8355,150.303
1432242000,150.303,151.076,149.716,150.245
1432501200,150.245,150.8335,150.192,150.644
1432587600,150.644,152.62,150.5275,152.3045
1432674000,152.304,153.0325,151.656,152.9245
1432760400,152.9245,153.23,152.3155,152.4815
1432846800,152.4815,153.681,152.4815,152.7775
1433106000,152.7775,153.3125,151.096,151.6455
1433192400,151.6455,151.7765,149.448,149.7995
1433278800,149.7995,150.0105,147.3095,147.7975
1433365200,147.7975,149.6105,146.642,149.2495
1433451600,149.2495,149.3355,147.072,147.6715
1433710800,147.6715,148.561,147.6115,147.8575
1433797200,147.8575,148.5845,146.4895,146.8645
1433883600,146.864,147.013,145.6745,145.8875
1433970000,145.8875,148.6285,145.6885,148.5895
1434056400,148.5895,149.838,148.116,148.5235
1434315600,148.5235,150.016,148.42,148.9175
1434402000,148.9175,149.9385,148.714,149.8855
1434488400,149.8855,150.084,147.8395,148.9225
1434574800,148.922,150.1365,147.4855,148.3315
1434661200,148.3315,150.431,148.301,150.3265
1434920400,150.3265,150.3265,147.7145,147.8935
1435006800,147.8935,148.096,146.561,147.1775
1435093200,147.1775,148.3365,147.1775,148.2685
1435179600,148.268,148.395,147.3015,147.6145
1435266000,147.614,147.902,145.806,146.1875
1435525200,146.1875,150.098,146.1875,149.4195
1435611600,149.42,149.9525,148.5345,148.9345
1435698000,148.934,149.1665,146.944,147.2045
1435784400,147.2045,148.418,146.372,147.8025
1435870800,147.8025,149.108,147.68,148.6985
1436130000,148.698,150.6905,148.698,150.39
1436216400,150.3905,152.998,149.888,151.5385
1436302800,151.5385,153.32,151.4855,152.8885
1436389200,152.888,153.263,149.8175,149.8345
1436475600,149.8345,149.8345,147.728,148.0935
1436734800,148.0935,149.146,146.906,147.219
1436821200,147.219,148.3845,147.219,148.1345
1436907600,148.1345,149.724,147.6595,149.5245
1436994000,149.5245,150.3765,148.801,150.1315
1437080400,150.1315,151.1065,149.98,150.8545
1437339600,150.854,151.3145,150.208,150.5855
1437426000,150.5855,151.464,149.822,151.4565
1437512400,151.4565,152.316,151.224,152.0485
1437598800,152.0485,153.5785,151.6885,153.5175
1437685200,153.5175,153.9645,153.252,153.6065
1437944400,153.606,154.7655,153.606,154.3225
1438030800,154.322,154.3515,153.3255,153.8045
1438117200,153.8045,153.9265,152.8815,153.0935
1438203600,153.0935,154.484,152.43,154.2615
1438290000,154.2615,155.65,153.853,155.4995
1438549200,155.4995,156.9825,155.202,156.7445
1438635600,156.7445,156.9485,155.6045,155.7535
1438722000,155.7535,156.0225,154.314,154.7945
1438808400,154.7945,156.2305,154.58,156.1015
1438894800,156.1015,157.816,155.5555,157.7845
1439154000,157.7845,157.8465,155.8415,156.0925
1439240400,156.0925,158.557,156.0495,157.9235
1439326800,157.924,159.884,157.3435,157.4285
1439413200,157.4285,157.993,156.706,157.1535
1439499600,157.1535,157.908,156.668,157.3345
1439758800,157.334,158.6505,157.334,158.0705
1439845200,158.0705,158.632,156.8975,157.1785
1439931600,157.1785,158.5265,156.296,158.2475
1440018000,158.2475,159.6765,158.1655,159.6685
1440104400,159.668,160.2215,159.032,160.1005
1440363600,160.1,162.4885,159.276,159.9725
1440450000,159.9725,160.1305,157.124,158.4735
1440536400,158.4735,158.7565,154.932,155.4245
1440622800,155.4245,156.6245,155.047,155.8015
1440709200,155.8015,157.3645,155.6795,156.1125
1440968400,156.1125,157.26,155.0315,155.055
1441054800,155.055,156.59,154.77,156.0385
1441141200,156.0385,156.3625,154.88,155.163
1441227600,155.163,155.9115,154.7155,155.5855
1441314000,155.586,157.0555,155.498,156.8565
1441573200,156.8565,156.8565,156.1355,156.4635
1441659600,156.4635,156.8355,154.6375,155.1545
1441746000,155.1545,155.7525,153.3815,155.2175
1441832400,155.2175,155.602,154.4625,154.6585
1441918800,154.6585,156.1215,154.5635,155.5765
1442178000,155.5765,156.378,155.376,155.7155
1442264400,155.7155,156.144,153.0425,153.0895
1442350800,153.0895,153.746,152.6575,152.8205
1442437200,152.82,154.5805,152.774,154.5175
1442523600,154.518,156.686,154.43,156.4335
1442782800,156.4335,156.5405,154.2075,154.6235
1442869200,154.6235,156.8215,154.5595,156.2315
1442955600,156.2315,157.0545,155.51,156.2395
1443042000,156.2395,158.298,156.2035,157.2435
1443128400,157.244,157.4685,155.9335,156.4095
1443387600,156.4095,158.4165,156.2535,158.1565
1443474000,158.1565,158.9415,157.5305,158.6035
1443560400,158.604,158.6305,157.4975,158.4685
1443646800,158.4685,159.3345,157.7655,158.6645
1443733200,158.6645,161.3585,158.196,159.5815
1443992400,159.582,159.8885,157.828,157.9535
1444078800,157.9535,158.6915,157.436,158.6185
1444165200,158.618,158.6805,157.4055,158.0845
1444251600,158.0845,158.9885,156.8515,157.2665
1444338000,157.266,157.82,156.468,157.6975
1444597200,157.6975,158.5975,157.384,158.4235
1444683600,158.424,159.062,158.094,158.6655
1444770000,158.6655,160.3645,158.664,160.3275
1444856400,160.328,160.334,159.266,159.4465
1444942800,159.446,159.9745,159.1075,159.1085
1445202000,159.108,159.5505,158.1335,159.0335
1445288400,159.0335,159.218,157.684,157.8795
1445374800,157.8795,159.2755,157.844,159.0615
1445461200,159.0615,159.6105,158.324,158.8875
1445547600,158.8875,159.096,157.1335,157.5845
1445806800,157.5845,158.76,157.5705,158.3895
1445893200,158.3895,159.5645,158.3895,158.7555
1445979600,158.7555,158.9925,157.7915,158.3075
1446066000,158.3075,158.7285,156.1605,156.4025
1446152400,156.4025,157.116,156.1895,157.0985
1446415200,157.0985,157.4385,156.07,156.4595
1446501600,156.4595,156.714,154.9235,155.2905
1446588000,155.2905,155.698,154.7645,155.2175
1446674400,155.218,155.35,154.0985,154.7625
1446760800,154.7625,154.9605,152.17,152.7785
1447020000,152.7785,152.8705,151.768,152.3525
1447106400,152.3525,153.2325,152.166,152.5815
1447192800,152.5815,152.8505,152.316,152.5095
1447279200,152.5095,153.5285,152.2795,153.1825
1447365600,153.1825,153.9905,153.0955,153.8625
1447624800,153.862,154.534,153.4275,153.7005
1447711200,153.7005,154.436,152.8875,154.0365
1447797600,154.0365,154.3595,153.5055,154.0585
1447884000,154.0585,155.25,153.9795,154.8485
1447970400,154.8485,155.3665,154.6135,154.6835
1448229600,154.6835,155.5565,154.0875,155.3595
1448316000,155.3595,155.9895,154.9535,155.2255
1448402400,155.226,155.8525,155.0455,155.5375
1448488800,155.538,155.786,155.5015,155.77
1448575200,155.77,156.1165,155.4,155.447
1448834400,155.447,155.94,155.103,155.94
1448920800,155.94,157.702,155.182,157.685
1449007200,157.685,157.767,156.901,157.521
1449093600,157.521,157.622,153.226,153.968
1449180000,153.968,155.476,152.868,155.261
1449439200,155.261,157.21,154.814,156.495
1449525600,156.495,157.4505,156.154,156.5625
1449612000,156.5625,157.213,155.164,156.535
1449698400,156.535,157.076,156.384,156.644
1449784800,156.644,158.95,156.5325,158.8075
1450044000,158.808,158.808,156.4815,156.935
1450130400,156.935,157.324,155.303,156.1025
1450216800,156.1025,156.7365,154.9395,155.5925
1450303200,155.592,157.446,155.592,157.36
1450389600,157.36,158.13,157.2235,157.589
1450648800,157.589,158.204,157.216,157.6415
1450735200,157.642,157.762,156.274,156.423
1450821600,156.423,156.493,155.002,155.6295
1450908000,155.6295,156.3425,155.528,156.279
1451253600,156.279,157.2865,156.0515,156.6755
1451340000,156.6755,156.9425,154.2875,154.602
1451426400,154.602,154.85,153.8995,154.588
1451512800,154.588,155.05,154.354,154.7735
1451858400,154.774,156.537,154.3735,155.3685
1451944800,155.368,155.6665,154.604,155.009
1452031200,155.009,156.758,154.755,156.599
1452117600,156.599,157.8515,155.9045,157.0655
1452204000,157.0655,157.768,155.476,157.6545
1452463200,157.654,158.076,156.3215,156.4505
1452549600,156.45,158.9305,156.0175,158.5045
1452636000,158.5045,160.071,157.6735,158.617
1452722400,158.617,159.755,157.897,158.5
1452808800,158.5,160.691,158.373,160.081
1453068000,160.081,160.398,159.591,159.915
1453154400,159.915,160.568,158.915,159.694
1453240800,159.694,162.472,159.694,161.314
1453327200,161.314,162.019,160.161,160.215
1453413600,160.215,160.715,159.02,159.738
1453672800,159.738,160.858,159.583,160.818
1453759200,160.818,161.699,160.251,160.843
1453845600,160.843,161.247,159.764,160.632
1453932000,160.632,161.416,159.886,160.909
1454018400,160.909,162.625,160.662,162.04
1454277600,162.04,162.421,161.2,161.653
1454364000,161.653,164.219,161.604,164.164
1454450400,164.164,164.907,162.868,162.902
1454536800,162.902,163.947,162.352,163.869
1454623200,163.869,164.345,162.814,164.254
1454882400,164.254,166.737,163.491,166.321
1454968800,166.321,167.892,165.888,166.925
1455055200,166.925,168.501,165.842,168.478
1455141600,168.478,171.431,168.319,168.91
1455228000,168.91,169.237,166.741,166.943
1455487200,166.943,167.029,166.093,166.525
1455573600,166.525,166.913,165.624,166.163
1455660000,166.163,166.87,164.448,165.035
1455746400,165.035,167.065,164.822,167.002
1455832800,167.002,167.618,166.178,167.058
1456092000,167.058,167.114,166.29,166.943
1456178400,166.943,167.855,165.218,167.5
1456264800,167.5,169.1965,166.651,166.7065
1456351200,166.706,168.3045,166.524,167.1895
1456437600,167.1895,167.318,165.6685,165.8565
1456696800,165.8565,166.5485,165.834,166.1825
1456783200,166.1825,166.946,163.758,164.0535
1456869600,164.0535,164.5225,163.6455,164.4175
1456956000,164.4175,165.448,164.0105,164.9485
1457042400,164.9485,165.446,163.2015,163.9325
1457301600,163.932,163.98,163.2255,163.755
1457388000,163.755,166.362,163.7135,165.5205
1457474400,165.5205,165.538,164.046,164.7895
1457560800,164.7895,165.358,163.069,163.8375
1457647200,163.8375,164.2695,162.4375,162.4675
1457902800,162.4675,163.468,162.342,162.9295
1457989200,162.9295,164.023,162.6325,162.829
1458075600,162.829,163.588,162.46,163.468
1458162000,163.468,164.658,163.118,164.2725
1458248400,164.2725,165.1165,164.091,164.533
1458507600,164.533,164.6985,162.958,163.255
1458594000,163.255,164.3,162.972,163.081
1458680400,163.081,164.88,162.8115,164.595
1458766800,164.595,165.5935,163.7715,164.2895
1459112400,164.29,164.9255,163.754,164.428
1459198800,164.428,165.9565,164.236,165.8535
1459285200,165.854,165.8605,163.899,164.6995
1459371600,164.6995,165.9285,164.5155,165.8155
1459458000,165.8155,166.484,165.1935,165.9995
1459717200,165.9995,166.35,165.4315,166.1435
1459803600,166.1435,167.6205,166.088,167.4135
1459890000,167.414,167.414,166.124,166.5085
1459976400,166.5085,168.2795,166.2135,168.2325
1460062800,168.2325,168.2325,166.883,167.3595
1460322000,167.3595,167.8105,166.3995,167.0785
1460408400,167.0785,167.2115,165.9195,166.2635
1460494800,166.264,167.0595,165.8195,166.688
1460581200,166.6885,167.0545,165.64,166.1225
1460667600,166.122,167.496,166.0415,167.0985
1460926800,167.0985,167.664,165.792,166.4355
1461013200,166.4355,166.4725,165.3075,166.0575
1461099600,166.0575,166.7975,164.176,164.4725
1461186000,164.4725,164.628,163.056,163.6635
1461272400,163.6635,163.948,162.9705,163.186
1461531600,163.1865,163.62,162.492,162.538
1461618000,162.538,162.981,161.781,161.999
1461704400,161.999,163.556,161.998,163.389
1461790800,163.389,164.301,162.822,163.838
1461877200,163.838,164.249,162.597,163.919
1462136400,163.919,164.233,162.651,162.674
1462222800,162.674,165.04,162.666,164.52
1462309200,164.52,165.368,164.152,165.266
1462395600,165.266,166.389,164.647,166.083
1462482000,166.083,167.156,165.56,165.723
1462741200,165.723,166.456,165.365,166.315
1462827600,166.315,166.563,165.82,166.144
1462914000,166.144,167.275,165.968,166.82
1463000400,166.82,167.008,165.632,166.184
1463086800,166.184,167.393,166.128,167.298
1463346000,167.298,167.433,165.978,166.117
1463432400,166.117,166.741,165.697,165.986
1463518800,165.986,166.242,163.598,164.215
1463605200,164.215,165.028,163.748,164.671
1463691600,164.671,164.981,164.043,164.892
1463950800,164.892,165.442,164.53,165.122
1464037200,165.122,165.304,163.827,164.435
1464123600,164.435,164.783,163.904,164.045
1464210000,164.045,165.018,163.926,164.632
1464296400,164.632,164.946,164.22,164.3475
1464555600,164.348,164.42,164.0635,164.1565
1464642000,164.1565,165.0245,163.386,164.6355
1464728400,164.636,166.212,164.4515,165.4335
1464814800,165.4335,166.6705,165.346,166.437
1464901200,166.437,168.505,166.23,168.442
1465160400,168.4415,168.608,167.3635,167.426
1465246800,167.426,168.268,167.2295,167.9
1465333200,167.8995,168.692,167.8995,168.5235
1465419600,168.5235,169.6565,168.309,168.9815
1465506000,168.9815,170.494,168.9815,169.827
1465765200,169.827,170.444,169.6915,170.4345
1465851600,170.4345,171.4445,170.145,170.396
1465938000,170.3965,171.2345,169.9465,171.192
1466024400,171.1925,172.7345,171.042,171.343
1466110800,171.343,171.459,170.446,170.9025
1466370000,170.9025,170.9025,168.988,168.99
1466456400,168.9895,169.7105,168.556,168.612
1466542800,168.612,169.2685,168.4815,168.982
1466629200,168.982,168.982,167.234,167.329
1466715600,167.329,175.1675,167.1395,171.976
1466974800,171.976,174.89,171.976,174.89
1467061200,174.8895,175.108,173.848,174.456
1467147600,174.456,174.989,173.316,173.3475
1467234000,173.348,175.0035,172.332,174.032
1467320400,174.032,176.662,173.968,175.575
1467579600,175.575,175.845,175.015,175.735
1467666000,175.735,177.6625,175.479,177.101
1467752400,177.101,178.342,176.764,177.423
1467838800,177.423,177.882,176.499,177.533
1467925200,177.533,178.495,176.233,178.272
1468184400,178.272,178.5185,176.78,176.9975
1468270800,176.998,177.3485,174.342,175.0005
1468357200,175.0005,176.308,174.9135,176.0065
1468443600,176.0065,176.208,173.556,173.9225
1468530000,173.9225,174.5185,172.4715,173.5925
1468789200,173.5925,173.5925,171.954,172.6825
1468875600,172.6825,173.6965,172.67,173.3105
1468962000,173.31,173.38,171.986,172.3125
1469048400,172.3125,172.692,170.9525,172.5725
1469134800,172.5725,173.2135,171.6115,172.7295
1469394000,172.7295,173.034,172.0715,172.4635
1469480400,172.4635,173.596,172.0825,172.5735
1469566800,172.5735,174.4505,171.8405,174.4425
1469653200,174.4425,174.5625,173.4035,174.1445
1469739600,174.144,175.5185,172.6395,175.3615
1469998800,175.3615,175.3615,173.431,173.462
1470085200,173.462,173.869,171.913,172.662
1470171600,172.662,173.405,172.179,172.866
1470258000,172.866,174.549,172.544,173.949
1470344400,173.949,174.378,172.082,172.1365
1470603600,172.1365,172.572,171.3575,172.0975
1470690000,172.0975,173.59,171.938,173.2285
1470776400,173.2285,174.328,173.2195,174.0825
1470862800,174.0825,174.1345,172.2415,172.6305
1470949200,172.6305,174.5495,172.49,173.6905
1471208400,173.6905,173.9735,172.1155,172.1545
1471294800,172.1545,173.046,171.6075,171.7005
1471381200,171.7005,172.588,171.432,172.3515
1471467600,172.3515,172.7675,171.8145,172.4685
1471554000,172.468,172.524,170.9685,171.4895
1471813200,171.49,172.9505,171.12,172.7985
1471899600,172.7985,173.4685,172.092,173.0965
1471986000,173.0965,173.2295,172.3245,172.5795
1472072400,172.58,172.962,171.7775,172.0315
1472158800,172.0315,173.4845,170.6935,170.9115
1472418000,170.9115,172.5255,170.598,172.408
1472504400,172.4085,172.4085,171.774,172.1185
1472590800,172.1185,172.434,171.6295,172.0165
1472677200,172.0165,172.6065,170.9495,172.2675
1472763600,172.2675,172.961,170.5575,171.094
1473022800,171.094,171.2085,170.555,170.8555
1473109200,170.8555,172.74,170.6035,172.6285
1473195600,172.6285,173.174,172.342,172.4245
1473282000,172.424,172.707,169.7835,170.47
1473368400,170.47,170.647,168.2065,168.399
1473627600,168.399,168.8305,168.002,168.517
1473714000,168.517,169.219,166.341,166.8595
1473800400,166.8595,167.999,166.501,167.324
1473886800,167.324,167.676,166.153,167.118
1473973200,167.118,168.188,167.07,167.275
1474232400,167.275,167.7905,166.901,166.948
1474318800,166.948,168.238,166.948,167.452
1474405200,167.452,168.563,165.941,168.563
1474491600,168.563,169.535,168.475,169.342
1474578000,169.342,169.7425,169.078,169.199
1474837200,169.199,170.192,169.127,169.905
1474923600,169.905,171.122,169.3695,170.9285
1475010000,170.928,171.544,170.4155,170.636
1475096400,170.636,171.3065,169.7105,170.981
1475182800,170.981,171.422,169.344,169.855
1475442000,169.855,170.1065,169.128,169.3455
1475528400,169.346,169.7125,167.596,167.6825
1475614800,167.682,168.129,166.576,167.2645
1475701200,167.2645,167.569,166.21,166.4055
1475787600,166.4055,166.804,165.5135,166.4835
1476046800,166.484,166.484,164.855,165.481
1476133200,165.481,165.9085,164.934,165.339
1476219600,165.339,165.5045,164.7595,165.48
1476306000,165.48,166.538,165.447,165.967
1476392400,165.967,165.9885,164.1015,164.2015
1476651600,164.2015,165.306,163.6755,165.02
1476738000,165.02,165.51,164.3165,165.475
1476824400,165.475,165.84,164.834,165.4355
1476910800,165.4355,166.2645,164.794,165.4655
1476997200,165.4655,166.1845,165.3545,165.9995
1477256400,165.9995,166.266,164.8765,165.2415
1477342800,165.242,166.086,164.6745,165.6415
1477429200,165.6415,166.0745,164.5295,164.7055
1477515600,164.706,164.8375,162.5965,163.0865
1477602000,163.0865,163.5525,162.522,163.0475
1477861200,163.0475,163.7205,162.85,163.7125
1477947600,163.7125,164.084,162.516,163.5785
1478034000,163.5785,164.6955,163.5675,164.0655
1478120400,164.066,164.744,163.2135,163.4755
1478206800,163.4755,164.5705,163.2845,164.2835
1478469600,164.2835,164.2835,163.0755,163.3145
1478556000,163.3145,163.912,162.3995,162.9135
1478642400,162.9135,165.6565,157.3615,158.1215
1478728800,158.122,159.1685,156.1515,156.2375
1478815200,156.2375,156.9945,155.6035,156.0025
1479074400,156.0025,156.01,153.304,154.3715
1479160800,154.3715,156.0825,154.3715,155.1555
1479247200,155.1555,155.84,153.8695,155.6355
1479333600,155.6355,155.8995,153.7075,153.7445
1479420000,153.7445,154.7465,152.8995,153.3785
1479679200,153.3785,154.3265,153.306,154.0515
1479765600,154.0515,154.718,153.6155,153.8875
1479852000,153.8875,154.1085,152.0355,153.3875
1479938400,153.3875,153.4415,152.8105,152.8255
1480024800,152.8255,153.7605,152.3895,153.4525
1480284000,153.4525,154.276,153.4525,154.149
1480370400,154.149,154.72,153.467,154.545
1480456800,154.545,154.7165,151.7855,152.577
1480543200,152.577,152.711,149.991,150.89
1480629600,150.89,152.535,150.89,152.13
1480888800,152.13,153.192,150.913,152.1475
1480975200,152.1475,152.575,151.717,151.935
1481061600,151.935,152.9865,151.784,152.845
1481148000,152.845,152.888,150.75,151.076
1481234400,151.076,151.233,149.526,149.956
1481493600,149.956,150.207,148.793,150.141
1481580000,150.141,151.142,149.972,150.568
1481666400,150.568,151.63,148.85,149.182
1481752800,149.182,150.344,148.5655,149.615
1481839200,149.615,150.69,148.793,149.168
1482098400,149.1675,150.536,149.0115,150.299
1482184800,150.299,150.4785,149.396,149.912
1482271200,149.912,150.513,149.485,150.4815
1482357600,150.4815,150.6605,149.6835,150.196
1482444000,150.196,150.708,150.086,150.3255
1482789600,150.326,150.326,149.48,149.825
1482876000,149.825,151.041,149.7615,150.8815
1482962400,150.882,151.594,150.7935,151.19
1483048800,151.19,151.957,150.951,151.513
1483394400,151.513,152.022,150.232,151.7685
1483480800,151.768,152.196,151.23,152.0055
1483567200,152.0055,154.164,151.556,153.9875
1483653600,153.9875,154.406,152.734,152.826
1483912800,152.826,153.982,152.632,153.9265
1483999200,153.9265,154.036,153.304,153.67
1484085600,153.6695,154.578,153.37,153.7965
1484172000,153.796,155.009,153.586,153.6475
1484258400,153.6475,154.614,152.378,153.0205
1484517600,153.02,153.754,152.934,153.307
1484604000,153.307,154.86,153.208,154.2405
1484690400,154.2405,154.294,152.362,152.3705
1484776800,152.3705,152.798,151.186,151.6695
1484863200,151.6695,152.062,150.826,151.5845
1485122400,151.584,153.3585,151.444,152.9465
1485208800,152.9465,153.1245,151.332,151.5985
1485295200,151.598,151.894,150.06,150.4485
1485381600,150.4485,150.7345,149.736,150.7195
1485468000,150.72,151.222,150.3155,151.1735
1485727200,151.1735,151.378,150.644,150.8705
1485813600,150.8705,151.92,150.48,151.326
1485900000,151.3265,151.432,150.46,151.2955
1485986400,151.296,152.174,151.0695,151.1945
1486072800,151.1945,152,150.5535,151.1405
1486332000,151.1405,152.33,150.97,152.2425
1486418400,152.2425,153.1625,151.47,152.7835
1486504800,152.7835,154.3085,152.716,154.1575
1486591200,154.158,154.158,152.598,152.8795
1486677600,152.8795,152.9725,151.864,152.6355
1486936800,152.636,152.636,151.568,151.9405
1487023200,151.9405,152.0845,150.448,151.2675
1487109600,151.2675,151.29,150.034,150.6705
1487196000,150.6705,151.68,150.482,151.3395
1487282400,151.34,152.45,151.048,151.9975
1487541600,151.998,151.998,151.406,151.674
1487628000,151.6735,152.158,151.044,151.673
1487714400,151.673,152.651,151.195,151.857
1487800800,151.857,152.538,151.698,152.482
1487887200,152.482,153.812,152.311,153.637
1488146400,153.637,153.678,152.924,153.049
1488232800,153.049,153.714,152.687,152.718
1488319200,152.718,152.749,150.82,151.211
1488405600,151.211,151.311,150.292,150.787
1488492000,150.787,151.043,150.254,151.019
1488751200,151.019,151.44,150.308,150.446
1488837600,150.446,150.731,150.128,150.156
1488924000,150.156,150.375,148.766,149.267
1489010400,149.267,149.384,148.032,148.132
1489096800,148.132,148.51,147.823,148.387
1489352400,148.387,148.692,147.32,147.3595
1489438800,147.36,148.389,147.196,148.057
1489525200,148.057,149.919,148.057,149.774
1489611600,149.774,150.01,148.804,148.895
1489698000,148.895,149.956,148.8315,149.8265
1489957200,149.8265,150.596,149.475,150.5415
1490043600,150.5415,151.569,149.806,151.504
1490130000,151.504,152.462,151.408,151.9315
1490216400,151.9315,152.331,151.368,151.7905
1490302800,151.7905,152.441,151.469,152.0685
1490562000,152.068,153.317,152.068,152.584
1490648400,152.5845,153.1105,151.657,151.7275
1490734800,151.7275,152.59,151.592,152.493
1490821200,152.493,152.672,151.502,151.5655
1490907600,151.5655,152.15,151.335,152.1315
1491166800,152.1315,153.492,151.796,153.4765
1491253200,153.4765,153.546,152.5955,152.6125
1491339600,152.612,153.212,151.956,152.9415
1491426000,152.9415,153.102,152.192,152.787
1491512400,152.787,154.139,152.31,152.364
1491771600,152.364,153.134,152.112,152.7435
1491858000,152.7435,154.134,152.7435,153.974
1491944400,153.974,154.894,153.684,154.8715
1492030800,154.8715,155.309,154.366,154.92
1492376400,154.92,155.4,154.266,154.5555
1492462800,154.556,156.42,154.396,156.1125
1492549200,156.112,156.23,155.246,155.4135
1492635600,155.4135,155.864,154.672,155.1645
1492722000,155.1645,155.656,154.8435,154.8665
1492981200,154.8665,154.8665,153.432,154.1865
1493067600,154.186,154.382,152.806,152.9775
1493154000,152.9775,153.664,152.726,153.6005
1493240400,153.6005,153.808,153.024,153.5395
1493326800,153.5395,153.824,152.658,153.7985
1493586000,153.7985,153.95,152.4,152.8915
1493672400,152.8915,153.7025,152.5475,153.7025
1493758800,153.702,153.944,153.03,153.2395
1493845200,153.2395,153.31,152.052,152.4325
1493931600,152.4325,152.942,152.102,152.4745
1494190800,152.4745,153.056,151.672,151.7415
1494277200,151.7415,151.8865,151.218,151.4525
1494363600,151.4525,152.026,151.0155,151.1885
1494450000,151.188,151.4505,150.794,151.3445
1494536400,151.344,152.2265,151.288,152.1775
1494795600,152.178,152.266,151.5095,151.7755
1494882000,151.7755,152.5945,151.4355,152.1515
1494968400,152.1515,154.364,152.1515,154.0275
1495054800,154.0275,154.92,153.7,154.2715
1495141200,154.2715,154.648,153.868,154.4825
1495400400,154.4825,154.5465,154.166,154.2685
1495486800,154.2685,154.7865,153.588,153.6815
1495573200,153.682,154.375,153.492,154.209
1495659600,154.209,154.455,153.859,154.212
1495746000,154.212,154.659,154.152,154.322
1496005200,154.322,154.544,154.062,154.5435
1496091600,154.544,155.041,154.232,155.016
1496178000,155.016,155.437,154.623,155.31
1496264400,155.31,155.31,154.669,155.153
1496350800,155.153,156.766,155.009,156.536
1496610000,156.536,156.64,155.777,155.902
1496696400,155.902,156.871,155.846,156.535
1496782800,156.535,156.607,155.874,156.031
1496869200,156.031,156.148,155.358,155.756
1496955600,155.756,156.299,155.06,155.593
1497214800,155.593,156.058,155.207,155.4085
1497301200,155.4085,155.571,154.973,155.332
1497387600,155.332,157.542,155.314,157.201
1497474000,157.201,157.344,156.608,156.7685
1497560400,156.7685,157.231,156.539,157.187
1497819600,157.187,157.379,156.65,156.793
1497906000,156.793,157.803,156.624,157.611
1497992400,157.611,157.887,157.191,157.6595
1498078800,157.66,158.028,157.459,157.9285
1498165200,157.9285,157.947,157.415,157.875
1498424400,157.875,158.498,157.564,158.155
1498510800,158.155,158.431,156.442,156.6735
1498597200,156.6735,156.91,155.487,156.0555
1498683600,156.056,156.263,154.715,155.4185
1498770000,155.4185,155.466,154.736,154.949
1499029200,154.949,155.068,153.97,154.025
1499115600,154.025,154.9,154.025,154.0995
1499202000,154.0995,154.568,154.004,154.5235
1499288400,154.524,154.528,152.956,153.354
1499374800,153.354,153.4145,152.62,152.836
1499634000,152.836,153.21,152.644,152.9995
1499720400,153,153.318,152.6295,153.032
1499806800,153.032,154.084,152.968,153.8755
1499893200,153.8755,154.33,152.826,153.1695
1499979600,153.1695,154.454,153.002,153.3995
1500238800,153.4,153.978,153.2875,153.5305
1500325200,153.5305,154.876,153.514,154.8285
1500411600,154.8285,154.968,154.506,154.7205
1500498000,154.7205,155.556,154.678,155.1375
1500584400,155.138,155.818,154.956,155.5155
1500843600,155.516,155.65,154.988,155.0185
1500930000,155.0185,155.132,153.308,153.3085
1501016400,153.3085,154.08,153.0455,153.7965
1501102800,153.7965,154.17,152.884,153.2795
1501189200,153.2795,153.992,152.8315,153.9255
1501448400,153.9255,154.21,153.3855,153.6145
1501534800,153.614,154.772,153.004,154.6375
1501621200,154.638,155.272,154.206,154.6715
1501707600,154.672,155.9445,154.67,155.8425
1501794000,155.8425,156.006,154.364,154.8405
1502053200,154.8405,155.074,154.498,155.0255
1502139600,155.0255,155.094,154.15,154.7605
1502226000,154.76,155.864,154.76,155.1835
1502312400,155.1835,156.16,154.986,156.1275
1502398800,156.128,156.432,155.27,156.0425
1502658000,156.0425,156.0425,155.386,155.6085
1502744400,155.608,155.7065,154.29,154.6995
1502830800,154.6995,155.69,154.324,155.5485
1502917200,155.548,156.466,155.06,156.3575
1503003600,156.358,156.832,155.984,156.2405
1503262800,156.2405,156.698,155.9835,156.5825
1503349200,156.582,156.628,155.894,156.0505
1503435600,156.05,156.946,155.9175,156.9365
1503522000,156.9365,156.9445,156.398,156.4605
1503608400,156.4605,157.138,156.294,156.9945
1503867600,156.9945,157.126,156.508,156.9535
1503954000,156.9535,158.456,156.9535,157.41
1504040400,157.41,157.502,157.03,157.381
1504126800,157.381,157.773,157.027,157.674
1504213200,157.674,157.901,156.434,156.524
1504472400,156.524,157.127,156.524,157.045
1504558800,157.045,158.677,156.634,158.6145
1504645200,158.614,158.834,157.655,157.798
1504731600,157.798,159.378,157.798,159.2175
1504818000,159.218,159.748,158.488,158.9195
1505077200,158.92,158.92,157.138,157.283
1505163600,157.283,157.457,156.437,156.5935
1505250000,156.594,156.902,156.107,156.246
1505336400,156.246,156.629,155.7195,156.5975
1505422800,156.5975,156.785,156.082,156.2995
1505682000,156.3,156.3,155.4095,155.6595
1505768400,155.6595,156.004,155.268,155.282
1505854800,155.282,155.694,154.72,155.0965
1505941200,155.0965,155.748,154.9,155.146
1506027600,155.146,155.822,155.146,155.6055
1506286800,155.606,156.292,155.253,156.0365
1506373200,156.0365,156.249,155.522,155.8205
1506459600,155.82,155.926,153.9,154.088
1506546000,154.088,154.244,153.138,153.8545
1506632400,153.854,154.0945,153.498,153.778
1506891600,153.778,154.182,153.146,153.5795
1506978000,153.5795,153.944,153.068,153.8345
1507064400,153.834,154.282,153.227,153.7735
1507150800,153.774,153.954,153.07,153.319
1507237200,153.319,153.4105,152.2395,153.18
1507496400,153.18,153.2345,152.86,153.1705
1507582800,153.1705,154.01,152.818,153.1575
1507669200,153.158,153.808,153.036,153.3815
1507755600,153.3815,154.106,153.278,154.0815
1507842000,154.082,155.068,153.844,155.0575
1508101200,155.0575,155.0575,154.46,154.6165
1508187600,154.6165,154.972,154.1675,154.8935
1508274000,154.8935,154.948,153.618,153.8035
1508360400,153.804,154.894,153.772,154.23
1508446800,154.2295,154.378,152.586,152.9825
1508706000,152.9825,153.394,152.642,153.2245
1508792400,153.2245,153.294,152.082,152.2455
1508878800,152.2455,152.3665,151.2,151.8635
1508965200,151.8635,152.444,151.214,151.2455
1509051600,151.246,152.268,151.0515,152.2605
1509310800,152.2605,153.108,152.048,152.9965
1509397200,152.9965,153.258,152.786,153.0305
1509483600,153.0305,153.96,152.646,153.456
1509570000,153.4565,154.326,153.356,154.1485
1509656400,154.1485,154.642,153.966,154.4965
1509919200,154.4965,154.9585,153.996,154.8315
1510005600,154.8315,155.3225,154.5115,155.0065
1510092000,155.006,155.366,154.71,154.7245
1510178400,154.724,154.986,154.1355,154.2265
1510264800,154.2265,154.35,152.584,152.8145
1510524000,152.8145,153.456,152.522,152.784
1510610400,152.784,153.586,152.664,153.524
1510696800,153.5235,154.748,153.5235,154.6945
1510783200,154.694,154.74,153.598,153.6295
1510869600,153.6295,154.622,153.542,154.4625
1511128800,154.4625,154.84,153.986,154.2335
1511215200,154.234,155.1005,154.17,154.5645
1511301600,154.5645,154.9905,153.9295,154.966
1511388000,154.9655,155.097,154.638,155.097
1511474400,155.097,155.097,154.307,154.642
1511733600,154.642,155.057,154.276,154.66
1511820000,154.66,155.2,154.4155,154.732
1511906400,154.732,155.0365,153.169,153.4175
1511992800,153.4175,153.602,152.3975,153.2475
1512079200,153.248,155.572,153.116,154.541
1512338400,154.541,154.553,153.429,154.435
1512424800,154.435,155.14,154.009,155.021
1512511200,155.021,155.918,154.853,155.176
1512597600,155.176,155.748,154.17,154.492
1512684000,154.492,154.592,153.845,154.282
1512943200,154.282,154.879,154.156,154.199
1513029600,154.199,154.459,153.432,154.0105
1513116000,154.0105,155.037,153.53,155.0055
1513202400,155.006,155.404,154.366,155.308
1513288800,155.308,155.674,154.92,155.4525
1513548000,155.4525,155.4525,154.25,154.4385
1513634400,154.4385,154.62,152.474,152.6805
1513720800,152.68,153.008,151.548,151.6905
1513807200,151.6905,152.354,151.604,152.1425
1513893600,152.1425,152.312,151.968,152.1845
1514239200,152.1845,152.861,151.83,152.4575
1514325600,152.458,154.168,152.44,154.009
1514412000,154.009,154.009,153.436,153.745
1514498400,153.745,154.1125,153.359,153.8895
1514844000,153.89,153.89,152.34,152.676
1514930400,152.676,153.356,152.498,153.2295
1515016800,153.2295,153.344,152.56,153.216
1515103200,153.2165,153.6,152.608,152.7555
1515362400,152.756,153.14,152.4,152.6635
1515448800,152.664,152.724,150.938,150.9385
1515535200,150.9385,151.0675,149.958,150.7355
1515621600,150.7355,151.456,150.398,151.194
1515708000,151.1945,151.42,150.386,151.3395
1515967200,151.3395,151.4505,151.18,151.1955
1516053600,151.196,151.846,151.088,151.7145
1516140000,151.7145,151.988,150.886,150.8855
1516226400,150.8855,151.042,149.868,149.8995
1516312800,149.8995,150.112,149.29,149.2905
1516572000,149.29,149.97,149.108,149.6305
1516658400,149.6305,150.4065,149.472,150.0655
1516744800,150.066,150.174,148.918,149.3545
1516831200,149.3545,150.16,149.032,150.0565
1516917600,150.0565,150.118,149.114,149.4325
1517176800,149.4325,149.5245,148.176,148.7205
1517263200,148.7205,148.974,147.746,148.0495
1517349600,148.0495,148.77,147.7015,148.5705
1517436000,148.5705,148.61,146.6535,146.7865
1517522400,146.7865,146.956,145.324,145.5745
1517781600,145.5745,148.048,144.636,147.4275
1517868000,147.428,148.264,145.996,146.0505
1517954400,146.05,146.87,144.856,145.1925
1518040800,145.1925,145.474,144.094,144.7415
1518127200,144.742,145.242,144.058,144.2185
1518386400,144.2185,145.614,143.612,144.7255
1518472800,144.726,145.356,144.638,145.2935
1518559200,145.294,145.69,143.614,143.9975
1518645600,143.9975,144.764,143.544,144.0635
1518732000,144.064,145.222,143.976,144.6315
1518991200,144.6315,144.8185,144.34,144.3625
1519077600,144.362,144.516,143.768,144.2315
1519164000,144.2315,144.506,142.7795,143.0455
1519250400,143.0455,143.9285,143.0055,143.3855
1519336800,143.386,144.542,143.078,144.4775
1519596000,144.478,145.094,144.266,144.4025
1519682400,144.4025,144.826,143.422,144.0415
1519768800,144.0415,144.859,143.825,144.7635
1519855200,144.7635,145.825,144.448,145.595
1519941600,145.595,145.881,144.428,144.488
1520200800,144.488,145.399,143.889,144.2335
1520287200,144.2335,144.918,143.911,144.285
1520373600,144.285,145.198,144.211,144.3455
1520460000,144.346,145.179,144.172,144.9555
1520546400,144.956,144.956,143.938,144.2825
1520802000,144.2825,144.942,144.0055,144.815
1520888400,144.815,145.595,144.557,145.308
1520974800,145.308,146.276,145.205,145.9895
1521061200,145.9895,146.366,145.728,145.9775
1521147600,145.978,146.443,145.37,145.557
1521406800,145.557,145.808,144.896,145.396
1521493200,145.396,145.521,144.503,144.5345
1521579600,144.5345,145.186,143.989,144.8065
1521666000,144.8065,146.5285,144.726,145.865
1521752400,145.865,146.4285,145.228,146.0425
1522011600,146.0425,146.104,145.195,145.4725
1522098000,145.4725,146.846,145.34,146.656
1522184400,146.656,147.308,146.403,146.676
1522270800,146.676,147.7045,146.58,147.294
1522616400,147.294,148.004,146.904,147.7815
1522702800,147.7815,147.8125,146.6075,146.8265
1522789200,146.8265,147.448,146.28,146.3745
1522875600,146.3745,146.404,145.6395,145.7025
1522962000,145.702,147.012,145.702,146.9175
1523221200,146.918,147.166,146.272,146.9765
1523307600,146.9765,147.07,146.374,146.6505
1523394000,146.6505,147.68,146.446,147.1105
1523480400,147.1105,147.232,145.906,146.0935
1523566800,146.0935,146.588,145.96,146.302
1523826000,146.302,146.302,145.422,146.298
1523912400,146.298,146.79,145.948,146.35
1523998800,146.35,146.564,145.396,145.458
1524085200,145.458,145.674,144.098,144.568
1524171600,144.568,144.656,143.614,143.676
1524430800,143.676,143.706,142.958,143.58
1524517200,143.58,143.92,142.94,142.94
1524603600,142.94,143.158,142.178,142.332
1524690000,142.332,143.25,142.204,143.168
1524776400,143.168,143.882,143.136,143.786
1525035600,143.786,144.474,143.538,143.94
1525122000,143.94,144.182,143.554,143.864
1525208400,143.864,144.14,143.262,143.666
1525294800,143.666,144.472,143.456,144.062
1525381200,144.062,144.776,143.708,144.05
1525640400,144.05,144.364,143.87,143.984
1525726800,143.984,144.198,143.442,143.722
1525813200,143.722,143.752,142.964,143.022
1525899600,143.022,143.828,143.016,143.794
1525986000,143.794,144.102,143.378,143.562
1526245200,143.562,143.758,142.998,143.028
1526331600,143.028,143.12,141.2,141.636
1526418000,141.636,141.974,141.218,141.312
1526504400,141.312,141.4,140.66,140.83
1526590800,140.83,141.73,140.546,141.634
1526850000,141.634,141.82,141.142,141.758
1526936400,141.758,141.88,141.342,141.652
1527022800,141.652,142.862,141.556,142.738
1527109200,142.738,143.48,142.324,143.132
1527195600,143.132,144.234,142.88,144.218
1527454800,144.218,144.812,143.564,144.812
1527541200,144.812,146.724,144.398,146.488
1527627600,146.488,146.988,144.76,145.508
1527714000,145.508,146.236,144.979,145.446
1527800400,145.446,145.666,144.496,144.838
1528059600,144.838,144.976,144.055,144.212
1528146000,144.212,144.866,144.148,144.234
1528232400,144.234,144.356,143.25,143.5
1528318800,143.5,145.16,143.023,144.404
1528405200,144.404,144.934,143.97,143.986
1528664400,143.986,144.155,143.518,143.832
1528750800,143.832,143.956,143.29,143.759
1528837200,143.759,144.066,142.995,143.718
1528923600,143.718,144.56,143.684,144.338
1529010000,144.338,145.21,144.306,144.58
1529269200,144.58,144.996,144.302,144.582
1529355600,144.582,145.648,144.582,144.888
1529442000,144.888,145.2,144.092,144.124
1529528400,144.124,144.966,143.902,144.774
1529614800,144.774,144.922,144.234,144.89
1529874000,144.89,145.37,144.802,145.114
1529960400,145.114,145.326,144.778,145.072
1530046800,145.072,146.132,145.008,146.068
1530133200,146.068,146.156,145.714,145.996
1530219600,145.996,146.238,145.484,145.64
1530478800,145.64,146.182,145.424,145.486
1530565200,145.486,146.2,145.26,146.136
1530651600,146.136,146.166,145.914,145.972
1530738000,145.972,146.496,145.586,146.336
1530824400,146.336,147.022,146.114,146.548
1531083600,146.548,146.548,145.768,145.858
1531170000,145.858,145.944,145.6,145.912
1531256400,145.912,146.414,145.796,145.996
1531342800,145.996,146.09,145.676,146.082
1531429200,146.082,146.418,145.89,146.354
1531688400,146.354,146.36,145.324,145.728
1531774800,145.728,145.974,145.474,145.656
1531861200,145.656,145.948,145.208,145.396
1531947600,145.396,146.14,144.982,146.014
1532034000,146.014,146.074,144.72,144.828
1532293200,144.828,144.932,143.342,143.528
1532379600,143.528,143.802,143.208,143.708
1532466000,143.708,144.14,143.164,143.196
1532552400,143.196,143.754,143.062,143.156
1532638800,143.156,143.744,143.024,143.522
1532898000,143.522,143.522,142.87,143.086
1532984400,143.086,143.962,143.052,143.548
1533070800,143.548,143.704,142.286,142.566
1533157200,142.566,143.218,142.534,142.838
1533243600,142.838,143.49,142.712,143.456
1533502800,143.456,143.964,143.306,143.522
1533589200,143.522,143.674,142.886,142.948
1533675600,142.948,143.286,142.724,143.158
1533762000,143.158,143.902,142.966,143.838
1533848400,143.838,145.084,143.774,144.706
1534107600,144.706,145.124,144.366,144.584
1534194000,144.584,144.75,144.198,144.23
1534280400,144.23,145.318,144.228,144.91
1534366800,144.91,145.064,144.478,144.9
1534453200,144.9,145.396,144.798,145
1534712400,145,145.832,144.918,145.77
1534798800,145.77,145.77,145.136,145.542
1534885200,145.542,145.972,145.442,145.782
1534971600,145.782,146.028,145.65,145.742
1535058000,145.742,146.092,145.358,146.076
1535317200,146.076,146.084,145.298,145.358
1535403600,145.358,145.386,144.538,144.66
1535490000,144.66,144.97,144.42,144.748
1535576400,144.748,145.229,144.634,145.134
1535662800,145.134,145.662,144.874,144.968
1535922000,144.968,145.072,144.76,144.85
1536008400,144.85,145.004,143.962,144.18
1536094800,144.18,144.426,143.766,144.014
1536181200,144.014,144.604,143.758,144.51
1536267600,144.51,144.634,143.246,143.464
1536526800,143.464,143.66,143.254,143.628
1536613200,143.628,143.658,142.708,142.834
1536699600,142.834,143.204,142.832,143.046
1536786000,143.046,143.464,142.788,142.942
1536872400,142.942,143.096,142.34,142.464
1537131600,142.464,142.692,142.002,142.532
1537218000,142.532,142.752,141.236,141.268
1537304400,141.268,141.452,140.476,141.102
1537390800,141.102,141.316,140.5,141.252
1537477200,141.252,141.408,140.838,141.18
1537736400,141.18,141.222,140.654,140.686
1537822800,140.686,140.716,140.24,140.614
1537909200,140.614,141.424,140.552,141.36
1537995600,141.36,141.764,140.914,141.32
1538082000,141.32,141.786,140.982,141.03
1538341200,141.03,141.03,140.378,140.534
1538427600,140.534,141.344,140.502,140.84
1538514000,140.84,141.122,138.73,138.76
1538600400,138.76,138.912,137.862,138.596
1538686800,138.596,138.658,137.396,137.772
1538946000,137.772,138.002,137.252,137.528
1539032400,137.528,138.368,137.084,138.242
1539118800,138.242,138.768,137.482,138.768
1539205200,138.768,139.544,138.292,139.104
1539291600,139.104,139.412,138.506,138.846
1539550800,138.846,139.202,138.744,138.916
1539637200,138.916,139.096,138.536,138.908
1539723600,138.908,139.31,138.148,138.178
1539810000,138.178,138.878,137.986,138.516
1539896400,138.516,138.702,138.008,138.32
1540155600,138.32,138.706,138.08,138.186
1540242000,138.186,139.67,138.138,138.57
1540328400,138.57,139.69,138.568,139.534
1540414800,139.534,139.658,138.87,139.306
1540501200,139.306,140.21,139.306,139.926
1540760400,139.926,140.282,139.214,139.712
1540846800,139.712,139.806,139.05,139.11
1540933200,139.11,139.14,138.46,138.678
1541019600,138.678,139.046,138.156,139
1541106000,139,139.124,137.394,137.582
1541368800,137.582,138.122,137.502,137.934
1541455200,137.934,138.054,137.456,137.518
1541541600,137.518,138.424,137.11,137.384
1541628000,137.384,137.958,137.314,137.376
1541714400,137.376,138.404,137.376,138.278
1541973600,138.278,138.944,138.134,138.818
1542060000,138.818,138.998,138.406,138.934
1542146400,138.934,139.6,138.396,139.052
1542232800,139.052,139.72,138.826,139.106
1542319200,139.106,140.006,138.976,140.006
1542578400,140.006,140.208,139.266,139.888
1542664800,139.888,140.51,139.854,140.036
1542751200,140.036,140.162,139.718,140.028
1542837600,140.028,140.26,139.93,140.022
1542924000,140.022,140.766,139.892,140.234
1543183200,140.234,140.34,139.804,140.146
1543269600,140.146,140.358,139.826,140.044
1543356000,140.044,140.258,139.692,139.848
1543442400,139.848,140.938,139.784,140.28
1543528800,140.28,141.058,140.28,141.058
1543788000,141.058,141.744,140.194,141.634
1543874400,141.634,143.732,141.602,143.072
1543960800,143.072,143.072,143.024,143.024
1544047200,143.024,144.536,142.908,143.404
1544133600,143.404,144.12,143.084,144.118
1544392800,144.118,144.696,143.91,144.128
1544479200,144.128,144.532,143.654,143.934
1544565600,143.934,143.996,143.236,143.362
1544652000,143.362,143.702,142.978,143.072
1544738400,143.072,143.822,143.04,143.378
1544997600,143.378,144.048,143.298,143.89
1545084000,143.89,144.7,143.858,144.7
1545170400,144.7,146.294,144.57,146.23
1545256800,146.23,146.618,144.968,145
1545343200,145,145.81,144.968,145.338
1545602400,145.338,146.384,145.164,146.338
1545775200,146.338,146.718,145.02,145.114
1545861600,145.114,146.456,145.082,145.608
1545948000,145.608,146.448,145.416,146.354
1546207200,146.354,146.866,145.802,146.458
1546380000,146.458,147.95,146.168,147.95
1546466400,147.95,149.322,147.474,149.102
1546552800,149.102,149.384,147.122,147.308
1546812000,147.308,148.042,146.658,146.722
1546898400,146.722,146.936,146.15,146.212
1546984800,146.212,146.398,145.862,146.362
1547071200,146.362,146.832,145.414,145.508
1547157600,145.508,146.568,145.508,146.222
1547416800,146.222,146.8,145.824,145.98
1547503200,145.98,146.352,145.63,145.786
1547589600,145.786,145.972,145.216,145.778
1547676000,145.778,146.214,145.27,145.49
1547762400,145.49,145.644,144.732,144.918
1548021600,144.918,145.09,144.84,145.054
1548108000,145.054,145.924,144.928,145.642
1548194400,145.642,145.73,144.822,145.508
1548280800,145.508,146.348,145.382,146.128
1548367200,146.128,146.222,145.308,145.37
1548626400,145.37,145.82,145.226,145.41
1548712800,145.41,146.062,145.344,145.968
1548799200,145.968,146.398,145.522,146.336
1548885600,146.336,147.362,146.272,147.174
1548972000,147.174,147.296,146.198,146.352
1549231200,146.352,146.4,145.316,145.516
1549317600,145.516,146.294,145.23,145.948
1549404000,145.948,146.57,145.848,146.034
1549490400,146.034,146.874,146.034,146.686
1549576800,146.686,147.244,146.654,147.116
1549836000,147.116,147.226,146.47,146.75
1549922400,146.75,146.812,146.088,146.196
1550008800,146.196,146.332,145.768,145.984
1550095200,145.984,147.106,145.888,146.822
1550181600,146.822,147.132,146.316,146.846
1550440800,146.846,146.846,146.606,146.638
1550527200,146.638,147.352,146.602,147.194
1550613600,147.194,147.33,146.562,146.872
1550700000,146.872,146.966,145.74,145.864
1550786400,145.864,146.954,145.864,146.64
1551045600,146.64,146.64,146.058,146.43
1551132000,146.43,147.018,146.3,146.942
1551218400,146.942,147.032,145.522,145.71
1551304800,145.71,146.116,144.95,145.232
1551391200,145.232,145.262,144.282,144.534
1551650400,144.534,145.174,144.238,145.048
1551736800,145.048,145.23,144.604,145.134
1551823200,145.134,145.852,145.13,145.504
1551909600,145.504,146.55,145.504,146.44
1551996000,146.44,146.906,146.122,146.59
1552251600,146.59,146.67,146.04,146.35
1552338000,146.35,147.224,145.782,147.034
1552424400,147.034,147.096,146.528,146.588
1552510800,146.588,146.708,145.986,146.172
1552597200,146.172,147.11,146.11,146.92
1552856400,146.92,146.934,146.462,146.71
1552942800,146.71,146.958,145.984,146.39
1553029200,146.39,147.764,146.358,147.67
1553115600,147.67,148.074,147.48,147.694
1553202000,147.694,149.728,147.694,149.414
1553461200,149.414,150.334,148.768,149.706
1553547600,149.706,149.856,148.948,149.542
1553634000,149.542,150.744,149.384,150.696
1553720400,150.696,151.228,150.314,150.438
1553806800,150.438,150.592,149.868,150.368
1554066000,150.368,150.368,148.528,148.654
1554152400,148.654,149.246,148.648,148.93
1554238800,148.93,149.022,147.872,147.918
1554325200,147.918,148.352,147.886,148.132
1554411600,148.132,148.612,147.562,148.532
1554670800,148.532,148.704,148.01,148.072
1554757200,148.072,148.788,148.006,148.378
1554843600,148.378,149.002,148.218,148.874
1554930000,148.874,148.874,148.114,148.334
1555016400,148.334,148.518,147.292,147.324
1555275600,147.324,147.588,147.134,147.398
1555362000,147.398,147.552,146.702,146.764
1555448400,146.764,146.978,146.382,146.662
1555534800,146.662,147.378,146.662,147.188
1555880400,147.188,147.23,146.534,146.628
1555966800,146.628,147,146.53,146.904
1556053200,146.904,147.806,146.84,147.806
1556139600,147.806,147.866,147.36,147.58
1556226000,147.58,148.17,147.324,148.012
1556485200,148.012,148.012,147.208,147.49
1556571600,147.49,147.952,147.108,147.92
1556658000,147.92,148.698,147.854,148.228
1556744400,148.228,148.228,147.188,147.438
1556830800,147.438,147.964,146.994,147.744
1557090000,147.744,149.044,147.744,148.098
1557176400,148.098,149.126,148.064,148.906
1557262800,148.906,149.466,148.336,148.43
1557349200,148.43,149.394,148.43,149.142
1557435600,149.142,149.45,148.666,148.728
1557694800,148.728,149.962,148.728,149.772
1557781200,149.772,149.898,149.298,149.546
1557867600,149.546,150.386,149.42,150.166
1557954000,150.166,150.538,149.596,149.814
1558040400,149.814,150.342,149.62,149.9
1558299600,149.9,150.194,149.504,149.536
1558386000,149.536,149.752,149.154,149.34
1558472400,149.34,150.116,149.276,150.084
1558558800,150.084,151.644,150.052,151.142
1558645200,151.142,151.45,151,151.416
1558904400,151.416,151.678,151.18,151.616
1558990800,151.616,152.39,151.392,152.264
1559077200,152.264,153.29,152.232,152.444
1559163600,152.444,153.454,152.176,153.39
1559250000,153.39,154.734,153.264,154.702
1559509200,154.702,155.784,154.532,155.468
1559595600,155.468,155.654,153.986,154.236
1559682000,154.236,154.892,153.82,153.852
1559768400,153.852,155.008,153.852,154.38
1559854800,154.38,155.63,154.158,155.236
1560114000,155.236,155.236,153.976,153.976
1560200400,153.976,154.346,153.532,154.252
1560286800,154.252,154.78,154.026,154.37
1560373200,154.37,155.024,154.276,154.834
1560459600,154.834,155.49,154.642,155.142
1560718800,155.142,155.374,154.622,155.12
1560805200,155.12,156.56,155.088,155.678
1560891600,155.678,156.174,154.89,156.018
1560978000,156.018,157.176,155.828,156.01
1561064400,156.01,156.574,155.188,155.36
1561323600,155.36,156.078,155.142,156.046
1561410000,156.046,156.636,155.886,156.572
1561496400,156.572,156.604,155.436,155.514
1561582800,155.514,156.37,155.15,156.12
1561669200,156.12,156.276,155.738,156.08
1561928400,156.08,156.188,155.214,155.716
1562014800,155.716,156.712,155.7,156.68
1562101200,156.68,157.366,156.68,157.144
1562187600,157.144,157.58,157.142,157.39
1562274000,157.39,157.466,154.968,155.626
1562533200,155.626,156.172,155.486,155.636
1562619600,155.636,155.886,155.256,155.41
1562706000,155.41,155.75,154.404,155.042
1562792400,155.042,155.59,153.454,153.672
1562878800,153.672,154.23,153.356,153.822
1563138000,153.822,154.618,153.524,154.524
1563224400,154.524,154.678,153.608,154.392
1563310800,154.392,155.512,154.232,155.512
1563397200,155.512,155.694,154.662,155.568
1563483600,155.568,155.63,154.936,155.044
1563742800,155.044,155.762,154.888,155.26
1563829200,155.26,155.348,154.438,154.47
1563915600,154.47,155.342,154.406,155.276
1564002000,155.276,155.962,154.112,154.518
1564088400,154.518,155.14,154.388,154.856
1564347600,154.856,155.308,154.81,154.93
1564434000,154.93,155.458,154.798,155.08
1564520400,155.08,156.264,154.95,156.044
1564606800,156.044,158.48,155.288,157.978
1564693200,157.978,159.322,157.696,159.162
1564952400,159.162,161.614,158.834,161.614
1565038800,161.614,162.302,160.328,162.046
1565125200,162.046,164.264,161.444,161.444
1565211600,161.444,162.1,160.044,161.78
1565298000,161.78,162.714,161.336,161.382
1565557200,161.382,163.912,161.382,163.536
1565643600,163.536,164.222,162.404,162.684
1565730000,162.684,165.466,162.684,165.274
1565816400,165.274,167.178,164.77,166.082
1565902800,166.082,166.424,164.512,165.198
1566162000,165.198,165.276,163.614,164.332
1566248400,164.332,165.64,164.332,165.42
1566334800,165.42,165.694,164.164,164.676
1566421200,164.676,165.44,163.936,164.154
1566507600,164.154,166.15,163.148,165.648
1566766800,165.648,167.632,165.22,165.438
1566853200,165.438,167.058,165.376,167.026
1566939600,167.026,167.71,166.518,166.518
1567026000,166.518,167.424,165.738,166.396
1567112400,166.396,166.678,165.418,166.388
1567371600,166.388,167.172,165.8,166.488
1567458000,166.488,167.674,165.48,166.824
1567544400,166.824,167.044,165.876,166.626
1567630800,166.626,166.69,164.106,164.858
1567717200,164.858,165.636,164.068,165.228
1567976400,165.228,165.366,163.19,163.284
1568062800,163.284,163.91,161.424,161.642
1568149200,161.642,162.14,161.198,161.508
1568235600,161.508,163.106,160.434,160.904
1568322000,160.904,161.06,158.352,158.492
1568581200,158.492,160.262,158.492,159.552
1568667600,159.552,160.628,159.426,160.39
1568754000,160.39,161.514,160.106,160.664
1568840400,160.664,161.728,160.286,160.97
1568926800,160.97,162.406,160.856,162.28
1569186000,162.28,163.262,161.256,162.004
1569272400,162.004,164.006,161.942,163.598
1569358800,163.598,164.034,161.862,161.862
1569445200,161.862,163.204,161.862,162.702
1569531600,162.702,163.102,162.194,162.912
1569790800,162.912,163.232,162.2,163.17
1569877200,163.17,164.01,161.298,163.506
1569963600,163.506,164.314,162.782,163.968
1570050000,163.968,165.626,163.874,165.12
1570136400,165.12,165.804,164.832,165.394
1570395600,165.394,165.846,164.71,164.866
1570482000,164.866,165.832,164.174,165.328
1570568400,165.328,165.39,164.066,164.19
1570654800,164.19,164.974,162.522,162.614
1570741200,162.614,163.206,160.632,161.288
1571000400,161.288,162.334,161.05,161.764
1571086800,161.764,162.294,160.252,160.44
1571173200,160.44,161.344,160.308,160.932
1571259600,160.932,161.274,159.862,160.8
1571346000,160.8,161.232,160.26,160.666
1571605200,160.666,160.992,159.67,159.732
1571691600,159.732,160.602,159.572,160.506
1571778000,160.506,161.16,160.404,160.53
1571864400,160.53,161.086,160.088,160.364
1571950800,160.364,160.83,159.636,159.886
1572210000,159.886,159.932,158.61,158.952
1572296400,158.952,159.356,158.636,158.976
1572382800,158.976,160.44,158.782,160.346
1572469200,160.346,162.062,160.062,161.81
1572555600,161.81,162.086,160.738,161.394
1572818400,161.394,161.394,159.648,160.022
1572904800,160.022,160.022,158.168,158.384
1572991200,158.384,159.504,158.322,159.002
1573077600,159.002,159.346,156.178,157.084
1573164000,157.084,157.55,156.39,156.512
1573423200,156.512,157.182,156.432,156.958
1573509600,156.958,157.514,156.328,156.652
1573596000,156.652,158.102,156.652,157.598
1573682400,157.598,159.236,157.534,158.812
1573768800,158.812,158.962,158.214,158.646
1574028000,158.646,159.344,158.126,158.934
1574114400,158.934,159.71,158.712,159.616
1574200800,159.616,160.8,159.616,160.42
1574287200,160.42,161.17,159.6,159.942
1574373600,159.942,160.532,159.626,160.06
1574632800,160.06,160.504,159.724,160.442
1574719200,160.442,160.968,160.002,160.746
1574805600,160.746,160.806,159.994,160.274
1574892000,160.274,160.522,159.922,160.016
1574978400,160.016,160.388,159.474,160.038
1575237600,160.038,160.038,158.1,158.66
1575324000,158.66,161.294,158.154,160.79
1575410400,160.79,161.258,159.354,159.65
1575496800,159.65,160.026,158.702,158.95
1575583200,158.95,159.526,158.034,158.47
1575842400,158.47,159.266,158.39,158.948
1575928800,158.948,159.384,158.44,158.658
1576015200,158.658,159.906,158.656,159.56
1576101600,159.56,159.806,156.978,157.604
1576188000,157.604,159.154,156.536,158.884
1576447200,158.884,158.884,157.51,157.98
1576533600,157.98,158.354,157.408,157.752
1576620000,157.752,158.032,156.584,156.864
1576706400,156.864,157.204,156.168,156.732
1576792800,156.732,157.07,156.318,156.912
1577052000,156.912,157.488,156.448,156.636
1577138400,156.636,157.258,156.284,157.162
1577311200,157.162,157.46,156.896,157.396
1577397600,157.396,157.734,157.172,157.45
1577656800,157.45,157.528,155.986,157.144
1577743200,157.144,157.144,156.07,156.162
1577916000,156.162,157.78,155.806,157.308
1578002400,157.308,158.962,157.276,158.93
1578261600,158.93,159.384,158.31,158.372
1578348000,158.372,158.682,157.956,158.05
1578434400,158.05,160.182,156.85,156.85
1578520800,156.85,157.596,156.5,157.406
1578607200,157.406,158.372,157.184,158.246
1578866400,158.246,158.26,157.44,157.814
1578952800,157.814,158.528,157.466,158.526
1579039200,158.526,159.242,158.4,159.114
1579125600,159.114,159.296,158.386,158.666
1579212000,158.666,158.666,157.406,158
1579471200,158,158.076,157.792,157.976
1579557600,157.976,159.222,157.944,159.032
1579644000,159.032,159.496,158.654,159.274
1579730400,159.274,160.428,159.274,160.112
1579816800,160.112,161.36,159.514,161.014
1580076000,161.014,162.65,161.014,162.43
1580162400,162.43,163.24,161.324,161.418
1580248800,161.418,163.072,161.26,162.976
1580335200,162.976,163.8,162.624,162.812
1580421600,162.812,164.37,162.528,164.182
1580680800,164.182,164.32,163,164
1580767200,164,164.312,162.208,162.518
1580853600,162.518,162.986,161.32,161.414
1580940000,161.414,161.908,160.848,161.782
1581026400,161.782,163.154,161.686,162.838
1581285600,162.838,163.596,162.536,163.032
1581372000,163.032,163.104,162.4915,162.554
1581458400,162.554,162.616,161.812,161.92
1581544800,161.92,163.104,161.92,162.13
1581631200,162.13,163.0945,162.13,162.748
1581890400,162.748,162.852,162.352,162.754
1581976800,162.754,163.78,162.754,163.308
1582063200,163.308,163.648,162.834,163.238
1582149600,163.238,164.482,162.892,164.292
1582236000,164.292,165.946,164.23,165.192
1582495200,165.192,167.546,165.192,167.044
1582581600,167.044,168.35,166.198,167.472
1582668000,167.472,168.501,166.732,167.808
1582754400,167.808,169.736,167.586,169.228
1582840800,169.228,172.0665,168.678,171.248
1583100000,171.248,173.491,170.587,170.587
1583186400,170.587,175.674,170.17,173.534
1583272800,173.534,174.662,171.714,171.886
1583359200,171.886,175.432,171.729,175.148
1583445600,175.148,181.808,174.926,179.477
1583701200,179.477,192.975,179.477,186.064
1583787600,186.064,187.59,178.914,179.7
1583874000,179.7,183.784,179.652,180.114
1583960400,180.114,185.374,177.902,181.092
1584046800,181.092,181.86,173.194,177.434
1584306000,177.434,183.714,177.434,182.462
1584392400,182.462,182.666,172.076,172.972
1584478800,172.972,175.668,168.122,171.264
1584565200,171.264,177.006,168.84,173.248
1584651600,173.248,173.704,172.856,173.704
1584910800,173.704,182.244,173.704,179.318
1584997200,179.318,180.128,177.612,178.63
1585083600,178.63,180.632,178.132,178.226
1585170000,178.226,180.576,178.09,178.168
1585256400,178.168,181.912,178.168,181.44
1585515600,181.44,183.418,179.804,179.93
1585602000,179.93,181.49,179.762,180.86
1585688400,180.86,183.69,180.608,183.362
1585774800,183.362,183.706,182.22,182.91
1585861200,182.91,183.842,182.302,182.992
1586120400,182.992,182.992,181.138,181.42
1586206800,181.42,181.45,178.71,180.53
1586293200,180.53,180.918,178.698,178.728
1586379600,178.728,179.978,178.35,179.282
1586725200,179.282,179.812,178.202,178.218
1586811600,178.218,179.168,178.166,178.536
1586898000,178.536,181.728,178.472,181.316
1586984400,181.316,182.406,180.81,181.714
1587070800,181.714,182.74,180.238,180.98
1587330000,180.98,181.824,180.729,181.824
1587416400,181.824,183.698,181.571,183.054
1587502800,183.054,183.722,181.24,181.658
1587589200,181.658,182.638,181.232,182.324
1587675600,182.324,182.962,181.908,182.518
1587934800,182.518,182.664,180.898,180.942
1588021200,180.942,182.8,180.724,182.422
1588107600,182.422,183.2,181.628,181.784
1588194000,181.784,182.716,180.864,181.24
1588280400,181.24,182.332,180.792,181.87
1588539600,181.87,182.363,180.884,181.319
1588626000,181.319,181.381,180.186,180.713
1588712400,180.713,180.743,178.542,179.448
1588798800,179.448,181.819,179.191,181.254
1588885200,181.254,182.218,180.02,180.066
1589144400,180.066,180.272,178.922,179.274
1589230800,179.274,180.698,179.01,180.414
1589317200,180.414,181.47,180.326,180.872
1589403600,180.872,182.46,180.808,181.94
1589490000,181.94,182.826,181.132,181.154
1589749200,181.154,181.476,178.444,178.834
1589835600,178.834,179.52,178.178,179.466
1589922000,179.466,180.23,178.886,179.836
1590008400,179.836,180.596,179.768,180.116
1590094800,180.116,181.434,180.092,180.426
1590354000,180.426,180.71,180.302,180.58
1590440400,180.58,180.734,179.096,179.208
1590526800,179.208,180.174,178.432,179.516
1590613200,179.516,179.807,178.571,179.074
1590699600,179.074,180.29,179.074,179.982
1590958800,179.982,180.586,178.794,179.405
1591045200,179.405,179.798,178.654,178.924
1591131600,178.924,179.089,176.806,177.482
1591218000,177.482,177.736,175.462,175.556
1591304400,175.556,176.122,172.581,174.303
1591563600,174.303,175.007,173.296,174.612
1591650000,174.612,176.588,174.61,175.93
1591736400,175.93,177.886,175.824,177.766
1591822800,177.766,179.99,177.734,179.556
1591909200,179.556,179.894,178.278,178.6
1592168400,178.6,179.967,178.35,178.398
1592254800,178.398,178.444,176.384,177.12
1592341200,177.12,177.902,176.757,177.523
1592427600,177.523,178.935,177.466,178.421
1592514000,178.421,179.047,177.506,178.854
1592773200,178.854,179.457,178.494,178.61
1592859600,178.61,179.372,177.916,178.24
1592946000,178.24,179.502,177.796,179.47
1593032400,179.47,180.026,179.202,179.296
1593118800,179.296,180.606,179.296,180.4
1593378000,180.4,180.76,180.086,180.556
1593464400,180.556,180.828,179.534,179.753
1593550800,179.753,179.782,178.766,179.58
1593637200,179.58,179.817,178.53,179.77
1593723600,179.77,180.122,179.624,179.866
1593982800,179.866,179.866,178.47,179.249
1594069200,179.249,180.556,178.996,180.398
1594155600,180.398,180.486,179.639,179.808
1594242000,179.808,181.721,179.752,181.341
1594328400,181.341,182.592,180.728,180.728
1594587600,180.728,181.31,180.088,181.278
1594674000,181.278,181.824,180.894,181.112
1594760400,181.112,181.254,180.174,180.728
1594846800,180.728,181.548,180.584,181.056
1594933200,181.056,181.598,180.652,180.788
1595192400,180.788,181.454,180.678,181.136
1595278800,181.136,181.594,180.844,181.324
1595365200,181.324,181.956,181.24,181.456
1595451600,181.456,182.282,181.456,182.196
1595538000,182.196,182.872,181.65,182.038
1595797200,182.038,182.562,181.276,181.29
1595883600,181.29,182.452,180.83,182.374
1595970000,182.374,182.474,181.764,182.248
1596056400,182.248,183.304,182.152,182.97
1596142800,182.97,183.672,182.472,183.182
1596402000,183.182,183.312,182.078,182.498
1596488400,182.498,183.754,182.354,183.62
1596574800,183.62,183.686,182.422,182.67
1596661200,182.67,183.914,182.448,182.968
1596747600,182.968,183.56,182.108,182.2305
1597006800,182.23,182.658,181.744,181.806
1597093200,181.806,181.992,179.658,180.222
1597179600,180.222,180.596,178.894,179.266
1597266000,179.266,180.264,178.092,178.34
1597352400,178.34,179.054,178.272,178.356
1597611600,178.356,179.284,178.26,178.748
1597698000,178.748,179.55,178.746,179.296
1597784400,179.296,179.948,178.53,178.78
1597870800,178.78,180.02,178.78,179.64
1597957200,179.64,180.382,179.388,180.268
1598216400,180.268,180.522,179.61,179.64
1598302800,179.64,179.702,178.032,178.842
1598389200,178.842,178.872,177.766,178.45
1598475600,178.45,179.474,176.508,176.556
1598562000,176.556,177.252,175.516,176.899
1598821200,176.899,177.765,176.128,177.321
1598907600,177.321,178.442,176.585,178.346
1598994000,178.346,179.28,177.8,179.182
1599080400,179.182,180.48,178.731,179.354
1599166800,179.354,179.7,177.172,177.283
1599426000,177.283,177.522,176.992,177.092
1599512400,177.092,178.797,177.071,178.16
1599598800,178.16,178.806,177.355,177.543
1599685200,177.543,178.253,176.804,178.157
1599771600,178.157,178.46,177.624,178.455
1600030800,178.455,178.786,178.062,178.276
1600117200,178.276,178.492,177.823,178.132
1600203600,178.132,178.846,177.58,177.767
1600290000,177.767,179.112,177.767,177.971
1600376400,177.971,178.528,177.576,177.638
1600635600,177.638,178.914,177.638,178.216
1600722000,178.216,178.397,177.824,178.072
1600808400,178.072,178.554,177.523,178.118
1600894800,178.118,178.544,177.958,178.384
1600981200,178.384,178.844,178.16,178.682
1601240400,178.682,178.682,178.1,178.472
1601326800,178.472,178.836,178.308,178.517
1601413200,178.517,178.73,176.896,177.648
1601499600,177.648,177.979,176.692,177.694
1601586000,177.694,178.412,176.988,177.109
1601845200,177.109,177.136,175.042,175.074
1601931600,175.074,176.442,174.684,176.142
1602018000,176.142,176.314,174.63,174.881
1602104400,174.881,175.592,174.877,174.958
1602190800,174.958,175.642,174.598,175.319
1602450000,175.319,175.691,175.246,175.614
1602536400,175.614,176.446,175.45,176.382
1602622800,176.382,176.888,176.222,176.46
1602709200,176.46,177.486,176.19,176.284
1602795600,176.284,176.715,175.676,175.984
1603054800,175.984,175.984,175.056,175.366
1603141200,175.366,175.548,174.47,174.814
1603227600,174.814,174.814,173.614,173.948
1603314000,173.948,174.488,172.832,173.05
1603400400,173.05,173.822,172.726,173.632
1603659600,173.632,174.904,173.632,174.492
1603746000,174.492,175.354,174.358,175.322
1603832400,175.322,175.876,174.898,175.21
1603918800,175.21,175.356,173.578,174.156
1604005200,174.156,174.528,172.916,172.978
1604268000,172.978,174.06,172.826,173.648
1604354400,173.648,173.678,172.248,172.28
1604440800,172.28,175.896,171.054,175.372
1604527200,175.372,176.652,174.73,175.512
1604613600,175.512,175.792,173.678,174.05
1604872800,174.05,174.51,170.614,171.708
1604959200,171.708,172.142,170.656,170.938
1605045600,170.938,171.518,170.21,171.204
1605132000,171.204,173.132,171.17,173.006
1605218400,173.006,173.502,172.676,172.8
1605477600,172.8,173.292,171.91,172.436
1605564000,172.436,173.492,172.212,173.486
1605650400,173.486,174.074,172.75,173.406
1605736800,173.406,174.486,173.342,174.422
1605823200,174.422,174.83,174.034,174.72
1606082400,174.72,174.758,173.762,174.072
1606168800,174.072,174.072,173.118,173.428
1606255200,173.428,174.106,172.986,173.318
1606341600,173.318,174.008,173.318,173.852
1606428000,173.852,174.403,173.638,174.388
1606687200,174.388,174.682,173.936,174.342
1606773600,174.342,174.5,171.888,172.17
1606860000,172.17,172.574,171.054,171.785
1606946400,171.785,172.678,171.554,172.492
1607032800,172.492,172.806,170.534,170.972
1607292000,170.972,172.078,170.61,172.016
1607378400,172.016,172.877,171.676,172.396
1607464800,172.396,172.396,171.372,171.934
1607551200,171.934,173.03,171.934,172.968
1607637600,172.968,173.688,172.75,173.066
1607896800,173.066,173.27,171.96,173.114
1607983200,173.114,173.396,172.31,172.654
1608069600,172.654,172.842,171.598,172.44
1608156000,172.44,173.13,171.728,171.98
1608242400,171.98,172.51,171.548,171.642
1608501600,171.642,173.214,171.642,172.064
1608588000,172.064,172.6,171.94,172.506
1608674400,172.506,172.912,171.014,171.888
1608760800,171.888,172.392,171.578,172.36
1609106400,172.36,172.446,171.4,172.416
1609192800,172.416,172.416,171.67,172.094
1609279200,172.094,172.458,171.582,172.426
1609365600,172.426,172.774,172.088,172.526
1609711200,172.526,172.89,171.706,172.548
1609797600,172.548,172.58,171.274,171.526
1609884000,171.526,171.868,169.004,169.38
1609970400,169.38,169.568,168.262,168.576
1610056800,168.576,168.984,167.77,168.05
1610316000,168.05,168.596,167.63,167.662
1610402400,167.662,167.98,166.98,167.948
1610488800,167.948,169.324,167.89,169.014
1610575200,169.014,169.234,167.678,167.866
1610661600,167.866,168.79,167.834,168.744
1610920800,168.744,168.882,168.354,168.604
1611007200,168.604,168.766,167.982,168.657
1611093600,168.657,169.022,168.302,168.866
1611180000,168.866,169.024,167.872,168.092
1611266400,168.092,168.844,167.889,168.658
1611525600,168.658,169.892,168.266,169.798
1611612000,169.798,169.956,169.334,169.71
1611698400,169.71,170.494,169.338,170.152
1611784800,170.152,170.592,168.878,169.44
1611871200,169.44,169.63,168.134,168.931
1612130400,168.931,169.086,168.43,168.588
1612216800,168.588,168.746,167.812,168.282
1612303200,168.282,168.282,167.32,167.352
1612389600,167.352,167.542,166.826,167.17
1612476000,167.17,167.454,166.144,166.582
1612735200,166.582,167.128,165.878,166.662
1612821600,166.662,167.384,166.662,166.854
1612908000,166.854,167.546,166.42,167.546
1612994400,167.546,167.798,166.834,166.866
1613080800,166.866,167.242,165.684,165.716
1613340000,165.716,165.716,164.48,165.029
1613426400,165.029,165.484,163.74,163.74
1613512800,163.74,164.868,163.366,164.806
1613599200,164.806,165.058,163.624,164.126
1613685600,164.126,164.502,162.662,163.07
1613944800,163.07,163.272,161.926,162.274
1614031200,162.274,162.65,161.56,162.436
1614117600,162.436,162.778,160.346,161.53
1614204000,161.53,161.622,157.61,159.626
1614290400,159.626,162.451,158.806,161.616
1614549600,161.616,162.142,160.211,160.808
1614636000,160.808,161.341,160.076,161.237
1614722400,161.237,161.237,159.148,159.43
1614808800,159.43,160.243,158.032,158.094
1614895200,158.094,158.778,157.11,158.177
1615154400,158.177,158.334,157.488,157.968
1615240800,157.968,159.395,157.889,159.296
1615327200,159.296,159.568,158.502,159.316
1615413600,159.316,160.066,158.582,158.737
1615500000,158.737,158.924,156.556,156.93
1615755600,156.93,157.56,156.526,157.4
1615842000,157.4,157.738,156.823,157.104
1615928400,157.104,157.23,155.647,156.307
1616014800,156.307,156.604,154.285,155.476
1616101200,155.476,156.384,154.902,155.371
1616360400,155.371,156.476,155.362,155.997
1616446800,155.997,157.59,155.9,157.496
1616533200,157.496,158.152,156.92,157.83
1616619600,157.83,158.262,157.254,157.284
1616706000,157.284,157.597,156.301,156.612
1616965200,156.612,157.402,155.666,156.042
1617051600,156.042,156.314,154.874,156.314
1617138000,156.314,156.368,155.422,155.704
1617224400,155.704,157.33,155.578,157.296
1617310800,157.296,157.698,156.44,156.658
1617570000,156.658,157.072,156.092,156.748
1617656400,156.748,157.492,156.458,157.302
1617742800,157.302,157.924,156.786,156.818
1617829200,156.818,157.954,156.818,157.906
1617915600,157.906,157.998,156.894,157.424
1618174800,157.424,157.772,156.95,157.262
1618261200,157.262,158.1,156.598,158.1
1618347600,158.1,158.222,157.462,157.742
1618434000,157.742,159.836,157.552,158.704
1618520400,158.704,159.246,158.256,158.63
1618779600,158.63,159.166,157.97,158.092
1618866000,158.092,159.024,157.584,158.928
1618952400,158.928,159.076,158.51,158.978
1619038800,158.978,159.636,158.53,159.5
1619125200,159.5,159.618,158.644,159.176
1619384400,159.176,159.332,158.422,159.14
1619470800,159.14,159.14,157.936,158.062
1619557200,158.062,158.364,157.522,158.27
1619643600,158.27,158.27,156.818,157.85
1619730000,157.85,158.06,157.44,157.964
1619989200,157.964,158.872,157.244,158.336
1620075600,158.336,159.3,157.922,158.482
1620162000,158.482,159.004,157.816,158.986
1620248400,158.986,159.246,158.462,158.96
1620334800,158.96,161.022,158.354,158.508
1620594000,158.508,158.854,157.832,157.94
1620680400,157.94,158.284,157.242,157.428
1620766800,157.428,157.75,155.974,156.13
1620853200,156.13,156.842,155.874,156.684
1620939600,156.684,157.456,156.524,157.424
1621198800,157.424,157.834,156.92,156.95
1621285200,156.95,157.382,156.754,157.158
1621371600,157.158,157.62,156.176,156.646
1621458000,156.646,157.544,156.518,157.48
1621544400,157.48,157.848,157.286,157.782
1621803600,157.782,158.312,157.626,158.122
1621890000,158.122,159.05,157.962,158.956
1621976400,158.956,159.322,158.617,158.711
1622062800,158.711,158.863,157.749,158.095
1622149200,158.095,158.681,157.803,158.11
1622408400,158.11,158.176,157.691,158.128
1622494800,158.128,158.128,157.26,158.014
1622581200,158.014,158.409,157.759,158.378
1622667600,158.378,158.471,157.606,157.793
1622754000,157.793,159.294,157.561,159.199
1623013200,159.199,159.292,158.682,158.866
1623099600,158.866,160.024,158.866,159.545
1623186000,159.545,160.844,159.512,160.413
1623272400,160.413,161.439,159.644,161.439
1623358800,161.439,161.561,160.763,161.075
1623618000,161.075,161.075,160.081,160.269
1623704400,160.269,160.577,159.878,160.221
1623790800,160.221,160.524,158.912,159.289
1623877200,159.289,162.337,159.035,161.324
1623963600,161.324,162.89,160.967,162.791
1624222800,162.791,164.614,161.164,161.29
1624309200,161.29,161.864,160.742,161.652
1624395600,161.652,161.714,160.913,161.226
1624482000,161.226,161.527,160.826,161.273
1624568400,161.273,161.578,159.966,160.436
1624827600,160.436,161.62,160.211,161.492
1624914000,161.492,161.6,160.85,161.6
1625000400,161.6,162.314,161.374,161.584
1625086800,161.584,161.952,161.292,161.915
1625173200,161.915,162.566,161.75,162.403
1625432400,162.403,162.43,162.058,162.104
1625518800,162.104,163.947,161.89,163.832
1625605200,163.832,165.096,163.496,164.62
1625691600,164.62,166.184,164.554,164.98
1625778000,164.98,164.98,163.642,163.688
1626037200,163.688,164.386,163.466,163.528
1626123600,163.528,164.304,162.35,162.536
1626210000,162.536,164,162.376,164
1626296400,164,165.116,163.934,164.99
1626382800,164.99,165.067,164.195,165.052
1626642000,165.052,167.408,164.907,167.062
1626728400,167.062,168.182,166.132,166.164
1626814800,166.164,166.786,164.388,164.858
1626901200,164.858,166.008,164.312,165.186
1626987600,165.186,165.374,164.452,165.17
1627246800,165.17,166.324,164.68,164.712
1627333200,164.712,166.02,164.71,165.794
1627419600,165.794,166.008,164.994,165.84
1627506000,165.84,165.87,164.73,164.976
1627592400,164.976,165.874,164.976,165.838
1627851600,165.838,167.3,165.264,166.856
1627938000,166.856,167.252,166.376,166.902
1628024400,166.902,167.8,166.198,167.01
1628110800,167.01,167.346,166.302,166.334
1628197200,166.334,166.428,164.59,164.716
1628456400,164.716,165.268,164.132,164.226
1628542800,164.226,164.56,163.614,163.646
1628629200,163.646,164.478,163.228,163.786
1628715600,163.786,164.092,163.238,163.784
1628802000,163.784,165.446,163.672,165.446
1629061200,165.446,166.436,165.246,165.568
1629147600,165.568,166.55,165.322,165.63
1629234000,165.63,165.928,165.114,165.864
1629320400,165.864,166.734,165.706,166.318
1629406800,166.318,166.718,166.116,166.364
1629666000,166.364,166.376,165.726,166.25
1629752400,166.25,166.25,165.294,165.294
1629838800,165.294,165.6,164.214,164.43
1629925200,164.43,164.612,163.762,164.314
1630011600,164.314,165.246,164.27,165.04
1630270800,165.04,165.606,164.821,165.479
1630357200,165.479,165.751,164.611,164.861
1630443600,164.861,165.482,164.413,165.286
1630530000,165.286,165.497,165.021,165.427
1630616400,165.427,165.859,164.403,164.651
1630875600,164.651,164.651,164.322,164.413
1630962000,164.413,164.472,163.387,163.572
1631048400,163.572,164.505,163.534,164.218
1631134800,164.218,165.593,164.144,165.275
1631221200,165.275,165.336,164.188,164.405
1631480400,164.405,164.974,164.269,164.733
1631566800,164.733,166.362,164.248,165.789
1631653200,165.789,166.441,165.175,165.582
1631739600,165.582,165.705,164.623,164.965
1631826000,164.965,165.211,163.88,164.349
1632085200,164.349,165.751,164.186,165.37
1632171600,165.37,165.59,164.731,165.29
1632258000,165.29,166.03,164.932,165.998
1632344400,165.998,166.028,163.142,163.268
1632430800,163.268,163.7,162.37,162.494
1632690000,162.494,162.706,161.252,161.971
1632776400,161.971,162.22,160.13,160.504
1632862800,160.504,161.469,160.091,160.928
1632949200,160.928,161.448,160.192,161.354
1633035600,161.354,161.794,160.904,161.794
1633294800,161.794,161.962,160.786,161.444
1633381200,161.444,161.66,160.266,160.45
1633467600,160.45,161.036,159.466,160.685
1633554000,160.685,160.992,159.566,159.646
1633640400,159.646,159.87,158.734,158.856
1633899600,158.856,158.885,158.248,158.698
1633986000,158.698,160.082,158.554,159.798
1634072400,159.798,161.077,159.602,161.01
1634158800,161.01,161.468,160.31,161.402
1634245200,161.402,161.402,160.254,160.614
1634504400,160.614,160.769,159.75,160.296
1634590800,160.296,160.824,159.116,159.272
1634677200,159.272,159.482,158.596,158.69
1634763600,158.69,159.154,158.208,158.25
1634850000,158.25,159.73,158.25,159.632
1635109200,159.632,159.744,158.708,159.488
1635195600,159.488,160.132,159.192,160.1
1635282000,160.1,162.064,159.658,161.624
1635368400,161.624,162.146,161.01,161.104
1635454800,161.104,162.094,160.34,161.81
1635714000,161.81,161.832,160.68,161.444
1635800400,161.444,161.998,161.152,161.522
1635886800,161.522,162.236,160.39,160.5
1635973200,160.5,162.276,160.398,161.834
1636059600,161.834,163.89,161.454,163.544
1636322400,163.544,163.544,162.868,163.054
1636408800,163.054,164.734,162.99,164.418
1636495200,164.418,164.418,161.954,162.862
1636581600,162.862,163.048,162.344,162.468
1636668000,162.468,162.896,161.858,162.358
1636927200,162.358,162.694,160.646,161.022
1637013600,161.022,161.322,160.314,160.472
1637100000,160.472,161.52,160.178,161.332
1637186400,161.332,161.696,160.976,161.504
1637272800,161.504,162.684,161.058,162.256
1637532000,162.256,162.354,160.622,160.936
1637618400,160.936,160.998,159.446,159.79
1637704800,159.79,160.746,159.402,160.652
1637791200,160.652,160.734,160.33,160.638
1637877600,160.638,163.472,160.638,163.362
1638136800,163.362,163.362,161.794,162.777
1638223200,162.777,164.314,162.395,163.93
1638309600,163.93,164.956,162.952,164.829
1638396000,164.829,165.038,163.898,164.242
1638482400,164.242,166.313,163.788,166.153
1638741600,166.153,166.153,164.173,164.267
1638828000,164.267,164.539,163.538,163.744
1638914400,163.744,164.619,162.21,162.368
1639000800,162.368,163.304,162.176,162.824
1639087200,162.824,163.79,162.563,163.06
1639346400,163.06,164.401,162.643,164.302
1639432800,164.302,164.37,163.2,163.811
1639519200,163.811,164.152,162.974,163.351
1639605600,163.351,164.034,162.772,163.839
1639692000,163.839,164.616,163.562,164.264
1639951200,164.264,165.2,163.391,163.485
1640037600,163.485,163.698,161.987,162.837
1640124000,162.837,163.109,162.417,163.04
1640210400,163.04,163.101,161.86,162.076
1640556000,162.076,162.358,161.98,162.228
1640642400,162.228,162.814,161.834,162.116
1640728800,162.116,162.334,160.46,160.585
1640815200,160.585,161.514,160.542,161.356
1640901600,161.356,161.972,161.065,161.37
1641160800,161.37,161.492,158.83,159.082
1641247200,159.082,159.364,157.713,158.34
1641333600,158.34,158.586,157.412,157.472
1641420000,157.472,157.878,156.738,157.424
1641506400,157.424,157.61,155.868,156.462
1641765600,156.462,157.011,155.792,156.822
1641852000,156.822,157.246,156.479,157.214
1641938400,157.214,157.66,156.788,156.945
1642024800,156.945,158,156.702,157.716
1642111200,157.716,157.74,156.094,156.157
1642370400,156.157,156.157,155.206,155.496
1642456800,155.496,155.972,154.55,154.706
1642543200,154.706,155.604,154.227,154.846
1642629600,154.846,155.962,154.594,155.931
1642716000,155.931,157.24,155.804,156.669
1642975200,156.669,157.536,156.148,156.272
1643061600,156.272,157.204,155.794,156.366
1643148000,156.366,156.476,154.826,155.076
1643234400,155.076,156.728,155.076,156.38
1643320800,156.38,156.836,155.364,156.71
1643580000,156.71,156.794,155.816,156.408
1643666400,156.408,157.12,155.61,156.266
1643752800,156.266,157.318,155.878,156.562
1643839200,156.562,156.97,155.044,155.54
1643925600,155.54,156.158,153.832,154.268
1644184800,154.268,154.672,153.784,154.156
1644271200,154.156,154.28,153.14,153.386
1644357600,153.386,154.424,153.292,153.636
1644444000,153.636,153.994,151.786,152.192
1644530400,152.192,153.84,151.458,153.526
1644789600,153.526,154.048,151.722,152.472
1644876000,152.472,152.784,151.14,151.296
1644962400,151.296,152.038,150.936,151.53
1645048800,151.53,153.054,151.436,152.674
1645135200,152.674,153.818,152.17,153.568
1645394400,153.568,154.088,153.026,153.834
1645480800,153.834,154.922,153.068,153.564
1645567200,153.564,153.812,152.518,152.702
1645653600,152.702,155.232,152.656,152.872
1645740000,152.872,153.498,151.92,153.008
1645999200,153.008,155.864,153.008,155.616
1646085600,155.616,158.258,154.936,157.486
1646172000,157.486,157.74,154.246,154.804
1646258400,154.804,155.744,154.534,155.56
1646344800,155.56,158.388,155.282,157.678
1646604000,157.678,159.006,156.628,157.53
1646690400,157.53,158.028,155.588,156.148
1646776800,156.148,156.368,153.992,153.992
1646863200,153.992,154.834,153.164,153.942
1646949600,153.942,154.44,153.298,153.969
1647205200,153.969,154.056,151.168,151.324
1647291600,151.324,152.2,150.706,151.118
1647378000,151.118,151.276,149.702,150.604
1647464400,150.604,152.114,149.87,150.554
1647550800,150.554,151.678,150.276,151.186
1647810000,151.186,151.21,148.304,148.926
1647896400,148.926,148.99,147.104,147.294
1647982800,147.294,149.182,146.612,148.98
1648069200,148.98,148.98,147.188,147.69
1648155600,147.69,148.44,145.588,146.428
1648414800,146.428,147.64,145.338,146.96
1648501200,146.96,148.304,145.85,148.026
1648587600,148.026,149.024,147.228,148.536
1648674000,148.536,149.416,148.32,149.044
1648760400,149.044,149.086,146.972,148.59
1649019600,148.59,148.746,147.474,148.222
1649106000,148.222,148.41,145.358,145.748
1649192400,145.748,145.78,143.86,144.642
1649278800,144.642,145.268,143.004,143.38
1649365200,143.38,143.972,141.992,142.522
1649624400,142.522,142.522,141.062,141.22
1649710800,141.22,142.44,140.414,141.666
1649797200,141.666,142.808,140.552,142.19
1649883600,142.19,142.894,139.976,140.258
1650229200,140.258,140.362,139.322,139.588
1650315600,139.588,139.84,138.29,138.418
1650402000,138.418,140.698,137.766,140.48
1650488400,140.48,140.559,138.592,139.404
1650574800,139.404,140.282,138.658,139.508
1650834000,139.508,141.716,139.235,140.972
1650920400,140.972,142.645,140.354,142.508
1651006800,142.508,142.634,140.682,140.746
1651093200,140.746,141.342,139.788,141.13
1651179600,141.13,141.27,139.274,139.274
1651438800,139.274,139.894,138.342,138.81
1651525200,138.81,140.186,138.502,139.224
1651611600,139.224,140.014,138.392,139.142
1651698000,139.142,139.55,136.07,137.254
1651784400,137.254,137.41,135.49,135.864
1652043600,135.864,137.266,134.49,137.174
1652130000,137.174,138.988,136.68,138.026
1652216400,138.026,139.406,136.786,139.032
1652302800,139.032,140.658,139.002,140.134
1652389200,140.134,140.134,138.462,138.836
1652648400,138.836,139.988,138.394,139.306
1652734800,139.306,139.432,137.79,137.978
1652821200,137.978,140.138,137.548,139.858
1652907600,139.858,141.674,139.378,140.462
1652994000,140.462,141.656,139.844,141.408
1653253200,141.408,141.408,139.726,140.07
1653339600,140.07,142.198,139.884,141.67
1653426000,141.67,142.364,141.18,141.526
1653512400,141.526,142.248,140.662,141.512
1653598800,141.512,142.354,141.26,141.694
1653858000,141.694,141.744,140.486,140.766
1653944400,140.766,140.922,139.318,140.164
1654030800,140.164,140.63,138.84,139.498
1654117200,139.498,139.966,138.772,139.43
1654203600,139.43,139.524,138.044,139.048
1654462800,139.048,139.066,137.054,137.148
1654549200,137.148,138.742,136.864,138.366
1654635600,138.366,138.366,137.294,137.544
1654722000,137.544,137.918,136.788,137.602
1654808400,137.602,138.852,135.714,136.308
1655067600,136.308,136.39,132.134,133.216
1655154000,133.216,134.658,131.612,131.924
1655240400,131.924,134.398,131.768,134.272
1655326800,134.272,135.898,131.572,135.616
1655413200,135.616,135.768,133.996,135.392
1655672400,135.392,135.504,134.434,134.606
1655758800,134.606,134.744,133.77,134.46
1655845200,134.46,136.824,134.208,136.43
1655931600,136.43,138.402,136.27,137.302
1656018000,137.302,138.022,136.294,136.45
1656277200,136.45,136.658,135.274,135.618
1656363600,135.618,136.176,134.736,136.114
1656450000,136.114,137.426,135.876,137.3
1656536400,137.3,139.144,137.048,138.392
1656622800,138.392,141.836,138.298,140.048
1656882000,140.048,140.302,139.342,139.436
1656968400,139.436,141.954,138.65,141.624
1657054800,141.624,142.624,139.832,139.94
1657141200,139.94,140.426,138.666,138.886
1657227600,138.886,139.322,137.25,137.438
1657486800,137.438,139.334,137.174,139.082
1657573200,139.082,140.8,139.018,139.42
1657659600,139.42,140.826,137.976,140.104
1657746000,140.104,140.618,138.94,139.88
1657832400,139.88,141.034,139.75,140.562
1658091600,140.562,140.8,138.73,139.166
1658178000,139.166,139.634,138.41,138.816
1658264400,138.816,140.128,138.66,138.968
1658350800,138.968,141.202,138.056,141.154
1658437200,141.154,143.344,140.808,143.014
1658696400,143.014,143.014,141.322,142.072
1658782800,142.072,143.68,141.976,142.096
1658869200,142.096,143.36,141.81,142.154
1658955600,142.154,144.154,141.556,143.494
1659042000,143.494,144.68,142.646,143.958
1659301200,143.958,145.304,143.192,145.256
1659387600,145.256,146.272,142.574,142.996
1659474000,142.996,143.93,141.472,143.804
1659560400,143.804,144.52,143.206,143.798
1659646800,143.798,144.094,140.882,141.568
1659906000,141.568,143.148,141.274,142.836
1659992400,142.836,143.084,142.048,142.876
1660078800,142.876,144.266,141.948,142.292
1660165200,142.292,143.086,139.97,140.094
1660251600,140.094,141.09,139.748,141.058
1660510800,141.058,142.294,140.638,141.73
1660597200,141.73,142.04,140.286,141.692
1660683600,141.692,141.692,140.092,140.342
1660770000,140.342,141.338,140.182,140.602
1660856400,140.602,140.742,138.422,138.796
1661115600,138.796,139.282,137.952,138.372
1661202000,138.372,138.824,137.274,137.663
1661288400,137.663,138.02,136.298,136.61
1661374800,136.61,138.044,136.168,137.824
1661461200,137.824,138.382,136.974,137.818
1661720400,137.818,137.818,136.379,136.822
1661806800,136.822,137.604,136.22,136.91
1661893200,136.91,137.096,135.648,135.678
1661979600,135.678,135.772,133.774,134.354
1662066000,134.354,135.418,133.722,135.228
1662325200,135.228,135.56,134.208,134.676
1662411600,134.676,135.02,132.786,132.85
1662498000,132.85,134.508,132.66,134.194
1662584400,134.194,135.132,133.324,133.434
1662670800,133.434,134.512,133.272,133.586
1662930000,133.586,134.386,132.658,132.908
1663016400,132.908,133.878,131.728,132.682
1663102800,132.682,133.056,131.706,132.678
1663189200,132.678,132.85,131.856,132.074
1663275600,132.074,132.326,130.958,131.692
1663534800,131.692,131.864,130.704,131.424
1663621200,131.424,131.642,129.694,130.508
1663707600,130.508,131.46,129.798,131.1
1663794000,131.1,131.504,128.522,128.678
1663880400,128.678,129.864,127.404,129.424
1664139600,129.424,129.46,126.24,126.302
1664226000,126.302,127.71,124.886,125.482
1664312400,125.482,128.33,124.396,127.702
1664398800,127.702,127.996,126.164,127.022
1664485200,127.022,128.478,126.468,126.532
1664744400,126.532,129.778,126.532,128.93
1664830800,128.93,129.804,128.548,128.892
1664917200,128.892,129.126,126.788,127.288
1665003600,127.288,127.706,126.296,126.654
1665090000,126.654,126.842,125.49,125.99
1665349200,125.99,126.196,124.078,124.72
1665435600,124.72,125.876,124.122,124.746
1665522000,124.746,125.712,124.256,125.556
1665608400,125.556,126.242,123.232,125.018
1665694800,125.018,126.33,123.82,123.852
1665954000,123.852,125.216,123.554,123.68
1666040400,123.68,124.288,122.734,123.674
1666126800,123.674,123.798,122.07,122.102
1666213200,122.102,122.536,120.498,120.702
1666299600,120.702,120.78,118.52,119.334
1666558800,119.334,120.354,117.91,118.534
1666645200,118.534,120.974,118.472,120.44
1666731600,120.44,122.018,120.346,121.97
1666818000,121.97,123.062,120.964,122.748
1666904400,122.748,122.888,121.21,121.364
1667163600,121.364,121.51,120.346,121.27
1667250000,121.27,123.13,121.082,121.562
1667336400,121.562,122.216,120.398,120.586
1667422800,120.586,120.706,118.954,120.236
1667509200,120.236,120.514,119.074,119.668
1667772000,119.668,120.218,118.556,118.712
1667858400,118.712,120.226,118.334,120.084
1667944800,120.084,120.956,119.424,120.548
1668031200,120.548,124.52,120.17,124.268
1668117600,124.268,124.362,123.296,123.778
1668376800,123.778,124.09,123.078,123.996
1668463200,123.996,125.368,123.682,125.086
1668549600,125.086,126.866,124.27,126.678
1668636000,126.678,127.004,125.39,126.14
1668722400,126.14,126.514,125.464,125.54
1668981600,125.54,126.574,125.386,125.57
1669068000,125.57,126.99,125.492,126.832
1669154400,126.832,127.992,126.484,127.836
1669240800,127.836,128.71,127.772,128.334
1669327200,128.334,128.49,127.268,127.768
1669586400,127.768,128.826,127.448,127.932
1669672800,127.932,128.416,126.662,126.85
1669759200,126.85,128.602,126.284,128.414
1669845600,128.414,130.102,128.068,130.04
1669932000,130.04,130.522,128.488,130.35
1670191200,130.35,130.35,128.62,129.466
1670277600,129.466,130.716,128.994,130.34
1670364000,130.34,132.248,129.994,131.902
1670450400,131.902,131.902,130.994,131.462
1670536800,131.462,131.962,129.738,129.926
1670796000,129.926,131.202,129.574,129.856
1670882400,129.856,132.64,129.73,131.356
1670968800,131.356,131.934,130.57,131.54
1671055200,131.54,132.712,131.038,132.306
1671141600,132.306,132.306,130.504,131.286
1671400800,131.286,131.286,129.526,129.9
1671487200,129.9,129.932,127.834,128.302
1671573600,128.302,129.144,127.832,128.58
1671660000,128.58,129.08,128.234,128.484
1671746400,128.484,128.484,127.324,127.606
1672092000,127.606,127.66,125.498,125.686
1672178400,125.686,126.138,124.934,125.058
1672264800,125.058,125.964,124.838,125.838
1672351200,125.838,125.838,124.552,124.912
1672696800,124.912,127.36,124.912,126.952
1672783200,126.952,128.328,126.732,127.811
1672869600,127.811,128.012,126.636,127.668
1672956000,127.668,129.668,127.04,129.496
1673215200,129.496,130.177,128.66,129.816
1673301600,129.816,130.036,128.126,128.406
1673388000,128.406,129.686,128.312,129.374
1673474400,129.374,131.154,128.136,130.748
1673560800,130.748,131.31,130.026,130.182
1673820000,130.182,130.302,129.488,129.58
1673906400,129.58,130.36,128.938,129.688
1673992800,129.688,132.424,129.578,132.266
1674079200,132.266,133.142,131.45,131.92
1674165600,131.92,131.95,130.244,130.728
1674424800,130.728,130.91,129.72,130.158
1674511200,130.158,131.25,129.656,131.218
1674597600,131.218,131.78,130.654,131.31
1674684000,131.31,131.372,130.15,130.462
1674770400,130.462,130.556,129.46,130.492
1675029600,130.492,130.61,129.516,129.952
1675116000,129.952,130.732,129.606,130.294
1675202400,130.294,131.964,130.104,131.542
1675288800,131.542,132.792,131.384,131.946
1675375200,131.946,132.384,129.724,130.27
1675634400,130.27,130.27,128.904,129.09
1675720800,129.09,129.464,128.274,128.4
1675807200,128.4,128.992,127.992,128.992
1675893600,128.992,129.49,127.864,128.176
1675980000,128.176,128.176,126.892,127.048
1676239200,127.048,127.728,126.792,127.698
1676325600,127.698,128.9,126.538,127.35
1676412000,127.35,127.662,126.114,126.348
1676498400,126.348,126.706,125.282,125.344
1676584800,125.344,126.062,124.53,125.968
1676844000,125.968,125.994,125.556,125.68
1676930400,125.68,125.772,124.114,124.206
1677016800,124.206,125.002,123.986,124.674
1677103200,124.674,125.422,123.89,125.078
1677189600,125.078,125.452,123.638,123.932
1677448800,123.932,124.516,123.368,124.116
1677535200,124.116,124.404,123.224,124.064
1677621600,124.064,124.27,122.8,123.02
1677708000,123.02,123.114,121.664,122.1
1677794400,122.1,123.936,121.929,123.874
1678053600,123.874,124.83,123.515,123.842
1678140000,123.842,124.7,123.508,124.222
1678226400,124.222,125.392,123.698,124.046
1678312800,124.046,125.202,123.618,125.187
1678399200,125.187,128.59,125.11,128.22
1678654800,128.22,131.936,127.248,129.8
1678741200,129.8,131.106,128.32,128.367
1678827600,128.367,132.082,128.078,131.216
1678914000,131.216,132.464,129.488,129.674
1679000400,129.674,132.132,129.366,131.204
1679259600,131.204,132.966,130.18,130.334
1679346000,130.334,130.944,128.948,128.98
1679432400,128.98,130.944,128.366,130.882
1679518800,130.882,131.326,129.554,130.442
1679605200,130.442,132.372,130.288,131.462
1679864400,131.462,131.732,129.318,129.474
1679950800,129.474,129.91,128.971,129.048
1680037200,129.048,129.396,128.372,129.058
1680123600,129.058,129.504,128.6,129.41
1680210000,129.41,130.692,128.871,130.632
1680469200,130.632,131.622,129.568,131.314
1680555600,131.314,132.424,130.358,132.256
1680642000,132.256,133.414,131.982,132.886
1680728400,132.886,133.64,132.856,133.084
1680814800,133.084,133.276,132.19,132.284
1681074000,132.284,132.84,131.474,131.818
1681160400,131.818,132.292,131.33,131.674
1681246800,131.674,132.738,130.874,131.84
1681333200,131.84,132.312,131.01,131.134
1681419600,131.134,131.358,129.868,130.15
1681678800,130.15,130.298,128.904,128.966
1681765200,128.966,129.674,128.878,129.288
1681851600,129.288,129.382,128.501,129.11
1681938000,129.11,130.084,129.018,129.836
1682024400,129.836,130.31,129.144,129.256
1682283600,129.256,130.436,129.256,130.404
1682370000,130.404,132.062,130.404,131.69
1682456400,131.69,132.102,130.858,130.907
1682542800,130.907,131.08,129.686,129.938
1682629200,129.938,131.549,129.534,131.316
1682888400,131.316,131.316,128.576,129.106
1682974800,129.106,131.262,129.106,131.108
1683061200,131.108,132.174,131.016,132.052
1683147600,132.052,132.488,130.968,131.346
1683234000,131.346,131.442,129.982,130.67
1683493200,130.67,130.942,129.392,129.642
1683579600,129.642,130.052,129.137,129.34
1683666000,129.34,130.47,129.22,130.222
1683752400,130.222,131.818,130.132,131.182
1683838800,131.182,131.512,130.164,130.18
1684098000,130.18,130.358,129.288,129.4
1684184400,129.4,130.028,128.348,128.942
1684270800,128.942,129.307,128.36,128.64
1684357200,128.64,128.954,127.466,127.56
1684443600,127.56,127.86,126.506,127.04
1684702800,127.04,127.468,126.35,126.508
1684789200,126.508,126.828,125.89,126.672
1684875600,126.672,127.146,125.934,125.966
1684962000,125.966,126.246,125.102,125.196
1685048400,125.196,125.856,124.734,125.732
1685307600,125.732,126.43,125.152,126.212
1685394000,126.212,127.244,126.12,127.058
1685480400,127.058,128.152,126.904,127.748
1685566800,127.748,128.918,127.284,128.515
1685653200,128.515,128.566,127.29,127.354
1685912400,127.354,127.71,126.276,127.43
1685998800,127.43,127.838,126.78,127.716
1686085200,127.716,127.966,125.852,125.884
1686171600,125.884,127.164,125.358,126.978
1686258000,126.978,127.17,126.328,126.982
1686517200,126.982,127.588,126.186,126.936
1686603600,126.936,127.934,125.664,126.006
1686690000,126.006,126.696,125.728,126.478
1686776400,126.478,127.82,125.794,127.386
1686862800,127.386,127.544,126.33,126.908
1687122000,126.908,127.154,125.94,126.002
1687208400,126.002,127.892,125.942,127.66
1687294800,127.66,127.82,126.604,127.664
1687381200,127.664,127.839,126.422,126.642
1687467600,126.642,128.202,126.55,127.488
1687726800,127.488,128.404,127.408,127.626
1687813200,127.626,128.128,126.976,127.102
1687899600,127.102,127.978,127.042,127.854
1687986000,127.854,127.886,125.522,125.943
1688072400,125.943,126.804,125.276,126.4
1688331600,126.4,127.348,126.038,126.382
1688418000,126.382,126.604,126.012,126.324
1688504400,126.324,126.608,124.819,125.084
1688590800,125.084,125.146,123.25,123.718
1688677200,123.718,124.096,122.88,123.162
1688936400,123.162,124.016,122.614,123.768
1689022800,123.768,124.394,123.644,124.084
1689109200,124.084,125.631,124.084,125.398
1689195600,125.398,126.712,125.182,126.526
1689282000,126.526,126.84,125.906,125.938
1689541200,125.938,126.776,125.702,126.108
1689627600,126.108,127.078,126.108,126.486
1689714000,126.486,127.426,126.396,127.272
1689800400,127.272,127.334,125.622,125.904
1689886800,125.904,126.64,125.844,126.034
1690146000,126.034,126.764,125.642,125.706
1690232400,125.706,125.894,125.054,125.554
1690318800,125.554,126.026,125.246,125.652
1690405200,125.652,126.028,123.412,123.756
1690491600,123.756,124.382,123.04,124.196
1690750800,124.196,124.616,123.554,124.21
1690837200,124.21,124.368,122.608,122.968
1690923600,122.968,123.158,121.412,121.912
1691010000,121.912,121.974,119.858,120.358
1691096400,120.358,122.046,119.736,121.984
1691355600,121.984,121.984,120.857,121.186
1691442000,121.186,122.968,121.186,122.19
1691528400,122.19,122.802,121.974,122.568
1691614800,122.568,123.43,121.076,121.185
1691701200,121.185,121.406,120.488,120.706
1691960400,120.706,121.062,120.032,120.376
1692046800,120.376,120.568,119.256,119.991
1692133200,119.991,120.416,118.982,119.294
1692219600,119.294,119.418,118.298,118.846
1692306000,118.846,119.706,118.678,119.022
1692565200,119.022,119.156,117.536,117.756
1692651600,117.756,118.337,117.46,118.292
1692738000,118.292,120.324,118.26,120.2
1692824400,120.2,120.576,119.58,119.642
1692910800,119.642,120.146,119.052,119.71
1693170000,119.71,120.314,119.5,119.982
1693256400,119.982,121.184,119.453,120.904
1693342800,120.904,121.404,120.438,121
1693429200,121,121.656,120.876,121.128
1693515600,121.128,121.566,119.634,119.976
1693774800,119.976,119.976,119.578,119.61
1693861200,119.61,119.704,118.678,118.864
1693947600,118.864,119.302,118.524,118.914
1694034000,118.914,119.212,118.542,119.212
1694120400,119.212,119.87,118.996,119.216
1694379600,119.216,119.252,118.536,118.771
1694466000,118.771,119.256,118.632,119.038
1694552400,119.038,119.572,118.042,119.322
1694638800,119.322,119.728,118.638,118.794
1694725200,118.794,119.014,118.11,118.174
1694984400,118.174,118.712,117.9,118.68
1695070800,118.68,118.742,117.84,117.996
1695157200,117.996,118.654,117.532,117.562
1695243600,117.562,117.656,115.726,115.726
1695330000,115.726,116.85,115.523,116.632
1695589200,116.632,116.762,114.488,114.768
1695675600,114.768,115.518,114.1,114.443
1695762000,114.443,115.24,113.167,113.432
1695848400,113.432,113.744,112.092,113.59
1695934800,113.59,114.56,113.188,113.718
1696194000,113.718,113.718,111.806,112.275
1696280400,112.275,112.572,110.343,110.608
1696366800,110.608,111.67,109.454,111.39
1696453200,111.39,111.702,110.565,111.128
1696539600,111.128,111.238,108.742,109.82
1696798800,109.82,112.042,109.82,111.84
1696885200,111.84,112.404,110.78,111.81
1696971600,111.81,113.748,111.81,113.686
1697058000,113.686,114.154,111.082,111.472
1697144400,111.472,113.252,111.472,112.816
1697403600,112.816,112.816,111.044,111.326
1697490000,111.326,111.342,109.392,110.08
1697576400,110.08,110.206,108.678,108.99
1697662800,108.99,109.304,107.558,107.65
1697749200,107.65,108.698,107.372,108.308
1698008400,108.308,110.126,107.004,109.596
1698094800,109.596,110.33,109.144,110.16
1698181200,110.16,110.363,108.149,108.258
1698267600,108.258,109.82,107.728,109.696
1698354000,109.696,109.696,108.824,109.448
1698613200,109.448,109.704,108.394,108.926
1698699600,108.926,110.254,108.49,108.522
1698786000,108.522,111.052,108.46,111.022
1698872400,111.022,112.834,110.866,112.522
1698958800,112.522,114.71,112.274,113.274
1699221600,113.274,113.342,112.282,112.658
1699308000,112.658,114.22,112.346,113.908
1699394400,113.908,115.284,113.348,115.128
1699480800,115.128,115.254,112.29,113.008
1699567200,113.008,113.916,112.602,112.918
1699826400,112.918,113.314,112.268,113.018
1699912800,113.018,115.642,112.862,115.238
1699999200,115.238,115.629,113.834,114.116
1700085600,114.116,115.46,114.116,115.212
1700172000,115.212,116.056,114.744,115.37
1700431200,115.37,115.97,114.596,115.69
1700517600,115.69,116.378,115.192,115.942
1700604000,115.942,116.412,115.414,115.944
1700690400,115.944,116.164,115.166,115.354
1700776800,115.354,115.48,114.7,114.918
1701036000,114.918,116.058,114.441,115.934
1701122400,115.934,116.512,115.498,116.481
1701208800,116.481,117.434,116.404,117.372
1701295200,117.372,117.59,116.03,116.608
1701381600,116.608,118.342,116.282,118.342
1701640800,118.342,118.342,117.128,117.784
1701727200,117.784,119.408,117.706,119.346
1701813600,119.346,120.596,118.91,120.596
1701900000,120.596,120.628,119.504,119.91
1701986400,119.91,120.004,118.304,119.1
1702245600,119.1,119.1,118.168,118.886
1702332000,118.886,120.166,118.636,119.324
1702418400,119.324,121.76,119.292,121.636
1702504800,121.636,123.79,121.572,123.51
1702591200,123.51,124.119,122.916,123.792
1702850400,123.792,124.108,122.89,123.422
1702936800,123.422,124.016,123.234,123.392
1703023200,123.392,124.61,123.36,124.548
1703109600,124.548,124.798,123.768,123.956
1703196000,123.956,124.582,123.52,123.896
1703541600,123.896,124.18,123.728,123.962
1703628000,123.962,125.806,123.9,125.65
1703714400,125.65,125.761,124.87,124.996
1703800800,124.996,125.122,124.154,124.372
1704146400,124.372,124.534,123.16,123.878
1704232800,123.878,124.224,122.694,123.848
1704319200,123.848,124.052,122.476,122.602
1704405600,122.602,123.134,121.197,121.854
1704664800,121.854,122.888,121.514,122.06
1704751200,122.06,122.64,121.734,122.312
1704837600,122.312,122.827,121.86,122.079
1704924000,122.079,123.204,121.392,122.736
1705010400,122.736,123.298,122.206,123.018
1705269600,123.018,123.018,122.21,122.538
1705356000,122.538,122.538,120.774,121.056
1705442400,121.056,121.463,120.308,120.652
1705528800,120.652,120.996,119.622,119.904
1705615200,119.904,120.28,119.248,120.28
1705874400,120.28,121.064,120.048,120.502
1705960800,120.502,120.752,119.566,119.972
1706047200,119.972,120.598,119.068,119.224
1706133600,119.224,120.006,118.942,119.85
1706220000,119.85,120.256,119.288,119.788
1706479200,119.788,120.948,119.666,120.73
1706565600,120.73,121.528,120.512,121.481
1706652000,121.481,123.074,121.356,123.012
1706738400,123.012,124.7,122.388,123.7
1706824800,123.7,123.92,121.516,121.922
1707084000,121.922,121.922,119.896,120.146
1707170400,120.146,121.115,119.958,120.802
1707256800,120.802,121.21,120.366,120.586
1707343200,120.586,120.82,119.586,119.93
1707429600,119.93,120.4,119.464,119.682
1707688800,119.682,120.092,119.342,119.656
1707775200,119.656,120.718,117.908,118.032
1707861600,118.032,118.752,117.782,118.534
1707948000,118.534,119.564,118.534,118.972
1708034400,118.972,119.003,117.816,118.348
1708293600,118.348,118.414,117.664,117.664
1708380000,117.664,118.696,117.664,118.322
1708466400,118.322,118.635,117.604,117.792
1708552800,117.792,118.23,117.324,118.044
1708639200,118.044,119.2,117.763,119.106
1708898400,119.106,119.672,118.33,118.924
1708984800,118.924,119.236,118.176,118.448
1709071200,118.448,118.916,118.23,118.761
1709157600,118.761,119.48,118.136,119.104
1709244000,119.104,120.042,118.48,119.948
1709503200,119.948,119.95,119.137,119.574
1709589600,119.574,121.23,119.512,120.574
1709676000,120.574,121.668,120.262,121.512
1709762400,121.512,122.356,121.262,121.7
1709848800,121.7,122.23,121.076,121.606
1710104400,121.606,122.044,121.232,121.546
1710190800,121.546,121.811,120.467,120.764
1710277200,120.764,121.108,120.14,120.39
1710363600,120.39,120.422,118.702,118.828
1710450000,118.828,119.204,118.484,118.61
1710709200,118.61,118.86,118.11,118.424
1710795600,118.424,118.986,118.22,118.704
1710882000,118.704,119.611,118.143,118.798
1710968400,118.798,119.58,118.58,119.018
1711054800,119.018,120.112,119.018,119.986
1711314000,119.986,120.174,119.176,119.394
1711400400,119.394,119.769,119.05,119.55
1711486800,119.55,120.362,119.488,120.269
1711573200,120.269,120.552,119.708,120.176
1711918800,120.176,120.428,118.458,118.678
1712005200,118.678,118.771,117.147,117.834
1712091600,117.834,117.99,116.74,117.804
1712178000,117.804,118.522,117.366,118.366
1712264400,118.366,118.46,117.023,117.21
1712523600,117.21,117.242,116.336,117.086
1712610000,117.086,118.118,116.992,118.024
1712696400,118.024,118.29,115.4,115.712
1712782800,115.712,115.994,114.9,114.994
1712869200,114.994,116.432,114.994,115.775
1713128400,115.775,115.87,113.902,114.496
1713214800,114.496,114.684,113.308,113.808
1713301200,113.808,114.934,113.62,114.777
1713387600,114.777,115.136,114.06,114.372
1713474000,114.372,116.12,114.246,114.56
1713733200,114.56,114.654,113.982,114.622
1713819600,114.622,115.154,114.029,114.654
1713906000,114.654,114.701,113.624,113.998
1713992400,113.998,114.312,112.842,113.342
1714078800,113.342,114.28,113.186,113.936
1714338000,113.936,114.688,113.936,114.624
1714424400,114.624,114.781,113.734,113.938
1714510800,113.938,115.157,113.688,114.47
1714597200,114.47,115.126,114.064,114.907
1714683600,114.907,116.532,114.782,115.814
1714942800,115.814,116.408,115.69,116.252
1715029200,116.252,117.19,116.126,116.752
1715115600,116.752,116.876,116.19,116.252
1715202000,116.252,116.784,115.752,116.659
1715288400,116.659,116.878,115.94,116.096
1715547600,116.096,116.66,116.096,116.254
1715634000,116.254,116.878,115.661,116.818
1715720400,116.818,118.224,116.786,118.224
1715806800,118.224,118.692,117.786,117.942
1715893200,117.942,118.068,117.192,117.286
1716152400,117.286,117.474,116.787,116.944
1716238800,116.944,117.57,116.85,117.32
1716325200,117.32,117.538,116.756,117.444
1716411600,117.444,117.632,116.444,116.788
1716498000,116.788,117.008,116.414,117.008
1716757200,117.008,117.132,116.728,116.915
1716843600,116.915,117.134,115.634,115.634
1716930000,115.634,115.79,114.351,114.694
1717016400,114.694,115.616,114.508,115.538
1717102800,115.538,116.414,115.258,116.164
1717362000,116.164,117.727,116.164,117.634
1717448400,117.634,118.82,117.416,118.603
1717534800,118.603,119.353,118.228,119.322
1717621200,119.322,119.446,118.76,119.29
1717707600,119.29,119.776,117.292,117.448
1717966800,117.448,117.448,116.7,116.794
1718053200,116.794,117.733,116.794,117.576
1718139600,117.576,119.56,117.546,118.733
1718226000,118.733,120.014,118.546,119.764
1718312400,119.764,120.64,119.405,120.296
1718571600,120.296,120.296,119.174,119.486
1718658000,119.47,120.47,119.204,120.33
1718744400,120.33,120.518,120.142,120.236
1718830800,120.206,120.237,119.206,119.644
1718917200,119.644,120.3,119.394,119.706
1719176400,119.708,120.24,119.458,120.146
1719262800,120.146,120.552,119.804,119.928
1719349200,119.991,120.054,118.648,118.648
1719435600,118.71,119.414,118.367,119.242
1719522000,119.21,119.556,117.369,117.432
1719781200,117.308,117.495,115.902,116.34
1719867600,116.308,116.964,116.278,116.684
1719954000,116.716,118.06,116.56,117.716
1720040400,117.716,117.747,117.434,117.528
1720126800,117.498,118.84,117.03,118.623
1720386000,118.656,118.999,118.11,118.812
1720472400,118.782,118.875,118,118.468
1720558800,118.438,118.908,118.251,118.594
1720645200,118.626,120.282,118.47,119.532
1720731600,119.594,119.97,119.158,119.846
1720990800,119.066,119.536,118.66,119.129
1721077200,119.16,120.286,119.16,120.254
1721163600,120.286,120.505,119.786,120.255
1721250000,120.255,120.302,119.568,119.6
1721336400,119.631,119.85,118.944,119.1
1721595600,119.352,119.664,118.446,118.79
1721682000,118.852,119.29,118.759,118.759
1721768400,118.728,119.228,117.885,118.042
1721854800,118.01,119.354,118.01,118.761
1721941200,118.761,119.511,118.354,119.292
1722200400,119.326,120.138,119.294,119.732
1722286800,119.7,120.326,119.482,120.17
1722373200,120.17,121.764,119.92,121.764
1722459600,121.764,122.764,121.296,122.42
1722546000,122.452,125.202,122.217,125.108
1722805200,124.984,126.798,124.641,125.298
1722891600,125.344,125.422,123.392,123.548
1722978000,123.704,123.83,122.268,122.706
1723064400,122.643,123.33,121.55,122.082
1723150800,122.05,123.144,122.019,122.926
1723410000,122.771,123.428,122.49,123.24
1723496400,123.24,124.054,122.975,124.054
1723582800,123.99,124.74,123.804,124.366
1723669200,124.336,124.492,122.648,123.398
1723755600,123.43,124.071,123.274,123.774
1724014800,123.556,124.354,123.464,124.058
1724101200,124.058,125.027,123.838,124.934
1724187600,124.964,125.527,124.527,124.964
1724274000,124.902,125.122,123.746,124.122
1724360400,124.122,124.903,123.996,124.654
1724619600,124.624,125.062,124.312,124.5
1724706000,124.562,124.656,123.624,124.344
1724792400,124.312,124.626,123.876,124.064
1724878800,124.094,124.407,123.19,123.731
1724965200,123.7,123.92,122.484,122.952
1725224400,122.8,122.94,122.364,122.582
1725310800,122.52,124.441,122.52,124.052
1725397200,123.896,125.146,123.896,125.082
1725483600,125.052,125.646,124.865,125.49
1725570000,125.522,126.615,124.992,125.678
1725829200,125.432,126.09,124.934,125.902
1725915600,125.871,126.81,125.59,126.684
1726002000,126.59,127.247,126.156,126.592
1726088400,126.562,126.812,125.782,126.251
1726174800,126.282,126.908,126.127,126.44
1726434000,126.506,127.132,126.35,127.132
1726520400,127.07,127.507,126.54,126.572
1726606800,126.634,126.759,125.387,125.668
1726693200,125.668,125.732,124.578,125.296
1726779600,125.358,125.546,124.641,124.922
1727038800,124.738,125.114,124.116,124.74
1727125200,124.772,125.023,123.774,124.898
1727211600,124.93,124.992,123.964,124.058
1727298000,124.088,124.527,123.56,124.06
1727384400,124.122,124.825,123.904,124.622
1727643600,124.626,124.752,124.002,124.222
1727730000,124.252,125.628,124.192,125.066
1727816400,124.972,125.128,123.506,124.163
1727902800,124.132,124.194,123.198,123.384
1727989200,123.415,123.572,121.668,122.043
1728248400,121.782,122.11,121.142,121.174
1728334800,121.236,121.55,120.676,121.301
1728421200,121.301,121.364,120.46,120.584
1728507600,120.616,120.804,119.774,120.524
1728594000,120.492,120.57,119.62,119.838
1728853200,119.748,119.998,119.312,119.906
1728939600,120.046,121.094,119.968,121
1729026000,120.938,121.596,120.844,121.252
1729112400,121.22,121.252,119.848,119.942
1729198800,120.004,120.412,119.474,120.006
1729458000,119.884,120.104,118.388,118.418
1729544400,118.45,118.826,118.014,118.327
1729630800,118.327,118.36,117.703,117.892
1729717200,117.922,118.922,117.844,118.486
1729803600,118.548,119.08,117.988,118.082
1730062800,117.616,118.274,117.306,117.556
1730149200,117.556,117.885,116.682,117.87
1730235600,117.838,118.808,117.434,117.496
1730322000,117.528,118.122,117.092,117.904
1730408400,117.936,118.686,116.438,116.469
1730671200,117.519,118.222,117.316,117.942
1730757600,117.942,118.256,117.1,118.192
1730844000,118.178,118.599,115.227,116.04
1730930400,116.07,117.431,115.636,117.196
1731016800,117.134,118.292,116.901,117.854
1731276000,117.764,117.828,117.202,117.828
1731362400,117.796,118.048,116.08,116.456
1731448800,116.3,117.268,115.644,115.864
1731535200,115.926,116.896,115.426,116.302
1731621600,116.272,116.584,115.32,116.054
1731880800,115.995,116.528,115.246,116.246
1731967200,116.278,117.372,116.246,116.623
1732053600,116.608,116.812,116.092,116.374
1732140000,116.438,116.812,115.97,116.188
1732226400,116.282,116.784,116.034,116.284
1732485600,117.116,118.286,116.788,118.006
1732572000,118.068,118.194,117.415,117.758
1732658400,117.822,118.882,117.743,118.322
1732744800,118.322,118.574,118.167,118.51
1732831200,118.543,119.386,118.386,119.262
1733090400,119.204,119.736,118.629,119.394
1733176800,119.394,119.708,118.679,118.836
1733263200,118.772,119.648,118.088,119.492
1733349600,119.492,119.744,118.994,119.681
1733436000,119.635,120.338,119.372,119.808
1733695200,119.72,120.094,119.067,119.098
1733781600,119.192,119.286,118.444,118.695
1733868000,118.726,118.962,117.823,117.886
1733954400,117.934,117.98,116.86,117.046
1734040800,117.046,117.234,115.926,116.05
1734300000,116.118,116.462,115.713,116.056
1734386400,116.056,116.464,115.498,116.058
1734472800,116.09,116.278,114.502,114.626
1734559200,114.626,114.782,113.349,113.88
1734645600,113.912,114.818,113.818,114.35
1734904800,114.355,114.386,113.358,113.546
1734991200,113.608,113.734,112.985,113.578
1735164000,113.644,113.864,112.958,113.646
1735250400,113.676,113.832,112.868,112.93
1735509600,112.966,114.09,112.888,114.09
1735596000,114.09,114.53,113.438,113.562
1735768800,113.566,114.425,113.19,113.786
1735855200,113.816,114.162,113.288,113.32
1736114400,113.2,113.544,112.639,112.826
1736200800,112.858,113.108,111.846,111.956
1736287200,112.018,112.208,111.302,111.802
1736373600,111.864,112.552,111.802,111.928
1736460000,111.928,112.084,110.744,111.182
1736719200,111.248,111.312,110.657,110.97
1736805600,111.032,111.314,110.44,110.816
1736892000,110.878,112.752,110.846,112.316
1736978400,112.285,113.146,111.942,112.754
1737064800,112.724,113.506,112.661,112.788
1737324000,112.793,113.216,112.388,113.2
1737410400,113.262,113.95,113.2,113.452
1737496800,113.421,113.797,113.048,113.174
1737583200,113.142,113.362,112.426,112.708
1737669600,112.77,113.178,112.475,113.116
1737928800,113.244,114.635,113.214,114.216
1738015200,114.2,114.216,113.624,114.124
1738101600,114.092,114.562,113.563,114.282
1738188000,114.282,114.876,114.094,114.534
1738274400,114.502,114.722,113.568,114.067
1738533600,113.822,115.384,113.822,114.012
1738620000,113.949,114.7,113.451,114.608
1738706400,114.514,116.294,114.42,116.077
1738792800,116.14,116.328,115.672,116.079
1738879200,116.079,116.892,115.174,115.426
1739138400,115.461,115.806,115.12,115.276
1739224800,115.308,115.496,114.59,114.716
1739311200,114.716,115.046,113.062,113.438
1739397600,113.438,114.986,113.376,114.782
1739484000,114.752,115.846,114.534,115.41
1739743200,115.414,115.508,114.978,115.198
1739829600,115.26,115.26,114.388,114.482
1739916000,114.45,114.733,114.076,114.546
1740002400,114.546,115.048,114.516,114.861
1740088800,114.83,116.237,114.798,115.862
1740348000,115.867,116.43,115.524,116.182
1740434400,116.182,117.808,116.166,117.54
1740520800,117.525,118.275,117.07,118.103
1740607200,118.103,118.103,117.382,117.976
1740693600,117.976,118.756,117.724,118.568
1740952800,118.252,119.378,117.814,119.221
1741039200,119.252,119.722,117.936,118.03
1741125600,117.874,118.624,117.372,117.56
1741212000,117.558,117.62,116.556,117.276
1741298400,117.276,118.089,116.68,116.994
1741554000,117.334,118.396,117.052,118.052
1741640400,118.052,118.802,116.955,117.205
1741726800,117.174,117.58,116.546,116.703
1741813200,116.734,117.5,116.17,117.39
1741899600,117.358,117.358,116.575,116.825
1742158800,116.854,117.728,116.728,117.164
1742245200,117.134,117.554,116.491,117.288
1742331600,117.288,117.85,116.88,117.818
1742418000,117.818,118.85,117.786,117.848
1742504400,117.88,118.348,117.502,117.565
1742763600,117.53,117.562,116.466,116.496
1742850000,116.496,116.902,115.994,116.65
1742936400,116.62,116.62,115.962,116.055
1743022800,116.212,116.368,115.396,115.866
1743109200,115.834,117.334,115.803,117.272
1743368400,117.644,118.206,117.236,117.986
1743454800,117.892,119.049,117.799,118.516
1743541200,118.486,119.392,117.734,118.984
1743627600,120.142,120.298,119.202,119.796
1743714000,119.764,121.954,119.578,120.514
1743973200,121.684,122.294,116.88,117.287
1744059600,117.209,118.13,115.096,115.128
1744146000,115.096,115.814,111.624,115.314
1744232400,115.438,116.44,113.622,113.842
1744318800,113.67,114.248,111.744,113.152
1744578000,113.071,114.618,112.616,114.398
1744664400,114.46,115.116,113.866,114.772
1744750800,114.866,115.552,114.49,115.428
1744837200,115.428,115.521,114.362,114.488
1745182800,114.389,114.389,112.948,113.184
1745269200,113.168,113.98,112.792,113.604
1745355600,114.261,116.042,113.98,114.352
1745442000,114.416,115.322,114.352,115.102
1745528400,115.102,116.29,114.961,116.29
1745787600,116.254,116.566,115.534,116.503
1745874000,116.472,117.284,116.034,117.034
1745960400,117.034,117.72,116.156,116.75
1746046800,116.625,117.28,115.842,116.123
1746133200,116.123,116.497,114.84,115.09
1746392400,115.243,115.4,114.21,114.522
1746478800,114.6,114.989,114.052,114.989
1746565200,115.02,115.613,114.614,115.52
1746651600,115.488,115.504,114.111,114.361
1746738000,114.268,114.672,113.86,114.328
1746997200,114.106,114.198,113.322,113.386
1747083600,113.416,113.76,112.664,113.196
1747170000,113.196,113.384,112.258,112.351
1747256400,112.366,113.522,111.974,113.506
1747342800,113.506,114.099,112.63,112.66
1747602000,112.656,113.312,111.53,113.25
1747688400,113.28,113.562,112.124,112.498
1747774800,112.498,112.748,110.808,110.808
1747861200,110.808,111.494,110.088,111.494
1747947600,111.526,112.494,111.306,111.618
1748206800,111.614,111.957,110.99,111.874
1748293200,111.842,113.03,111.78,112.78
1748379600,112.748,112.966,112.024,112.37
1748466000,112.368,113.338,111.584,113.244
1748552400,113.212,113.555,112.896,113.272
1748811600,113.328,113.328,112.228,112.666
1748898000,112.666,113.198,112.254,112.444
1748984400,112.474,114.132,112.284,113.944
1749070800,113.882,114.663,113.628,113.816
1749157200,113.784,114.08,112.37,112.401
1749416400,112.394,112.862,112.141,112.862
1749502800,112.83,113.392,112.672,112.92
1749589200,112.92,113.732,112.322,113.482
1749675600,113.544,114.732,113.48,114.576
1749762000,114.574,115.296,113.224,113.85
1750021200,113.624,113.904,112.869,113.12
1750107600,113.088,114.088,112.994,113.962
1750194000,113.946,114.618,113.616,113.928
1750280400,113.865,114.115,113.456,113.924
1750366800,113.924,114.298,113.2,114.014
1750626000,114.102,115.04,113.568,114.349
1750712400,114.349,115.098,113.845,114.94
1750798800,114.94,115.284,114.343,114.938
1750885200,114.954,115.467,114.716,115.404
1750971600,115.341,115.558,114.618,114.804
1751230800,114.579,115.829,114.486,115.703
1751317200,115.672,116.36,115.23,115.732
1751403600,115.794,115.825,114.664,115.132
1751490000,115.258,115.602,114.254,114.565
1751576400,114.596,114.94,114.437,114.5
1751835600,114.398,114.679,113.424,113.738
1751922000,113.768,113.799,112.92,113.514
1752008400,113.514,114.45,113.262,114.419
1752094800,114.388,114.669,113.978,114.384
1752181200,114.354,114.588,113.066,113.254
1752440400,113.246,113.308,112.712,112.836
1752526800,112.868,113.492,112.145,112.269
1752613200,112.206,112.924,111.546,112.36
1752699600,112.391,112.796,111.888,112.42
1752786000,112.45,112.854,112.388,112.76
1753045200,112.722,113.972,112.596,113.532
1753131600,113.532,114.282,113.218,113.968
1753218000,113.968,113.968,113.338,113.652
1753304400,113.652,113.712,112.866,113.616
1753390800,113.616,113.896,113.113,113.77
1753650000,113.668,114.136,113.32,113.384
1753736400,113.384,114.851,113.288,114.788
1753822800,114.788,114.974,113.972,114.16
1753909200,114.128,114.782,114.096,114.156
1753995600,114.156,116,113.544,115.748
1754254800,115.694,116.146,115.161,116.114
1754341200,116.082,116.392,115.736,116.048
1754427600,116.11,116.11,114.48,115.574
1754514000,115.574,116.042,115.448,115.54
1754600400,115.571,115.728,115.036,115.13
1754859600,115.122,115.59,115.122,115.15
1754946000,115.181,115.758,114.46,114.866
1755032400,114.834,115.77,114.677,115.644
1755118800,115.644,116.112,114.764,114.89
1755205200,114.828,115.138,114.074,114.23
1755464400,114.192,114.626,113.72,114
1755550800,114,114.529,113.779,114.372
1755637200,114.34,114.808,114.12,114.618
1755723600,114.618,114.682,113.864,114.178
1755810000,114.271,115.176,114.019,115.05
1756069200,115.042,115.042,114.446,114.758
1756155600,114.79,114.914,114.006,114.514
1756242000,114.514,114.698,113.978,114.604
1756328400,114.604,115.338,114.602,115.259
1756414800,115.228,115.29,114.472,114.66
1756674000,114.588,114.588,114.146,114.334
1756760400,114.364,114.426,113.514,114.046
1756846800,114.016,115.11,113.48,114.89
1756933200,114.89,115.607,114.824,115.512
1757019600,115.512,117.076,115.512,117.014
1757278800,116.958,117.88,116.69,117.816
1757365200,117.786,117.848,117.218,117.343
1757451600,117.28,118.28,117.152,117.808
1757538000,117.84,118.59,117.588,118.244
1757624400,118.212,118.272,117.424,117.706
1757883600,117.54,118.354,117.414,118.195
1757970000,118.195,118.443,117.754,118.286
1758056400,118.284,119.002,117.622,117.622
1758142800,117.592,118.294,116.742,117.148
1758229200,117.116,117.116,116.642,116.83
1758488400,116.791,116.946,116.411,116.536
1758574800,116.568,117.19,116.533,117.159
1758661200,117.19,117.282,116.496,116.746
1758747600,116.716,116.902,116.116,116.586
1758834000,116.649,116.96,116.238,116.582
1759093200,116.511,117.26,116.48,117.134
1759179600,117.102,117.554,116.848,116.91
1759266000,116.91,117.69,116.594,117.344
1759352400,117.344,117.716,117.028,117.623
1759438800,117.622,117.792,117.21,117.21
1759698000,116.858,117.012,116.48,116.634
1759784400,116.634,117.29,116.35,117.068
1759870800,117.038,117.662,116.942,117.284
1759957200,117.284,117.502,116.812,117.03
1760043600,117.06,118.56,117.03,118.528
1760302800,118.05,118.268,117.672,118.234
1760389200,118.203,119.078,118.014,118.449
1760475600,118.324,118.995,118.132,118.382
1760562000,118.382,119.193,118.16,119.067
1760648400,119.067,119.598,118.548,118.718
1760907600,118.522,119.144,118.458,119.144
1760994000,119.112,119.706,119.048,119.454
1761080400,119.516,119.826,119.294,119.574
1761166800,119.606,119.636,118.756,118.912
1761253200,118.944,119.411,118.596,118.752
1761512400,118.368,119.24,118.084,119.24
1761598800,119.178,119.426,119.018,119.36
1761685200,119.298,119.422,118.089,118.136
1761771600,118.198,118.292,117.476,117.662
1761858000,117.694,117.91,117.378,117.752
1762120800,117.618,117.743,117.114,117.332
1762207200,117.3,117.737,117.27,117.61
1762293600,117.64,118.048,116.542,116.572
1762380000,116.604,117.602,116.572,117.476
1762466400,117.508,117.598,116.972,117.221
1762725600,116.837,117.335,116.492,117.084
1762812000,117.052,117.707,116.924,117.674
1762898400,117.642,117.952,117.296,117.732
1762984800,117.67,117.856,117.071,117.164
1763071200,117.134,117.85,116.63,116.63
1763330400,116.59,117.118,116.496,116.836
1763416800,116.772,117.364,116.644,116.956
1763503200,116.925,117.142,116.578,116.608
1763589600,116.608,117.23,116.324,117.167
1763676000,117.198,117.822,117.01,117.32
1763935200,117.28,117.872,117.28,117.87
1764021600,117.87,118.524,117.68,118.366
1764108000,118.304,118.395,117.644,118.33
1764194400,118.33,118.393,118.078,118.296
1764280800,118.296,118.433,117.698,117.916
1764540000,117.814,117.97,116.732,116.888
1764626400,116.872,117.008,116.476,116.882
1764712800,116.85,117.414,116.804,117.222
1764799200,117.16,117.16,116.56,116.746
1764885600,116.778,116.902,116.02,116.144
1765144800,116.038,116.227,115.406,115.782
1765231200,115.814,116.25,115.624,115.746
1765317600,115.746,116.337,115.46,116.085
1765404000,116.116,116.835,115.922,115.986
1765490400,115.986,116.048,115.071,115.321
1765749600,115.278,115.809,115.216,115.494
1765836000,115.494,115.992,115.05,115.927
1765922400,115.974,116.018,115.422,115.764
1766008800,115.734,116.406,115.734,116.104
1766095200,116.074,116.136,115.63,115.818
1766354400,115.744,115.838,115.458,115.676
1766440800,115.676,116.05,115.202,115.796
1766527200,115.826,116.294,115.7,116.262
1766700000,116.162,116.488,115.842,116.124
1766959200,115.926,116.55,115.926,116.422
1767045600,116.39,116.516,115.948,116.322
1767132000,116.29,116.634,115.564,115.69
1767304800,115.606,115.963,115.302,115.366
1767564000,115.448,115.976,115.288,115.788
1767650400,115.726,115.782,115.22,115.594
1767736800,115.563,116.438,115.548,116.122
1767823200,116.09,116.309,115.68,115.96
1767909600,116.148,116.27,115.423,116.206
1768168800,116.132,116.32,115.533,116.064
1768255200,116.064,116.327,115.746,116.058
1768341600,116.058,116.806,115.994,116.742
1768428000,116.774,116.928,116.456,116.456
1768514400,116.454,116.548,115.73,115.792
1768773600,115.938,115.938,115.056,115.15
1768860000,115.148,115.336,114.174,114.548
1768946400,114.578,115.39,114.324,115.357
1769032800,115.357,115.636,115.008,115.51
1769119200,115.57,115.944,115.316,115.786
1769378400,115.93,116.334,115.836,116.114
1769464800,116.082,116.142,115.294,115.356
1769551200,115.294,115.668,115.038,115.382
1769637600,115.414,115.538,114.878,115.408
1769724000,115.439,115.466,114.654,115.246
1769983200,115.173,115.704,114.7,114.792
1770069600,114.728,115.037,114.491,115.006
1770156000,115.006,115.096,114.596,114.75
1770242400,114.75,115.934,114.622,115.934
1770328800,115.966,116.31,115.46,115.74
1770588000,115.48,115.85,115.07,115.694
1770674400,115.631,116.816,115.631,116.66
1770760800,116.69,116.984,115.966,116.372
1770847200,116.402,117.526,116.214,117.43
1770933600,117.493,118.115,117.146,117.988
1771192800,117.852,118.442,117.852,118.192
1771279200,118.206,118.532,117.998,118.06
1771365600,118.091,118.248,117.68,117.774
1771452000,117.772,117.924,117.426,117.892
1771538400,117.862,118.077,117.168,117.542
1771797600,117.5,118.278,117.36,118.028
1771884000,118.058,118.258,117.838,118.178
1771970400,118.21,118.25,117.8,117.936
1772056800,117.967,118.496,117.932,118.496
1772143200,118.558,119.182,118.526,119.15
1772402400,119.329,119.454,117.74,118.132
1772488800,118.132,118.132,117.061,117.78
1772575200,117.75,117.97,117.214,117.274
1772661600,117.305,117.368,116.627,116.799
1772748000,116.83,117.047,115.948,116.574
1773003600,116.157,117.25,115.528,117.188
1773090000,117.188,117.312,116.194,116.21
1773176400,116.21,116.49,114.887,114.887
1773262800,114.887,115.104,114.538,114.6
1773349200,114.568,114.879,114.062,114.25
1773608400,114.178,115.084,114.052,114.958
1773694800,114.926,115.424,114.58,115.33
1773781200,115.298,115.735,114.572,114.603
1773867600,114.634,115.226,114.066,115.068
1773954000,115.1,115.132,112.744,113.056
1774213200,112.294,113.922,112.166,113.482
1774299600,113.482,113.654,112.491,113.414
1774386000,113.352,114.134,113.352,113.85
1774472400,113.88,113.88,112.968,113.186
1774558800,113.218,113.294,112.116,112.774
1774818000,112.608,114.172,112.608,113.762
1774904400,113.794,114.543,113.606,113.915
1774990800,113.946,114.791,113.818,114.068
1775077200,114.068,114.566,113.156,114.376
1775163600,114.314,114.624,113.652,113.902
1775422800,113.892,114.389,113.606,114.17
1775509200,114.17,114.478,113.35,114.478
1775595600,114.618,115.322,114.348,114.474
1775682000,114.488,114.908,114.094,114.656
1775768400,114.625,114.638,113.995,114.119
1776027600,113.576,114.512,113.452,114.45
1776114000,114.45,115.103,114.353,115.072
1776200400,115.072,115.228,114.472,114.472
1776286800,114.534,114.782,113.934,113.966
1776373200,113.966,115.184,113.808,114.838
1776632400,114.358,114.951,114.358,114.886
1776718800,114.886,115.088,114.13,114.443
1776805200,114.412,114.848,114.25,114.314
1776891600,114.344,114.639,113.714,114.09
1776978000,114.183,114.494,113.71,114.366
1777237200,114.2,114.26,113.758,113.852
1777323600,113.852,113.946,113.316,113.846
1777410000,113.816,113.94,112.684,112.684
1777496400,112.684,113.368,112.588,113.306
1777582800,113.274,113.772,112.988,113.362
1777842000,113.542,113.635,112.222,112.504
1777928400,112.536,113.001,112.378,112.875
1778014800,112.875,114.062,112.875,113.872
1778101200,113.872,114.293,113.242,113.43
1778187600,113.334,114.02,113.334,113.926
1778446800,113.666,113.666,113.13,113.13
1778533200,113.16,113.16,112.374,112.436
1778619600,112.436,112.59,111.994,112.368
1778706000,112.4,112.928,112.24,112.302
1778792400,112.3,112.3,110.701,110.888
1779051600,110.722,111.158,110.315,110.874
1779138000,110.906,110.937,109.714,109.994
1779224400,109.962,111.148,109.648,110.896
1779310800,110.928,111.424,110.314,111.236
1779397200,111.252,111.828,111.171,111.576
1779656400,111.88,112.658,111.848,112.658
1779742800,112.594,112.654,112.028,112.37
1779829200,112.37,112.9,112.324,112.438
1779915600,112.5,113.204,111.84,112.998
1780002000,113.062,113.28,112.773,113.118
1780261200,112.826,113.136,112.178,113.04
1780347600,113.072,113.508,112.972,113.192
1780434000,113.192,113.192,112.464,112.59
1780520400,112.558,113.214,112.558,112.867
1780606800,112.867,113.084,112.078,112.328
1780866000,112.223,112.534,111.748,111.874
1780952400,111.904,112.464,111.652,112.432
1781038800,112.37,112.57,111.832,111.957
1781125200,111.924,113.396,111.548,113.176
1781211600,113.238,113.518,112.608,112.92
1781470800,113.38,113.756,112.966,112.998
1781557200,112.998,113.746,112.902,113.494
1781643600,113.494,113.898,113.208,113.396
1781730000,113.332,114.334,113.27,113.892
1781816400,113.892,113.986,113.26,113.292
1782075600,113.186,113.624,112.992,113.086
1782162000,113.102,113.554,113.024,113.238
1782248400,113.238,114.676,113.176,114.676
1782334800,114.708,115.08,114.422,114.514
1782421200,114.482,114.732,114.04,114.572
1782680400,114.498,114.76,114.402,114.586
1782766800,114.556,114.789,113.202,113.202
1782853200,113.2,113.357,112.634,113.008
1782939600,113.008,113.223,112.597,113.066
1783026000,113.002,113.158,112.684,112.716
1783285200,112.768,113.11,112.575,112.856
1783371600,112.872,112.888,111.816,111.816
1783458000,111.754,111.908,111.216,111.434
1783544400,111.402,111.964,111.212,111.586
1783630800,111.618,112.022,111.425,111.612
1783890000,111.32,111.506,110.938,110.938
1783976400,110.97,111.97,110.748,111.153
1784062800,111.09,111.682,110.804,111.524
1784149200,111.586,111.586,110.83,111.486
1784235600,111.486,112.11,111.36,111.639
1784494800,111.408,111.688,110.872,111.028
1784581200,111.028,111.152,110.428,110.646
1784667600,110.615,110.706,110.234,110.266
1784754000,110.202,110.42,109.572,109.884
1784840400,109.852,110.382,109.694,110.036
1785099600,110.589,110.744,110.304,110.428
1785186000,110.458,111.238,110.458,111.08
1785272400,111.018,111.078,109.29,109.571
1785358800,109.602,109.818,109.067,109.566
1785445200,109.534,110.034,108.528,108.652
1785704400,109.378,109.484,109.046,109.42
1785790800,109.388,110.386,108.964,110.292
1785877200,110.26,110.636,110.038,110.288