time,open,high,low,close
1261951200,5.595,5.993,5.595,5.963
1262037600,5.963,6.028,5.815,5.833
1262124000,5.833,5.92,5.663,5.665
1262210400,5.665,5.864,5.498,5.571
1262296800,5.571,5.571,5.568,5.571
1262556000,5.571,5.886,5.571,5.868
1262642400,5.868,5.868,5.609,5.672
1262728800,5.672,6.068,5.643,6.044
1262815200,6.044,6.101,5.758,5.822
1262901600,5.822,5.846,5.616,5.723
1263160800,5.741,5.741,5.367,5.456
1263247200,5.456,5.6,5.349,5.577
1263333600,5.577,5.78,5.428,5.754
1263420000,5.754,5.8,5.479,5.603
1263506400,5.603,5.728,5.515,5.689
1263765600,5.689,5.689,5.56,5.584
1263852000,5.584,5.683,5.441,5.568
1263938400,5.568,5.622,5.462,5.497
1264024800,5.497,5.717,5.478,5.638
1264111200,5.638,5.867,5.638,5.8
1264370400,5.812,5.853,5.671,5.717
1264456800,5.717,5.717,5.424,5.424
1264543200,5.424,5.481,5.221,5.264
1264629600,5.264,5.296,5.097,5.215
1264716000,5.215,5.322,5.13,5.175
1264975200,5.165,5.473,5.165,5.467
1265061600,5.467,5.571,5.41,5.47
1265148000,5.47,5.589,5.391,5.445
1265234400,5.445,5.53,5.255,5.501
1265320800,5.501,5.627,5.41,5.563
1265580000,5.552,5.704,5.419,5.44
1265666400,5.44,5.488,5.283,5.355
1265752800,5.355,5.401,5.26,5.322
1265839200,5.322,5.435,5.304,5.414
1265925600,5.414,5.574,5.221,5.47
1266184800,5.47,5.499,5.439,5.479
1266271200,5.479,5.572,5.316,5.349
1266357600,5.349,5.424,5.284,5.394
1266444000,5.394,5.429,5.143,5.15
1266530400,5.15,5.175,5.015,5.05
1266789600,5.051,5.051,4.844,4.909
1266876000,4.909,4.921,4.781,4.796
1266962400,4.796,4.906,4.766,4.842
1267048800,4.842,4.871,4.721,4.77
1267135200,4.77,4.831,4.717,4.763
1267394400,4.757,4.849,4.651,4.672
1267480800,4.672,4.735,4.637,4.699
1267567200,4.699,4.772,4.663,4.75
1267653600,4.75,4.768,4.539,4.571
1267740000,4.571,4.61,4.525,4.598
1267999200,4.589,4.589,4.444,4.557
1268085600,4.557,4.589,4.463,4.49
1268172000,4.49,4.582,4.439,4.576
1268258400,4.576,4.58,4.404,4.425
1268344800,4.425,4.457,4.367,4.37
1268600400,4.373,4.438,4.325,4.381
1268686800,4.381,4.413,4.315,4.327
1268773200,4.327,4.36,4.272,4.284
1268859600,4.284,4.285,4.048,4.08
1268946000,4.08,4.169,4.044,4.146
1269205200,4.148,4.163,4.033,4.117
1269291600,4.117,4.156,4.055,4.126
1269378000,4.126,4.138,4.049,4.089
1269464400,4.089,4.108,3.938,3.981
1269550800,3.981,3.994,3.859,3.861
1269810000,3.867,3.973,3.834,3.834
1269896400,3.834,3.965,3.8,3.962
1269982800,3.962,4.03,3.809,3.809
1270069200,3.809,4.109,3.766,4.065
1270155600,4.065,4.068,4.057,4.066
1270414800,4.066,4.27,3.963,4.262
1270501200,4.262,4.293,4.028,4.087
1270587600,4.087,4.135,3.975,3.975
1270674000,3.975,4.064,3.824,3.897
1270760400,3.897,4.069,3.874,4.045
1271019600,4.056,4.15,3.909,3.992
1271106000,3.992,4.139,3.923,4.12
1271192400,4.12,4.243,4.089,4.164
1271278800,4.164,4.192,3.946,3.995
1271365200,3.995,4.077,3.965,4.038
1271624400,4.034,4.061,3.887,3.939
1271710800,3.939,3.979,3.865,3.957
1271797200,3.957,4.032,3.922,3.976
1271883600,3.976,4.139,3.92,4.113
1271970000,4.113,4.31,4.059,4.255
1272229200,4.254,4.308,4.171,4.244
1272315600,4.244,4.295,4.194,4.224
1272402000,4.224,4.338,4.199,4.268
1272488400,4.268,4.303,3.894,3.918
1272574800,3.918,3.992,3.817,3.865
1272834000,3.869,3.95,3.829,3.941
1272920400,3.941,3.984,3.902,3.958
1273006800,3.958,3.98,3.869,3.919
1273093200,3.919,4.029,3.801,3.882
1273179600,3.882,3.984,3.847,3.944
1273438800,3.94,4.186,3.94,4.115
1273525200,4.115,4.179,4.065,4.11
1273611600,4.11,4.249,4.092,4.233
1273698000,4.233,4.372,4.117,4.273
1273784400,4.273,4.312,4.215,4.308
1274043600,4.303,4.381,4.253,4.379
1274130000,4.379,4.465,4.27,4.311
1274216400,4.311,4.317,4.11,4.148
1274302800,4.148,4.186,4.021,4.094
1274389200,4.094,4.155,4.004,4.041
1274648400,4.023,4.059,3.976,4.034
1274734800,4.034,4.076,3.96,4.07
1274821200,4.07,4.235,4.059,4.097
1274907600,4.097,4.257,4.08,4.248
1274994000,4.248,4.323,4.186,4.264
1275253200,4.264,4.319,4.242,4.302
1275339600,4.302,4.364,4.156,4.158
1275426000,4.158,4.376,4.154,4.371
1275512400,4.371,4.641,4.318,4.641
1275598800,4.641,4.911,4.547,4.736
1275858000,4.755,4.892,4.605,4.887
1275944400,4.887,4.936,4.694,4.739
1276030800,4.739,4.783,4.619,4.637
1276117200,4.637,4.758,4.581,4.651
1276203600,4.651,4.769,4.629,4.759
1276462800,4.748,5.004,4.748,5.004
1276549200,5.004,5.155,4.986,5.09
1276635600,5.09,5.16,4.932,4.986
1276722000,4.986,5.145,4.95,5.101
1276808400,5.101,5.158,4.959,4.99
1277067600,5,5.16,4.807,4.848
1277154000,4.848,4.869,4.675,4.763
1277240400,4.763,4.863,4.731,4.794
1277326800,4.794,4.843,4.688,4.753
1277413200,4.753,4.885,4.732,4.85
1277672400,4.85,4.889,4.735,4.743
1277758800,4.743,4.763,4.531,4.573
1277845200,4.573,4.633,4.483,4.63
1277931600,4.63,4.929,4.54,4.842
1278018000,4.842,4.877,4.619,4.687
1278277200,4.687,4.846,4.665,4.798
1278363600,4.798,4.905,4.659,4.688
1278450000,4.688,4.785,4.559,4.622
1278536400,4.622,4.623,4.359,4.423
1278622800,4.423,4.459,4.343,4.428
1278882000,4.431,4.458,4.355,4.405
1278968400,4.405,4.49,4.337,4.373
1279054800,4.373,4.392,4.306,4.319
1279141200,4.319,4.626,4.291,4.618
1279227600,4.618,4.662,4.475,4.551
1279486800,4.545,4.557,4.456,4.516
1279573200,4.516,4.619,4.468,4.606
1279659600,4.606,4.664,4.481,4.531
1279746000,4.531,4.712,4.51,4.646
1279832400,4.646,4.666,4.553,4.558
1280091600,4.564,4.634,4.511,4.62
1280178000,4.62,4.685,4.592,4.671
1280264400,4.671,4.88,4.658,4.703
1280350800,4.703,4.887,4.692,4.849
1280437200,4.849,4.953,4.8,4.932
1280696400,4.918,5.022,4.695,4.731
1280782800,4.731,4.839,4.638,4.678
1280869200,4.678,4.769,4.644,4.751
1280955600,4.751,4.837,4.568,4.617
1281042000,4.617,4.657,4.467,4.48
1281301200,4.486,4.558,4.272,4.34
1281387600,4.34,4.379,4.285,4.33
1281474000,4.33,4.384,4.265,4.335
1281560400,4.335,4.371,4.272,4.292
1281646800,4.292,4.349,4.276,4.326
1281906000,4.321,4.356,4.187,4.244
1281992400,4.244,4.327,4.191,4.285
1282078800,4.285,4.313,4.2,4.24
1282165200,4.24,4.379,4.145,4.167
1282251600,4.167,4.181,4.112,4.133
1282510800,4.137,4.137,4.031,4.081
1282597200,4.081,4.093,4.029,4.053
1282683600,4.053,4.057,3.839,3.906
1282770000,3.906,3.932,3.8,3.821
1282856400,3.821,3.858,3.675,3.699
1283115600,3.71,3.856,3.672,3.813
1283202000,3.813,3.854,3.706,3.756
1283288400,3.756,3.857,3.688,3.726
1283374800,3.726,3.824,3.679,3.786
1283461200,3.786,3.926,3.739,3.891
1283720400,3.891,3.915,3.824,3.847
1283806800,3.847,3.886,3.752,3.845
1283893200,3.845,3.898,3.78,3.801
1283979600,3.801,3.824,3.69,3.788
1284066000,3.788,3.925,3.759,3.863
1284325200,3.859,3.962,3.789,3.942
1284411600,3.942,4.008,3.833,3.95
1284498000,3.95,4.049,3.921,3.989
1284584400,3.989,4.133,3.844,4.052
1284670800,4.052,4.097,3.98,3.988
1284930000,3.995,3.995,3.8,3.834
1285016400,3.834,3.991,3.805,3.948
1285102800,3.948,4.008,3.903,3.986
1285189200,3.986,4.129,3.968,4.019
1285275600,4.019,4.043,3.878,3.893
1285534800,3.897,3.897,3.757,3.814
1285621200,3.814,3.899,3.798,3.846
1285707600,3.846,3.873,3.798,3.862
1285794000,3.862,3.907,3.683,3.761
1285880400,3.761,3.77,3.695,3.695
1286139600,3.694,3.702,3.604,3.651
1286226000,3.651,3.709,3.614,3.709
1286312400,3.709,3.81,3.673,3.795
1286398800,3.795,3.81,3.542,3.565
1286485200,3.565,3.615,3.517,3.579
1286744400,3.579,3.615,3.531,3.547
1286830800,3.547,3.614,3.492,3.605
1286917200,3.605,3.725,3.585,3.624
1287003600,3.624,3.713,3.549,3.607
1287090000,3.607,3.634,3.48,3.486
1287349200,3.485,3.499,3.382,3.383
1287435600,3.383,3.502,3.367,3.501
1287522000,3.501,3.587,3.483,3.502
1287608400,3.502,3.518,3.327,3.372
1287694800,3.372,3.384,3.275,3.317
1287954000,3.316,3.362,3.246,3.339
1288040400,3.339,3.443,3.319,3.408
1288126800,3.408,3.489,3.375,3.444
1288213200,3.444,3.578,3.332,3.571
1288299600,3.571,3.729,3.501,3.724
1288558800,3.701,3.862,3.533,3.545
1288645200,3.545,3.638,3.473,3.605
1288731600,3.605,3.622,3.522,3.574
1288818000,3.574,3.632,3.488,3.598
1288904400,3.598,3.69,3.588,3.686
1289167200,3.691,3.892,3.691,3.892
1289253600,3.892,4.004,3.843,3.993
1289340000,3.993,4.035,3.818,3.865
1289426400,3.865,3.927,3.734,3.75
1289512800,3.75,3.765,3.628,3.642
1289772000,3.643,3.747,3.581,3.744
1289858400,3.744,3.793,3.662,3.71
1289944800,3.71,3.922,3.683,3.92
1290031200,3.92,3.955,3.755,3.917
1290117600,3.917,4.082,3.884,4.082
1290376800,4.077,4.236,4.07,4.2
1290463200,4.2,4.298,4.143,4.25
1290549600,4.25,4.364,4.188,4.257
1290636000,4.257,4.333,4.21,4.257
1290722400,4.257,4.322,4.223,4.273
1290981600,4.273,4.356,4.046,4.095
1291068000,4.095,4.135,4.011,4.093
1291154400,4.093,4.208,4.052,4.181
1291240800,4.181,4.263,4.088,4.237
1291327200,4.237,4.28,4.173,4.211
1291586400,4.211,4.44,4.211,4.402
1291672800,4.402,4.447,4.291,4.295
1291759200,4.295,4.52,4.259,4.502
1291845600,4.502,4.546,4.326,4.333
1291932000,4.333,4.397,4.264,4.34
1292191200,4.343,4.476,4.257,4.357
1292277600,4.357,4.371,4.188,4.202
1292364000,4.202,4.218,4.137,4.179
1292450400,4.179,4.186,3.962,3.962
1292536800,3.962,4.062,3.904,4.014
1292796000,4.009,4.212,3.976,4.202
1292882400,4.202,4.208,4.024,4.039
1292968800,4.039,4.138,3.961,4.082
1293055200,4.082,4.147,4.029,4.045
1293141600,4.045,4.046,4.042,4.044
1293400800,4.044,4.111,3.984,4.092
1293487200,4.092,4.28,4.073,4.262
1293573600,4.262,4.272,4.179,4.265
1293660000,4.265,4.326,4.199,4.301
1293746400,4.301,4.417,4.271,4.356
1294005600,4.356,4.653,4.356,4.619
1294092000,4.619,4.673,4.526,4.575
1294178400,4.575,4.606,4.418,4.447
1294264800,4.447,4.592,4.353,4.382
1294351200,4.382,4.421,4.3,4.397
1294610400,4.392,4.426,4.3,4.362
1294696800,4.362,4.482,4.316,4.473
1294783200,4.473,4.533,4.426,4.484
1294869600,4.484,4.491,4.347,4.347
1294956000,4.347,4.478,4.343,4.467
1295215200,4.467,4.53,4.452,4.505
1295301600,4.505,4.525,4.375,4.394
1295388000,4.394,4.574,4.393,4.571
1295474400,4.571,4.693,4.515,4.685
1295560800,4.685,4.768,4.636,4.71
1295820000,4.713,4.873,4.553,4.568
1295906400,4.568,4.62,4.406,4.475
1295992800,4.475,4.514,4.383,4.47
1296079200,4.47,4.484,4.296,4.314
1296165600,4.314,4.356,4.24,4.319
1296424800,4.322,4.448,4.278,4.407
1296511200,4.407,4.413,4.31,4.335
1296597600,4.335,4.434,4.328,4.432
1296684000,4.432,4.484,4.315,4.349
1296770400,4.349,4.359,4.278,4.292
1297029600,4.299,4.299,4.093,4.112
1297116000,4.112,4.119,4.021,4.063
1297202400,4.063,4.08,3.985,4.07
1297288800,4.07,4.142,3.96,3.978
1297375200,3.978,3.978,3.89,3.893
1297634400,3.89,3.941,3.855,3.941
1297720800,3.941,3.992,3.887,3.983
1297807200,3.983,3.993,3.904,3.917
1297893600,3.917,3.946,3.822,3.87
1297980000,3.87,3.895,3.838,3.864
1298239200,3.864,3.938,3.859,3.927
1298325600,3.927,3.988,3.823,3.858
1298412000,3.858,3.913,3.807,3.882
1298498400,3.882,3.898,3.769,3.818
1298584800,3.818,3.99,3.78,3.975
1298844000,3.968,4.05,3.906,4.007
1298930400,4.007,4.009,3.811,3.817
1299016800,3.817,3.841,3.754,3.777
1299103200,3.777,3.828,3.719,3.738
1299189600,3.738,3.785,3.691,3.762
1299448800,3.765,3.9,3.697,3.882
1299535200,3.882,3.929,3.798,3.822
1299621600,3.822,3.912,3.805,3.893
1299708000,3.893,3.907,3.765,3.801
1299794400,3.801,3.916,3.776,3.864
1300050000,3.867,4.027,3.866,3.88
1300136400,3.88,3.979,3.777,3.94
1300222800,3.94,3.993,3.88,3.921
1300309200,3.921,4.148,3.898,4.137
1300395600,4.137,4.178,4.08,4.144
1300654800,4.143,4.214,4.102,4.144
1300741200,4.144,4.253,4.137,4.251
1300827600,4.251,4.338,4.242,4.335
1300914000,4.335,4.389,4.206,4.221
1301000400,4.221,4.423,4.205,4.423
1301259600,4.42,4.462,4.311,4.316
1301346000,4.316,4.363,4.172,4.176
1301432400,4.176,4.304,4.171,4.3
1301518800,4.3,4.359,4.127,4.325
1301605200,4.325,4.346,4.209,4.261
1301864400,4.262,4.294,4.165,4.217
1301950800,4.217,4.255,4.158,4.158
1302037200,4.158,4.181,4.069,4.087
1302123600,4.087,4.102,3.977,4.004
1302210000,4.004,4.024,3.962,3.98
1302469200,3.981,4.104,3.945,4.081
1302555600,4.081,4.1,4.015,4.051
1302642000,4.051,4.141,4.034,4.105
1302728400,4.105,4.222,4.025,4.178
1302814800,4.178,4.204,4.138,4.178
1303074000,4.18,4.241,4.061,4.118
1303160400,4.118,4.268,4.105,4.264
1303246800,4.264,4.322,4.249,4.291
1303333200,4.291,4.41,4.252,4.4
1303419600,4.4,4.406,4.4,4.406
1303678800,4.406,4.438,4.338,4.372
1303765200,4.372,4.41,4.327,4.372
1303851600,4.372,4.428,4.335,4.341
1303938000,4.341,4.534,4.334,4.512
1304024400,4.512,4.642,4.494,4.622
1304283600,4.619,4.671,4.581,4.637
1304370000,4.637,4.663,4.596,4.596
1304456400,4.596,4.633,4.509,4.511
1304542800,4.511,4.521,4.164,4.164
1304629200,4.164,4.3,4.161,4.227
1304888400,4.229,4.259,4.113,4.148
1304974800,4.148,4.243,4.128,4.239
1305061200,4.239,4.258,4.122,4.156
1305147600,4.156,4.205,4.079,4.155
1305234000,4.155,4.244,4.124,4.224
1305493200,4.228,4.316,4.174,4.266
1305579600,4.266,4.305,4.14,4.161
1305666000,4.161,4.222,4.159,4.173
1305752400,4.173,4.18,4.072,4.077
1305838800,4.077,4.247,4.062,4.243
1306098000,4.247,4.37,4.211,4.316
1306184400,4.316,4.39,4.264,4.323
1306270800,4.323,4.375,4.305,4.356
1306357200,4.356,4.401,4.178,4.317
1306443600,4.317,4.506,4.311,4.467
1306702800,4.463,4.539,4.463,4.518
1306789200,4.518,4.656,4.51,4.612
1306875600,4.612,4.63,4.54,4.584
1306962000,4.584,4.81,4.577,4.742
1307048400,4.742,4.76,4.64,4.64
1307307600,4.644,4.812,4.644,4.79
1307394000,4.79,4.814,4.725,4.784
1307480400,4.784,4.835,4.73,4.812
1307566800,4.812,4.946,4.475,4.626
1307653200,4.626,4.748,4.623,4.721
1307912400,4.727,4.782,4.569,4.575
1307998800,4.575,4.628,4.534,4.546
1308085200,4.546,4.582,4.5,4.562
1308171600,4.562,4.573,4.387,4.422
1308258000,4.422,4.43,4.298,4.326
1308517200,4.316,4.362,4.264,4.304
1308603600,4.304,4.402,4.293,4.401
1308690000,4.401,4.433,4.297,4.299
1308776400,4.299,4.326,4.146,4.207
1308862800,4.207,4.241,4.164,4.237
1309122000,4.237,4.266,4.177,4.258
1309208400,4.258,4.361,4.232,4.348
1309294800,4.348,4.36,4.26,4.298
1309381200,4.298,4.405,4.197,4.363
1309467600,4.363,4.371,4.286,4.3
1309726800,4.304,4.327,4.238,4.304
1309813200,4.304,4.397,4.265,4.338
1309899600,4.338,4.346,4.2,4.21
1309986000,4.21,4.235,4.052,4.156
1310072400,4.156,4.212,4.11,4.204
1310331600,4.213,4.327,4.172,4.276
1310418000,4.276,4.339,4.214,4.32
1310504400,4.32,4.409,4.304,4.371
1310590800,4.371,4.4,4.244,4.392
1310677200,4.392,4.551,4.375,4.546
1310936400,4.541,4.606,4.477,4.518
1311022800,4.518,4.573,4.506,4.53
1311109200,4.53,4.592,4.428,4.492
1311195600,4.492,4.59,4.369,4.39
1311282000,4.39,4.47,4.367,4.394
1311541200,4.393,4.458,4.342,4.368
1311627600,4.368,4.38,4.297,4.356
1311714000,4.356,4.399,4.32,4.336
1311800400,4.336,4.358,4.219,4.258
1311886800,4.258,4.26,4.156,4.168
1312146000,4.168,4.22,4.146,4.204
1312232400,4.204,4.246,4.151,4.165
1312318800,4.165,4.195,4.081,4.107
1312405200,4.107,4.133,3.929,3.96
1312491600,3.96,3.992,3.914,3.969
1312750800,3.962,3.984,3.866,3.959
1312837200,3.959,4.051,3.899,4.023
1312923600,4.023,4.092,3.991,4.014
1313010000,4.014,4.153,3.95,4.119
1313096400,4.119,4.15,4.062,4.075
1313355600,4.076,4.076,3.958,4.029
1313442000,4.029,4.05,3.91,3.939
1313528400,3.939,3.989,3.899,3.941
1313614800,3.941,4.002,3.849,3.937
1313701200,3.937,3.978,3.907,3.938
1313960400,3.937,3.937,3.857,3.881
1314046800,3.881,4.051,3.878,4.001
1314133200,4.001,4.032,3.913,3.915
1314219600,3.915,3.986,3.872,3.933
1314306000,3.933,3.979,3.901,3.976
1314565200,3.964,3.964,3.849,3.861
1314651600,3.861,3.947,3.806,3.945
1314738000,3.945,4.095,3.896,4.088
1314824400,4.088,4.156,3.995,4.067
1314910800,4.067,4.091,3.873,3.888
1315170000,3.889,3.944,3.872,3.877
1315256400,3.877,3.97,3.876,3.947
1315342800,3.947,4.058,3.919,3.957
1315429200,3.957,4.048,3.939,4.02
1315515600,4.02,4.02,3.903,3.928
1315774800,3.937,3.94,3.841,3.921
1315861200,3.921,4.032,3.884,4.002
1315947600,4.002,4.113,3.968,4.055
1316034000,4.055,4.093,3.887,3.889
1316120400,3.889,3.906,3.802,3.836
1316379600,3.832,3.855,3.752,3.851
1316466000,3.851,3.867,3.785,3.79
1316552400,3.79,3.806,3.724,3.725
1316638800,3.725,3.766,3.667,3.722
1316725200,3.722,3.76,3.697,3.699
1316984400,3.697,3.805,3.682,3.787
1317070800,3.787,3.864,3.765,3.813
1317157200,3.813,3.822,3.721,3.731
1317243600,3.731,3.781,3.631,3.708
1317330000,3.708,3.738,3.6,3.604
1317589200,3.611,3.652,3.547,3.569
1317675600,3.569,3.619,3.547,3.616
1317762000,3.616,3.649,3.513,3.519
1317848400,3.519,3.6,3.473,3.559
1317934800,3.559,3.561,3.435,3.443
1318194000,3.447,3.536,3.423,3.533
1318280400,3.533,3.595,3.483,3.575
1318366800,3.575,3.6,3.454,3.456
1318453200,3.456,3.533,3.42,3.52
1318539600,3.52,3.717,3.488,3.668
1318798800,3.667,3.757,3.621,3.666
1318885200,3.666,3.679,3.515,3.53
1318971600,3.53,3.618,3.519,3.582
1319058000,3.582,3.71,3.558,3.615
1319144400,3.615,3.64,3.538,3.64
1319403600,3.635,3.672,3.585,3.596
1319490000,3.596,3.695,3.576,3.66
1319576400,3.66,3.689,3.572,3.589
1319662800,3.589,3.652,3.548,3.605
1319749200,3.605,3.758,3.594,3.747
1320008400,3.747,3.811,3.69,3.761
1320094800,3.761,3.792,3.608,3.619
1320181200,3.619,3.654,3.585,3.619
1320267600,3.619,3.718,3.602,3.667
1320354000,3.667,3.708,3.634,3.665
1320616800,3.664,3.664,3.536,3.58
1320703200,3.58,3.657,3.545,3.65
1320789600,3.65,3.652,3.545,3.551
1320876000,3.551,3.606,3.514,3.545
1320962400,3.545,3.562,3.472,3.472
1321221600,3.47,3.474,3.374,3.376
1321308000,3.376,3.413,3.323,3.344
1321394400,3.344,3.375,3.266,3.282
1321480800,3.282,3.42,3.267,3.393
1321567200,3.393,3.395,3.235,3.27
1321826400,3.272,3.403,3.249,3.379
1321912800,3.379,3.422,3.331,3.377
1321999200,3.377,3.456,3.326,3.446
1322085600,3.446,3.495,3.406,3.436
1322172000,3.436,3.524,3.418,3.514
1322431200,3.514,3.581,3.392,3.428
1322517600,3.428,3.51,3.398,3.497
1322604000,3.497,3.511,3.417,3.449
1322690400,3.449,3.565,3.422,3.525
1322776800,3.525,3.543,3.452,3.466
1323036000,3.47,3.47,3.347,3.363
1323122400,3.363,3.41,3.311,3.4
1323208800,3.4,3.409,3.321,3.336
1323295200,3.336,3.461,3.324,3.356
1323381600,3.356,3.358,3.232,3.258
1323640800,3.26,3.26,3.152,3.188
1323727200,3.188,3.236,3.171,3.222
1323813600,3.222,3.226,3.071,3.092
1323900000,3.092,3.151,3.048,3.079
1323986400,3.079,3.124,3.038,3.082
1324245600,3.079,3.084,3.014,3.081
1324332000,3.081,3.117,3.055,3.107
1324418400,3.107,3.163,3.067,3.135
1324504800,3.135,3.176,3.077,3.134
1324591200,3.134,3.146,3.082,3.084
1324936800,3.088,3.192,3.085,3.129
1325023200,3.129,3.158,3.081,3.111
1325109600,3.111,3.123,2.978,3.004
1325196000,3.004,3.019,2.935,2.943
1325541600,2.946,3.054,2.918,2.97
1325628000,2.97,3.103,2.957,3.101
1325714400,3.101,3.104,2.93,2.949
1325800800,2.949,3.06,2.938,3.057
1326060000,3.058,3.058,2.963,2.997
1326146400,2.997,3.03,2.891,2.904
1326232800,2.904,2.916,2.73,2.756
1326319200,2.756,2.76,2.652,2.71
1326405600,2.71,2.711,2.612,2.615
1326664800,2.629,2.629,2.53,2.542
1326751200,2.542,2.576,2.433,2.486
1326837600,2.486,2.536,2.447,2.479
1326924000,2.479,2.48,2.288,2.297
1327010400,2.297,2.361,2.279,2.335
1327269600,2.327,2.616,2.228,2.605
1327356000,2.605,2.648,2.51,2.561
1327442400,2.561,2.774,2.553,2.759
1327528800,2.759,2.805,2.559,2.618
1327615200,2.618,2.747,2.571,2.744
1327874400,2.741,2.814,2.614,2.629
1327960800,2.629,2.663,2.43,2.435
1328047200,2.435,2.448,2.333,2.357
1328133600,2.357,2.561,2.319,2.561
1328220000,2.561,2.565,2.429,2.483
1328479200,2.489,2.567,2.43,2.565
1328565600,2.565,2.599,2.435,2.474
1328652000,2.474,2.49,2.374,2.425
1328738400,2.425,2.569,2.391,2.468
1328824800,2.468,2.512,2.436,2.462
1329084000,2.463,2.463,2.384,2.428
1329170400,2.428,2.556,2.424,2.534
1329256800,2.534,2.556,2.394,2.43
1329343200,2.43,2.567,2.406,2.551
1329429600,2.551,2.722,2.519,2.682
1329688800,2.673,2.673,2.598,2.607
1329775200,2.607,2.649,2.569,2.647
1329861600,2.647,2.662,2.528,2.656
1329948000,2.656,2.691,2.561,2.601
1330034400,2.601,2.627,2.523,2.536
1330293600,2.53,2.601,2.466,2.466
1330380000,2.466,2.493,2.387,2.413
1330466400,2.413,2.495,2.381,2.468
1330552800,2.468,2.474,2.332,2.361
1330639200,2.361,2.393,2.35,2.356
1330898400,2.358,2.358,2.258,2.264
1330984800,2.264,2.304,2.252,2.253
1331071200,2.253,2.256,2.198,2.222
1331157600,2.222,2.251,2.159,2.216
1331244000,2.216,2.25,2.185,2.243
1331499600,2.238,2.238,2.173,2.205
1331586000,2.205,2.276,2.144,2.268
1331672400,2.268,2.286,2.191,2.228
1331758800,2.228,2.28,2.183,2.207
1331845200,2.207,2.312,2.197,2.286
1332104400,2.277,2.354,2.248,2.307
1332190800,2.307,2.335,2.286,2.297
1332277200,2.297,2.337,2.275,2.319
1332363600,2.319,2.353,2.226,2.241
1332450000,2.241,2.304,2.238,2.251
1332709200,2.253,2.308,2.205,2.208
1332795600,2.208,2.239,2.178,2.2
1332882000,2.2,2.22,2.168,2.183
1332968400,2.183,2.193,2.057,2.093
1333054800,2.093,2.094,2.029,2.048
1333314000,2.046,2.095,2.005,2.081
1333400400,2.081,2.138,2.054,2.108
1333486800,2.108,2.135,2.07,2.078
1333573200,2.078,2.099,2.028,2.039
1333659600,2.039,2.039,2.037,2.037
1333918800,2.037,2.07,2.015,2.068
1334005200,2.068,2.079,1.983,1.985
1334091600,1.985,2.008,1.938,1.94
1334178000,1.94,2.031,1.934,1.945
1334264400,1.945,1.964,1.926,1.957
1334523600,1.958,2.003,1.95,1.982
1334610000,1.982,1.99,1.924,1.925
1334696400,1.925,1.966,1.918,1.928
1334782800,1.928,1.952,1.885,1.889
1334869200,1.889,1.919,1.885,1.912
1335128400,1.914,2.014,1.913,2.009
1335214800,2.009,2.034,1.981,1.987
1335301200,1.987,2.106,1.982,2.099
1335387600,2.099,2.209,2.044,2.052
1335474000,2.052,2.118,2.03,2.116
1335733200,2.116,2.244,2.08,2.237
1335819600,2.237,2.308,2.221,2.285
1335906000,2.285,2.31,2.168,2.191
1335992400,2.191,2.309,2.185,2.275
1336078800,2.275,2.305,2.196,2.218
1336338000,2.219,2.298,2.214,2.257
1336424400,2.257,2.402,2.222,2.378
1336510800,2.378,2.451,2.348,2.395
1336597200,2.395,2.463,2.355,2.415
1336683600,2.415,2.477,2.405,2.447
1336942800,2.442,2.476,2.372,2.377
1337029200,2.377,2.482,2.347,2.482
1337115600,2.482,2.599,2.452,2.591
1337202000,2.591,2.637,2.472,2.601
1337288400,2.601,2.724,2.572,2.696
1337547600,2.69,2.715,2.565,2.624
1337634000,2.624,2.705,2.557,2.668
1337720400,2.668,2.727,2.597,2.711
1337806800,2.711,2.733,2.613,2.629
1337893200,2.629,2.656,2.526,2.562
1338152400,2.558,2.567,2.48,2.503
1338238800,2.503,2.56,2.42,2.451
1338325200,2.451,2.461,2.35,2.399
1338411600,2.399,2.454,2.335,2.372
1338498000,2.372,2.374,2.273,2.284
1338757200,2.289,2.402,2.282,2.402
1338843600,2.402,2.44,2.348,2.409
1338930000,2.409,2.451,2.364,2.385
1339016400,2.385,2.406,2.234,2.243
1339102800,2.243,2.294,2.202,2.275
1339362000,2.276,2.276,2.175,2.191
1339448400,2.191,2.248,2.152,2.195
1339534800,2.195,2.207,2.162,2.176
1339621200,2.176,2.506,2.149,2.506
1339707600,2.506,2.536,2.424,2.452
1339966800,2.441,2.637,2.441,2.629
1340053200,2.629,2.656,2.494,2.549
1340139600,2.549,2.665,2.491,2.505
1340226000,2.505,2.626,2.495,2.575
1340312400,2.575,2.655,2.533,2.629
1340571600,2.631,2.726,2.631,2.647
1340658000,2.647,2.784,2.647,2.774
1340744400,2.774,2.937,2.72,2.738
1340830800,2.738,2.81,2.628,2.719
1340917200,2.719,2.798,2.684,2.79
1341176400,2.788,2.824,2.714,2.806
1341262800,2.806,2.872,2.759,2.867
1341349200,2.867,2.928,2.863,2.907
1341435600,2.907,2.924,2.858,2.924
1341522000,2.924,3.032,2.729,2.764
1341781200,2.766,2.873,2.754,2.863
1341867600,2.863,2.894,2.715,2.727
1341954000,2.727,2.842,2.699,2.834
1342040400,2.834,2.901,2.703,2.844
1342126800,2.844,2.893,2.812,2.855
1342386000,2.863,2.901,2.768,2.797
1342472400,2.797,2.834,2.708,2.783
1342558800,2.783,3.007,2.767,2.964
1342645200,2.964,3.027,2.916,3.021
1342731600,3.021,3.086,2.976,3.084
1342990800,3.083,3.124,2.987,3.113
1343077200,3.113,3.192,3.081,3.167
1343163600,3.167,3.174,3.047,3.067
1343250000,3.067,3.137,3.025,3.105
1343336400,3.105,3.116,3.001,3.062
1343595600,3.061,3.252,3.05,3.237
1343682000,3.237,3.298,3.177,3.249
1343768400,3.249,3.261,3.142,3.172
1343854800,3.172,3.19,2.929,2.935
1343941200,2.935,2.972,2.856,2.901
1344200400,2.906,2.951,2.815,2.945
1344286800,2.945,3.009,2.896,2.975
1344373200,2.975,3.001,2.91,2.942
1344459600,2.942,3.134,2.889,2.93
1344546000,2.93,2.955,2.771,2.795
1344805200,2.794,2.8,2.725,2.755
1344891600,2.755,2.857,2.739,2.844
1344978000,2.844,2.848,2.748,2.771
1345064400,2.771,2.848,2.693,2.722
1345150800,2.722,2.764,2.695,2.745
1345410000,2.739,2.79,2.692,2.773
1345496400,2.773,2.842,2.705,2.825
1345582800,2.825,2.867,2.776,2.853
1345669200,2.853,2.863,2.686,2.844
1345755600,2.844,2.881,2.698,2.701
1346014800,2.701,2.77,2.641,2.658
1346101200,2.658,2.674,2.606,2.615
1346187600,2.615,2.683,2.593,2.674
1346274000,2.674,2.749,2.62,2.746
1346360400,2.746,2.791,2.691,2.784
1346619600,2.785,2.79,2.76,2.772
1346706000,2.772,2.872,2.747,2.838
1346792400,2.838,2.854,2.767,2.782
1346878800,2.782,2.852,2.737,2.742
1346965200,2.742,2.752,2.655,2.676
1347224400,2.678,2.832,2.636,2.83
1347310800,2.83,2.993,2.793,2.99
1347397200,2.99,3.058,2.94,3.056
1347483600,3.056,3.06,2.952,3.013
1347570000,3.013,3.052,2.911,2.947
1347829200,2.936,2.976,2.851,2.873
1347915600,2.873,2.91,2.751,2.77
1348002000,2.77,2.85,2.733,2.784
1348088400,2.784,2.816,2.744,2.812
1348174800,2.812,2.898,2.786,2.896
1348434000,2.887,2.894,2.821,2.869
1348520400,2.869,2.936,2.864,2.933
1348606800,2.933,3.056,2.918,3.03
1348693200,3.03,3.136,3.009,3.104
1348779600,3.104,3.154,3.075,3.14
1349038800,3.142,3.319,3.142,3.309
1349125200,3.309,3.379,3.24,3.353
1349211600,3.353,3.366,3.199,3.24
1349298000,3.24,3.315,3.214,3.262
1349384400,3.262,3.29,3.2,3.247
1349643600,3.257,3.305,3.205,3.291
1349730000,3.291,3.392,3.229,3.356
1349816400,3.356,3.397,3.317,3.367
1349902800,3.367,3.52,3.358,3.51
1349989200,3.51,3.529,3.457,3.495
1350248400,3.491,3.507,3.362,3.404
1350334800,3.404,3.437,3.33,3.363
1350421200,3.363,3.426,3.326,3.408
1350507600,3.408,3.521,3.334,3.51
1350594000,3.51,3.583,3.494,3.526
1350853200,3.518,3.601,3.385,3.396
1350939600,3.396,3.521,3.395,3.488
1351026000,3.488,3.527,3.4,3.407
1351112400,3.407,3.452,3.335,3.4
1351198800,3.4,3.446,3.358,3.382
1351458000,3.387,3.53,3.387,3.496
1351544400,3.496,3.508,3.356,3.407
1351630800,3.407,3.483,3.387,3.408
1351717200,3.408,3.459,3.38,3.404
1351803600,3.404,3.421,3.278,3.289
1352066400,3.292,3.357,3.278,3.335
1352152800,3.335,3.397,3.296,3.391
1352239200,3.391,3.398,3.344,3.362
1352325600,3.362,3.41,3.319,3.391
1352412000,3.391,3.417,3.296,3.323
1352671200,3.319,3.434,3.311,3.409
1352757600,3.409,3.594,3.402,3.592
1352844000,3.592,3.673,3.575,3.597
1352930400,3.597,3.688,3.546,3.549
1353016800,3.549,3.673,3.535,3.666
1353276000,3.664,3.728,3.616,3.633
1353362400,3.633,3.753,3.631,3.751
1353448800,3.751,3.83,3.706,3.827
1353535200,3.827,3.863,3.815,3.845
1353621600,3.845,3.857,3.772,3.839
1353880800,3.839,3.839,3.682,3.709
1353967200,3.709,3.748,3.685,3.725
1354053600,3.725,3.728,3.587,3.658
1354140000,3.658,3.66,3.496,3.514
1354226400,3.514,3.538,3.412,3.447
1354485600,3.447,3.517,3.409,3.482
1354572000,3.482,3.49,3.411,3.433
1354658400,3.433,3.602,3.397,3.571
1354744800,3.571,3.635,3.508,3.531
1354831200,3.531,3.578,3.441,3.441
1355090400,3.441,3.441,3.334,3.3485
1355176800,3.3485,3.4115,3.3135,3.3425
1355263200,3.3425,3.3715,3.2955,3.3265
1355349600,3.3265,3.3345,3.2285,3.2745
1355436000,3.2745,3.2995,3.2025,3.2405
1355695200,3.2405,3.3455,3.2295,3.2985
1355781600,3.2985,3.4035,3.2905,3.3535
1355868000,3.3535,3.3695,3.2465,3.2975
1355954400,3.2975,3.4325,3.2795,3.4225
1356040800,3.4225,3.4755,3.3945,3.4265
1356300000,3.4265,3.4345,3.3305,3.3395
1356472800,3.3395,3.3905,3.3145,3.3465
1356559200,3.3465,3.3795,3.3095,3.3515
1356645600,3.3515,3.4405,3.3175,3.4185
1356904800,3.4185,3.4385,3.3115,3.3145
1357077600,3.3145,3.3145,3.1415,3.1945
1357164000,3.1945,3.1985,3.1305,3.1565
1357250400,3.1565,3.2655,3.1565,3.2545
1357509600,3.2545,3.3215,3.2105,3.2365
1357596000,3.2365,3.2495,3.1765,3.1915
1357682400,3.1915,3.1985,3.0645,3.1055
1357768800,3.1055,3.1855,3.0835,3.1655
1357855200,3.1655,3.3155,3.1535,3.3025
1358114400,3.3025,3.3905,3.3025,3.3585
1358200800,3.3585,3.4435,3.31,3.4225
1358287200,3.4225,3.4355,3.3455,3.4175
1358373600,3.4175,3.5095,3.363,3.4655
1358460000,3.4655,3.5615,3.4585,3.5555
1358719200,3.5555,3.6325,3.5555,3.6155
1358805600,3.6155,3.629,3.4955,3.5605
1358892000,3.5605,3.5845,3.504,3.5555
1358978400,3.5555,3.5825,3.4445,3.4675
1359064800,3.4675,3.4885,3.4225,3.4635
1359324000,3.4635,3.4635,3.2905,3.2945
1359410400,3.2945,3.295,3.231,3.259
1359496800,3.259,3.3395,3.254,3.3345
1359583200,3.3345,3.3905,3.2395,3.3325
1359669600,3.3325,3.3825,3.2775,3.2975
1359928800,3.2975,3.3505,3.2575,3.3275
1360015200,3.3275,3.4245,3.318,3.4245
1360101600,3.4245,3.4565,3.3965,3.4415
1360188000,3.4415,3.4485,3.2825,3.2855
1360274400,3.2855,3.3235,3.2555,3.262
1360533600,3.262,3.2915,3.206,3.2865
1360620000,3.2865,3.312,3.2215,3.2465
1360706400,3.2465,3.3215,3.2295,3.2925
1360792800,3.2925,3.3075,3.1355,3.1695
1360879200,3.1695,3.1905,3.124,3.1615
1361138400,3.1615,3.1745,3.1335,3.1745
1361224800,3.1745,3.2785,3.1695,3.2745
1361311200,3.2745,3.3075,3.2585,3.2665
1361397600,3.2665,3.314,3.2215,3.2415
1361484000,3.2415,3.2945,3.2345,3.2835
1361743200,3.2835,3.4245,3.2835,3.4195
1361829600,3.4195,3.4655,3.3835,3.4005
1361916000,3.4005,3.5045,3.3625,3.3715
1362002400,3.3715,3.4595,3.3515,3.4465
1362088800,3.4465,3.4725,3.3965,3.4145
1362348000,3.4145,3.4995,3.3705,3.4955
1362434400,3.4955,3.5525,3.4745,3.4895
1362520800,3.4895,3.5125,3.4285,3.4435
1362607200,3.4435,3.562,3.4315,3.5405
1362693600,3.5405,3.5925,3.5295,3.5835
1362949200,3.5835,3.6115,3.5565,3.6045
1363035600,3.6045,3.6345,3.5835,3.5985
1363122000,3.5985,3.6545,3.587,3.6455
1363208400,3.6455,3.7895,3.6415,3.7845
1363294800,3.7845,3.8795,3.7795,3.8185
1363554000,3.8185,3.9275,3.8185,3.8375
1363640400,3.8375,3.9275,3.8305,3.9155
1363726800,3.9155,3.929,3.845,3.9015
1363813200,3.9015,3.9795,3.849,3.8835
1363899600,3.8835,3.9675,3.8755,3.8985
1364158800,3.8985,3.9545,3.8275,3.8375
1364245200,3.8375,3.9665,3.831,3.9485
1364331600,3.9485,4.0445,3.9265,4.0275
1364418000,4.0275,4.064,3.9205,3.9625
1364504400,3.9625,3.9675,3.9625,3.9655
1364763600,3.9655,3.9945,3.8865,3.9835
1364850000,3.9835,3.9965,3.8995,3.9175
1364936400,3.9175,3.94,3.8575,3.8635
1365022800,3.8635,3.932,3.8225,3.9075
1365109200,3.9075,4.0845,3.887,4.0795
1365368400,4.0795,4.1215,3.9925,4.0315
1365454800,4.0315,4.053,3.9595,3.9875
1365541200,3.9875,4.1115,3.98,4.0515
1365627600,4.0515,4.1405,4.0065,4.1265
1365714000,4.1265,4.2145,4.1065,4.2145
1365973200,4.2145,4.2475,4.0755,4.0785
1366059600,4.0785,4.1515,4.0405,4.1465
1366146000,4.1465,4.1965,4.1065,4.1605
1366232400,4.1605,4.3815,4.1325,4.3705
1366318800,4.3705,4.373,4.3195,4.3545
1366578000,4.3545,4.3545,4.2205,4.2205
1366664400,4.2205,4.2865,4.1885,4.2065
1366750800,4.2065,4.2535,4.1405,4.1545
1366837200,4.1545,4.224,4.1155,4.1395
1366923600,4.1395,4.1955,4.0345,4.1915
1367182800,4.1915,4.3385,4.174,4.3265
1367269200,4.3265,4.3405,4.2695,4.2885
1367355600,4.2885,4.3905,4.2645,4.2725
1367442000,4.2725,4.313,3.9745,4.0025
1367528400,4.0025,4.0235,3.9345,4.0075
1367787600,4.0075,4.0155,3.9345,3.9555
1367874000,3.9555,3.9645,3.8805,3.8835
1367960400,3.8835,3.9545,3.861,3.9395
1368046800,3.9395,3.9835,3.85,3.9395
1368133200,3.9395,3.977,3.8705,3.8705
1368392400,3.8705,3.9485,3.859,3.8995
1368478800,3.8995,4.0005,3.8985,3.9955
1368565200,3.9955,4.0495,3.983,4.0435
1368651600,4.0435,4.0635,3.8945,3.9155
1368738000,3.9155,4.0745,3.8995,4.0395
1368997200,4.0395,4.1405,4.0395,4.0805
1369083600,4.0805,4.1915,4.0685,4.1765
1369170000,4.1765,4.211,4.1405,4.1685
1369256400,4.1685,4.2535,4.1465,4.2475
1369342800,4.2475,4.2815,4.204,4.2135
1369602000,4.2135,4.3025,4.1955,4.2805
1369688400,4.2805,4.2915,4.1205,4.1645
1369774800,4.1645,4.1775,4.0725,4.1255
1369861200,4.1255,4.1355,3.9665,3.9845
1369947600,3.9845,4.0185,3.9395,3.9435
1370206800,3.9435,3.9995,3.9125,3.9505
1370293200,3.9505,3.9945,3.9285,3.9575
1370379600,3.9575,3.987,3.9365,3.9605
1370466000,3.9605,3.961,3.7905,3.8085
1370552400,3.8085,3.8315,3.7795,3.7955
1370811600,3.7955,3.8395,3.7535,3.7695
1370898000,3.7695,3.775,3.6945,3.6945
1370984400,3.6945,3.7625,3.685,3.7485
1371070800,3.7485,3.8265,3.6945,3.7925
1371157200,3.7925,3.8105,3.7135,3.7255
1371416400,3.7255,3.8855,3.7255,3.8855
1371502800,3.8855,3.9275,3.8465,3.8955
1371589200,3.8955,3.9625,3.887,3.9345
1371675600,3.9345,3.9475,3.821,3.8545
1371762000,3.8545,3.8845,3.7535,3.7795
1372021200,3.7795,3.807,3.7135,3.7265
1372107600,3.7265,3.745,3.6385,3.6475
1372194000,3.6475,3.7205,3.64,3.7155
1372280400,3.7155,3.7225,3.5275,3.5645
1372366800,3.5645,3.589,3.5005,3.5405
1372626000,3.5405,3.5795,3.5075,3.5725
1372712400,3.5725,3.6405,3.544,3.6355
1372798800,3.6355,3.6725,3.5515,3.6725
1372885200,3.6725,3.6755,3.5935,3.6425
1372971600,3.6425,3.6575,3.5565,3.5915
1373230800,3.5915,3.7415,3.5915,3.7175
1373317200,3.7175,3.727,3.6095,3.6385
1373403600,3.6385,3.767,3.613,3.6505
1373490000,3.6505,3.6855,3.5595,3.6005
1373576400,3.6005,3.6725,3.5855,3.6255
1373835600,3.6255,3.6685,3.5295,3.6495
1373922000,3.6495,3.698,3.5915,3.6525
1374008400,3.6525,3.665,3.5935,3.6075
1374094800,3.6075,3.8185,3.5935,3.7995
1374181200,3.7995,3.809,3.7455,3.7545
1374440400,3.7545,3.7545,3.6285,3.6915
1374526800,3.6915,3.7495,3.6495,3.7215
1374613200,3.7215,3.7705,3.6815,3.6965
1374699600,3.6965,3.743,3.6305,3.6405
1374786000,3.6405,3.642,3.5435,3.5645
1375045200,3.5645,3.5645,3.4175,3.4585
1375131600,3.4585,3.4755,3.4105,3.4405
1375218000,3.4405,3.461,3.4125,3.4465
1375304400,3.4465,3.4485,3.3415,3.3805
1375390800,3.3805,3.4035,3.3415,3.3435
1375650000,3.3435,3.3585,3.3095,3.3225
1375736400,3.3225,3.3555,3.3005,3.3005
1375822800,3.3005,3.3155,3.2375,3.2395
1375909200,3.2395,3.3235,3.131,3.3225
1375995600,3.3225,3.3245,3.2185,3.2285
1376254800,3.2285,3.3585,3.2285,3.3005
1376341200,3.3005,3.331,3.2665,3.3055
1376427600,3.3055,3.3745,3.289,3.3455
1376514000,3.3455,3.4325,3.3065,3.4305
1376600400,3.4305,3.4325,3.3655,3.3755
1376859600,3.3755,3.5025,3.3755,3.4705
1376946000,3.4705,3.5025,3.4395,3.4495
1377032400,3.4495,3.5025,3.3995,3.4865
1377118800,3.4865,3.5655,3.4635,3.5525
1377205200,3.5525,3.5695,3.4925,3.5005
1377464400,3.5005,3.5635,3.4975,3.5285
1377550800,3.5285,3.5655,3.4665,3.5655
1377637200,3.5655,3.61,3.4955,3.5565
1377723600,3.5565,3.638,3.4955,3.6045
1377810000,3.6045,3.637,3.5515,3.5925
1378069200,3.5925,3.6745,3.5925,3.6725
1378155600,3.6725,3.6725,3.6255,3.6625
1378242000,3.6625,3.684,3.6285,3.6655
1378328400,3.6655,3.7065,3.5515,3.5635
1378414800,3.5635,3.5815,3.5085,3.5185
1378674000,3.5185,3.6115,3.5185,3.6035
1378760400,3.6035,3.6185,3.5325,3.5685
1378846800,3.5685,3.6085,3.5195,3.5585
1378933200,3.5585,3.6565,3.531,3.6255
1379019600,3.6255,3.6785,3.5965,3.6675
1379278800,3.6675,3.7415,3.6205,3.7415
1379365200,3.7415,3.7715,3.7215,3.7335
1379451600,3.7335,3.753,3.6735,3.7225
1379538000,3.7225,3.813,3.6785,3.7135
1379624400,3.7135,3.7185,3.6605,3.6915
1379883600,3.6915,3.6915,3.6075,3.6125
1379970000,3.6125,3.629,3.4955,3.5005
1380056400,3.5005,3.5395,3.4845,3.4955
1380142800,3.4955,3.5285,3.401,3.5205
1380229200,3.5205,3.5495,3.4665,3.5325
1380488400,3.5325,3.5325,3.4605,3.5085
1380574800,3.5085,3.6005,3.488,3.5605
1380661200,3.5605,3.597,3.4875,3.4945
1380747600,3.4945,3.5235,3.4475,3.4635
1380834000,3.4635,3.4885,3.4395,3.4705
1381093200,3.4705,3.6195,3.4705,3.6035
1381179600,3.6035,3.6905,3.5935,3.6855
1381266000,3.6855,3.696,3.6365,3.6625
1381352400,3.6625,3.7585,3.6465,3.7015
1381438800,3.7015,3.7545,3.6925,3.7545
1381698000,3.7545,3.8235,3.7295,3.7925
1381784400,3.7925,3.8265,3.7505,3.7835
1381870800,3.7835,3.8235,3.7265,3.7395
1381957200,3.7395,3.766,3.6975,3.7235
1382043600,3.7235,3.7545,3.6605,3.7405
1382302800,3.7405,3.8125,3.6365,3.6485
1382389200,3.6485,3.653,3.5615,3.5825
1382475600,3.5825,3.6165,3.565,3.5985
1382562000,3.5985,3.6275,3.531,3.6145
1382648400,3.6145,3.7045,3.579,3.7015
1382907600,3.7015,3.7015,3.5375,3.5485
1382994000,3.5485,3.5715,3.5035,3.5325
1383080400,3.5325,3.5525,3.5055,3.5335
1383166800,3.5335,3.5525,3.461,3.4705
1383253200,3.4705,3.4755,3.4125,3.4245
1383516000,3.4245,3.4245,3.326,3.3615
1383602400,3.3615,3.4085,3.302,3.4085
1383688800,3.4085,3.4685,3.3785,3.4255
1383775200,3.4255,3.5445,3.411,3.4445
1383861600,3.4445,3.5155,3.44,3.4845
1384120800,3.4845,3.5365,3.4825,3.5155
1384207200,3.5155,3.5975,3.504,3.5905
1384293600,3.5905,3.605,3.5045,3.5075
1384380000,3.5075,3.5735,3.4445,3.5675
1384466400,3.5675,3.6195,3.531,3.6015
1384725600,3.6015,3.6665,3.5805,3.5885
1384812000,3.5885,3.618,3.5215,3.5285
1384898400,3.5285,3.6425,3.5245,3.6375
1384984800,3.6375,3.7015,3.6285,3.6665
1385071200,3.6665,3.7525,3.65,3.7525
1385330400,3.7525,3.8215,3.7345,3.7755
1385416800,3.7755,3.815,3.7215,3.7955
1385503200,3.7955,3.8505,3.77,3.8425
1385589600,3.8425,3.8775,3.81,3.8705
1385676000,3.8705,3.8985,3.821,3.8945
1385935200,3.8945,3.9355,3.8415,3.9225
1386021600,3.9225,3.9595,3.8945,3.9305
1386108000,3.9305,3.9545,3.9025,3.9145
1386194400,3.9145,4.0805,3.898,4.0755
1386280800,4.0755,4.1285,4.0475,4.0685
1386540000,4.0685,4.1885,4.0685,4.1725
1386626400,4.1725,4.2235,4.1435,4.1995
1386712800,4.1995,4.2925,4.1245,4.2875
1386799200,4.2875,4.3795,4.2525,4.3175
1386885600,4.3175,4.3905,4.2875,4.3435
1387144800,4.3435,4.3435,4.168,4.2355
1387231200,4.2355,4.2965,4.1705,4.2615
1387317600,4.2615,4.3125,4.2265,4.2535
1387404000,4.2535,4.4545,4.2535,4.4395
1387490400,4.4395,4.4785,4.4095,4.4365
1387749600,4.4365,4.5365,4.4365,4.4915
1387836000,4.4915,4.503,4.3975,4.4385
1388008800,4.4385,4.476,4.3835,4.4485
1388095200,4.4485,4.4505,4.3005,4.3085
1388354400,4.3085,4.4405,4.3085,4.3985
1388440800,4.3985,4.415,4.2345,4.2365
1388613600,4.2365,4.3025,4.188,4.2725
1388700000,4.2725,4.3615,4.1825,4.2975
1388959200,4.2975,4.355,4.2455,4.2805
1389045600,4.2805,4.4065,4.2425,4.3075
1389132000,4.3075,4.342,4.1635,4.1705
1389218400,4.1705,4.1705,3.9825,4.0095
1389304800,4.0095,4.0795,3.935,4.0585
1389564000,4.0585,4.2955,4.0585,4.2835
1389650400,4.2835,4.365,4.273,4.3475
1389736800,4.3475,4.4115,4.3035,4.3125
1389823200,4.3125,4.474,4.2995,4.3425
1389909600,4.3425,4.354,4.2585,4.2635
1390168800,4.2635,4.271,4.1755,4.2355
1390255200,4.2355,4.4265,4.2355,4.4185
1390341600,4.4185,4.6115,4.384,4.5895
1390428000,4.5895,4.772,4.5315,4.6835
1390514400,4.6835,5.0745,4.6725,5.0025
1390773600,5.0025,5.2255,4.6755,4.7555
1390860000,4.7555,4.99,4.718,4.9135
1390946400,4.9135,5.5125,4.8315,5.4955
1391032800,5.4955,5.502,4.9245,4.952
1391119200,4.952,5.018,4.743,4.9015
1391378400,4.9015,4.956,4.7715,4.949
1391464800,4.949,5.0875,4.9265,5.03
1391551200,5.03,5.1825,4.909,5.0015
1391637600,5.0015,5.0935,4.935,4.983
1391724000,4.983,5.0085,4.832,4.864
1391983200,4.864,4.8755,4.743,4.77
1392069600,4.77,4.976,4.727,4.9605
1392156000,4.9605,5.02,4.857,4.896
1392242400,4.896,4.9925,4.883,4.9735
1392328800,4.9735,5.038,4.8595,4.9135
1392588000,4.9135,5.0505,4.9135,5.0355
1392674400,5.0355,5.0685,4.9865,5.056
1392760800,5.056,5.2895,5.0535,5.1665
1392847200,5.1665,5.268,5.1,5.122
1392933600,5.122,5.332,5.101,5.3275
1393192800,5.3275,5.4905,4.8365,4.959
1393279200,4.959,5.0215,4.772,4.9075
1393365600,4.9075,4.927,4.7115,4.7445
1393452000,4.7445,4.816,4.6865,4.7285
1393538400,4.7285,4.891,4.709,4.84
1393797600,4.84,4.9405,4.7005,4.7585
1393884000,4.7585,4.8665,4.726,4.842
1393970400,4.842,4.9025,4.7315,4.781
1394056800,4.781,4.903,4.724,4.845
1394143200,4.845,4.883,4.781,4.827
1394398800,4.827,4.922,4.7565,4.83
1394485200,4.83,4.8545,4.7555,4.7795
1394571600,4.7795,4.8055,4.633,4.673
1394658000,4.673,4.675,4.547,4.568
1394744400,4.568,4.6295,4.5285,4.6095
1395003600,4.6095,4.7425,4.6095,4.6775
1395090000,4.6775,4.707,4.6125,4.626
1395176400,4.626,4.6725,4.5885,4.635
1395262800,4.635,4.64,4.5175,4.536
1395349200,4.536,4.543,4.453,4.471
1395608400,4.471,4.5075,4.419,4.4465
1395694800,4.4465,4.592,4.4345,4.564
1395781200,4.564,4.5845,4.511,4.546
1395867600,4.546,4.727,4.5215,4.669
1395954000,4.669,4.721,4.6275,4.632
1396213200,4.632,4.632,4.47,4.507
1396299600,4.507,4.5195,4.3885,4.3915
1396386000,4.3915,4.512,4.341,4.4875
1396472400,4.4875,4.605,4.4305,4.552
1396558800,4.552,4.5945,4.52,4.536
1396818000,4.536,4.6315,4.535,4.577
1396904400,4.577,4.651,4.558,4.632
1396990800,4.632,4.687,4.592,4.655
1397077200,4.655,4.7955,4.611,4.727
1397163600,4.727,4.7605,4.6905,4.7045
1397422800,4.7045,4.719,4.6095,4.6415
1397509200,4.6415,4.6985,4.581,4.6385
1397595600,4.6385,4.672,4.5885,4.5945
1397682000,4.5945,4.8055,4.5455,4.7955
1397768400,4.7955,4.798,4.793,4.798
1398027600,4.798,4.8445,4.7465,4.75
1398114000,4.75,4.8145,4.735,4.8135
1398200400,4.8135,4.843,4.7805,4.7845
1398286800,4.7845,4.8575,4.731,4.741
1398373200,4.741,4.778,4.6815,4.696
1398632400,4.696,4.8475,4.683,4.796
1398718800,4.796,4.8815,4.788,4.867
1398805200,4.867,4.885,4.785,4.827
1398891600,4.827,4.855,4.738,4.757
1398978000,4.757,4.795,4.701,4.7205
1399237200,4.7205,4.785,4.6775,4.7345
1399323600,4.7345,4.8315,4.72,4.815
1399410000,4.815,4.851,4.73,4.7705
1399496400,4.7705,4.778,4.5825,4.6085
1399582800,4.6085,4.6175,4.519,4.5555
1399842000,4.5555,4.566,4.423,4.423
1399928400,4.423,4.4845,4.363,4.389
1400014800,4.389,4.417,4.3545,4.3965
1400101200,4.3965,4.523,4.306,4.456
1400187600,4.456,4.471,4.4215,4.43
1400446800,4.43,4.5305,4.4065,4.479
1400533200,4.479,4.5735,4.442,4.544
1400619600,4.544,4.5835,4.4765,4.491
1400706000,4.491,4.5195,4.356,4.3835
1400792400,4.3835,4.416,4.366,4.409
1401051600,4.409,4.4095,4.3935,4.399
1401138000,4.399,4.522,4.3695,4.502
1401224400,4.502,4.6315,4.493,4.6085
1401310800,4.6085,4.663,4.534,4.588
1401397200,4.588,4.596,4.4925,4.554
1401656400,4.554,4.623,4.526,4.623
1401742800,4.623,4.6665,4.596,4.616
1401829200,4.616,4.6565,4.5785,4.654
1401915600,4.654,4.7255,4.59,4.7085
1402002000,4.7085,4.7385,4.682,4.719
1402261200,4.719,4.7455,4.6365,4.6365
1402347600,4.6365,4.638,4.523,4.5265
1402434000,4.5265,4.574,4.507,4.523
1402520400,4.523,4.7705,4.523,4.759
1402606800,4.759,4.794,4.7185,4.756
1402866000,4.756,4.8135,4.6705,4.709
1402952400,4.709,4.738,4.6745,4.708
1403038800,4.708,4.7715,4.6495,4.657
1403125200,4.657,4.7045,4.5815,4.582
1403211600,4.582,4.6225,4.53,4.5645
1403470800,4.5645,4.5835,4.452,4.452
1403557200,4.452,4.5655,4.444,4.5295
1403643600,4.5295,4.596,4.5235,4.561
1403730000,4.561,4.5975,4.401,4.44
1403816400,4.44,4.4555,4.372,4.4265
1404075600,4.4265,4.4845,4.3735,4.4325
1404162000,4.4325,4.4805,4.395,4.4375
1404248400,4.4375,4.452,4.343,4.3635
1404334800,4.3635,4.4115,4.332,4.394
1404421200,4.394,4.4045,4.341,4.366
1404680400,4.366,4.366,4.205,4.2345
1404766800,4.2345,4.24,4.1385,4.2085
1404853200,4.2085,4.236,4.169,4.1755
1404939600,4.1755,4.198,4.1135,4.125
1405026000,4.125,4.1605,4.1075,4.1425
1405285200,4.1425,4.168,4.0925,4.1565
1405371600,4.1565,4.162,4.088,4.095
1405458000,4.095,4.15,4.093,4.1125
1405544400,4.1125,4.1155,3.9485,3.977
1405630800,3.977,3.9885,3.947,3.9525
1405890000,3.9525,3.9525,3.8515,3.8785
1405976400,3.8785,3.8875,3.7755,3.7785
1406062800,3.7785,3.831,3.775,3.7825
1406149200,3.7825,3.8985,3.768,3.8535
1406235600,3.8535,3.874,3.7735,3.796
1406494800,3.796,3.8635,3.747,3.7695
1406581200,3.7695,3.835,3.7445,3.8245
1406667600,3.8245,3.8345,3.7545,3.7875
1406754000,3.7875,3.8955,3.765,3.83
1406840400,3.83,3.8805,3.7865,3.802
1407099600,3.802,3.8575,3.7655,3.8495
1407186000,3.8495,3.9185,3.8305,3.9005
1407272400,3.9005,3.952,3.8805,3.952
1407358800,3.952,3.9845,3.8625,3.883
1407445200,3.883,3.977,3.878,3.975
1407704400,3.975,4.015,3.9265,3.9945
1407790800,3.9945,4.023,3.9585,3.979
1407877200,3.979,3.9885,3.8175,3.819
1407963600,3.819,3.9455,3.803,3.8915
1408050000,3.8915,3.9055,3.766,3.789
1408309200,3.789,3.8305,3.7325,3.796
1408395600,3.796,3.9125,3.7905,3.8795
1408482000,3.8795,3.8885,3.805,3.846
1408568400,3.846,3.961,3.806,3.9
1408654800,3.9,3.9065,3.8465,3.863
1408914000,3.863,3.9605,3.863,3.956
1409000400,3.956,3.9975,3.9145,3.9505
1409086800,3.9505,4.0095,3.9115,3.9945
1409173200,3.9945,4.0655,3.9515,4.0365
1409259600,4.0365,4.0645,3.9925,4.063
1409518800,4.063,4.063,4.006,4.0475
1409605200,4.0475,4.0545,3.87,3.8805
1409691600,3.8805,3.9,3.8135,3.8365
1409778000,3.8365,3.8635,3.7745,3.8225
1409864400,3.8225,3.833,3.767,3.7915
1410123600,3.7915,3.8855,3.755,3.8805
1410210000,3.8805,4.0055,3.843,3.971
1410296400,3.971,3.981,3.9265,3.9425
1410382800,3.9425,3.952,3.801,3.833
1410469200,3.833,3.85,3.7775,3.8385
1410728400,3.8385,3.9435,3.8315,3.9305
1410814800,3.9305,3.9915,3.8555,3.982
1410901200,3.982,4.027,3.953,4.0055
1410987600,4.0055,4.0175,3.8985,3.9115
1411074000,3.9115,3.9135,3.834,3.8425
1411333200,3.8425,3.876,3.8035,3.8445
1411419600,3.8445,3.897,3.8065,3.821
1411506000,3.821,3.9145,3.789,3.8945
1411592400,3.8945,3.9565,3.818,3.949
1411678800,3.949,3.983,3.913,3.97
1411938000,3.97,4.1065,3.958,4.085
1412024400,4.085,4.1225,4.046,4.072
1412110800,4.072,4.1305,3.97,3.985
1412197200,3.985,4.011,3.863,3.919
1412283600,3.919,4.001,3.9005,3.976
1412542800,3.976,3.976,3.85,3.871
1412629200,3.871,3.929,3.8305,3.901
1412715600,3.901,3.9075,3.8035,3.8235
1412802000,3.8235,3.9075,3.782,3.822
1412888400,3.822,3.855,3.802,3.8305
1413147600,3.8305,3.9,3.7935,3.8905
1413234000,3.8905,3.929,3.782,3.803
1413320400,3.803,3.8325,3.742,3.787
1413406800,3.787,3.8105,3.727,3.7935
1413493200,3.7935,3.799,3.709,3.755
1413752400,3.755,3.755,3.665,3.667
1413838800,3.667,3.714,3.643,3.696
1413925200,3.696,3.716,3.6525,3.6565
1414011600,3.6565,3.68,3.5915,3.6545
1414098000,3.6545,3.655,3.561,3.6195
1414357200,3.6195,3.645,3.5495,3.5725
1414443600,3.5725,3.6895,3.551,3.684
1414530000,3.684,3.7775,3.628,3.725
1414616400,3.725,3.802,3.702,3.791
1414702800,3.791,3.885,3.767,3.8055
1414965600,3.8055,4.0005,3.8055,3.9805
1415052000,3.9805,4.1175,3.969,4.083
1415138400,4.083,4.254,4.072,4.149
1415224800,4.149,4.3965,4.0575,4.3565
1415311200,4.3565,4.436,4.2285,4.3215
1415570400,4.3215,4.4915,4.2015,4.2285
1415656800,4.2285,4.2665,4.0785,4.162
1415743200,4.162,4.1865,4.1045,4.1135
1415829600,4.1135,4.1365,3.9285,3.945
1415916000,3.945,4.037,3.9035,4.0295
1416175200,4.0295,4.306,4.0295,4.2655
1416261600,4.2655,4.3145,4.1345,4.248
1416348000,4.248,4.4905,4.1865,4.4025
1416434400,4.4025,4.5165,4.283,4.476
1416520800,4.476,4.5475,4.266,4.267
1416780000,4.267,4.267,4.0535,4.1755
1416866400,4.1755,4.327,4.1165,4.322
1416952800,4.322,4.4125,4.221,4.2255
1417039200,4.2255,4.257,4.1275,4.1315
1417125600,4.1315,4.1685,3.9815,3.99
1417384800,3.99,3.99,3.8425,3.917
1417471200,3.917,3.9405,3.7755,3.7845
1417557600,3.7845,3.786,3.681,3.7115
1417644000,3.7115,3.731,3.5675,3.582
1417730400,3.582,3.751,3.5795,3.7155
1417989600,3.7155,3.72,3.528,3.547
1418076000,3.547,3.651,3.547,3.588
1418162400,3.588,3.687,3.552,3.662
1418248800,3.662,3.724,3.563,3.6015
1418335200,3.6015,3.775,3.594,3.7225
1418594400,3.7225,3.8785,3.6605,3.697
1418680800,3.697,3.749,3.5675,3.589
1418767200,3.589,3.679,3.578,3.6575
1418853600,3.6575,3.765,3.616,3.645
1418940000,3.645,3.6535,3.4345,3.438
1419199200,3.438,3.438,3.1275,3.164
1419285600,3.164,3.231,3.104,3.1585
1419372000,3.1585,3.1745,3.007,3.037
1419544800,3.037,3.1045,2.974,3.0265
1419804000,3.0265,3.1775,3.0165,3.142
1419890400,3.142,3.1445,3.0485,3.0675
1419976800,3.0675,3.091,2.911,2.911
1420149600,2.911,3.067,2.7795,2.937
1420408800,2.937,3.15,2.853,2.894
1420495200,2.894,2.932,2.791,2.922
1420581600,2.922,2.9905,2.805,2.8625
1420668000,2.8625,2.9465,2.797,2.9465
1420754400,2.9465,2.969,2.8695,2.9465
1421013600,2.9465,2.9465,2.7675,2.801
1421100000,2.801,2.955,2.781,2.9435
1421186400,2.9435,3.3195,2.9195,3.2955
1421272800,3.2955,3.336,3.0435,3.1735
1421359200,3.1735,3.214,3.0115,3.0765
1421618400,3.0765,3.0765,2.967,2.984
1421704800,2.984,2.9985,2.8135,2.8905
1421791200,2.8905,3.007,2.861,2.986
1421877600,2.986,3.041,2.76,2.8465
1421964000,2.8465,2.98,2.846,2.9595
1422223200,2.9595,2.9595,2.824,2.861
1422309600,2.861,2.9785,2.86,2.9
1422396000,2.9,2.907,2.8045,2.866
1422482400,2.866,2.9345,2.684,2.7385
1422568800,2.7385,2.7415,2.648,2.68
1422828000,2.68,2.7155,2.6185,2.684
1422914400,2.684,2.7905,2.66,2.7715
1423000800,2.7715,2.787,2.6585,2.677
1423087200,2.677,2.706,2.586,2.604
1423173600,2.604,2.64,2.579,2.5795
1423432800,2.5795,2.693,2.5765,2.622
1423519200,2.622,2.751,2.616,2.6965
1423605600,2.6965,2.8635,2.691,2.831
1423692000,2.831,2.888,2.685,2.725
1423778400,2.725,2.8155,2.6615,2.8065
1424037600,2.8065,2.8995,2.7915,2.8795
1424124000,2.8795,2.8795,2.7,2.781
1424210400,2.781,2.8435,2.736,2.8235
1424296800,2.8235,2.8875,2.79,2.8375
1424383200,2.8375,2.9835,2.816,2.9445
1424642400,2.9445,3.0215,2.8395,2.8615
1424728800,2.8615,2.953,2.821,2.889
1424815200,2.889,2.9265,2.814,2.851
1424901600,2.851,2.868,2.672,2.6815
1424988000,2.6815,2.727,2.669,2.695
1425247200,2.695,2.7375,2.655,2.6575
1425333600,2.6575,2.718,2.633,2.699
1425420000,2.699,2.7675,2.696,2.762
1425506400,2.762,2.85,2.731,2.818
1425592800,2.818,2.8555,2.7705,2.831
1425848400,2.831,2.831,2.659,2.6825
1425934800,2.6825,2.7305,2.674,2.721
1426021200,2.721,2.837,2.654,2.815
1426107600,2.815,2.851,2.7175,2.736
1426194000,2.736,2.749,2.6665,2.7135
1426453200,2.7135,2.741,2.674,2.739
1426539600,2.739,2.851,2.7345,2.842
1426626000,2.842,2.928,2.77,2.898
1426712400,2.898,2.921,2.773,2.8215
1426798800,2.8215,2.913,2.769,2.792
1427058000,2.792,2.792,2.7025,2.761
1427144400,2.761,2.818,2.746,2.79
1427230800,2.79,2.797,2.7175,2.729
1427317200,2.729,2.7575,2.656,2.6715
1427403600,2.6715,2.6815,2.6045,2.6445
1427662800,2.6445,2.661,2.598,2.626
1427749200,2.626,2.6735,2.6115,2.633
1427835600,2.633,2.658,2.575,2.592
1427922000,2.592,2.707,2.581,2.6895
1428008400,2.6895,2.693,2.6875,2.6885
1428267600,2.6885,2.6885,2.624,2.647
1428354000,2.647,2.701,2.64,2.654
1428440400,2.654,2.6585,2.604,2.6175
1428526800,2.6175,2.637,2.516,2.534
1428613200,2.534,2.5425,2.497,2.5045
1428872400,2.5045,2.537,2.4695,2.503
1428958800,2.503,2.5455,2.498,2.521
1429045200,2.521,2.6195,2.486,2.5935
1429131600,2.5935,2.6845,2.5435,2.675
1429218000,2.675,2.687,2.6215,2.636
1429477200,2.636,2.636,2.532,2.5395
1429563600,2.5395,2.593,2.531,2.5725
1429650000,2.5725,2.617,2.554,2.594
1429736400,2.594,2.6015,2.5195,2.5355
1429822800,2.5355,2.5515,2.5095,2.525
1430082000,2.525,2.525,2.4415,2.4675
1430168400,2.4675,2.5045,2.45,2.491
1430254800,2.491,2.573,2.473,2.5495
1430341200,2.5495,2.727,2.5205,2.689
1430427600,2.689,2.76,2.677,2.737
1430686800,2.737,2.788,2.7045,2.772
1430773200,2.772,2.787,2.7345,2.751
1430859600,2.751,2.7905,2.7165,2.746
1430946000,2.746,2.7895,2.682,2.711
1431032400,2.711,2.8565,2.6965,2.839
1431291600,2.839,2.906,2.773,2.7865
1431378000,2.7865,2.9075,2.7645,2.866
1431464400,2.866,2.948,2.834,2.9135
1431550800,2.9135,2.9975,2.8675,2.9875
1431637200,2.9875,3.0165,2.952,2.996
1431896400,2.996,3.0315,2.9635,3.0085
1431982800,3.0085,3.0915,2.9245,2.9475
1432069200,2.9475,3.0085,2.8945,2.9285
1432155600,2.9285,3.0235,2.913,2.9615
1432242000,2.9615,2.9655,2.864,2.868
1432501200,2.868,2.868,2.824,2.826
1432587600,2.826,2.836,2.7775,2.812
1432674000,2.812,2.8715,2.782,2.8015
1432760400,2.8015,2.8035,2.6645,2.675
1432846800,2.675,2.683,2.5975,2.6085
1433106000,2.6085,2.639,2.571,2.62
1433192400,2.62,2.691,2.569,2.6745
1433278800,2.6745,2.692,2.595,2.609
1433365200,2.609,2.646,2.539,2.602
1433451600,2.602,2.616,2.5555,2.5655
1433710800,2.5655,2.687,2.5655,2.6835
1433797200,2.6835,2.824,2.6725,2.802
1433883600,2.802,2.897,2.802,2.89
1433970000,2.89,2.897,2.795,2.7975
1434056400,2.7975,2.806,2.7255,2.7405
1434315600,2.7405,2.904,2.7405,2.895
1434402000,2.895,2.9125,2.8195,2.891
1434488400,2.891,2.9405,2.8275,2.835
1434574800,2.835,2.86,2.7625,2.7775
1434661200,2.7775,2.8235,2.729,2.8035
1434920400,2.8035,2.8035,2.709,2.7365
1435006800,2.7365,2.7955,2.706,2.721
1435093200,2.721,2.774,2.7055,2.758
1435179600,2.758,2.8415,2.745,2.835
1435266000,2.835,2.838,2.74,2.744
1435525200,2.744,2.8175,2.712,2.778
1435611600,2.778,2.8135,2.73,2.802
1435698000,2.802,2.8315,2.7405,2.7745
1435784400,2.7745,2.8615,2.7745,2.8115
1435870800,2.8115,2.834,2.741,2.759
1436130000,2.759,2.768,2.7135,2.7405
1436216400,2.7405,2.7815,2.6725,2.709
1436302800,2.709,2.738,2.6605,2.67
1436389200,2.67,2.721,2.6305,2.7205
1436475600,2.7205,2.791,2.7095,2.7575
1436734800,2.7575,2.8675,2.7575,2.8575
1436821200,2.8575,2.92,2.81,2.831
1436907600,2.831,2.917,2.821,2.9115
1436994000,2.9115,2.918,2.834,2.854
1437080400,2.854,2.8845,2.818,2.874
1437339600,2.874,2.874,2.7775,2.824
1437426000,2.824,2.8855,2.815,2.8765
1437512400,2.8765,2.9095,2.837,2.884
1437598800,2.884,2.9445,2.798,2.798
1437685200,2.798,2.8065,2.7615,2.771
1437944400,2.771,2.8065,2.73,2.783
1438030800,2.783,2.8355,2.766,2.818
1438117200,2.818,2.8595,2.8135,2.8485
1438203600,2.8485,2.875,2.7555,2.771
1438290000,2.771,2.779,2.698,2.7045
1438549200,2.7045,2.7775,2.7005,2.742
1438635600,2.742,2.812,2.742,2.8075
1438722000,2.8075,2.855,2.774,2.775
1438808400,2.775,2.8295,2.721,2.7995
1438894800,2.7995,2.817,2.754,2.779
1439154000,2.779,2.8455,2.779,2.834
1439240400,2.834,2.8515,2.792,2.85
1439326800,2.85,2.9285,2.847,2.9185
1439413200,2.9185,2.9245,2.781,2.8015
1439499600,2.8015,2.831,2.778,2.8035
1439758800,2.8035,2.8035,2.7185,2.7305
1439845200,2.7305,2.737,2.6845,2.713
1439931600,2.713,2.7345,2.6895,2.7015
1440018000,2.7015,2.778,2.688,2.752
1440104400,2.752,2.756,2.661,2.678
1440363600,2.678,2.6825,2.611,2.6365
1440450000,2.6365,2.676,2.625,2.6645
1440536400,2.6645,2.694,2.655,2.6585
1440622800,2.6585,2.681,2.615,2.6455
1440709200,2.6455,2.695,2.6365,2.693
1440968400,2.693,2.693,2.62,2.6615
1441054800,2.6615,2.695,2.648,2.661
1441141200,2.661,2.669,2.61,2.616
1441227600,2.616,2.711,2.6115,2.689
1441314000,2.689,2.694,2.628,2.637
1441573200,2.637,2.682,2.6255,2.632
1441659600,2.632,2.7025,2.632,2.6785
1441746000,2.6785,2.688,2.626,2.6455
1441832400,2.6455,2.7155,2.6405,2.661
1441918800,2.661,2.7005,2.645,2.677
1442178000,2.677,2.762,2.677,2.7515
1442264400,2.7515,2.7795,2.7085,2.722
1442350800,2.722,2.724,2.646,2.657
1442437200,2.657,2.667,2.5985,2.632
1442523600,2.632,2.6565,2.5955,2.5955
1442782800,2.5955,2.5955,2.545,2.5685
1442869200,2.5685,2.5915,2.557,2.566
1442955600,2.566,2.5895,2.557,2.5675
1443042000,2.5675,2.606,2.524,2.599
1443128400,2.599,2.6165,2.5355,2.56
1443387600,2.56,2.655,2.56,2.607
1443474000,2.607,2.61,2.524,2.5275
1443560400,2.5275,2.553,2.4565,2.4675
1443646800,2.4675,2.485,2.37,2.3805
1443733200,2.3805,2.4205,2.355,2.417
1443992400,2.417,2.4445,2.3845,2.412
1444078800,2.412,2.444,2.395,2.434
1444165200,2.434,2.488,2.4145,2.4335
1444251600,2.4335,2.489,2.414,2.4485
1444338000,2.4485,2.484,2.4335,2.483
1444597200,2.483,2.523,2.479,2.511
1444683600,2.511,2.522,2.457,2.467
1444770000,2.467,2.512,2.4445,2.51
1444856400,2.51,2.55,2.425,2.427
1444942800,2.427,2.442,2.387,2.401
1445202000,2.401,2.464,2.401,2.451
1445288400,2.451,2.477,2.4355,2.467
1445374800,2.467,2.471,2.3805,2.3945
1445461200,2.3945,2.4215,2.359,2.372
1445547600,2.372,2.374,2.298,2.3
1445806800,2.3,2.3,2.1825,2.206
1445893200,2.206,2.255,2.1695,2.2145
1445979600,2.2145,2.2225,2.117,2.156
1446066000,2.156,2.222,2.0965,2.1095
1446152400,2.1095,2.195,2.056,2.1705
1446415200,2.1705,2.1705,2.111,2.1365
1446501600,2.1365,2.1725,2.1205,2.158
1446588000,2.158,2.202,2.1445,2.158
1446674400,2.158,2.271,2.1435,2.263
1446760800,2.263,2.29,2.2145,2.251
1447020000,2.251,2.2915,2.1865,2.222
1447106400,2.222,2.2785,2.209,2.246
1447192800,2.246,2.27,2.173,2.1975
1447279200,2.1975,2.238,2.1625,2.2195
1447365600,2.2195,2.321,2.215,2.317
1447624800,2.317,2.399,2.281,2.281
1447711200,2.281,2.3335,2.236,2.314
1447797600,2.314,2.349,2.2735,2.277
1447884000,2.277,2.3055,2.201,2.2085
1447970400,2.2085,2.217,2.0995,2.1095
1448229600,2.1095,2.1785,2.0645,2.158
1448316000,2.158,2.171,2.096,2.146
1448402400,2.146,2.1825,2.112,2.1335
1448488800,2.1335,2.145,2.09,2.1015
1448575200,2.1015,2.109,2.0615,2.0765
1448834400,2.0765,2.114,2.045,2.0975
1448920800,2.0975,2.127,2.068,2.0935
1449007200,2.0935,2.0965,2.032,2.057
1449093600,2.057,2.081,2.0165,2.0755
1449180000,2.0755,2.096,2.056,2.071
1449439200,2.071,2.071,1.966,1.9775
1449525600,1.9775,2.0015,1.926,1.991
1449612000,1.991,2.029,1.963,1.977
1449698400,1.977,2.014,1.922,1.924
1449784800,1.924,1.935,1.8855,1.905
1450044000,1.905,1.905,1.803,1.842
1450130400,1.842,1.845,1.744,1.7545
1450216800,1.7545,1.798,1.7265,1.7785
1450303200,1.7785,1.8055,1.7435,1.7455
1450389600,1.7455,1.79,1.6955,1.7465
1450648800,1.7465,1.895,1.7465,1.8845
1450735200,1.8845,1.893,1.823,1.8625
1450821600,1.8625,1.947,1.8265,1.937
1450908000,1.937,1.988,1.9235,1.9775
1451253600,1.9775,2.1655,1.9775,2.157
1451340000,2.157,2.2755,2.153,2.21
1451426400,2.21,2.231,2.092,2.1705
1451512800,2.1705,2.275,2.1705,2.229
1451858400,2.229,2.287,2.1565,2.2045
1451944800,2.2045,2.264,2.1755,2.253
1452031200,2.253,2.2815,2.1685,2.207
1452117600,2.207,2.3505,2.197,2.322
1452204000,2.322,2.4195,2.3045,2.4025
1452463200,2.4025,2.4125,2.297,2.304
1452549600,2.304,2.306,2.188,2.205
1452636000,2.205,2.2695,2.205,2.227
1452722400,2.227,2.244,2.084,2.0955
1452808800,2.0955,2.109,2.0455,2.0545
1453068000,2.0545,2.098,2.013,2.093
1453154400,2.093,2.14,2.048,2.0635
1453240800,2.0635,2.125,2.043,2.111
1453327200,2.111,2.167,2.0605,2.125
1453413600,2.125,2.15,2.096,2.12
1453672800,2.12,2.1505,2.064,2.1245
1453759200,2.1245,2.1945,2.097,2.133
1453845600,2.133,2.192,2.113,2.1295
1453932000,2.1295,2.2125,2.076,2.209
1454018400,2.209,2.2955,2.2005,2.29
1454277600,2.29,2.29,2.115,2.1245
1454364000,2.1245,2.1245,1.963,2.024
1454450400,2.024,2.051,1.98,2.029
1454536800,2.029,2.035,1.9425,1.969
1454623200,1.969,2.062,1.969,2.0515
1454882400,2.0515,2.161,2.0515,2.1095
1454968800,2.1095,2.123,2.056,2.085
1455055200,2.085,2.0995,2.0085,2.0395
1455141600,2.0395,2.084,1.972,1.984
1455228000,1.984,2.0165,1.944,1.96
1455487200,1.96,1.96,1.9095,1.9165
1455573600,1.9165,1.9335,1.875,1.924
1455660000,1.924,1.955,1.888,1.9425
1455746400,1.9425,1.948,1.853,1.856
1455832800,1.856,1.869,1.7935,1.8025
1456092000,1.8025,1.828,1.7665,1.8055
1456178400,1.8055,1.823,1.761,1.772
1456264800,1.772,1.8035,1.7465,1.777
1456351200,1.777,1.7785,1.694,1.728
1456437600,1.728,1.7495,1.68,1.7295
1456696800,1.7295,1.7295,1.644,1.6585
1456783200,1.6585,1.729,1.641,1.692
1456869600,1.692,1.7,1.615,1.628
1456956000,1.628,1.653,1.591,1.594
1457042400,1.594,1.635,1.5735,1.6315
1457301600,1.6315,1.7025,1.579,1.673
1457388000,1.673,1.705,1.645,1.688
1457474400,1.688,1.7495,1.6825,1.729
1457560800,1.729,1.778,1.7025,1.775
1457647200,1.775,1.827,1.7615,1.7725
1457902800,1.7725,1.83,1.745,1.7985
1457989200,1.7985,1.872,1.784,1.8225
1458075600,1.8225,1.854,1.7975,1.8475
1458162000,1.8475,1.929,1.809,1.912
1458248400,1.912,1.933,1.863,1.8745
1458507600,1.8745,1.8915,1.799,1.8015
1458594000,1.8015,1.858,1.787,1.8485
1458680400,1.8485,1.885,1.773,1.7825
1458766800,1.7825,1.82,1.77,1.804
1459112400,1.804,1.868,1.7685,1.8655
1459198800,1.8655,1.9185,1.845,1.91
1459285200,1.91,1.942,1.894,1.9215
1459371600,1.9215,1.958,1.865,1.8965
1459458000,1.8965,1.925,1.862,1.8885
1459717200,1.8885,2.0135,1.8885,1.946
1459803600,1.946,1.983,1.878,1.885
1459890000,1.885,1.89,1.8475,1.852
1459976400,1.852,1.973,1.8455,1.967
1460062800,1.967,1.993,1.9385,1.9435
1460322000,1.9435,1.9435,1.869,1.894
1460408400,1.894,1.991,1.885,1.979
1460494800,1.979,2.013,1.967,2.0035
1460581200,2.0035,2.01,1.9255,1.9275
1460667600,1.9275,1.935,1.8565,1.878
1460926800,1.878,1.927,1.849,1.912
1461013200,1.912,2.073,1.904,2.068
1461099600,2.068,2.117,2.036,2.062
1461186000,2.062,2.104,2.0485,2.0835
1461272400,2.0835,2.1605,2.064,2.1405
1461531600,2.1405,2.1915,2.0575,2.088
1461618000,2.088,2.1,2.032,2.067
1461704400,2.067,2.0975,2.0135,2.0515
1461790800,2.0515,2.057,1.9645,1.968
1461877200,1.968,2.101,1.9555,2.0515
1462136400,2.0515,2.0575,1.95,1.9745
1462222800,1.9745,2.026,1.9645,2.0075
1462309200,2.0075,2.0825,1.988,2.069
1462395600,2.069,2.105,2,2.013
1462482000,2.013,2.0415,1.98,2.0245
1462741200,2.0245,2.066,2.021,2.041
1462827600,2.041,2.115,2.036,2.1065
1462914000,2.1065,2.126,2.0635,2.113
1463000400,2.113,2.134,2.076,2.084
1463086800,2.084,2.1165,2.0315,2.051
1463346000,2.051,2.051,1.9885,1.9995
1463432400,1.9995,2.049,1.997,2.021
1463518800,2.021,2.0225,1.966,1.9785
1463605200,1.9785,2.025,1.9315,2.009
1463691600,2.009,2.0495,1.993,2.0255
1463950800,2.0255,2.117,2.0255,2.0535
1464037200,2.0535,2.0745,2.0035,2.0055
1464123600,2.0055,2.0455,1.993,2.028
1464210000,2.028,2.046,1.996,2.0135
1464296400,2.0135,2.0595,1.976,2.038
1464555600,2.038,2.054,2.033,2.0435
1464642000,2.0435,2.1825,2.0435,2.171
1464728400,2.171,2.263,2.1605,2.255
1464814800,2.255,2.304,2.245,2.2915
1464901200,2.2915,2.338,2.2755,2.2835
1465160400,2.2835,2.371,2.2835,2.3455
1465246800,2.3455,2.392,2.314,2.3885
1465333200,2.3885,2.405,2.361,2.3705
1465419600,2.3705,2.5335,2.363,2.497
1465506000,2.497,2.5175,2.463,2.4885
1465765200,2.4885,2.557,2.4885,2.5075
1465851600,2.5075,2.549,2.467,2.5355
1465938000,2.5355,2.568,2.5235,2.5265
1466024400,2.5265,2.577,2.495,2.524
1466110800,2.524,2.591,2.5,2.588
1466370000,2.588,2.7145,2.588,2.698
1466456400,2.698,2.746,2.671,2.727
1466542800,2.727,2.741,2.626,2.638
1466629200,2.638,2.6925,2.588,2.676
1466715600,2.676,2.676,2.6035,2.647
1466974800,2.647,2.732,2.6245,2.7265
1467061200,2.7265,2.864,2.714,2.841
1467147600,2.841,2.943,2.817,2.834
1467234000,2.834,2.914,2.823,2.906
1467320400,2.906,2.969,2.865,2.959
1467579600,2.959,2.959,2.856,2.883
1467666000,2.883,2.9085,2.7305,2.7495
1467752400,2.7495,2.7795,2.677,2.778
1467838800,2.778,2.8195,2.705,2.7385
1467925200,2.7385,2.804,2.728,2.796
1468184400,2.796,2.852,2.681,2.6945
1468270800,2.6945,2.7345,2.673,2.7215
1468357200,2.7215,2.783,2.688,2.7325
1468443600,2.7325,2.755,2.697,2.717
1468530000,2.717,2.7655,2.657,2.741
1468789200,2.741,2.788,2.701,2.7215
1468875600,2.7215,2.778,2.706,2.713
1468962000,2.713,2.7225,2.649,2.653
1469048400,2.653,2.702,2.622,2.685
1469134800,2.685,2.7895,2.6565,2.779
1469394000,2.779,2.813,2.729,2.733
1469480400,2.733,2.7765,2.6845,2.6985
1469566800,2.6985,2.755,2.681,2.701
1469653200,2.701,2.929,2.685,2.8925
1469739600,2.8925,2.9465,2.873,2.892
1469998800,2.892,2.9065,2.7985,2.8035
1470085200,2.8035,2.827,2.757,2.7655
1470171600,2.7655,2.895,2.75,2.87
1470258000,2.87,2.913,2.838,2.85
1470344400,2.85,2.8585,2.782,2.7835
1470603600,2.7835,2.7835,2.729,2.76
1470690000,2.76,2.766,2.627,2.638
1470776400,2.638,2.6695,2.57,2.592
1470862800,2.592,2.621,2.547,2.5505
1470949200,2.5505,2.6425,2.541,2.6155
1471208400,2.6155,2.65,2.576,2.608
1471294800,2.608,2.6425,2.595,2.6405
1471381200,2.6405,2.659,2.5995,2.626
1471467600,2.626,2.7085,2.6155,2.673
1471554000,2.673,2.68,2.58,2.583
1471813200,2.583,2.695,2.583,2.671
1471899600,2.671,2.775,2.6585,2.7655
1471986000,2.7655,2.8315,2.757,2.8035
1472072400,2.8035,2.8785,2.7635,2.8545
1472158800,2.8545,2.9265,2.811,2.875
1472418000,2.875,2.9115,2.8455,2.8755
1472504400,2.8755,2.922,2.798,2.813
1472590800,2.813,2.881,2.7905,2.8625
1472677200,2.8625,2.871,2.7685,2.788
1472763600,2.788,2.808,2.754,2.7755
1473022800,2.7755,2.7755,2.717,2.742
1473109200,2.742,2.7545,2.696,2.7085
1473195600,2.7085,2.7295,2.653,2.6705
1473282000,2.6705,2.807,2.666,2.7895
1473368400,2.7895,2.831,2.773,2.782
1473627600,2.782,2.913,2.782,2.892
1473714000,2.892,2.9315,2.8785,2.8915
1473800400,2.8915,2.967,2.843,2.887
1473886800,2.887,2.936,2.826,2.906
1473973200,2.906,2.9525,2.8575,2.945
1474232400,2.945,2.951,2.8845,2.9315
1474318800,2.9315,3.065,2.929,3.0605
1474405200,3.0605,3.093,3.0255,3.0655
1474491600,3.0655,3.0855,2.978,2.985
1474578000,2.985,3.0155,2.923,2.957
1474837200,2.957,3.0085,2.94,3.001
1474923600,3.001,3.0105,2.967,2.9785
1475010000,2.9785,2.9785,2.883,2.9405
1475096400,2.9405,2.9705,2.8985,2.9065
1475182800,2.9065,2.9185,2.837,2.847
1475442000,2.847,2.884,2.8175,2.853
1475528400,2.853,2.94,2.8295,2.924
1475614800,2.924,3.009,2.8765,2.984
1475701200,2.984,3.025,2.928,2.99
1475787600,2.99,3.17,2.973,3.1235
1476046800,3.1235,3.246,3.115,3.233
1476133200,3.233,3.261,3.1725,3.1865
1476219600,3.1865,3.223,3.149,3.179
1476306000,3.179,3.331,3.132,3.307
1476392400,3.307,3.3275,3.233,3.258
1476651600,3.258,3.258,3.1885,3.228
1476738000,3.228,3.2935,3.2245,3.237
1476824400,3.237,3.239,3.127,3.15
1476910800,3.15,3.1825,3.084,3.105
1476997200,3.105,3.105,2.943,2.957
1477256400,2.957,3.036,2.91,2.9425
1477342800,2.9425,2.9605,2.763,2.782
1477429200,2.782,2.7835,2.646,2.7235
1477515600,2.7235,2.767,2.6765,2.758
1477602000,2.758,2.801,2.7025,2.7925
1477861200,2.7925,2.8615,2.702,2.7025
1477947600,2.7025,2.748,2.595,2.596
1478034000,2.596,2.6305,2.528,2.534
1478120400,2.534,2.597,2.494,2.5755
1478206800,2.5755,2.583,2.5165,2.5575
1478469600,2.5575,2.667,2.5575,2.63
1478556000,2.63,2.654,2.4305,2.4405
1478642400,2.4405,2.563,2.3785,2.5275
1478728800,2.5275,2.552,2.4155,2.4955
1478815200,2.4955,2.5275,2.405,2.4795
1479074400,2.4795,2.643,2.4795,2.6185
1479160800,2.6185,2.6925,2.5735,2.584
1479247200,2.584,2.6665,2.5585,2.6555
1479333600,2.6555,2.6835,2.578,2.594
1479420000,2.594,2.7505,2.5905,2.747
1479679200,2.747,2.9005,2.747,2.896
1479765600,2.896,2.949,2.8495,2.88
1479852000,2.88,3.0045,2.862,2.969
1479938400,2.969,3.0035,2.948,2.993
1480024800,2.993,3.0555,2.9785,3.0235
1480284000,3.0235,3.191,3.0235,3.1885
1480370400,3.1885,3.2095,3.1285,3.1765
1480456800,3.1765,3.2145,3.1385,3.198
1480543200,3.198,3.3965,3.172,3.395
1480629600,3.395,3.417,3.2405,3.3135
1480888800,3.3135,3.522,3.3135,3.4595
1480975200,3.4595,3.5985,3.4475,3.5045
1481061600,3.5045,3.622,3.439,3.445
1481148000,3.445,3.6125,3.3915,3.596
1481234400,3.596,3.6615,3.552,3.609
1481493600,3.609,3.609,3.3835,3.44
1481580000,3.44,3.49,3.366,3.395
1481666400,3.395,3.493,3.365,3.491
1481752800,3.491,3.511,3.3225,3.355
1481839200,3.355,3.363,3.278,3.3215
1482098400,3.3215,3.3955,3.2815,3.3565
1482184800,3.3565,3.36,3.2,3.2695
1482271200,3.2695,3.545,3.2665,3.5265
1482357600,3.5265,3.582,3.4585,3.4945
1482444000,3.4945,3.662,3.4945,3.626
1482789600,3.626,3.7265,3.626,3.6745
1482876000,3.6745,3.846,3.619,3.8195
1482962400,3.8195,3.828,3.7025,3.7445
1483048800,3.7445,3.798,3.6405,3.6905
1483394400,3.6905,3.6905,3.229,3.28
1483480800,3.28,3.32,3.202,3.2205
1483567200,3.2205,3.31,3.14,3.2675
1483653600,3.2675,3.324,3.18,3.2275
1483912800,3.2275,3.245,3.072,3.092
1483999200,3.092,3.298,3.087,3.243
1484085600,3.243,3.325,3.188,3.2675
1484172000,3.2675,3.424,3.2675,3.358
1484258400,3.358,3.41,3.31,3.393
1484517600,3.393,3.476,3.382,3.4625
1484604000,3.4625,3.495,3.338,3.379
1484690400,3.379,3.42,3.268,3.301
1484776800,3.301,3.388,3.245,3.2915
1484863200,3.2915,3.335,3.179,3.1915
1485122400,3.1915,3.268,3.139,3.265
1485208800,3.265,3.336,3.254,3.285
1485295200,3.285,3.354,3.2555,3.354
1485381600,3.354,3.476,3.342,3.3475
1485468000,3.3475,3.395,3.239,3.366
1485727200,3.366,3.366,3.201,3.2135
1485813600,3.2135,3.2185,3.095,3.118
1485900000,3.118,3.211,3.0985,3.1525
1485986400,3.1525,3.195,3.104,3.178
1486072800,3.178,3.186,3.029,3.0395
1486332000,3.0395,3.074,2.995,3.049
1486418400,3.049,3.142,3.0405,3.129
1486504800,3.129,3.154,3.052,3.1325
1486591200,3.1325,3.178,3.1,3.1075
1486677600,3.1075,3.111,2.997,3.03
1486936800,3.03,3.03,2.916,2.916
1487023200,2.916,2.945,2.882,2.931
1487109600,2.931,2.988,2.908,2.9265
1487196000,2.9265,2.946,2.827,2.83
1487282400,2.83,2.8925,2.826,2.846
1487541600,2.846,2.846,2.743,2.767
1487628000,2.767,2.776,2.5775,2.5955
1487714400,2.5955,2.649,2.541,2.6075
1487800800,2.6075,2.708,2.596,2.654
1487887200,2.654,2.698,2.636,2.697
1488146400,2.697,2.697,2.572,2.605
1488232800,2.605,2.701,2.571,2.681
1488319200,2.681,2.74,2.66,2.711
1488405600,2.711,2.749,2.652,2.73
1488492000,2.73,2.7565,2.698,2.7465
1488751200,2.7465,2.8785,2.7465,2.803
1488837600,2.803,2.82,2.747,2.7675
1488924000,2.7675,2.88,2.7675,2.851
1489010400,2.851,2.924,2.824,2.924
1489096800,2.924,2.98,2.905,2.979
1489352400,2.979,3.032,2.939,2.972
1489438800,2.972,3.012,2.879,2.9
1489525200,2.9,2.959,2.878,2.931
1489611600,2.931,2.932,2.848,2.869
1489698000,2.869,2.9245,2.847,2.923
1489957200,2.923,3.053,2.871,3.0475
1490043600,3.0475,3.0825,3.007,3.0625
1490130000,3.0625,3.0665,2.984,2.9955
1490216400,2.9955,3.041,2.966,3.03
1490302800,3.03,3.072,3,3.066
1490562000,3.066,3.12,3.044,3.0495
1490648400,3.0495,3.11,3.016,3.096
1490734800,3.096,3.176,3.0855,3.137
1490821200,3.137,3.162,3.074,3.1255
1490907600,3.1255,3.17,3.095,3.1215
1491166800,3.1215,3.174,3.066,3.086
1491253200,3.086,3.238,3.063,3.229
1491339600,3.229,3.288,3.196,3.2165
1491426000,3.2165,3.28,3.18,3.2495
1491512400,3.2495,3.284,3.198,3.198
1491771600,3.198,3.246,3.184,3.1985
1491858000,3.1985,3.225,3.101,3.1285
1491944400,3.1285,3.158,3.096,3.142
1492030800,3.142,3.206,3.112,3.2
1492376400,3.2,3.218,3.135,3.1365
1492462800,3.1365,3.159,3.092,3.13
1492549200,3.13,3.204,3.1235,3.173
1492635600,3.173,3.2,3.119,3.15
1492722000,3.15,3.17,3.072,3.0915
1492981200,3.0915,3.14,3.036,3.069
1493067600,3.069,3.088,3.036,3.0845
1493154000,3.0845,3.186,3.071,3.1675
1493240400,3.1675,3.176,3.12,3.1535
1493326800,3.1535,3.21,3.145,3.181
1493586000,3.181,3.234,3.124,3.158
1493672400,3.158,3.198,3.1065,3.1135
1493758800,3.1135,3.162,3.105,3.148
1493845200,3.148,3.182,3.0975,3.1335
1493931600,3.1335,3.21,3.1175,3.206
1494190800,3.206,3.206,3.084,3.123
1494277200,3.123,3.19,3.1175,3.162
1494363600,3.162,3.294,3.149,3.226
1494450000,3.226,3.336,3.2225,3.314
1494536400,3.314,3.38,3.301,3.378
1494795600,3.378,3.378,3.296,3.315
1494882000,3.315,3.33,3.182,3.196
1494968400,3.196,3.2345,3.133,3.176
1495054800,3.176,3.211,3.133,3.1565
1495141200,3.1565,3.242,3.1535,3.2215
1495400400,3.2215,3.314,3.2215,3.307
1495486800,3.307,3.3115,3.196,3.214
1495573200,3.214,3.237,3.166,3.191
1495659600,3.191,3.248,3.142,3.181
1495746000,3.181,3.2285,3.159,3.201
1496005200,3.201,3.201,3.115,3.124
1496091600,3.124,3.1385,3.06,3.061
1496178000,3.061,3.092,2.984,3.0035
1496264400,3.0035,3.0495,2.916,2.9765
1496350800,2.9765,2.9765,2.92,2.9355
1496610000,2.9355,2.983,2.874,2.9165
1496696400,2.9165,3.001,2.913,3.0005
1496782800,3.0005,3.034,2.952,2.9595
1496869200,2.9595,3.012,2.926,2.9835
1496955600,2.9835,3.0125,2.976,2.9885
1497214800,2.9885,3.042,2.958,2.9655
1497301200,2.9655,3.0205,2.91,2.9225
1497387600,2.9225,2.948,2.878,2.9065
1497474000,2.9065,3.028,2.894,3.0125
1497560400,3.0125,3.0475,2.9895,2.9945
1497819600,2.9945,2.9945,2.856,2.8705
1497906000,2.8705,2.892,2.858,2.8755
1497992400,2.8755,2.928,2.8595,2.8755
1498078800,2.8755,2.944,2.842,2.8835
1498165200,2.8835,2.926,2.8785,2.9075
1498424400,2.9075,3.045,2.9075,3.0415
1498510800,3.0415,3.0575,3.013,3.027
1498597200,3.027,3.09,3.0235,3.056
1498683600,3.056,3.097,3.011,3.011
1498770000,3.011,3.028,2.954,3.014
1499029200,3.014,3.03,2.916,2.932
1499115600,2.932,2.973,2.932,2.9635
1499202000,2.9635,3.001,2.814,2.8345
1499288400,2.8345,2.876,2.8315,2.875
1499374800,2.875,2.93,2.8335,2.8415
1499634000,2.8415,2.932,2.8415,2.911
1499720400,2.911,3.038,2.909,3.0245
1499806800,3.0245,3.029,2.958,2.987
1499893200,2.987,3.008,2.936,2.9505
1499979600,2.9505,2.989,2.918,2.9685
1500238800,2.9685,3.038,2.9685,3.0155
1500325200,3.0155,3.085,3.012,3.077
1500411600,3.077,3.096,3.056,3.0605
1500498000,3.0605,3.106,3.012,3.0255
1500584400,3.0255,3.0365,2.934,2.954
1500843600,2.954,2.954,2.8735,2.893
1500930000,2.893,2.942,2.89,2.936
1501016400,2.936,2.9565,2.892,2.9255
1501102800,2.9255,2.996,2.904,2.967
1501189200,2.967,2.988,2.93,2.931
1501448400,2.931,2.931,2.787,2.817
1501534800,2.817,2.839,2.767,2.822
1501621200,2.822,2.84,2.79,2.82
1501707600,2.82,2.85,2.794,2.796
1501794000,2.796,2.804,2.758,2.783
1502053200,2.783,2.814,2.77,2.81
1502139600,2.81,2.834,2.788,2.817
1502226000,2.817,2.901,2.808,2.882
1502312400,2.882,2.997,2.876,2.9795
1502398800,2.9795,2.996,2.966,2.9925
1502658000,2.9925,3.021,2.928,2.9605
1502744400,2.9605,2.973,2.922,2.924
1502830800,2.924,2.934,2.886,2.891
1502917200,2.891,2.941,2.86,2.923
1503003600,2.923,2.93,2.888,2.8885
1503262800,2.8885,2.981,2.869,2.9675
1503349200,2.9675,3.008,2.928,2.936
1503435600,2.936,2.959,2.906,2.935
1503522000,2.935,2.989,2.926,2.95
1503608400,2.95,2.957,2.892,2.9035
1503867600,2.9035,2.974,2.86,2.9385
1503954000,2.9385,2.969,2.915,2.9535
1504040400,2.9535,2.96,2.908,2.9245
1504126800,2.9245,3.024,2.89,3.0115
1504213200,3.0115,3.068,2.98,3.0455
1504472400,3.0455,3.0455,3.001,3.0015
1504558800,3.0015,3.028,2.95,2.955
1504645200,2.955,3.015,2.944,2.9905
1504731600,2.9905,3.014,2.954,2.96
1504818000,2.96,2.96,2.871,2.8865
1505077200,2.8865,2.941,2.8865,2.9365
1505163600,2.9365,3.032,2.926,2.993
1505250000,2.993,3.066,2.9845,3.052
1505336400,3.052,3.096,3.027,3.058
1505422800,3.058,3.064,2.997,3.0235
1505682000,3.0235,3.15,3.0235,3.146
1505768400,3.146,3.159,3.106,3.1115
1505854800,3.1115,3.142,3.072,3.0755
1505941200,3.0755,3.084,2.944,2.96
1506027600,2.96,2.978,2.95,2.9535
1506286800,2.9535,2.994,2.927,2.9385
1506373200,2.9385,2.972,2.924,2.948
1506459600,2.948,3.036,2.948,3.0095
1506546000,3.0095,3.029,2.954,2.9715
1506632400,2.9715,2.9945,2.946,2.972
1506891600,2.972,2.98,2.85,2.8835
1506978000,2.8835,2.895,2.843,2.8625
1507064400,2.8625,2.938,2.8595,2.9
1507150800,2.9,2.958,2.861,2.8625
1507237200,2.8625,2.881,2.824,2.829
1507496400,2.829,2.856,2.799,2.8075
1507582800,2.8075,2.868,2.806,2.8545
1507669200,2.8545,2.935,2.85,2.879
1507755600,2.879,2.984,2.8715,2.9635
1507842000,2.9635,3.012,2.962,2.9795
1508101200,2.9795,2.9795,2.89,2.9355
1508187600,2.9355,3.008,2.906,2.9085
1508274000,2.9085,2.924,2.837,2.8465
1508360400,2.8465,2.897,2.761,2.8745
1508446800,2.8745,2.926,2.845,2.899
1508706000,2.899,3.0065,2.899,2.9525
1508792400,2.9525,2.988,2.946,2.975
1508878800,2.975,2.984,2.911,2.9275
1508965200,2.9275,2.937,2.878,2.892
1509051600,2.892,2.8955,2.796,2.8105
1509310800,2.8105,2.866,2.802,2.8505
1509397200,2.8505,2.868,2.754,2.778
1509483600,2.778,2.802,2.723,2.7715
1509570000,2.7715,2.834,2.7595,2.8135
1509656400,2.8135,2.878,2.811,2.876
1509919200,2.876,3.032,2.876,3.0075
1510005600,3.0075,3.068,2.984,3.0445
1510092000,3.0445,3.086,3.012,3.053
1510178400,3.053,3.118,3.053,3.1115
1510264800,3.1115,3.13,3.079,3.1285
1510524000,3.1285,3.151,3.052,3.0675
1510610400,3.0675,3.073,2.9955,3.0125
1510696800,3.0125,3.086,2.988,3.022
1510783200,3.022,3.048,2.988,3.012
1510869600,3.012,3.078,3.003,3.077
1511128800,3.077,3.077,2.986,2.994
1511215200,2.994,3.028,2.978,2.9795
1511301600,2.9795,2.993,2.927,2.9305
1511388000,2.9305,2.958,2.872,2.881
1511474400,2.881,2.902,2.793,2.812
1511733600,2.812,2.932,2.812,2.931
1511820000,2.931,3.046,2.924,3.0275
1511906400,3.0275,3.112,3.023,3.0735
1511992800,3.0735,3.09,2.914,2.929
1512079200,2.929,3.0205,2.929,2.967
1512338400,2.967,3.04,2.874,2.8945
1512424800,2.8945,2.917,2.801,2.834
1512511200,2.834,2.8865,2.813,2.8395
1512597600,2.8395,2.85,2.684,2.705
1512684000,2.705,2.756,2.696,2.7255
1512943200,2.7255,2.792,2.7255,2.7505
1513029600,2.7505,2.792,2.625,2.6465
1513116000,2.6465,2.704,2.611,2.6515
1513202400,2.6515,2.6725,2.603,2.645
1513288800,2.645,2.693,2.544,2.586
1513548000,2.586,2.747,2.586,2.7085
1513634400,2.7085,2.743,2.664,2.6935
1513720800,2.6935,2.731,2.586,2.6175
1513807200,2.6175,2.631,2.535,2.581
1513893600,2.581,2.647,2.558,2.6455
1514239200,2.6455,2.739,2.611,2.6215
1514325600,2.6215,2.727,2.587,2.7185
1514412000,2.7185,2.919,2.71,2.9045
1514498400,2.9045,2.982,2.896,2.93
1514844000,2.93,3.072,2.902,3.015
1514930400,3.015,3.032,2.938,2.9925
1515016800,2.9925,3.048,2.822,2.8525
1515103200,2.8525,2.868,2.728,2.769
1515362400,2.769,2.852,2.769,2.8195
1515448800,2.8195,2.949,2.812,2.9405
1515535200,2.9405,2.973,2.855,2.8935
1515621600,2.8935,3.122,2.872,3.122
1515708000,3.122,3.208,3.056,3.1915
1515967200,3.1915,3.1915,3.075,3.121
1516053600,3.121,3.163,3.028,3.116
1516140000,3.116,3.277,3.089,3.2365
1516226400,3.2365,3.248,3.06,3.1925
1516312800,3.1925,3.236,3.126,3.1785
1516572000,3.1785,3.262,3.138,3.241
1516658400,3.241,3.435,3.241,3.3945
1516744800,3.3945,3.432,3.312,3.3375
1516831200,3.3375,3.461,3.3375,3.382
1516917600,3.382,3.481,3.352,3.4485
1517176800,3.4485,3.4485,3.285,3.4385
1517263200,3.4385,3.512,3.4055,3.4065
1517349600,3.4065,3.425,3.166,3.1745
1517436000,3.1745,3.195,3.039,3.0915
1517522400,3.0915,3.123,3.035,3.0575
1517781600,3.0575,3.0575,2.9,2.922
1517868000,2.922,2.946,2.852,2.9205
1517954400,2.9205,2.934,2.834,2.8455
1518040800,2.8455,2.898,2.821,2.8275
1518127200,2.8275,2.839,2.701,2.734
1518386400,2.734,2.734,2.642,2.6635
1518472800,2.6635,2.74,2.6635,2.697
1518559200,2.697,2.716,2.642,2.6975
1518645600,2.6975,2.71,2.611,2.6585
1518732000,2.6585,2.666,2.612,2.637
1518991200,2.637,2.672,2.614,2.615
1519077600,2.615,2.6965,2.615,2.682
1519164000,2.682,2.716,2.61,2.6885
1519250400,2.6885,2.708,2.668,2.6775
1519336800,2.6775,2.6885,2.628,2.685
1519596000,2.685,2.736,2.656,2.6985
1519682400,2.6985,2.715,2.648,2.7055
1519768800,2.7055,2.723,2.674,2.6795
1519855200,2.6795,2.743,2.656,2.7095
1519941600,2.7095,2.74,2.7,2.722
1520200800,2.722,2.732,2.684,2.7175
1520287200,2.7175,2.767,2.714,2.7625
1520373600,2.7625,2.798,2.7555,2.7975
1520460000,2.7975,2.802,2.749,2.7535
1520546400,2.7535,2.7595,2.722,2.7255
1520802000,2.7255,2.812,2.7255,2.7955
1520888400,2.7955,2.818,2.784,2.7955
1520974800,2.7955,2.804,2.718,2.7475
1521061200,2.7475,2.756,2.67,2.6895
1521147600,2.6895,2.7045,2.674,2.6975
1521406800,2.6975,2.711,2.6455,2.6645
1521493200,2.6645,2.699,2.654,2.685
1521579600,2.685,2.712,2.644,2.6565
1521666000,2.6565,2.679,2.632,2.6405
1521752400,2.6405,2.6445,2.604,2.613
1522011600,2.613,2.662,2.596,2.652
1522098000,2.652,2.704,2.644,2.6995
1522184400,2.6995,2.7125,2.674,2.6885
1522270800,2.6885,2.747,2.6835,2.7175
1522616400,2.7175,2.744,2.638,2.6645
1522702800,2.6645,2.693,2.654,2.682
1522789200,2.682,2.733,2.662,2.697
1522875600,2.697,2.7005,2.64,2.666
1522962000,2.666,2.7045,2.664,2.689
1523221200,2.689,2.6925,2.63,2.689
1523307600,2.689,2.716,2.634,2.651
1523394000,2.651,2.68,2.614,2.6645
1523480400,2.6645,2.691,2.6395,2.6815
1523566800,2.6815,2.751,2.666,2.73
1523826000,2.73,2.772,2.73,2.742
1523912400,2.742,2.756,2.706,2.738
1523998800,2.738,2.782,2.73,2.738
1524085200,2.738,2.744,2.662,2.676
1524171600,2.676,2.739,2.66,2.736
1524430800,2.736,2.752,2.709,2.749
1524517200,2.749,2.786,2.732,2.783
1524603600,2.783,2.794,2.756,2.786
1524690000,2.786,2.814,2.772,2.798
1524776400,2.798,2.806,2.742,2.742
1525035600,2.742,2.754,2.704,2.738
1525122000,2.738,2.794,2.736,2.778
1525208400,2.778,2.787,2.723,2.737
1525294800,2.737,2.751,2.679,2.708
1525381200,2.708,2.72,2.682,2.693
1525640400,2.693,2.751,2.678,2.718
1525726800,2.718,2.754,2.69,2.722
1525813200,2.722,2.742,2.71,2.721
1525899600,2.721,2.802,2.693,2.79
1525986000,2.79,2.804,2.778,2.8
1526245200,2.8,2.834,2.785,2.821
1526331600,2.821,2.85,2.812,2.818
1526418000,2.818,2.832,2.797,2.804
1526504400,2.804,2.85,2.77,2.842
1526590800,2.842,2.86,2.823,2.826
1526850000,2.826,2.84,2.8,2.819
1526936400,2.819,2.911,2.81,2.896
1527022800,2.896,2.933,2.892,2.916
1527109200,2.916,2.933,2.9,2.923
1527195600,2.923,2.953,2.904,2.924
1527454800,2.924,2.962,2.902,2.95
1527541200,2.95,2.952,2.831,2.863
1527627600,2.863,2.872,2.836,2.863
1527714000,2.863,2.953,2.855,2.919
1527800400,2.919,2.95,2.9,2.949
1528059600,2.949,2.951,2.895,2.898
1528146000,2.898,2.905,2.848,2.865
1528232400,2.865,2.887,2.848,2.874
1528318800,2.874,2.961,2.871,2.904
1528405200,2.904,2.912,2.853,2.878
1528664400,2.878,2.945,2.878,2.932
1528750800,2.932,2.968,2.898,2.924
1528837200,2.924,2.961,2.898,2.94
1528923600,2.94,2.958,2.916,2.954
1529010000,2.954,3.018,2.95,3.018
1529269200,3.018,3.04,2.934,2.942
1529355600,2.942,2.942,2.878,2.91
1529442000,2.91,2.961,2.903,2.958
1529528400,2.958,3.004,2.94,2.976
1529614800,2.976,2.985,2.92,2.937
1529874000,2.937,2.937,2.896,2.928
1529960400,2.928,2.945,2.902,2.944
1530046800,2.944,2.997,2.94,2.988
1530133200,2.988,3.02,2.93,2.952
1530219600,2.952,2.952,2.91,2.923
1530478800,2.923,2.924,2.853,2.862
1530565200,2.862,2.902,2.852,2.858
1530651600,2.858,2.893,2.823,2.842
1530738000,2.842,2.882,2.828,2.83
1530824400,2.83,2.86,2.824,2.856
1531083600,2.856,2.864,2.817,2.828
1531170000,2.828,2.834,2.781,2.783
1531256400,2.783,2.831,2.781,2.826
1531342800,2.826,2.826,2.789,2.799
1531429200,2.799,2.812,2.75,2.758
1531688400,2.758,2.776,2.736,2.766
1531774800,2.766,2.786,2.732,2.742
1531861200,2.742,2.754,2.72,2.731
1531947600,2.731,2.774,2.704,2.768
1532034000,2.768,2.782,2.754,2.762
1532293200,2.762,2.762,2.714,2.721
1532379600,2.721,2.744,2.71,2.738
1532466000,2.738,2.777,2.734,2.772
1532552400,2.772,2.794,2.765,2.774
1532638800,2.774,2.812,2.772,2.799
1532898000,2.799,2.828,2.78,2.814
1532984400,2.814,2.844,2.784,2.792
1533070800,2.792,2.8,2.758,2.758
1533157200,2.758,2.84,2.752,2.83
1533243600,2.83,2.872,2.828,2.862
1533502800,2.862,2.874,2.833,2.872
1533589200,2.872,2.91,2.867,2.902
1533675600,2.902,2.959,2.894,2.956
1533762000,2.956,2.969,2.94,2.956
1533848400,2.956,2.964,2.926,2.947
1534107600,2.947,2.953,2.907,2.932
1534194000,2.932,2.981,2.93,2.964
1534280400,2.964,2.969,2.936,2.946
1534366800,2.946,2.954,2.898,2.92
1534453200,2.92,2.973,2.918,2.952
1534712400,2.952,2.957,2.908,2.956
1534798800,2.956,2.993,2.956,2.99
1534885200,2.99,2.996,2.958,2.96
1534971600,2.96,2.981,2.938,2.971
1535058000,2.971,2.977,2.916,2.919
1535317200,2.919,2.922,2.876,2.878
1535403600,2.878,2.884,2.845,2.862
1535490000,2.862,2.885,2.841,2.884
1535576400,2.884,2.899,2.852,2.894
1535662800,2.894,2.941,2.894,2.931
1535922000,2.931,2.931,2.828,2.868
1536008400,2.868,2.882,2.821,2.824
1536094800,2.824,2.85,2.796,2.8
1536181200,2.8,2.804,2.773,2.782
1536267600,2.782,2.792,2.766,2.783
1536526800,2.783,2.818,2.759,2.812
1536613200,2.812,2.84,2.792,2.834
1536699600,2.834,2.875,2.824,2.827
1536786000,2.827,2.86,2.81,2.816
1536872400,2.816,2.818,2.767,2.771
1537131600,2.771,2.833,2.771,2.819
1537218000,2.819,2.938,2.816,2.93
1537304400,2.93,2.95,2.902,2.91
1537390800,2.91,3.002,2.904,2.974
1537477200,2.974,3.008,2.96,3.002
1537736400,3.002,3.062,2.976,3.06
1537822800,3.06,3.088,3.039,3.074
1537909200,3.074,3.086,2.99,2.994
1537995600,2.994,3.134,2.988,3.08
1538082000,3.08,3.084,2.999,3.024
1538341200,3.024,3.138,3.024,3.133
1538427600,3.133,3.215,3.129,3.184
1538514000,3.184,3.28,3.176,3.258
1538600400,3.258,3.27,3.15,3.209
1538686800,3.209,3.243,3.128,3.172
1538946000,3.172,3.31,3.172,3.298
1539032400,3.298,3.382,3.253,3.324
1539118800,3.324,3.372,3.267,3.288
1539205200,3.288,3.302,3.167,3.25
1539291600,3.25,3.283,3.152,3.162
1539550800,3.162,3.284,3.162,3.27
1539637200,3.27,3.322,3.222,3.262
1539723600,3.262,3.348,3.249,3.326
1539810000,3.326,3.33,3.202,3.234
1539896400,3.234,3.266,3.164,3.236
1540155600,3.236,3.251,3.132,3.139
1540242000,3.139,3.244,3.116,3.228
1540328400,3.228,3.254,3.164,3.192
1540414800,3.192,3.235,3.152,3.174
1540501200,3.174,3.2,3.099,3.196
1540760400,3.196,3.196,3.091,3.141
1540846800,3.141,3.236,3.124,3.17
1540933200,3.17,3.251,3.166,3.242
1541019600,3.242,3.276,3.176,3.2
1541106000,3.2,3.272,3.129,3.255
1541368800,3.255,3.538,3.255,3.52
1541455200,3.52,3.544,3.479,3.496
1541541600,3.496,3.524,3.452,3.496
1541628000,3.496,3.534,3.462,3.528
1541714400,3.528,3.79,3.52,3.692
1541973600,3.692,3.924,3.692,3.912
1542060000,3.912,4.082,3.874,4.044
1542146400,4.044,4.872,4.024,4.654
1542232800,4.654,4.758,3.86,3.876
1542319200,3.876,4.359,3.876,4.358
1542578400,4.358,4.766,4.358,4.564
1542664800,4.564,4.654,4.26,4.494
1542751200,4.494,4.841,4.406,4.437
1542837600,4.437,4.522,4.106,4.223
1542924000,4.223,4.564,4.213,4.319
1543183200,4.319,4.319,4.01,4.246
1543269600,4.246,4.317,4.117,4.191
1543356000,4.191,4.694,4.182,4.64
1543442400,4.64,4.644,4.426,4.565
1543528800,4.565,4.742,4.446,4.61
1543788000,4.61,4.61,4.222,4.352
1543874400,4.352,4.55,4.336,4.488
1543960800,4.488,4.606,4.385,4.426
1544047200,4.426,4.465,4.252,4.352
1544133600,4.352,4.548,4.213,4.483
1544392800,4.483,4.648,4.374,4.503
1544479200,4.503,4.57,4.334,4.347
1544565600,4.347,4.39,4.068,4.083
1544652000,4.083,4.293,4.038,4.127
1544738400,4.127,4.127,3.778,3.782
1544997600,3.782,3.782,3.508,3.56
1545084000,3.56,3.842,3.56,3.827
1545170400,3.827,3.884,3.558,3.721
1545256800,3.721,3.931,3.568,3.704
1545343200,3.704,3.822,3.59,3.696
1545602400,3.696,3.832,3.45,3.462
1545775200,3.462,3.592,3.295,3.461
1545861600,3.461,3.596,3.404,3.536
1545948000,3.536,3.569,3.316,3.343
1546207200,3.343,3.343,2.962,3
1546380000,3,3.07,2.934,2.988
1546466400,2.988,3.04,2.906,2.952
1546552800,2.952,3.076,2.922,3.056
1546812000,3.056,3.056,2.934,2.98
1546898400,2.98,3.076,2.969,3.024
1546984800,3.024,3.04,2.962,3.012
1547071200,3.012,3.11,2.982,2.988
1547157600,2.988,3.187,2.988,3.18
1547416800,3.18,3.637,3.18,3.586
1547503200,3.586,3.74,3.45,3.466
1547589600,3.466,3.713,3.356,3.42
1547676000,3.42,3.608,3.382,3.427
1547762400,3.427,3.512,3.215,3.436
1548021600,3.436,3.436,3.241,3.245
1548108000,3.245,3.364,3.034,3.07
1548194400,3.07,3.172,2.964,3.032
1548280800,3.032,3.143,2.995,3.109
1548367200,3.109,3.18,3.035,3.138
1548626400,3.138,3.138,2.92,2.97
1548712800,2.97,2.998,2.876,2.982
1548799200,2.982,2.993,2.918,2.942
1548885600,2.942,2.989,2.87,2.894
1548972000,2.894,2.916,2.794,2.796
1549231200,2.796,2.796,2.71,2.718
1549317600,2.718,2.762,2.692,2.737
1549404000,2.737,2.768,2.7,2.726
1549490400,2.726,2.738,2.594,2.617
1549576800,2.617,2.662,2.602,2.658
1549836000,2.658,2.782,2.658,2.682
1549922400,2.682,2.732,2.654,2.701
1550008800,2.701,2.702,2.591,2.62
1550095200,2.62,2.643,2.595,2.596
1550181600,2.596,2.662,2.571,2.658
1550440800,2.658,2.684,2.622,2.648
1550527200,2.648,2.688,2.625,2.674
1550613600,2.674,2.703,2.646,2.658
1550700000,2.658,2.72,2.654,2.718
1550786400,2.718,2.736,2.686,2.709
1551045600,2.709,2.81,2.709,2.806
1551132000,2.806,2.84,2.753,2.762
1551218400,2.762,2.803,2.724,2.802
1551304800,2.802,2.834,2.78,2.797
1551391200,2.797,2.862,2.774,2.839
1551650400,2.839,2.88,2.814,2.846
1551736800,2.846,2.885,2.836,2.878
1551823200,2.878,2.889,2.817,2.838
1551909600,2.838,2.866,2.806,2.859
1551996000,2.859,2.888,2.852,2.858
1552251600,2.858,2.858,2.762,2.771
1552338000,2.771,2.793,2.749,2.788
1552424400,2.788,2.834,2.759,2.832
1552510800,2.832,2.852,2.821,2.844
1552597200,2.844,2.852,2.789,2.789
1552856400,2.789,2.854,2.772,2.84
1552942800,2.84,2.894,2.833,2.858
1553029200,2.858,2.87,2.812,2.83
1553115600,2.83,2.836,2.796,2.816
1553202000,2.816,2.82,2.725,2.754
1553461200,2.754,2.769,2.706,2.759
1553547600,2.759,2.77,2.73,2.734
1553634000,2.734,2.734,2.676,2.708
1553720400,2.708,2.736,2.693,2.702
1553806800,2.702,2.712,2.644,2.659
1554066000,2.659,2.719,2.646,2.69
1554152400,2.69,2.708,2.662,2.678
1554238800,2.678,2.683,2.648,2.662
1554325200,2.662,2.674,2.628,2.633
1554411600,2.633,2.67,2.624,2.669
1554670800,2.669,2.712,2.65,2.7
1554757200,2.7,2.715,2.672,2.698
1554843600,2.698,2.72,2.678,2.69
1554930000,2.69,2.703,2.644,2.664
1555016400,2.664,2.68,2.644,2.648
1555275600,2.648,2.648,2.582,2.584
1555362000,2.584,2.588,2.566,2.568
1555448400,2.568,2.576,2.5,2.501
1555534800,2.501,2.516,2.476,2.488
1555880400,2.488,2.533,2.483,2.528
1555966800,2.528,2.532,2.446,2.452
1556053200,2.452,2.486,2.448,2.472
1556139600,2.472,2.522,2.442,2.502
1556226000,2.502,2.57,2.482,2.548
1556485200,2.548,2.566,2.515,2.56
1556571600,2.56,2.582,2.535,2.542
1556658000,2.542,2.596,2.531,2.584
1556744400,2.584,2.588,2.535,2.557
1556830800,2.557,2.582,2.527,2.538
1557090000,2.538,2.548,2.492,2.5
1557176400,2.5,2.532,2.494,2.521
1557262800,2.521,2.592,2.515,2.58
1557349200,2.58,2.584,2.542,2.574
1557435600,2.574,2.626,2.555,2.6
1557694800,2.6,2.635,2.58,2.605
1557781200,2.605,2.652,2.605,2.637
1557867600,2.637,2.652,2.582,2.588
1557954000,2.588,2.631,2.573,2.626
1558040400,2.626,2.645,2.603,2.61
1558299600,2.61,2.688,2.61,2.656
1558386000,2.656,2.658,2.602,2.61
1558472400,2.61,2.614,2.531,2.544
1558558800,2.544,2.582,2.535,2.573
1558645200,2.573,2.604,2.541,2.594
1558904400,2.594,2.606,2.55,2.567
1558990800,2.567,2.58,2.531,2.568
1559077200,2.568,2.632,2.568,2.606
1559163600,2.606,2.616,2.523,2.546
1559250000,2.546,2.56,2.434,2.452
1559509200,2.452,2.462,2.374,2.402
1559595600,2.402,2.43,2.374,2.41
1559682000,2.41,2.414,2.348,2.362
1559768400,2.362,2.382,2.297,2.326
1559854800,2.326,2.346,2.299,2.332
1560114000,2.332,2.358,2.318,2.354
1560200400,2.354,2.398,2.329,2.392
1560286800,2.392,2.4,2.361,2.374
1560373200,2.374,2.376,2.316,2.322
1560459600,2.322,2.393,2.32,2.383
1560718800,2.383,2.412,2.353,2.372
1560805200,2.372,2.401,2.315,2.33
1560891600,2.33,2.354,2.268,2.278
1560978000,2.278,2.3,2.156,2.212
1561064400,2.212,2.219,2.18,2.197
1561323600,2.197,2.316,2.196,2.298
1561410000,2.298,2.314,2.253,2.278
1561496400,2.278,2.322,2.273,2.29
1561582800,2.29,2.356,2.282,2.342
1561669200,2.342,2.381,2.317,2.328
1561928400,2.328,2.346,2.232,2.282
1562014800,2.282,2.31,2.246,2.254
1562101200,2.254,2.31,2.25,2.302
1562187600,2.302,2.314,2.277,2.284
1562274000,2.284,2.46,2.284,2.412
1562533200,2.412,2.478,2.382,2.412
1562619600,2.412,2.449,2.37,2.442
1562706000,2.442,2.5,2.426,2.456
1562792400,2.456,2.497,2.404,2.42
1562878800,2.42,2.49,2.408,2.468
1563138000,2.468,2.475,2.392,2.404
1563224400,2.404,2.414,2.305,2.326
1563310800,2.326,2.352,2.297,2.315
1563397200,2.315,2.36,2.273,2.296
1563483600,2.296,2.306,2.249,2.26
1563742800,2.26,2.326,2.25,2.319
1563829200,2.319,2.33,2.292,2.294
1563915600,2.294,2.3,2.215,2.232
1564002000,2.232,2.262,2.222,2.237
1564088400,2.237,2.238,2.161,2.169
1564347600,2.169,2.176,2.115,2.13
1564434000,2.13,2.155,2.122,2.152
1564520400,2.152,2.282,2.138,2.25
1564606800,2.25,2.344,2.178,2.182
1564693200,2.182,2.212,2.09,2.154
1564952400,2.154,2.154,2.039,2.1
1565038800,2.1,2.143,2.084,2.112
1565125200,2.112,2.153,2.083,2.096
1565211600,2.096,2.163,2.096,2.133
1565298000,2.133,2.153,2.072,2.134
1565557200,2.134,2.164,2.103,2.116
1565643600,2.116,2.18,2.094,2.166
1565730000,2.166,2.208,2.13,2.164
1565816400,2.164,2.272,2.144,2.226
1565902800,2.226,2.228,2.176,2.21
1566162000,2.21,2.224,2.138,2.206
1566248400,2.206,2.235,2.192,2.218
1566334800,2.218,2.24,2.162,2.17
1566421200,2.17,2.196,2.148,2.154
1566507600,2.154,2.168,2.124,2.163
1566766800,2.163,2.235,2.161,2.224
1566853200,2.224,2.231,2.172,2.19
1566939600,2.19,2.266,2.182,2.229
1567026000,2.229,2.306,2.214,2.283
1567112400,2.283,2.294,2.253,2.278
1567371600,2.278,2.34,2.265,2.304
1567458000,2.304,2.362,2.278,2.344
1567544400,2.344,2.453,2.337,2.44
1567630800,2.44,2.462,2.385,2.434
1567717200,2.434,2.501,2.4,2.487
1567976400,2.487,2.604,2.487,2.604
1568062800,2.604,2.644,2.568,2.58
1568149200,2.58,2.596,2.527,2.54
1568235600,2.54,2.582,2.51,2.574
1568322000,2.574,2.634,2.551,2.62
1568581200,2.62,2.696,2.62,2.686
1568667600,2.686,2.708,2.628,2.662
1568754000,2.662,2.693,2.603,2.632
1568840400,2.632,2.636,2.53,2.546
1568926800,2.546,2.576,2.506,2.532
1569186000,2.532,2.548,2.494,2.541
1569272400,2.541,2.596,2.496,2.504
1569358800,2.504,2.516,2.454,2.51
1569445200,2.51,2.542,2.394,2.432
1569531600,2.432,2.432,2.363,2.377
1569790800,2.377,2.377,2.309,2.31
1569877200,2.31,2.318,2.256,2.282
1569963600,2.282,2.289,2.232,2.242
1570050000,2.242,2.335,2.199,2.323
1570136400,2.323,2.384,2.25,2.338
1570395600,2.338,2.338,2.278,2.284
1570482000,2.284,2.31,2.256,2.28
1570568400,2.28,2.294,2.22,2.228
1570654800,2.228,2.264,2.194,2.196
1570741200,2.196,2.252,2.178,2.214
1571000400,2.214,2.304,2.214,2.278
1571086800,2.278,2.342,2.26,2.338
1571173200,2.338,2.376,2.272,2.283
1571259600,2.283,2.358,2.28,2.312
1571346000,2.312,2.354,2.284,2.352
1571605200,2.352,2.352,2.21,2.236
1571691600,2.236,2.306,2.228,2.272
1571778000,2.272,2.302,2.248,2.271
1571864400,2.271,2.323,2.265,2.322
1571950800,2.322,2.326,2.285,2.314
1572210000,2.314,2.443,2.314,2.42
1572296400,2.42,2.558,2.416,2.488
1572382800,2.488,2.58,2.48,2.548
1572469200,2.548,2.6,2.478,2.508
1572555600,2.508,2.586,2.45,2.572
1572818400,2.572,2.718,2.572,2.7
1572904800,2.7,2.782,2.7,2.753
1572991200,2.753,2.775,2.71,2.722
1573077600,2.722,2.774,2.65,2.682
1573164000,2.682,2.72,2.654,2.696
1573423200,2.696,2.696,2.539,2.559
1573509600,2.559,2.606,2.534,2.548
1573596000,2.548,2.609,2.503,2.602
1573682400,2.602,2.628,2.56,2.576
1573768800,2.576,2.66,2.545,2.616
1574028000,2.616,2.616,2.49,2.495
1574114400,2.495,2.518,2.464,2.468
1574200800,2.468,2.546,2.468,2.529
1574287200,2.529,2.565,2.496,2.552
1574373600,2.552,2.648,2.531,2.633
1574632800,2.633,2.693,2.499,2.513
1574719200,2.513,2.518,2.44,2.468
1574805600,2.468,2.497,2.43,2.438
1574892000,2.438,2.455,2.414,2.422
1574978400,2.422,2.429,2.221,2.261
1575237600,2.261,2.32,2.244,2.298
1575324000,2.298,2.461,2.296,2.394
1575410400,2.394,2.417,2.325,2.362
1575496800,2.362,2.419,2.353,2.376
1575583200,2.376,2.396,2.289,2.306
1575842400,2.306,2.306,2.134,2.216
1575928800,2.216,2.258,2.186,2.234
1576015200,2.234,2.272,2.212,2.218
1576101600,2.218,2.32,2.218,2.311
1576188000,2.311,2.313,2.228,2.28
1576447200,2.28,2.354,2.265,2.334
1576533600,2.334,2.34,2.264,2.3
1576620000,2.3,2.308,2.242,2.27
1576706400,2.27,2.282,2.218,2.278
1576792800,2.278,2.324,2.27,2.31
1577052000,2.31,2.31,2.205,2.212
1577138400,2.212,2.234,2.18,2.198
1577311200,2.198,2.288,2.198,2.27
1577397600,2.27,2.274,2.166,2.244
1577656800,2.244,2.256,2.182,2.186
1577743200,2.186,2.206,2.152,2.182
1577916000,2.182,2.188,2.117,2.128
1578002400,2.128,2.16,2.084,2.116
1578261600,2.116,2.173,2.106,2.15
1578348000,2.15,2.176,2.103,2.152
1578434400,2.152,2.184,2.115,2.152
1578520800,2.152,2.17,2.107,2.167
1578607200,2.167,2.234,2.138,2.206
1578866400,2.206,2.224,2.164,2.19
1578952800,2.19,2.254,2.173,2.178
1579039200,2.178,2.189,2.106,2.124
1579125600,2.124,2.169,2.071,2.076
1579212000,2.076,2.076,1.996,1.996
1579471200,1.996,1.996,1.79,1.94
1579557600,1.94,1.956,1.876,1.916
1579644000,1.916,1.94,1.903,1.919
1579730400,1.919,1.968,1.911,1.928
1579816800,1.928,1.931,1.868,1.88
1580076000,1.88,1.964,1.876,1.888
1580162400,1.888,1.938,1.872,1.922
1580248800,1.922,1.932,1.87,1.892
1580335200,1.892,1.896,1.824,1.84
1580421600,1.84,1.865,1.822,1.852
1580680800,1.852,1.887,1.822,1.831
1580767200,1.831,1.896,1.814,1.884
1580853600,1.884,1.892,1.834,1.876
1580940000,1.876,1.912,1.84,1.872
1581026400,1.872,1.906,1.85,1.856
1581285600,1.856,1.856,1.764,1.774
1581372000,1.774,1.804,1.758,1.796
1581458400,1.796,1.861,1.796,1.856
1581544800,1.856,1.874,1.828,1.832
1581631200,1.832,1.859,1.8,1.852
1581890400,1.852,1.95,1.852,1.945
1581976800,1.945,1.986,1.929,1.972
1582063200,1.972,1.992,1.951,1.982
1582149600,1.982,2.032,1.929,1.933
1582236000,1.933,1.938,1.882,1.922
1582495200,1.922,1.922,1.846,1.86
1582581600,1.86,1.886,1.84,1.849
1582668000,1.849,1.894,1.826,1.83
1582754400,1.83,1.838,1.726,1.744
1582840800,1.744,1.754,1.649,1.706
1583100000,1.706,1.769,1.684,1.764
1583186400,1.764,1.843,1.762,1.81
1583272800,1.81,1.849,1.79,1.84
1583359200,1.84,1.851,1.762,1.762
1583445600,1.762,1.77,1.71,1.733
1583701200,1.733,1.834,1.613,1.824
1583787600,1.824,1.96,1.798,1.93
1583874000,1.93,2.002,1.864,1.884
1583960400,1.884,1.884,1.754,1.822
1584046800,1.822,1.952,1.799,1.892
1584306000,1.892,1.892,1.782,1.805
1584392400,1.805,1.822,1.714,1.722
1584478800,1.722,1.729,1.556,1.637
1584565200,1.637,1.684,1.604,1.652
1584651600,1.652,1.701,1.576,1.58
1584910800,1.58,1.634,1.524,1.59
1584997200,1.59,1.684,1.59,1.676
1585083600,1.676,1.714,1.634,1.658
1585170000,1.658,1.678,1.612,1.634
1585256400,1.634,1.648,1.59,1.615
1585515600,1.615,1.653,1.56,1.646
1585602000,1.646,1.676,1.586,1.592
1585688400,1.592,1.626,1.532,1.54
1585774800,1.54,1.576,1.477,1.506
1585861200,1.506,1.612,1.488,1.604
1586120400,1.604,1.712,1.588,1.708
1586206800,1.708,1.867,1.704,1.866
1586293200,1.866,1.866,1.732,1.754
1586379600,1.754,1.784,1.685,1.71
1586725200,1.71,1.782,1.671,1.699
1586811600,1.699,1.707,1.608,1.612
1586898000,1.612,1.642,1.564,1.568
1586984400,1.568,1.696,1.536,1.662
1587070800,1.662,1.783,1.64,1.738
1587330000,1.738,1.952,1.687,1.918
1587416400,1.918,1.956,1.778,1.822
1587502800,1.822,1.912,1.774,1.876
1587589200,1.876,1.907,1.782,1.802
1587675600,1.802,1.838,1.726,1.736
1587934800,1.736,1.795,1.643,1.788
1588021200,1.788,1.883,1.758,1.826
1588107600,1.826,1.844,1.741,1.758
1588194000,1.758,1.831,1.711,1.818
1588280400,1.818,1.894,1.76,1.769
1588539600,1.769,1.898,1.769,1.882
1588626000,1.882,2.052,1.878,1.978
1588712400,1.978,2.004,1.836,1.856
1588798800,1.856,1.896,1.8,1.812
1588885200,1.812,1.838,1.733,1.746
1589144400,1.746,1.818,1.737,1.78
1589230800,1.78,1.781,1.642,1.649
1589317200,1.649,1.676,1.562,1.598
1589403600,1.598,1.644,1.578,1.599
1589490000,1.599,1.642,1.56,1.565
1589749200,1.565,1.748,1.565,1.692
1589835600,1.692,1.759,1.684,1.698
1589922000,1.698,1.763,1.644,1.666
1590008400,1.666,1.671,1.604,1.634
1590094800,1.634,1.672,1.608,1.66
1590354000,1.66,1.674,1.636,1.649
1590440400,1.649,1.738,1.646,1.724
1590526800,1.724,1.769,1.672,1.682
1590613200,1.682,1.702,1.628,1.638
1590699600,1.638,1.68,1.589,1.66
1590958800,1.66,1.68,1.588,1.626
1591045200,1.626,1.646,1.606,1.624
1591131600,1.624,1.708,1.622,1.662
1591218000,1.662,1.706,1.654,1.678
1591304400,1.678,1.722,1.645,1.666
1591563600,1.666,1.698,1.635,1.695
1591650000,1.695,1.714,1.649,1.654
1591736400,1.654,1.702,1.574,1.69
1591822800,1.69,1.734,1.669,1.718
1591909200,1.718,1.724,1.641,1.656
1592168400,1.656,1.684,1.593,1.608
1592254800,1.608,1.621,1.538,1.554
1592341200,1.554,1.591,1.544,1.584
1592427600,1.584,1.606,1.564,1.588
1592514000,1.588,1.626,1.58,1.61
1592773200,1.61,1.654,1.594,1.606
1592859600,1.606,1.608,1.56,1.566
1592946000,1.566,1.593,1.538,1.548
1593032400,1.548,1.548,1.414,1.422
1593118800,1.422,1.464,1.417,1.444
1593378000,1.444,1.646,1.444,1.59
1593464400,1.59,1.678,1.588,1.654
1593550800,1.654,1.655,1.562,1.603
1593637200,1.603,1.644,1.58,1.634
1593723600,1.634,1.658,1.622,1.656
1593982800,1.656,1.776,1.651,1.746
1594069200,1.746,1.837,1.746,1.798
1594155600,1.798,1.802,1.731,1.742
1594242000,1.742,1.813,1.701,1.702
1594328400,1.702,1.762,1.669,1.749
1594587600,1.749,1.755,1.668,1.672
1594674000,1.672,1.716,1.654,1.692
1594760400,1.692,1.74,1.677,1.734
1594846800,1.734,1.758,1.657,1.682
1594933200,1.682,1.706,1.649,1.664
1595192400,1.664,1.674,1.574,1.612
1595278800,1.612,1.653,1.594,1.644
1595365200,1.644,1.674,1.6,1.67
1595451600,1.67,1.782,1.655,1.758
1595538000,1.758,1.801,1.725,1.788
1595797200,1.788,1.795,1.707,1.724
1595883600,1.724,1.805,1.716,1.8
1595970000,1.8,1.875,1.766,1.854
1596056400,1.854,1.866,1.762,1.78
1596142800,1.78,1.805,1.728,1.762
1596402000,1.762,2.096,1.762,2.044
1596488400,2.044,2.14,2.003,2.122
1596574800,2.122,2.204,2.11,2.152
1596661200,2.152,2.228,2.086,2.106
1596747600,2.106,2.206,2.092,2.204
1597006800,2.204,2.231,2.078,2.124
1597093200,2.124,2.188,2.1,2.114
1597179600,2.114,2.128,2.051,2.114
1597266000,2.114,2.169,2.106,2.158
1597352400,2.158,2.342,2.138,2.307
1597611600,2.307,2.36,2.276,2.314
1597698000,2.314,2.44,2.281,2.387
1597784400,2.387,2.43,2.353,2.408
1597870800,2.408,2.418,2.328,2.336
1597957200,2.336,2.45,2.265,2.42
1598216400,2.42,2.548,2.38,2.506
1598302800,2.506,2.54,2.466,2.476
1598389200,2.476,2.548,2.42,2.43
1598475600,2.43,2.612,2.396,2.601
1598562000,2.601,2.64,2.526,2.557
1598821200,2.557,2.564,2.414,2.542
1598907600,2.542,2.588,2.424,2.436
1598994000,2.436,2.497,2.341,2.408
1599080400,2.408,2.49,2.382,2.406
1599166800,2.406,2.532,2.364,2.504
1599426000,2.504,2.514,2.43,2.484
1599512400,2.484,2.51,2.3,2.306
1599598800,2.306,2.423,2.274,2.34
1599685200,2.34,2.353,2.257,2.262
1599771600,2.262,2.285,2.201,2.204
1600030800,2.204,2.357,2.204,2.266
1600117200,2.266,2.346,2.239,2.32
1600203600,2.32,2.352,2.201,2.22
1600290000,2.22,2.243,1.961,1.964
1600376400,1.964,2.05,1.902,2.033
1600635600,2.033,2.033,1.78,1.864
1600722000,1.864,1.882,1.796,1.833
1600808400,1.833,2.108,1.803,2.092
1600894800,2.092,2.187,2.071,2.142
1600981200,2.142,2.19,2.102,2.114
1601240400,2.114,2.171,2.087,2.14
1601326800,2.14,2.159,1.942,1.948
1601413200,1.948,2.024,1.904,2.004
1601499600,2.004,2.05,1.935,1.97
1601586000,1.97,2.038,1.895,1.954
1601845200,1.954,2.235,1.954,2.161
1601931600,2.161,2.231,2.074,2.082
1602018000,2.082,2.239,2.066,2.166
1602104400,2.166,2.232,2.11,2.219
1602190800,2.219,2.392,2.208,2.348
1602450000,2.348,2.556,2.348,2.472
1602536400,2.472,2.534,2.42,2.431
1602622800,2.431,2.438,2.314,2.353
1602709200,2.353,2.525,2.353,2.49
1602795600,2.49,2.566,2.408,2.424
1603054800,2.424,2.674,2.423,2.623
1603141200,2.623,2.749,2.618,2.708
1603227600,2.708,2.866,2.7,2.854
1603314000,2.854,2.906,2.822,2.834
1603400400,2.834,2.87,2.785,2.808
1603659600,2.808,2.944,2.808,2.903
1603746000,2.903,2.994,2.853,2.968
1603832400,2.968,2.99,2.94,2.956
1603918800,2.956,3.026,2.848,3
1604005200,3,3.081,2.954,3.076
1604268000,3.076,3.098,2.948,2.971
1604354400,2.971,2.974,2.8,2.814
1604440800,2.814,2.85,2.772,2.832
1604527200,2.832,2.884,2.714,2.722
1604613600,2.722,2.762,2.666,2.694
1604872800,2.694,2.752,2.656,2.69
1604959200,2.69,2.842,2.69,2.782
1605045600,2.782,2.896,2.756,2.866
1605132000,2.866,2.907,2.798,2.805
1605218400,2.805,2.942,2.805,2.838
1605477600,2.838,2.838,2.582,2.583
1605564000,2.583,2.64,2.563,2.604
1605650400,2.604,2.698,2.604,2.64
1605736800,2.64,2.668,2.462,2.533
1605823200,2.533,2.618,2.52,2.603
1606082400,2.603,2.671,2.594,2.646
1606168800,2.646,2.74,2.635,2.727
1606255200,2.727,2.832,2.678,2.78
1606341600,2.78,2.786,2.746,2.768
1606428000,2.768,2.802,2.678,2.696
1606687200,2.696,2.85,2.685,2.794
1606773600,2.794,2.829,2.702,2.742
1606860000,2.742,2.8,2.618,2.634
1606946400,2.634,2.643,2.378,2.404
1607032800,2.404,2.514,2.357,2.446
1607292000,2.446,2.446,2.293,2.338
1607378400,2.338,2.389,2.285,2.358
1607464800,2.358,2.437,2.342,2.343
1607551200,2.343,2.508,2.304,2.492
1607637600,2.492,2.55,2.448,2.52
1607896800,2.52,2.637,2.52,2.6
1607983200,2.6,2.635,2.534,2.605
1608069600,2.605,2.632,2.558,2.624
1608156000,2.624,2.664,2.554,2.6
1608242400,2.6,2.668,2.597,2.658
1608501600,2.658,2.687,2.595,2.662
1608588000,2.662,2.772,2.656,2.736
1608674400,2.736,2.762,2.539,2.576
1608760800,2.576,2.61,2.503,2.526
1609106400,2.526,2.526,2.26,2.347
1609192800,2.347,2.482,2.303,2.446
1609279200,2.446,2.468,2.384,2.43
1609365600,2.43,2.542,2.426,2.541
1609711200,2.541,2.666,2.541,2.593
1609797600,2.593,2.727,2.588,2.69
1609884000,2.69,2.766,2.604,2.712
1609970400,2.712,2.751,2.659,2.674
1610056800,2.674,2.727,2.624,2.693
1610316000,2.693,2.808,2.587,2.786
1610402400,2.786,2.896,2.717,2.732
1610488800,2.732,2.823,2.706,2.741
1610575200,2.741,2.785,2.66,2.662
1610661600,2.662,2.798,2.635,2.75
1610920800,2.75,2.75,2.571,2.617
1611007200,2.617,2.671,2.522,2.544
1611093600,2.544,2.566,2.454,2.533
1611180000,2.533,2.548,2.46,2.497
1611266400,2.497,2.512,2.427,2.458
1611525600,2.458,2.61,2.458,2.598
1611612000,2.598,2.663,2.591,2.63
1611698400,2.63,2.742,2.62,2.676
1611784800,2.676,2.701,2.594,2.68
1611871200,2.68,2.711,2.556,2.556
1612130400,2.556,2.868,2.556,2.828
1612216800,2.828,3.004,2.812,2.824
1612303200,2.824,2.894,2.749,2.784
1612389600,2.784,2.977,2.736,2.962
1612476000,2.962,3.056,2.852,2.882
1612735200,2.882,2.985,2.845,2.884
1612821600,2.884,2.926,2.789,2.819
1612908000,2.819,2.981,2.742,2.976
1612994400,2.976,3.046,2.841,2.866
1613080800,2.866,2.986,2.836,2.896
1613340000,2.896,3.05,2.896,3.011
1613426400,3.011,3.212,3.011,3.098
1613512800,3.098,3.315,3.051,3.237
1613599200,3.237,3.298,3.042,3.064
1613685600,3.064,3.144,3.024,3.102
1613944800,3.102,3.102,2.973,3.025
1614031200,3.025,3.038,2.944,2.964
1614117600,2.964,2.968,2.888,2.9
1614204000,2.9,2.95,2.853,2.858
1614290400,2.858,2.876,2.788,2.863
1614549600,2.863,2.893,2.805,2.864
1614636000,2.864,2.937,2.837,2.929
1614722400,2.929,2.965,2.878,2.88
1614808800,2.88,2.901,2.759,2.814
1614895200,2.814,2.824,2.749,2.764
1615154400,2.764,2.794,2.682,2.718
1615240800,2.718,2.747,2.68,2.706
1615327200,2.706,2.76,2.67,2.742
1615413600,2.742,2.766,2.686,2.72
1615500000,2.72,2.74,2.63,2.645
1615755600,2.645,2.645,2.515,2.533
1615842000,2.533,2.6,2.515,2.596
1615928400,2.596,2.598,2.522,2.552
1616014800,2.552,2.556,2.452,2.512
1616101200,2.512,2.579,2.482,2.573
1616360400,2.573,2.61,2.496,2.593
1616446800,2.593,2.597,2.519,2.529
1616533200,2.529,2.558,2.517,2.525
1616619600,2.525,2.592,2.491,2.582
1616706000,2.582,2.604,2.57,2.588
1616965200,2.588,2.622,2.551,2.61
1617051600,2.61,2.655,2.566,2.59
1617138000,2.59,2.624,2.547,2.576
1617224400,2.576,2.632,2.55,2.6
1617570000,2.6,2.6,2.466,2.494
1617656400,2.494,2.544,2.432,2.44
1617742800,2.44,2.524,2.436,2.487
1617829200,2.487,2.512,2.458,2.497
1617915600,2.497,2.532,2.484,2.5
1618174800,2.5,2.586,2.5,2.54
1618261200,2.54,2.62,2.514,2.608
1618347600,2.608,2.648,2.595,2.602
1618434000,2.602,2.668,2.57,2.65
1618520400,2.65,2.684,2.646,2.672
1618779600,2.672,2.74,2.672,2.729
1618866000,2.729,2.747,2.71,2.714
1618952400,2.714,2.715,2.658,2.688
1619038800,2.688,2.77,2.65,2.741
1619125200,2.741,2.756,2.718,2.718
1619384400,2.718,2.802,2.696,2.794
1619470800,2.794,2.866,2.786,2.858
1619557200,2.858,2.908,2.852,2.872
1619643600,2.872,2.894,2.809,2.83
1619730000,2.83,2.889,2.82,2.866
1619989200,2.866,2.909,2.837,2.895
1620075600,2.895,2.937,2.872,2.916
1620162000,2.916,2.93,2.856,2.888
1620248400,2.888,2.913,2.853,2.876
1620334800,2.876,2.933,2.853,2.918
1620594000,2.918,2.921,2.854,2.88
1620680400,2.88,2.926,2.84,2.91
1620766800,2.91,2.946,2.886,2.942
1620853200,2.942,2.96,2.9,2.936
1620939600,2.936,2.981,2.912,2.938
1621198800,2.938,3.122,2.938,3.093
1621285200,3.093,3.108,2.98,2.986
1621371600,2.986,2.992,2.92,2.943
1621458000,2.943,2.966,2.89,2.932
1621544400,2.932,2.967,2.88,2.892
1621803600,2.892,2.892,2.829,2.884
1621890000,2.884,2.926,2.878,2.916
1621976400,2.916,2.973,2.904,2.95
1622062800,2.95,2.951,2.848,2.893
1622149200,2.893,2.97,2.888,2.944
1622408400,2.944,2.989,2.944,2.977
1622494800,2.977,3.086,2.977,3.034
1622581200,3.034,3.064,2.992,3.014
1622667600,3.014,3.031,2.976,3.008
1622754000,3.008,3.064,2.959,3.042
1623013200,3.042,3.062,2.986,3.045
1623099600,3.045,3.15,3.045,3.083
1623186000,3.083,3.122,3.063,3.11
1623272400,3.11,3.154,3.09,3.108
1623358800,3.108,3.286,3.108,3.242
1623618000,3.242,3.33,3.24,3.318
1623704400,3.318,3.334,3.182,3.194
1623790800,3.194,3.243,3.158,3.216
1623877200,3.216,3.234,3.162,3.189
1623963600,3.189,3.232,3.142,3.208
1624222800,3.208,3.208,3.122,3.18
1624309200,3.18,3.264,3.174,3.246
1624395600,3.246,3.37,3.238,3.308
1624482000,3.308,3.429,3.29,3.408
1624568400,3.408,3.505,3.4,3.504
1624827600,3.504,3.622,3.478,3.56
1624914000,3.56,3.782,3.544,3.63
1625000400,3.63,3.786,3.579,3.709
1625086800,3.709,3.738,3.567,3.637
1625173200,3.637,3.715,3.574,3.674
1625432400,3.674,3.752,3.662,3.75
1625518800,3.75,3.799,3.588,3.65
1625605200,3.65,3.684,3.503,3.558
1625691600,3.558,3.7,3.522,3.666
1625778000,3.666,3.723,3.64,3.66
1626037200,3.66,3.747,3.607,3.729
1626123600,3.729,3.751,3.66,3.676
1626210000,3.676,3.742,3.611,3.656
1626296400,3.656,3.672,3.594,3.606
1626382800,3.606,3.676,3.574,3.668
1626642000,3.668,3.778,3.668,3.762
1626728400,3.762,3.925,3.732,3.92
1626814800,3.92,3.957,3.884,3.914
1626901200,3.914,4,3.87,3.992
1626987600,3.992,4.065,3.97,4.038
1627246800,4.038,4.179,4.004,4.091
1627333200,4.091,4.107,3.92,3.931
1627419600,3.931,4.036,3.849,3.95
1627506000,3.95,4.107,3.94,4.07
1627592400,4.07,4.07,3.868,3.926
1627851600,3.926,4.051,3.926,3.968
1627938000,3.968,4.087,3.925,4.071
1628024400,4.071,4.216,4.066,4.164
1628110800,4.164,4.214,4.126,4.168
1628197200,4.168,4.2,4.109,4.144
1628456400,4.144,4.191,4.01,4.048
1628542800,4.048,4.133,4.024,4.115
1628629200,4.115,4.135,3.988,4.063
1628715600,4.063,4.072,3.908,3.92
1628802000,3.92,3.957,3.853,3.856
1629061200,3.856,3.991,3.821,3.944
1629147600,3.944,3.956,3.807,3.834
1629234000,3.834,3.878,3.793,3.826
1629320400,3.826,3.885,3.738,3.862
1629406800,3.862,3.954,3.838,3.842
1629666000,3.842,3.956,3.842,3.932
1629752400,3.932,3.975,3.889,3.904
1629838800,3.904,4.008,3.865,3.936
1629925200,3.936,4.237,3.92,4.23
1630011600,4.23,4.402,4.208,4.399
1630270800,4.399,4.507,4.212,4.302
1630357200,4.302,4.405,4.204,4.392
1630443600,4.392,4.692,4.37,4.624
1630530000,4.624,4.713,4.566,4.621
1630616400,4.621,4.706,4.576,4.684
1630875600,4.684,4.764,4.656,4.682
1630962000,4.682,4.694,4.548,4.588
1631048400,4.588,5,4.576,4.913
1631134800,4.913,5.035,4.812,4.992
1631221200,4.992,5.048,4.904,4.948
1631480400,4.948,5.282,4.872,5.18
1631566800,5.18,5.36,5.165,5.275
1631653200,5.275,5.643,5.26,5.386
1631739600,5.386,5.592,5.222,5.264
1631826000,5.264,5.388,5.04,5.052
1632085200,5.052,5.165,4.902,4.952
1632171600,4.952,5.043,4.732,4.8
1632258000,4.8,4.896,4.742,4.756
1632344400,4.756,5.042,4.74,5.04
1632430800,5.04,5.176,4.983,5.172
1632690000,5.172,5.826,5.172,5.796
1632776400,5.796,6.245,5.588,5.778
1632862800,5.778,5.889,5.364,5.4
1632949200,5.4,5.933,5.287,5.918
1633035600,5.918,5.948,5.48,5.493
1633294800,5.493,6.01,5.493,5.764
1633381200,5.764,6.338,5.74,6.279
1633467600,6.279,6.412,5.618,5.674
1633554000,5.674,5.786,5.352,5.718
1633640400,5.718,5.832,5.509,5.561
1633899600,5.561,5.764,5.279,5.364
1633986000,5.364,5.491,5.138,5.431
1634072400,5.431,5.662,5.322,5.648
1634158800,5.648,5.931,5.576,5.618
1634245200,5.618,5.76,5.376,5.397
1634504400,5.397,5.397,4.938,4.97
1634590800,4.97,5.083,4.809,5.043
1634677200,5.043,5.207,4.9,5.144
1634763600,5.144,5.214,4.994,5.182
1634850000,5.182,5.367,5.11,5.274
1635109200,5.274,5.935,5.274,5.906
1635195600,5.906,6.006,5.528,5.74
1635282000,5.74,6.064,5.684,5.94
1635368400,5.94,5.994,5.524,5.542
1635454800,5.542,5.646,5.228,5.381
1635714000,5.381,5.381,4.97,5.063
1635800400,5.063,5.41,5.06,5.39
1635886800,5.39,5.71,5.32,5.701
1635973200,5.701,5.72,5.396,5.516
1636059600,5.516,5.615,5.368,5.486
1636322400,5.486,5.541,5.268,5.3
1636408800,5.3,5.355,4.814,4.872
1636495200,4.872,4.948,4.637,4.828
1636581600,4.828,5.086,4.8,5.036
1636668000,5.036,5.052,4.674,4.702
1636927200,4.702,5,4.65,4.99
1637013600,4.99,5.33,4.961,5.091
1637100000,5.091,5.106,4.752,4.839
1637186400,4.839,4.982,4.78,4.859
1637272800,4.859,5.113,4.796,5.035
1637532000,5.035,5.035,4.626,4.769
1637618400,4.769,5.057,4.737,4.977
1637704800,4.977,5.114,4.858,4.989
1637791200,4.989,5.049,4.94,5.036
1637877600,5.036,5.426,4.988,5.404
1638136800,5.404,5.404,4.746,4.806
1638223200,4.806,4.828,4.418,4.539
1638309600,4.539,4.598,4.161,4.209
1638396000,4.209,4.274,3.988,4.056
1638482400,4.056,4.228,4.014,4.041
1638741600,4.041,4.041,3.59,3.644
1638828000,3.644,3.786,3.618,3.692
1638914400,3.692,3.886,3.682,3.778
1639000800,3.778,3.885,3.688,3.753
1639087200,3.753,3.926,3.724,3.852
1639346400,3.852,4.051,3.74,3.795
1639432800,3.795,3.81,3.658,3.758
1639519200,3.758,3.896,3.739,3.796
1639605600,3.796,3.95,3.706,3.757
1639692000,3.757,3.79,3.596,3.65
1639951200,3.65,3.904,3.628,3.822
1640037600,3.822,3.93,3.703,3.855
1640124000,3.855,4.026,3.804,3.959
1640210400,3.959,3.992,3.588,3.719
1640556000,3.719,4.098,3.719,4.057
1640642400,4.057,4.159,3.924,4.012
1640728800,4.012,4.2,3.93,3.961
1640815200,3.961,4.082,3.64,3.703
1640901600,3.703,3.898,3.674,3.864
1641160800,3.864,3.954,3.73,3.91
1641247200,3.91,4.038,3.799,3.838
1641333600,3.838,3.986,3.805,3.928
1641420000,3.928,4.018,3.888,3.936
1641506400,3.936,4.062,3.881,4.017
1641765600,4.017,4.287,4.017,4.184
1641852000,4.184,4.33,4.076,4.288
1641938400,4.288,4.954,4.253,4.858
1642024800,4.858,4.913,4.306,4.323
1642111200,4.323,4.367,4.155,4.282
1642370400,4.282,4.401,4.261,4.3
1642456800,4.3,4.398,4.271,4.372
1642543200,4.372,4.426,4.044,4.052
1642629600,4.052,4.069,3.81,3.866
1642716000,3.866,4.056,3.859,3.976
1642975200,3.976,4.124,3.898,4.022
1643061600,4.022,4.123,3.96,4.084
1643148000,4.084,4.406,4.054,4.198
1643234400,4.198,4.634,4.19,4.549
1643320800,4.549,5.106,4.493,4.91
1643580000,4.91,5.27,4.892,5.108
1643666400,5.108,5.175,4.808,5.072
1643752800,5.072,5.784,5.052,5.616
1643839200,5.616,5.66,4.994,5.106
1643925600,5.106,5.268,4.642,4.71
1644184800,4.71,4.71,4.242,4.407
1644271200,4.407,4.503,4.292,4.324
1644357600,4.324,4.372,4.087,4.136
1644444000,4.136,4.171,3.976,4.034
1644530400,4.034,4.15,3.964,4.084
1644789600,4.084,4.3,4.084,4.254
1644876000,4.254,4.497,4.228,4.46
1644962400,4.46,4.805,4.436,4.694
1645048800,4.694,4.856,4.458,4.566
1645135200,4.566,4.703,4.42,4.517
1645394400,4.517,4.869,4.517,4.779
1645480800,4.779,4.852,4.521,4.575
1645567200,4.575,4.8,4.548,4.694
1645653600,4.694,5.056,4.665,4.686
1645740000,4.686,4.818,4.519,4.582
1645999200,4.582,4.769,4.46,4.497
1646085600,4.497,4.72,4.43,4.686
1646172000,4.686,5.005,4.686,4.884
1646258400,4.884,5.029,4.716,4.82
1646344800,4.82,5.136,4.82,5.006
1646604000,5.006,5.266,4.858,4.882
1646690400,4.882,4.958,4.578,4.65
1646776800,4.65,4.692,4.514,4.594
1646863200,4.594,4.734,4.564,4.714
1646949600,4.714,4.859,4.687,4.832
1647205200,4.832,4.832,4.558,4.72
1647291600,4.72,4.732,4.505,4.664
1647378000,4.664,4.821,4.641,4.8
1647464400,4.8,5.044,4.734,4.976
1647550800,4.976,4.998,4.852,4.936
1647810000,4.936,5.004,4.777,4.975
1647896400,4.975,5.229,4.904,5.17
1647982800,5.17,5.354,5.114,5.15
1648069200,5.15,5.481,5.088,5.438
1648155600,5.438,5.592,5.362,5.557
1648414800,5.557,5.684,5.43,5.462
1648501200,5.462,5.502,5.296,5.302
1648587600,5.302,5.602,5.25,5.552
1648674000,5.552,5.808,5.436,5.608
1648760400,5.608,5.758,5.486,5.705
1649019600,5.705,5.838,5.634,5.764
1649106000,5.764,6.18,5.754,6.07
1649192400,6.07,6.374,5.984,6.074
1649278800,6.074,6.422,5.984,6.371
1649365200,6.371,6.521,6.24,6.307
1649624400,6.307,6.707,6.232,6.686
1649710800,6.686,6.93,6.587,6.682
1649797200,6.682,7.078,6.639,7.026
1649883600,7.026,7.332,6.939,7.304
1650229200,7.304,8.054,7.304,7.757
1650315600,7.757,7.928,6.948,7.244
1650402000,7.244,7.4,6.785,6.82
1650488400,6.82,7.14,6.699,6.918
1650574800,6.918,7.074,6.436,6.456
1650834000,6.456,6.963,6.345,6.816
1650920400,6.816,7.027,6.654,6.863
1651006800,6.863,7.368,6.816,7.254
1651093200,7.254,7.274,6.749,6.814
1651179600,6.814,7.199,6.68,7.12
1651438800,7.12,7.494,7.1,7.422
1651525200,7.422,8.04,7.42,7.7
1651611600,7.7,8.344,7.613,8.232
1651698000,8.232,8.784,8,8.684
1651784400,8.684,8.87,7.85,7.856
1652043600,7.856,8.188,6.884,6.964
1652130000,6.964,7.382,6.361,7.224
1652216400,7.224,7.638,7.218,7.568
1652302800,7.568,7.714,7.187,7.589
1652389200,7.589,7.846,7.448,7.554
1652648400,7.554,8.123,7.554,7.923
1652734800,7.923,8.32,7.923,8.264
1652821200,8.264,8.498,8.12,8.216
1652907600,8.216,8.458,7.868,8.059
1652994000,8.059,8.154,7.81,8.032
1653253200,8.032,8.798,7.834,8.71
1653339600,8.71,8.906,8.584,8.782
1653426000,8.782,9.324,8.697,8.887
1653512400,8.887,9.33,8.534,8.726
1653598800,8.726,8.797,8.199,8.624
1653858000,8.624,8.829,8.564,8.646
1653944400,8.646,8.688,8.045,8.198
1654030800,8.198,8.712,8.073,8.698
1654117200,8.698,8.974,8.311,8.346
1654203600,8.346,8.62,8.197,8.465
1654462800,8.465,9.328,8.465,9.268
1654549200,9.268,9.474,9.135,9.282
1654635600,9.282,9.6,8.372,8.548
1654722000,8.548,8.973,7.966,8.946
1654808400,8.946,9.09,8.569,8.708
1655067600,8.708,8.876,8.346,8.626
1655154000,8.626,8.845,6.975,7.224
1655240400,7.224,7.662,7.17,7.505
1655326800,7.505,7.992,7.305,7.404
1655413200,7.404,7.552,6.857,6.987
1655672400,6.987,6.987,6.614,6.678
1655758800,6.678,6.959,6.538,6.822
1655845200,6.822,6.914,6.562,6.812
1655931600,6.812,6.824,6.166,6.192
1656018000,6.192,6.325,6.016,6.183
1656277200,6.183,6.526,6,6.392
1656363600,6.392,6.668,6.35,6.572
1656450000,6.572,6.761,6.342,6.355
1656536400,6.355,6.537,5.31,5.455
1656622800,5.455,5.891,5.455,5.569
1656882000,5.569,5.856,5.554,5.821
1656968400,5.821,5.833,5.286,5.412
1657054800,5.412,5.69,5.34,5.514
1657141200,5.514,6.334,5.446,6.146
1657227600,6.146,6.259,5.974,6.017
1657486800,6.017,6.648,6.017,6.489
1657573200,6.489,6.746,5.982,6.232
1657659600,6.232,6.763,6.17,6.56
1657746000,6.56,6.863,6.506,6.624
1657832400,6.624,7.106,6.393,7.1
1658091600,7.1,7.526,7.056,7.422
1658178000,7.422,7.516,7.094,7.282
1658264400,7.282,8.018,7.154,7.848
1658350800,7.848,8.154,7.593,7.857
1658437200,7.857,8.4,7.738,8.291
1658696400,8.291,8.85,8.291,8.788
1658782800,8.788,9.572,8.712,8.845
1658869200,8.845,9.13,8.482,8.714
1658955600,8.714,8.981,8.231,8.289
1659042000,8.289,8.504,8.136,8.415
1659301200,8.415,8.415,7.869,8.332
1659387600,8.332,8.338,7.728,7.778
1659474000,7.778,8.586,7.656,8.401
1659560400,8.401,8.554,7.927,8.234
1659646800,8.234,8.34,7.998,8.092
1659906000,8.092,8.092,7.624,7.731
1659992400,7.731,7.964,7.7,7.916
1660078800,7.916,8.34,7.78,8.306
1660165200,8.306,9.068,8.256,8.789
1660251600,8.789,8.994,8.59,8.852
1660510800,8.852,8.993,8.462,8.872
1660597200,8.872,9.468,8.846,9.396
1660683600,9.396,9.724,9.181,9.24
1660770000,9.24,9.706,8.975,9.232
1660856400,9.232,9.437,8.92,9.326
1661115600,9.326,10.015,9.197,9.796
1661202000,9.796,10.039,9.077,9.283
1661288400,9.283,9.476,9.125,9.28
1661374800,9.28,9.457,9.212,9.39
1661461200,9.39,9.704,9.224,9.372
1661720400,9.372,9.692,9.04,9.318
1661806800,9.318,9.357,8.93,9.125
1661893200,9.125,9.337,8.866,9.194
1661979600,9.194,9.437,9.061,9.216
1662066000,9.216,9.289,8.665,8.942
1662325200,8.942,9.166,8.734,8.79
1662411600,8.79,8.872,7.864,8.056
1662498000,8.056,8.327,7.788,7.888
1662584400,7.888,8.093,7.805,7.994
1662670800,7.994,8.236,7.926,8.07
1662930000,8.07,8.433,7.886,8.411
1663016400,8.411,8.476,8.183,8.42
1663102800,8.42,9.252,8.351,9.116
1663189200,9.116,9.142,8.224,8.313
1663275600,8.313,8.339,7.738,7.83
1663534800,7.83,7.936,7.422,7.884
1663621200,7.884,7.996,7.662,7.758
1663707600,7.758,8.134,7.582,7.752
1663794000,7.752,7.786,7.07,7.201
1663880400,7.201,7.289,6.746,6.854
1664139600,6.854,6.962,6.527,6.918
1664226000,6.918,7.118,6.63,6.658
1664312400,6.658,6.929,6.458,6.913
1664398800,6.913,7.024,6.502,6.781
1664485200,6.781,6.936,6.606,6.72
1664744400,6.72,6.732,6.222,6.422
1664830800,6.422,6.794,6.238,6.742
1664917200,6.742,6.936,6.546,6.844
1665003600,6.844,7.102,6.778,6.782
1665090000,6.782,6.848,6.532,6.534
1665349200,6.534,6.835,6.351,6.462
1665435600,6.462,6.61,6.307,6.538
1665522000,6.538,6.744,6.348,6.387
1665608400,6.387,6.723,6.289,6.634
1665694800,6.634,6.688,6.365,6.426
1665954000,6.426,6.426,5.879,5.946
1666040400,5.946,6.062,5.645,5.66
1666126800,5.66,5.756,5.404,5.416
1666213200,5.416,5.542,5.232,5.29
1666299600,5.29,5.354,4.889,4.986
1666558800,4.986,5.248,4.741,5.15
1666645200,5.15,5.645,5.14,5.644
1666731600,5.644,5.644,5.252,5.59
1666818000,5.59,5.594,5.164,5.286
1666904400,5.286,5.328,5.032,5.258
1667163600,5.258,5.854,5.258,5.766
1667250000,5.766,5.778,5.158,5.354
1667336400,5.354,5.808,5.324,5.71
1667422800,5.71,5.733,5.434,5.483
1667509200,5.483,6.036,5.455,5.996
1667772000,5.996,6.756,5.996,6.268
1667858400,6.268,6.389,5.692,5.822
1667944800,5.822,5.968,5.382,5.618
1668031200,5.618,5.916,5.44,5.816
1668117600,5.816,6.158,5.475,5.598
1668376800,5.598,6.131,5.598,5.806
1668463200,5.806,5.945,5.604,5.912
1668549600,5.912,6.038,5.578,6.011
1668636000,6.011,6.298,5.966,6.18
1668722400,6.18,6.237,5.867,6.202
1668981600,6.202,6.689,6.037,6.579
1669068000,6.579,6.96,6.355,6.95
1669154400,6.95,7.548,6.921,7.17
1669240800,7.17,7.224,6.948,7.088
1669327200,7.088,7.194,6.684,6.709
1669586400,6.709,6.902,6.47,6.85
1669672800,6.85,6.944,6.642,6.816
1669759200,6.816,6.85,6.389,6.546
1669845600,6.546,6.78,6.312,6.432
1669932000,6.432,6.436,5.866,5.875
1670191200,5.875,5.875,5.278,5.338
1670277600,5.338,5.391,5.086,5.11
1670364000,5.11,5.577,5.11,5.544
1670450400,5.544,5.889,5.509,5.672
1670536800,5.672,6.118,5.545,6.042
1670796000,6.042,6.798,6.042,6.294
1670882400,6.294,6.864,6.268,6.729
1670968800,6.729,6.729,6.14,6.158
1671055200,6.158,6.83,6.158,6.648
1671141600,6.648,6.66,6.083,6.43
1671400800,6.43,6.43,5.741,5.786
1671487200,5.786,5.873,5.262,5.328
1671573600,5.328,5.582,5.268,5.448
1671660000,5.448,5.614,4.999,5.078
1671746400,5.078,5.224,4.862,5.102
1672092000,5.102,5.281,5.066,5.168
1672178400,5.168,5.168,4.527,4.83
1672264800,4.83,4.858,4.484,4.622
1672351200,4.622,4.678,4.438,4.495
1672696800,4.495,4.495,3.94,4.052
1672783200,4.052,4.265,3.948,4.194
1672869600,4.194,4.222,3.694,3.816
1672956000,3.816,3.878,3.564,3.814
1673215200,3.814,4.084,3.795,3.896
1673301600,3.896,3.9,3.581,3.581
1673388000,3.581,3.745,3.437,3.703
1673474400,3.703,3.888,3.618,3.66
1673560800,3.66,3.701,3.458,3.521
1673820000,3.521,3.673,3.521,3.59
1673906400,3.59,3.722,3.502,3.564
1673992800,3.564,3.599,3.332,3.344
1674079200,3.344,3.448,3.296,3.312
1674165600,3.312,3.429,3.209,3.252
1674424800,3.252,3.465,3.198,3.442
1674511200,3.442,3.52,3.24,3.268
1674597600,3.268,3.278,3.043,3.057
1674684000,3.057,3.074,2.851,3.01
1674770400,3.01,3.082,2.918,3.028
1675029600,3.028,3.028,2.783,2.829
1675116000,2.829,2.89,2.748,2.858
1675202400,2.858,2.919,2.586,2.621
1675288800,2.621,2.718,2.544,2.564
1675375200,2.564,2.628,2.446,2.498
1675634400,2.498,2.592,2.46,2.589
1675720800,2.589,2.708,2.514,2.688
1675807200,2.688,2.748,2.448,2.496
1675893600,2.496,2.608,2.428,2.536
1675980000,2.536,2.664,2.484,2.658
1676239200,2.658,2.672,2.434,2.483
1676325600,2.483,2.675,2.472,2.662
1676412000,2.662,2.672,2.516,2.534
1676498400,2.534,2.615,2.441,2.474
1676584800,2.474,2.5,2.288,2.329
1676844000,2.329,2.358,2.254,2.302
1676930400,2.302,2.342,2.15,2.173
1677016800,2.173,2.406,2.101,2.278
1677103200,2.278,2.472,2.222,2.45
1677189600,2.45,2.572,2.401,2.568
1677448800,2.568,2.724,2.542,2.706
1677535200,2.706,2.772,2.556,2.76
1677621600,2.76,2.822,2.651,2.796
1677708000,2.796,2.848,2.698,2.776
1677794400,2.776,3.012,2.76,3.002
1678053600,3.002,3.002,2.522,2.592
1678140000,2.592,2.687,2.498,2.648
1678226400,2.648,2.681,2.516,2.584
1678312800,2.584,2.632,2.459,2.482
1678399200,2.482,2.553,2.418,2.428
1678654800,2.428,2.626,2.385,2.623
1678741200,2.623,2.664,2.525,2.568
1678827600,2.568,2.588,2.38,2.468
1678914000,2.468,2.546,2.424,2.525
1679000400,2.525,2.526,2.322,2.342
1679259600,2.342,2.422,2.214,2.238
1679346000,2.238,2.354,2.124,2.323
1679432400,2.323,2.323,2.15,2.212
1679518800,2.212,2.258,2.134,2.15
1679605200,2.15,2.235,2.14,2.184
1679864400,2.184,2.184,2.07,2.102
1679950800,2.102,2.144,2.034,2.052
1680037200,2.052,2.116,1.999,2.076
1680123600,2.076,2.082,1.982,2.004
1680210000,2.004,2.137,1.98,2.068
1680469200,2.068,2.07,1.97,2.029
1680555600,2.029,2.078,1.996,2.01
1680642000,2.01,2.115,1.988,2.064
1680728400,2.064,2.102,1.923,1.959
1681074000,1.959,2.158,1.952,2.119
1681160400,2.119,2.183,2.07,2.164
1681246800,2.164,2.168,2.021,2.032
1681333200,2.032,2.08,1.949,1.967
1681419600,1.967,2.086,1.904,2.062
1681678800,2.062,2.274,2.062,2.26
1681765200,2.26,2.35,2.196,2.342
1681851600,2.342,2.35,2.15,2.152
1681938000,2.152,2.244,2.118,2.164
1682024400,2.164,2.25,2.144,2.19
1682283600,2.19,2.282,2.17,2.266
1682370000,2.266,2.268,2.18,2.198
1682456400,2.198,2.224,2.1,2.136
1682542800,2.136,2.198,2.1,2.178
1682629200,2.178,2.374,2.119,2.226
1682888400,2.226,2.25,2.14,2.166
1682974800,2.166,2.194,2.049,2.08
1683061200,2.08,2.1,1.975,2.024
1683147600,2.024,2.058,1.96,1.966
1683234000,1.966,2.044,1.915,1.996
1683493200,1.996,2.142,1.996,2.136
1683579600,2.136,2.188,2.08,2.154
1683666000,2.154,2.156,2.063,2.084
1683752400,2.084,2.156,2.073,2.096
1683838800,2.096,2.24,2.058,2.186
1684098000,2.186,2.304,2.172,2.292
1684184400,2.292,2.39,2.268,2.29
1684270800,2.29,2.362,2.256,2.307
1684357200,2.307,2.562,2.288,2.552
1684443600,2.552,2.619,2.494,2.529
1684702800,2.529,2.529,2.328,2.36
1684789200,2.36,2.367,2.29,2.312
1684875600,2.312,2.378,2.302,2.377
1684962000,2.377,2.402,2.249,2.283
1685048400,2.283,2.296,2.21,2.244
1685307600,2.244,2.285,2.184,2.204
1685394000,2.204,2.22,2.115,2.166
1685480400,2.166,2.258,2.112,2.114
1685566800,2.114,2.144,2.01,2.036
1685653200,2.036,2.104,2.016,2.053
1685912400,2.053,2.199,2.053,2.154
1685998800,2.154,2.176,2.068,2.148
1686085200,2.148,2.235,2.144,2.222
1686171600,2.222,2.272,2.178,2.216
1686258000,2.216,2.238,2.156,2.166
1686517200,2.166,2.211,2.128,2.197
1686603600,2.197,2.29,2.194,2.253
1686690000,2.253,2.313,2.22,2.274
1686776400,2.274,2.49,2.246,2.482
1686862800,2.482,2.581,2.454,2.548
1687122000,2.548,2.626,2.514,2.606
1687208400,2.606,2.646,2.434,2.436
1687294800,2.436,2.553,2.404,2.544
1687381200,2.544,2.586,2.49,2.58
1687467600,2.58,2.72,2.491,2.705
1687726800,2.705,2.812,2.705,2.756
1687813200,2.756,2.775,2.647,2.692
1687899600,2.692,2.764,2.544,2.554
1687986000,2.554,2.64,2.518,2.573
1688072400,2.573,2.724,2.538,2.676
1688331600,2.676,2.676,2.583,2.613
1688418000,2.613,2.672,2.578,2.661
1688504400,2.661,2.707,2.57,2.576
1688590800,2.576,2.61,2.514,2.561
1688677200,2.561,2.6,2.47,2.494
1688936400,2.494,2.628,2.494,2.606
1689022800,2.606,2.688,2.572,2.675
1689109200,2.675,2.69,2.565,2.602
1689195600,2.602,2.614,2.492,2.507
1689282000,2.507,2.558,2.448,2.502
1689541200,2.502,2.543,2.451,2.504
1689627600,2.504,2.608,2.499,2.582
1689714000,2.582,2.616,2.547,2.586
1689800400,2.586,2.733,2.578,2.695
1689886800,2.695,2.734,2.662,2.694
1690146000,2.694,2.739,2.64,2.686
1690232400,2.686,2.748,2.652,2.709
1690318800,2.709,2.736,2.63,2.66
1690405200,2.66,2.672,2.534,2.58
1690491600,2.58,2.664,2.546,2.624
1690750800,2.624,2.675,2.59,2.629
1690837200,2.629,2.657,2.516,2.564
1690923600,2.564,2.564,2.444,2.472
1691010000,2.472,2.57,2.461,2.54
1691096400,2.54,2.604,2.515,2.566
1691355600,2.566,2.742,2.558,2.722
1691442000,2.722,2.788,2.68,2.786
1691528400,2.786,3.004,2.759,2.959
1691614800,2.959,2.984,2.736,2.774
1691701200,2.774,2.82,2.692,2.774
1691960400,2.774,2.816,2.74,2.806
1692046800,2.806,2.852,2.638,2.657
1692133200,2.657,2.664,2.562,2.598
1692219600,2.598,2.66,2.568,2.63
1692306000,2.63,2.642,2.538,2.584
1692565200,2.584,2.674,2.568,2.612
1692651600,2.612,2.62,2.52,2.54
1692738000,2.54,2.562,2.466,2.472
1692824400,2.472,2.572,2.428,2.524
1692910800,2.524,2.575,2.485,2.568
1693170000,2.568,2.728,2.56,2.588
1693256400,2.588,2.605,2.532,2.586
1693342800,2.586,2.718,2.558,2.714
1693429200,2.714,2.772,2.628,2.674
1693515600,2.674,2.77,2.65,2.672
1693774800,2.672,2.672,2.57,2.594
1693861200,2.594,2.594,2.5,2.52
1693947600,2.52,2.548,2.44,2.458
1694034000,2.458,2.55,2.442,2.52
1694120400,2.52,2.598,2.512,2.558
1694379600,2.558,2.588,2.492,2.566
1694466000,2.566,2.728,2.558,2.694
1694552400,2.694,2.731,2.619,2.665
1694638800,2.665,2.743,2.646,2.656
1694725200,2.656,2.668,2.61,2.612
1694984400,2.612,2.704,2.587,2.69
1695070800,2.69,2.767,2.68,2.728
1695157200,2.728,2.728,2.621,2.646
1695243600,2.646,2.682,2.566,2.576
1695330000,2.576,2.644,2.57,2.625
1695589200,2.625,2.688,2.62,2.658
1695675600,2.658,2.662,2.566,2.621
1695762000,2.621,2.712,2.619,2.665
1695848400,2.665,2.752,2.648,2.72
1695934800,2.72,2.77,2.642,2.714
1696194000,2.714,2.747,2.65,2.653
1696280400,2.653,2.778,2.638,2.754
1696366800,2.754,2.866,2.75,2.804
1696453200,2.804,3.016,2.789,3
1696539600,3,3.175,2.983,3.146
1696798800,3.146,3.299,3.146,3.22
1696885200,3.22,3.289,3.179,3.248
1696971600,3.248,3.302,3.086,3.242
1697058000,3.242,3.287,3.165,3.21
1697144400,3.21,3.212,3.084,3.086
1697403600,3.086,3.086,2.961,3.025
1697490000,3.025,3.049,2.942,3
1697576400,3,3.087,2.994,3.036
1697662800,3.036,3.054,2.906,2.907
1697749200,2.907,2.92,2.852,2.864
1698008400,2.864,2.922,2.849,2.904
1698094800,2.904,2.981,2.892,2.968
1698181200,2.968,3.042,2.957,3.038
1698267600,3.038,3.174,3.01,3.152
1698354000,3.152,3.272,3.09,3.093
1698613200,3.093,3.093,3.014,3.023
1698699600,3.023,3.306,3.015,3.287
1698786000,3.287,3.289,3.133,3.203
1698872400,3.203,3.224,3.117,3.218
1698958800,3.218,3.282,3.18,3.196
1699221600,3.196,3.196,3.054,3.072
1699308000,3.072,3.088,2.976,3.019
1699394400,3.019,3.028,2.89,2.944
1699480800,2.944,2.966,2.86,2.884
1699567200,2.884,2.904,2.846,2.85
1699826400,2.85,3.016,2.85,3.012
1699912800,3.012,3.042,2.902,2.911
1699999200,2.911,3.038,2.881,2.934
1700085600,2.934,3.011,2.822,2.858
1700172000,2.858,2.902,2.724,2.776
1700431200,2.776,2.8,2.719,2.728
1700517600,2.728,2.766,2.682,2.692
1700604000,2.692,2.751,2.667,2.742
1700690400,2.742,2.772,2.714,2.77
1700776800,2.77,2.798,2.656,2.716
1701036000,2.716,2.716,2.618,2.695
1701122400,2.695,2.74,2.556,2.556
1701208800,2.556,2.638,2.536,2.568
1701295200,2.568,2.632,2.548,2.592
1701381600,2.592,2.628,2.546,2.57
1701640800,2.57,2.57,2.472,2.518
1701727200,2.518,2.606,2.503,2.523
1701813600,2.523,2.588,2.387,2.41
1701900000,2.41,2.463,2.344,2.408
1701986400,2.408,2.463,2.398,2.41
1702245600,2.41,2.46,2.186,2.329
1702332000,2.329,2.35,2.178,2.178
1702418400,2.178,2.286,2.142,2.246
1702504800,2.246,2.319,2.229,2.314
1702591200,2.314,2.411,2.274,2.347
1702850400,2.347,2.457,2.347,2.374
1702936800,2.374,2.388,2.242,2.374
1703023200,2.374,2.4,2.272,2.282
1703109600,2.282,2.442,2.269,2.419
1703196000,2.419,2.453,2.364,2.431
1703541600,2.431,2.431,2.316,2.39
1703628000,2.39,2.527,2.388,2.413
1703714400,2.413,2.534,2.374,2.496
1703800800,2.496,2.519,2.452,2.46
1704146400,2.46,2.642,2.46,2.538
1704232800,2.538,2.683,2.505,2.652
1704319200,2.652,2.827,2.648,2.81
1704405600,2.81,2.87,2.65,2.87
1704664800,2.87,2.978,2.666,2.91
1704751200,2.91,3.356,2.855,3.128
1704837600,3.128,3.194,2.938,2.951
1704924000,2.951,3.054,2.882,2.948
1705010400,2.948,3.046,2.93,3.006
1705269600,3.006,3.006,2.8,2.859
1705356000,2.859,2.868,2.742,2.77
1705442400,2.77,2.851,2.728,2.807
1705528800,2.807,2.822,2.672,2.73
1705615200,2.73,2.732,2.522,2.522
1705874400,2.522,2.522,2.363,2.378
1705960800,2.378,2.44,2.316,2.44
1706047200,2.44,2.54,2.436,2.537
1706133600,2.537,2.584,2.388,2.42
1706220000,2.42,2.466,2.31,2.402
1706479200,2.402,2.402,2.238,2.246
1706565600,2.246,2.308,2.233,2.272
1706652000,2.272,2.344,2.218,2.318
1706738400,2.318,2.352,2.204,2.22
1706824800,2.22,2.268,2.184,2.256
1707084000,2.256,2.28,2.186,2.206
1707170400,2.206,2.243,2.129,2.132
1707256800,2.132,2.17,2.081,2.093
1707343200,2.093,2.114,1.979,1.998
1707429600,1.998,1.998,1.922,1.966
1707688800,1.966,1.966,1.814,1.836
1707775200,1.836,1.866,1.728,1.742
1707861600,1.742,1.756,1.659,1.674
1707948000,1.674,1.733,1.634,1.648
1708034400,1.648,1.694,1.63,1.657
1708293600,1.657,1.657,1.582,1.599
1708380000,1.599,1.745,1.592,1.744
1708466400,1.744,1.826,1.714,1.821
1708552800,1.821,1.821,1.706,1.774
1708639200,1.774,1.774,1.64,1.641
1708898400,1.641,1.789,1.641,1.716
1708984800,1.716,1.795,1.671,1.778
1709071200,1.778,1.862,1.742,1.832
1709157600,1.832,1.876,1.79,1.81
1709244000,1.81,1.848,1.775,1.798
1709503200,1.798,1.952,1.798,1.892
1709589600,1.892,1.973,1.857,1.914
1709676000,1.914,1.95,1.889,1.894
1709762400,1.894,1.923,1.754,1.768
1709848800,1.768,1.809,1.73,1.782
1710104400,1.782,1.817,1.725,1.729
1710190800,1.729,1.799,1.672,1.688
1710277200,1.688,1.697,1.633,1.648
1710363600,1.648,1.748,1.625,1.738
1710450000,1.738,1.756,1.631,1.649
1710709200,1.649,1.748,1.649,1.704
1710795600,1.704,1.757,1.69,1.737
1710882000,1.737,1.753,1.674,1.682
1710968400,1.682,1.694,1.644,1.686
1711054800,1.686,1.702,1.642,1.66
1711314000,1.66,1.682,1.623,1.664
1711400400,1.664,1.692,1.644,1.655
1711486800,1.655,1.657,1.582,1.594
1711573200,1.594,1.662,1.57,1.632
1711918800,1.632,1.741,1.604,1.732
1712005200,1.732,1.772,1.675,1.742
1712091600,1.742,1.798,1.735,1.743
1712178000,1.743,1.752,1.675,1.686
1712264400,1.686,1.73,1.664,1.694
1712523600,1.694,1.769,1.667,1.762
1712610000,1.762,1.842,1.759,1.81
1712696400,1.81,1.866,1.794,1.802
1712782800,1.802,1.821,1.69,1.703
1712869200,1.703,1.722,1.671,1.714
1713128400,1.714,1.737,1.633,1.643
1713214800,1.643,1.757,1.608,1.634
1713301200,1.634,1.685,1.622,1.682
1713387600,1.682,1.744,1.676,1.722
1713474000,1.722,1.769,1.703,1.736
1713733200,1.736,1.828,1.728,1.826
1713819600,1.826,1.893,1.784,1.887
1713906000,1.887,1.888,1.742,1.75
1713992400,1.75,1.775,1.715,1.766
1714078800,1.766,1.785,1.707,1.716
1714338000,1.716,1.856,1.716,1.854
1714424400,1.854,1.893,1.768,1.772
1714510800,1.772,1.79,1.739,1.757
1714597200,1.757,1.869,1.754,1.852
1714683600,1.852,1.978,1.838,1.97
1714942800,1.97,2.092,1.97,2.033
1715029200,2.033,2.067,1.986,2.062
1715115600,2.062,2.116,2.019,2.032
1715202000,2.032,2.164,2.009,2.158
1715288400,2.158,2.192,2.103,2.113
1715547600,2.113,2.256,2.092,2.24
1715634000,2.24,2.274,2.19,2.224
1715720400,2.224,2.31,2.204,2.296
1715806800,2.296,2.462,2.283,2.384
1715893200,2.384,2.546,2.378,2.532
1716152400,2.532,2.671,2.532,2.658
1716238800,2.658,2.72,2.57,2.592
1716325200,2.592,2.783,2.543,2.73
1716411600,2.73,2.862,2.593,2.624
1716498000,2.624,2.658,2.48,2.48
1716757200,2.48,2.586,2.472,2.536
1716843600,2.536,2.589,2.488,2.585
1716930000,2.585,2.592,2.424,2.426
1717016400,2.426,2.453,2.348,2.357
1717102800,2.357,2.41,2.313,2.37
1717362000,2.37,2.65,2.37,2.558
1717448400,2.558,2.631,2.397,2.435
1717534800,2.435,2.602,2.43,2.581
1717621200,2.581,2.692,2.549,2.634
1717707600,2.634,2.788,2.622,2.752
1717966800,2.752,2.937,2.717,2.828
1718053200,2.828,3.008,2.818,3.003
1718139600,3.003,3.003,2.86,2.892
1718226000,2.892,2.957,2.779,2.8
1718312400,2.8,2.881,2.76,2.778
1718571600,2.778,2.778,2.678,2.709
1718658000,2.706,2.842,2.7,2.834
1718744400,2.842,2.856,2.794,2.84
1718830800,2.838,2.876,2.694,2.701
1718917200,2.699,2.747,2.659,2.712
1719176400,2.676,2.822,2.668,2.804
1719262800,2.804,2.823,2.709,2.734
1719349200,2.736,2.739,2.619,2.624
1719435600,2.62,2.67,2.565,2.591
1719522000,2.594,2.655,2.492,2.499
1719781200,2.476,2.508,2.384,2.386
1719867600,2.393,2.396,2.333,2.384
1719954000,2.38,2.397,2.329,2.34
1720040400,2.342,2.36,2.262,2.308
1720126800,2.3,2.33,2.246,2.258
1720386000,2.212,2.324,2.212,2.309
1720472400,2.31,2.384,2.272,2.291
1720558800,2.292,2.326,2.238,2.266
1720645200,2.268,2.286,2.21,2.218
1720731600,2.22,2.298,2.199,2.266
1720990800,2.222,2.242,2.11,2.133
1721077200,2.132,2.179,2.113,2.14
1721163600,2.14,2.167,2.004,2.036
1721250000,2.03,2.118,2.011,2.084
1721336400,2.081,2.125,2.046,2.109
1721595600,2.098,2.25,2.092,2.218
1721682000,2.224,2.239,2.116,2.14
1721768400,2.146,2.158,2.094,2.118
1721854800,2.117,2.146,2.023,2.037
1721941200,2.038,2.053,2,2.001
1722200400,2.019,2.062,1.964,2.03
1722286800,2.026,2.098,1.956,2.088
1722373200,2.087,2.11,1.989,2.007
1722459600,2.009,2.092,1.933,1.946
1722546000,1.951,1.99,1.891,1.944
1722805200,1.932,1.945,1.856,1.926
1722891600,1.928,2.004,1.876,1.994
1722978000,1.992,2.092,1.983,2.074
1723064400,2.066,2.151,2.004,2.128
1723150800,2.12,2.162,2.079,2.137
1723410000,2.156,2.233,2.134,2.153
1723496400,2.152,2.219,2.115,2.138
1723582800,2.136,2.256,2.128,2.21
1723669200,2.206,2.28,2.172,2.194
1723755600,2.188,2.199,2.095,2.114
1724014800,2.108,2.238,2.086,2.238
1724101200,2.236,2.266,2.162,2.194
1724187600,2.189,2.219,2.125,2.176
1724274000,2.176,2.184,2.031,2.061
1724360400,2.066,2.07,2.022,2.053
1724619600,2.038,2.062,1.996,2.002
1724706000,2.004,2.006,1.935,1.968
1724792400,1.968,2.026,1.913,1.986
1724878800,1.988,2.038,1.923,2.034
1724965200,2.034,2.062,1.99,2.04
1725224400,2.046,2.104,2.046,2.094
1725310800,2.092,2.131,1.987,2.108
1725397200,2.108,2.177,2.046,2.054
1725483600,2.053,2.196,2.036,2.178
1725570000,2.17,2.21,2.15,2.208
1725829200,2.14,2.176,2.073,2.079
1725915600,2.082,2.19,2.062,2.17
1726002000,2.168,2.259,2.152,2.214
1726088400,2.212,2.331,2.172,2.298
1726174800,2.296,2.346,2.239,2.241
1726434000,2.244,2.352,2.222,2.351
1726520400,2.348,2.393,2.28,2.282
1726606800,2.28,2.33,2.249,2.262
1726693200,2.258,2.294,2.206,2.292
1726779600,2.293,2.424,2.278,2.418
1727038800,2.444,2.564,2.429,2.557
1727125200,2.553,2.588,2.486,2.524
1727211600,2.52,2.59,2.509,2.541
1727298000,2.54,2.594,2.459,2.474
1727384400,2.47,2.648,2.453,2.642
1727643600,2.63,2.688,2.612,2.656
1727730000,2.65,2.689,2.583,2.656
1727816400,2.654,2.751,2.634,2.684
1727902800,2.68,2.75,2.67,2.737
1727989200,2.736,2.786,2.616,2.62
1728248400,2.617,2.644,2.523,2.55
1728334800,2.548,2.6,2.523,2.538
1728421200,2.538,2.554,2.47,2.482
1728507600,2.48,2.54,2.436,2.533
1728594000,2.538,2.573,2.47,2.484
1728853200,2.478,2.484,2.362,2.363
1728939600,2.366,2.438,2.337,2.38
1729026000,2.378,2.393,2.264,2.28
1729112400,2.28,2.324,2.253,2.263
1729198800,2.264,2.28,2.22,2.226
1729458000,2.226,2.34,2.226,2.34
1729544400,2.332,2.397,2.288,2.372
1729630800,2.366,2.461,2.352,2.442
1729717200,2.444,2.544,2.41,2.501
1729803600,2.507,2.59,2.476,2.557
1730062800,2.563,2.563,2.377,2.418
1730149200,2.42,2.48,2.382,2.48
1730235600,2.482,2.484,2.376,2.418
1730322000,2.42,2.434,2.32,2.332
1730408400,2.326,2.36,2.284,2.298
1730671200,2.12,2.466,2.12,2.46
1730757600,2.457,2.495,2.352,2.38
1730844000,2.378,2.49,2.366,2.422
1730930400,2.42,2.486,2.381,2.42
1731016800,2.418,2.474,2.382,2.404
1731276000,2.544,2.706,2.542,2.704
1731362400,2.692,2.772,2.627,2.684
1731448800,2.678,2.796,2.619,2.76
1731535200,2.761,2.77,2.571,2.578
1731621600,2.579,2.662,2.512,2.656
1731880800,2.778,2.833,2.692,2.798
1731967200,2.816,2.925,2.777,2.827
1732053600,2.832,3.096,2.824,3.086
1732140000,3.082,3.244,3.06,3.19
1732226400,3.192,3.29,2.946,2.98
1732485600,3.179,3.256,3.108,3.14
1732572000,3.141,3.234,3.106,3.192
1732658400,3.178,3.182,2.931,2.937
1732744800,2.943,3.052,2.922,3.036
1732831200,3.048,3.125,3.016,3.114
1733090400,2.993,3.054,2.932,2.994
1733176800,2.982,3.001,2.833,2.854
1733263200,2.854,2.894,2.791,2.886
1733349600,2.872,2.962,2.86,2.901
1733436000,2.9,2.93,2.829,2.928
1733695200,3.14,3.147,2.981,3.032
1733781600,3.025,3.044,2.924,3.042
1733868000,3.042,3.254,3.035,3.204
1733954400,3.208,3.409,3.146,3.314
1734040800,3.31,3.347,3.137,3.141
1734300000,3.1,3.151,3.047,3.11
1734386400,3.106,3.222,2.99,3.202
1734472800,3.207,3.247,3.158,3.211
1734559200,3.203,3.412,3.198,3.403
1734645600,3.401,3.533,3.337,3.472
1734904800,3.612,3.616,3.357,3.454
1734991200,3.45,3.579,3.424,3.572
1735164000,3.548,3.55,3.319,3.376
1735250400,3.384,3.516,3.356,3.473
1735509600,3.738,4.269,3.712,3.98
1735596000,3.989,4.076,3.635,3.695
1735768800,3.696,3.856,3.595,3.712
1735855200,3.716,3.732,3.38,3.419
1736114400,3.573,3.772,3.549,3.758
1736200800,3.752,3.782,3.469,3.492
1736287200,3.498,3.735,3.469,3.708
1736373600,3.71,3.871,3.592,3.749
1736460000,3.752,4.06,3.726,4.02
1736719200,4.326,4.329,3.881,3.964
1736805600,3.968,4.092,3.768,3.997
1736892000,3.984,4.172,3.893,4.17
1736978400,4.138,4.358,4.052,4.307
1737064800,4.3,4.337,3.936,3.94
1737324000,3.791,3.882,3.776,3.852
1737410400,3.843,3.931,3.736,3.802
1737496800,3.802,3.996,3.728,3.994
1737583200,3.996,4.044,3.848,3.908
1737669600,3.906,3.916,3.761,3.863
1737928800,3.706,3.73,3.535,3.6
1738015200,3.612,3.613,3.41,3.421
1738101600,3.418,3.529,3.389,3.508
1738188000,3.505,3.573,3.341,3.391
1738274400,3.394,3.427,3.282,3.368
1738533600,3.539,3.698,3.539,3.589
1738620000,3.608,3.63,3.43,3.484
1738706400,3.485,3.634,3.41,3.608
1738792800,3.612,3.687,3.55,3.626
1738879200,3.624,3.678,3.527,3.542
1739138400,3.625,3.692,3.554,3.64
1739224800,3.64,3.774,3.63,3.7
1739311200,3.699,3.767,3.653,3.726
1739397600,3.77,3.964,3.766,3.824
1739484000,3.816,3.969,3.806,3.886
1739743200,3.73,3.774,3.674,3.72
1739829600,3.71,4.128,3.669,4.124
1739916000,4.114,4.444,4.056,4.438
1740002400,4.424,4.505,4.143,4.245
1740088800,4.236,4.464,4.216,4.3
1740348000,4.13,4.141,4,4.11
1740434400,4.114,4.272,4.058,4.264
1740520800,4.25,4.3,4.061,4.074
1740607200,4.085,4.179,3.99,4.046
1740693600,4.054,4.064,3.919,3.924
1740952800,3.876,4.272,3.846,4.266
1741039200,4.268,4.657,4.151,4.398
1741125600,4.407,4.617,4.324,4.571
1741212000,4.556,4.568,4.346,4.368
1741298400,4.368,4.515,4.218,4.486
1741554000,4.628,5.009,4.526,4.537
1741640400,4.534,4.662,4.404,4.416
1741726800,4.413,4.448,4.09,4.092
1741813200,4.098,4.252,4.012,4.088
1741899600,4.092,4.195,4.015,4.144
1742158800,4.164,4.261,4.018,4.044
1742245200,4.052,4.162,4.007,4.096
1742331600,4.1,4.298,4.078,4.254
1742418000,4.26,4.289,4.006,4.008
1742504400,4.016,4.067,3.91,3.978
1742763600,3.904,4.035,3.902,3.924
1742850000,3.936,3.998,3.809,3.882
1742936400,3.878,3.937,3.816,3.847
1743022800,3.846,3.94,3.716,3.903
1743109200,3.898,4.082,3.82,4.074
1743368400,4.198,4.236,4.042,4.115
1743454800,4.115,4.132,3.92,3.935
1743541200,3.938,4.073,3.922,3.998
1743627600,3.998,4.188,3.954,4.105
1743714000,4.106,4.137,3.8,3.806
1743973200,3.757,3.926,3.59,3.616
1744059600,3.626,3.772,3.454,3.468
1744146000,3.472,3.816,3.327,3.726
1744232400,3.734,3.74,3.462,3.502
1744318800,3.502,3.568,3.386,3.534
1744578000,3.486,3.604,3.307,3.33
1744664400,3.334,3.37,3.212,3.318
1744750800,3.301,3.306,3.198,3.268
1744837200,3.26,3.336,3.201,3.256
1745182800,3.206,3.25,3.023,3.078
1745269200,3.082,3.102,2.97,3.037
1745355600,3.039,3.089,2.988,3.036
1745442000,3.033,3.033,2.892,2.988
1745528400,2.984,3.052,2.928,3.042
1745787600,3.028,3.25,2.95,3.208
1745874000,3.212,3.341,3.2,3.273
1745960400,3.274,3.289,3.157,3.25
1746046800,3.247,3.43,3.236,3.339
1746133200,3.32,3.564,3.316,3.56
1746392400,3.573,3.647,3.44,3.474
1746478800,3.478,3.556,3.34,3.396
1746565200,3.416,3.566,3.416,3.542
1746651600,3.536,3.637,3.448,3.543
1746738000,3.541,3.732,3.534,3.706
1746997200,3.68,3.767,3.542,3.617
1747083600,3.614,3.661,3.508,3.561
1747170000,3.554,3.56,3.398,3.411
1747256400,3.412,3.444,3.288,3.315
1747342800,3.313,3.4,3.261,3.28
1747602000,3.228,3.232,3.067,3.08
1747688400,3.079,3.42,3.079,3.388
1747774800,3.391,3.483,3.313,3.34
1747861200,3.347,3.36,3.246,3.306
1747947600,3.314,3.366,3.246,3.344
1748206800,3.442,3.446,3.313,3.342
1748293200,3.354,3.446,3.307,3.431
1748379600,3.432,3.508,3.238,3.241
1748466000,3.246,3.278,3.158,3.246
1748552400,3.252,3.281,3.17,3.185
1748811600,3.259,3.488,3.25,3.484
1748898000,3.488,3.51,3.385,3.475
1748984400,3.474,3.498,3.424,3.468
1749070800,3.466,3.554,3.396,3.43
1749157200,3.432,3.59,3.428,3.563
1749416400,3.534,3.57,3.398,3.428
1749502800,3.428,3.485,3.348,3.356
1749589200,3.362,3.462,3.3,3.362
1749675600,3.366,3.488,3.322,3.39
1749762000,3.394,3.474,3.36,3.466
1750021200,3.58,3.647,3.523,3.632
1750107600,3.62,3.774,3.614,3.761
1750194000,3.756,3.905,3.719,3.884
1750280400,3.89,4.012,3.874,3.996
1750366800,4,4.066,3.749,3.824
1750626000,3.868,3.884,3.628,3.64
1750712400,3.636,3.642,3.511,3.544
1750798800,3.542,3.568,3.425,3.452
1750885200,3.454,3.462,3.284,3.416
1750971600,3.392,3.62,3.39,3.616
1751230800,3.59,3.59,3.314,3.346
1751317200,3.349,3.362,3.193,3.315
1751403600,3.318,3.416,3.267,3.395
1751490000,3.398,3.471,3.297,3.308
1751576400,3.31,3.342,3.275,3.298
1751835600,3.254,3.389,3.196,3.332
1751922000,3.327,3.389,3.25,3.275
1752008400,3.274,3.282,3.081,3.138
1752094800,3.132,3.327,3.124,3.294
1752181200,3.303,3.351,3.228,3.294
1752440400,3.365,3.44,3.326,3.392
1752526800,3.402,3.486,3.348,3.452
1752613200,3.46,3.545,3.442,3.502
1752699600,3.51,3.58,3.468,3.47
1752786000,3.472,3.583,3.452,3.524
1753045200,3.396,3.422,3.258,3.29
1753131600,3.282,3.303,3.186,3.232
1753218000,3.232,3.244,3.056,3.06
1753304400,3.065,3.155,3.062,3.112
1753390800,3.11,3.15,3.075,3.101
1753650000,3.09,3.145,3.017,3.06
1753736400,3.059,3.147,3.056,3.12
1753822800,3.124,3.143,2.974,2.974
1753909200,2.986,3.074,2.936,3.06
1753995600,3.052,3.092,3.013,3.056
1754254800,3.021,3.044,2.864,2.92
1754341200,2.91,3.008,2.898,2.98
1754427600,2.98,3.065,2.916,3.063
1754514000,3.058,3.116,3.007,3.054
1754600400,3.048,3.076,2.933,2.97
1754859600,2.87,2.975,2.87,2.96
1754946000,2.957,2.961,2.756,2.763
1755032400,2.764,2.83,2.748,2.802
1755118800,2.8,2.832,2.757,2.832
1755205200,2.825,2.949,2.818,2.906
1755464400,2.852,2.909,2.788,2.894
1755550800,2.89,2.893,2.716,2.747
1755637200,2.746,2.762,2.716,2.746
1755723600,2.749,2.826,2.73,2.798
1755810000,2.802,2.808,2.69,2.701
1756069200,2.656,2.735,2.65,2.73
1756155600,2.728,2.754,2.669,2.738
1756242000,2.737,2.826,2.693,2.791
1756328400,2.785,2.911,2.767,2.902
1756414800,2.898,2.938,2.84,2.934
1756674000,2.902,2.986,2.856,2.904
1756760400,2.897,2.941,2.8,2.916
1756846800,2.913,3.057,2.896,3.004
1756933200,2.999,3.06,2.956,3.012
1757019600,3.013,3.061,2.958,2.96
1757278800,3.01,3.138,2.998,3.044
1757365200,3.036,3.109,2.994,3.048
1757451600,3.046,3.064,2.959,2.982
1757538000,2.978,3.014,2.868,2.876
1757624400,2.878,2.956,2.856,2.915
1757883600,2.938,3.014,2.882,3.01
1757970000,2.922,3.104,2.911,3.09
1758056400,3.086,3.137,3.04,3.052
1758142800,3.05,3.08,2.901,2.918
1758229200,2.914,2.924,2.836,2.878
1758488400,2.883,2.918,2.794,2.795
1758574800,2.795,2.856,2.769,2.852
1758661200,2.856,2.897,2.812,2.862
1758747600,2.864,2.969,2.848,2.947
1758834000,2.941,2.966,2.853,2.907
1759093200,2.9,3.04,2.884,3.02
1759179600,3.014,3.094,2.996,3.078
1759266000,3.076,3.234,3.074,3.193
1759352400,3.198,3.328,3.162,3.162
1759438800,3.165,3.212,3.081,3.106
1759698000,3.094,3.268,3.088,3.197
1759784400,3.189,3.318,3.158,3.316
1759870800,3.318,3.349,3.132,3.153
1759957200,3.155,3.209,3.064,3.072
1760043600,3.068,3.081,2.934,2.974
1760302800,2.954,2.997,2.898,2.968
1760389200,2.968,2.977,2.882,2.91
1760475600,2.908,2.927,2.852,2.921
1760562000,2.92,2.956,2.821,2.826
1760648400,2.824,2.925,2.797,2.907
1760907600,3.084,3.346,3.055,3.34
1760994000,3.336,3.422,3.282,3.387
1761080400,3.386,3.437,3.337,3.38
1761166800,3.384,3.449,3.352,3.356
1761253200,3.346,3.418,3.294,3.398
1761512400,3.482,3.486,3.342,3.384
1761598800,3.4,3.414,3.284,3.294
1761685200,3.294,3.34,3.241,3.292
1761771600,3.283,3.54,3.278,3.528
1761858000,3.528,3.626,3.506,3.6
1762120800,3.7,3.81,3.614,3.77
1762207200,3.773,3.925,3.732,3.854
1762293600,3.856,3.904,3.772,3.81
1762380000,3.804,3.989,3.785,3.982
1762466400,3.978,3.998,3.869,3.924
1762725600,4.106,4.149,3.93,4.036
1762812000,4.031,4.245,3.956,4.2
1762898400,4.194,4.264,4.158,4.228
1762984800,4.228,4.392,4.163,4.305
1763071200,4.308,4.352,4.12,4.25
1763330400,4.298,4.344,4.14,4.16
1763416800,4.16,4.236,4.073,4.212
1763503200,4.206,4.452,4.196,4.423
1763589600,4.411,4.484,4.334,4.37
1763676000,4.366,4.493,4.35,4.432
1763935200,4.35,4.452,4.311,4.368
1764021600,4.371,4.406,4.138,4.23
1764108000,4.217,4.383,4.194,4.364
1764194400,4.361,4.392,4.282,4.385
1764280800,4.371,4.616,4.362,4.609
1764540000,4.608,4.717,4.531,4.661
1764626400,4.666,4.753,4.587,4.608
1764712800,4.607,4.815,4.604,4.788
1764799200,4.782,4.873,4.665,4.86
1764885600,4.872,5.272,4.819,5.122
1765144800,4.897,5.013,4.678,4.689
1765231200,4.674,4.704,4.397,4.424
1765317600,4.427,4.544,4.31,4.482
1765404000,4.476,4.482,4.066,4.104
1765490400,4.1,4.128,3.948,3.981
1765749600,4.081,4.11,3.896,3.94
1765836000,3.937,3.948,3.757,3.852
1765922400,3.846,4.03,3.837,4.022
1766008800,4.03,4.131,3.809,3.876
1766095200,3.866,3.889,3.783,3.886
1766354400,3.915,3.966,3.634,3.762
1766440800,3.754,4.094,3.732,4.066
1766527200,4.062,4.159,3.894,3.933
1766700000,3.922,4.115,3.916,4.04
1766959200,4.095,4.184,3.937,4.092
1767045600,4.106,4.332,4.064,4.124
1767132000,4.126,4.128,3.812,3.843
1767304800,3.783,3.826,3.686,3.76
1767564000,3.572,3.632,3.456,3.588
1767650400,3.598,3.604,3.418,3.52
1767736800,3.519,3.687,3.516,3.658
1767823200,3.656,3.72,3.442,3.488
1767909600,3.509,3.582,3.208,3.216
1768168800,3.344,3.5,3.252,3.423
1768255200,3.428,3.566,3.365,3.443
1768341600,3.446,3.505,3.124,3.163
1768428000,3.165,3.272,3.056,3.192
1768514400,3.204,3.28,3.07,3.156
1768773600,3.554,3.759,3.424,3.617
1768860000,3.601,4.031,3.588,3.932
1768946400,3.951,5.142,3.872,5.077
1769032800,5.018,5.692,4.962,5.166
1769119200,5.2,5.42,5.062,5.368
1769378400,5.699,5.708,5.213,5.474
1769464800,5.48,5.512,5.162,5.31
1769551200,5.345,5.432,5.001,5.159
1769637600,5.217,5.433,5.146,5.332
1769724000,5.342,6.006,5.21,5.996
1769983200,4.896,4.938,4.141,4.278
1770069600,4.26,4.411,4.138,4.376
1770156000,4.368,4.555,4.207,4.424
1770242400,4.44,4.536,4.224,4.447
1770328800,4.454,4.594,4.236,4.262
1770588000,3.976,3.976,3.768,3.79
1770674400,3.789,3.84,3.678,3.772
1770760800,3.766,3.83,3.618,3.81
1770847200,3.798,3.878,3.722,3.756
1770933600,3.748,3.78,3.603,3.688
1771192800,3.397,3.454,3.324,3.45
1771279200,3.449,3.501,3.32,3.351
1771365600,3.346,3.35,3.181,3.281
1771452000,3.278,3.346,3.201,3.214
1771538400,3.212,3.375,3.198,3.284
1771797600,3.424,3.424,3.17,3.17
1771884000,3.174,3.191,3.07,3.076
1771970400,3.082,3.172,3.056,3.128
1772056800,3.128,3.128,3.001,3.063
1772143200,3.049,3.119,3.042,3.078
1772402400,3.13,3.281,3.07,3.186
1772488800,3.19,3.398,3.176,3.236
1772575200,3.242,3.274,3.075,3.117
1772661600,3.117,3.228,3.097,3.176
1772748000,3.19,3.466,3.126,3.366
1773003600,3.508,3.672,3.172,3.179
1773090000,3.178,3.299,3.099,3.197
1773176400,3.2,3.364,3.156,3.363
1773262800,3.377,3.43,3.276,3.38
1773349200,3.376,3.448,3.228,3.251
1773608400,3.27,3.271,3.084,3.12
1773694800,3.123,3.183,3.091,3.12
1773781200,3.122,3.278,2.998,3.268
1773867600,3.25,3.338,3.163,3.189
1773954000,3.186,3.239,3.112,3.172
1774213200,3.164,3.228,2.948,2.979
1774299600,2.988,3.03,2.926,2.954
1774386000,2.952,3.024,2.91,3.024
1774472400,3.024,3.067,2.958,3
1774558800,3,3.14,2.993,3.117
1774818000,3.112,3.113,2.924,2.952
1774904400,2.956,3.048,2.87,2.946
1774990800,2.947,2.965,2.851,2.876
1775077200,2.878,2.953,2.84,2.87
1775422800,2.872,2.921,2.82,2.852
1775509200,2.86,2.937,2.807,2.891
1775595600,2.878,2.878,2.749,2.778
1775682000,2.78,2.782,2.698,2.714
1775768400,2.713,2.73,2.668,2.694
1776027600,2.734,2.756,2.648,2.66
1776114000,2.661,2.69,2.591,2.622
1776200400,2.634,2.656,2.599,2.638
1776286800,2.645,2.702,2.614,2.702
1776373200,2.697,2.731,2.648,2.701
1776632400,2.724,2.762,2.692,2.694
1776718800,2.684,2.734,2.66,2.726
1776805200,2.711,2.776,2.694,2.729
1776891600,2.726,2.754,2.579,2.612
1776978000,2.606,2.609,2.527,2.564
1777237200,2.568,2.687,2.566,2.616
1777323600,2.618,2.631,2.565,2.571
1777410000,2.572,2.584,2.512,2.544
1777496400,2.547,2.687,2.494,2.654
1777582800,2.646,2.715,2.645,2.686
1777842000,2.682,2.788,2.67,2.764
1777928400,2.761,2.778,2.676,2.694
1778014800,2.696,2.704,2.61,2.642
1778101200,2.639,2.732,2.599,2.702
1778187600,2.706,2.766,2.662,2.677
1778446800,2.702,2.867,2.702,2.864
1778533200,2.856,2.878,2.744,2.774
1778619600,2.772,2.866,2.756,2.811
1778706000,2.804,2.866,2.746,2.866
1778792400,2.876,2.929,2.846,2.908
1779051600,2.95,3.048,2.927,2.987
1779138000,2.986,3.096,2.97,3.078
1779224400,3.08,3.104,2.956,3.003
1779310800,3.003,3.038,2.952,2.971
1779397200,2.968,2.985,2.853,2.878
1779656400,2.862,2.948,2.844,2.899
1779742800,2.903,2.959,2.864,2.871
1779829200,2.874,3.01,2.845,2.95
1779915600,2.95,3.163,2.924,3.163
1780002000,3.168,3.244,3.138,3.14
1780261200,3.222,3.267,3.043,3.069
1780347600,3.074,3.11,2.988,3.06
1780434000,3.056,3.15,3.035,3.146
1780520400,3.138,3.264,3.105,3.246
1780606800,3.245,3.256,3.108,3.12
1780866000,3.079,3.104,3.014,3.059
1780952400,3.059,3.123,3.038,3.058
1781038800,3.062,3.169,2.996,3.112
1781125200,3.108,3.126,2.988,3.017
1781211600,3.017,3.074,2.966,3.074
1781470800,3.033,3.11,2.966,3.102
1781557200,3.098,3.219,3.079,3.21
1781643600,3.208,3.252,3.079,3.114
1781730000,3.116,3.204,3.086,3.176
1781816400,3.174,3.216,3.149,3.164
1782075600,3.256,3.312,3.212,3.216
1782162000,3.212,3.259,3.124,3.148
1782248400,3.15,3.222,3.13,3.216
1782334800,3.216,3.304,3.174,3.226
1782421200,3.226,3.328,3.216,3.242
1782680400,3.254,3.27,3.124,3.13
1782766800,3.131,3.288,3.121,3.22
1782853200,3.217,3.232,3.158,3.174
1782939600,3.173,3.183,3.119,3.17
1783026000,3.175,3.236,3.168,3.21
1783285200,3.182,3.223,3.127,3.222
1783371600,3.218,3.288,3.152,3.252
1783458000,3.246,3.322,3.175,3.19
1783544400,3.19,3.215,2.967,2.987
1783630800,2.99,2.994,2.852,2.924
1783890000,2.919,2.931,2.829,2.878
1783976400,2.876,2.909,2.832,2.906
1784062800,2.903,2.922,2.848,2.906
1784149200,2.9,2.952,2.808,2.878
1784235600,2.876,2.91,2.829,2.902
1784494800,2.858,2.896,2.821,2.824
1784581200,2.833,2.895,2.83,2.884
1784667600,2.88,2.942,2.857,2.932
1784754000,2.928,2.984,2.916,2.924
1784840400,2.92,2.989,2.888,2.919
1785099600,2.87,2.87,2.777,2.78
1785186000,2.776,2.782,2.684,2.686
1785272400,2.688,2.762,2.676,2.74
1785358800,2.738,2.783,2.688,2.754
1785445200,2.752,2.81,2.72,2.799
1785704400,2.724,2.815,2.72,2.782
1785790800,2.778,2.792,2.666,2.694
1785877200,2.692,2.715,2.666,2.678