time,open,high,low,close
1262296800,1.61757,1.61757,1.61563,1.61563
1262556000,1.61122,1.624185,1.605795,1.60844
1262642400,1.60844,1.615365,1.596605,1.599165
1262728800,1.599165,1.606415,1.593825,1.601865
1262815200,1.601865,1.60591,1.589715,1.593165
1262901600,1.593165,1.61108,1.59163,1.60232
1263160800,1.607,1.619405,1.604825,1.611495
1263247200,1.611495,1.619505,1.606285,1.616425
1263333600,1.616425,1.63076,1.61367,1.628055
1263420000,1.628055,1.634715,1.625045,1.633565
1263506400,1.633565,1.63563,1.6211,1.62639
1263765600,1.62602,1.637935,1.62505,1.634225
1263852000,1.634225,1.64582,1.631235,1.636115
1263938400,1.636115,1.637195,1.624445,1.629135
1264024800,1.629135,1.63115,1.612615,1.619555
1264111200,1.619555,1.62841,1.607795,1.61133
1264370400,1.61033,1.625985,1.60903,1.624385
1264456800,1.624385,1.626805,1.60941,1.614295
1264543200,1.614295,1.624445,1.610755,1.616935
1264629600,1.616935,1.627645,1.611315,1.613735
1264716000,1.613735,1.617975,1.59803,1.59868
1264975200,1.594595,1.59792,1.585135,1.595755
1265061600,1.595755,1.599575,1.590375,1.597405
1265148000,1.597405,1.607015,1.587745,1.589385
1265234400,1.589385,1.59194,1.57314,1.575445
1265320800,1.575445,1.57762,1.55586,1.56409
1265580000,1.55927,1.565985,1.55353,1.558515
1265666400,1.558515,1.574845,1.556245,1.571935
1265752800,1.571935,1.576485,1.557145,1.559505
1265839200,1.559505,1.57185,1.556025,1.570545
1265925600,1.570545,1.574135,1.558105,1.57003
1266184800,1.56833,1.572055,1.56134,1.56594
1266271200,1.56594,1.579535,1.562805,1.579215
1266357600,1.579215,1.58158,1.5667,1.567245
1266444000,1.567245,1.56878,1.549545,1.553055
1266530400,1.553055,1.554395,1.53477,1.54723
1266789600,1.54804,1.552075,1.543375,1.548165
1266876000,1.548165,1.557575,1.53941,1.542445
1266962400,1.542445,1.547665,1.53872,1.540875
1267048800,1.540875,1.542205,1.51891,1.526595
1267135200,1.526595,1.53231,1.515295,1.52365
1267394400,1.5156,1.52043,1.47846,1.499005
1267480800,1.499005,1.500005,1.48546,1.497155
1267567200,1.497155,1.51317,1.495955,1.509875
1267653600,1.509875,1.513645,1.50062,1.503265
1267740000,1.503265,1.5167,1.49933,1.51382
1267999200,1.51338,1.519585,1.503165,1.506625
1268085600,1.506625,1.506985,1.493655,1.499695
1268172000,1.499695,1.50164,1.487305,1.497745
1268258400,1.497745,1.506685,1.49463,1.506125
1268344800,1.506125,1.521865,1.50272,1.52048
1268600400,1.51768,1.52075,1.501995,1.505705
1268686800,1.505705,1.52598,1.4978,1.524295
1268773200,1.524295,1.538195,1.520975,1.532585
1268859600,1.532585,1.532825,1.521705,1.524415
1268946000,1.524415,1.52562,1.498945,1.50133
1269205200,1.50241,1.510635,1.493235,1.509955
1269291600,1.509955,1.511235,1.497265,1.504695
1269378000,1.504695,1.504835,1.486375,1.486655
1269464400,1.486655,1.50068,1.479815,1.481215
1269550800,1.481215,1.492405,1.480515,1.48974
1269810000,1.49206,1.501955,1.489255,1.498775
1269896400,1.498775,1.512775,1.49742,1.506905
1269982800,1.506905,1.520405,1.50437,1.518365
1270069200,1.518365,1.529885,1.517215,1.529165
1270155600,1.529165,1.529675,1.51823,1.52086
1270414800,1.52852,1.531925,1.522455,1.529515
1270501200,1.529515,1.530695,1.512955,1.526635
1270587600,1.526635,1.528665,1.513915,1.524145
1270674000,1.524145,1.528035,1.514105,1.527945
1270760400,1.527945,1.539215,1.526805,1.53708
1271019600,1.54574,1.548605,1.535295,1.536865
1271106000,1.536865,1.544945,1.533745,1.538115
1271192400,1.538115,1.549075,1.537265,1.546645
1271278800,1.546645,1.552325,1.538595,1.549525
1271365200,1.549525,1.550675,1.53593,1.5363
1271624400,1.52757,1.534085,1.519215,1.533785
1271710800,1.533785,1.543385,1.529055,1.535825
1271797200,1.535825,1.54387,1.533255,1.541065
1271883600,1.541065,1.547365,1.534225,1.537825
1271970000,1.537825,1.539845,1.52957,1.53763
1272229200,1.53881,1.549865,1.537425,1.545815
1272315600,1.545815,1.548435,1.524035,1.526455
1272402000,1.526455,1.528825,1.51261,1.520855
1272488400,1.520855,1.53423,1.51431,1.531955
1272574800,1.531955,1.53906,1.525395,1.52705
1272834000,1.53248,1.5333,1.52117,1.524755
1272920400,1.524755,1.526335,1.509125,1.514345
1273006800,1.514345,1.51736,1.506855,1.510175
1273093200,1.510175,1.514785,1.47129,1.48323
1273179600,1.48323,1.493725,1.44764,1.4804
1273438800,1.48768,1.50547,1.47573,1.484675
1273525200,1.484675,1.500425,1.47207,1.495545
1273611600,1.495545,1.50448,1.481915,1.482335
1273698000,1.482335,1.49179,1.459455,1.461385
1273784400,1.461385,1.46403,1.44968,1.45352
1274043600,1.45131,1.454675,1.42512,1.447415
1274130000,1.447415,1.45205,1.430465,1.433415
1274216400,1.433415,1.444905,1.423845,1.444385
1274302800,1.444385,1.446705,1.42282,1.436295
1274389200,1.436295,1.44962,1.43171,1.44599
1274648400,1.44633,1.452885,1.43525,1.442565
1274734800,1.442565,1.442665,1.42605,1.440855
1274821200,1.440855,1.444865,1.433115,1.438765
1274907600,1.438765,1.46074,1.436665,1.458195
1274994000,1.458195,1.461095,1.44348,1.44582
1275253200,1.44226,1.45488,1.44049,1.45379
1275339600,1.45379,1.472335,1.44393,1.465005
1275426000,1.465005,1.477025,1.455405,1.465145
1275512400,1.465145,1.4743,1.458705,1.461415
1275598800,1.461415,1.468245,1.44537,1.4455
1275858000,1.44101,1.456265,1.43888,1.446815
1275944400,1.446815,1.45295,1.434605,1.446875
1276030800,1.446875,1.460795,1.43962,1.452715
1276117200,1.452715,1.471795,1.450955,1.471525
1276203600,1.471525,1.47594,1.45049,1.45513
1276462800,1.45773,1.480905,1.455185,1.474285
1276549200,1.474285,1.483705,1.46828,1.480495
1276635600,1.480495,1.485565,1.472665,1.473045
1276722000,1.473045,1.48385,1.464575,1.482415
1276808400,1.482415,1.488655,1.477115,1.48233
1277067600,1.48598,1.493715,1.473835,1.475675
1277154000,1.475675,1.486005,1.468745,1.481515
1277240400,1.481515,1.49738,1.480415,1.495635
1277326800,1.495635,1.501215,1.491645,1.493605
1277413200,1.493605,1.50784,1.485675,1.50609
1277672400,1.50654,1.512875,1.501785,1.510485
1277758800,1.510485,1.512025,1.501245,1.506515
1277845200,1.506515,1.507405,1.493435,1.494475
1277931600,1.494475,1.518975,1.487375,1.517635
1278018000,1.517635,1.52299,1.514965,1.51956
1278277200,1.52,1.52045,1.509015,1.513515
1278363600,1.513515,1.52273,1.508165,1.515025
1278450000,1.515025,1.521945,1.508105,1.518865
1278536400,1.518865,1.524105,1.51029,1.516725
1278622800,1.516725,1.52048,1.5051,1.5063
1278882000,1.50784,1.508615,1.494875,1.503205
1278968400,1.503205,1.519245,1.496515,1.517745
1279054800,1.517745,1.529725,1.517265,1.526865
1279141200,1.526865,1.547215,1.523625,1.546155
1279227600,1.546155,1.546455,1.527915,1.53005
1279486800,1.52765,1.535125,1.520325,1.522955
1279573200,1.522955,1.53099,1.515395,1.526345
1279659600,1.526345,1.533565,1.512405,1.516405
1279746000,1.516405,1.52964,1.515125,1.525885
1279832400,1.525885,1.544915,1.525135,1.54236
1280091600,1.54174,1.552005,1.540965,1.548985
1280178000,1.548985,1.559925,1.544305,1.559305
1280264400,1.559305,1.563855,1.554575,1.55987
1280350800,1.55987,1.566245,1.558005,1.561325
1280437200,1.561325,1.572245,1.555245,1.56887
1280696400,1.57111,1.590755,1.569635,1.588655
1280782800,1.588655,1.596815,1.586205,1.595295
1280869200,1.595295,1.596455,1.585735,1.588345
1280955600,1.588345,1.592405,1.582045,1.589675
1281042000,1.589675,1.599815,1.584065,1.59421
1281301200,1.59652,1.59964,1.589205,1.589205
1281387600,1.589205,1.59086,1.571085,1.585225
1281474000,1.585225,1.586395,1.562885,1.565915
1281560400,1.565915,1.571435,1.556235,1.557885
1281646800,1.557885,1.567905,1.556605,1.55911
1281906000,1.56104,1.570275,1.553595,1.566385
1281992400,1.566385,1.56956,1.555285,1.558645
1282078800,1.558645,1.56881,1.54985,1.559475
1282165200,1.559475,1.567195,1.550925,1.560225
1282251600,1.560225,1.561045,1.546385,1.55329
1282510800,1.55328,1.561925,1.550075,1.551255
1282597200,1.551255,1.551495,1.53727,1.539635
1282683600,1.539635,1.547115,1.53897,1.546345
1282770000,1.546345,1.55979,1.545925,1.552835
1282856400,1.552835,1.55425,1.54431,1.55292
1283115600,1.55305,1.55765,1.545645,1.546085
1283202000,1.546085,1.547485,1.532685,1.534835
1283288400,1.534835,1.549175,1.533705,1.545435
1283374800,1.545435,1.546265,1.535115,1.540095
1283461200,1.540095,1.54684,1.538955,1.54523
1283720400,1.54304,1.548955,1.534625,1.53935
1283806800,1.53935,1.542455,1.529715,1.535785
1283893200,1.535785,1.553345,1.53448,1.547095
1283979600,1.547095,1.547735,1.537695,1.542795
1284066000,1.542795,1.546675,1.534565,1.53574
1284325200,1.53603,1.54876,1.53538,1.542915
1284411600,1.542915,1.558815,1.534855,1.553975
1284498000,1.553975,1.565225,1.544915,1.562415
1284584400,1.562415,1.564905,1.55388,1.562375
1284670800,1.562375,1.572935,1.559545,1.56311
1284930000,1.5653,1.568635,1.553755,1.554525
1285016400,1.554525,1.56442,1.55041,1.562265
1285102800,1.562265,1.571565,1.56026,1.566465
1285189200,1.566465,1.574225,1.561165,1.568405
1285275600,1.568405,1.584345,1.564165,1.58245
1285534800,1.58213,1.586685,1.578765,1.582755
1285621200,1.582755,1.589585,1.571905,1.580205
1285707600,1.580205,1.587425,1.57629,1.578515
1285794000,1.578515,1.592275,1.567015,1.571605
1285880400,1.571605,1.587365,1.570385,1.58197
1286139600,1.58004,1.586935,1.574905,1.582995
1286226000,1.582995,1.593035,1.575205,1.589005
1286312400,1.589005,1.593995,1.583335,1.58898
1286398800,1.58898,1.60181,1.582685,1.587705
1286485200,1.587705,1.596565,1.582375,1.59627
1286744400,1.59521,1.596345,1.586875,1.588265
1286830800,1.588265,1.59176,1.57549,1.580905
1286917200,1.580905,1.590825,1.5775,1.589765
1287003600,1.589765,1.606715,1.58883,1.601065
1287090000,1.601065,1.61073,1.597155,1.59915
1287349200,1.5978,1.60043,1.583795,1.587645
1287435600,1.587645,1.594215,1.567975,1.570575
1287522000,1.570575,1.587875,1.565025,1.584885
1287608400,1.584885,1.585265,1.568665,1.570455
1287694800,1.570455,1.575075,1.565215,1.5681
1287954000,1.56754,1.577265,1.566285,1.572285
1288040400,1.572285,1.58966,1.569115,1.584535
1288126800,1.584535,1.5866,1.573065,1.576775
1288213200,1.576775,1.597845,1.576255,1.594605
1288299600,1.594605,1.60457,1.587775,1.60391
1288558800,1.60462,1.60888,1.59909,1.603545
1288645200,1.603545,1.608005,1.596165,1.604065
1288731600,1.604065,1.61768,1.600745,1.608125
1288818000,1.608125,1.629955,1.607895,1.626855
1288904400,1.626855,1.629575,1.616665,1.61828
1289167200,1.6196,1.621405,1.610485,1.613945
1289253600,1.613945,1.618465,1.595205,1.598515
1289340000,1.598515,1.613635,1.59612,1.612165
1289426400,1.612165,1.61794,1.608235,1.612255
1289512800,1.612255,1.61837,1.59866,1.61145
1289772000,1.61515,1.61577,1.60417,1.605335
1289858400,1.605335,1.608755,1.58399,1.588495
1289944800,1.588495,1.594855,1.5855,1.590735
1290031200,1.590735,1.605565,1.588885,1.604115
1290117600,1.604115,1.609435,1.593675,1.59801
1290376800,1.59804,1.608435,1.58994,1.595665
1290463200,1.595665,1.596475,1.57596,1.577505
1290549600,1.577505,1.583805,1.574175,1.577215
1290636000,1.577215,1.57944,1.572575,1.576045
1290722400,1.576045,1.57723,1.557745,1.55917
1290981600,1.55949,1.56472,1.552815,1.557345
1291068000,1.557345,1.55958,1.54854,1.556205
1291154400,1.556205,1.56488,1.55475,1.562255
1291240800,1.562255,1.56682,1.55123,1.560015
1291327200,1.560015,1.5787,1.55819,1.57766
1291586400,1.57603,1.57739,1.565605,1.571545
1291672800,1.571545,1.58224,1.570305,1.575735
1291759200,1.575735,1.583665,1.56689,1.580355
1291845600,1.580355,1.584115,1.571215,1.576995
1291932000,1.576995,1.586235,1.574775,1.58018
1292191200,1.57998,1.589675,1.572005,1.586245
1292277600,1.586245,1.59113,1.57391,1.577575
1292364000,1.577575,1.577575,1.553145,1.554395
1292450400,1.554395,1.563635,1.554065,1.563245
1292536800,1.563245,1.56469,1.545515,1.55328
1292796000,1.5516,1.557725,1.54767,1.551285
1292882400,1.551285,1.556795,1.54363,1.547025
1292968800,1.547025,1.549425,1.535675,1.538645
1293055200,1.538645,1.54383,1.537375,1.542785
1293141600,1.542785,1.54761,1.5418,1.54421
1293400800,1.54423,1.545725,1.537065,1.542155
1293487200,1.542155,1.551215,1.534505,1.536775
1293573600,1.536775,1.55183,1.53515,1.549995
1293660000,1.549995,1.55357,1.53674,1.542655
1293746400,1.542655,1.56656,1.542495,1.56111
1294005600,1.55668,1.55849,1.5434,1.548895
1294092000,1.548895,1.564595,1.545495,1.558685
1294178400,1.558685,1.562795,1.545095,1.551435
1294264800,1.551435,1.556385,1.544895,1.547295
1294351200,1.547295,1.5579,1.540715,1.55465
1294610400,1.55234,1.56032,1.547525,1.55737
1294696800,1.55737,1.56395,1.55136,1.559855
1294783200,1.559855,1.578065,1.55836,1.576165
1294869600,1.576165,1.588365,1.57188,1.583705
1294956000,1.583705,1.588875,1.580985,1.5869
1295215200,1.58651,1.59549,1.58358,1.588755
1295301600,1.588755,1.60593,1.587865,1.596295
1295388000,1.596295,1.603785,1.594565,1.599535
1295474400,1.599535,1.60094,1.583805,1.58969
1295560800,1.58969,1.601705,1.586725,1.59999
1295820000,1.60051,1.601375,1.59212,1.598705
1295906400,1.598705,1.601695,1.575095,1.5817
1295992800,1.5817,1.593635,1.576995,1.593485
1296079200,1.593485,1.59904,1.588045,1.592795
1296165600,1.592795,1.59669,1.582585,1.58601
1296424800,1.58477,1.604925,1.582205,1.601325
1296511200,1.601325,1.61646,1.601095,1.61418
1296597600,1.61418,1.62309,1.612855,1.619195
1296684000,1.619195,1.62784,1.612175,1.613585
1296770400,1.613585,1.61724,1.60365,1.61115
1297029600,1.60998,1.618545,1.60899,1.610975
1297116000,1.610975,1.616265,1.60286,1.606875
1297202400,1.606875,1.61249,1.603335,1.610255
1297288800,1.610255,1.613835,1.60121,1.609805
1297375200,1.609805,1.611315,1.596335,1.60061
1297634400,1.59865,1.60778,1.59818,1.603925
1297720800,1.603925,1.617125,1.6008,1.612615
1297807200,1.612615,1.618585,1.598775,1.609455
1297893600,1.609455,1.618685,1.607555,1.617345
1297980000,1.617345,1.62632,1.614875,1.62536
1298239200,1.62616,1.62623,1.620475,1.622625
1298325600,1.622625,1.622815,1.610165,1.61366
1298412000,1.61366,1.62737,1.61333,1.62119
1298498400,1.62119,1.62547,1.608525,1.613815
1298584800,1.613815,1.616105,1.603155,1.61185
1298844000,1.61126,1.627685,1.607215,1.625715
1298930400,1.625715,1.632955,1.625205,1.626715
1299016800,1.626715,1.634405,1.62159,1.6325
1299103200,1.6325,1.63343,1.625385,1.62773
1299189600,1.62773,1.63059,1.623585,1.6268
1299448800,1.62773,1.634245,1.618285,1.620105
1299535200,1.620105,1.620845,1.612585,1.616085
1299621600,1.616085,1.624285,1.61388,1.62028
1299708000,1.62028,1.621335,1.60392,1.60607
1299794400,1.60607,1.60873,1.597745,1.60815
1300050000,1.60869,1.61998,1.602795,1.61724
1300136400,1.61724,1.618525,1.597925,1.60784
1300222800,1.60784,1.61315,1.598645,1.60253
1300309200,1.60253,1.61699,1.59837,1.613535
1300395600,1.613535,1.62566,1.60611,1.62334
1300654800,1.62356,1.632815,1.620445,1.631035
1300741200,1.631035,1.64009,1.62937,1.63639
1300827600,1.63639,1.63862,1.62191,1.62354
1300914000,1.62354,1.62673,1.609225,1.612185
1301000400,1.612185,1.61419,1.600795,1.60418
1301259600,1.60067,1.60379,1.59368,1.599295
1301346000,1.599295,1.604235,1.59426,1.601165
1301432400,1.601165,1.608315,1.59791,1.6072
1301518800,1.6072,1.615115,1.60164,1.602825
1301605200,1.602825,1.613285,1.59728,1.61119
1301864400,1.61081,1.61771,1.61057,1.613225
1301950800,1.613225,1.62972,1.6092,1.629635
1302037200,1.629635,1.63637,1.625755,1.633195
1302123600,1.633195,1.63511,1.626365,1.63228
1302210000,1.63228,1.64281,1.631565,1.63837
1302469200,1.63751,1.642665,1.631425,1.63455
1302555600,1.63455,1.63493,1.62276,1.625735
1302642000,1.625735,1.63093,1.62376,1.626885
1302728400,1.626885,1.638445,1.625465,1.63518
1302814800,1.63518,1.637355,1.62921,1.63274
1303074000,1.6308,1.632855,1.61663,1.62664
1303160400,1.62664,1.633755,1.62304,1.631465
1303246800,1.631465,1.642615,1.63086,1.640875
1303333200,1.640875,1.659975,1.6386,1.652165
1303419600,1.652165,1.6569,1.65032,1.65087
1303678800,1.65304,1.65532,1.646815,1.649815
1303765200,1.649815,1.653225,1.64316,1.648185
1303851600,1.648185,1.663725,1.64351,1.66268
1303938000,1.66268,1.67462,1.66214,1.663165
1304024400,1.663165,1.67224,1.6624,1.67065
1304283600,1.67133,1.67386,1.663665,1.665435
1304370000,1.665435,1.666135,1.646415,1.648705
1304456400,1.648705,1.657415,1.645225,1.64888
1304542800,1.64888,1.65438,1.63587,1.638715
1304629200,1.638715,1.64639,1.635535,1.6367
1304888400,1.63573,1.640735,1.627085,1.640355
1304974800,1.640355,1.64223,1.63168,1.636615
1305061200,1.636615,1.651765,1.632215,1.634585
1305147600,1.634585,1.63799,1.623475,1.629135
1305234000,1.629135,1.6309,1.61474,1.61967
1305493200,1.62114,1.625475,1.61606,1.61917
1305579600,1.61917,1.63038,1.617515,1.625185
1305666000,1.625185,1.628805,1.610565,1.61681
1305752400,1.61681,1.624325,1.61313,1.62371
1305838800,1.62371,1.630475,1.616715,1.62301
1306098000,1.62287,1.62335,1.6088,1.612245
1306184400,1.612245,1.62091,1.60582,1.61809
1306270800,1.61809,1.62936,1.61321,1.627395
1306357200,1.627395,1.64052,1.626375,1.64035
1306443600,1.64035,1.65135,1.63786,1.65095
1306702800,1.65018,1.651265,1.645115,1.647515
1306789200,1.647515,1.65472,1.642395,1.644805
1306875600,1.644805,1.6496,1.633095,1.633375
1306962000,1.633375,1.64182,1.63058,1.637175
1307048400,1.637175,1.64385,1.62858,1.64257
1307307600,1.6416,1.64607,1.63414,1.635715
1307394000,1.635715,1.647225,1.63246,1.644665
1307480400,1.644665,1.645155,1.63485,1.640325
1307566800,1.640325,1.64663,1.63583,1.63654
1307653200,1.63654,1.63838,1.62167,1.6226
1307912400,1.62321,1.639025,1.62161,1.637615
1307998800,1.637615,1.644195,1.63561,1.637035
1308085200,1.637035,1.63835,1.6169,1.619395
1308171600,1.619395,1.62255,1.60791,1.615825
1308258000,1.615825,1.62002,1.609395,1.61939
1308517200,1.61634,1.623505,1.61096,1.620215
1308603600,1.620215,1.625435,1.61675,1.624495
1308690000,1.624495,1.62627,1.606105,1.607135
1308776400,1.607135,1.60751,1.593865,1.600585
1308862800,1.600585,1.60472,1.59516,1.59589
1309122000,1.5963,1.601175,1.59141,1.598995
1309208400,1.598995,1.604435,1.5912,1.600025
1309294800,1.600025,1.60744,1.59706,1.606245
1309381200,1.606245,1.61186,1.59737,1.605265
1309467600,1.605265,1.609605,1.59886,1.60759
1309726800,1.60621,1.61398,1.60548,1.608315
1309813200,1.608315,1.612835,1.599145,1.605995
1309899600,1.605995,1.60913,1.594775,1.60041
1309986000,1.60041,1.60183,1.59445,1.597385
1310072400,1.597385,1.60784,1.59318,1.60576
1310331600,1.60176,1.604235,1.5883,1.590725
1310418000,1.590725,1.59493,1.57812,1.591215
1310504400,1.591215,1.61213,1.590575,1.610615
1310590800,1.610615,1.61945,1.6095,1.61407
1310677200,1.61407,1.617635,1.607645,1.61364
1310936400,1.61101,1.61342,1.60053,1.605715
1311022800,1.605715,1.6178,1.604175,1.612335
1311109200,1.612335,1.616715,1.606885,1.615385
1311195600,1.615385,1.633405,1.612105,1.633085
1311282000,1.633085,1.634185,1.62648,1.62998
1311541200,1.63354,1.63447,1.62621,1.627615
1311627600,1.627615,1.642885,1.62662,1.640645
1311714000,1.640645,1.643925,1.631275,1.63301
1311800400,1.63301,1.63833,1.62947,1.63741
1311886800,1.63741,1.64706,1.62614,1.64261
1312146000,1.64264,1.64754,1.62378,1.629525
1312232400,1.629525,1.63288,1.62249,1.629825
1312318800,1.629825,1.6431,1.62515,1.642785
1312405200,1.642785,1.64406,1.624655,1.625665
1312491600,1.625665,1.63973,1.62293,1.63891
1312750800,1.64707,1.64784,1.62974,1.631825
1312837200,1.631825,1.641105,1.617585,1.63172
1312923600,1.63172,1.63347,1.612405,1.6134
1313010000,1.6134,1.623865,1.61117,1.623865
1313096400,1.623865,1.63124,1.6167,1.62777
1313355600,1.62787,1.640945,1.6256,1.63905
1313442000,1.63905,1.64763,1.632315,1.645585
1313528400,1.645585,1.65919,1.634885,1.65433
1313614800,1.65433,1.65555,1.64209,1.6517
1313701200,1.6517,1.66181,1.64448,1.6462
1313960400,1.64731,1.65213,1.64361,1.645355
1314046800,1.645355,1.65727,1.644875,1.649485
1314133200,1.649485,1.6534,1.63661,1.637445
1314219600,1.637445,1.63974,1.626085,1.628095
1314306000,1.628095,1.6379,1.620835,1.63681
1314565200,1.63525,1.64547,1.63248,1.640885
1314651600,1.640885,1.64198,1.62557,1.629895
1314738000,1.629895,1.63343,1.623165,1.625005
1314824400,1.625005,1.625825,1.61324,1.618005
1314910800,1.618005,1.6254,1.6172,1.6216
1315170000,1.61539,1.618585,1.6062,1.611785
1315256400,1.611785,1.62075,1.592155,1.594265
1315342800,1.594265,1.60399,1.59194,1.599065
1315429200,1.599065,1.608325,1.591375,1.595835
1315515600,1.595835,1.599105,1.584455,1.58825
1315774800,1.58371,1.588585,1.577365,1.586215
1315861200,1.586215,1.58699,1.576265,1.577905
1315947600,1.577905,1.581495,1.570725,1.576875
1316034000,1.576875,1.58686,1.573155,1.580045
1316120400,1.580045,1.58416,1.574575,1.57909
1316379600,1.5734,1.575585,1.563345,1.570455
1316466000,1.570455,1.574745,1.56556,1.573565
1316552400,1.573565,1.574695,1.548705,1.549975
1316638800,1.549975,1.551995,1.532825,1.534265
1316725200,1.534265,1.54915,1.53323,1.54544
1316984400,1.54816,1.557115,1.5433,1.55645
1317070800,1.55645,1.57053,1.55266,1.563455
1317157200,1.563455,1.56771,1.55652,1.557675
1317243600,1.557675,1.57155,1.554335,1.56272
1317330000,1.56272,1.56658,1.55331,1.55838
1317589200,1.55512,1.558715,1.54283,1.54323
1317675600,1.54323,1.549535,1.5341,1.548795
1317762000,1.548795,1.549285,1.539475,1.546075
1317848400,1.546075,1.550195,1.52716,1.544425
1317934800,1.544425,1.564615,1.54237,1.5558
1318194000,1.55598,1.568925,1.552795,1.566785
1318280400,1.566785,1.567055,1.557535,1.557655
1318366800,1.557655,1.5798,1.55433,1.575125
1318453200,1.575125,1.578455,1.56662,1.576645
1318539600,1.576645,1.58524,1.57221,1.58205
1318798800,1.5831,1.58482,1.57314,1.574355
1318885200,1.574355,1.58215,1.56321,1.571255
1318971600,1.571255,1.58476,1.569585,1.577385
1319058000,1.577385,1.58033,1.56818,1.579135
1319144400,1.579135,1.59735,1.57542,1.59513
1319403600,1.59346,1.60082,1.590055,1.599805
1319490000,1.599805,1.603925,1.59571,1.600065
1319576400,1.600065,1.6042,1.589125,1.597495
1319662800,1.597495,1.61414,1.595485,1.609935
1319749200,1.609935,1.61523,1.607165,1.61287
1320008400,1.61268,1.61661,1.596565,1.60871
1320094800,1.60871,1.60951,1.589055,1.594935
1320181200,1.594935,1.60476,1.591665,1.594925
1320267600,1.594925,1.60617,1.587685,1.604105
1320354000,1.604105,1.60636,1.59462,1.60331
1320616800,1.60695,1.60789,1.597995,1.605595
1320703200,1.605595,1.61304,1.6036,1.608925
1320789600,1.608925,1.61203,1.59053,1.591425
1320876000,1.591425,1.598515,1.58693,1.593505
1320962400,1.593505,1.60932,1.5896,1.60661
1321221600,1.60897,1.609245,1.5881,1.590985
1321308000,1.590985,1.593195,1.57999,1.582395
1321394400,1.582395,1.582915,1.572275,1.572985
1321480800,1.572985,1.58128,1.569165,1.575465
1321567200,1.575465,1.58886,1.573775,1.58052
1321826400,1.57922,1.57998,1.56129,1.564155
1321912800,1.564155,1.56917,1.55829,1.563375
1321999200,1.563375,1.56555,1.54949,1.552465
1322085600,1.552465,1.55658,1.54849,1.549595
1322172000,1.549595,1.551835,1.54236,1.54395
1322431200,1.54884,1.5595,1.54591,1.550975
1322517600,1.550975,1.56563,1.54698,1.559715
1322604000,1.559715,1.57797,1.55264,1.570285
1322690400,1.570285,1.5756,1.563735,1.568945
1322776800,1.568945,1.57267,1.557725,1.55959
1323036000,1.562815,1.57174,1.558795,1.564835
1323122400,1.564835,1.56643,1.55618,1.560085
1323208800,1.560085,1.572435,1.559505,1.571025
1323295200,1.571025,1.577005,1.56105,1.562895
1323381600,1.562895,1.57349,1.558485,1.56707
1323640800,1.56544,1.565775,1.55376,1.55836
1323727200,1.55836,1.562945,1.54516,1.548015
1323813600,1.548015,1.55316,1.54089,1.546555
1323900000,1.546555,1.552935,1.543415,1.551435
1323986400,1.551435,1.55573,1.54839,1.55447
1324245600,1.55441,1.55452,1.54658,1.549885
1324332000,1.549885,1.57008,1.549655,1.566295
1324418400,1.566295,1.57741,1.5648,1.567595
1324504800,1.567595,1.572855,1.564925,1.567875
1324591200,1.567875,1.570785,1.55828,1.55869
1324850400,1.559,1.56483,1.5585,1.56307
1324936800,1.56307,1.57009,1.55978,1.567065
1325023200,1.567065,1.56923,1.544215,1.545825
1325109600,1.545825,1.54758,1.53621,1.541605
1325196000,1.541605,1.557195,1.540175,1.55413
1325455200,1.55043,1.554515,1.54693,1.55152
1325541600,1.55152,1.566955,1.55023,1.564905
1325628000,1.564905,1.5669,1.55795,1.561995
1325714400,1.561995,1.56292,1.546755,1.549505
1325800800,1.549505,1.552555,1.53763,1.54264
1326060000,1.54242,1.546995,1.53962,1.545795
1326146400,1.545795,1.550065,1.544675,1.548445
1326232800,1.548445,1.549215,1.53095,1.532895
1326319200,1.532895,1.536785,1.527975,1.533195
1326405600,1.533195,1.54089,1.52335,1.53178
1326664800,1.52808,1.53528,1.52788,1.53251
1326751200,1.53251,1.54042,1.53115,1.533455
1326837600,1.533455,1.544225,1.532775,1.543845
1326924000,1.543845,1.549255,1.541575,1.548715
1327010400,1.548715,1.5578,1.545105,1.55754
1327269600,1.55552,1.560245,1.551695,1.556725
1327356000,1.556725,1.562655,1.55333,1.562585
1327442400,1.562585,1.56787,1.55341,1.565765
1327528800,1.565765,1.573515,1.565125,1.568965
1327615200,1.568965,1.57403,1.564205,1.5728
1327874400,1.57356,1.57356,1.565455,1.571075
1327960800,1.571075,1.579655,1.56989,1.575945
1328047200,1.575945,1.588295,1.570675,1.583305
1328133600,1.583305,1.585915,1.57956,1.580605
1328220000,1.580605,1.586055,1.57506,1.58142
1328479200,1.58086,1.584145,1.573035,1.582085
1328565600,1.582085,1.590515,1.578875,1.589605
1328652000,1.589605,1.592845,1.579785,1.581835
1328738400,1.581835,1.588565,1.579305,1.581785
1328824800,1.581785,1.584945,1.573075,1.57552
1329084000,1.57778,1.582735,1.57589,1.576685
1329170400,1.576685,1.577055,1.564495,1.569195
1329256800,1.569195,1.573645,1.567085,1.569315
1329343200,1.569315,1.581705,1.565555,1.580025
1329429600,1.580025,1.586115,1.578985,1.58276
1329688800,1.5846,1.588035,1.58298,1.585055
1329775200,1.585055,1.586505,1.577285,1.577865
1329861600,1.577865,1.581405,1.564905,1.566815
1329948000,1.566815,1.574735,1.565055,1.574465
1330034400,1.574465,1.58989,1.572165,1.58724
1330293600,1.58882,1.59023,1.581055,1.582335
1330380000,1.582335,1.590755,1.57998,1.590115
1330466400,1.590115,1.59924,1.58972,1.591365
1330552800,1.591365,1.597525,1.589695,1.595625
1330639200,1.595625,1.596665,1.58236,1.58352
1330898400,1.58393,1.58773,1.578625,1.586485
1330984800,1.586485,1.588235,1.569685,1.571635
1331071200,1.571635,1.575915,1.56981,1.574165
1331157600,1.574165,1.58336,1.572485,1.583105
1331244000,1.583105,1.583285,1.566255,1.56751
1331499600,1.5666,1.569555,1.56028,1.564125
1331586000,1.564125,1.574795,1.562115,1.570525
1331672400,1.570525,1.574385,1.564985,1.567555
1331758800,1.567555,1.573665,1.563435,1.571065
1331845200,1.571065,1.586145,1.569435,1.58443
1332104400,1.58415,1.591385,1.582165,1.589295
1332190800,1.589295,1.590055,1.583095,1.586315
1332277200,1.586315,1.592335,1.58176,1.587295
1332363600,1.587295,1.589255,1.5773,1.582015
1332450000,1.582015,1.590885,1.58063,1.58695
1332709200,1.58759,1.597355,1.580165,1.597095
1332795600,1.597095,1.600115,1.594285,1.595155
1332882000,1.595155,1.596415,1.58423,1.588835
1332968400,1.588835,1.595845,1.586075,1.595775
1333054800,1.595775,1.603725,1.59477,1.60142
1333314000,1.60245,1.606305,1.597945,1.602475
1333400400,1.602475,1.604685,1.589205,1.591315
1333486800,1.591315,1.591785,1.583315,1.588965
1333573200,1.588965,1.590845,1.580565,1.582835
1333659600,1.582835,1.58922,1.582315,1.58722
1333918800,1.58926,1.591455,1.583655,1.589215
1334005200,1.589215,1.593025,1.580925,1.586265
1334091600,1.586265,1.593825,1.585235,1.590655
1334178000,1.590655,1.598535,1.590365,1.595965
1334264400,1.595965,1.596985,1.584165,1.58478
1334523600,1.58525,1.59113,1.581955,1.590005
1334610000,1.590005,1.59704,1.586275,1.592415
1334696400,1.592415,1.604255,1.589535,1.602235
1334782800,1.602235,1.607795,1.600975,1.605225
1334869200,1.605225,1.61491,1.603905,1.61226
1335128400,1.61221,1.613435,1.607685,1.613125
1335214800,1.613125,1.616425,1.610965,1.614415
1335301200,1.614415,1.61823,1.608175,1.616275
1335387600,1.616275,1.620695,1.615875,1.618475
1335474000,1.618475,1.628045,1.615395,1.62643
1335733200,1.62729,1.630155,1.622185,1.623405
1335819600,1.623405,1.624745,1.618665,1.62205
1335906000,1.62205,1.623915,1.616085,1.620005
1335992400,1.620005,1.621565,1.615955,1.617775
1336078800,1.617775,1.620315,1.61414,1.61497
1336338000,1.61374,1.61973,1.611485,1.618985
1336424400,1.618985,1.61988,1.612475,1.615805
1336510800,1.615805,1.616215,1.606745,1.612815
1336597200,1.612815,1.618235,1.609185,1.614595
1336683600,1.614595,1.615405,1.606215,1.60693
1336942800,1.60669,1.612325,1.605165,1.609165
1337029200,1.609165,1.611415,1.598915,1.599335
1337115600,1.599335,1.599925,1.588965,1.591015
1337202000,1.591015,1.593275,1.578595,1.579585
1337288400,1.579585,1.58373,1.573265,1.58174
1337547600,1.57998,1.584105,1.577995,1.583525
1337634000,1.583525,1.584845,1.574165,1.576165
1337720400,1.576165,1.57716,1.56756,1.569245
1337806800,1.569245,1.572655,1.563835,1.566945
1337893200,1.566945,1.569955,1.56302,1.56654
1338152400,1.56922,1.571725,1.56732,1.568265
1338238800,1.568265,1.571645,1.560815,1.564105
1338325200,1.564105,1.564545,1.547545,1.547815
1338411600,1.547815,1.552645,1.536095,1.540565
1338498000,1.540565,1.543925,1.526895,1.53624
1338757200,1.53611,1.541535,1.534245,1.538345
1338843600,1.538345,1.540865,1.532175,1.538315
1338930000,1.538315,1.551545,1.537305,1.549645
1339016400,1.549645,1.560085,1.54299,1.552785
1339102800,1.552785,1.55365,1.5404,1.54712
1339362000,1.55126,1.558215,1.548355,1.548555
1339448400,1.548555,1.559055,1.54545,1.557135
1339534800,1.557135,1.559815,1.550525,1.550525
1339621200,1.550525,1.556385,1.547335,1.556265
1339707600,1.556265,1.57282,1.54764,1.57147
1339966800,1.57095,1.57427,1.563695,1.566625
1340053200,1.566625,1.57568,1.561525,1.572515
1340139600,1.572515,1.577735,1.565165,1.571745
1340226000,1.571745,1.57336,1.55781,1.559195
1340312400,1.559195,1.563435,1.555735,1.55872
1340571600,1.55684,1.55948,1.553915,1.557375
1340658000,1.557375,1.565095,1.556375,1.564245
1340744400,1.564245,1.564305,1.554585,1.556765
1340830800,1.556765,1.562385,1.54852,1.551835
1340917200,1.551835,1.57152,1.550795,1.5705
1341176400,1.5698,1.572175,1.564175,1.569135
1341262800,1.569135,1.571355,1.565805,1.568885
1341349200,1.568885,1.569315,1.55747,1.559135
1341435600,1.559135,1.562275,1.550005,1.552535
1341522000,1.552535,1.555095,1.546115,1.549
1341781200,1.54789,1.553465,1.547055,1.552685
1341867600,1.552685,1.554895,1.54791,1.552105
1341954000,1.552105,1.55785,1.54863,1.550135
1342040400,1.550135,1.55167,1.53936,1.542815
1342126800,1.542815,1.558035,1.541405,1.55754
1342386000,1.55794,1.56546,1.551745,1.563605
1342472400,1.563605,1.567855,1.55538,1.565235
1342558800,1.565235,1.566855,1.558185,1.565275
1342645200,1.565275,1.573755,1.563665,1.572465
1342731600,1.572465,1.572555,1.56121,1.56222
1342990800,1.56242,1.56259,1.548555,1.550755
1343077200,1.550755,1.555205,1.548685,1.550575
1343163600,1.550575,1.55518,1.545875,1.549935
1343250000,1.549935,1.572375,1.547135,1.568665
1343336400,1.568665,1.576785,1.566675,1.57489
1343595600,1.5738,1.57511,1.567285,1.571005
1343682000,1.571005,1.573055,1.562545,1.567765
1343768400,1.567765,1.569095,1.553045,1.553595
1343854800,1.553595,1.56797,1.549095,1.551505
1343941200,1.551505,1.565695,1.550545,1.56428
1344200400,1.56132,1.56657,1.554715,1.560355
1344286800,1.560355,1.568415,1.556405,1.562075
1344373200,1.562075,1.567705,1.557275,1.565645
1344459600,1.565645,1.568575,1.560555,1.563815
1344546000,1.563815,1.570145,1.557765,1.56887
1344805200,1.56727,1.571705,1.565725,1.568445
1344891600,1.568445,1.572835,1.567125,1.567705
1344978000,1.567705,1.57017,1.566065,1.568345
1345064400,1.568345,1.57442,1.563665,1.573295
1345150800,1.573295,1.573935,1.567475,1.56969
1345410000,1.57074,1.571735,1.567855,1.571155
1345496400,1.571155,1.58045,1.56997,1.57862
1345582800,1.57862,1.588175,1.576645,1.588075
1345669200,1.588075,1.591255,1.585765,1.586085
1345755600,1.586085,1.586955,1.5803,1.58114
1346014800,1.58199,1.582905,1.579175,1.579405
1346101200,1.579405,1.583625,1.575475,1.581905
1346187600,1.581905,1.585535,1.580315,1.583295
1346274000,1.583295,1.587465,1.57714,1.578545
1346360400,1.578545,1.589595,1.577835,1.5864
1346619600,1.588,1.589845,1.585045,1.588615
1346706000,1.588615,1.590955,1.585905,1.587055
1346792400,1.587055,1.593385,1.582625,1.590245
1346878800,1.590245,1.5943,1.58819,1.593205
1346965200,1.593205,1.60343,1.59227,1.60108
1347224400,1.601815,1.601985,1.59597,1.598925
1347310800,1.598925,1.60836,1.59829,1.607015
1347397200,1.607015,1.61314,1.606425,1.610715
1347483600,1.610715,1.617445,1.60761,1.615495
1347570000,1.615495,1.625595,1.614235,1.62157
1347829200,1.622215,1.62736,1.621095,1.625055
1347915600,1.625055,1.626705,1.622085,1.624455
1348002000,1.624455,1.627115,1.618515,1.622175
1348088400,1.622175,1.623625,1.616365,1.621495
1348174800,1.621495,1.630945,1.621315,1.62295
1348434000,1.6237,1.62511,1.61818,1.621855
1348520400,1.621855,1.626745,1.618245,1.618775
1348606800,1.618775,1.620915,1.613765,1.616555
1348693200,1.616555,1.624345,1.6161,1.623555
1348779600,1.623555,1.627285,1.61132,1.61669
1349038800,1.614715,1.617495,1.610925,1.613095
1349125200,1.613095,1.61871,1.612505,1.613325
1349211600,1.613325,1.614205,1.60675,1.607605
1349298000,1.607605,1.620225,1.607375,1.619175
1349384400,1.619175,1.621725,1.612275,1.6136
1349643600,1.61353,1.61425,1.602155,1.602685
1349730000,1.602685,1.60462,1.597645,1.600305
1349816400,1.600305,1.60344,1.597655,1.600585
1349902800,1.600585,1.60544,1.598455,1.604555
1349989200,1.604555,1.609745,1.601905,1.60729
1350248400,1.60786,1.608235,1.602135,1.607085
1350334800,1.607085,1.613245,1.606105,1.611075
1350421200,1.611075,1.61783,1.610905,1.614935
1350507600,1.614935,1.617085,1.604275,1.604415
1350594000,1.604415,1.606685,1.59972,1.60042
1350853200,1.601195,1.605235,1.59909,1.601505
1350939600,1.601505,1.602415,1.59136,1.595265
1351026000,1.595265,1.60482,1.593625,1.603755
1351112400,1.603755,1.614345,1.602685,1.611825
1351198800,1.611825,1.614115,1.608095,1.61032
1351458000,1.61064,1.61064,1.600685,1.603315
1351544400,1.603315,1.608575,1.602115,1.607345
1351630800,1.607345,1.613895,1.606845,1.612915
1351717200,1.612915,1.617495,1.612065,1.613045
1351803600,1.613045,1.613365,1.60081,1.60241
1352066400,1.60118,1.603945,1.595755,1.597925
1352152800,1.597925,1.600785,1.59647,1.599665
1352239200,1.599665,1.604235,1.595465,1.598495
1352325600,1.598495,1.600485,1.592955,1.598545
1352412000,1.598545,1.601915,1.588745,1.58969
1352671200,1.59037,1.591485,1.586445,1.587745
1352757600,1.587745,1.591555,1.58581,1.587155
1352844000,1.587155,1.590145,1.583885,1.584075
1352930400,1.584075,1.587945,1.58281,1.586715
1353016800,1.586715,1.59016,1.58362,1.58795
1353276000,1.5887,1.59235,1.58827,1.590855
1353362400,1.590855,1.593615,1.589185,1.592665
1353448800,1.592665,1.595635,1.588305,1.595275
1353535200,1.595275,1.597835,1.591975,1.593695
1353621600,1.593695,1.60513,1.592745,1.60287
1353880800,1.60327,1.60384,1.599695,1.602655
1353967200,1.602655,1.605655,1.600975,1.602135
1354053600,1.602135,1.602555,1.596235,1.601495
1354140000,1.601495,1.604815,1.600245,1.604055
1354226400,1.604055,1.606275,1.598925,1.60111
1354485600,1.60111,1.611575,1.60111,1.609155
1354572000,1.609155,1.613055,1.608685,1.610065
1354658400,1.610065,1.611875,1.60825,1.609715
1354744800,1.609715,1.612815,1.604,1.605055
1354831200,1.605055,1.606105,1.600245,1.60427
1355090400,1.60427,1.609655,1.601425,1.607495
1355176800,1.607495,1.61222,1.606925,1.611475
1355263200,1.611475,1.6172,1.60954,1.61491
1355349600,1.61491,1.61538,1.60847,1.61127
1355436000,1.61127,1.617805,1.6104,1.61747
1355695200,1.61678,1.621655,1.61578,1.620385
1355781600,1.620385,1.62694,1.61948,1.625235
1355868000,1.625235,1.630715,1.62435,1.62469
1355954400,1.62469,1.629625,1.623895,1.62786
1356040800,1.62786,1.62844,1.61526,1.617185
1356300000,1.61546,1.62065,1.610155,1.61336
1356472800,1.61336,1.617115,1.610875,1.613795
1356559200,1.613795,1.620315,1.606675,1.60992
1356645600,1.60992,1.6171,1.607895,1.616035
1356904800,1.61764,1.62745,1.61342,1.62418
1357077600,1.62418,1.63815,1.622585,1.625545
1357164000,1.625545,1.62565,1.609185,1.61071
1357250400,1.61071,1.61093,1.60097,1.606895
1357509600,1.60757,1.611735,1.602155,1.61155
1357596000,1.61155,1.612905,1.60291,1.60556
1357682400,1.60556,1.607525,1.599275,1.60227
1357768800,1.60227,1.616815,1.60046,1.61677
1357855200,1.61677,1.617915,1.60888,1.61321
1358114400,1.613275,1.615505,1.60318,1.60782
1358200800,1.60782,1.61009,1.60332,1.606465
1358287200,1.606465,1.608065,1.59758,1.600685
1358373600,1.600685,1.603915,1.59555,1.599335
1358460000,1.599335,1.600635,1.58538,1.58715
1358719200,1.58501,1.589355,1.580615,1.583025
1358805600,1.583025,1.588355,1.580915,1.58393
1358892000,1.58393,1.589255,1.5802,1.58454
1358978400,1.58454,1.585195,1.575655,1.579045
1359064800,1.579045,1.582725,1.57461,1.58
1359324000,1.57622,1.578675,1.56747,1.56953
1359410400,1.56953,1.57734,1.56864,1.576315
1359496800,1.576315,1.58169,1.572565,1.580025
1359583200,1.580025,1.58749,1.577525,1.5857
1359669600,1.5857,1.58784,1.56902,1.56925
1359928800,1.569355,1.57722,1.569175,1.576065
1360015200,1.576065,1.58045,1.56306,1.565885
1360101600,1.565885,1.567835,1.563185,1.566155
1360188000,1.566155,1.5769,1.56459,1.57154
1360274400,1.57154,1.584455,1.570525,1.580095
1360533600,1.580095,1.581015,1.565295,1.56591
1360620000,1.56591,1.567105,1.55723,1.5663
1360706400,1.5663,1.568925,1.55238,1.554175
1360792800,1.554175,1.55431,1.54752,1.54946
1360879200,1.54946,1.55501,1.5462,1.551775
1361138400,1.551775,1.551775,1.5438,1.54656
1361224800,1.54656,1.550455,1.541485,1.542495
1361311200,1.542495,1.54514,1.51927,1.523405
1361397600,1.523405,1.52735,1.513205,1.52541
1361484000,1.52541,1.53217,1.51624,1.516245
1361743200,1.516245,1.51994,1.50755,1.516365
1361829600,1.516365,1.521945,1.51132,1.51246
1361916000,1.51246,1.518835,1.5081,1.515925
1362002400,1.515925,1.52225,1.51489,1.516345
1362088800,1.516345,1.518585,1.49857,1.50386
1362348000,1.50386,1.511735,1.499965,1.51153
1362434400,1.51153,1.519865,1.509435,1.51266
1362520800,1.51266,1.51552,1.501625,1.50179
1362607200,1.50179,1.508285,1.496735,1.501415
1362693600,1.501415,1.504735,1.488555,1.492635
1362949200,1.492635,1.494355,1.486605,1.491505
1363035600,1.491505,1.49196,1.48316,1.490375
1363122000,1.490375,1.49817,1.48931,1.49229
1363208400,1.49229,1.51195,1.49126,1.50827
1363294800,1.50827,1.517655,1.506895,1.511505
1363554000,1.511505,1.514385,1.507255,1.510615
1363640400,1.510615,1.514455,1.507345,1.509955
1363726800,1.509955,1.51864,1.5027,1.50983
1363813200,1.50983,1.520965,1.508885,1.517215
1363899600,1.517215,1.52486,1.516625,1.52298
1364158800,1.52298,1.526095,1.514315,1.517455
1364245200,1.517455,1.520725,1.513555,1.51595
1364331600,1.51595,1.518135,1.509295,1.513
1364418000,1.513,1.5201,1.511225,1.519315
1364504400,1.519315,1.52199,1.517845,1.51993
1364763600,1.51993,1.52421,1.517835,1.522925
1364850000,1.522925,1.525865,1.509935,1.510345
1364936400,1.510345,1.51585,1.50758,1.51298
1365022800,1.51298,1.524555,1.503375,1.52341
1365109200,1.52341,1.536345,1.519945,1.53348
1365368400,1.53348,1.535095,1.52389,1.52557
1365454800,1.52557,1.534175,1.52505,1.53228
1365541200,1.53228,1.53433,1.529295,1.53325
1365627600,1.53325,1.541165,1.53189,1.538555
1365714000,1.538555,1.54097,1.53411,1.534265
1365973200,1.534265,1.538485,1.527015,1.52846
1366059600,1.52846,1.53791,1.52731,1.5362
1366146000,1.5362,1.53723,1.521695,1.523835
1366232400,1.523835,1.531285,1.521835,1.52789
1366318800,1.52789,1.53681,1.522445,1.523185
1366578000,1.523185,1.52927,1.52043,1.52899
1366664400,1.52899,1.529815,1.51972,1.523995
1366750800,1.523995,1.528745,1.522685,1.526615
1366837200,1.526615,1.54803,1.526545,1.543425
1366923600,1.543425,1.5499,1.54189,1.54757
1367182800,1.54757,1.554605,1.54757,1.55001
1367269200,1.55001,1.55683,1.546835,1.55319
1367355600,1.55319,1.56066,1.552695,1.55553
1367442000,1.55553,1.55907,1.54967,1.553425
1367528400,1.553425,1.56024,1.54808,1.557365
1367787600,1.557365,1.559825,1.55207,1.554005
1367874000,1.554005,1.55523,1.54463,1.548435
1367960400,1.548435,1.55917,1.547105,1.55342
1368046800,1.55342,1.5588,1.5426,1.54492
1368133200,1.54492,1.54576,1.53142,1.53616
1368392400,1.53616,1.538485,1.52778,1.52993
1368478800,1.52993,1.533105,1.520765,1.52088
1368565200,1.52088,1.527275,1.517375,1.523435
1368651600,1.523435,1.53224,1.519745,1.52696
1368738000,1.52696,1.52858,1.515825,1.516905
1368997200,1.516905,1.528135,1.516615,1.525565
1369083600,1.525565,1.527705,1.51128,1.51539
1369170000,1.51539,1.51743,1.50197,1.50494
1369256400,1.50494,1.512845,1.501405,1.51073
1369342800,1.51073,1.51426,1.506445,1.51252
1369602000,1.51252,1.515655,1.50874,1.509995
1369688400,1.509995,1.513505,1.50275,1.503965
1369774800,1.503965,1.514615,1.50085,1.51311
1369861200,1.51311,1.523705,1.511065,1.52323
1369947600,1.52323,1.524025,1.514065,1.519855
1370206800,1.519855,1.53762,1.51928,1.53219
1370293200,1.53219,1.534305,1.527365,1.531215
1370379600,1.531215,1.54091,1.52914,1.540565
1370466000,1.540565,1.568445,1.538185,1.56006
1370552400,1.56006,1.561815,1.548855,1.555735
1370811600,1.555735,1.558655,1.549495,1.55727
1370898000,1.55727,1.5653,1.5521,1.56457
1370984400,1.56457,1.57002,1.56337,1.56804
1371070800,1.56804,1.5738,1.564485,1.57202
1371157200,1.57202,1.57245,1.56164,1.5707
1371416400,1.5707,1.57515,1.568105,1.57215
1371502800,1.57215,1.5724,1.55655,1.564245
1371589200,1.564245,1.567695,1.54498,1.54836
1371675600,1.54836,1.55168,1.54151,1.55087
1371762000,1.55087,1.55306,1.53684,1.54197
1372021200,1.54197,1.546515,1.534375,1.54329
1372107600,1.54329,1.54776,1.53977,1.542195
1372194000,1.542195,1.54405,1.529795,1.5314
1372280400,1.5314,1.534615,1.52018,1.52593
1372366800,1.52593,1.52791,1.516585,1.52122
1372626000,1.52122,1.524895,1.51837,1.521695
1372712400,1.521695,1.523825,1.513655,1.51563
1372798800,1.51563,1.530485,1.51302,1.52819
1372885200,1.52819,1.528835,1.505575,1.50722
1372971600,1.50722,1.50789,1.48581,1.488665
1373230800,1.488665,1.49664,1.485875,1.495035
1373317200,1.495035,1.49809,1.481355,1.486675
1373403600,1.486675,1.50178,1.484535,1.50142
1373490000,1.50142,1.522225,1.499815,1.51841
1373576400,1.51841,1.518885,1.50767,1.5108
1373835600,1.5108,1.51308,1.502795,1.509985
1373922000,1.509985,1.516905,1.504495,1.515955
1374008400,1.515955,1.526785,1.50792,1.52125
1374094800,1.52125,1.524185,1.515815,1.52263
1374181200,1.52263,1.52825,1.519715,1.52663
1374440400,1.52663,1.538445,1.52587,1.53601
1374526800,1.53601,1.539205,1.532655,1.53683
1374613200,1.53683,1.539,1.52894,1.531445
1374699600,1.531445,1.54351,1.526325,1.539005
1374786000,1.539005,1.541675,1.535605,1.53832
1375045200,1.53832,1.54138,1.532875,1.533885
1375131600,1.533885,1.535395,1.522395,1.52379
1375218000,1.52379,1.52543,1.51258,1.520695
1375304400,1.520695,1.52425,1.51108,1.51198
1375390800,1.51198,1.53089,1.51025,1.52904
1375650000,1.52904,1.537845,1.525935,1.53555
1375736400,1.53555,1.539165,1.5332,1.534845
1375822800,1.534845,1.55315,1.520605,1.54888
1375909200,1.54888,1.557435,1.54852,1.553865
1375995600,1.553865,1.55586,1.549705,1.549995
1376254800,1.549995,1.552205,1.545905,1.546105
1376341200,1.546105,1.551225,1.542735,1.544855
1376427600,1.544855,1.554695,1.542245,1.550005
1376514000,1.550005,1.56523,1.549675,1.564135
1376600400,1.564135,1.565735,1.56079,1.562625
1376859600,1.562625,1.56733,1.56096,1.564795
1376946000,1.564795,1.56959,1.562885,1.56677
1377032400,1.56677,1.57178,1.563785,1.56632
1377118800,1.56632,1.56676,1.556305,1.55885
1377205200,1.55885,1.56368,1.5539,1.556845
1377464400,1.556845,1.561225,1.555695,1.557615
1377550800,1.557615,1.55925,1.54818,1.554655
1377637200,1.554655,1.55535,1.54282,1.552625
1377723600,1.552625,1.554835,1.54828,1.55042
1377810000,1.55042,1.552805,1.54627,1.55038
1378069200,1.55038,1.55938,1.55038,1.554395
1378155600,1.554395,1.56043,1.55222,1.5558
1378242000,1.5558,1.564735,1.555605,1.562585
1378328400,1.562585,1.566705,1.55729,1.559005
1378414800,1.559005,1.56816,1.556485,1.56332
1378674000,1.56332,1.57327,1.56179,1.56958
1378760400,1.56958,1.57443,1.5686,1.57341
1378846800,1.57341,1.582935,1.571895,1.581855
1378933200,1.581855,1.58398,1.57763,1.580525
1379019600,1.580525,1.58851,1.577655,1.58752
1379278800,1.58752,1.59632,1.58752,1.589605
1379365200,1.589605,1.59366,1.588585,1.590385
1379451600,1.590385,1.61632,1.58925,1.61459
1379538000,1.61459,1.615135,1.602285,1.60322
1379624400,1.60322,1.60668,1.598655,1.600635
1379883600,1.600635,1.60727,1.599425,1.604265
1379970000,1.604265,1.604485,1.595555,1.600405
1380056400,1.600405,1.60881,1.59797,1.608055
1380142800,1.608055,1.6096,1.59996,1.604125
1380229200,1.604125,1.614685,1.603015,1.61392
1380488400,1.61392,1.620265,1.61284,1.618555
1380574800,1.618555,1.626045,1.618235,1.61953
1380661200,1.61953,1.625105,1.616275,1.622305
1380747600,1.622305,1.624125,1.61548,1.61558
1380834000,1.61558,1.617795,1.600665,1.600985
1381093200,1.600985,1.610015,1.600985,1.609665
1381179600,1.609665,1.612435,1.602015,1.60834
1381266000,1.60834,1.61219,1.59163,1.595395
1381352400,1.595395,1.5979,1.59139,1.596775
1381438800,1.596775,1.600195,1.592355,1.59559
1381698000,1.59559,1.601855,1.59547,1.5983
1381784400,1.5983,1.6011,1.591495,1.59979
1381870800,1.59979,1.60624,1.589445,1.59492
1381957200,1.59492,1.617235,1.59402,1.616495
1382043600,1.616495,1.622495,1.6142,1.616595
1382302800,1.616595,1.618105,1.613245,1.614655
1382389200,1.614655,1.624765,1.61158,1.623575
1382475600,1.623575,1.62568,1.611995,1.616335
1382562000,1.616335,1.622325,1.613805,1.62022
1382648400,1.62022,1.624765,1.61504,1.616665
1382907600,1.616665,1.62084,1.61246,1.61423
1382994000,1.61423,1.61452,1.602315,1.6047
1383080400,1.6047,1.60788,1.59987,1.603965
1383166800,1.603965,1.606855,1.600625,1.603855
1383253200,1.603855,1.60467,1.590895,1.59249
1383516000,1.59249,1.59787,1.590355,1.596805
1383602400,1.596805,1.606285,1.594835,1.604465
1383688800,1.604465,1.61179,1.60421,1.608
1383775200,1.608,1.611445,1.600965,1.60966
1383861600,1.60966,1.610555,1.59575,1.601565
1384120800,1.601565,1.602205,1.596585,1.59892
1384207200,1.59892,1.599225,1.58547,1.590475
1384293600,1.590475,1.606745,1.587845,1.60563
1384380000,1.60563,1.610155,1.598885,1.60651
1384466400,1.60651,1.61347,1.60486,1.61182
1384725600,1.61182,1.6149,1.608205,1.61096
1384812000,1.61096,1.613245,1.60599,1.61198
1384898400,1.61198,1.61781,1.608815,1.61046
1384984800,1.61046,1.6201,1.60724,1.619945
1385071200,1.619945,1.622655,1.617625,1.622555
1385330400,1.622555,1.624065,1.613315,1.615485
1385416800,1.615485,1.621955,1.613835,1.6216
1385503200,1.6216,1.633085,1.619775,1.628675
1385589600,1.628675,1.63578,1.6277,1.634375
1385676000,1.634375,1.638455,1.63145,1.636965
1385935200,1.636965,1.644305,1.634305,1.63569
1386021600,1.63569,1.643715,1.634695,1.63899
1386108000,1.63899,1.64044,1.63235,1.63836
1386194400,1.63836,1.640415,1.630065,1.63345
1386280800,1.63345,1.63931,1.62934,1.63503
1386540000,1.63503,1.643285,1.63233,1.64297
1386626400,1.64297,1.64671,1.6419,1.64447
1386712800,1.64447,1.645825,1.63393,1.637365
1386799200,1.637365,1.641865,1.632125,1.63498
1386885600,1.63498,1.636025,1.62626,1.63008
1387144800,1.63008,1.634935,1.628955,1.62978
1387231200,1.62978,1.63362,1.62176,1.626405
1387317600,1.626405,1.64843,1.6262,1.63895
1387404000,1.63895,1.639905,1.63356,1.636975
1387490400,1.636975,1.63949,1.631605,1.63345
1387749600,1.63345,1.637495,1.63247,1.635645
1387836000,1.635645,1.63816,1.63227,1.636975
1388008800,1.636975,1.643855,1.63462,1.640995
1388095200,1.640995,1.65779,1.640575,1.64835
1388354400,1.64835,1.653315,1.646005,1.650055
1388440800,1.650055,1.65784,1.647445,1.6566
1388613600,1.6566,1.660335,1.64105,1.645185
1388700000,1.645185,1.647435,1.639555,1.641945
1388959200,1.641945,1.64339,1.63373,1.64058
1389045600,1.64058,1.643865,1.63743,1.64021
1389132000,1.64021,1.647185,1.637655,1.644845
1389218400,1.644845,1.6498,1.64415,1.64811
1389304800,1.64811,1.65172,1.63822,1.64831
1389564000,1.64831,1.650795,1.634665,1.638305
1389650400,1.638305,1.64644,1.63674,1.64396
1389736800,1.64396,1.64441,1.632245,1.637125
1389823200,1.637125,1.638365,1.63144,1.635385
1389909600,1.635385,1.64588,1.630955,1.642305
1390168800,1.642305,1.64523,1.639545,1.642825
1390255200,1.642825,1.648595,1.639975,1.647645
1390341600,1.647645,1.658715,1.64504,1.6574
1390428000,1.6574,1.664375,1.655745,1.663725
1390514400,1.663725,1.666865,1.647915,1.648435
1390773600,1.648435,1.65885,1.647535,1.658445
1390860000,1.658445,1.662555,1.65359,1.657885
1390946400,1.657885,1.66067,1.652575,1.65631
1391032800,1.65631,1.65665,1.644435,1.64852
1391119200,1.64852,1.649825,1.642725,1.64412
1391378400,1.64412,1.64412,1.62903,1.630435
1391464800,1.630435,1.634475,1.62569,1.63255
1391551200,1.63255,1.634145,1.625205,1.630965
1391637600,1.630965,1.634875,1.627295,1.632195
1391724000,1.632195,1.64185,1.62992,1.64117
1391983200,1.64117,1.64276,1.63828,1.64026
1392069600,1.64026,1.64877,1.63932,1.64502
1392156000,1.64502,1.660005,1.64259,1.65952
1392242400,1.65952,1.66737,1.65948,1.665875
1392328800,1.665875,1.675585,1.66449,1.674725
1392588000,1.674725,1.68227,1.669575,1.67141
1392674400,1.67141,1.67417,1.66546,1.66839
1392760800,1.66839,1.673385,1.6637,1.66789
1392847200,1.66789,1.670065,1.66251,1.66509
1392933600,1.66509,1.672505,1.661195,1.661655
1393192800,1.661655,1.66792,1.65835,1.66531
1393279200,1.66531,1.67272,1.664155,1.66811
1393365600,1.66811,1.6703,1.662195,1.667215
1393452000,1.667215,1.669925,1.66163,1.66879
1393538400,1.66879,1.67689,1.66763,1.674385
1393797600,1.674385,1.67515,1.665335,1.66664
1393884000,1.66664,1.671685,1.66406,1.666415
1393970400,1.666415,1.67418,1.6657,1.67228
1394056800,1.67228,1.677795,1.66858,1.673955
1394143200,1.673955,1.678605,1.67065,1.67166
1394398800,1.67166,1.674125,1.66221,1.66456
1394485200,1.66456,1.665345,1.65968,1.6617
1394571600,1.6617,1.663585,1.656885,1.66177
1394658000,1.66177,1.671805,1.660665,1.662395
1394744400,1.662395,1.664935,1.658745,1.664865
1395003600,1.664865,1.66658,1.66051,1.663655
1395090000,1.663655,1.66475,1.654595,1.65922
1395176400,1.65922,1.665415,1.65081,1.65408
1395262800,1.65408,1.656835,1.64805,1.650415
1395349200,1.650415,1.652055,1.64754,1.648855
1395608400,1.648855,1.653635,1.646015,1.64979
1395694800,1.64979,1.65496,1.64809,1.652925
1395781200,1.652925,1.659725,1.65095,1.65847
1395867600,1.65847,1.66472,1.65555,1.661095
1395954000,1.661095,1.66519,1.659765,1.66394
1396213200,1.66394,1.66843,1.661185,1.666385
1396299600,1.666385,1.667475,1.661825,1.662905
1396386000,1.662905,1.66643,1.66207,1.662585
1396472400,1.662585,1.666095,1.65702,1.65977
1396558800,1.65977,1.660595,1.65526,1.65764
1396818000,1.65764,1.66242,1.65654,1.6606
1396904400,1.6606,1.67549,1.6606,1.674815
1396990800,1.674815,1.68004,1.67243,1.67927
1397077200,1.67927,1.68209,1.675395,1.6784
1397163600,1.6784,1.679125,1.671725,1.673015
1397422800,1.673015,1.67443,1.66966,1.672915
1397509200,1.672915,1.674905,1.66591,1.672895
1397595600,1.672895,1.6818,1.67199,1.67971
1397682000,1.67971,1.684225,1.678725,1.679475
1397768400,1.679475,1.680535,1.677445,1.67875
1398027600,1.67875,1.681925,1.678305,1.67915
1398114000,1.67915,1.683955,1.6786,1.682325
1398200400,1.682325,1.683595,1.676235,1.67814
1398286800,1.67814,1.68067,1.676545,1.680255
1398373200,1.680255,1.68303,1.679015,1.68033
1398632400,1.68033,1.685765,1.677795,1.68078
1398718800,1.68078,1.6847,1.679265,1.68271
1398805200,1.68271,1.690135,1.68067,1.68723
1398891600,1.68723,1.69233,1.68703,1.689235
1398978000,1.689235,1.68954,1.682195,1.687425
1399237200,1.687425,1.68869,1.68536,1.6866
1399323600,1.6866,1.69966,1.68651,1.697545
1399410000,1.697545,1.698645,1.69512,1.695295
1399496400,1.695295,1.697775,1.692395,1.693345
1399582800,1.693345,1.69388,1.68323,1.68535
1399842000,1.68535,1.690335,1.684295,1.686775
1399928400,1.686775,1.688355,1.68191,1.682545
1400014800,1.682545,1.68751,1.675335,1.676705
1400101200,1.676705,1.680675,1.67319,1.67895
1400187600,1.67895,1.68411,1.67839,1.681765
1400446800,1.681765,1.68453,1.68053,1.681385
1400533200,1.681385,1.68707,1.680205,1.683805
1400619600,1.683805,1.69228,1.68317,1.68988
1400706000,1.68988,1.691825,1.685145,1.687055
1400792400,1.687055,1.687535,1.68131,1.68344
1401051600,1.68344,1.68534,1.68227,1.684305
1401138000,1.684305,1.68822,1.678295,1.68108
1401224400,1.68108,1.68157,1.669765,1.671105
1401310800,1.671105,1.674095,1.669315,1.671635
1401397200,1.671635,1.677755,1.67135,1.675535
1401656400,1.675535,1.67706,1.672335,1.674565
1401742800,1.674565,1.678245,1.67306,1.67493
1401829200,1.67493,1.676825,1.66988,1.673755
1401915600,1.673755,1.68254,1.67223,1.68196
1402002000,1.68196,1.684495,1.678115,1.68022
1402261200,1.68022,1.683215,1.678395,1.680295
1402347600,1.680295,1.681765,1.674315,1.675655
1402434000,1.675655,1.68108,1.67381,1.6788
1402520400,1.6788,1.693135,1.678605,1.69283
1402606800,1.69283,1.699205,1.692215,1.696905
1402866000,1.696905,1.701105,1.69596,1.69839
1402952400,1.69839,1.69894,1.69374,1.69647
1403038800,1.69647,1.700365,1.69171,1.6993
1403125200,1.6993,1.706295,1.69773,1.70394
1403211600,1.70394,1.70607,1.70032,1.701245
1403470800,1.701245,1.704955,1.70019,1.702765
1403557200,1.702765,1.70323,1.696595,1.69857
1403643600,1.69857,1.700485,1.69526,1.698335
1403730000,1.698335,1.704025,1.69715,1.70269
1403816400,1.70269,1.70515,1.700705,1.70376
1404075600,1.70376,1.711515,1.700895,1.710585
1404162000,1.710585,1.71663,1.709605,1.71511
1404248400,1.71511,1.71829,1.71404,1.71653
1404334800,1.71653,1.71673,1.71015,1.71549
1404421200,1.71549,1.717965,1.713155,1.715965
1404680400,1.715965,1.7169,1.710865,1.71274
1404766800,1.71274,1.71477,1.708545,1.713125
1404853200,1.713125,1.716155,1.70942,1.71571
1404939600,1.71571,1.716825,1.710495,1.71318
1405026000,1.71318,1.7151,1.70895,1.71148
1405285200,1.71148,1.714385,1.707,1.70835
1405371600,1.70835,1.71922,1.705965,1.71443
1405458000,1.71443,1.71511,1.71116,1.71379
1405544400,1.71379,1.714385,1.70854,1.710095
1405630800,1.710095,1.71176,1.703655,1.70887
1405890000,1.70887,1.709945,1.705585,1.70752
1405976400,1.70752,1.70832,1.70417,1.70646
1406062800,1.70646,1.70953,1.70242,1.704365
1406149200,1.704365,1.705355,1.696625,1.69854
1406235600,1.69854,1.69981,1.696145,1.69762
1406494800,1.69762,1.70009,1.69726,1.698325
1406581200,1.698325,1.699515,1.693325,1.6944
1406667600,1.6944,1.695535,1.68896,1.69135
1406754000,1.69135,1.69268,1.685705,1.68853
1406840400,1.68853,1.68931,1.68108,1.68226
1407099600,1.68226,1.68638,1.6814,1.686335
1407186000,1.686335,1.688885,1.684515,1.68862
1407272400,1.68862,1.68862,1.68218,1.68537
1407358800,1.68537,1.686405,1.68235,1.683265
1407445200,1.683265,1.68343,1.6767,1.677525
1407704400,1.677525,1.67958,1.677055,1.678695
1407790800,1.678695,1.681585,1.67574,1.68119
1407877200,1.68119,1.68454,1.66854,1.668865
1407963600,1.668865,1.66971,1.665765,1.66866
1408050000,1.66866,1.670165,1.667655,1.66935
1408309200,1.66935,1.67378,1.66935,1.67283
1408395600,1.67283,1.67289,1.661155,1.66172
1408482000,1.66172,1.66828,1.659025,1.65952
1408568400,1.65952,1.66015,1.656395,1.65802
1408654800,1.65802,1.659695,1.65616,1.65729
1408914000,1.65729,1.659825,1.65361,1.65786
1409000400,1.65786,1.659535,1.65405,1.65405
1409086800,1.65405,1.660565,1.653675,1.657655
1409173200,1.657655,1.66137,1.65674,1.658555
1409259600,1.658555,1.661355,1.656285,1.65991
1409518800,1.65991,1.664405,1.658625,1.66077
1409605200,1.66077,1.661505,1.64682,1.646985
1409691600,1.646985,1.649775,1.643995,1.646145
1409778000,1.646145,1.646565,1.633175,1.633245
1409864400,1.633245,1.634035,1.62821,1.63268
1410123600,1.63268,1.63268,1.609865,1.61044
1410210000,1.61044,1.615695,1.605985,1.61062
1410296400,1.61062,1.62306,1.605215,1.62106
1410382800,1.62106,1.627085,1.618615,1.625635
1410469200,1.625635,1.62773,1.620435,1.62671
1410728400,1.62671,1.628,1.622085,1.623255
1410814800,1.623255,1.6312,1.616265,1.627695
1410901200,1.627695,1.63583,1.624885,1.6275
1410987600,1.6275,1.640925,1.62462,1.64
1411074000,1.64,1.652475,1.62846,1.628775
1411333200,1.628775,1.63679,1.628775,1.636135
1411419600,1.636135,1.641565,1.63027,1.63888
1411506000,1.63888,1.64138,1.632765,1.63396
1411592400,1.63396,1.634295,1.627645,1.63167
1411678800,1.63167,1.6333,1.623795,1.62507
1411938000,1.62507,1.627485,1.62101,1.62411
1412024400,1.62411,1.628725,1.61664,1.621235
1412110800,1.621235,1.625195,1.61598,1.618615
1412197200,1.618615,1.625015,1.61127,1.61445
1412283600,1.61445,1.6159,1.59519,1.59665
1412542800,1.59665,1.609935,1.59543,1.608325
1412629200,1.608325,1.612905,1.602645,1.609605
1412715600,1.609605,1.61818,1.60323,1.616855
1412802000,1.616855,1.622705,1.61047,1.61173
1412888400,1.61173,1.613555,1.60091,1.60769
1413147600,1.60769,1.612665,1.60511,1.608485
1413234000,1.608485,1.60983,1.589745,1.59045
1413320400,1.59045,1.60695,1.58747,1.601925
1413406800,1.601925,1.609705,1.594115,1.608965
1413493200,1.608965,1.612585,1.602935,1.60921
1413752400,1.60921,1.617945,1.607995,1.61637
1413838800,1.61637,1.618445,1.611015,1.611465
1413925200,1.611465,1.61311,1.601185,1.60505
1414011600,1.60505,1.606045,1.599485,1.60293
1414098000,1.60293,1.609855,1.60173,1.608955
1414357200,1.608955,1.6147,1.608185,1.612045
1414443600,1.612045,1.618275,1.608835,1.6132
1414530000,1.6132,1.616175,1.600285,1.601215
1414616400,1.601215,1.60387,1.59509,1.60022
1414702800,1.60022,1.60115,1.59426,1.59967
1414965600,1.59967,1.60282,1.59267,1.59718
1415052000,1.59718,1.60162,1.59652,1.60017
1415138400,1.60017,1.602175,1.586845,1.59757
1415224800,1.59757,1.60027,1.582445,1.583225
1415311200,1.583225,1.588705,1.579055,1.587295
1415570400,1.587295,1.59179,1.58414,1.58421
1415656800,1.58421,1.594485,1.583525,1.591845
1415743200,1.591845,1.594075,1.5776,1.577845
1415829600,1.577845,1.5781,1.56942,1.571045
1415916000,1.571045,1.5712,1.559305,1.56678
1416175200,1.56678,1.57361,1.562,1.56411
1416261600,1.56411,1.56788,1.56304,1.56327
1416348000,1.56327,1.572075,1.558995,1.56828
1416434400,1.56828,1.57378,1.5632,1.5692
1416520800,1.5692,1.5714,1.56263,1.56557
1416780000,1.56557,1.57146,1.56287,1.57057
1416866400,1.57057,1.57358,1.564875,1.57073
1416952800,1.57073,1.58065,1.567935,1.57922
1417039200,1.57922,1.582575,1.57166,1.57358
1417125600,1.57358,1.57398,1.56142,1.56485
1417384800,1.56485,1.576375,1.55856,1.57293
1417471200,1.57293,1.5743,1.563195,1.56377
1417557600,1.56377,1.57195,1.56196,1.568525
1417644000,1.568525,1.572575,1.564385,1.56735
1417730400,1.56735,1.56952,1.55687,1.55823
1417989600,1.55823,1.56789,1.554145,1.56529
1418076000,1.56529,1.571705,1.562615,1.56673
1418162400,1.56673,1.571895,1.56476,1.571525
1418248800,1.571525,1.57571,1.565265,1.573195
1418335200,1.573195,1.57466,1.569495,1.571465
1418594400,1.571465,1.574695,1.560155,1.563785
1418680800,1.563785,1.578645,1.561,1.575065
1418767200,1.575065,1.575515,1.554,1.557585
1418853600,1.557585,1.56772,1.554935,1.567105
1418940000,1.567105,1.56825,1.56055,1.562885
1419199200,1.562885,1.56655,1.55733,1.55895
1419285600,1.55895,1.560855,1.54863,1.552135
1419372000,1.552135,1.55612,1.550435,1.556025
1419544800,1.556025,1.55698,1.55372,1.555675
1419804000,1.555675,1.558625,1.55075,1.551765
1419890400,1.551765,1.55737,1.5501,1.55627
1419976800,1.55627,1.56201,1.554985,1.55774
1420149600,1.55774,1.55873,1.532725,1.53278
1420408800,1.53278,1.53278,1.51639,1.525055
1420495200,1.525055,1.52739,1.51417,1.51517
1420581600,1.51517,1.51558,1.505475,1.51118
1420668000,1.51118,1.51176,1.50345,1.50903
1420754400,1.50903,1.51774,1.507745,1.51576
1421013600,1.51576,1.51939,1.509895,1.517065
1421100000,1.517065,1.51921,1.50776,1.51603
1421186400,1.51603,1.52696,1.51456,1.523415
1421272800,1.523415,1.52671,1.514985,1.51845
1421359200,1.51845,1.52348,1.507505,1.51449
1421618400,1.51449,1.51794,1.51084,1.51118
1421704800,1.51118,1.519975,1.505735,1.5144
1421791200,1.5144,1.517995,1.507585,1.514355
1421877600,1.514355,1.521295,1.497255,1.50112
1421964000,1.50112,1.50363,1.495125,1.49896
1422223200,1.49896,1.510375,1.498755,1.50804
1422309600,1.50804,1.522365,1.50599,1.519755
1422396000,1.519755,1.52193,1.51312,1.51377
1422482400,1.51377,1.516255,1.50187,1.50675
1422568800,1.50675,1.50961,1.49895,1.5065
1422828000,1.5065,1.51028,1.5006,1.503845
1422914400,1.503845,1.519825,1.498885,1.5166
1423000800,1.5166,1.525105,1.513895,1.51818
1423087200,1.51818,1.53436,1.516705,1.532925
1423173600,1.532925,1.535225,1.521125,1.52427
1423432800,1.52427,1.526755,1.520085,1.521395
1423519200,1.521395,1.52756,1.51968,1.52542
1423605600,1.52542,1.52998,1.52192,1.52381
1423692000,1.52381,1.541515,1.52093,1.53847
1423778400,1.53847,1.542235,1.537125,1.53967
1424037600,1.53967,1.54406,1.533965,1.53627
1424124000,1.53627,1.540285,1.53163,1.535385
1424210400,1.535385,1.547995,1.53419,1.543595
1424296800,1.543595,1.54653,1.540405,1.541425
1424383200,1.541425,1.543405,1.53435,1.53983
1424642400,1.53983,1.547475,1.53326,1.54573
1424728800,1.54573,1.54744,1.540235,1.545595
1424815200,1.545595,1.553885,1.54471,1.552815
1424901600,1.552815,1.555225,1.539465,1.54069
1424988000,1.54069,1.54588,1.53844,1.5437
1425247200,1.5437,1.5437,1.535185,1.53642
1425333600,1.53642,1.539765,1.53449,1.53618
1425420000,1.53618,1.53721,1.525225,1.526535
1425506400,1.526535,1.526985,1.52154,1.523965
1425592800,1.523965,1.52565,1.50324,1.50386
1425848400,1.50386,1.513735,1.50331,1.5128
1425934800,1.5128,1.513095,1.502885,1.506965
1426021200,1.506965,1.509665,1.48934,1.49302
1426107600,1.49302,1.50272,1.48504,1.48826
1426194000,1.48826,1.489695,1.46993,1.47444
1426453200,1.47444,1.485375,1.47332,1.482835
1426539600,1.482835,1.484585,1.47242,1.474865
1426626000,1.474865,1.5169,1.4635,1.497815
1426712400,1.497815,1.501025,1.468855,1.475265
1426798800,1.475265,1.49892,1.472225,1.49546
1427058000,1.49546,1.499,1.483885,1.495245
1427144400,1.495245,1.49848,1.484305,1.48501
1427230800,1.48501,1.49546,1.483105,1.488065
1427317200,1.488065,1.499445,1.48069,1.484945
1427403600,1.484945,1.492225,1.479675,1.48777
1427662800,1.48777,1.490145,1.47528,1.481135
1427749200,1.481135,1.487175,1.475575,1.481665
1427835600,1.481665,1.487165,1.473955,1.482315
1427922000,1.482315,1.48686,1.47765,1.48281
1428008400,1.48281,1.494545,1.481025,1.49183
1428267600,1.49183,1.498135,1.4871,1.488165
1428354000,1.488165,1.49207,1.48032,1.48075
1428440400,1.48075,1.497275,1.48075,1.48668
1428526800,1.48668,1.48864,1.468445,1.47129
1428613200,1.47129,1.472505,1.45874,1.463175
1428872400,1.463175,1.468145,1.45659,1.467515
1428958800,1.467515,1.480165,1.46033,1.478225
1429045200,1.478225,1.48531,1.4701,1.484235
1429131600,1.484235,1.497015,1.48121,1.49344
1429218000,1.49344,1.50537,1.491625,1.49634
1429477200,1.49634,1.498405,1.48879,1.490705
1429563600,1.490705,1.49731,1.485645,1.49262
1429650000,1.49262,1.50797,1.49132,1.50373
1429736400,1.50373,1.50701,1.49597,1.5056
1429822800,1.5056,1.51876,1.502745,1.51876
1430082000,1.51876,1.526165,1.510695,1.52378
1430168400,1.52378,1.534305,1.51761,1.5339
1430254800,1.5339,1.54987,1.532805,1.54381
1430341200,1.54381,1.54922,1.530425,1.535245
1430427600,1.535245,1.53975,1.51146,1.51392
1430686800,1.51392,1.517525,1.509035,1.512005
1430773200,1.512005,1.521835,1.50894,1.51817
1430859600,1.51817,1.52914,1.51505,1.52449
1430946000,1.52449,1.527565,1.516385,1.524795
1431032400,1.524795,1.552285,1.524795,1.54426
1431291600,1.54426,1.56131,1.539335,1.55857
1431378000,1.55857,1.57107,1.555755,1.567045
1431464400,1.567045,1.57694,1.56337,1.574475
1431550800,1.574475,1.58152,1.57286,1.577515
1431637200,1.577515,1.580885,1.57017,1.57261
1431896400,1.57261,1.574555,1.563815,1.56526
1431982800,1.56526,1.56699,1.544665,1.550985
1432069200,1.550985,1.55879,1.54726,1.553525
1432155600,1.553525,1.569965,1.552565,1.566125
1432242000,1.566125,1.568995,1.546045,1.54893
1432501200,1.54893,1.55079,1.54569,1.547025
1432587600,1.547025,1.54753,1.53543,1.53838
1432674000,1.53838,1.543745,1.530165,1.5354
1432760400,1.5354,1.538545,1.52607,1.53137
1432846800,1.53137,1.53425,1.52365,1.52935
1433106000,1.52935,1.530465,1.517045,1.520145
1433192400,1.520145,1.53672,1.517995,1.534375
1433278800,1.534375,1.537525,1.52514,1.533995
1433365200,1.533995,1.54412,1.530405,1.53659
1433451600,1.53659,1.53701,1.51904,1.526855
1433710800,1.526855,1.5364,1.52214,1.53492
1433797200,1.53492,1.538935,1.525775,1.53853
1433883600,1.53853,1.55541,1.536905,1.55299
1433970000,1.55299,1.55341,1.542205,1.551695
1434056400,1.551695,1.55979,1.546715,1.55614
1434315600,1.55614,1.56142,1.548785,1.560115
1434402000,1.560115,1.565415,1.55424,1.56491
1434488400,1.56491,1.58471,1.562595,1.583265
1434574800,1.583265,1.592995,1.58061,1.588005
1434661200,1.588005,1.589675,1.58357,1.5878
1434920400,1.5878,1.59099,1.58057,1.58244
1435006800,1.58244,1.583135,1.5709,1.572845
1435093200,1.572845,1.58027,1.566735,1.57058
1435179600,1.57058,1.57705,1.567675,1.574535
1435266000,1.574535,1.57671,1.570865,1.57469
1435525200,1.57469,1.578935,1.566595,1.573765
1435611600,1.573765,1.57758,1.56928,1.57076
1435698000,1.57076,1.57343,1.558855,1.56165
1435784400,1.56165,1.56398,1.556485,1.560905
1435870800,1.560905,1.56441,1.55597,1.55702
1436130000,1.55702,1.562865,1.55326,1.56052
1436216400,1.56052,1.56091,1.541365,1.54619
1436302800,1.54619,1.546715,1.53306,1.536085
1436389200,1.536085,1.542065,1.5344,1.53802
1436475600,1.53802,1.55513,1.536435,1.55177
1436734800,1.55177,1.558895,1.54815,1.548665
1436821200,1.548665,1.563905,1.545095,1.563645
1436907600,1.563645,1.567565,1.5577,1.564045
1436994000,1.564045,1.565035,1.55604,1.56106
1437080400,1.56106,1.56729,1.555415,1.560355
1437339600,1.560355,1.56277,1.55382,1.556345
1437426000,1.556345,1.559055,1.55291,1.555625
1437512400,1.555625,1.564845,1.555,1.561405
1437598800,1.561405,1.567085,1.55016,1.551385
1437685200,1.551385,1.552645,1.54673,1.55117
1437944400,1.55117,1.55954,1.54908,1.55592
1438030800,1.55592,1.56278,1.55282,1.561195
1438117200,1.561195,1.568985,1.5588,1.560415
1438203600,1.560415,1.56445,1.55629,1.56017
1438290000,1.56017,1.56785,1.554935,1.56212
1438549200,1.56212,1.564515,1.55656,1.55863
1438635600,1.55863,1.563425,1.55578,1.55639
1438722000,1.55639,1.56526,1.552625,1.56029
1438808400,1.56029,1.56374,1.546785,1.55121
1438894800,1.55121,1.55465,1.542495,1.549285
1439154000,1.549285,1.56067,1.54585,1.55922
1439240400,1.55922,1.561675,1.555555,1.557235
1439326800,1.557235,1.566,1.553455,1.56126
1439413200,1.56126,1.563685,1.55732,1.561045
1439499600,1.561045,1.566035,1.558875,1.56428
1439758800,1.56428,1.56883,1.557925,1.558645
1439845200,1.558645,1.57176,1.556235,1.566015
1439931600,1.566015,1.57009,1.56355,1.568005
1440018000,1.568005,1.57018,1.560615,1.56891
1440104400,1.56891,1.572325,1.565825,1.56943
1440363600,1.56943,1.580365,1.563055,1.577705
1440450000,1.577705,1.581845,1.56814,1.568645
1440536400,1.568645,1.572025,1.545315,1.54633
1440622800,1.54633,1.550905,1.53702,1.540215
1440709200,1.540215,1.544335,1.53354,1.53912
1440968400,1.53912,1.54372,1.53393,1.534415
1441054800,1.534415,1.54085,1.53001,1.53051
1441141200,1.53051,1.532575,1.526455,1.52987
1441227600,1.52987,1.53133,1.521945,1.52579
1441314000,1.52579,1.52773,1.516445,1.51721
1441573200,1.51721,1.52889,1.51715,1.52772
1441659600,1.52772,1.54125,1.52706,1.539625
1441746000,1.539625,1.54046,1.534985,1.5368
1441832400,1.5368,1.5476,1.533885,1.54446
1441918800,1.54446,1.546225,1.540015,1.542935
1442178000,1.542935,1.54711,1.53728,1.542745
1442264400,1.542745,1.545755,1.53299,1.53436
1442350800,1.53436,1.55284,1.53304,1.54936
1442437200,1.54936,1.562815,1.54863,1.558985
1442523600,1.558985,1.565865,1.551465,1.553005
1442782800,1.553005,1.55681,1.548095,1.55077
1442869200,1.55077,1.552925,1.534075,1.53651
1442955600,1.53651,1.53681,1.52209,1.52446
1443042000,1.52446,1.52893,1.520075,1.52431
1443128400,1.52431,1.526085,1.51356,1.5179
1443387600,1.5179,1.52415,1.51575,1.517285
1443474000,1.517285,1.52053,1.51288,1.51505
1443560400,1.51505,1.521405,1.510795,1.512875
1443646800,1.512875,1.518065,1.51075,1.51303
1443733200,1.51303,1.52377,1.512845,1.51785
1443992400,1.51785,1.52445,1.51375,1.514605
1444078800,1.514605,1.52433,1.514015,1.522625
1444165200,1.522625,1.53396,1.52216,1.531915
1444251600,1.531915,1.53725,1.52615,1.534775
1444338000,1.534775,1.538355,1.530025,1.53185
1444597200,1.53185,1.53733,1.53138,1.534815
1444683600,1.534815,1.538765,1.52009,1.5248
1444770000,1.5248,1.549455,1.5248,1.54773
1444856400,1.54773,1.550885,1.54151,1.54621
1444942800,1.54621,1.548675,1.54306,1.543875
1445202000,1.543875,1.549685,1.54278,1.546485
1445288400,1.546485,1.55066,1.543575,1.54443
1445374800,1.54443,1.54773,1.54128,1.54199
1445461200,1.54199,1.5509,1.536955,1.53941
1445547600,1.53941,1.54192,1.530665,1.53152
1445806800,1.53152,1.538205,1.5306,1.535165
1445893200,1.535165,1.535935,1.52827,1.53003
1445979600,1.53003,1.5348,1.52489,1.52631
1446066000,1.52631,1.532175,1.524265,1.531015
1446152400,1.531015,1.546775,1.530765,1.54286
1446415200,1.54286,1.54984,1.54039,1.54171
1446501600,1.54171,1.54456,1.535965,1.5422
1446588000,1.5422,1.54455,1.5361,1.53848
1446674400,1.53848,1.540195,1.520565,1.520805
1446760800,1.520805,1.521945,1.50274,1.50494
1447020000,1.50494,1.51284,1.50423,1.51149
1447106400,1.51149,1.51456,1.50919,1.511905
1447192800,1.511905,1.522075,1.511745,1.52131
1447279200,1.52131,1.524665,1.51744,1.523265
1447365600,1.523265,1.526485,1.51875,1.52374
1447624800,1.52374,1.52374,1.51816,1.520255
1447711200,1.520255,1.52388,1.515455,1.52122
1447797600,1.52122,1.52489,1.51883,1.52362
1447884000,1.52362,1.533585,1.52283,1.529165
1447970400,1.529165,1.530985,1.51834,1.51906
1448229600,1.51906,1.519705,1.51093,1.512335
1448316000,1.512335,1.515565,1.505375,1.5083
1448402400,1.5083,1.513625,1.50562,1.51292
1448488800,1.51292,1.51304,1.50661,1.510145
1448575200,1.510145,1.51099,1.50307,1.50361
1448834400,1.50361,1.50687,1.49939,1.505585
1448920800,1.505585,1.51258,1.505025,1.508195
1449007200,1.508195,1.50825,1.489515,1.495135
1449093600,1.495135,1.515895,1.49043,1.51443
1449180000,1.51443,1.515695,1.507815,1.51098
1449439200,1.51098,1.51157,1.504505,1.50558
1449525600,1.50558,1.506135,1.49568,1.500825
1449612000,1.500825,1.51919,1.50047,1.5181
1449698400,1.5181,1.52023,1.511135,1.51608
1449784800,1.51608,1.524005,1.51254,1.52283
1450044000,1.52283,1.523225,1.510775,1.514225
1450130400,1.514225,1.51862,1.502965,1.503885
1450216800,1.503885,1.509935,1.495945,1.5003
1450303200,1.5003,1.50105,1.48651,1.49022
1450389600,1.49022,1.495,1.488605,1.4897
1450648800,1.4897,1.49297,1.487765,1.48858
1450735200,1.48858,1.490795,1.480575,1.48278
1450821600,1.48278,1.49007,1.481995,1.48701
1450908000,1.48701,1.494485,1.48656,1.492145
1451253600,1.492145,1.493505,1.487425,1.48794
1451340000,1.48794,1.491375,1.47856,1.481695
1451426400,1.481695,1.48489,1.47933,1.481645
1451512800,1.481645,1.48447,1.473255,1.473865
1451858400,1.473865,1.481685,1.466325,1.471625
1451944800,1.471625,1.47258,1.463805,1.467485
1452031200,1.467485,1.4682,1.460235,1.46303
1452117600,1.46303,1.464095,1.453355,1.461765
1452204000,1.461765,1.464525,1.45064,1.45176
1452463200,1.45176,1.46048,1.44941,1.454275
1452549600,1.454275,1.456035,1.435215,1.444735
1452636000,1.444735,1.447615,1.43797,1.4407
1452722400,1.4407,1.44452,1.43604,1.44132
1452808800,1.44132,1.442765,1.425215,1.42577
1453068000,1.42577,1.43236,1.423705,1.424295
1453154400,1.424295,1.434065,1.412935,1.415725
1453240800,1.415725,1.421935,1.41254,1.41917
1453327200,1.41917,1.42491,1.407935,1.422105
1453413600,1.422105,1.43631,1.42051,1.42634
1453672800,1.42634,1.430995,1.4224,1.42481
1453759200,1.42481,1.436735,1.41735,1.434885
1453845600,1.434885,1.435515,1.423025,1.42332
1453932000,1.42332,1.44076,1.42332,1.436085
1454018400,1.436085,1.441345,1.41494,1.42435
1454277600,1.42435,1.44449,1.422905,1.44333
1454364000,1.44333,1.44462,1.432705,1.44093
1454450400,1.44093,1.464945,1.43839,1.4602
1454536800,1.4602,1.46687,1.452965,1.458955
1454623200,1.458955,1.45919,1.44524,1.45018
1454882400,1.45018,1.45471,1.435145,1.443225
1454968800,1.443225,1.451595,1.43785,1.44718
1455055200,1.44718,1.45784,1.4444,1.45228
1455141600,1.45228,1.456395,1.438335,1.447665
1455228000,1.447665,1.457055,1.44433,1.45049
1455487200,1.45049,1.453565,1.441355,1.44353
1455573600,1.44353,1.451625,1.427595,1.43054
1455660000,1.43054,1.43393,1.42354,1.42926
1455746400,1.42926,1.43944,1.42571,1.43426
1455832800,1.43426,1.44092,1.424715,1.44005
1456092000,1.44005,1.44005,1.405765,1.414995
1456178400,1.414995,1.415675,1.400805,1.402125
1456264800,1.402125,1.40286,1.38786,1.392505
1456351200,1.392505,1.399655,1.39,1.39618
1456437600,1.39618,1.404265,1.385385,1.38714
1456696800,1.38714,1.394655,1.38359,1.391675
1456783200,1.391675,1.40187,1.390425,1.394985
1456869600,1.394985,1.40935,1.391435,1.40794
1456956000,1.40794,1.419435,1.40331,1.417435
1457042400,1.417435,1.424875,1.410815,1.42267
1457301600,1.42267,1.428385,1.41342,1.42639
1457388000,1.42639,1.427565,1.41736,1.42167
1457474400,1.42167,1.424085,1.41777,1.421625
1457560800,1.421625,1.43168,1.41184,1.428075
1457647200,1.428075,1.44365,1.425475,1.43817
1457902800,1.43817,1.439,1.429255,1.430225
1457989200,1.430225,1.43062,1.4139,1.415075
1458075600,1.415075,1.42742,1.405315,1.426265
1458162000,1.426265,1.45034,1.42216,1.44826
1458248400,1.44826,1.45142,1.441055,1.44768
1458507600,1.44768,1.44768,1.43653,1.43692
1458594000,1.43692,1.439795,1.419045,1.42083
1458680400,1.42083,1.42279,1.40817,1.411675
1458766800,1.411675,1.418305,1.40573,1.415165
1458853200,1.415165,1.41583,1.411025,1.4133
1459112400,1.4133,1.428335,1.41208,1.425355
1459198800,1.425355,1.44042,1.41948,1.438475
1459285200,1.438475,1.445935,1.43613,1.43788
1459371600,1.43788,1.442645,1.43262,1.43607
1459458000,1.43607,1.437175,1.417125,1.42277
1459717200,1.42277,1.432205,1.41911,1.42637
1459803600,1.42637,1.42792,1.41218,1.41605
1459890000,1.41605,1.41713,1.400535,1.41237
1459976400,1.41237,1.415725,1.404845,1.405655
1460062800,1.405655,1.41413,1.404065,1.41253
1460322000,1.41253,1.42872,1.410735,1.42374
1460408400,1.42374,1.4348,1.41968,1.427445
1460494800,1.427445,1.427935,1.41932,1.420465
1460581200,1.420465,1.420875,1.409075,1.41556
1460667600,1.41556,1.424215,1.413305,1.4203
1460926800,1.4203,1.4291,1.41314,1.427775
1461013200,1.427775,1.44191,1.427095,1.43979
1461099600,1.43979,1.441085,1.43302,1.43316
1461186000,1.43316,1.444065,1.42996,1.432265
1461272400,1.432265,1.445225,1.431405,1.44037
1461531600,1.44037,1.451975,1.440315,1.44829
1461618000,1.44829,1.46391,1.447955,1.45817
1461704400,1.45817,1.462245,1.447455,1.4543
1461790800,1.4543,1.46233,1.45239,1.460905
1461877200,1.460905,1.467075,1.4577,1.46124
1462136400,1.46124,1.469655,1.45868,1.467355
1462222800,1.467355,1.476975,1.452955,1.453455
1462309200,1.453455,1.45717,1.446185,1.44959
1462395600,1.44959,1.452945,1.444415,1.44851
1462482000,1.44851,1.4545,1.44152,1.44279
1462741200,1.44279,1.447975,1.43748,1.440745
1462827600,1.440745,1.44784,1.43892,1.444295
1462914000,1.444295,1.44887,1.439495,1.444815
1463000400,1.444815,1.453095,1.440635,1.44508
1463086800,1.44508,1.44567,1.43405,1.43597
1463346000,1.43597,1.441505,1.43327,1.44017
1463432400,1.44017,1.452445,1.439775,1.446355
1463518800,1.446355,1.46349,1.44038,1.459965
1463605200,1.459965,1.466395,1.45619,1.46114
1463691600,1.46114,1.46132,1.44859,1.45011
1463950800,1.45011,1.45492,1.44424,1.448435
1464037200,1.448435,1.464215,1.4475,1.46349
1464123600,1.46349,1.472935,1.460105,1.469665
1464210000,1.469665,1.473955,1.46405,1.46698
1464296400,1.46698,1.468915,1.46052,1.46213
1464555600,1.46213,1.46422,1.458795,1.46394
1464642000,1.46394,1.4725,1.446485,1.448285
1464728400,1.448285,1.4508,1.438625,1.441455
1464814800,1.441455,1.44731,1.44065,1.442385
1464901200,1.442385,1.458165,1.43993,1.45179
1465160400,1.45179,1.45179,1.43532,1.444285
1465246800,1.444285,1.46637,1.443935,1.45444
1465333200,1.45444,1.46006,1.45006,1.45035
1465419600,1.45035,1.45272,1.444695,1.44587
1465506000,1.44587,1.447305,1.41801,1.42571
1465765200,1.42571,1.432965,1.411565,1.427195
1465851600,1.427195,1.427195,1.409095,1.41151
1465938000,1.41151,1.421905,1.40944,1.420465
1466024400,1.420465,1.425415,1.40128,1.42017
1466110800,1.42017,1.438765,1.41988,1.43577
1466370000,1.43577,1.47199,1.43577,1.46962
1466456400,1.46962,1.47843,1.46164,1.465085
1466542800,1.465085,1.477455,1.46418,1.47078
1466629200,1.47078,1.49474,1.47078,1.48786
1466715600,1.48786,1.501905,1.322885,1.36767
1466974800,1.36767,1.36767,1.31202,1.32268
1467061200,1.32268,1.341985,1.320405,1.334375
1467147600,1.334375,1.353385,1.3288,1.342675
1467234000,1.342675,1.349665,1.320625,1.331105
1467320400,1.331105,1.33495,1.32448,1.326745
1467579600,1.326745,1.33418,1.324035,1.328775
1467666000,1.328775,1.329165,1.300045,1.302245
1467752400,1.302245,1.30283,1.27959,1.29312
1467838800,1.29312,1.30478,1.28768,1.29086
1467925200,1.29086,1.301965,1.288085,1.29519
1468184400,1.29519,1.30188,1.285055,1.299975
1468270800,1.299975,1.32954,1.297205,1.32473
1468357200,1.32473,1.33385,1.313385,1.314675
1468443600,1.314675,1.3477,1.31052,1.33432
1468530000,1.33432,1.348075,1.313235,1.3185
1468789200,1.3185,1.331495,1.3185,1.325515
1468875600,1.325515,1.327585,1.30745,1.31105
1468962000,1.31105,1.322755,1.3065,1.320945
1469048400,1.320945,1.327535,1.315605,1.32288
1469134800,1.32288,1.32917,1.307905,1.310735
1469394000,1.310735,1.31648,1.3095,1.31402
1469480400,1.31402,1.317675,1.305735,1.3129
1469566800,1.3129,1.32352,1.307205,1.32233
1469653200,1.32233,1.324895,1.31174,1.31627
1469739600,1.31627,1.330175,1.31486,1.32271
1469998800,1.32271,1.32725,1.316275,1.31795
1470085200,1.31795,1.33659,1.317185,1.33564
1470171600,1.33564,1.3372,1.328065,1.33254
1470258000,1.33254,1.33464,1.310295,1.31078
1470344400,1.31078,1.317535,1.30214,1.3072
1470603600,1.3072,1.309695,1.3028,1.30406
1470690000,1.30406,1.305,1.29558,1.30024
1470776400,1.30024,1.309445,1.299085,1.3011
1470862800,1.3011,1.302845,1.293585,1.295645
1470949200,1.295645,1.3035,1.29036,1.291945
1471208400,1.291945,1.29454,1.286605,1.288105
1471294800,1.288105,1.305115,1.28778,1.30457
1471381200,1.30457,1.30862,1.29776,1.304145
1471467600,1.304145,1.317295,1.303795,1.31681
1471554000,1.31681,1.318585,1.30233,1.30757
1471813200,1.30757,1.31571,1.30344,1.31369
1471899600,1.31369,1.32107,1.31288,1.319795
1471986000,1.319795,1.327305,1.31616,1.323195
1472072400,1.323195,1.326405,1.316915,1.319255
1472158800,1.319255,1.327935,1.312185,1.31356
1472418000,1.31356,1.313975,1.305975,1.310525
1472504400,1.310525,1.31201,1.30593,1.30808
1472590800,1.30808,1.31583,1.3066,1.31383
1472677200,1.31383,1.331805,1.312875,1.32682
1472763600,1.32682,1.33527,1.325285,1.32946
1473022800,1.32946,1.33758,1.328845,1.330325
1473109200,1.330325,1.34451,1.32966,1.34408
1473195600,1.34408,1.3441,1.33191,1.33422
1473282000,1.33422,1.33754,1.32838,1.329515
1473368400,1.329515,1.33362,1.323965,1.32677
1473627600,1.32677,1.33473,1.323485,1.333645
1473714000,1.333645,1.334155,1.31677,1.319465
1473800400,1.319465,1.324085,1.31385,1.32348
1473886800,1.32348,1.32794,1.31798,1.323865
1473973200,1.323865,1.324765,1.29977,1.30028
1474232400,1.30028,1.30915,1.29991,1.302995
1474318800,1.302995,1.306505,1.294725,1.29873
1474405200,1.29873,1.30468,1.294525,1.30332
1474491600,1.30332,1.312105,1.30266,1.307875
1474578000,1.307875,1.308845,1.29152,1.29652
1474837200,1.29652,1.298725,1.29164,1.29749
1474923600,1.29749,1.30264,1.293675,1.302425
1475010000,1.302425,1.303195,1.29799,1.301895
1475096400,1.301895,1.305835,1.29543,1.29673
1475182800,1.29673,1.302285,1.293685,1.29772
1475442000,1.29772,1.29772,1.281745,1.28426
1475528400,1.28426,1.28609,1.27194,1.27279
1475614800,1.27279,1.277145,1.268545,1.27481
1475701200,1.27481,1.27601,1.260245,1.261565
1475787600,1.261565,1.26231,1.16496,1.24361
1476046800,1.24361,1.244455,1.234515,1.23625
1476133200,1.23625,1.23757,1.208915,1.21244
1476219600,1.21244,1.23253,1.210525,1.220675
1476306000,1.220675,1.227255,1.213265,1.225405
1476392400,1.225405,1.22621,1.2168,1.21889
1476651600,1.21889,1.220205,1.21359,1.218325
1476738000,1.218325,1.232525,1.21782,1.22987
1476824400,1.22987,1.23324,1.225435,1.228705
1476910800,1.228705,1.22985,1.22104,1.225375
1476997200,1.225375,1.22601,1.217135,1.22315
1477256400,1.22315,1.22496,1.21861,1.223915
1477342800,1.223915,1.224405,1.20831,1.21891
1477429200,1.21891,1.22495,1.215655,1.224695
1477515600,1.224695,1.22728,1.214895,1.21634
1477602000,1.21634,1.221235,1.211425,1.21904
1477861200,1.21904,1.22493,1.214375,1.224165
1477947600,1.224165,1.22806,1.220595,1.22427
1478034000,1.22427,1.23545,1.22208,1.23033
1478120400,1.23033,1.249465,1.22973,1.246155
1478206800,1.246155,1.255765,1.24493,1.251915
1478469600,1.251915,1.251915,1.237885,1.23963
1478556000,1.23963,1.24398,1.236145,1.237975
1478642400,1.237975,1.254775,1.23534,1.240575
1478728800,1.240575,1.258475,1.23777,1.255425
1478815200,1.255425,1.2674,1.252565,1.26005
1479074400,1.26005,1.26005,1.244465,1.24874
1479160800,1.24874,1.252945,1.23803,1.245355
1479247200,1.245355,1.25028,1.241025,1.244305
1479333600,1.244305,1.25058,1.240875,1.24159
1479420000,1.24159,1.24367,1.230245,1.23452
1479679200,1.23452,1.251245,1.23125,1.24933
1479765600,1.24933,1.2513,1.23843,1.24213
1479852000,1.24213,1.246895,1.236045,1.24415
1479938400,1.24415,1.24946,1.24019,1.24514
1480024800,1.24514,1.24868,1.241605,1.2479
1480284000,1.2479,1.253175,1.2386,1.24164
1480370400,1.24164,1.252595,1.238845,1.24936
1480456800,1.24936,1.25234,1.242015,1.25064
1480543200,1.25064,1.26959,1.25039,1.259085
1480629600,1.259085,1.27377,1.256985,1.2734
1480888800,1.2734,1.274475,1.26284,1.27312
1480975200,1.27312,1.277525,1.265665,1.26776
1481061600,1.26776,1.268325,1.257005,1.26256
1481148000,1.26256,1.27048,1.25488,1.258685
1481234400,1.258685,1.26208,1.25527,1.25761
1481493600,1.25761,1.269975,1.2567,1.26767
1481580000,1.26767,1.272815,1.26536,1.265725
1481666400,1.265725,1.27251,1.25303,1.256465
1481752800,1.256465,1.25679,1.23763,1.242005
1481839200,1.242005,1.251045,1.238305,1.24887
1482098400,1.24887,1.250255,1.23552,1.239285
1482184800,1.239285,1.240925,1.231295,1.236865
1482271200,1.236865,1.239075,1.23238,1.23533
1482357600,1.23533,1.23788,1.2277,1.228315
1482444000,1.228315,1.229885,1.222875,1.22876
1482789600,1.22876,1.22876,1.224075,1.227015
1482876000,1.227015,1.229725,1.22011,1.222655
1482962400,1.222655,1.22746,1.22094,1.22631
1483048800,1.22631,1.238795,1.22462,1.2342
1483394400,1.2342,1.2342,1.21993,1.223865
1483480800,1.223865,1.23536,1.22216,1.23225
1483567200,1.23225,1.24326,1.22706,1.2419
1483653600,1.2419,1.24316,1.22612,1.22859
1483912800,1.22859,1.22859,1.21244,1.216185
1483999200,1.216185,1.21902,1.21074,1.217655
1484085600,1.217655,1.2273,1.20382,1.22123
1484172000,1.22123,1.23168,1.21528,1.216225
1484258400,1.216225,1.22332,1.21214,1.2184
1484517600,1.2184,1.2184,1.19872,1.20465
1484604000,1.20465,1.24164,1.20181,1.24148
1484690400,1.24148,1.24152,1.22541,1.22605
1484776800,1.22605,1.23442,1.22532,1.23414
1484863200,1.23414,1.23806,1.22608,1.23749
1485122400,1.23749,1.25387,1.237175,1.253575
1485208800,1.253575,1.25446,1.24187,1.252005
1485295200,1.252005,1.26387,1.24912,1.263505
1485381600,1.263505,1.26738,1.25567,1.25951
1485468000,1.25951,1.26059,1.25162,1.25487
1485727200,1.25487,1.26012,1.24658,1.248555
1485813600,1.248555,1.25965,1.24126,1.257925
1485900000,1.257925,1.268,1.25431,1.26585
1485986400,1.26585,1.27063,1.25183,1.252745
1486072800,1.252745,1.2538,1.24586,1.2484
1486332000,1.2484,1.24989,1.24277,1.24683
1486418400,1.24683,1.25464,1.23472,1.250965
1486504800,1.250965,1.25497,1.24752,1.254085
1486591200,1.254085,1.25826,1.24916,1.249595
1486677600,1.249595,1.25214,1.24401,1.24876
1486936800,1.24876,1.25394,1.24752,1.252585
1487023200,1.252585,1.25484,1.2443,1.246745
1487109600,1.246745,1.2481,1.23833,1.24622
1487196000,1.24622,1.25236,1.24547,1.248865
1487282400,1.248865,1.2511,1.23881,1.24121
1487541600,1.24121,1.24826,1.24073,1.24643
1487628000,1.24643,1.24812,1.24014,1.247305
1487714400,1.247305,1.2508,1.24189,1.244875
1487800800,1.244875,1.25616,1.24283,1.25551
1487887200,1.25551,1.257,1.24482,1.24621
1488146400,1.24621,1.2479,1.23838,1.24433
1488232800,1.24433,1.24708,1.23749,1.23807
1488319200,1.23807,1.24048,1.22801,1.22923
1488405600,1.22923,1.23079,1.22426,1.226715
1488492000,1.226715,1.23016,1.22144,1.22984
1488751200,1.22984,1.23008,1.22243,1.223655
1488837600,1.223655,1.22526,1.21698,1.22007
1488924000,1.22007,1.2214,1.21391,1.216795
1489010400,1.216795,1.21952,1.21338,1.21641
1489096800,1.21641,1.2189,1.214,1.21648
1489352400,1.21648,1.22514,1.21536,1.22187
1489438800,1.22187,1.22254,1.21093,1.215245
1489525200,1.215245,1.23094,1.2147,1.22903
1489611600,1.22903,1.2377,1.22412,1.23623
1489698000,1.23623,1.2405,1.2324,1.239535
1489957200,1.239535,1.24356,1.23353,1.235835
1490043600,1.235835,1.24947,1.23412,1.247805
1490130000,1.247805,1.25066,1.24232,1.248345
1490216400,1.248345,1.25316,1.24629,1.25206
1490302800,1.25206,1.25222,1.24694,1.24736
1490562000,1.24736,1.26158,1.24736,1.255805
1490648400,1.255805,1.25968,1.24415,1.24514
1490734800,1.24514,1.24772,1.23767,1.24329
1490821200,1.24329,1.25246,1.24031,1.246945
1490907600,1.246945,1.256,1.24335,1.25518
1491166800,1.25518,1.25567,1.24656,1.24862
1491253200,1.24862,1.24952,1.24194,1.244045
1491339600,1.244045,1.24985,1.24228,1.248355
1491426000,1.248355,1.25062,1.24506,1.24688
1491512400,1.24688,1.24782,1.23658,1.23711
1491771600,1.23711,1.24294,1.23661,1.24157
1491858000,1.24157,1.2495,1.24036,1.249225
1491944400,1.249225,1.25487,1.24808,1.25407
1492030800,1.25407,1.25755,1.25004,1.25031
1492117200,1.25031,1.25354,1.25006,1.25255
1492376400,1.25255,1.25961,1.2525,1.256425
1492462800,1.256425,1.29074,1.25148,1.284015
1492549200,1.284015,1.28606,1.27699,1.27782
1492635600,1.27782,1.28472,1.27723,1.28108
1492722000,1.28108,1.28352,1.27562,1.28098
1492981200,1.28098,1.28437,1.27722,1.27967
1493067600,1.27967,1.28462,1.27748,1.28356
1493154000,1.28356,1.28638,1.2805,1.284985
1493240400,1.284985,1.29174,1.28396,1.29051
1493326800,1.29051,1.29655,1.28898,1.29502
1493586000,1.29502,1.29502,1.28828,1.28854
1493672400,1.28854,1.29403,1.28646,1.29393
1493758800,1.29393,1.29482,1.28658,1.2868
1493845200,1.2868,1.29332,1.28305,1.292355
1493931600,1.292355,1.2985,1.29002,1.2981
1494190800,1.2981,1.299,1.293,1.29404
1494277200,1.29404,1.29612,1.2903,1.293535
1494363600,1.293535,1.29878,1.29278,1.293795
1494450000,1.293795,1.29489,1.28494,1.28863
1494536400,1.28863,1.28998,1.28446,1.28881
1494795600,1.28881,1.2941,1.28811,1.28948
1494882000,1.28948,1.2958,1.28658,1.2918
1494968400,1.2918,1.2991,1.2906,1.29722
1495054800,1.29722,1.30481,1.28887,1.294165
1495141200,1.294165,1.30404,1.2924,1.30352
1495400400,1.30352,1.30426,1.29654,1.300005
1495486800,1.300005,1.30335,1.29528,1.296165
1495573200,1.296165,1.29996,1.29272,1.29752
1495659600,1.29752,1.3015,1.2932,1.29429
1495746000,1.29429,1.2947,1.27754,1.2805
1496005200,1.2805,1.28504,1.28011,1.284095
1496091600,1.284095,1.28881,1.27938,1.28593
1496178000,1.28593,1.29213,1.2769,1.289025
1496264400,1.289025,1.29154,1.28298,1.28804
1496350800,1.28804,1.29042,1.28456,1.28916
1496610000,1.28916,1.29414,1.28578,1.2904
1496696400,1.2904,1.29497,1.28722,1.291075
1496782800,1.291075,1.29695,1.28876,1.29607
1496869200,1.29607,1.29782,1.29082,1.29562
1496955600,1.29562,1.29605,1.26356,1.274295
1497214800,1.274295,1.27701,1.2639,1.26585
1497301200,1.26585,1.2757,1.26419,1.275305
1497387600,1.275305,1.28184,1.27238,1.275265
1497474000,1.275265,1.27964,1.26908,1.275625
1497560400,1.275625,1.28056,1.2751,1.27806
1497819600,1.27806,1.28148,1.27234,1.27381
1497906000,1.27381,1.27584,1.26026,1.262885
1497992400,1.262885,1.27102,1.25896,1.267115
1498078800,1.267115,1.26912,1.26537,1.268235
1498165200,1.268235,1.27443,1.26756,1.271845
1498424400,1.271845,1.27602,1.27062,1.272285
1498510800,1.272285,1.28616,1.27169,1.281435
1498597200,1.281435,1.29723,1.27944,1.29262
1498683600,1.29262,1.30152,1.29236,1.300615
1498770000,1.300615,1.30298,1.29446,1.30259
1499029200,1.30259,1.30259,1.2932,1.294
1499115600,1.294,1.29592,1.29131,1.292015
1499202000,1.292015,1.29478,1.28934,1.29332
1499288400,1.29332,1.29845,1.29194,1.29717
1499374800,1.29717,1.29746,1.28668,1.28867
1499634000,1.28867,1.29086,1.28548,1.28812
1499720400,1.28812,1.29278,1.2831,1.284545
1499806800,1.284545,1.29076,1.28118,1.288485
1499893200,1.288485,1.29556,1.2881,1.29408
1499979600,1.29408,1.31145,1.29353,1.31
1500238800,1.31,1.31134,1.30472,1.3055
1500325200,1.3055,1.3126,1.30051,1.30403
1500411600,1.30403,1.30528,1.30112,1.30238
1500498000,1.30238,1.30333,1.29328,1.297365
1500584400,1.297365,1.30196,1.29534,1.299605
1500843600,1.299605,1.30582,1.29894,1.302915
1500930000,1.302915,1.30842,1.3008,1.302575
1501016400,1.302575,1.3124,1.29994,1.312175
1501102800,1.312175,1.31593,1.30512,1.306575
1501189200,1.306575,1.31526,1.3062,1.313705
1501448400,1.313705,1.32242,1.30973,1.32146
1501534800,1.32146,1.32454,1.31909,1.320515
1501621200,1.320515,1.32516,1.3191,1.32231
1501707600,1.32231,1.32687,1.31124,1.313865
1501794000,1.313865,1.31646,1.30237,1.30385
1502053200,1.30385,1.30592,1.30136,1.30351
1502139600,1.30351,1.30539,1.29528,1.299415
1502226000,1.299415,1.30282,1.29681,1.300405
1502312400,1.300405,1.30159,1.29515,1.297745
1502398800,1.297745,1.30314,1.29392,1.30107
1502658000,1.30107,1.3022,1.29566,1.296475
1502744400,1.296475,1.29706,1.28465,1.28695
1502830800,1.28695,1.29032,1.28412,1.28903
1502917200,1.28903,1.29099,1.28526,1.28691
1503003600,1.28691,1.29183,1.28315,1.287395
1503262800,1.287395,1.29168,1.28504,1.289965
1503349200,1.289965,1.29093,1.28108,1.282385
1503435600,1.282385,1.2834,1.27798,1.279865
1503522000,1.279865,1.2837,1.27738,1.280015
1503608400,1.280015,1.2889,1.2794,1.28833
1503867600,1.28833,1.29431,1.28734,1.29328
1503954000,1.29328,1.29786,1.29148,1.291935
1504040400,1.291935,1.29384,1.28785,1.29246
1504126800,1.29246,1.29352,1.28524,1.29304
1504213200,1.29304,1.29959,1.29053,1.29528
1504472400,1.29528,1.29666,1.2913,1.29286
1504558800,1.29286,1.30424,1.29088,1.303165
1504645200,1.303165,1.30825,1.3019,1.30429
1504731600,1.30429,1.31155,1.30325,1.31003
1504818000,1.31003,1.32242,1.3094,1.319655
1505077200,1.319655,1.32224,1.3161,1.316205
1505163600,1.316205,1.32986,1.31607,1.32822
1505250000,1.32822,1.33294,1.31836,1.32085
1505336400,1.32085,1.34062,1.31519,1.33974
1505422800,1.33974,1.36168,1.33819,1.35897
1505682000,1.35897,1.3619,1.3465,1.349545
1505768400,1.349545,1.35514,1.34691,1.351315
1505854800,1.351315,1.36594,1.34526,1.34941
1505941200,1.34941,1.35868,1.34708,1.358335
1506027600,1.358335,1.35963,1.34498,1.3499
1506286800,1.3499,1.35712,1.34315,1.34671
1506373200,1.34671,1.3515,1.34096,1.34591
1506459600,1.34591,1.34616,1.33636,1.33877
1506546000,1.33877,1.34556,1.33427,1.3442
1506632400,1.3442,1.3444,1.33495,1.33968
1506891600,1.33968,1.34024,1.32561,1.327825
1506978000,1.327825,1.3288,1.32224,1.323825
1507064400,1.323825,1.32919,1.32328,1.324755
1507150800,1.324755,1.32498,1.31078,1.31176
1507237200,1.31176,1.31218,1.30272,1.30692
1507496400,1.30692,1.31846,1.30692,1.31416
1507582800,1.31416,1.32254,1.3131,1.320305
1507669200,1.320305,1.32342,1.31753,1.32246
1507755600,1.32246,1.32911,1.3122,1.326045
1507842000,1.326045,1.33385,1.32468,1.32856
1508101200,1.32856,1.33124,1.32251,1.324995
1508187600,1.324995,1.32876,1.3155,1.31915
1508274000,1.31915,1.32152,1.31398,1.32045
1508360400,1.32045,1.32292,1.31296,1.316035
1508446800,1.316035,1.32008,1.30881,1.31886
1508706000,1.31886,1.32275,1.31576,1.31976
1508792400,1.31976,1.3228,1.31136,1.31353
1508878800,1.31353,1.3272,1.31102,1.326305
1508965200,1.326305,1.32797,1.31468,1.316105
1509051600,1.316105,1.31628,1.30695,1.31288
1509310800,1.31288,1.3215,1.31209,1.320745
1509397200,1.320745,1.32884,1.31916,1.32837
1509483600,1.32837,1.3321,1.32402,1.324645
1509570000,1.324645,1.32998,1.30426,1.30583
1509656400,1.30583,1.31354,1.30396,1.307585
1509919200,1.307585,1.31748,1.30589,1.31723
1510005600,1.31723,1.31783,1.31095,1.316615
1510092000,1.316615,1.3176,1.30866,1.31157
1510178400,1.31157,1.31656,1.30852,1.314615
1510264800,1.314615,1.32292,1.31128,1.318855
1510524000,1.318855,1.318855,1.30617,1.311595
1510610400,1.311595,1.31876,1.30722,1.31661
1510696800,1.31661,1.32148,1.31302,1.31712
1510783200,1.31712,1.32088,1.31348,1.319395
1510869600,1.319395,1.32606,1.31698,1.32144
1511128800,1.32144,1.32796,1.31863,1.32327
1511215200,1.32327,1.32676,1.3209,1.32368
1511301600,1.32368,1.333,1.32128,1.332275
1511388000,1.332275,1.33376,1.3285,1.33083
1511474400,1.33083,1.33604,1.32788,1.3338
1511733600,1.3338,1.3383,1.33098,1.331655
1511820000,1.331655,1.33889,1.3221,1.334015
1511906400,1.334015,1.34484,1.33398,1.34102
1511992800,1.34102,1.35489,1.3407,1.35271
1512079200,1.35271,1.355,1.3445,1.34758
1512338400,1.34758,1.35388,1.34134,1.3481
1512424800,1.3481,1.3481,1.33708,1.344375
1512511200,1.344375,1.3446,1.33577,1.33923
1512597600,1.33923,1.34852,1.332,1.34742
1512684000,1.34742,1.35209,1.3355,1.33873
1512943200,1.33873,1.3431,1.33307,1.33401
1513029600,1.33401,1.33801,1.33029,1.331905
1513116000,1.331905,1.34303,1.33113,1.34154
1513202400,1.34154,1.34717,1.33917,1.343185
1513288800,1.343185,1.34471,1.33008,1.33237
1513548000,1.33237,1.34182,1.33102,1.33824
1513634400,1.33824,1.34026,1.3331,1.33857
1513720800,1.33857,1.34204,1.33709,1.3376
1513807200,1.3376,1.33881,1.3332,1.33858
1513893600,1.33858,1.3398,1.33462,1.33634
1514239200,1.33634,1.33895,1.33478,1.33737
1514325600,1.33737,1.343,1.33674,1.33988
1514412000,1.33988,1.34564,1.33946,1.34424
1514498400,1.34424,1.3545,1.34284,1.35059
1514844000,1.35059,1.36008,1.35038,1.35905
1514930400,1.35905,1.36133,1.34942,1.35152
1515016800,1.35152,1.35598,1.35057,1.355155
1515103200,1.355155,1.35826,1.35232,1.35653
1515362400,1.35653,1.35862,1.35229,1.356785
1515448800,1.356785,1.35825,1.3505,1.35414
1515535200,1.35414,1.35621,1.34822,1.35069
1515621600,1.35069,1.35546,1.3458,1.35386
1515708000,1.35386,1.37446,1.35335,1.37315
1515967200,1.37315,1.38192,1.37261,1.37934
1516053600,1.37934,1.38058,1.37418,1.37912
1516140000,1.37912,1.39422,1.37564,1.38301
1516226400,1.38301,1.39136,1.38046,1.38936
1516312800,1.38936,1.39458,1.3839,1.38556
1516572000,1.38556,1.3991,1.38556,1.39865
1516658400,1.39865,1.40282,1.39157,1.40002
1516744800,1.40002,1.4264,1.3997,1.42409
1516831200,1.42409,1.43455,1.40826,1.41398
1516917600,1.41398,1.42892,1.41095,1.41643
1517176800,1.41643,1.41643,1.40259,1.407465
1517263200,1.407465,1.4167,1.39796,1.4151
1517349600,1.4151,1.4233,1.41214,1.4189
1517436000,1.4189,1.42785,1.41591,1.42645
1517522400,1.42645,1.42777,1.41015,1.41177
1517781600,1.41177,1.4151,1.39543,1.396155
1517868000,1.396155,1.4,1.3836,1.395035
1517954400,1.395035,1.39947,1.38484,1.38797
1518040800,1.38797,1.40672,1.38456,1.39112
1518127200,1.39112,1.39876,1.37644,1.38279
1518386400,1.38279,1.38762,1.37958,1.38371
1518472800,1.38371,1.3924,1.38327,1.38935
1518559200,1.38935,1.40166,1.38006,1.399925
1518645600,1.399925,1.41052,1.39948,1.40989
1518732000,1.40989,1.41456,1.39965,1.40326
1518991200,1.40326,1.405,1.39588,1.39999
1519077600,1.39999,1.40248,1.39312,1.399615
1519164000,1.399615,1.40094,1.39041,1.39173
1519250400,1.39173,1.39894,1.3857,1.39554
1519336800,1.39554,1.40056,1.39048,1.39693
1519596000,1.39693,1.40708,1.3928,1.39668
1519682400,1.39668,1.3997,1.38581,1.39098
1519768800,1.39098,1.39168,1.37573,1.376015
1519855200,1.376015,1.37856,1.37122,1.377545
1519941600,1.377545,1.38171,1.37556,1.38008
1520200800,1.38008,1.38778,1.3767,1.384815
1520287200,1.384815,1.39299,1.3817,1.38881
1520373600,1.38881,1.3912,1.3846,1.39021
1520460000,1.39021,1.39102,1.37811,1.380995
1520546400,1.380995,1.38895,1.3788,1.38499
1520802000,1.38499,1.3918,1.38409,1.39056
1520888400,1.39056,1.39942,1.38744,1.396175
1520974800,1.396175,1.39962,1.39257,1.39624
1521061200,1.39624,1.39892,1.39216,1.393685
1521147600,1.393685,1.39812,1.38891,1.39441
1521406800,1.39441,1.40889,1.39128,1.40251
1521493200,1.40251,1.4067,1.39826,1.399725
1521579600,1.399725,1.41508,1.39968,1.414215
1521666000,1.414215,1.42202,1.40766,1.409575
1521752400,1.409575,1.41725,1.40851,1.41327
1522011600,1.41327,1.42446,1.41313,1.42307
1522098000,1.42307,1.42448,1.40664,1.41583
1522184400,1.41583,1.42006,1.40706,1.407635
1522270800,1.407635,1.40967,1.40113,1.40202
1522357200,1.40202,1.40609,1.40117,1.40129
1522616400,1.40129,1.40784,1.40129,1.40441
1522702800,1.40441,1.40894,1.40213,1.405905
1522789200,1.405905,1.40969,1.4015,1.407915
1522875600,1.407915,1.40967,1.39658,1.40034
1522962000,1.40034,1.41066,1.39826,1.40903
1523221200,1.40903,1.41643,1.40787,1.41302
1523307600,1.41302,1.4188,1.41202,1.417575
1523394000,1.417575,1.42238,1.41612,1.4179
1523480400,1.4179,1.42473,1.41458,1.422635
1523566800,1.422635,1.42966,1.4221,1.42364
1523826000,1.42364,1.43446,1.42307,1.43386
1523912400,1.43386,1.4377,1.42824,1.42885
1523998800,1.42885,1.43152,1.4173,1.42034
1524085200,1.42034,1.42465,1.4069,1.4084
1524171600,1.4084,1.4093,1.39979,1.40041
1524430800,1.40041,1.40316,1.39264,1.39395
1524517200,1.39395,1.39878,1.39186,1.39784
1524603600,1.39784,1.39968,1.39235,1.39316
1524690000,1.39316,1.39981,1.38948,1.39166
1524776400,1.39166,1.39346,1.37474,1.37823
1525035600,1.37823,1.37924,1.37128,1.37634
1525122000,1.37634,1.37736,1.35886,1.36136
1525208400,1.36136,1.36665,1.35555,1.35736
1525294800,1.35736,1.36295,1.3538,1.35752
1525381200,1.35752,1.35864,1.34866,1.35314
1525640400,1.35314,1.35758,1.35155,1.35564
1525726800,1.35564,1.3594,1.34843,1.35484
1525813200,1.35484,1.36074,1.34986,1.35469
1525899600,1.35469,1.36178,1.346,1.35181
1525986000,1.35181,1.35963,1.35023,1.35407
1526245200,1.35407,1.36082,1.35396,1.35558
1526331600,1.35558,1.35722,1.34511,1.35052
1526418000,1.35052,1.35213,1.34552,1.34886
1526504400,1.34886,1.35696,1.34741,1.35164
1526590800,1.35164,1.35282,1.34552,1.34695
1526850000,1.34695,1.3484,1.33906,1.3427
1526936400,1.3427,1.34914,1.34124,1.34324
1527022800,1.34324,1.34425,1.3305,1.33488
1527109200,1.33488,1.34224,1.3343,1.33824
1527195600,1.33824,1.33889,1.32946,1.32987
1527454800,1.32987,1.33419,1.32964,1.33106
1527541200,1.33106,1.33256,1.32046,1.32531
1527627600,1.32531,1.33077,1.32422,1.3283
1527714000,1.3283,1.33486,1.32772,1.32962
1527800400,1.32962,1.33623,1.32536,1.33494
1528059600,1.33494,1.33986,1.3295,1.33146
1528146000,1.33146,1.34088,1.33028,1.33946
1528232400,1.33946,1.34434,1.33876,1.34118
1528318800,1.34118,1.34728,1.33719,1.34234
1528405200,1.34234,1.34399,1.33543,1.34078
1528664400,1.34078,1.34418,1.33446,1.33824
1528750800,1.33824,1.34248,1.33419,1.33717
1528837200,1.33717,1.33893,1.33082,1.3377
1528923600,1.3377,1.34471,1.32572,1.32607
1529010000,1.32607,1.32982,1.32112,1.32798
1529269200,1.32798,1.32834,1.32262,1.3246
1529355600,1.3246,1.32726,1.31506,1.31742
1529442000,1.31742,1.3218,1.31462,1.31702
1529528400,1.31702,1.32698,1.31022,1.32417
1529614800,1.32417,1.33155,1.32379,1.32647
1529874000,1.32647,1.3291,1.32207,1.32807
1529960400,1.32807,1.3292,1.31926,1.32241
1530046800,1.32241,1.3234,1.31068,1.31134
1530133200,1.31134,1.31222,1.30501,1.3078
1530219600,1.3078,1.3214,1.30682,1.32081
1530478800,1.32081,1.32094,1.30949,1.31428
1530565200,1.31428,1.32071,1.31146,1.31953
1530651600,1.31953,1.32504,1.31712,1.32302
1530738000,1.32302,1.32749,1.32046,1.32194
1530824400,1.32194,1.32905,1.32032,1.32848
1531083600,1.32848,1.33625,1.319,1.3259
1531170000,1.3259,1.33018,1.32231,1.32738
1531256400,1.32738,1.32859,1.31998,1.3205
1531342800,1.3205,1.32448,1.31806,1.32054
1531429200,1.32054,1.32391,1.31028,1.32349
1531688400,1.32349,1.32934,1.32168,1.32355
1531774800,1.32355,1.32688,1.30686,1.31134
1531861200,1.31134,1.31219,1.30101,1.30712
1531947600,1.30712,1.30831,1.29579,1.3013
1532034000,1.3013,1.31408,1.29952,1.3135
1532293200,1.3135,1.31586,1.30821,1.31016
1532379600,1.31016,1.31596,1.30716,1.31427
1532466000,1.31427,1.32008,1.31332,1.31902
1532552400,1.31902,1.32135,1.31059,1.31094
1532638800,1.31094,1.31314,1.30819,1.3105
1532898000,1.3105,1.3152,1.30973,1.31328
1532984400,1.31328,1.3173,1.30894,1.31254
1533070800,1.31254,1.31448,1.30953,1.31272
1533157200,1.31272,1.3129,1.30146,1.30164
1533243600,1.30164,1.30436,1.29757,1.30015
1533502800,1.30015,1.30144,1.292,1.29446
1533589200,1.29446,1.2974,1.2924,1.29384
1533675600,1.29384,1.29603,1.28534,1.28828
1533762000,1.28828,1.2912,1.28192,1.28231
1533848400,1.28231,1.2837,1.27234,1.27708
1534107600,1.27708,1.27918,1.27301,1.2767
1534194000,1.2767,1.28282,1.27045,1.272
1534280400,1.272,1.27357,1.26622,1.26982
1534366800,1.26982,1.27542,1.26858,1.2713
1534453200,1.2713,1.27536,1.26957,1.27501
1534712400,1.27501,1.28002,1.27298,1.27968
1534798800,1.27968,1.29252,1.27936,1.29004
1534885200,1.29004,1.29366,1.28682,1.29122
1534971600,1.29122,1.29204,1.28048,1.2812
1535058000,1.2812,1.28809,1.27994,1.2848
1535317200,1.2848,1.29012,1.28288,1.28919
1535403600,1.28919,1.29325,1.28616,1.28714
1535490000,1.28714,1.30331,1.28456,1.30282
1535576400,1.30282,1.30434,1.2985,1.30098
1535662800,1.30098,1.30291,1.2945,1.29604
1535922000,1.29604,1.29604,1.28548,1.28695
1536008400,1.28695,1.28764,1.28104,1.28561
1536094800,1.28561,1.29835,1.2786,1.29046
1536181200,1.29046,1.29626,1.28962,1.29304
1536267600,1.29304,1.3029,1.2908,1.29188
1536526800,1.29188,1.30522,1.28967,1.30272
1536613200,1.30272,1.30882,1.2964,1.30318
1536699600,1.30318,1.30834,1.29801,1.30477
1536786000,1.30477,1.31252,1.30266,1.3106
1536872400,1.3106,1.31447,1.30567,1.30692
1537131600,1.30692,1.31652,1.3069,1.31599
1537218000,1.31599,1.31735,1.31192,1.31471
1537304400,1.31471,1.32154,1.30978,1.3144
1537390800,1.3144,1.32992,1.31343,1.32697
1537477200,1.32697,1.32772,1.30552,1.30787
1537736400,1.30787,1.31677,1.30628,1.31181
1537822800,1.31181,1.31942,1.3095,1.31828
1537909200,1.31828,1.32184,1.3138,1.31668
1537995600,1.31668,1.31784,1.30738,1.30776
1538082000,1.30776,1.30907,1.30005,1.30302
1538341200,1.30302,1.31178,1.3012,1.30402
1538427600,1.30402,1.30488,1.29414,1.2979
1538514000,1.2979,1.30233,1.29242,1.29386
1538600400,1.29386,1.30419,1.29218,1.30211
1538686800,1.30211,1.3123,1.3004,1.31175
1538946000,1.31175,1.31332,1.30286,1.30934
1539032400,1.30934,1.31504,1.3033,1.31442
1539118800,1.31442,1.32164,1.31338,1.3193
1539205200,1.3193,1.32527,1.31825,1.32355
1539291600,1.32355,1.32582,1.31446,1.31532
1539550800,1.31532,1.3182,1.30864,1.31528
1539637200,1.31528,1.3237,1.31406,1.3185
1539723600,1.3185,1.31932,1.30993,1.31151
1539810000,1.31151,1.31318,1.30163,1.3017
1539896400,1.3017,1.31043,1.30115,1.30682
1540155600,1.30682,1.30908,1.29562,1.29649
1540242000,1.29649,1.30444,1.29368,1.29837
1540328400,1.29837,1.29927,1.28671,1.28809
1540414800,1.28809,1.29202,1.27958,1.28164
1540501200,1.28164,1.28414,1.27769,1.28294
1540760400,1.28294,1.28532,1.27914,1.27932
1540846800,1.27932,1.28129,1.26962,1.27075
1540933200,1.27075,1.28312,1.26992,1.27656
1541019600,1.27656,1.30364,1.27605,1.30033
1541106000,1.30033,1.30414,1.29514,1.29696
1541368800,1.29696,1.30554,1.29642,1.30424
1541455200,1.30424,1.31074,1.3021,1.30992
1541541600,1.30992,1.31745,1.30731,1.31272
1541628000,1.31272,1.31503,1.3045,1.30614
1541714400,1.30614,1.30736,1.29586,1.29749
1541973600,1.29749,1.29749,1.28272,1.28498
1542060000,1.28498,1.3048,1.28415,1.29732
1542146400,1.29732,1.30724,1.2882,1.299
1542232800,1.299,1.30306,1.27243,1.27758
1542319200,1.27758,1.2878,1.27608,1.2829
1542578400,1.2829,1.28842,1.27954,1.28516
1542664800,1.28516,1.28841,1.27765,1.27872
1542751200,1.27872,1.28198,1.27646,1.27779
1542837600,1.27779,1.29282,1.27699,1.2876
1542924000,1.2876,1.28829,1.2799,1.28123
1543183200,1.28123,1.28646,1.27964,1.28093
1543269600,1.28093,1.28198,1.27253,1.27455
1543356000,1.27455,1.28468,1.27328,1.28237
1543442400,1.28237,1.285,1.27552,1.27893
1543528800,1.27893,1.281,1.2735,1.27507
1543788000,1.27507,1.2825,1.26992,1.27242
1543874400,1.27242,1.28406,1.26593,1.27157
1543960800,1.27157,1.27979,1.26722,1.27336
1544047200,1.27336,1.28128,1.26994,1.27844
1544133600,1.27844,1.27956,1.27107,1.27279
1544392800,1.27279,1.27604,1.25064,1.25614
1544479200,1.25614,1.26397,1.24798,1.24887
1544565600,1.24887,1.26749,1.24771,1.26277
1544652000,1.26277,1.26868,1.26098,1.26564
1544738400,1.26564,1.26676,1.25297,1.25876
1544997600,1.25876,1.26468,1.25739,1.26153
1545084000,1.26153,1.27062,1.261,1.26393
1545170400,1.26393,1.26794,1.26072,1.26108
1545256800,1.26108,1.27078,1.26108,1.26578
1545343200,1.26578,1.26974,1.26176,1.26385
1545602400,1.26385,1.27388,1.26348,1.27135
1545775200,1.27135,1.27184,1.26308,1.2633
1545861600,1.2633,1.26758,1.26157,1.26447
1545948000,1.26447,1.27074,1.26358,1.26977
1546207200,1.26977,1.28144,1.268,1.27571
1546380000,1.27571,1.27732,1.25813,1.26098
1546466400,1.26098,1.26474,1.2456,1.26348
1546552800,1.26348,1.27444,1.26158,1.27279
1546812000,1.27279,1.27873,1.2716,1.27765
1546898400,1.27765,1.27979,1.27074,1.27152
1546984800,1.27152,1.2804,1.27106,1.27897
1547071200,1.27897,1.28021,1.27282,1.27513
1547157600,1.27513,1.28662,1.27095,1.28405
1547416800,1.28405,1.29312,1.28182,1.28668
1547503200,1.28668,1.29164,1.26694,1.28598
1547589600,1.28598,1.28978,1.28248,1.28795
1547676000,1.28795,1.30012,1.28323,1.29843
1547762400,1.29843,1.29937,1.28574,1.28733
1548021600,1.28733,1.29108,1.2831,1.28939
1548108000,1.28939,1.29751,1.2855,1.2954
1548194400,1.2954,1.30812,1.29425,1.30685
1548280800,1.30685,1.30948,1.3012,1.30635
1548367200,1.30635,1.32174,1.3058,1.31951
1548626400,1.31951,1.32119,1.31367,1.31584
1548712800,1.31584,1.31995,1.30564,1.30675
1548799200,1.30675,1.31454,1.30544,1.31148
1548885600,1.31148,1.31606,1.30979,1.31091
1548972000,1.31091,1.31151,1.30436,1.30802
1549231200,1.30802,1.31034,1.30294,1.30364
1549317600,1.30364,1.30538,1.29248,1.29505
1549404000,1.29505,1.29794,1.29254,1.29304
1549490400,1.29304,1.29966,1.28542,1.29517
1549576800,1.29517,1.29762,1.29216,1.29423
1549836000,1.29423,1.29423,1.2845,1.28606
1549922400,1.28606,1.29096,1.28328,1.28938
1550008800,1.28938,1.2959,1.28451,1.2846
1550095200,1.2846,1.2878,1.27732,1.27999
1550181600,1.27999,1.28984,1.27848,1.28896
1550440800,1.28896,1.29388,1.28896,1.29247
1550527200,1.29247,1.30731,1.2896,1.3063
1550613600,1.3063,1.31094,1.3012,1.30504
1550700000,1.30504,1.30953,1.30262,1.30395
1550786400,1.30395,1.30806,1.29682,1.30558
1551045600,1.30558,1.31143,1.30508,1.30963
1551132000,1.30963,1.32882,1.30963,1.32521
1551218400,1.32521,1.33502,1.32334,1.33094
1551304800,1.33094,1.33195,1.32538,1.32622
1551391200,1.32622,1.32862,1.31718,1.32055
1551650400,1.32055,1.32556,1.31667,1.31807
1551736800,1.31807,1.31988,1.30977,1.31785
1551823200,1.31785,1.31813,1.31243,1.31709
1551909600,1.31709,1.31851,1.30684,1.30831
1551996000,1.30831,1.31085,1.29902,1.30156
1552251600,1.30156,1.31705,1.29607,1.3151
1552338000,1.3151,1.32895,1.30054,1.30768
1552424400,1.30768,1.33822,1.30609,1.33374
1552510800,1.33374,1.33374,1.32076,1.32417
1552597200,1.32417,1.33003,1.32032,1.32916
1552856400,1.32916,1.33004,1.31848,1.32535
1552942800,1.32535,1.33113,1.32412,1.32659
1553029200,1.32659,1.32742,1.31467,1.31944
1553115600,1.31944,1.32271,1.30042,1.31084
1553202000,1.31084,1.32238,1.30812,1.32096
1553461200,1.32096,1.32465,1.31601,1.31985
1553547600,1.31985,1.32616,1.31578,1.32051
1553634000,1.32051,1.32693,1.31666,1.31918
1553720400,1.31918,1.32137,1.30352,1.30413
1553806800,1.30413,1.31358,1.2978,1.30328
1554066000,1.30328,1.31495,1.30099,1.31034
1554152400,1.31034,1.31498,1.30138,1.31331
1554238800,1.31331,1.31963,1.31211,1.31571
1554325200,1.31571,1.31912,1.30604,1.30747
1554411600,1.30747,1.31225,1.29872,1.30364
1554670800,1.30364,1.30742,1.30303,1.30621
1554757200,1.30621,1.31217,1.30308,1.30515
1554843600,1.30515,1.31201,1.30451,1.30893
1554930000,1.30893,1.3109,1.30504,1.30549
1555016400,1.30549,1.3133,1.30506,1.3073
1555275600,1.3073,1.31193,1.3071,1.30996
1555362000,1.30996,1.31015,1.30429,1.30484
1555448400,1.30484,1.30672,1.3029,1.30416
1555534800,1.30416,1.30526,1.29791,1.29879
1555621200,1.29879,1.301,1.29835,1.29934
1555880400,1.29934,1.29996,1.29756,1.29805
1555966800,1.29805,1.30194,1.29278,1.29381
1556053200,1.29381,1.29636,1.28878,1.29018
1556139600,1.29018,1.29168,1.28659,1.28991
1556226000,1.28991,1.29438,1.28767,1.29156
1556485200,1.29156,1.2947,1.29052,1.2933
1556571600,1.2933,1.30488,1.29265,1.30339
1556658000,1.30339,1.31023,1.30299,1.30496
1556744400,1.30496,1.30804,1.30184,1.30321
1556830800,1.30321,1.31767,1.29897,1.31746
1557090000,1.31746,1.31746,1.30816,1.30963
1557176400,1.30963,1.31314,1.30398,1.30732
1557262800,1.30732,1.30804,1.29873,1.30067
1557349200,1.30067,1.30363,1.29677,1.30077
1557435600,1.30077,1.30476,1.29913,1.29997
1557694800,1.29997,1.30409,1.29412,1.29584
1557781200,1.29584,1.29705,1.29039,1.29053
1557867600,1.29053,1.29233,1.28264,1.28421
1557954000,1.28421,1.28518,1.27879,1.27977
1558040400,1.27977,1.27993,1.27146,1.27187
1558299600,1.27187,1.27573,1.27147,1.2723
1558386000,1.2723,1.28144,1.26854,1.2705
1558472400,1.2705,1.27194,1.26242,1.26616
1558558800,1.26616,1.26838,1.26053,1.26585
1558645200,1.26585,1.27324,1.26475,1.2713
1558904400,1.2713,1.27478,1.26674,1.26802
1558990800,1.26802,1.27021,1.26512,1.26525
1559077200,1.26525,1.26716,1.26117,1.26265
1559163600,1.26265,1.26407,1.25807,1.26085
1559250000,1.26085,1.26448,1.25592,1.26316
1559509200,1.26316,1.26742,1.26104,1.26643
1559595600,1.26643,1.27146,1.26423,1.26994
1559682000,1.26994,1.27438,1.26808,1.26822
1559768400,1.26822,1.27424,1.2669,1.2694
1559854800,1.2694,1.27632,1.26891,1.27374
1560114000,1.27374,1.27429,1.26532,1.26857
1560200400,1.26857,1.27324,1.26706,1.27235
1560286800,1.27235,1.27587,1.26816,1.26885
1560373200,1.26885,1.27082,1.26625,1.26739
1560459600,1.26739,1.2682,1.25804,1.25897
1560718800,1.25897,1.26056,1.25324,1.25338
1560805200,1.25338,1.25647,1.25062,1.25576
1560891600,1.25576,1.26738,1.25426,1.26426
1560978000,1.26426,1.27274,1.26328,1.27042
1561064400,1.27042,1.27468,1.26426,1.27437
1561323600,1.27437,1.27668,1.2708,1.27411
1561410000,1.27411,1.27838,1.26721,1.26886
1561496400,1.26886,1.27074,1.26629,1.26872
1561582800,1.26872,1.2725,1.26618,1.26713
1561669200,1.26713,1.27346,1.26652,1.26973
1561928400,1.26973,1.27058,1.26322,1.26396
1562014800,1.26396,1.26482,1.25841,1.25939
1562101200,1.25939,1.26004,1.25571,1.25729
1562187600,1.25729,1.25912,1.25688,1.25788
1562274000,1.25788,1.25876,1.24814,1.2526
1562533200,1.2526,1.25398,1.24999,1.25174
1562619600,1.25174,1.25229,1.24398,1.24619
1562706000,1.24619,1.2521,1.24438,1.2505
1562792400,1.2505,1.25716,1.25016,1.2525
1562878800,1.2525,1.25792,1.25204,1.25746
1563138000,1.25746,1.25779,1.25106,1.25162
1563224400,1.25162,1.25206,1.23964,1.24063
1563310800,1.24063,1.24566,1.23823,1.24326
1563397200,1.24326,1.25585,1.24277,1.25494
1563483600,1.25494,1.25564,1.24764,1.25035
1563742800,1.25035,1.25203,1.24557,1.24775
1563829200,1.24775,1.24818,1.24182,1.24398
1563915600,1.24398,1.25222,1.2427,1.24841
1564002000,1.24841,1.25182,1.2437,1.24571
1564088400,1.24571,1.24595,1.23764,1.23835
1564347600,1.23835,1.23838,1.22124,1.22188
1564434000,1.22188,1.22262,1.21192,1.21508
1564520400,1.21508,1.22496,1.21342,1.21607
1564606800,1.21607,1.21714,1.20798,1.21307
1564693200,1.21307,1.21696,1.20904,1.21624
1564952400,1.21624,1.21886,1.21018,1.21413
1565038800,1.21413,1.22098,1.21359,1.21689
1565125200,1.21689,1.2191,1.2121,1.21436
1565211600,1.21436,1.21828,1.20952,1.21351
1565298000,1.21351,1.21488,1.20241,1.20277
1565557200,1.20277,1.21066,1.20154,1.20756
1565643600,1.20756,1.20978,1.20421,1.20598
1565730000,1.20598,1.2101,1.2045,1.20591
1565816400,1.20591,1.21511,1.20508,1.20908
1565902800,1.20908,1.21754,1.20777,1.21466
1566162000,1.21466,1.21728,1.21048,1.21259
1566248400,1.21259,1.218,1.20644,1.21699
1566334800,1.21699,1.21752,1.21122,1.21227
1566421200,1.21227,1.22733,1.21087,1.22541
1566507600,1.22541,1.22935,1.21944,1.2289
1566766800,1.2289,1.2289,1.2208,1.22175
1566853200,1.22175,1.231,1.22092,1.22888
1566939600,1.22888,1.22916,1.2156,1.22103
1567026000,1.22103,1.22328,1.21726,1.21825
1567112400,1.21825,1.22257,1.21398,1.21638
1567371600,1.21638,1.21748,1.2036,1.20656
1567458000,1.20656,1.21057,1.19586,1.2086
1567544400,1.2086,1.22569,1.20833,1.22532
1567630800,1.22532,1.23538,1.22104,1.23317
1567717200,1.23317,1.23438,1.22795,1.22863
1567976400,1.22863,1.23852,1.22336,1.2345
1568062800,1.2345,1.238,1.23072,1.2358
1568149200,1.2358,1.23709,1.23128,1.23303
1568235600,1.23303,1.23668,1.22835,1.2331
1568322000,1.2331,1.25062,1.23274,1.25018
1568581200,1.25018,1.25091,1.23993,1.24293
1568667600,1.24293,1.25274,1.23926,1.25005
1568754000,1.25005,1.25123,1.2439,1.24713
1568840400,1.24713,1.25606,1.24382,1.25241
1568926800,1.25241,1.25824,1.24596,1.24739
1569186000,1.24739,1.24909,1.24131,1.24328
1569272400,1.24328,1.25032,1.24146,1.24942
1569358800,1.24942,1.24977,1.23476,1.23507
1569445200,1.23507,1.23806,1.23028,1.23234
1569531600,1.23234,1.23366,1.2271,1.22895
1569790800,1.22895,1.23462,1.22758,1.22967
1569877200,1.22967,1.23398,1.22059,1.23053
1569963600,1.23053,1.23244,1.22268,1.22994
1570050000,1.22994,1.24132,1.2266,1.2329
1570136400,1.2329,1.23572,1.22762,1.23329
1570395600,1.23153,1.23368,1.22874,1.22895
1570482000,1.22895,1.23027,1.21955,1.22193
1570568400,1.22193,1.22916,1.21978,1.22046
1570654800,1.22046,1.24696,1.22046,1.24415
1570741200,1.24415,1.27072,1.2408,1.26487
1571000400,1.26487,1.265,1.25162,1.26049
1571086800,1.26049,1.28004,1.26031,1.27841
1571173200,1.27841,1.28785,1.26568,1.28299
1571259600,1.28299,1.29908,1.27498,1.28915
1571346000,1.28915,1.29875,1.28398,1.29833
1571605200,1.29523,1.30126,1.28748,1.29599
1571691600,1.29599,1.3001,1.28624,1.28731
1571778000,1.28731,1.2922,1.28414,1.29149
1571864400,1.29149,1.29499,1.27888,1.28511
1571950800,1.28511,1.2863,1.28044,1.28288
1572210000,1.28288,1.28766,1.28116,1.28576
1572296400,1.28576,1.29049,1.28068,1.28709
1572382800,1.28709,1.29076,1.28452,1.28985
1572469200,1.28985,1.29759,1.2896,1.29411
1572555600,1.29411,1.29727,1.29266,1.29393
1572818400,1.29393,1.2943,1.28764,1.28827
1572904800,1.28827,1.29176,1.28594,1.2883
1572991200,1.2883,1.28972,1.28443,1.28554
1573077600,1.28554,1.28781,1.27944,1.28146
1573164000,1.28146,1.28245,1.2769,1.27757
1573423200,1.27757,1.28978,1.27757,1.28547
1573509600,1.28547,1.2874,1.28156,1.28454
1573596000,1.28454,1.28624,1.2822,1.28512
1573682400,1.28512,1.28884,1.28252,1.28818
1573768800,1.28818,1.29191,1.28673,1.29036
1574028000,1.29036,1.29854,1.29036,1.29527
1574114400,1.29527,1.297,1.29104,1.29263
1574200800,1.29263,1.29314,1.28878,1.29232
1574287200,1.29232,1.29702,1.28933,1.29097
1574373600,1.29097,1.29286,1.2823,1.2834
1574632800,1.2834,1.2912,1.2834,1.28997
1574719200,1.28997,1.29044,1.28351,1.28652
1574805600,1.28652,1.29188,1.28274,1.29147
1574892000,1.29147,1.2951,1.28995,1.29118
1574978400,1.29118,1.29444,1.28792,1.29374
1575237600,1.29374,1.29492,1.28964,1.29421
1575324000,1.29421,1.30118,1.29304,1.29963
1575410400,1.29963,1.31208,1.29828,1.31035
1575496800,1.31035,1.31664,1.31032,1.3159
1575583200,1.3159,1.31655,1.31006,1.31388
1575842400,1.31388,1.31814,1.31338,1.31425
1575928800,1.31425,1.32155,1.31326,1.31561
1576015200,1.31561,1.32137,1.31076,1.31954
1576101600,1.31954,1.32298,1.30509,1.31765
1576188000,1.31765,1.35152,1.31638,1.33339
1576447200,1.33339,1.34224,1.33213,1.33342
1576533600,1.33342,1.33366,1.30998,1.31309
1576620000,1.31309,1.31344,1.306,1.30783
1576706400,1.30783,1.31336,1.29898,1.30064
1576792800,1.30064,1.30796,1.29786,1.3
1577052000,1.3,1.30322,1.2905,1.29359
1577138400,1.29359,1.29709,1.29146,1.29434
1577311200,1.29434,1.3016,1.29424,1.29944
1577397600,1.29944,1.31174,1.29686,1.30856
1577656800,1.30856,1.31503,1.30756,1.31099
1577743200,1.31099,1.32844,1.3106,1.32604
1577916000,1.32604,1.32666,1.31155,1.31362
1578002400,1.31362,1.31606,1.30534,1.3079
1578261600,1.3079,1.31746,1.30644,1.3169
1578348000,1.3169,1.32126,1.30951,1.31212
1578434400,1.31212,1.31697,1.30803,1.30945
1578520800,1.30945,1.3124,1.3013,1.30672
1578607200,1.30672,1.30971,1.30425,1.30632
1578866400,1.30632,1.30632,1.29612,1.29866
1578952800,1.29866,1.30332,1.29544,1.30193
1579039200,1.30193,1.30426,1.29848,1.30386
1579125600,1.30386,1.30832,1.30254,1.30782
1579212000,1.30782,1.3119,1.30066,1.30089
1579471200,1.30089,1.30136,1.29621,1.30105
1579557600,1.30105,1.30834,1.29954,1.30482
1579644000,1.30482,1.3153,1.30348,1.31415
1579730400,1.31415,1.31514,1.30968,1.31262
1579816800,1.31262,1.31752,1.3057,1.3072
1580076000,1.3072,1.31053,1.304,1.30568
1580162400,1.30568,1.30651,1.29752,1.30276
1580248800,1.30276,1.30301,1.29896,1.30202
1580335200,1.30202,1.31102,1.29778,1.3092
1580421600,1.3092,1.32098,1.30844,1.32053
1580680800,1.32053,1.32053,1.298295,1.29994
1580767200,1.29994,1.30468,1.29413,1.30312
1580853600,1.30312,1.307,1.29566,1.30007
1580940000,1.30007,1.30023,1.2921,1.29284
1581026400,1.29284,1.29593,1.2882,1.28861
1581285600,1.28861,1.29462,1.28721,1.29145
1581372000,1.29145,1.296825,1.28946,1.29535
1581458400,1.29535,1.29916,1.2949,1.29576
1581544800,1.29576,1.30696,1.29441,1.30422
1581631200,1.30422,1.30634,1.30012,1.30466
1581890400,1.30466,1.30542,1.29984,1.30045
1581976800,1.30045,1.304885,1.2971,1.29977
1582063200,1.29977,1.30235,1.29076,1.29221
1582149600,1.29221,1.29287,1.284915,1.28815
1582236000,1.28815,1.2981,1.2878,1.29607
1582495200,1.29607,1.29607,1.28868,1.29312
1582581600,1.29312,1.301785,1.29142,1.30039
1582668000,1.30039,1.30082,1.2896,1.29007
1582754400,1.29007,1.29464,1.28602,1.28854
1582840800,1.28854,1.29198,1.2726,1.28192
1583100000,1.28192,1.28508,1.27399,1.27534
1583186400,1.27534,1.28441,1.27409,1.28143
1583272800,1.28143,1.28728,1.27702,1.28723
1583359200,1.28723,1.29686,1.2861,1.29532
1583445600,1.29532,1.30525,1.29474,1.30479
1583701200,1.30479,1.32008,1.3035,1.31203
1583787600,1.31203,1.31236,1.28821,1.29078
1583874000,1.29078,1.29765,1.28044,1.28181
1583960400,1.28181,1.28493,1.24911,1.25686
1584046800,1.25686,1.26248,1.22618,1.22772
1584306000,1.22772,1.24246,1.22022,1.22713
1584392400,1.22713,1.22736,1.20017,1.20546
1584478800,1.20546,1.213,1.14502,1.16099
1584565200,1.16099,1.1794,1.14722,1.14853
1584651600,1.14853,1.19348,1.14116,1.16497
1584910800,1.16497,1.17146,1.14472,1.15419
1584997200,1.15419,1.18,1.14926,1.17608
1585083600,1.17608,1.19738,1.16392,1.18801
1585170000,1.18801,1.22292,1.17772,1.22028
1585256400,1.22028,1.24856,1.2133,1.24571
1585515600,1.24571,1.24672,1.23175,1.24229
1585602000,1.24229,1.24734,1.22436,1.24156
1585688400,1.24156,1.24518,1.23308,1.23728
1585774800,1.23728,1.24755,1.2348,1.23963
1585861200,1.23963,1.24101,1.22052,1.22703
1586120400,1.22703,1.23272,1.221,1.22318
1586206800,1.22318,1.23844,1.21656,1.23329
1586293200,1.23329,1.242,1.22882,1.23835
1586379600,1.23835,1.24842,1.23612,1.24587
1586466000,1.24587,1.2487,1.24458,1.24544
1586725200,1.24544,1.25368,1.24537,1.25031
1586811600,1.25031,1.26479,1.25002,1.26244
1586898000,1.26244,1.26309,1.2437,1.25212
1586984400,1.25212,1.25302,1.24086,1.24569
1587070800,1.24569,1.25228,1.24074,1.25016
1587330000,1.25016,1.25046,1.24166,1.24334
1587416400,1.24334,1.24482,1.22476,1.22938
1587502800,1.22938,1.23858,1.2275,1.23347
1587589200,1.23347,1.2415,1.23084,1.2346
1587675600,1.2346,1.23774,1.22984,1.23652
1587934800,1.23652,1.2455,1.23598,1.24307
1588021200,1.24307,1.25185,1.2404,1.24243
1588107600,1.24243,1.24856,1.23892,1.24697
1588194000,1.24697,1.26438,1.24292,1.2595
1588280400,1.2595,1.2601,1.24832,1.24946
1588539600,1.24946,1.24946,1.24056,1.24426
1588626000,1.24426,1.24838,1.24204,1.24346
1588712400,1.24346,1.24504,1.23354,1.23425
1588798800,1.23425,1.24182,1.22662,1.23617
1588885200,1.23617,1.2467,1.23556,1.24049
1589144400,1.24049,1.24377,1.2283,1.2334
1589230800,1.2334,1.23776,1.22556,1.22602
1589317200,1.22602,1.23398,1.221,1.22369
1589403600,1.22369,1.2242,1.2166,1.22317
1589490000,1.22317,1.2239,1.21015,1.21045
1589749200,1.21045,1.22275,1.20756,1.21951
1589835600,1.21951,1.22966,1.21841,1.22515
1589922000,1.22515,1.22876,1.22216,1.22379
1590008400,1.22379,1.22498,1.2186,1.22223
1590094800,1.22223,1.22338,1.21615,1.21648
1590354000,1.21648,1.22038,1.21641,1.219
1590440400,1.219,1.2363,1.21844,1.23364
1590526800,1.23364,1.2354,1.22042,1.226
1590613200,1.226,1.23446,1.22339,1.23217
1590699600,1.23217,1.23943,1.22906,1.23504
1590958800,1.23504,1.25066,1.2328,1.24883
1591045200,1.24883,1.25761,1.24786,1.25511
1591131600,1.25511,1.26153,1.25457,1.2576
1591218000,1.2576,1.26334,1.25007,1.25957
1591304400,1.25957,1.27314,1.25832,1.26686
1591563600,1.26686,1.27362,1.26281,1.27242
1591650000,1.27242,1.2756,1.26184,1.27285
1591736400,1.27285,1.28132,1.27066,1.27473
1591822800,1.27473,1.27546,1.25866,1.26018
1591909200,1.26018,1.26533,1.2474,1.25402
1592168400,1.25402,1.26064,1.24543,1.26064
1592254800,1.26064,1.26877,1.25527,1.25724
1592341200,1.25724,1.25886,1.25114,1.25552
1592427600,1.25552,1.25673,1.2402,1.24223
1592514000,1.24223,1.24559,1.23442,1.23484
1592773200,1.23484,1.24772,1.23356,1.24697
1592859600,1.24697,1.2532,1.24322,1.25206
1592946000,1.25206,1.25428,1.24144,1.24209
1593032400,1.24209,1.24646,1.23892,1.2419
1593118800,1.2419,1.2437,1.23147,1.2336
1593378000,1.2336,1.23898,1.22519,1.22998
1593464400,1.22998,1.2402,1.22578,1.24011
1593550800,1.24011,1.24905,1.23595,1.2475
1593637200,1.2475,1.25299,1.24564,1.24682
1593723600,1.24682,1.24921,1.24383,1.24813
1593982800,1.24813,1.25202,1.2465,1.2492
1594069200,1.2492,1.25922,1.24628,1.25441
1594155600,1.25441,1.26234,1.25086,1.26097
1594242000,1.26097,1.26696,1.26003,1.26049
1594328400,1.26049,1.26641,1.25668,1.26222
1594587600,1.26222,1.26664,1.25505,1.25535
1594674000,1.25535,1.25636,1.24802,1.25529
1594760400,1.25529,1.26496,1.25492,1.25867
1594846800,1.25867,1.26248,1.252,1.2554
1594933200,1.2554,1.25744,1.25121,1.25674
1595192400,1.25674,1.26656,1.25185,1.26618
1595278800,1.26618,1.2768,1.26501,1.27317
1595365200,1.27317,1.27438,1.26444,1.27332
1595451600,1.27332,1.276,1.26732,1.2741
1595538000,1.2741,1.28038,1.27174,1.27939
1595797200,1.27939,1.29026,1.27795,1.28813
1595883600,1.28813,1.29529,1.28386,1.29315
1595970000,1.29315,1.30134,1.2912,1.29974
1596056400,1.29974,1.3103,1.29445,1.30959
1596142800,1.30959,1.31702,1.30702,1.30855
1596402000,1.30855,1.31129,1.30049,1.30751
1596488400,1.30751,1.3108,1.29815,1.30711
1596574800,1.30711,1.31616,1.30575,1.31143
1596661200,1.31143,1.31859,1.31105,1.31423
1596747600,1.31423,1.31543,1.30098,1.30522
1597006800,1.30522,1.31036,1.30192,1.30732
1597093200,1.30732,1.31322,1.30418,1.3048
1597179600,1.3048,1.30676,1.30055,1.30319
1597266000,1.30319,1.3125,1.30284,1.30676
1597352400,1.30676,1.31428,1.30486,1.30858
1597611600,1.30858,1.31216,1.3074,1.31042
1597698000,1.31042,1.32499,1.30985,1.32379
1597784400,1.32379,1.32672,1.30942,1.30978
1597870800,1.30978,1.32246,1.30646,1.32145
1597957200,1.32145,1.32552,1.30586,1.30898
1598216400,1.30898,1.3149,1.30537,1.30631
1598302800,1.30631,1.31706,1.30588,1.31519
1598389200,1.31519,1.32192,1.31172,1.32103
1598475600,1.32103,1.32848,1.31616,1.32001
1598562000,1.32001,1.33568,1.31864,1.33512
1598821200,1.33512,1.33957,1.33014,1.33673
1598907600,1.33673,1.34825,1.33566,1.3384
1598994000,1.3384,1.34028,1.32834,1.33521
1599080400,1.33521,1.33586,1.32427,1.32814
1599166800,1.32814,1.33191,1.3176,1.32802
1599426000,1.32802,1.32802,1.31404,1.31698
1599512400,1.31698,1.31754,1.29802,1.2982
1599598800,1.2982,1.30234,1.2885,1.30008
1599685200,1.30008,1.30353,1.27732,1.28078
1599771600,1.28078,1.2866,1.27626,1.27956
1600030800,1.27956,1.29194,1.27752,1.28462
1600117200,1.28462,1.29262,1.28148,1.28887
1600203600,1.28887,1.30073,1.28753,1.29675
1600290000,1.29675,1.29998,1.28648,1.29723
1600376400,1.29723,1.3,1.29148,1.29172
1600635600,1.29172,1.29666,1.27754,1.28158
1600722000,1.28158,1.28676,1.27107,1.27329
1600808400,1.27329,1.27772,1.26752,1.27261
1600894800,1.27261,1.27817,1.26908,1.2745
1600981200,1.2745,1.28054,1.26876,1.27454
1601240400,1.27454,1.293,1.27454,1.28326
1601326800,1.28326,1.2903,1.28228,1.28592
1601413200,1.28592,1.29429,1.28054,1.29246
1601499600,1.29246,1.29788,1.28196,1.28873
1601586000,1.28873,1.2954,1.28372,1.29355
1601845200,1.29355,1.29916,1.28998,1.29802
1601931600,1.29802,1.30072,1.2867,1.28747
1602018000,1.28747,1.29296,1.2845,1.29195
1602104400,1.29195,1.29705,1.28916,1.29374
1602190800,1.29374,1.30497,1.2922,1.30464
1602450000,1.30464,1.30828,1.30056,1.30684
1602536400,1.30684,1.30723,1.29218,1.29357
1602622800,1.29357,1.30646,1.28629,1.30102
1602709200,1.30102,1.30302,1.28905,1.29045
1602795600,1.29045,1.29626,1.28629,1.29166
1603054800,1.29166,1.30246,1.2898,1.2947
1603141200,1.2947,1.29794,1.29113,1.29491
1603227600,1.29491,1.3177,1.29407,1.31455
1603314000,1.31455,1.31546,1.30707,1.3084
1603400400,1.3084,1.31226,1.30193,1.3041
1603659600,1.3041,1.3075,1.2993,1.30243
1603746000,1.30243,1.30796,1.3001,1.30463
1603832400,1.30463,1.30639,1.29166,1.29834
1603918800,1.29834,1.3026,1.28811,1.29346
1604005200,1.29346,1.29882,1.28991,1.29517
1604268000,1.29517,1.29517,1.28542,1.29185
1604354400,1.29185,1.30787,1.29107,1.30624
1604440800,1.30624,1.31404,1.29148,1.29901
1604527200,1.29901,1.31549,1.2932,1.31491
1604613600,1.31491,1.31772,1.30926,1.31558
1604872800,1.31558,1.32081,1.31185,1.31636
1604959200,1.31636,1.32784,1.31568,1.32725
1605045600,1.32725,1.33136,1.31916,1.3224
1605132000,1.3224,1.32284,1.31064,1.31212
1605218400,1.31212,1.32006,1.31092,1.31958
1605477600,1.31958,1.32425,1.31656,1.32039
1605564000,1.32039,1.32724,1.31902,1.32487
1605650400,1.32487,1.33124,1.32438,1.32666
1605736800,1.32666,1.32794,1.31962,1.32629
1605823200,1.32629,1.32974,1.32471,1.32844
1606082400,1.32844,1.33976,1.3264,1.33242
1606168800,1.33242,1.33805,1.3293,1.33622
1606255200,1.33622,1.33936,1.3304,1.33875
1606341600,1.33875,1.33978,1.33218,1.33569
1606428000,1.33569,1.33818,1.32869,1.3315
1606687200,1.3315,1.33853,1.33052,1.33239
1606773600,1.33239,1.34422,1.33158,1.34222
1606860000,1.34222,1.34411,1.32878,1.33686
1606946400,1.33686,1.35,1.33536,1.34526
1607032800,1.34526,1.35397,1.34106,1.34399
1607292000,1.34399,1.34399,1.32242,1.33816
1607378400,1.33816,1.33932,1.32896,1.33575
1607464800,1.33575,1.34783,1.33515,1.34066
1607551200,1.34066,1.34135,1.32454,1.32931
1607637600,1.32931,1.33248,1.31342,1.32234
1607896800,1.32234,1.34458,1.32234,1.33282
1607983200,1.33282,1.34697,1.32803,1.34621
1608069600,1.34621,1.35542,1.34347,1.35096
1608156000,1.35096,1.36246,1.34958,1.35857
1608242400,1.35857,1.35907,1.34716,1.35226
1608501600,1.35226,1.35226,1.31879,1.34627
1608588000,1.34627,1.34696,1.33042,1.33621
1608674400,1.33621,1.3571,1.33553,1.34946
1608760800,1.34946,1.36196,1.3492,1.35623
1609106400,1.35623,1.35759,1.34294,1.34505
1609192800,1.34505,1.3523,1.34449,1.35019
1609279200,1.35019,1.36256,1.34908,1.36245
1609365600,1.36245,1.36863,1.36044,1.36656
1609711200,1.36656,1.37039,1.35419,1.35724
1609797600,1.35724,1.36421,1.35544,1.36274
1609884000,1.36274,1.36712,1.35387,1.36082
1609970400,1.36082,1.36334,1.35325,1.35665
1610056800,1.35665,1.36358,1.35385,1.35688
1610316000,1.35688,1.35725,1.3451,1.35169
1610402400,1.35169,1.36704,1.35044,1.36656
1610488800,1.36656,1.37012,1.36118,1.364
1610575200,1.364,1.37106,1.36166,1.36886
1610661600,1.36886,1.3698,1.35722,1.35888
1610920800,1.35888,1.36042,1.35198,1.3586
1611007200,1.3586,1.36366,1.3576,1.36298
1611093600,1.36298,1.37188,1.36234,1.36552
1611180000,1.36552,1.3746,1.36531,1.37327
1611266400,1.37327,1.37365,1.3636,1.36842
1611525600,1.36842,1.37238,1.36488,1.36755
1611612000,1.36755,1.37444,1.36098,1.37362
1611698400,1.37362,1.37588,1.36594,1.36866
1611784800,1.36866,1.37459,1.36302,1.37203
1611871200,1.37203,1.37516,1.36574,1.3705
1612130400,1.3705,1.37579,1.36565,1.3662
1612216800,1.3662,1.37105,1.36113,1.36679
1612303200,1.36679,1.36832,1.36193,1.36461
1612389600,1.36461,1.3698,1.35662,1.36724
1612476000,1.36724,1.374,1.36617,1.3738
1612735200,1.3738,1.37494,1.36804,1.37405
1612821600,1.37405,1.38204,1.37378,1.38171
1612908000,1.38171,1.38661,1.38026,1.38355
1612994400,1.38355,1.38594,1.38006,1.38156
1613080800,1.38156,1.38626,1.37759,1.38506
1613340000,1.38506,1.39191,1.38491,1.3904
1613426400,1.3904,1.39516,1.38694,1.39021
1613512800,1.39021,1.39081,1.38296,1.38568
1613599200,1.38568,1.3986,1.38398,1.39747
1613685600,1.39747,1.4036,1.39514,1.40107
1613944800,1.40107,1.40866,1.39808,1.40641
1614031200,1.40641,1.41168,1.40543,1.41138
1614117600,1.41138,1.42426,1.40821,1.41406
1614204000,1.41406,1.41819,1.4,1.40172
1614290400,1.40172,1.40278,1.3888,1.39276
1614549600,1.39276,1.39993,1.3904,1.39243
1614636000,1.39243,1.3977,1.3859,1.39548
1614722400,1.39548,1.40066,1.3921,1.39551
1614808800,1.39551,1.40174,1.38803,1.38973
1614895200,1.38973,1.39067,1.3779,1.38378
1615154400,1.38378,1.38658,1.38004,1.38242
1615240800,1.38242,1.39256,1.38022,1.3896
1615327200,1.3896,1.39384,1.38456,1.39325
1615413600,1.39325,1.39956,1.39188,1.3993
1615500000,1.3993,1.4005,1.38636,1.39206
1615755600,1.39206,1.39498,1.38531,1.38927
1615842000,1.38927,1.3906,1.3809,1.38909
1615928400,1.38909,1.39712,1.3851,1.3964
1616014800,1.3964,1.40014,1.38976,1.39237
1616101200,1.39237,1.39592,1.38304,1.38692
1616360400,1.38692,1.38769,1.38179,1.38636
1616446800,1.38636,1.38665,1.37407,1.37521
1616533200,1.37521,1.37593,1.36741,1.36871
1616619600,1.36871,1.37456,1.36706,1.37339
1616706000,1.37339,1.38124,1.37308,1.37925
1616965200,1.37925,1.38468,1.37556,1.37624
1617051600,1.37624,1.37836,1.37062,1.37411
1617138000,1.37411,1.38118,1.37166,1.37828
1617224400,1.37828,1.38366,1.3746,1.38333
1617310800,1.38333,1.38525,1.38128,1.38354
1617570000,1.38354,1.39136,1.38132,1.39015
1617656400,1.39015,1.39188,1.38022,1.38246
1617742800,1.38246,1.384,1.37246,1.3737
1617829200,1.3737,1.37826,1.37186,1.37346
1617915600,1.37346,1.37508,1.367,1.3706
1618174800,1.3706,1.37768,1.36692,1.37413
1618261200,1.37413,1.3769,1.36945,1.37509
1618347600,1.37509,1.38086,1.37485,1.37797
1618434000,1.37797,1.3809,1.37616,1.37847
1618520400,1.37847,1.38436,1.3716,1.38414
1618779600,1.38414,1.39929,1.38097,1.39864
1618866000,1.39864,1.40092,1.39262,1.39358
1618952400,1.39358,1.39498,1.38856,1.39304
1619038800,1.39304,1.39498,1.38236,1.38381
1619125200,1.38381,1.38955,1.3835,1.38757
1619384400,1.38757,1.39295,1.38648,1.38969
1619470800,1.38969,1.39242,1.38588,1.3914
1619557200,1.3914,1.39507,1.3861,1.39334
1619643600,1.39334,1.39766,1.39322,1.39445
1619730000,1.39445,1.39584,1.38028,1.38177
1619989200,1.38177,1.39318,1.38012,1.3911
1620075600,1.3911,1.39178,1.38384,1.38881
1620162000,1.38881,1.39264,1.38762,1.39036
1620248400,1.39036,1.3941,1.38572,1.38913
1620334800,1.38913,1.40058,1.3888,1.39863
1620594000,1.39863,1.41582,1.39863,1.41175
1620680400,1.41175,1.41668,1.4104,1.41429
1620766800,1.41429,1.41534,1.405,1.40527
1620853200,1.40527,1.40782,1.40057,1.4052
1620939600,1.4052,1.4111,1.40362,1.40968
1621198800,1.40968,1.41467,1.40774,1.41313
1621285200,1.41313,1.42204,1.41313,1.41891
1621371600,1.41891,1.42009,1.40992,1.41147
1621458000,1.41147,1.41926,1.41016,1.41908
1621544400,1.41908,1.4234,1.41406,1.41492
1621803600,1.41492,1.4172,1.41113,1.41566
1621890000,1.41566,1.42109,1.41156,1.41532
1621976400,1.41532,1.4176,1.41124,1.412
1622062800,1.412,1.42194,1.40919,1.42061
1622149200,1.42061,1.421,1.41364,1.41905
1622408400,1.41905,1.4218,1.4164,1.42138
1622494800,1.42138,1.42505,1.41467,1.41497
1622581200,1.41497,1.41834,1.41116,1.41714
1622667600,1.41714,1.42032,1.40864,1.41069
1622754000,1.41069,1.42006,1.4083,1.41596
1623013200,1.41596,1.41908,1.41114,1.4179
1623099600,1.4179,1.41846,1.41208,1.41541
1623186000,1.41541,1.41892,1.411,1.41178
1623272400,1.41178,1.41782,1.40734,1.41764
1623358800,1.41764,1.41854,1.40959,1.41073
1623618000,1.41073,1.41271,1.40702,1.41118
1623704400,1.41118,1.41287,1.40344,1.40843
1623790800,1.40843,1.41326,1.39827,1.39869
1623877200,1.39869,1.40088,1.38959,1.39249
1623963600,1.39249,1.39448,1.37922,1.38047
1624222800,1.38047,1.3937,1.37865,1.39337
1624309200,1.39337,1.39638,1.38604,1.39493
1624395600,1.39493,1.40015,1.3924,1.39626
1624482000,1.39626,1.39867,1.38896,1.3923
1624568400,1.3923,1.39354,1.38713,1.38848
1624827600,1.38848,1.39398,1.38709,1.38804
1624914000,1.38804,1.38842,1.3814,1.38403
1625000400,1.38403,1.38732,1.37984,1.3831
1625086800,1.3831,1.38372,1.37526,1.37661
1625173200,1.37661,1.38449,1.37316,1.38273
1625432400,1.38273,1.3862,1.38171,1.38432
1625518800,1.38432,1.38987,1.3773,1.37994
1625605200,1.37994,1.38419,1.3754,1.3802
1625691600,1.3802,1.38058,1.3742,1.37864
1625778000,1.37864,1.3908,1.37554,1.38988
1626037200,1.38988,1.39104,1.38389,1.3886
1626123600,1.3886,1.39052,1.38001,1.38139
1626210000,1.38139,1.38922,1.38016,1.38609
1626296400,1.38609,1.38991,1.38049,1.38279
1626382800,1.38279,1.38622,1.37607,1.37653
1626642000,1.37653,1.37778,1.36547,1.36747
1626728400,1.36747,1.36896,1.3572,1.36264
1626814800,1.36264,1.37234,1.35914,1.37161
1626901200,1.37161,1.37872,1.36904,1.37683
1626987600,1.37683,1.37804,1.37201,1.37522
1627246800,1.37522,1.38336,1.37372,1.38187
1627333200,1.38187,1.38942,1.37669,1.38784
1627419600,1.38784,1.39116,1.38428,1.39019
1627506000,1.39019,1.39819,1.38984,1.3959
1627592400,1.3959,1.39835,1.38883,1.39038
1627851600,1.39038,1.39325,1.38758,1.38832
1627938000,1.38832,1.39388,1.38791,1.39158
1628024400,1.39158,1.39578,1.38856,1.38889
1628110800,1.38889,1.39491,1.38723,1.393
1628197200,1.393,1.39344,1.38613,1.38729
1628456400,1.38729,1.38946,1.38409,1.38468
1628542800,1.38468,1.38725,1.38276,1.38444
1628629200,1.38444,1.3888,1.38029,1.38663
1628715600,1.38663,1.38788,1.37951,1.3808
1628802000,1.3808,1.3875,1.37908,1.38692
1629061200,1.38692,1.38786,1.38278,1.38439
1629147600,1.38439,1.38459,1.37263,1.37429
1629234000,1.37429,1.37863,1.37277,1.37541
1629320400,1.37541,1.37584,1.36322,1.36374
1629406800,1.36374,1.36449,1.36024,1.3622
1629666000,1.3622,1.37324,1.36125,1.3724
1629752400,1.3724,1.37479,1.36937,1.37291
1629838800,1.37291,1.37672,1.36968,1.37642
1629925200,1.37642,1.37681,1.36895,1.37001
1630011600,1.37001,1.3781,1.36798,1.37621
1630270800,1.37621,1.37752,1.3734,1.37606
1630357200,1.37606,1.3808,1.3743,1.3754
1630443600,1.3754,1.37984,1.37312,1.3769
1630530000,1.3769,1.38398,1.37672,1.38332
1630616400,1.38332,1.3892,1.38179,1.38648
1630875600,1.38648,1.38714,1.38189,1.3837
1630962000,1.3837,1.38568,1.37678,1.37852
1631048400,1.37852,1.37907,1.37266,1.37712
1631134800,1.37712,1.38625,1.37534,1.38358
1631221200,1.38358,1.38884,1.38264,1.38367
1631480400,1.38367,1.38512,1.37972,1.38401
1631566800,1.38401,1.39132,1.38037,1.3808
1631653200,1.3808,1.38539,1.37928,1.3841
1631739600,1.3841,1.38528,1.37646,1.37961
1631826000,1.37961,1.38129,1.37274,1.37382
1632085200,1.37382,1.3752,1.36406,1.36577
1632171600,1.36577,1.3693,1.36414,1.36605
1632258000,1.36605,1.36899,1.36097,1.36168
1632344400,1.36168,1.37508,1.36123,1.372
1632430800,1.372,1.37365,1.36576,1.36745
1632690000,1.36745,1.37292,1.36582,1.37016
1632776400,1.37016,1.37175,1.35206,1.35379
1632862800,1.35379,1.35548,1.34118,1.34282
1632949200,1.34282,1.35175,1.34157,1.34747
1633035600,1.34747,1.35758,1.34338,1.35446
1633294800,1.35446,1.36405,1.3532,1.36094
1633381200,1.36094,1.3648,1.35846,1.36289
1633467600,1.36289,1.36341,1.35441,1.35812
1633554000,1.35812,1.36384,1.35706,1.36143
1633640400,1.36143,1.3659,1.35836,1.36163
1633899600,1.36163,1.36738,1.35846,1.3594
1633986000,1.3594,1.36376,1.35685,1.35886
1634072400,1.35886,1.3665,1.35758,1.36621
1634158800,1.36621,1.37344,1.36562,1.36727
1634245200,1.36727,1.37734,1.36678,1.37491
1634504400,1.37491,1.37656,1.37091,1.37279
1634590800,1.37279,1.38338,1.37236,1.37944
1634677200,1.37944,1.38344,1.37426,1.38241
1634763600,1.38241,1.38332,1.37763,1.37936
1634850000,1.37936,1.38156,1.37358,1.37527
1635109200,1.37527,1.3792,1.37418,1.37685
1635195600,1.37685,1.38295,1.3757,1.37664
1635282000,1.37664,1.3781,1.37096,1.37435
1635368400,1.37435,1.38152,1.37222,1.37926
1635454800,1.37926,1.3804,1.36681,1.36834
1635714000,1.36834,1.3693,1.36418,1.36636
1635800400,1.36636,1.36731,1.36055,1.36127
1635886800,1.36127,1.36923,1.36074,1.3682
1635973200,1.3682,1.36982,1.34715,1.35011
1636059600,1.35011,1.35092,1.34246,1.34972
1636322400,1.34972,1.358,1.34502,1.35634
1636408800,1.35634,1.36075,1.35242,1.35583
1636495200,1.35583,1.3565,1.34017,1.34045
1636581600,1.34045,1.34332,1.3359,1.33709
1636668000,1.33709,1.34263,1.33534,1.34179
1636927200,1.34179,1.34498,1.34034,1.34147
1637013600,1.34147,1.3473,1.34055,1.34294
1637100000,1.34294,1.34962,1.33964,1.34917
1637186400,1.34917,1.35136,1.3464,1.34975
1637272800,1.34975,1.35098,1.34075,1.3444
1637532000,1.3444,1.34499,1.33845,1.33954
1637618400,1.33954,1.34098,1.33426,1.33784
1637704800,1.33784,1.33902,1.33158,1.33294
1637791200,1.33294,1.33538,1.33054,1.33239
1637877600,1.33239,1.33648,1.32782,1.33338
1638136800,1.33338,1.33631,1.32877,1.33164
1638223200,1.33164,1.33704,1.31948,1.33024
1638309600,1.33024,1.3352,1.32621,1.32749
1638396000,1.32749,1.33339,1.32705,1.32998
1638482400,1.32998,1.33106,1.3209,1.32373
1638741600,1.32373,1.32864,1.32225,1.32641
1638828000,1.32641,1.32894,1.32089,1.32428
1638914400,1.32428,1.32616,1.3161,1.32045
1639000800,1.32045,1.32228,1.31708,1.32197
1639087200,1.32197,1.32756,1.31874,1.32642
1639346400,1.32642,1.32687,1.32076,1.32135
1639432800,1.32135,1.3257,1.31912,1.3227
1639519200,1.3227,1.32828,1.3172,1.32621
1639605600,1.32621,1.33746,1.32414,1.3323
1639692000,1.3323,1.33394,1.32314,1.32378
1639951200,1.32378,1.32466,1.31736,1.32093
1640037600,1.32093,1.3271,1.31978,1.32696
1640124000,1.32696,1.33634,1.32404,1.33567
1640210400,1.33567,1.3438,1.33425,1.34145
1640296800,1.34145,1.34212,1.33849,1.33936
1640556000,1.33936,1.34453,1.3392,1.34446
1640642400,1.34446,1.34618,1.34149,1.343
1640728800,1.343,1.34996,1.34088,1.34879
1640815200,1.34879,1.3522,1.34544,1.35033
1640901600,1.35033,1.35504,1.34656,1.35311
1641160800,1.35311,1.35357,1.34308,1.34786
1641247200,1.34786,1.35573,1.34594,1.35277
1641333600,1.35277,1.35986,1.35228,1.35563
1641420000,1.35563,1.35592,1.34903,1.35366
1641506400,1.35366,1.35976,1.35278,1.35906
1641765600,1.35906,1.36036,1.35323,1.35796
1641852000,1.35796,1.36362,1.35616,1.36347
1641938400,1.36347,1.37146,1.36208,1.37044
1642024800,1.37044,1.37489,1.37009,1.37074
1642111200,1.37074,1.37431,1.36534,1.36818
1642370400,1.36818,1.369,1.36374,1.36434
1642456800,1.36434,1.36616,1.35732,1.35981
1642543200,1.35981,1.36492,1.35878,1.36122
1642629600,1.36122,1.3662,1.35873,1.35981
1642716000,1.35981,1.36025,1.35456,1.35544
1642975200,1.35544,1.35657,1.34404,1.34918
1643061600,1.34918,1.35188,1.34366,1.35046
1643148000,1.35046,1.35249,1.34449,1.34657
1643234400,1.34657,1.34684,1.33582,1.3381
1643320800,1.3381,1.3433,1.33654,1.34053
1643580000,1.34053,1.34606,1.33864,1.3445
1643666400,1.3445,1.35286,1.34344,1.35249
1643752800,1.35249,1.35874,1.3517,1.35738
1643839200,1.35738,1.3628,1.35382,1.35993
1643925600,1.35993,1.36152,1.35048,1.3534
1644184800,1.3534,1.3551,1.34906,1.35358
1644271200,1.35358,1.3564,1.35077,1.35488
1644357600,1.35488,1.35895,1.35269,1.35346
1644444000,1.35346,1.36437,1.35234,1.35614
1644530400,1.35614,1.36096,1.3514,1.35592
1644789600,1.35592,1.35729,1.34952,1.3533
1644876000,1.3533,1.35671,1.34865,1.35432
1644962400,1.35432,1.36012,1.35294,1.35829
1645048800,1.35829,1.36383,1.35558,1.36144
1645135200,1.36144,1.3643,1.35731,1.35874
1645394400,1.35874,1.36386,1.35857,1.36005
1645480800,1.36005,1.36047,1.35385,1.35866
1645567200,1.35866,1.36207,1.35358,1.35466
1645653600,1.35466,1.35507,1.3273,1.33727
1645740000,1.33727,1.3439,1.33667,1.34137
1645999200,1.34137,1.34318,1.33232,1.34218
1646085600,1.34218,1.34373,1.33025,1.3325
1646172000,1.3325,1.3407,1.32714,1.34056
1646258400,1.34056,1.34181,1.33174,1.33487
1646344800,1.33487,1.33564,1.32022,1.32375
1646604000,1.32375,1.32496,1.31022,1.31037
1646690400,1.31037,1.31448,1.3082,1.31013
1646776800,1.31013,1.319,1.30886,1.31869
1646863200,1.31869,1.31947,1.30816,1.30822
1646949600,1.30822,1.31252,1.30276,1.3037
1647205200,1.3037,1.30792,1.3001,1.30017
1647291600,1.30017,1.30888,1.30004,1.30419
1647378000,1.30419,1.31566,1.30334,1.3148
1647464400,1.3148,1.32116,1.30876,1.31498
1647550800,1.31498,1.3197,1.31108,1.31778
1647810000,1.31778,1.32102,1.31267,1.31688
1647896400,1.31688,1.32739,1.312,1.32626
1647982800,1.32626,1.32988,1.31752,1.3206
1648069200,1.3206,1.32144,1.31569,1.3189
1648155600,1.3189,1.32251,1.31594,1.31804
1648414800,1.31804,1.31878,1.30664,1.30948
1648501200,1.30948,1.316,1.3051,1.30939
1648587600,1.30939,1.31827,1.30877,1.31365
1648674000,1.31365,1.3176,1.3106,1.3144
1648760400,1.3144,1.3152,1.30865,1.31146
1649019600,1.31146,1.31373,1.30932,1.31153
1649106000,1.31153,1.3167,1.30668,1.30733
1649192400,1.30733,1.31084,1.30456,1.30682
1649278800,1.30682,1.31068,1.30517,1.30738
1649365200,1.30738,1.30868,1.29821,1.30358
1649624400,1.30358,1.30568,1.2989,1.30282
1649710800,1.30282,1.3054,1.29939,1.30016
1649797200,1.30016,1.31176,1.29724,1.3117
1649883600,1.3117,1.31475,1.30336,1.30795
1649970000,1.30795,1.30795,1.30469,1.30576
1650229200,1.30576,1.3065,1.3005,1.30121
1650315600,1.30121,1.3041,1.29807,1.29993
1650402000,1.29993,1.30708,1.29929,1.30688
1650488400,1.30688,1.30906,1.30225,1.3026
1650574800,1.3026,1.30356,1.28231,1.28384
1650834000,1.28384,1.28444,1.26972,1.27412
1650920400,1.27412,1.27726,1.25714,1.25749
1651006800,1.25749,1.2602,1.25026,1.25458
1651093200,1.25458,1.25701,1.24112,1.246
1651179600,1.246,1.26146,1.24511,1.25759
1651438800,1.25759,1.25976,1.2473,1.24917
1651525200,1.24917,1.25674,1.24706,1.24954
1651611600,1.24954,1.26384,1.24518,1.26358
1651698000,1.26358,1.26362,1.2325,1.2356
1651784400,1.2356,1.23806,1.2276,1.23352
1652043600,1.23352,1.24062,1.2261,1.23291
1652130000,1.23291,1.23758,1.22914,1.23168
1652216400,1.23168,1.24006,1.22376,1.22464
1652302800,1.22464,1.22536,1.21653,1.21986
1652389200,1.21986,1.22628,1.21554,1.22596
1652648400,1.22596,1.23296,1.2217,1.23218
1652734800,1.23218,1.2499,1.2317,1.2493
1652821200,1.2493,1.25013,1.233,1.23406
1652907600,1.23406,1.25248,1.23378,1.24713
1652994000,1.24713,1.25004,1.2437,1.24918
1653253200,1.24918,1.2601,1.24795,1.25879
1653339600,1.25879,1.25991,1.24716,1.25344
1653426000,1.25344,1.2591,1.24811,1.25828
1653512400,1.25828,1.26209,1.25519,1.26084
1653598800,1.26084,1.2667,1.25858,1.26316
1653858000,1.26316,1.266,1.26166,1.26552
1653944400,1.26552,1.26558,1.25604,1.26019
1654030800,1.26019,1.26168,1.24586,1.24846
1654117200,1.24846,1.25868,1.24694,1.25783
1654203600,1.25783,1.259,1.24852,1.24884
1654462800,1.24884,1.25777,1.24768,1.2529
1654549200,1.2529,1.25996,1.24303,1.2591
1654635600,1.2591,1.25977,1.25135,1.25362
1654722000,1.25362,1.25588,1.24872,1.24955
1654808400,1.24955,1.25178,1.23012,1.2317
1655067600,1.2317,1.23224,1.2107,1.21305
1655154000,1.21305,1.22082,1.19341,1.19972
1655240400,1.19972,1.2205,1.19894,1.21728
1655326800,1.21728,1.24066,1.20412,1.23529
1655413200,1.23529,1.23632,1.21728,1.22154
1655672400,1.22154,1.22805,1.21994,1.22483
1655758800,1.22483,1.23246,1.22418,1.22794
1655845200,1.22794,1.23146,1.21612,1.22626
1655931600,1.22626,1.22947,1.21703,1.22604
1656018000,1.22604,1.2321,1.22409,1.22756
1656277200,1.22756,1.23326,1.22381,1.22656
1656363600,1.22656,1.22916,1.21806,1.2184
1656450000,1.2184,1.2213,1.21058,1.21233
1656536400,1.21233,1.21886,1.20922,1.21787
1656622800,1.21787,1.21804,1.19761,1.20906
1656882000,1.20906,1.21653,1.20848,1.21006
1656968400,1.21006,1.21256,1.18988,1.1958
1657054800,1.1958,1.19895,1.1876,1.19228
1657141200,1.19228,1.203,1.1909,1.20242
1657227600,1.20242,1.20564,1.19195,1.20328
1657486800,1.20328,1.20373,1.18667,1.189
1657573200,1.189,1.19161,1.18075,1.18877
1657659600,1.18877,1.19676,1.18274,1.18904
1657746000,1.18904,1.18944,1.17603,1.18255
1657832400,1.18255,1.18748,1.18044,1.1869
1658091600,1.1869,1.20334,1.18629,1.19515
1658178000,1.19515,1.20458,1.19252,1.19976
1658264400,1.19976,1.20378,1.19534,1.19796
1658350800,1.19796,1.20038,1.18899,1.20024
1658437200,1.20024,1.20642,1.19162,1.20082
1658696400,1.20082,1.20868,1.19606,1.20482
1658782800,1.20482,1.20904,1.19638,1.20317
1658869200,1.20317,1.21862,1.20208,1.21564
1658955600,1.21564,1.21914,1.21034,1.2178
1659042000,1.2178,1.22456,1.20632,1.21842
1659301200,1.21842,1.22938,1.21574,1.22538
1659387600,1.22538,1.22798,1.21586,1.2162
1659474000,1.2162,1.2208,1.21,1.21471
1659560400,1.21471,1.2218,1.20654,1.21586
1659646800,1.21586,1.21692,1.20034,1.2069
1659906000,1.2069,1.21379,1.20476,1.2081
1659992400,1.2081,1.21306,1.2063,1.20742
1660078800,1.20742,1.2277,1.20652,1.22179
1660165200,1.22179,1.22494,1.21822,1.22008
1660251600,1.22008,1.2217,1.20996,1.21362
1660510800,1.21362,1.21484,1.20505,1.20551
1660597200,1.20551,1.2118,1.20078,1.20986
1660683600,1.20986,1.21438,1.20282,1.205
1660770000,1.205,1.20797,1.19228,1.1932
1660856400,1.1932,1.19376,1.1792,1.18291
1661115600,1.18291,1.1837,1.1742,1.17654
1661202000,1.17654,1.18782,1.17172,1.18308
1661288400,1.18308,1.18385,1.17557,1.1794
1661374800,1.1794,1.18648,1.17836,1.18353
1661461200,1.18353,1.19015,1.17338,1.17457
1661720400,1.17457,1.17457,1.16486,1.17056
1661806800,1.17056,1.17608,1.16214,1.16541
1661893200,1.16541,1.16942,1.15991,1.16212
1661979600,1.16212,1.16241,1.14986,1.15436
1662066000,1.15436,1.15889,1.14962,1.15118
1662325200,1.15118,1.15217,1.14436,1.152
1662411600,1.152,1.16096,1.14938,1.15192
1662498000,1.15192,1.15396,1.14052,1.15374
1662584400,1.15374,1.1561,1.14605,1.1502
1662670800,1.1502,1.16481,1.14989,1.15911
1662930000,1.15911,1.17108,1.15911,1.16826
1663016400,1.16826,1.17384,1.14926,1.14933
1663102800,1.14933,1.159,1.14802,1.15398
1663189200,1.15398,1.15496,1.14618,1.1469
1663275600,1.1469,1.14808,1.13508,1.14196
1663534800,1.14196,1.14426,1.13554,1.14339
1663621200,1.14339,1.14608,1.13574,1.13822
1663707600,1.13822,1.13851,1.12368,1.12678
1663794000,1.12678,1.13647,1.12119,1.12568
1663880400,1.12568,1.12741,1.08394,1.08484
1664139600,1.08484,1.09306,1.03595,1.06856
1664226000,1.06856,1.08384,1.0653,1.07339
1664312400,1.07339,1.09164,1.05394,1.08892
1664398800,1.08892,1.1119,1.07623,1.1118
1664485200,1.1118,1.12348,1.10252,1.11684
1664744400,1.11684,1.13346,1.1086,1.13209
1664830800,1.13209,1.14902,1.12808,1.14748
1664917200,1.14748,1.14958,1.12269,1.13285
1665003600,1.13285,1.13833,1.11128,1.11634
1665090000,1.11634,1.12252,1.10553,1.10956
1665349200,1.10956,1.11118,1.10198,1.10572
1665435600,1.10572,1.11803,1.09528,1.09714
1665522000,1.09714,1.11341,1.09234,1.1099
1665608400,1.1099,1.13808,1.10576,1.13338
1665694800,1.13338,1.13671,1.11517,1.11798
1665954000,1.11798,1.144,1.11798,1.13634
1666040400,1.13634,1.14119,1.12555,1.13182
1666126800,1.13182,1.13581,1.11852,1.12174
1666213200,1.12174,1.13366,1.11714,1.12322
1666299600,1.12322,1.13152,1.10606,1.12972
1666558800,1.12972,1.14084,1.12577,1.12792
1666645200,1.12792,1.14996,1.1271,1.14746
1666731600,1.14746,1.16391,1.14307,1.16306
1666818000,1.16306,1.16457,1.15492,1.15654
1666904400,1.15654,1.16239,1.15042,1.16135
1667163600,1.16135,1.16136,1.14603,1.14672
1667250000,1.14672,1.15662,1.14373,1.14814
1667336400,1.14814,1.1565,1.13881,1.13896
1667422800,1.13896,1.14224,1.11519,1.11578
1667509200,1.11578,1.13823,1.11468,1.13749
1667772000,1.13749,1.15416,1.12904,1.15138
1667858400,1.15138,1.15996,1.14299,1.15466
1667944800,1.15466,1.15675,1.1334,1.13562
1668031200,1.13562,1.17318,1.13538,1.17108
1668117600,1.17108,1.1855,1.16474,1.1835
1668376800,1.1835,1.1835,1.17099,1.17585
1668463200,1.17585,1.20298,1.17408,1.18676
1668549600,1.18676,1.19422,1.18317,1.19151
1668636000,1.19151,1.19581,1.17628,1.18662
1668722400,1.18662,1.1951,1.18577,1.18841
1668981600,1.18841,1.19004,1.17788,1.18231
1669068000,1.18231,1.1903,1.18188,1.18837
1669154400,1.18837,1.20808,1.18729,1.20544
1669240800,1.20544,1.21537,1.20496,1.21136
1669327200,1.21136,1.21279,1.20582,1.20947
1669586400,1.20947,1.21184,1.19405,1.19602
1669672800,1.19602,1.20646,1.19452,1.19506
1669759200,1.19506,1.20872,1.19005,1.20571
1669845600,1.20571,1.2311,1.20529,1.2255
1669932000,1.2255,1.23,1.21346,1.2295
1670191200,1.2295,1.23446,1.21618,1.21985
1670277600,1.21985,1.22696,1.2128,1.21332
1670364000,1.21332,1.22347,1.21066,1.221
1670450400,1.221,1.22474,1.21548,1.22367
1670536800,1.22367,1.23227,1.22052,1.22627
1670796000,1.22627,1.2299,1.2207,1.2262
1670882400,1.2262,1.2444,1.22487,1.23654
1670968800,1.23654,1.24468,1.23421,1.24274
1671055200,1.24274,1.24318,1.21567,1.21791
1671141600,1.21791,1.22236,1.21198,1.21354
1671400800,1.21354,1.2242,1.21208,1.21458
1671487200,1.21458,1.2224,1.20856,1.21838
1671573600,1.21838,1.21924,1.20554,1.20827
1671660000,1.20827,1.21476,1.19924,1.20414
1671746400,1.20414,1.20902,1.20187,1.20512
1672092000,1.20512,1.21126,1.20025,1.2032
1672178400,1.2032,1.21258,1.20022,1.20194
1672264800,1.20194,1.20788,1.20146,1.20548
1672351200,1.20548,1.21076,1.201,1.20978
1672610400,1.20978,1.2106,1.20346,1.20483
1672696800,1.20483,1.2085,1.19002,1.19676
1672783200,1.19676,1.20878,1.19583,1.2056
1672869600,1.2056,1.20782,1.18736,1.19098
1672956000,1.19098,1.20995,1.18413,1.20926
1673215200,1.20926,1.221,1.20859,1.21852
1673301600,1.21852,1.21983,1.211,1.21498
1673388000,1.21498,1.21786,1.21004,1.21502
1673474400,1.21502,1.2247,1.20888,1.22136
1673560800,1.22136,1.22488,1.21504,1.22241
1673820000,1.22241,1.22892,1.21716,1.21968
1673906400,1.21968,1.23008,1.21694,1.22883
1673992800,1.22883,1.2436,1.22544,1.23444
1674079200,1.23444,1.23974,1.23132,1.2394
1674165600,1.2394,1.24046,1.23354,1.23981
1674424800,1.23981,1.24482,1.23236,1.23783
1674511200,1.23783,1.24138,1.22632,1.234
1674597600,1.234,1.24045,1.22832,1.24004
1674684000,1.24004,1.24307,1.23449,1.24122
1674770400,1.24122,1.24191,1.23452,1.23918
1675029600,1.23918,1.24174,1.23369,1.2352
1675116000,1.2352,1.23714,1.22844,1.23198
1675202400,1.23198,1.23944,1.22722,1.23722
1675288800,1.23722,1.24018,1.22225,1.22241
1675375200,1.22241,1.22656,1.20476,1.2054
1675634400,1.2054,1.20776,1.20057,1.20215
1675720800,1.20215,1.20954,1.19612,1.20485
1675807200,1.20485,1.21098,1.20386,1.20711
1675893600,1.20711,1.2194,1.20568,1.21184
1675980000,1.21184,1.21398,1.20472,1.20585
1676239200,1.20585,1.21519,1.20308,1.21396
1676325600,1.21396,1.22703,1.2117,1.21752
1676412000,1.21752,1.21818,1.19896,1.20341
1676498400,1.20341,1.20742,1.19652,1.19875
1676584800,1.19875,1.20496,1.19151,1.2042
1676844000,1.2042,1.2057,1.20145,1.20404
1676930400,1.20404,1.21478,1.19861,1.21115
1677016800,1.21115,1.21357,1.20346,1.20438
1677103200,1.20438,1.20752,1.19922,1.2015
1677189600,1.2015,1.2042,1.19282,1.194
1677448800,1.194,1.20662,1.19225,1.20618
1677535200,1.20618,1.21434,1.20179,1.2019
1677621600,1.2019,1.20893,1.19651,1.2027
1677708000,1.2027,1.20368,1.19244,1.19468
1677794400,1.19468,1.20488,1.19436,1.20437
1678053600,1.20437,1.20492,1.19928,1.20263
1678140000,1.20263,1.20653,1.18214,1.18266
1678226400,1.18266,1.18598,1.18032,1.18418
1678312800,1.18418,1.19391,1.18318,1.1922
1678399200,1.1922,1.21137,1.19078,1.2033
1678654800,1.2033,1.22,1.2033,1.21832
1678741200,1.21832,1.2204,1.21357,1.21584
1678827600,1.21584,1.2182,1.20103,1.20548
1678914000,1.20548,1.21281,1.20272,1.21109
1679000400,1.21109,1.22008,1.21018,1.21822
1679259600,1.21822,1.22851,1.21671,1.22796
1679346000,1.22796,1.22828,1.21787,1.22178
1679432400,1.22178,1.23354,1.22087,1.22662
1679518800,1.22662,1.23438,1.22616,1.22868
1679605200,1.22868,1.22928,1.21904,1.22308
1679864400,1.22308,1.22934,1.2219,1.22885
1679950800,1.22885,1.23494,1.22811,1.23406
1680037200,1.23406,1.23618,1.23026,1.23172
1680123600,1.23172,1.23929,1.22938,1.23892
1680210000,1.23892,1.24233,1.23245,1.23304
1680469200,1.23304,1.24236,1.22746,1.24173
1680555600,1.24173,1.25254,1.2395,1.25008
1680642000,1.25008,1.25146,1.24327,1.24612
1680728400,1.24612,1.24872,1.24126,1.24394
1680814800,1.24394,1.2456,1.23892,1.24205
1681074000,1.24205,1.24428,1.23444,1.23836
1681160400,1.23836,1.24568,1.23795,1.24256
1681246800,1.24256,1.24956,1.23984,1.24825
1681333200,1.24825,1.25376,1.24782,1.2523
1681419600,1.2523,1.25469,1.23994,1.24145
1681678800,1.24145,1.24384,1.23533,1.2377
1681765200,1.2377,1.24502,1.23677,1.24254
1681851600,1.24254,1.24746,1.23922,1.24388
1681938000,1.24388,1.24681,1.24052,1.24436
1682024400,1.24436,1.24483,1.23669,1.24424
1682283600,1.24424,1.24862,1.24108,1.2485
1682370000,1.2485,1.25074,1.23868,1.24117
1682456400,1.24117,1.25156,1.24028,1.24688
1682542800,1.24688,1.24999,1.24364,1.2499
1682629200,1.2499,1.25842,1.24466,1.25678
1682888400,1.25678,1.25706,1.24806,1.24961
1682974800,1.24961,1.25126,1.24355,1.24681
1683061200,1.24681,1.25908,1.24654,1.25639
1683147600,1.25639,1.25989,1.25481,1.25736
1683234000,1.25736,1.26527,1.25599,1.26317
1683493200,1.26317,1.2669,1.2613,1.2619
1683579600,1.2619,1.26402,1.25782,1.26209
1683666000,1.26209,1.268,1.26024,1.26258
1683752400,1.26258,1.2641,1.24968,1.25122
1683838800,1.25122,1.2541,1.24449,1.24482
1684098000,1.24482,1.25348,1.2445,1.25279
1684184400,1.25279,1.25467,1.24653,1.24844
1684270800,1.24844,1.25106,1.24218,1.24862
1684357200,1.24862,1.2493,1.23918,1.24088
1684443600,1.24088,1.24844,1.23922,1.24452
1684702800,1.24452,1.24725,1.24138,1.2437
1684789200,1.2437,1.24468,1.23732,1.24158
1684875600,1.24158,1.24699,1.23578,1.23652
1684962000,1.23652,1.2387,1.23081,1.23212
1685048400,1.23212,1.23954,1.2311,1.23468
1685307600,1.23468,1.23722,1.23356,1.23546
1685394000,1.23546,1.24468,1.23272,1.24119
1685480400,1.24119,1.2444,1.2348,1.24432
1685566800,1.24432,1.254,1.24008,1.25262
1685653200,1.25262,1.25448,1.24416,1.24504
1685912400,1.24504,1.2458,1.23684,1.24336
1685998800,1.24336,1.2459,1.23916,1.24229
1686085200,1.24229,1.25,1.23953,1.24374
1686171600,1.24374,1.25611,1.24343,1.25596
1686258000,1.25596,1.25904,1.2534,1.25804
1686517200,1.25804,1.25998,1.2487,1.2513
1686603600,1.2513,1.2625,1.25102,1.26116
1686690000,1.26116,1.26993,1.26008,1.26611
1686776400,1.26611,1.27858,1.26296,1.2784
1686862800,1.2784,1.28486,1.27684,1.28232
1687122000,1.28232,1.28374,1.27708,1.27908
1687208400,1.27908,1.28072,1.27138,1.27642
1687294800,1.27642,1.28026,1.26912,1.27676
1687381200,1.27676,1.28436,1.27254,1.27482
1687467600,1.27482,1.27516,1.26852,1.2716
1687726800,1.2716,1.27488,1.26882,1.27112
1687813200,1.27112,1.27596,1.27034,1.27484
1687899600,1.27484,1.27522,1.26066,1.26359
1687986000,1.26359,1.26668,1.2591,1.26116
1688072400,1.26116,1.2728,1.25994,1.26976
1688331600,1.26976,1.27236,1.26586,1.26908
1688418000,1.26908,1.27394,1.26836,1.27134
1688504400,1.27134,1.27356,1.2688,1.27038
1688590800,1.27038,1.27812,1.26734,1.27391
1688677200,1.27391,1.28496,1.27258,1.28394
1688936400,1.28394,1.28684,1.27504,1.28611
1689022800,1.28611,1.2935,1.28572,1.29319
1689109200,1.29319,1.30006,1.29042,1.2989
1689195600,1.2989,1.31412,1.29841,1.31358
1689282000,1.31358,1.31424,1.30894,1.30933
1689541200,1.30933,1.31091,1.3051,1.30734
1689627600,1.30734,1.3126,1.30282,1.30345
1689714000,1.30345,1.3042,1.28676,1.29402
1689800400,1.29402,1.29648,1.28398,1.28684
1689886800,1.28684,1.29046,1.2816,1.28527
1690146000,1.28527,1.2884,1.27977,1.28226
1690232400,1.28226,1.29048,1.28096,1.2902
1690318800,1.2902,1.29608,1.28754,1.29422
1690405200,1.29422,1.29959,1.27819,1.27942
1690491600,1.27942,1.28885,1.27632,1.28488
1690750800,1.28488,1.28729,1.28282,1.2836
1690837200,1.2836,1.28417,1.27412,1.27774
1690923600,1.27774,1.2806,1.26804,1.27106
1691010000,1.27106,1.27284,1.26205,1.27094
1691096400,1.27094,1.27922,1.26828,1.27524
1691355600,1.27524,1.27894,1.27131,1.27839
1691442000,1.27839,1.27858,1.26842,1.27482
1691528400,1.27482,1.27822,1.27119,1.2719
1691614800,1.2719,1.2819,1.26698,1.26754
1691701200,1.26754,1.2739,1.2666,1.26946
1691960400,1.26946,1.27148,1.26166,1.26872
1692046800,1.26872,1.27526,1.2675,1.27036
1692133200,1.27036,1.27666,1.26872,1.27319
1692219600,1.27319,1.27876,1.2703,1.27458
1692306000,1.27458,1.2766,1.26892,1.27381
1692565200,1.27381,1.27668,1.27104,1.27582
1692651600,1.27582,1.28008,1.27186,1.27332
1692738000,1.27332,1.2765,1.26148,1.2723
1692824400,1.2723,1.27288,1.25912,1.25994
1692910800,1.25994,1.26546,1.25479,1.25778
1693170000,1.25778,1.26108,1.25658,1.2603
1693256400,1.2603,1.2655,1.25628,1.26432
1693342800,1.26432,1.27466,1.2619,1.27213
1693429200,1.27213,1.27346,1.26526,1.26721
1693515600,1.26721,1.27132,1.25774,1.25879
1693774800,1.25879,1.26426,1.25866,1.26288
1693861200,1.26288,1.26321,1.25282,1.25649
1693947600,1.25649,1.25881,1.2482,1.25076
1694034000,1.25076,1.25086,1.24458,1.24713
1694120400,1.24713,1.25142,1.24513,1.24618
1694379600,1.24618,1.25484,1.24618,1.25094
1694466000,1.25094,1.25306,1.24597,1.24936
1694552400,1.24936,1.2512,1.24348,1.24902
1694638800,1.24902,1.25064,1.23967,1.24094
1694725200,1.24094,1.2446,1.23788,1.23835
1694984400,1.23835,1.24108,1.23704,1.2385
1695070800,1.2385,1.2425,1.23702,1.23921
1695157200,1.23921,1.24216,1.2332,1.23436
1695243600,1.23436,1.23471,1.22338,1.22946
1695330000,1.22946,1.23002,1.22307,1.22394
1695589200,1.22394,1.2257,1.21939,1.22114
1695675600,1.22114,1.22156,1.21524,1.21568
1695762000,1.21568,1.21647,1.21104,1.21344
1695848400,1.21344,1.22246,1.212,1.2205
1695934800,1.2205,1.22718,1.21803,1.22042
1696194000,1.22042,1.22198,1.20864,1.20865
1696280400,1.20865,1.21018,1.20524,1.20772
1696366800,1.20772,1.21769,1.20372,1.21368
1696453200,1.21368,1.2196,1.21078,1.21922
1696539600,1.21922,1.22616,1.2106,1.22378
1696798800,1.22378,1.22444,1.21632,1.22376
1696885200,1.22376,1.22917,1.22118,1.22854
1696971600,1.22854,1.23376,1.22692,1.23112
1697058000,1.23112,1.23316,1.21718,1.21746
1697144400,1.21746,1.22255,1.21226,1.2146
1697403600,1.2146,1.22194,1.21385,1.22166
1697490000,1.22166,1.22178,1.2133,1.21826
1697576400,1.21826,1.22112,1.21372,1.21408
1697662800,1.21408,1.2192,1.20899,1.2142
1697749200,1.2142,1.21704,1.20933,1.21636
1698008400,1.21636,1.22587,1.21433,1.22467
1698094800,1.22467,1.22888,1.21535,1.21605
1698181200,1.21605,1.21762,1.21066,1.21115
1698267600,1.21115,1.21396,1.20695,1.21286
1698354000,1.21286,1.2163,1.21056,1.21212
1698613200,1.21212,1.21746,1.20903,1.21691
1698699600,1.21691,1.22008,1.21196,1.21477
1698786000,1.21477,1.21646,1.20958,1.21511
1698872400,1.21511,1.22258,1.21382,1.22042
1698958800,1.22042,1.23898,1.21846,1.23795
1699221600,1.23795,1.24286,1.23384,1.2344
1699308000,1.2344,1.23482,1.22624,1.22994
1699394400,1.22994,1.23023,1.22418,1.22849
1699480800,1.22849,1.23088,1.22128,1.2222
1699567200,1.2222,1.22379,1.21873,1.22268
1699826400,1.22268,1.22804,1.22222,1.22792
1699912800,1.22792,1.25058,1.22654,1.2498
1699999200,1.2498,1.25,1.24039,1.24164
1700085600,1.24164,1.2456,1.23763,1.2415
1700172000,1.2415,1.24649,1.2374,1.24622
1700431200,1.24622,1.25176,1.24462,1.2504
1700517600,1.2504,1.25592,1.25007,1.25376
1700604000,1.25376,1.25497,1.24492,1.24943
1700690400,1.24943,1.25723,1.2489,1.25356
1700776800,1.25356,1.26155,1.25246,1.26032
1701036000,1.26032,1.26443,1.25908,1.26286
1701122400,1.26286,1.27152,1.26068,1.26974
1701208800,1.26974,1.27334,1.26648,1.2695
1701295200,1.2695,1.27108,1.26034,1.26244
1701381600,1.26244,1.27162,1.2614,1.27106
1701640800,1.27106,1.27246,1.26038,1.26324
1701727200,1.26324,1.26522,1.25774,1.25954
1701813600,1.25954,1.26138,1.25518,1.25598
1701900000,1.25598,1.26128,1.25444,1.25922
1701986400,1.25922,1.26016,1.25023,1.25489
1702245600,1.25489,1.25908,1.25337,1.25563
1702332000,1.25563,1.26161,1.2514,1.25628
1702418400,1.25628,1.26348,1.25002,1.26182
1702504800,1.26182,1.27944,1.26121,1.27643
1702591200,1.27643,1.2791,1.26686,1.26766
1702850400,1.26766,1.27041,1.26289,1.26477
1702936800,1.26477,1.27619,1.26404,1.2732
1703023200,1.2732,1.27357,1.26251,1.26404
1703109600,1.26404,1.2696,1.26123,1.2691
1703196000,1.2691,1.27443,1.26793,1.26983
1703541600,1.26983,1.27304,1.26846,1.27244
1703628000,1.27244,1.28026,1.26988,1.27995
1703714400,1.27995,1.2828,1.27126,1.27306
1703800800,1.27306,1.27728,1.27004,1.27314
1704146400,1.27314,1.276,1.26108,1.26188
1704232800,1.26188,1.26766,1.26157,1.26644
1704319200,1.26644,1.27299,1.2657,1.26828
1704405600,1.26828,1.27712,1.26116,1.27193
1704664800,1.27193,1.2767,1.26734,1.27486
1704751200,1.27486,1.27652,1.26893,1.27096
1704837600,1.27096,1.27442,1.26863,1.2742
1704924000,1.2742,1.27812,1.26902,1.27628
1705010400,1.27628,1.27858,1.27195,1.27528
1705269600,1.27528,1.27652,1.2713,1.27282
1705356000,1.27282,1.27328,1.26194,1.26348
1705442400,1.26348,1.26962,1.25965,1.268
1705528800,1.268,1.27084,1.26482,1.27066
1705615200,1.27066,1.27148,1.26612,1.27037
1705874400,1.27037,1.2733,1.26868,1.27082
1705960800,1.27082,1.27473,1.26492,1.26873
1706047200,1.26873,1.27748,1.268,1.27242
1706133600,1.27242,1.27426,1.26816,1.27086
1706220000,1.27086,1.27586,1.26756,1.27022
1706479200,1.27022,1.2719,1.26622,1.27096
1706565600,1.27096,1.27212,1.26402,1.26994
1706652000,1.26994,1.27508,1.26582,1.26875
1706738400,1.26875,1.27558,1.26252,1.27428
1706824800,1.27428,1.27724,1.26141,1.26338
1707084000,1.26338,1.26388,1.25184,1.25356
1707170400,1.25356,1.26034,1.25322,1.25978
1707256800,1.25978,1.26422,1.25945,1.26284
1707343200,1.26284,1.2639,1.25718,1.26185
1707429600,1.26185,1.26432,1.2599,1.263
1707688800,1.263,1.26548,1.26062,1.26282
1707775200,1.26282,1.26922,1.25733,1.25926
1707861600,1.25926,1.26112,1.25354,1.2566
1707948000,1.2566,1.26024,1.2542,1.25999
1708034400,1.25999,1.26244,1.25508,1.26006
1708293600,1.26006,1.26297,1.25835,1.25966
1708380000,1.25966,1.26686,1.25792,1.2623
1708466400,1.2623,1.2642,1.26026,1.26378
1708552800,1.26378,1.27096,1.26116,1.26606
1708639200,1.26606,1.27014,1.26482,1.26724
1708898400,1.26724,1.26997,1.26567,1.26858
1708984800,1.26858,1.26969,1.26604,1.2686
1709071200,1.2686,1.26876,1.26216,1.26615
1709157600,1.26615,1.26818,1.26126,1.26245
1709244000,1.26245,1.2664,1.26001,1.26552
1709503200,1.26552,1.27066,1.26518,1.26914
1709589600,1.26914,1.2735,1.26712,1.27054
1709676000,1.27054,1.27616,1.26902,1.2732
1709762400,1.2732,1.2811,1.27231,1.28082
1709848800,1.28082,1.2894,1.2801,1.2857
1710104400,1.2857,1.28645,1.27951,1.28138
1710190800,1.28138,1.28236,1.2746,1.27938
1710277200,1.27938,1.28115,1.27746,1.27972
1710363600,1.27972,1.28231,1.27306,1.27529
1710450000,1.27529,1.27588,1.27252,1.27364
1710709200,1.27364,1.27468,1.2718,1.27292
1710795600,1.27292,1.2733,1.26678,1.27218
1710882000,1.27218,1.27872,1.26844,1.27865
1710968400,1.27865,1.28035,1.26504,1.26577
1711054800,1.26577,1.26753,1.25752,1.26004
1711314000,1.26004,1.26524,1.2592,1.26368
1711400400,1.26368,1.26681,1.2622,1.26279
1711486800,1.26279,1.26414,1.26056,1.26405
1711573200,1.26405,1.2655,1.2586,1.26238
1711659600,1.26238,1.26452,1.261,1.26229
1711918800,1.26229,1.26422,1.25396,1.25514
1712005200,1.25514,1.25787,1.25396,1.25781
1712091600,1.25781,1.2656,1.25624,1.26524
1712178000,1.26524,1.26835,1.26352,1.26426
1712264400,1.26426,1.26488,1.2574,1.26384
1712523600,1.26384,1.26642,1.26135,1.2655
1712610000,1.2655,1.27095,1.26489,1.26772
1712696400,1.26772,1.27085,1.25202,1.25406
1712782800,1.25406,1.25788,1.25109,1.2553
1712869200,1.2553,1.2559,1.24268,1.24492
1713128400,1.24492,1.24988,1.24358,1.24462
1713214800,1.24462,1.2472,1.24053,1.24268
1713301200,1.24268,1.24822,1.2417,1.24552
1713387600,1.24552,1.24846,1.24336,1.24366
1713474000,1.24366,1.24684,1.23668,1.23704
1713733200,1.23704,1.23925,1.22994,1.23497
1713819600,1.23497,1.24586,1.23317,1.24506
1713906000,1.24506,1.247,1.24226,1.2464
1713992400,1.2464,1.25268,1.24544,1.25132
1714078800,1.25132,1.25412,1.2449,1.24942
1714338000,1.24942,1.25696,1.24797,1.25618
1714424400,1.25618,1.25642,1.24901,1.24918
1714510800,1.24918,1.25503,1.24664,1.2529
1714597200,1.2529,1.25447,1.24719,1.25352
1714683600,1.25352,1.26348,1.25291,1.25472
1714942800,1.25472,1.25944,1.25384,1.25622
1715029200,1.25622,1.25709,1.25008,1.25082
1715115600,1.25082,1.25145,1.24678,1.24978
1715202000,1.24978,1.25268,1.24457,1.25238
1715288400,1.25238,1.25414,1.25026,1.25246
1715547600,1.25246,1.25688,1.25168,1.25592
1715634000,1.25592,1.2593,1.25094,1.25918
1715720400,1.25918,1.26864,1.25835,1.26862
1715806800,1.26862,1.27009,1.26433,1.26707
1715893200,1.26707,1.27118,1.26449,1.27012
1716152400,1.27012,1.27256,1.26892,1.27056
1716238800,1.27056,1.27266,1.26864,1.27091
1716325200,1.27091,1.27614,1.27002,1.27173
1716411600,1.27173,1.27466,1.26854,1.26988
1716498000,1.26988,1.27509,1.26756,1.27378
1716757200,1.27378,1.27778,1.27336,1.27694
1716843600,1.27694,1.28008,1.27541,1.27619
1716930000,1.27619,1.27718,1.26992,1.27009
1717016400,1.27009,1.27474,1.26808,1.27324
1717102800,1.27324,1.27663,1.27004,1.27422
1717362000,1.27422,1.28091,1.26942,1.28076
1717448400,1.28076,1.28176,1.27428,1.27696
1717534800,1.27696,1.27954,1.27554,1.27873
1717621200,1.27873,1.28092,1.27624,1.27912
1717707600,1.27912,1.28218,1.2716,1.27191
1717966800,1.27191,1.27375,1.2688,1.27309
1718053200,1.27309,1.27516,1.27058,1.27394
1718139600,1.27394,1.28606,1.27328,1.27982
1718226000,1.27982,1.28077,1.27384,1.27632
1718312400,1.27632,1.27638,1.2657,1.26866
1718571600,1.26866,1.27097,1.2659,1.27042
1718658000,1.27052,1.27208,1.26692,1.2708
1718744400,1.27052,1.274,1.27004,1.27202
1718830800,1.272,1.27244,1.2655,1.26572
1718917200,1.2659,1.26754,1.26222,1.26426
1719176400,1.26418,1.26982,1.26328,1.2686
1719262800,1.2685,1.27026,1.26704,1.26862
1719349200,1.26873,1.26936,1.26156,1.26218
1719435600,1.26241,1.26708,1.26128,1.264
1719522000,1.2643,1.2666,1.26197,1.26454
1719781200,1.26582,1.27112,1.26334,1.26501
1719867600,1.2649,1.2688,1.26156,1.26852
1719954000,1.26818,1.27774,1.26782,1.27428
1720040400,1.27488,1.27677,1.2739,1.27588
1720126800,1.27618,1.28172,1.27542,1.2815
1720386000,1.2797,1.28459,1.27926,1.28063
1720472400,1.28084,1.28251,1.27776,1.27866
1720558800,1.27866,1.2849,1.27836,1.28482
1720645200,1.2849,1.29496,1.28484,1.29141
1720731600,1.29091,1.2991,1.29021,1.29884
1720990800,1.29693,1.2995,1.2962,1.29682
1721077200,1.29691,1.29801,1.29382,1.29737
1721163600,1.29698,1.30448,1.29662,1.30084
1721250000,1.30086,1.3013,1.29402,1.29434
1721336400,1.2956,1.29576,1.2901,1.29149
1721595600,1.29186,1.29425,1.29054,1.29336
1721682000,1.29345,1.2935,1.28878,1.29072
1721768400,1.29086,1.29378,1.28774,1.29068
1721854800,1.29079,1.29136,1.28498,1.28506
1721941200,1.28557,1.28782,1.28499,1.28666
1722200400,1.28639,1.28882,1.28068,1.28616
1722286800,1.28621,1.28664,1.28202,1.28358
1722373200,1.2834,1.28644,1.2821,1.28562
1722459600,1.28566,1.28632,1.27269,1.2739
1722546000,1.27413,1.28406,1.27073,1.28054
1722805200,1.28076,1.28172,1.27102,1.27766
1722891600,1.2771,1.2803,1.26728,1.26916
1722978000,1.26914,1.27361,1.26808,1.2693
1723064400,1.26896,1.27526,1.2665,1.27491
1723150800,1.27462,1.2774,1.27262,1.2758
1723410000,1.27662,1.2794,1.27468,1.27656
1723496400,1.2774,1.28733,1.27624,1.28628
1723582800,1.28588,1.28686,1.28168,1.28262
1723669200,1.28298,1.28718,1.27987,1.2854
1723755600,1.28572,1.29461,1.28522,1.29452
1724014800,1.29398,1.29974,1.2936,1.29906
1724101200,1.29896,1.30524,1.29744,1.30334
1724187600,1.30358,1.31196,1.3011,1.309
1724274000,1.30932,1.313,1.30766,1.30916
1724360400,1.3091,1.32304,1.30888,1.32174
1724619600,1.32181,1.32226,1.318,1.31875
1724706000,1.3188,1.32666,1.31802,1.32612
1724792400,1.32582,1.32638,1.31676,1.3191
1724878800,1.31954,1.32271,1.31455,1.31684
1724965200,1.3167,1.32,1.31098,1.31264
1725224400,1.31356,1.31552,1.31201,1.31472
1725310800,1.31446,1.31502,1.30877,1.31145
1725397200,1.31134,1.31755,1.3101,1.31484
1725483600,1.31461,1.31856,1.31373,1.31808
1725570000,1.31798,1.3239,1.31102,1.31296
1725829200,1.3124,1.31434,1.30678,1.30732
1725915600,1.30736,1.31079,1.30496,1.30794
1726002000,1.30781,1.31116,1.3002,1.30431
1726088400,1.30455,1.31272,1.30322,1.31258
1726174800,1.31249,1.3158,1.31148,1.31236
1726434000,1.31248,1.32184,1.31217,1.32166
1726520400,1.32158,1.323,1.3146,1.31597
1726606800,1.31606,1.3298,1.3156,1.32127
1726693200,1.32085,1.33144,1.31536,1.32838
1726779600,1.3283,1.33406,1.3268,1.33223
1727038800,1.33161,1.33596,1.32486,1.33483
1727125200,1.33468,1.34158,1.33318,1.34133
1727211600,1.34121,1.343,1.33124,1.3323
1727298000,1.33227,1.34343,1.33127,1.34154
1727384400,1.34155,1.34278,1.33599,1.33725
1727643600,1.33736,1.34232,1.33502,1.33764
1727730000,1.3373,1.33898,1.32374,1.32858
1727816400,1.32858,1.33057,1.32458,1.32672
1727902800,1.32646,1.32752,1.3092,1.31235
1727989200,1.31221,1.3175,1.30698,1.31266
1728248400,1.31173,1.31346,1.30593,1.30828
1728334800,1.30819,1.31136,1.30642,1.31044
1728421200,1.31039,1.31058,1.30556,1.30725
1728507600,1.30705,1.30939,1.30205,1.30596
1728594000,1.30598,1.30832,1.30418,1.30671
1728853200,1.30689,1.3072,1.30303,1.30605
1728939600,1.30598,1.3103,1.30358,1.30741
1729026000,1.30744,1.30776,1.29768,1.29897
1729112400,1.29866,1.30234,1.29738,1.30114
1729198800,1.30082,1.30713,1.30074,1.3051
1729458000,1.30474,1.3058,1.29771,1.29844
1729544400,1.29842,1.30153,1.29445,1.29852
1729630800,1.29788,1.29952,1.29074,1.29207
1729717200,1.29222,1.29882,1.2909,1.29771
1729803600,1.29738,1.29987,1.29558,1.2962
1730062800,1.29658,1.30016,1.29397,1.29705
1730149200,1.29744,1.30171,1.29582,1.3017
1730235600,1.30164,1.30435,1.29369,1.29624
1730322000,1.29652,1.29998,1.28438,1.28988
1730408400,1.29013,1.29804,1.28846,1.29194
1730671200,1.29716,1.2999,1.29344,1.29568
1730757600,1.29558,1.30428,1.29482,1.30418
1730844000,1.30367,1.3048,1.2834,1.28794
1730930400,1.28784,1.30094,1.28752,1.29872
1731016800,1.29868,1.29902,1.28836,1.29195
1731276000,1.28998,1.2926,1.28559,1.28688
1731362400,1.287,1.28738,1.27192,1.2748
1731448800,1.275,1.277,1.26866,1.2708
1731535200,1.27136,1.27204,1.26297,1.26664
1731621600,1.26663,1.26972,1.25973,1.26202
1731880800,1.26173,1.26868,1.26085,1.26778
1731967200,1.26768,1.26895,1.26133,1.26825
1732053600,1.268,1.27149,1.26309,1.26535
1732140000,1.26551,1.26604,1.25763,1.25896
1732226400,1.25938,1.25944,1.24872,1.25316
1732485600,1.25908,1.26134,1.25416,1.25684
1732572000,1.257,1.26165,1.25072,1.2569
1732658400,1.25722,1.26949,1.25668,1.26802
1732744800,1.26781,1.2691,1.26452,1.2687
1732831200,1.26866,1.27503,1.26718,1.27372
1733090400,1.27306,1.2736,1.26172,1.26546
1733176800,1.26545,1.26998,1.26366,1.2673
1733263200,1.26731,1.27218,1.263,1.27
1733349600,1.27042,1.2771,1.2693,1.27608
1733436000,1.27592,1.28116,1.27214,1.27418
1733695200,1.27358,1.2799,1.27172,1.2751
1733781600,1.275,1.27782,1.27239,1.27718
1733868000,1.27708,1.27818,1.27134,1.27508
1733954400,1.27522,1.27882,1.26668,1.26736
1734040800,1.26761,1.26794,1.26082,1.262
1734300000,1.26147,1.2699,1.26112,1.26836
1734386400,1.26812,1.27289,1.26661,1.27129
1734472800,1.27074,1.27276,1.25622,1.25724
1734559200,1.2573,1.2667,1.24953,1.2502
1734645600,1.25033,1.26142,1.24748,1.25679
1734904800,1.25669,1.25884,1.25098,1.2536
1734991200,1.25384,1.25751,1.25188,1.25432
1735164000,1.25438,1.2552,1.25012,1.25269
1735250400,1.25258,1.25928,1.25052,1.2577
1735509600,1.25799,1.26074,1.25066,1.2552
1735596000,1.25486,1.25694,1.25052,1.25134
1735768800,1.25154,1.25408,1.23521,1.2381
1735855200,1.23766,1.24343,1.23742,1.24222
1736114400,1.24266,1.2551,1.24157,1.25204
1736200800,1.25198,1.2576,1.24771,1.24778
1736287200,1.24764,1.24943,1.23209,1.23634
1736373600,1.23632,1.23666,1.22384,1.23073
1736460000,1.23075,1.2322,1.21914,1.22086
1736719200,1.22014,1.22112,1.20997,1.22034
1736805600,1.22012,1.22506,1.21384,1.22156
1736892000,1.22148,1.23067,1.2162,1.22437
1736978400,1.224,1.22605,1.2175,1.22384
1737064800,1.22412,1.22445,1.21604,1.21685
1737324000,1.21788,1.2345,1.216,1.23296
1737410400,1.23276,1.23606,1.22292,1.23556
1737496800,1.235,1.23768,1.23074,1.23166
1737583200,1.23198,1.23759,1.22934,1.2352
1737669600,1.23556,1.25022,1.23486,1.24827
1737928800,1.2471,1.25236,1.2426,1.24999
1738015200,1.24946,1.24997,1.24146,1.24436
1738101600,1.24426,1.24636,1.23932,1.2451
1738188000,1.24386,1.2477,1.24079,1.24172
1738274400,1.24204,1.24721,1.23861,1.23926
1738533600,1.23122,1.24557,1.22494,1.24501
1738620000,1.24391,1.24933,1.23793,1.24817
1738706400,1.24778,1.25502,1.24635,1.25047
1738792800,1.25061,1.25098,1.23604,1.24348
1738879200,1.2434,1.2494,1.23761,1.24006
1739138400,1.23751,1.24224,1.2363,1.23668
1739224800,1.23683,1.2455,1.23324,1.24468
1739311200,1.24418,1.24838,1.23776,1.24434
1739397600,1.24396,1.25686,1.24396,1.2566
1739484000,1.25569,1.26306,1.25498,1.25864
1739743200,1.25889,1.2635,1.25784,1.26258
1739829600,1.26247,1.26264,1.25824,1.26138
1739916000,1.26179,1.26404,1.25632,1.25856
1740002400,1.25834,1.26716,1.25788,1.26696
1740088800,1.26692,1.2679,1.26248,1.26356
1740348000,1.26377,1.26908,1.26121,1.26253
1740434400,1.26295,1.26778,1.26058,1.26669
1740520800,1.26636,1.27161,1.26354,1.26768
1740607200,1.26782,1.26892,1.25982,1.26014
1740693600,1.26009,1.26221,1.25594,1.25794
1740952800,1.25864,1.27246,1.25822,1.27015
1741039200,1.27008,1.27999,1.26788,1.27952
1741125600,1.27925,1.29011,1.27678,1.28951
1741212000,1.28941,1.2924,1.2866,1.2882
1741298400,1.28784,1.29448,1.28762,1.29217
1741554000,1.29014,1.29468,1.28614,1.28784
1741640400,1.28782,1.29661,1.28726,1.29505
1741726800,1.29508,1.29917,1.29134,1.29634
1741813200,1.29616,1.29736,1.29209,1.29515
1741899600,1.29522,1.29592,1.29112,1.29366
1742158800,1.29347,1.2999,1.29256,1.29918
1742245200,1.29937,1.301,1.29514,1.30016
1742331600,1.30014,1.30114,1.29551,1.30038
1742418000,1.29982,1.30149,1.2936,1.2967
1742504400,1.29662,1.29716,1.28879,1.29168
1742763600,1.28984,1.29743,1.28956,1.29234
1742850000,1.29235,1.2967,1.29021,1.2945
1742936400,1.2942,1.29492,1.28744,1.28875
1743022800,1.28885,1.29922,1.2871,1.29492
1743109200,1.29468,1.29684,1.29224,1.29407
1743368400,1.29366,1.29728,1.28863,1.29169
1743454800,1.2918,1.29409,1.28795,1.29228
1743541200,1.29228,1.30253,1.29004,1.3006
1743627600,1.29853,1.32077,1.29732,1.31012
1743714000,1.31013,1.31139,1.2853,1.28986
1743973200,1.28454,1.2934,1.27081,1.27238
1744059600,1.27214,1.28148,1.27212,1.27657
1744146000,1.2765,1.28642,1.27432,1.28238
1744232400,1.28232,1.2996,1.28104,1.29707
1744318800,1.29723,1.31452,1.29674,1.30887
1744578000,1.30932,1.32014,1.30636,1.3189
1744664400,1.3189,1.32522,1.31642,1.32319
1744750800,1.32276,1.32924,1.32121,1.32408
1744837200,1.32322,1.32734,1.32028,1.32671
1744923600,1.3257,1.3299,1.32555,1.32958
1745182800,1.32767,1.34222,1.32758,1.33802
1745269200,1.33754,1.34242,1.3326,1.33319
1745355600,1.33318,1.33396,1.3234,1.32537
1745442000,1.32564,1.33489,1.32539,1.33372
1745528400,1.3341,1.33423,1.3274,1.33112
1745787600,1.33068,1.34442,1.32802,1.34432
1745874000,1.34376,1.3444,1.33803,1.34076
1745960400,1.34048,1.34148,1.3309,1.33319
1746046800,1.33285,1.33457,1.32604,1.32786
1746133200,1.32784,1.33309,1.32624,1.327
1746392400,1.32638,1.33367,1.32601,1.32968
1746478800,1.3292,1.34028,1.32605,1.33688
1746565200,1.33718,1.33824,1.32802,1.32912
1746651600,1.32933,1.33566,1.32366,1.32465
1746738000,1.32468,1.33228,1.32121,1.33034
1746997200,1.32674,1.32996,1.314,1.3177
1747083600,1.31748,1.33164,1.31692,1.33049
1747170000,1.33083,1.33606,1.32534,1.32614
1747256400,1.32633,1.332,1.32584,1.33058
1747342800,1.33008,1.3333,1.32506,1.32816
1747602000,1.32772,1.34041,1.32763,1.33614
1747688400,1.33564,1.33949,1.3335,1.33934
1747774800,1.33858,1.34692,1.33832,1.34198
1747861200,1.34192,1.3441,1.3391,1.34193
1747947600,1.34158,1.35432,1.34145,1.35393
1748206800,1.35262,1.35934,1.35234,1.35636
1748293200,1.35646,1.35871,1.35003,1.35076
1748379600,1.35085,1.35224,1.34494,1.34702
1748466000,1.34706,1.35075,1.34156,1.34922
1748552400,1.34916,1.35112,1.3448,1.34532
1748811600,1.34645,1.35598,1.34526,1.35448
1748898000,1.35442,1.35596,1.34917,1.35174
1748984400,1.35176,1.35804,1.3501,1.3553
1749070800,1.3557,1.36168,1.35406,1.35704
1749157200,1.35718,1.35848,1.35074,1.35257
1749416400,1.35278,1.35816,1.35246,1.35513
1749502800,1.3551,1.35644,1.34564,1.34981
1749589200,1.3502,1.35676,1.34644,1.35464
1749675600,1.35462,1.36237,1.35229,1.36128
1749762000,1.36102,1.36326,1.35165,1.35748
1750021200,1.35651,1.36226,1.35348,1.35768
1750107600,1.35749,1.35803,1.34154,1.34292
1750194000,1.34278,1.34769,1.34003,1.3421
1750280400,1.34236,1.34702,1.33828,1.34684
1750366800,1.3458,1.35114,1.34412,1.34494
1750626000,1.34037,1.35314,1.33704,1.35256
1750712400,1.35198,1.36487,1.35151,1.3615
1750798800,1.36214,1.36718,1.35907,1.36641
1750885200,1.36602,1.3771,1.36584,1.3728
1750971600,1.37307,1.37528,1.36829,1.37206
1751230800,1.37115,1.37408,1.36742,1.37346
1751317200,1.3729,1.37888,1.37036,1.37462
1751403600,1.37472,1.37528,1.3563,1.36348
1751490000,1.36364,1.3676,1.35858,1.36545
1751576400,1.3657,1.36816,1.36346,1.36475
1751835600,1.36435,1.36616,1.35754,1.3601
1751922000,1.36061,1.36466,1.35254,1.35928
1752008400,1.35908,1.362,1.35645,1.35858
1752094800,1.35864,1.36196,1.3533,1.35798
1752181200,1.35772,1.35856,1.34811,1.34905
1752440400,1.34914,1.35044,1.34244,1.34268
1752526800,1.34333,1.34676,1.33788,1.33846
1752613200,1.33852,1.34862,1.3365,1.342
1752699600,1.34206,1.34281,1.33742,1.34184
1752786000,1.34164,1.34755,1.34062,1.34085
1753045200,1.34179,1.35108,1.34023,1.34918
1753131600,1.34884,1.35342,1.34621,1.35338
1753218000,1.35308,1.35844,1.35153,1.35806
1753304400,1.35794,1.35887,1.3503,1.3508
1753390800,1.35114,1.35153,1.34162,1.34363
1753650000,1.34312,1.3453,1.33512,1.33548
1753736400,1.33562,1.33642,1.33078,1.33504
1753822800,1.33497,1.33859,1.32281,1.32392
1753909200,1.32422,1.32823,1.31857,1.32046
1753995600,1.32045,1.33106,1.31415,1.32788
1754254800,1.3279,1.33311,1.32539,1.32856
1754341200,1.32882,1.33163,1.32596,1.32999
1754427600,1.32968,1.33684,1.32814,1.33578
1754514000,1.33507,1.34483,1.33458,1.34435
1754600400,1.34422,1.34592,1.3418,1.3451
1754859600,1.34503,1.3477,1.33992,1.34318
1754946000,1.34339,1.35238,1.34206,1.35006
1755032400,1.35046,1.35852,1.34929,1.35776
1755118800,1.35701,1.3595,1.3521,1.353
1755205200,1.35334,1.35753,1.35262,1.35524
1755464400,1.35552,1.35673,1.35016,1.35033
1755550800,1.35111,1.35314,1.34779,1.34927
1755637200,1.34915,1.35094,1.34473,1.34552
1755723600,1.34614,1.34829,1.34056,1.34134
1755810000,1.34104,1.35444,1.33906,1.35274
1756069200,1.35193,1.3529,1.34462,1.34544
1756155600,1.34588,1.34934,1.34346,1.34776
1756242000,1.34802,1.35022,1.34166,1.34985
1756328400,1.34952,1.35308,1.34834,1.35126
1756414800,1.35108,1.35171,1.34465,1.35047
1756674000,1.34974,1.355,1.34972,1.35449
1756760400,1.35464,1.35494,1.33403,1.33958
1756846800,1.33894,1.34586,1.33332,1.34459
1756933200,1.34404,1.34595,1.34166,1.34366
1757019600,1.34312,1.35549,1.34306,1.35082
1757278800,1.35036,1.35568,1.34827,1.35454
1757365200,1.3548,1.35906,1.35183,1.35275
1757451600,1.35253,1.3565,1.3513,1.35305
1757538000,1.35344,1.3583,1.34939,1.35742
1757624400,1.35738,1.35806,1.35242,1.35598
1757883600,1.35566,1.36202,1.35482,1.35984
1757970000,1.35978,1.3672,1.35978,1.36456
1758056400,1.36522,1.37266,1.36197,1.36244
1758142800,1.36256,1.36612,1.35342,1.35541
1758229200,1.35536,1.35596,1.3463,1.34708
1758488400,1.34773,1.35206,1.34534,1.35126
1758574800,1.351,1.35366,1.3487,1.35257
1758661200,1.35258,1.35284,1.34266,1.34476
1758747600,1.34497,1.34671,1.33238,1.33438
1758834000,1.33451,1.34132,1.33296,1.34016
1759093200,1.34016,1.34571,1.33958,1.34309
1759179600,1.34294,1.34672,1.34136,1.34446
1759266000,1.3444,1.35276,1.34348,1.34773
1759352400,1.34774,1.35104,1.34011,1.34392
1759438800,1.34401,1.34868,1.34289,1.34797
1759698000,1.34409,1.34902,1.34165,1.34856
1759784400,1.34856,1.34874,1.33924,1.3425
1759870800,1.3431,1.34386,1.3371,1.34036
1759957200,1.34068,1.34192,1.32794,1.33044
1760043600,1.32998,1.33708,1.32618,1.33601
1760302800,1.335,1.33665,1.3315,1.33334
1760389200,1.33295,1.33528,1.32486,1.33204
1760475600,1.33201,1.3408,1.33166,1.34024
1760562000,1.34013,1.34546,1.33924,1.34354
1760648400,1.34346,1.34716,1.33908,1.34258
1760907600,1.34314,1.34431,1.34,1.34049
1760994000,1.3408,1.34162,1.33612,1.3369
1761080400,1.33709,1.33872,1.33058,1.3356
1761166800,1.3353,1.336,1.33082,1.3326
1761253200,1.33248,1.33708,1.32874,1.33108
1761512400,1.3326,1.33532,1.33104,1.3335
1761598800,1.33366,1.33696,1.32476,1.32718
1761685200,1.32736,1.32808,1.31403,1.31944
1761771600,1.31934,1.3219,1.31166,1.3151
1761858000,1.31505,1.31649,1.30973,1.31506
1762120800,1.31311,1.31624,1.31084,1.31388
1762207200,1.31416,1.31454,1.30102,1.30202
1762293600,1.302,1.30544,1.30103,1.30523
1762380000,1.30489,1.31428,1.3046,1.31388
1762466400,1.31298,1.31751,1.30949,1.31633
1762725600,1.31588,1.31912,1.31368,1.31752
1762812000,1.31744,1.31846,1.31166,1.31496
1762898400,1.3157,1.31576,1.30844,1.31334
1762984800,1.31326,1.32158,1.31006,1.31916
1763071200,1.31959,1.32012,1.3108,1.31738
1763330400,1.3164,1.31934,1.3136,1.31546
1763416800,1.31576,1.31772,1.3134,1.31454
1763503200,1.31508,1.3156,1.30436,1.30594
1763589600,1.30592,1.3124,1.3038,1.3073
1763676000,1.30747,1.31096,1.30386,1.30982
1763935200,1.31024,1.31181,1.30806,1.31042
1764021600,1.31078,1.32142,1.30958,1.3166
1764108000,1.31702,1.32446,1.3124,1.32428
1764194400,1.32406,1.3269,1.32102,1.32393
1764280800,1.32393,1.32548,1.32013,1.32318
1764540000,1.3227,1.32758,1.32056,1.32127
1764626400,1.3218,1.32218,1.31797,1.32136
1764712800,1.3207,1.33545,1.32058,1.33531
1764799200,1.33527,1.33858,1.33221,1.33278
1764885600,1.33272,1.33624,1.33162,1.33316
1765144800,1.33268,1.33466,1.33058,1.33213
1765231200,1.33217,1.33564,1.32874,1.32985
1765317600,1.32976,1.3389,1.32961,1.33814
1765404000,1.33796,1.34384,1.33549,1.33866
1765490400,1.3391,1.34,1.33424,1.33718
1765749600,1.33778,1.34016,1.3355,1.33774
1765836000,1.33723,1.34562,1.33554,1.34214
1765922400,1.34234,1.3427,1.33116,1.33746
1766008800,1.3376,1.34466,1.33411,1.33823
1766095200,1.33811,1.33942,1.33571,1.33767
1766354400,1.33784,1.34778,1.33748,1.34626
1766440800,1.34562,1.35242,1.34562,1.3518
1766527200,1.35116,1.35343,1.3492,1.3507
1766700000,1.35201,1.35274,1.34774,1.3499
1766959200,1.3493,1.35159,1.34692,1.3513
1767045600,1.35076,1.3531,1.34496,1.34687
1767132000,1.34686,1.34838,1.34016,1.34738
1767304800,1.34688,1.3502,1.34342,1.34602
1767564000,1.34545,1.35484,1.3414,1.35427
1767650400,1.35415,1.3568,1.34916,1.3502
1767736800,1.35044,1.35169,1.34564,1.3458
1767823200,1.34596,1.34657,1.34158,1.34402
1767909600,1.34363,1.34511,1.33926,1.34021
1768168800,1.33999,1.3486,1.33908,1.34646
1768255200,1.34662,1.34949,1.34216,1.34222
1768341600,1.34255,1.34643,1.34198,1.3447
1768428000,1.3443,1.34464,1.33628,1.33823
1768514400,1.33777,1.34132,1.33662,1.33796
1768773600,1.3354,1.34353,1.33436,1.34258
1768860000,1.34264,1.34918,1.34102,1.34437
1768946400,1.34449,1.34594,1.34015,1.34326
1769032800,1.34325,1.35072,1.34014,1.35027
1769119200,1.3495,1.36466,1.34826,1.36454
1769378400,1.36671,1.37134,1.36432,1.36791
1769464800,1.36777,1.387,1.36638,1.38482
1769551200,1.38436,1.38494,1.37494,1.38082
1769637600,1.38054,1.38481,1.37424,1.38105
1769724000,1.38066,1.38149,1.36793,1.36881
1769983200,1.36965,1.37154,1.36232,1.36676
1770069600,1.36646,1.37072,1.36506,1.36974
1770156000,1.36962,1.37334,1.36424,1.36529
1770242400,1.36603,1.36603,1.35178,1.35312
1770328800,1.35349,1.36238,1.35087,1.3612
1770588000,1.3598,1.37005,1.35865,1.36962
1770674400,1.36956,1.36996,1.36389,1.3643
1770760800,1.36459,1.37124,1.36096,1.36288
1770847200,1.3624,1.36716,1.36046,1.36224
1770933600,1.36219,1.36596,1.35906,1.36553
1771192800,1.36461,1.36621,1.36254,1.36306
1771279200,1.36326,1.36348,1.34959,1.35675
1771365600,1.35645,1.35822,1.3492,1.34934
1771452000,1.34934,1.3517,1.34341,1.3464
1771538400,1.34652,1.35153,1.34352,1.34785
1771797600,1.34915,1.35354,1.34756,1.34922
1771884000,1.34929,1.35366,1.347,1.34892
1771970400,1.3492,1.3566,1.34878,1.35592
1772056800,1.3557,1.35752,1.34454,1.34836
1772143200,1.34837,1.35082,1.34396,1.34868
1772402400,1.34086,1.34561,1.33144,1.34054
1772488800,1.34075,1.34254,1.32532,1.33565
1772575200,1.33571,1.34036,1.33034,1.33726
1772661600,1.33728,1.33872,1.32975,1.33589
1772748000,1.33517,1.34124,1.33114,1.34105
1773003600,1.33384,1.3447,1.32832,1.34431
1773090000,1.34441,1.34835,1.34122,1.34168
1773176400,1.3418,1.34577,1.33935,1.34127
1773262800,1.34109,1.3415,1.33382,1.33436
1773349200,1.33388,1.33698,1.32186,1.3224
1773608400,1.32432,1.334,1.32254,1.33193
1773694800,1.33199,1.33647,1.32733,1.33558
1773781200,1.33562,1.33746,1.32525,1.32576
1773867600,1.32591,1.34674,1.3246,1.34312
1773954000,1.34318,1.34425,1.32988,1.33406
1774213200,1.33136,1.34795,1.32571,1.34268
1774299600,1.34352,1.34456,1.33522,1.34114
1774386000,1.34066,1.34361,1.33584,1.33652
1774472400,1.33657,1.33784,1.33102,1.33307
1774558800,1.33316,1.33474,1.32602,1.32617
1774818000,1.32613,1.32828,1.31738,1.3184
1774904400,1.31845,1.32644,1.31596,1.32288
1774990800,1.32281,1.33464,1.32198,1.3307
1775077200,1.33044,1.33208,1.31818,1.3227
1775163600,1.3225,1.32429,1.31874,1.31984
1775422800,1.31924,1.32687,1.3177,1.3237
1775509200,1.3238,1.33009,1.32116,1.32942
1775595600,1.32896,1.34846,1.32882,1.33956
1775682000,1.33969,1.34587,1.3381,1.34367
1775768400,1.34335,1.34792,1.34108,1.34601
1776027600,1.33942,1.35088,1.33809,1.35056
1776114000,1.35042,1.359,1.35004,1.35664
1776200400,1.35681,1.35796,1.35435,1.35607
1776286800,1.35641,1.35951,1.35166,1.3527
1776373200,1.35283,1.35996,1.35046,1.35184
1776632400,1.34894,1.35446,1.34759,1.35332
1776718800,1.35337,1.35396,1.34748,1.35085
1776805200,1.35063,1.35354,1.3492,1.35038
1776891600,1.3504,1.35182,1.34479,1.34668
1776978000,1.34685,1.3538,1.34536,1.35308
1777237200,1.35076,1.35763,1.35043,1.35334
1777323600,1.35406,1.35415,1.34632,1.3518
1777410000,1.35168,1.35282,1.34578,1.34764
1777496400,1.34771,1.36124,1.34542,1.36034
1777582800,1.3604,1.36578,1.35688,1.3575
1777842000,1.36003,1.36053,1.35122,1.35322
1777928400,1.3532,1.35786,1.35138,1.35382
1778014800,1.35446,1.36436,1.35382,1.35933
1778101200,1.35946,1.36324,1.35482,1.35503
1778187600,1.35556,1.36371,1.35472,1.36324
1778446800,1.35589,1.36536,1.35575,1.36101
1778533200,1.36138,1.36141,1.35002,1.3541
1778619600,1.3536,1.35514,1.34846,1.35239
1778706000,1.35246,1.3533,1.3395,1.3401
1778792400,1.3402,1.34057,1.33152,1.33242
1779051600,1.33254,1.34498,1.33026,1.34336
1779138000,1.34316,1.34376,1.33785,1.33948
1779224400,1.34022,1.34638,1.3375,1.34348
1779310800,1.34385,1.34551,1.33923,1.34296
1779397200,1.34264,1.34632,1.34133,1.34312
1779656400,1.3459,1.35091,1.34514,1.3507
1779742800,1.35024,1.35068,1.34346,1.34471
1779829200,1.3448,1.34591,1.34164,1.34276
1779915600,1.34228,1.34514,1.33676,1.34439
1780002000,1.34458,1.34854,1.34084,1.34564
1780261200,1.34574,1.34762,1.34069,1.34552
1780347600,1.34596,1.34818,1.34509,1.34644
1780434000,1.34676,1.3472,1.34126,1.34172
1780520400,1.34186,1.34626,1.34116,1.3424
1780606800,1.34295,1.34832,1.33302,1.33391
1780866000,1.33305,1.33698,1.3306,1.3339
1780952400,1.3342,1.34112,1.3331,1.33788
1781038800,1.3373,1.34236,1.33672,1.33678
1781125200,1.33722,1.34334,1.33246,1.34159
1781211600,1.34161,1.34278,1.33836,1.34066
1781470800,1.34092,1.3461,1.34064,1.3412
1781557200,1.3418,1.34434,1.33907,1.3427
1781643600,1.343,1.34416,1.3262,1.32942
1781730000,1.32888,1.3325,1.31929,1.3205
1781816400,1.32063,1.3241,1.31633,1.32335
1782075600,1.31951,1.32732,1.31836,1.32504
1782162000,1.32508,1.32572,1.31822,1.32031
1782248400,1.32002,1.32093,1.31402,1.31681
1782334800,1.31634,1.32192,1.31512,1.3191
1782421200,1.32001,1.32321,1.31804,1.31974
1782680400,1.32062,1.32626,1.3191,1.32594
1782766800,1.32503,1.32768,1.32122,1.3261
1782853200,1.32575,1.32923,1.3219,1.32758
1782939600,1.32769,1.33849,1.32682,1.3347
1783026000,1.33469,1.33813,1.33345,1.33536
1783285200,1.33501,1.33974,1.33287,1.33897
1783371600,1.33888,1.34018,1.33489,1.3359
1783458000,1.33534,1.34104,1.33222,1.33888
1783544400,1.33955,1.3431,1.33808,1.34088
1783630800,1.34059,1.34519,1.33922,1.34021
1783890000,1.3389,1.34119,1.33426,1.33464
1783976400,1.33556,1.34438,1.33424,1.33914
1784062800,1.33864,1.35582,1.33802,1.3539
1784149200,1.35366,1.35446,1.34597,1.34793
1784235600,1.34784,1.34814,1.34262,1.34522
1784494800,1.34489,1.34814,1.34126,1.34306
1784581200,1.34345,1.34557,1.33594,1.33751
1784667600,1.33748,1.33954,1.33546,1.33756
1784754000,1.33781,1.33934,1.3299,1.33144
1784840400,1.33172,1.33491,1.33059,1.33239
1785099600,1.33478,1.33637,1.32845,1.32882
1785186000,1.32881,1.33112,1.32735,1.32894
1785272400,1.32895,1.33874,1.32789,1.3367
1785358800,1.33692,1.34768,1.3333,1.34644
1785445200,1.34674,1.34954,1.34003,1.34836
1785704400,1.34946,1.35065,1.34176,1.34333
1785790800,1.34298,1.34562,1.34196,1.34524
1785877200,1.34478,1.34862,1.3444,1.347