time,open,high,low,close
1259013600,2509,2522.1,2494.1,2508.1
1259100000,2508.1,2528.2,2503.2,2516.2
1259186400,2516.2,2516.2,2425.5,2425.5
1259272800,2425.5,2475.5,2378.6,2442.5
1259532000,2442.5,2471.8,2424.9,2441.9
1259618400,2441.9,2499,2441.9,2490
1259704800,2490,2512.1,2485.1,2505.1
1259791200,2505.1,2523.2,2477.2,2478.2
1259877600,2478.2,2542.3,2478.2,2521.3
1260136800,2521.3,2521.3,2490.7,2506.7
1260223200,2506.7,2515.8,2459.8,2468.9
1260309600,2468.9,2478.9,2435,2453
1260396000,2453,2479.1,2445,2466.1
1260482400,2466.1,2502.1,2466.1,2480.2
1260741600,2480.2,2511.5,2480.2,2507.6
1260828000,2507.6,2513.6,2485.7,2501.7
1260914400,2501.7,2547.8,2501.7,2535.8
1261000800,2535.8,2536.9,2498.9,2500.9
1261087200,2500.9,2562.8,2500.9,2531.2
1261346400,2531.2,2570.6,2528.2,2565.5
1261432800,2565.5,2597.5,2565.5,2594.5
1261519200,2594.5,2607.2,2583,2604.2
1261951200,2604.2,2618.6,2601.3,2612.3
1262037600,2612.3,2618.1,2605.9,2618
1262124000,2618,2618,2586.3,2597.3
1262556000,2597.3,2644.8,2591.4,2633.6
1262642400,2633.6,2641.5,2624.1,2634.2
1262728800,2634.2,2639.1,2622.8,2630.8
1262815200,2630.8,2640.5,2610.3,2639.5
1262901600,2639.5,2650.3,2622,2648.1
1263160800,2648.1,2667.3,2631.8,2645.9
1263247200,2645.9,2645.9,2602,2613.1
1263333600,2613.1,2635.9,2602.7,2630.9
1263420000,2630.9,2642.6,2616.4,2642.6
1263506400,2642.6,2648.4,2591.7,2601.8
1263765600,2601.8,2619.9,2601.7,2614.7
1263852000,2614.7,2656.6,2592.2,2654.6
1263938400,2654.6,2654.6,2590.7,2614.8
1264024800,2614.8,2624.8,2528.7,2538.7
1264111200,2538.7,2555.7,2468.7,2472.8
1264370400,2472.8,2530.2,2472.8,2501.8
1264456800,2501.8,2522.7,2459.3,2504.5
1264543200,2504.5,2513.3,2479,2504.1
1264629600,2504.1,2531.1,2453.3,2470.4
1264716000,2470.4,2500.3,2445.8,2451.9
1264975200,2451.9,2496.1,2451.9,2486
1265061600,2486,2525.9,2476.7,2521.8
1265148000,2521.8,2526.6,2492.3,2508.3
1265234400,2508.3,2512.2,2412.3,2412.3
1265320800,2412.3,2422.2,2348.5,2384.7
1265580000,2384.7,2406.8,2359.6,2362.5
1265666400,2362.5,2446.6,2362.5,2428.5
1265752800,2428.5,2439.3,2406,2422.1
1265839200,2422.1,2448.9,2399.6,2447.8
1265925600,2447.8,2456.7,2410.3,2436.4
1266184800,2436.4,2449.4,2433.3,2442.3
1266271200,2442.3,2482,2438,2481
1266357600,2481,2509.9,2481,2503.8
1266444000,2503.8,2524.5,2487.5,2524.5
1266530400,2524.5,2530.2,2487.1,2518
1266789600,2518,2534.1,2505.9,2508.8
1266876000,2508.8,2525.7,2471.3,2477.3
1266962400,2477.3,2493,2467,2492.9
1267048800,2492.9,2492.9,2439.4,2469.5
1267135200,2469.5,2480.1,2442.1,2480.1
1267394400,2480.1,2501.2,2459,2490
1267480800,2490,2518.7,2486.7,2504.6
1267567200,2504.6,2536.4,2498.4,2521.2
1267653600,2521.2,2545,2511,2538.9
1267740000,2538.9,2592.6,2538.9,2587.6
1267999200,2587.6,2594.6,2571.5,2583.3
1268085600,2583.3,2591,2558.1,2582.9
1268172000,2582.9,2594.6,2570.7,2585.5
1268258400,2585.5,2594.3,2568.2,2590.1
1268344800,2590.1,2595.8,2578.8,2585.7
1268600400,2585.7,2585.7,2562.5,2580.5
1268686800,2580.5,2599.1,2575.2,2599.1
1268773200,2599.1,2622.8,2598.9,2616.7
1268859600,2616.7,2629.3,2604.5,2627.3
1268946000,2627.3,2639.3,2601.3,2609.3
1269205200,2609.3,2616.7,2571,2611.6
1269291600,2611.6,2630.4,2605,2629.4
1269378000,2629.4,2631.1,2598.4,2618.6
1269464400,2618.6,2652.7,2618.6,2631.2
1269550800,2631.2,2642.2,2621.5,2624.5
1269810000,2624.5,2642.4,2621.9,2632.9
1269896400,2632.9,2653,2630.4,2640.5
1269982800,2640.5,2645.2,2613.5,2632.7
1270069200,2632.7,2675,2632.7,2665.7
1270501200,2665.7,2684,2657.8,2684
1270587600,2684,2684,2653,2659
1270674000,2659,2663.5,2628.1,2663.5
1270760400,2663.5,2680.3,2663.2,2676.1
1271019600,2676.1,2692.9,2666.3,2679.4
1271106000,2679.4,2680,2657.6,2676.7
1271192400,2676.7,2696.4,2676.4,2696.4
1271278800,2696.4,2717.1,2679.8,2711
1271365200,2711,2711,2642.5,2657.6
1271624400,2657.6,2657.6,2620.6,2646.7
1271710800,2646.7,2675.7,2643.4,2673.5
1271797200,2673.5,2680.3,2641.5,2647.5
1271883600,2647.5,2656.3,2597.4,2628.7
1271970000,2628.7,2635.2,2602.1,2634.2
1272229200,2634.2,2660,2633.4,2634.4
1272315600,2634.4,2643.2,2530.6,2535.6
1272402000,2535.6,2567.6,2508.9,2529
1272488400,2529,2562.9,2522.7,2553.7
1272574800,2553.7,2570.6,2503.6,2507.6
1272834000,2507.6,2536.3,2498.1,2531.2
1272920400,2531.2,2531.9,2449.9,2464.9
1273006800,2464.9,2484.8,2437.2,2448.2
1273093200,2448.2,2474.1,2288.1,2351.7
1273179600,2351.7,2411.9,2274.6,2322.9
1273438800,2322.9,2513.1,2322.9,2492.8
1273525200,2492.8,2509.5,2438,2483.2
1273611600,2483.2,2525.2,2470.8,2519.9
1273698000,2519.9,2531.8,2496.3,2500.2
1273784400,2500.2,2506,2410,2433.1
1274043600,2433.1,2459.9,2398.3,2443.5
1274130000,2443.5,2472.3,2408.7,2419.8
1274216400,2419.8,2442.7,2382.1,2410.2
1274302800,2410.2,2419,2306,2306
1274389200,2306,2346.8,2270.4,2339.7
1274648400,2339.7,2355.4,2311.1,2330
1274734800,2330,2330,2258.3,2314.4
1274821200,2314.4,2358.2,2306.8,2306.8
1274907600,2306.8,2420.9,2306.8,2419.9
1274994000,2419.9,2419.9,2366.1,2388.2
1275253200,2388.2,2405.9,2386.8,2401.7
1275339600,2401.7,2403.2,2345.1,2354.9
1275426000,2354.9,2425.6,2354.9,2425.6
1275512400,2425.6,2447.4,2412.1,2435.1
1275598800,2435.1,2447.8,2350.3,2355.3
1275858000,2355.3,2386.9,2334.9,2341.6
1275944400,2341.6,2372.5,2317.2,2360.2
1276030800,2360.2,2378.7,2329.6,2335.6
1276117200,2335.6,2414.2,2335.6,2409.2
1276203600,2409.2,2437.7,2397.8,2436.7
1276462800,2436.7,2450.3,2415,2416
1276549200,2416,2482.5,2416,2482.5
1276635600,2482.5,2482.5,2445.1,2475.9
1276722000,2475.9,2482.5,2451.6,2481.3
1276808400,2481.3,2481.3,2440.2,2459.1
1277067600,2459.1,2503.2,2456.4,2460.4
1277154000,2460.4,2476.4,2426.6,2434.6
1277240400,2434.6,2470.6,2431.7,2447.7
1277326800,2447.7,2457.7,2391.9,2395.9
1277413200,2395.9,2411.9,2375.1,2390.1
1277672400,2390.1,2425.2,2375.3,2404.3
1277758800,2404.3,2404.3,2332.6,2333.6
1277845200,2333.6,2366.6,2309.8,2310.8
1277931600,2310.8,2330.8,2276,2295.9
1278018000,2295.9,2312.9,2263.1,2278.1
1278277200,2278.1,2294.2,2258.3,2269.3
1278363600,2269.3,2343.2,2268.4,2316.3
1278450000,2316.3,2407.1,2300.4,2404.2
1278536400,2404.2,2422.2,2385.3,2419.2
1278622800,2419.2,2443.2,2403.3,2434.3
1278882000,2434.3,2439.5,2407.6,2436.5
1278968400,2436.5,2475.5,2429.6,2471.6
1279054800,2471.6,2481.6,2448.7,2466.7
1279141200,2466.7,2481.7,2430.8,2458.8
1279227600,2458.8,2458.8,2374.1,2380.1
1279486800,2380.1,2404.3,2366.4,2389.3
1279573200,2389.3,2407.4,2346.5,2406.4
1279659600,2406.4,2426.4,2374.6,2379.6
1279746000,2379.6,2453.5,2379.6,2452.5
1279832400,2452.5,2473.5,2437.6,2470.5
1280091600,2470.5,2479.8,2444.8,2472.8
1280178000,2472.8,2505.8,2471.9,2489.9
1280264400,2489.9,2512.9,2475,2477
1280350800,2477,2510,2451.2,2470.1
1280437200,2470.1,2488.2,2446.2,2471.2
1280696400,2471.2,2541.4,2471.2,2536.4
1280782800,2536.4,2536.4,2511.5,2526.5
1280869200,2526.5,2546.6,2506.6,2542.6
1280955600,2542.6,2549.6,2523.7,2538.7
1281042000,2538.7,2546.7,2490.9,2522.8
1281301200,2522.8,2553.1,2522.8,2547.1
1281387600,2547.1,2547.1,2507.2,2535.2
1281474000,2535.2,2535.2,2468.4,2476.4
1281560400,2476.4,2494.4,2464.5,2486.5
1281646800,2486.5,2506.5,2468.6,2493.6
1281906000,2493.6,2507.8,2471.9,2497.9
1281992400,2497.9,2515.9,2491.9,2506
1282078800,2506,2513,2491,2506.1
1282165200,2506.1,2520.1,2447.2,2458.2
1282251600,2458.2,2474.2,2440.3,2456.3
1282510800,2456.3,2489.5,2446.6,2469.6
1282597200,2469.6,2469.6,2408.7,2420.7
1282683600,2420.7,2433.8,2382.8,2424.8
1282770000,2424.8,2437.9,2410.9,2410.9
1282856400,2410.9,2455,2405,2455
1283115600,2455,2461.2,2425.3,2425.3
1283202000,2425.3,2452.4,2406.4,2438.4
1283288400,2438.4,2513.4,2438.4,2504.4
1283374800,2504.4,2519.5,2498.5,2519.5
1283461200,2519.5,2549.6,2511.6,2540.6
1283720400,2540.6,2553.9,2535.9,2542.9
1283806800,2542.9,2546,2515,2525
1283893200,2525,2560.1,2520.1,2545.1
1283979600,2545.1,2583.2,2543.2,2570.2
1284066000,2570.2,2578.3,2564.3,2572.3
1284325200,2572.3,2604.6,2572.3,2587.6
1284411600,2587.6,2595.7,2575.7,2589.7
1284498000,2589.7,2589.8,2561.8,2577.8
1284584400,2577.8,2578.9,2550.9,2562.9
1284670800,2562.9,2571,2522,2530
1284930000,2530,2575,2530,2571
1285016400,2571,2572,2535,2535
1285102800,2535,2550,2502,2510
1285189200,2510,2527,2475,2489
1285275600,2489,2537,2485,2536
1285534800,2536,2545,2514,2514
1285621200,2514,2524,2484,2510
1285707600,2510,2523,2479,2483
1285794000,2483,2517,2462,2472
1285880400,2472,2495,2461,2476
1286139600,2476,2476,2442,2455
1286226000,2455,2512,2448,2506
1286312400,2506,2520,2496,2503
1286398800,2503,2524,2487,2503
1286485200,2503,2512,2483,2512
1286744400,2512,2516,2504,2512
1286830800,2512,2514,2481,2511
1286917200,2511,2554,2508,2540
1287003600,2540,2560,2527,2528
1287090000,2528,2548,2524,2543
1287349200,2543,2565,2528,2561
1287435600,2561,2562,2529,2538
1287522000,2538,2558,2533,2554
1287608400,2554,2564,2534,2545
1287694800,2545,2556,2539,2545
1287954000,2545,2563,2537,2537
1288040400,2537,2549,2527,2545
1288126800,2545,2547,2517,2534
1288213200,2534,2553,2527,2541
1288299600,2541,2542,2520,2538
1288558800,2538,2559,2511,2526
1288645200,2526,2554,2525,2553
1288731600,2553,2565,2534,2555
1288818000,2555,2595,2555,2594
1288904400,2594,2606,2573,2602
1289167200,2602,2607,2588,2605
1289253600,2605,2623,2593,2600
1289340000,2600,2610,2584,2602
1289426400,2602,2604,2581,2597
1289512800,2597,2597,2546,2577
1289772000,2577,2608,2560,2597
1289858400,2597,2597,2529,2541
1289944800,2541,2557,2534,2545
1290031200,2545,2596,2545,2588
1290117600,2588,2594,2545,2572
1290376800,2572,2595,2528,2549
1290463200,2549,2549,2506,2510
1290549600,2510,2541,2499,2539
1290636000,2539,2545,2526,2537
1290722400,2537,2537,2503,2515
1290981600,2515,2550,2480,2505
1291068000,2505,2505,2467,2483
1291154400,2483,2537,2483,2534
1291240800,2534,2575,2517,2575
1291327200,2575,2575,2542,2562
1291586400,2562,2564,2544,2555
1291672800,2555,2593,2555,2574
1291759200,2574,2607,2564,2597
1291845600,2597,2619,2597,2618
1291932000,2618,2625,2605,2622
1292191200,2622,2627,2614,2620
1292277600,2620,2632,2607,2626
1292364000,2626,2626,2606,2612
1292450400,2612,2630,2608,2628
1292536800,2628,2628,2588.9,2594.9
1292796000,2594.9,2623.9,2592.8,2622.8
1292882400,2622.8,2643.8,2618.8,2643.8
1292968800,2643.8,2645.8,2632.8,2638.8
1293055200,2638.8,2647.8,2630.7,2630.7
1293400800,2630.7,2634.6,2600.5,2612.5
1293487200,2612.5,2618.5,2593.5,2615.5
1293573600,2615.5,2632.5,2615.5,2619.4
1293660000,2619.4,2631.4,2578.3,2582.4
1294005600,2582.4,2624.2,2582.4,2603.2
1294092000,2603.2,2629.2,2601.2,2608.2
1294178400,2608.2,2632.2,2589.1,2632.1
1294264800,2632.1,2661.2,2629.1,2636.1
1294351200,2636.1,2642.1,2616.1,2629.1
1294610400,2629.1,2629.1,2598.9,2602.9
1294696800,2602.9,2631.9,2602.9,2623.9
1294783200,2623.9,2681.9,2623.9,2681.9
1294869600,2681.9,2687.9,2651.8,2654.8
1294956000,2654.8,2677.8,2634.8,2677.8
1295215200,2677.8,2677.8,2664.7,2669.7
1295301600,2669.7,2702.6,2669.7,2699.6
1295388000,2699.6,2713.6,2658.6,2660.6
1295474400,2660.6,2664.5,2631.5,2642.5
1295560800,2642.5,2681.5,2635.5,2652.5
1295820000,2652.5,2681.4,2648.3,2681.4
1295906400,2681.4,2681.4,2648.3,2653.3
1295992800,2653.3,2681.3,2653.3,2671.3
1296079200,2671.3,2681.2,2656.2,2670.2
1296165600,2670.2,2670.2,2629.1,2629.1
1296424800,2629.1,2654,2616,2647
1296511200,2647,2694,2646,2693
1296597600,2693,2704,2686,2692
1296684000,2692,2710.9,2680.9,2710.9
1296770400,2710.9,2713.9,2694.9,2708.9
1297029600,2708.9,2733.8,2708.9,2719.8
1297116000,2719.8,2733.7,2712.7,2733.7
1297202400,2733.7,2733.7,2708.7,2708.7
1297288800,2708.7,2712.6,2684.6,2708.6
1297375200,2708.6,2719.6,2682.6,2713.6
1297634400,2713.6,2732.5,2713.6,2725.4
1297720800,2725.4,2732.4,2710.4,2730.4
1297807200,2730.4,2756.4,2730.4,2741.4
1297893600,2741.4,2760.3,2741.4,2760.3
1297980000,2760.3,2769.3,2744.3,2750.3
1298239200,2750.3,2751.2,2712.1,2719.1
1298325600,2719.1,2719.1,2681.1,2696.1
1298412000,2696.1,2702,2663,2667
1298498400,2667,2670,2646,2657
1298584800,2657,2694.9,2657,2686.9
1298844000,2686.9,2716.8,2670.8,2706.8
1298930400,2706.8,2726.8,2675.8,2678.7
1299016800,2678.7,2680.7,2655.7,2672.7
1299103200,2672.7,2701.7,2668.7,2687.7
1299189600,2687.7,2693.6,2635.6,2638.6
1299448800,2638.6,2674.5,2630.5,2634.5
1299535200,2634.5,2656.4,2625.4,2649.4
1299621600,2649.4,2659.4,2633.4,2642.4
1299708000,2642.4,2642.4,2597.3,2599.3
1299794400,2599.3,2604.3,2575.3,2596.3
1300050000,2596.3,2596.3,2559.2,2560.2
1300136400,2560.2,2560.2,2468.1,2505.1
1300222800,2505.1,2529.1,2436.1,2447.1
1300309200,2447.1,2524,2447.1,2506
1300395600,2506,2519.1,2488.6,2489.6
1300654800,2489.6,2543.2,2489.6,2541.2
1300741200,2541.2,2557.1,2528.6,2538.7
1300827600,2538.7,2552.6,2527.3,2548.5
1300914000,2548.5,2583.6,2541.2,2579.5
1301000400,2579.5,2589.4,2575.1,2585.2
1301259600,2585.2,2593.3,2578.1,2583
1301346000,2583,2588.8,2563.4,2581.6
1301432400,2581.6,2605.6,2581.6,2598.4
1301518800,2598.4,2605.2,2566.6,2580.7
1301605200,2580.7,2611.8,2579.5,2605.6
1301864400,2605.6,2615.7,2600.6,2601.5
1301950800,2601.5,2616.2,2598.2,2616.2
1302037200,2616.2,2627,2598.8,2622.8
1302123600,2622.8,2644.8,2621.5,2631.6
1302210000,2631.6,2639.4,2610.9,2616
1302469200,2616,2635.1,2616,2619.8
1302555600,2619.8,2619.8,2579.1,2584
1302642000,2584,2609,2582.8,2589.7
1302728400,2589.7,2596.6,2573.2,2593.3
1302814800,2593.3,2596,2579,2596
1303074000,2596,2596,2537.3,2555.4
1303160400,2555.4,2566.2,2547,2549
1303246800,2549,2600.2,2549,2592
1303333200,2592,2619.9,2592,2610.8
1303765200,2610.8,2622.8,2602.9,2622.8
1303851600,2622.8,2642.7,2610.5,2635.6
1303938000,2635.6,2675.6,2628.2,2645.2
1304024400,2645.2,2650.9,2635.9,2650.9
1304283600,2650.9,2668.9,2644.6,2644.6
1304370000,2644.6,2652.4,2628.2,2643.2
1304456400,2643.2,2643.2,2600.5,2604.5
1304542800,2604.5,2613.4,2579.1,2594
1304629200,2594,2637,2593.8,2609.7
1304888400,2609.7,2639.9,2609.7,2629.7
1304974800,2629.7,2650.5,2609.3,2646.4
1305061200,2646.4,2664.2,2626.8,2632.8
1305147600,2632.8,2637.7,2612.5,2631.5
1305234000,2631.5,2646.3,2606.9,2614.9
1305493200,2614.9,2622.8,2597.8,2614.7
1305579600,2614.7,2626.6,2593.3,2596.3
1305666000,2596.3,2619,2596,2619
1305752400,2619,2637.7,2599.7,2627.6
1305838800,2627.6,2644.4,2614.2,2616.1
1306098000,2616.1,2631.2,2574.8,2581.8
1306184400,2581.8,2594.5,2571.4,2574.4
1306270800,2574.4,2611.2,2552.1,2606.1
1306357200,2606.1,2626.7,2595.7,2625.7
1306443600,2625.7,2629.5,2615.4,2616.4
1306702800,2616.4,2627.3,2612.1,2612.1
1306789200,2612.1,2646.8,2612.1,2643.8
1306875600,2643.8,2686.7,2584.2,2584.2
1306962000,2584.2,2590,2561.8,2577.8
1307048400,2577.8,2577.8,2534.4,2566.4
1307307600,2566.4,2566.4,2528.1,2528.1
1307394000,2528.1,2556,2528.1,2541.8
1307480400,2541.8,2541.8,2510.5,2522.4
1307566800,2522.4,2551,2513.1,2551
1307653200,2551,2551,2503.6,2510.6
1307912400,2510.6,2527.5,2504.4,2509.4
1307998800,2509.4,2549,2509.4,2540
1308085200,2540,2540,2497.7,2500.7
1308171600,2500.7,2514.3,2485.3,2486.3
1308258000,2486.3,2531.1,2486,2514
1308517200,2514,2515.8,2488.8,2510.8
1308603600,2510.8,2546.8,2510.8,2542.8
1308690000,2542.8,2548.8,2523.7,2533.7
1308776400,2533.7,2533.7,2488.5,2511.6
1308862800,2511.6,2526.6,2481.4,2485.4
1309122000,2485.4,2501.2,2473.2,2495.2
1309208400,2495.2,2513.2,2485.1,2508.2
1309294800,2508.2,2543.2,2504.1,2541.2
1309381200,2541.2,2571.2,2532.1,2566.2
1309467600,2566.2,2589.1,2555.1,2587.1
1309726800,2587.1,2593.9,2575.9,2588.9
1309813200,2588.9,2598.9,2579.8,2586.8
1309899600,2586.8,2600.8,2572.7,2583.7
1309986000,2583.7,2619.7,2583.7,2599.7
1310072400,2599.7,2612.7,2571.6,2575.5
1310331600,2575.5,2575.5,2531.2,2537.2
1310418000,2537.2,2537.2,2480.1,2521.1
1310504400,2521.1,2543.1,2513.1,2519
1310590800,2519,2535,2503.9,2509.9
1310677200,2509.9,2528.9,2505.9,2516.9
1310936400,2516.9,2516.9,2467.6,2470.5
1311022800,2470.5,2504.5,2470.5,2501.5
1311109200,2501.5,2524.5,2499.5,2521.5
1311195600,2521.5,2565.5,2501.4,2565.5
1311282000,2565.5,2575.5,2550.4,2565.4
1311541200,2565.4,2565.4,2540.2,2551.2
1311627600,2551.2,2555.1,2534.1,2545.1
1311714000,2545.1,2545.1,2496.9,2496.9
1311800400,2496.9,2532.9,2493.9,2509.8
1311886800,2509.8,2522.8,2479.7,2495.7
1312146000,2495.7,2547.6,2458.5,2475.5
1312232400,2475.5,2478.5,2429.4,2429.4
1312318800,2429.4,2441.3,2384.2,2414.3
1312405200,2414.3,2428.2,2283,2286
1312491600,2286,2338,2240.9,2307
1312750800,2307,2307,2133.5,2141.6
1312837200,2141.6,2235.6,2080.4,2224.6
1312923600,2224.6,2267.6,2108.4,2112.4
1313010000,2112.4,2210.4,2067.3,2198.4
1313096400,2198.4,2260.4,2141.3,2254.4
1313355600,2254.4,2265.3,2236.2,2254.2
1313442000,2254.2,2274.2,2204.1,2245.1
1313528400,2245.1,2276.1,2229.1,2247.1
1313614800,2247.1,2247.1,2139.9,2155.9
1313701200,2155.9,2155.9,2083.8,2102.8
1313960400,2102.8,2181.7,2089.6,2137.6
1314046800,2137.6,2187.6,2137.6,2171.6
1314133200,2171.6,2204.6,2151.5,2198.5
1314219600,2198.5,2207.5,2148.5,2156.4
1314306000,2156.4,2161.4,2100.4,2149.4
1314565200,2149.4,2194.2,2149.4,2194.2
1314651600,2194.2,2210.2,2161.1,2190.1
1314738000,2190.1,2247.1,2180.1,2228.1
1314824400,2228.1,2269,2224,2235
1314910800,2235,2238,2173.9,2179.9
1315170000,2179.9,2179.9,2087.7,2097.7
1315256400,2097.7,2123.7,2067.6,2120.6
1315342800,2120.6,2150.6,2120.6,2148.6
1315429200,2148.6,2172.5,2136.5,2159.5
1315515600,2159.5,2167.5,2091.4,2093.4
1315774800,2093.4,2093.4,2034.2,2080.2
1315861200,2080.2,2100.2,2028.2,2100.2
1315947600,2100.2,2136.1,2048.1,2133.1
1316034000,2133.1,2170.1,2116.1,2160
1316120400,2160,2176,2141,2157
1316379600,2157,2157,2096.9,2112.9
1316466000,2112.9,2150.9,2092.9,2134.9
1316552400,2134.9,2149.9,2082.9,2082.9
1316638800,2082.9,2082.9,2001.9,2014.9
1316725200,2014.9,2047.9,1978.8,2042.9
1316984400,2042.9,2103.9,2015.8,2073.9
1317070800,2073.9,2181.9,2073.9,2171.9
1317157200,2171.9,2188.9,2130.9,2130.9
1317243600,2130.9,2191.9,2130.9,2143.8
1317330000,2143.8,2168.9,2124.8,2126.8
1317589200,2126.8,2137.8,2095.8,2099.8
1317675600,2099.8,2117.8,2053.8,2117.8
1317762000,2117.8,2157.8,2102.8,2157.8
1317848400,2157.8,2206.8,2148.8,2206.8
1317934800,2206.8,2233.8,2192.8,2207.8
1318194000,2207.8,2250.8,2207.8,2244.8
1318280400,2244.8,2250.8,2219.7,2237.7
1318366800,2237.7,2276.7,2221.7,2271.7
1318453200,2271.7,2271.7,2235.7,2260.7
1318539600,2260.7,2280.7,2240.7,2271.7
1318798800,2271.7,2294.7,2238.7,2238.7
1318885200,2238.7,2273.7,2215.7,2263.7
1318971600,2263.7,2263.7,2228.7,2229.7
1319058000,2229.7,2252.7,2217.6,2236.6
1319144400,2236.6,2276.6,2230.6,2274.6
1319403600,2274.6,2292.6,2267.6,2292.6
1319490000,2292.6,2298.6,2260.6,2273.6
1319576400,2273.6,2300.6,2262.6,2300.6
1319662800,2300.6,2378.6,2300.6,2374.6
1319749200,2374.6,2375.6,2345.6,2353.6
1320008400,2353.6,2353.6,2305.5,2305.5
1320094800,2305.5,2305.5,2215.5,2258.5
1320181200,2258.5,2266.5,2226.5,2261.5
1320267600,2261.5,2310.5,2221.5,2310.5
1320354000,2310.5,2313.5,2264.5,2285.5
1320616800,2285.5,2285.5,2233.4,2263.4
1320703200,2263.4,2316.4,2262.4,2316.4
1320789600,2316.4,2316.4,2217.4,2219.4
1320876000,2219.4,2268.4,2212.4,2246.4
1320962400,2246.4,2290.4,2237.4,2286.4
1321221600,2286.4,2301.4,2259.4,2260.4
1321308000,2260.4,2278.4,2233.4,2278.4
1321394400,2278.4,2286.3,2249.3,2260.3
1321480800,2260.3,2265.3,2214.3,2216.3
1321567200,2216.3,2249.3,2216.3,2223.3
1321826400,2223.3,2223.3,2156.3,2170.3
1321912800,2170.3,2183.3,2145.3,2164.3
1321999200,2164.3,2164.3,2117.2,2122.2
1322085600,2122.2,2142.2,2101.2,2111.2
1322172000,2111.2,2145.2,2093.2,2116.2
1322431200,2116.2,2212.2,2116.2,2201.2
1322517600,2201.2,2228.2,2190.2,2225.2
1322604000,2225.2,2315.2,2202.2,2315.2
1322690400,2315.2,2315.2,2285.2,2288.2
1322776800,2288.2,2328.2,2288.2,2302.2
1323036000,2302.2,2337.1,2302.2,2313.1
1323122400,2313.1,2339.1,2303.1,2327.1
1323208800,2327.1,2352.1,2302.1,2328.1
1323295200,2328.1,2351.1,2284.1,2285.1
1323381600,2285.1,2333.1,2274.1,2333.1
1323640800,2333.1,2333.1,2280,2284
1323727200,2284,2316,2279,2280
1323813600,2280,2302,2261,2267
1323900000,2267,2295,2265,2286
1323986400,2286,2296.1,2256.7,2256.7
1324245600,2256.7,2282.4,2251.2,2264.2
1324332000,2264.2,2310.4,2253.1,2310.4
1324418400,2310.4,2331.4,2285.1,2299.1
1324504800,2299.1,2328.1,2299.1,2328.1
1324591200,2328.1,2342.1,2328.1,2340.1
1324936800,2340.1,2354.5,2333.3,2342.3
1325023200,2342.3,2355.3,2323.1,2323.1
1325109600,2323.1,2351,2318.9,2348
1325196000,2348,2366,2344.9,2366
1325455200,2366,2414.7,2363.5,2402.6
1325541600,2402.6,2426.6,2392.4,2418.5
1325628000,2418.5,2421.4,2401.3,2414.3
1325714400,2414.3,2414.3,2385,2398
1325800800,2398,2413,2381.8,2385.8
1326060000,2385.8,2396.4,2371.2,2381.2
1326146400,2381.2,2420.2,2381.2,2416.2
1326232800,2416.2,2420.1,2391.9,2404.9
1326319200,2404.9,2416.9,2385.7,2392.7
1326405600,2392.7,2408.7,2365.4,2384.5
1326664800,2384.5,2412.1,2377,2412.1
1326751200,2412.1,2435.1,2400.9,2429
1326837600,2429,2434.8,2408.8,2434.8
1326924000,2434.8,2449.7,2424.6,2446.7
1327010400,2446.7,2453.6,2435.5,2443.5
1327269600,2443.5,2455,2435.9,2439.9
1327356000,2439.9,2442.8,2421.7,2434.7
1327442400,2434.7,2448.6,2409.5,2434.5
1327528800,2434.5,2448.4,2424.3,2440.3
1327615200,2440.3,2448.2,2419.1,2419.1
1327874400,2419.1,2419.1,2396.4,2404.5
1327960800,2404.5,2425.4,2404.5,2415.3
1328047200,2415.3,2459.3,2415.3,2454.2
1328133600,2454.2,2460.2,2446.1,2455.1
1328220000,2455.1,2493,2448.9,2493
1328479200,2493,2493,2474.4,2488.4
1328565600,2488.4,2497.3,2469.2,2481.2
1328652000,2481.2,2498.1,2474,2478
1328738400,2478,2494.9,2469.9,2486.8
1328824800,2486.8,2486.8,2450.6,2454.6
1329084000,2454.6,2479.1,2454.6,2479.1
1329170400,2479.1,2481.9,2461.8,2472.9
1329256800,2472.9,2494.8,2472.9,2485.7
1329343200,2485.7,2497.5,2464.5,2497.5
1329429600,2497.5,2510.4,2495.3,2509.3
1329688800,2509.3,2515.9,2506.8,2509.8
1329775200,2509.8,2514.7,2496.6,2497.5
1329861600,2497.5,2510.5,2474.3,2480.3
1329948000,2480.3,2491.2,2468.2,2477.1
1330034400,2477.1,2490.1,2475,2478.9
1330293600,2478.9,2480.4,2458.4,2474.4
1330380000,2474.4,2487.2,2464.2,2480.2
1330466400,2480.2,2496.1,2469,2479
1330552800,2479,2508.8,2467.9,2503.8
1330639200,2503.8,2506.7,2492.7,2496.6
1330898400,2496.6,2498.1,2480.1,2495
1330984800,2495,2495,2418.8,2426.8
1331071200,2426.8,2446.7,2426.8,2440.6
1331157600,2440.6,2480.5,2440.6,2478.4
1331244000,2478.4,2497.3,2474.3,2493.3
1331499600,2493.3,2493.8,2478.7,2484.7
1331586000,2484.7,2532.5,2484.7,2532.5
1331672400,2532.5,2550.4,2532.5,2535.3
1331758800,2535.3,2548.1,2527.2,2548.1
1331845200,2548.1,2561.1,2548,2557.9
1332104400,2557.9,2557.9,2541.2,2553.3
1332190800,2553.3,2553.3,2522.2,2528.2
1332277200,2528.2,2541.2,2512.5,2517.4
1332363600,2517.4,2517.4,2488.6,2496.6
1332450000,2496.6,2499.3,2465.6,2485.8
1332709200,2485.8,2507.6,2479.3,2507.6
1332795600,2507.6,2524.6,2487.8,2488.8
1332882000,2488.8,2490.5,2447.6,2451.6
1332968400,2451.6,2464.5,2426.7,2428.7
1333054800,2428.7,2455.7,2428.7,2455.7
1333314000,2455.7,2499.8,2443,2499.8
1333400400,2499.8,2499.8,2452.5,2462.6
1333486800,2462.6,2462.6,2413.4,2417.4
1333573200,2417.4,2427.3,2398.8,2410.7
1334005200,2410.7,2410.7,2345.3,2345.3
1334091600,2345.3,2385.4,2345.3,2368
1334178000,2368,2398,2356.6,2394.9
1334264400,2394.9,2394.9,2354,2363
1334523600,2363,2389.9,2342.5,2368.5
1334610000,2368.5,2418.7,2368.5,2415.7
1334696400,2415.7,2422.4,2401.1,2404.9
1334782800,2404.9,2427,2393.4,2393.4
1334869200,2393.4,2417.1,2390,2404.9
1335128400,2404.9,2404.9,2357.9,2373.1
1335214800,2373.1,2387.7,2363.5,2378.6
1335301200,2378.6,2406.4,2378.6,2398.3
1335387600,2398.3,2413.9,2379.7,2413.9
1335474000,2413.9,2419.6,2381.3,2414.4
1335733200,2414.4,2423.2,2395.7,2405.7
1335906000,2405.7,2433.2,2386.6,2410.8
1335992400,2410.8,2428.6,2386.1,2391.1
1336078800,2391.1,2401.8,2358.4,2367.4
1336338000,2367.4,2387.1,2328.7,2387
1336424400,2387,2387,2337.1,2352.2
1336510800,2352.2,2354.9,2312.4,2338.6
1336597200,2338.6,2362.3,2326.2,2350.2
1336683600,2350.2,2365.8,2324.6,2345.6
1336942800,2345.6,2345.6,2308,2321
1337029200,2321,2337.8,2298.4,2310.4
1337115600,2310.4,2313,2280.9,2295.8
1337202000,2295.8,2304.6,2255.1,2264.1
1337288400,2264.1,2268.8,2238.4,2241.4
1337547600,2241.4,2267.1,2237.2,2267.1
1337634000,2267.1,2299.9,2258.8,2277.7
1337720400,2277.7,2279.4,2249.1,2274.2
1337806800,2274.2,2287.8,2248.8,2275.7
1337893200,2275.7,2297.5,2267.3,2280.2
1338152400,2280.2,2310.1,2271.8,2278.7
1338238800,2278.7,2300.6,2270.4,2282.3
1338325200,2282.3,2287.9,2252.7,2255.7
1338411600,2255.7,2274.4,2239.2,2259.2
1338498000,2259.2,2262.9,2207.7,2219.6
1338757200,2219.6,2228.3,2205.3,2211.2
1338843600,2211.2,2228.8,2211.2,2228.6
1338930000,2228.6,2276.2,2228.6,2276.2
1339016400,2276.2,2303.9,2266,2289.9
1339102800,2289.9,2289.9,2261.5,2280.3
1339362000,2280.3,2324.1,2275.8,2275.8
1339448400,2275.8,2311.4,2275.8,2308.3
1339534800,2308.3,2321.1,2292.9,2306.9
1339621200,2306.9,2309.3,2284.5,2302.3
1339707600,2302.3,2316,2292,2313
1339966800,2313,2340,2297.9,2311.9
1340053200,2311.9,2350,2306.9,2346.9
1340139600,2346.9,2358.9,2334.9,2358.9
1340226000,2358.9,2358.9,2313.9,2315.9
1340312400,2315.9,2338.9,2315.9,2333.9
1340571600,2333.9,2333.9,2294.8,2295.8
1340658000,2295.8,2314.8,2295.8,2313.8
1340744400,2313.8,2341.8,2309.8,2337.8
1340830800,2337.8,2337.8,2301.7,2328.7
1340917200,2328.7,2375.8,2328.7,2370.8
1341176400,2370.8,2414.7,2370.8,2414.7
1341262800,2414.7,2433.7,2412.7,2431.7
1341349200,2431.7,2431.7,2421.7,2431.7
1341435600,2431.7,2449.7,2418.7,2423.7
1341522000,2423.7,2429.7,2408.6,2416.6
1341781200,2416.6,2416.6,2395.6,2405.6
1341867600,2405.6,2427.6,2395.6,2409.5
1341954000,2409.5,2429.5,2401.5,2422.5
1342040400,2422.5,2422.5,2389.5,2405.5
1342126800,2405.5,2434.5,2404.5,2430.5
1342386000,2430.5,2433.4,2419.4,2426.4
1342472400,2426.4,2436.4,2419.4,2432.4
1342558800,2432.4,2454.4,2424.4,2452.4
1342645200,2452.4,2478.4,2452.4,2472.4
1342731600,2472.4,2472.4,2433.4,2437.4
1342990800,2437.4,2437.4,2373.3,2382.3
1343077200,2382.3,2391.3,2351.2,2362.2
1343163600,2362.2,2374.2,2355.2,2365.2
1343250000,2365.2,2420.2,2355.2,2419.2
1343336400,2419.2,2481.2,2409.2,2476.2
1343595600,2476.2,2494.2,2456.2,2480.2
1343682000,2480.2,2492.1,2465.1,2466.1
1343768400,2466.1,2490.1,2466.1,2484.1
1343854800,2484.1,2518.1,2444.1,2457.1
1343941200,2457.1,2520.1,2457.1,2510.1
1344200400,2510.1,2528,2503,2520
1344286800,2520,2547,2512,2546
1344373200,2546,2553,2530,2552
1344459600,2552,2562,2548,2556
1344546000,2556,2559.9,2542.9,2553.9
1344805200,2553.9,2559.9,2537.9,2544.9
1344891600,2544.9,2566.9,2544.9,2556.9
1344978000,2556.9,2572.8,2548.8,2566.8
1345064400,2566.8,2571.8,2551.8,2568.8
1345150800,2568.8,2578.8,2563.8,2576.8
1345410000,2576.8,2580.7,2556.7,2567.7
1345496400,2567.7,2577.7,2559.7,2559.7
1345582800,2559.7,2559.7,2535.7,2540.7
1345669200,2540.7,2552.7,2516.6,2518.6
1345755600,2518.6,2533.6,2512.6,2524.6
1346014800,2524.6,2545.6,2521.6,2537.6
1346101200,2537.6,2537.6,2516.5,2529.5
1346187600,2529.5,2529.5,2511.5,2521.5
1346274000,2521.5,2521.5,2496.5,2498.5
1346360400,2498.5,2519.5,2495.5,2504.5
1346619600,2504.5,2532.4,2500.4,2531.4
1346706000,2531.4,2531.4,2494.4,2507.4
1346792400,2507.4,2507.4,2486.4,2492.3
1346878800,2492.3,2557.3,2492.3,2551.3
1346965200,2551.3,2570.3,2546.3,2552.3
1347224400,2552.3,2552.3,2535.2,2536.2
1347310800,2536.2,2562.2,2527.2,2557.2
1347397200,2557.2,2573.2,2544.2,2547.2
1347483600,2547.2,2578.2,2543.2,2578.2
1347570000,2578.2,2591.2,2566.2,2571.2
1347829200,2571.2,2575.1,2565.1,2570.1
1347915600,2570.1,2575.1,2552.1,2570.1
1348002000,2570.1,2585,2568,2585
1348088400,2585,2585,2561,2574
1348174800,2574,2583,2564,2578
1348434000,2578,2581.8,2564.8,2581.8
1348520400,2581.8,2588.7,2572.7,2572.7
1348606800,2572.7,2572.7,2538.6,2543.6
1348693200,2543.6,2559.5,2543.5,2557.5
1348779600,2557.5,2557.5,2509.4,2515.4
1349038800,2515.4,2550.3,2507.2,2537.2
1349125200,2537.2,2557.2,2531.2,2539.2
1349211600,2539.2,2546.1,2528.1,2533.1
1349298000,2533.1,2551.1,2529,2542.1
1349384400,2542.1,2565,2542,2546
1349643600,2546,2546,2535.8,2541.8
1349730000,2541.8,2547.8,2522.7,2523.7
1349816400,2523.7,2528.7,2508.6,2510.6
1349902800,2510.6,2538.6,2507.6,2528.6
1349989200,2528.6,2535.5,2520.5,2521.5
1350248400,2521.5,2548.3,2521.5,2548.3
1350334800,2548.3,2571.3,2541.3,2570.3
1350421200,2570.3,2585.3,2565.3,2581.3
1350507600,2581.3,2592.2,2573.2,2583.2
1350594000,2583.2,2584.2,2565.1,2568.1
1350853200,2568.1,2573,2550.9,2559.9
1350939600,2559.9,2559.9,2506.8,2516.8
1351026000,2516.8,2529.7,2506.7,2517.7
1351112400,2517.7,2539.7,2517.7,2518.7
1351198800,2518.7,2535.6,2506.6,2530.6
1351458000,2530.6,2530.6,2511.4,2517.4
1351544400,2517.4,2548.4,2517.4,2548.4
1351630800,2548.4,2553.3,2519.3,2521.3
1351717200,2521.3,2553.2,2516.2,2552.2
1351803600,2552.2,2561.2,2543.2,2547.2
1352066400,2547.2,2549,2534,2543
1352152800,2543,2566.9,2542.9,2560.9
1352239200,2560.9,2576.9,2518.8,2534.8
1352325600,2534.8,2539.8,2520.8,2521.8
1352412000,2521.8,2524.7,2496.7,2508.7
1352671200,2508.7,2522.5,2508.5,2508.5
1352757600,2508.5,2524.4,2490.4,2519.4
1352844000,2519.4,2519.4,2477.3,2477.3
1352930400,2477.3,2484.3,2463.3,2464.2
1353016800,2464.2,2476.2,2443.2,2454.2
1353276000,2454.2,2505,2454.2,2501
1353362400,2501,2506,2488,2503
1353448800,2503,2512.9,2498.9,2511.9
1353535200,2511.9,2522.9,2511.9,2522.9
1353621600,2522.9,2535.8,2514.8,2533.8
1353880800,2533.8,2533.8,2517.6,2533.6
1353967200,2533.6,2537.6,2524.5,2525.5
1354053600,2525.5,2539.5,2514.5,2539.5
1354140000,2539.5,2580.9,2539.5,2580.9
1354226400,2580.9,2592.9,2575.9,2585.9
1354485600,2585.9,2608.7,2574.7,2579.7
1354572000,2579.7,2602.3,2576.6,2593.6
1354658400,2593.6,2614.6,2580.5,2600.5
1354744800,2600.5,2619.5,2590.5,2617.5
1354831200,2617.5,2617.5,2590.4,2606.4
1355090400,2606.4,2606.4,2565.2,2601.2
1355176800,2601.2,2628.2,2593.2,2626.1
1355263200,2626.1,2643.8,2619.1,2629.1
1355349600,2629.1,2638,2614.7,2622
1355436000,2622,2635,2621,2624.9
1355695200,2624.9,2636.7,2611.8,2636.7
1355781600,2636.7,2656.1,2632.7,2654.5
1355868000,2654.5,2665,2647,2651.9
1355954400,2651.9,2674.9,2645.9,2669.9
1356040800,2669.9,2669.9,2635.3,2665.8
1356472800,2665.8,2665.8,2665.8,2665.8
1356559200,2665.8,2671.3,2647.3,2667.6
1356645600,2667.6,2672.3,2611.1,2612.1
1357077600,2612.1,2709.9,2612.1,2708.9
1357164000,2708.9,2708.9,2687.8,2693.7
1357250400,2693.7,2718.7,2688.7,2714.7
1357509600,2714.7,2714.7,2689.4,2694.4
1357596000,2694.4,2709.4,2681.3,2693.3
1357682400,2693.3,2709.3,2690.2,2701.2
1357768800,2701.2,2726.2,2693.2,2718.2
1357855200,2718.2,2724.1,2702.1,2723.1
1358114400,2723.1,2733.9,2706.8,2715.5
1358200800,2715.5,2717.8,2691.7,2714.7
1358287200,2714.7,2714.7,2686.6,2698.6
1358373600,2698.6,2728.3,2695.6,2717.5
1358460000,2717.5,2733.3,2707.5,2720.5
1358719200,2720.5,2730.2,2713.2,2727.2
1358805600,2727.2,2728.2,2697.1,2726.1
1358892000,2726.1,2727.1,2703,2714
1358978400,2714,2729,2695.9,2721.9
1359064800,2721.9,2755.9,2719.9,2754.9
1359324000,2754.9,2758.7,2745.7,2753.6
1359410400,2753.6,2755.6,2735.5,2753.5
1359496800,2753.5,2758.5,2728.4,2732.4
1359583200,2732.4,2735.4,2698.3,2702.3
1359669600,2702.3,2722.2,2699.2,2720.2
1359928800,2720.2,2720.2,2613.8,2623.8
1360015200,2623.8,2664.2,2618.8,2647.8
1360101600,2647.8,2661.7,2607.7,2629.7
1360188000,2629.7,2643.6,2590.5,2605.5
1360274400,2605.5,2639.5,2601.5,2635.5
1360533600,2635.5,2645.3,2615.2,2624.2
1360620000,2624.2,2657.2,2615.2,2647.2
1360706400,2647.2,2670.1,2644.1,2657.1
1360792800,2657.1,2669,2628,2641
1360879200,2641,2644.9,2603.9,2613.9
1361138400,2613.9,2624.6,2598.6,2622.6
1361224800,2622.6,2667.6,2610.6,2664.6
1361311200,2664.6,2672.5,2628.4,2629.5
1361397600,2629.5,2629.5,2576.3,2583.3
1361484000,2583.3,2648.3,2583.3,2647.3
1361743200,2647.3,2702.1,2568,2572
1361829600,2572,2606.2,2557.9,2581.9
1361916000,2581.9,2631.8,2563.9,2625.8
1362002400,2625.8,2647.8,2609.8,2631.8
1362088800,2631.8,2639.1,2588.7,2620.7
1362348000,2620.7,2639.4,2592.5,2638.4
1362434400,2638.4,2687.4,2635.4,2672.3
1362520800,2672.3,2705.3,2672.3,2689.5
1362607200,2689.5,2703.4,2681.5,2696.3
1362693600,2696.3,2736.3,2695.8,2726.7
1362949200,2726.7,2726.7,2704.5,2720.7
1363035600,2720.7,2723.3,2695.5,2705.7
1363122000,2705.7,2712.3,2688.9,2709.2
1363208400,2709.2,2739.5,2709.2,2734.6
1363294800,2734.6,2745.1,2708.1,2714.1
1363554000,2714.1,2714.1,2621.6,2688.7
1363640400,2688.7,2694.5,2649.3,2664.5
1363726800,2664.5,2706.4,2664.5,2693.6
1363813200,2693.6,2699.4,2658.4,2668.4
1363899600,2668.4,2694.5,2652.4,2689.2
1364158800,2689.2,2720.4,2618.1,2640.7
1364245200,2640.7,2651.4,2618.6,2634.2
1364331600,2634.2,2641.6,2574.2,2608.6
1364418000,2608.6,2628.3,2587.2,2618.2
1364850000,2618.2,2665.6,2600.3,2644.7
1364936400,2644.7,2660.7,2614.6,2619.7
1365022800,2619.7,2653.9,2597.8,2612
1365109200,2612,2616.7,2545.6,2575.7
1365368400,2575.7,2585.4,2564.9,2581.1
1365454800,2581.1,2594,2562.3,2582.5
1365541200,2582.5,2647.1,2579.2,2640.9
1365627600,2640.9,2665.8,2632.5,2651.4
1365714000,2651.4,2651.4,2610.3,2633.6
1365973200,2633.6,2633.6,2579.9,2584
1366059600,2584,2616.1,2580.6,2600.7
1366146000,2600.7,2608.5,2521,2542.2
1366232400,2542.2,2560.1,2518.7,2531.5
1366318800,2531.5,2569.7,2531.5,2553.2
1366578000,2553.2,2583.1,2547.5,2572.7
1366664400,2572.7,2652.2,2554.2,2648.1
1366750800,2648.1,2689.2,2641.8,2680
1366837200,2680,2693.8,2668.5,2674.3
1366923600,2674.3,2680.8,2655.7,2676.7
1367182800,2676.7,2726.5,2676.7,2717.4
1367269200,2717.4,2726.2,2693.6,2703.6
1367442000,2703.6,2738.9,2679.2,2721.5
1367528400,2721.5,2765.5,2703,2760.4
1367787600,2760.4,2760.4,2741.4,2752.4
1367874000,2752.4,2776.2,2747,2769.9
1367960400,2769.9,2790.5,2759.5,2790.5
1368046800,2790.5,2790.5,2766.9,2777.7
1368133200,2777.7,2813.8,2777.7,2801.3
1368392400,2801.3,2801.3,2770.4,2788.3
1368478800,2788.3,2807.8,2766.7,2805.8
1368565200,2805.8,2824.4,2790.3,2820.3
1368651600,2820.3,2823.9,2800.5,2804.5
1368738000,2804.5,2846.2,2802.1,2843.2
1368997200,2843.2,2843.3,2815.2,2834.9
1369083600,2834.9,2844.6,2811.6,2836.5
1369170000,2836.5,2857.1,2807.7,2817.7
1369256400,2817.7,2817.7,2769.9,2801.2
1369342800,2801.2,2808.7,2765.2,2791.3
1369602000,2791.3,2811.4,2789.7,2810.7
1369688400,2810.7,2864.2,2810.2,2841
1369774800,2841,2841,2794.2,2810.9
1369861200,2810.9,2824.8,2785.7,2812.5
1369947600,2812.5,2815.3,2765.6,2765.6
1370206800,2765.6,2798.1,2736.9,2770.7
1370293200,2770.7,2787.5,2739,2751
1370379600,2751,2762.7,2710.3,2710.3
1370466000,2710.3,2737.9,2657.2,2692.6
1370552400,2692.6,2742.2,2671.1,2731.1
1370811600,2731.1,2739.4,2713.2,2717.1
1370898000,2717.1,2717.1,2659.6,2673
1370984400,2673,2707.3,2653.6,2660.4
1371070800,2660.4,2689.4,2619.1,2688.6
1371157200,2688.6,2692.3,2652.1,2659.9
1371416400,2659.9,2723.1,2659.9,2696.5
1371502800,2696.5,2715,2689.9,2704.9
1371589200,2704.9,2713.9,2663.6,2668.6
1371675600,2668.6,2668.6,2570.1,2577.2
1371762000,2577.2,2616.3,2545,2568.8
1372021200,2568.8,2568.8,2497.5,2529.6
1372107600,2529.6,2565.6,2522.5,2556.6
1372194000,2556.6,2615.7,2541.5,2610.7
1372280400,2610.7,2639.7,2592.5,2621.6
1372366800,2621.6,2642.6,2595.4,2608.4
1372626000,2608.4,2643.3,2595.1,2617.1
1372712400,2617.1,2634.2,2579.9,2594
1372798800,2594,2594,2542.7,2580.8
1372885200,2580.8,2655,2580.8,2651.9
1372971600,2651.9,2666.9,2599.7,2622.5
1373230800,2622.5,2671.6,2617.5,2653.5
1373317200,2653.5,2681.5,2653.5,2673.5
1373403600,2673.5,2677.4,2645.6,2668.3
1373490000,2668.3,2712.4,2668.3,2697.6
1373576400,2697.6,2705.3,2671.2,2684.2
1373835600,2684.2,2706.7,2682.9,2694.9
1373922000,2694.9,2700.8,2669.7,2672.7
1374008400,2672.7,2698.7,2652.6,2686.6
1374094800,2686.6,2727.6,2675.5,2722.6
1374181200,2722.6,2726.5,2705.5,2722.5
1374440400,2722.5,2742.3,2719.2,2732.2
1374526800,2732.2,2750.2,2729.1,2734.6
1374613200,2734.6,2767.1,2730,2758
1374699600,2758,2764.9,2726.9,2762.9
1374786000,2762.9,2775.9,2739.8,2764.8
1375045200,2764.8,2769.5,2742.7,2753.4
1375131600,2753.4,2772.4,2749.4,2761.3
1375218000,2761.3,2782.3,2755.3,2769.2
1375304400,2769.2,2832.3,2769.2,2828.3
1375390800,2828.3,2829.2,2802.1,2824.1
1375650000,2824.1,2827.8,2805.8,2816.8
1375736400,2816.8,2827.1,2782.6,2792.6
1375822800,2792.6,2804.6,2780.5,2801.5
1375909200,2801.5,2831.8,2798.7,2829.4
1375995600,2829.4,2841.4,2811.4,2837.3
1376254800,2837.3,2840.8,2807,2833
1376341200,2833,2857.9,2833,2854.9
1376427600,2854.9,2863.8,2840.8,2859.8
1376514000,2859.8,2859.8,2810.6,2837.6
1376600400,2837.6,2862.6,2829.6,2856.6
1376859600,2856.6,2862.3,2816.2,2819.2
1376946000,2819.2,2819.2,2773,2794
1377032400,2794,2802,2769.5,2779.9
1377118800,2779.9,2825.8,2769.8,2820.8
1377205200,2820.8,2838.7,2796.7,2835.7
1377464400,2835.7,2836.4,2807.4,2816.3
1377550800,2816.3,2822.3,2734.2,2739.2
1377637200,2739.2,2758.1,2723.3,2739
1377723600,2739,2764,2735,2749.9
1377810000,2749.9,2764.9,2715.8,2722.8
1378069200,2722.8,2783.5,2722.8,2770.5
1378155600,2770.5,2783.5,2737.2,2756.4
1378242000,2756.4,2770.3,2727.3,2763.3
1378328400,2763.3,2780.2,2749.2,2776.2
1378414800,2776.2,2806.5,2763.1,2796.1
1378674000,2796.1,2815.7,2787.8,2809.7
1378760400,2809.7,2856.6,2809.7,2852.6
1378846800,2852.6,2869.9,2845.6,2869.5
1378933200,2869.5,2872.2,2849.4,2857.4
1379019600,2857.4,2873.3,2849.3,2871.3
1379278800,2871.3,2906.6,2871.3,2891
1379365200,2891,2898.8,2876.8,2896.8
1379451600,2896.8,2957,2887.7,2952.9
1379538000,2952.9,2955.9,2920.7,2932.7
1379624400,2932.7,2941.4,2916.5,2916.5
1379883600,2916.5,2937.9,2896,2909
1379970000,2909,2932,2908,2919.9
1380056400,2919.9,2931.9,2908.8,2923.8
1380142800,2923.8,2938.8,2910.7,2929.7
1380229200,2929.7,2935.7,2905.5,2924.5
1380488400,2924.5,2924.5,2875,2898
1380574800,2898,2937,2898,2929
1380661200,2929,2932.9,2902.8,2926.8
1380747600,2926.8,2928.8,2890.6,2899.6
1380834000,2899.6,2935.6,2896.5,2931.5
1381093200,2931.5,2931.5,2891,2916.1
1381179600,2916.1,2929.8,2891.8,2892.8
1381266000,2892.8,2923.9,2892.8,2913.8
1381352400,2913.8,2985.9,2913.8,2982.9
1381438800,2982.9,2983.7,2963.7,2979.7
1381698000,2979.7,2992.3,2956.3,2987.3
1381784400,2987.3,3008.2,2983.2,2993.2
1381870800,2993.2,3023.1,2991.1,3019.1
1381957200,3019.1,3023,2990.9,3021
1382043600,3021,3037.9,3010.8,3034.9
1382302800,3034.9,3042.5,3020.4,3029.4
1382389200,3029.4,3058.4,3022.3,3043.3
1382475600,3043.3,3043.3,3011.1,3021.1
1382562000,3021.1,3042.1,3021.1,3036
1382648400,3036,3044.9,3021.8,3035.8
1382907600,3035.8,3048.5,3010.3,3022.3
1382994000,3022.3,3052.3,3013.2,3052.3
1383080400,3052.3,3073.9,3029.1,3035.8
1383166800,3035.8,3076,3026,3067
1383253200,3067,3074.9,3045.8,3059.8
1383516000,3059.8,3067.4,3053.4,3067.4
1383602400,3067.4,3067.4,3019.2,3035.2
1383688800,3035.2,3067.1,3035.2,3058.1
1383775200,3058.1,3109.1,3014.8,3018.8
1383861600,3018.8,3042.7,2998.7,3042.7
1384120800,3042.7,3058.3,3028.3,3056.3
1384207200,3056.3,3061.2,3026.1,3034.1
1384293600,3034.1,3044,3000.9,3043
1384380000,3043,3058.9,3029.9,3054.9
1384466400,3054.9,3063.8,3045.8,3059.7
1384725600,3059.7,3094.4,3044.3,3068.3
1384812000,3068.3,3071.2,3036.7,3042.6
1384898400,3042.6,3068,3023.9,3031.9
1384984800,3031.9,3056.8,3015.8,3055.8
1385071200,3055.8,3064.7,3037.3,3062.7
1385330400,3062.7,3080.3,3062.2,3065.2
1385416800,3065.2,3078.2,3062.1,3069.1
1385503200,3069.1,3091,3066,3082.9
1385589600,3082.9,3100.9,3080.9,3091.8
1385676000,3091.8,3099.7,3080.6,3084.6
1385935200,3084.6,3096.3,3071.2,3072.2
1386021600,3072.2,3076.1,3010,3020
1386108000,3020,3028.9,2967.8,2993.8
1386194400,2993.8,2998.7,2947.6,2949.6
1386280800,2949.6,2994.5,2936.5,2991.5
1386540000,2991.5,2995.1,2973.1,2986.7
1386626400,2986.7,3000.2,2958.2,2961.1
1386712800,2961.1,2979.1,2932.5,2936.5
1386799200,2936.5,2945.5,2917.4,2923.9
1386885600,2923.9,2943.4,2916.6,2931.4
1387144800,2931.4,2987.3,2916.2,2975.3
1387231200,2975.3,2975.3,2943.2,2949.2
1387317600,2949.2,3013.2,2949.2,3013.2
1387404000,3013.2,3038.2,2999.4,3038.2
1387490400,3038.2,3057.2,3032.2,3048.2
1387749600,3048.2,3079,3048.2,3078
1388095200,3078,3118.9,3078,3115.8
1388354400,3115.8,3122.7,3099.6,3117.7
1388613600,3117.7,3132.5,3051.4,3062.4
1388700000,3062.4,3080.4,3053.6,3071.3
1388959200,3071.3,3087.2,3063.1,3067.9
1389045600,3067.9,3113.2,3063.1,3109.9
1389132000,3109.9,3120.1,3100.1,3107.1
1389218400,3107.1,3131.1,3080,3100
1389304800,3100,3122,3090.9,3118
1389564000,3118,3118,3082.7,3086.7
1389650400,3086.7,3128.7,3070.7,3126.7
1389736800,3126.7,3181.7,3124.7,3179.7
1389823200,3179.7,3179.7,3148.6,3160.6
1389909600,3160.6,3170,3143.8,3148.8
1390168800,3148.8,3160.4,3140.4,3159.4
1390255200,3159.4,3179.3,3150.3,3164.3
1390341600,3164.3,3173.3,3140.2,3160.2
1390428000,3160.2,3162.2,3109.1,3122.1
1390514400,3122.1,3128.8,3014.9,3014.9
1390773600,3014.9,3041.8,2991.7,3007.7
1390860000,3007.7,3052.7,3007.7,3047.7
1390946400,3047.7,3081.7,2975.6,3002.65
1391032800,3002.65,3048.65,2988.55,3043.55
1391119200,3043.55,3043.55,2965.45,3011.55
1391378400,3011.55,3032.35,2935.25,2938.25
1391464800,2938.25,2979.25,2938.25,2971.25
1391551200,2971.25,2980.55,2949.15,2970.15
1391637600,2970.15,3022.15,2967.15,3021.15
1391724000,3021.15,3063.15,2999.05,3060.15
1391983200,3060.15,3060.95,3028.95,3037.95
1392069600,3037.95,3094.85,3037.95,3086.85
1392156000,3086.85,3112.85,3083.85,3099.85
1392242400,3099.85,3114.75,3065.75,3110.75
1392328800,3110.75,3128.75,3096.75,3122.25
1392588000,3122.25,3133.55,3114.55,3119.55
1392674400,3119.55,3131.05,3098.45,3118.45
1392760800,3118.45,3135.45,3098.35,3100.65
1392847200,3100.65,3126.35,3079.35,3122.85
1392933600,3122.85,3139.35,3115.25,3123.25
1393192800,3123.25,3165.15,3121.15,3150.05
1393279200,3150.05,3162.05,3135.05,3150.05
1393365600,3150.05,3165.05,3135.95,3144.95
1393452000,3144.95,3152.95,3106.95,3144.85
1393538400,3144.85,3151.85,3115.85,3132.85
1393797600,3132.85,3132.85,3045.65,3057.65
1393884000,3057.65,3137.55,3057.65,3131.55
1393970400,3131.55,3147.55,3124.55,3140.55
1394056800,3140.55,3160.5,3133.5,3142.45
1394143200,3142.45,3153.35,3093.35,3112.35
1394398800,3112.35,3128.25,3073.75,3105.25
1394485200,3105.25,3119.05,3080.15,3083.85
1394571600,3083.85,3083.85,3040.75,3071.75
1394658000,3071.75,3077.05,2985.85,2998.05
1394744400,2998.05,3010.75,2964.95,2993.55
1395003600,2993.55,3047.65,2993.55,3046.45
1395090000,3046.45,3091.95,3021.65,3065.45
1395176400,3065.45,3084.15,3028.85,3044.85
1395262800,3044.85,3084.35,3029.55,3080.15
1395349200,3080.15,3103.35,3057.15,3063.25
1395608400,3063.25,3091.15,3035.85,3054.85
1395694800,3054.85,3103.45,3051.75,3098.25
1395781200,3098.25,3132.45,3093.85,3100.65
1395867600,3100.65,3128.75,3100.65,3124.35
1395954000,3124.35,3164.55,3124.35,3156.35
1396213200,3156.35,3176.05,3146.25,3152.25
1396299600,3152.25,3184.25,3152.25,3179.05
1396386000,3179.05,3184.35,3170.35,3181.35
1396472400,3181.35,3209.35,3168.75,3199.05
1396558800,3199.05,3227.95,3189.15,3192.25
1396818000,3192.25,3198.55,3153.65,3165.75
1396904400,3165.75,3179.65,3128.75,3154.85
1396990800,3154.85,3181.65,3154.85,3180.65
1397077200,3180.65,3182.35,3098.75,3103.75
1397163600,3103.75,3122.75,3078.85,3086.85
1397422800,3086.85,3120.45,3067.85,3117.25
1397509200,3117.25,3124.95,3053.85,3096.35
1397595600,3096.35,3136.25,3096.35,3135.25
1397682000,3135.25,3160.35,3106.05,3150.75
1398114000,3150.75,3184.35,3138.55,3182.75
1398200400,3182.75,3183.55,3155.85,3164.85
1398286800,3164.85,3189.75,3129.95,3162.85
1398373200,3162.85,3162.85,3118.05,3131.15
1398632400,3131.15,3158.75,3116.95,3145.25
1398718800,3145.25,3193.25,3145.25,3181.75
1398805200,3181.75,3190.45,3168.55,3183.35
1398978000,3183.35,3189.15,3158.85,3169.85
1399237200,3169.85,3169.85,3121.55,3168.75
1399323600,3168.75,3177.55,3132.85,3134.75
1399410000,3134.75,3164.55,3125.35,3164.35
1399496400,3164.35,3203.35,3150.75,3187.85
1399582800,3187.85,3197.65,3171.25,3186.95
1399842000,3186.95,3215.35,3182.45,3214.35
1399928400,3214.35,3221.95,3203.85,3215.35
1400014800,3215.35,3220.35,3203.15,3208.95
1400101200,3208.95,3227.75,3160.05,3173.95
1400187600,3173.95,3186.35,3147.35,3185.35
1400446800,3185.35,3185.35,3143.35,3181.25
1400533200,3181.25,3187.95,3154.45,3166.45
1400619600,3166.45,3201.15,3153.05,3199.05
1400706000,3199.05,3209.75,3182.45,3197.35
1400792400,3197.35,3217.85,3189.95,3216.75
1401051600,3216.75,3252,3216.75,3243.8
1401138000,3243.8,3261.4,3241.4,3253.1
1401224400,3253.1,3260.6,3243.5,3252.7
1401310800,3252.7,3262.1,3247,3260
1401397200,3260,3266.2,3243.3,3263.3
1401656400,3263.3,3269.4,3248.6,3264
1401742800,3264,3264,3243.4,3249.2
1401829200,3249.2,3254.6,3227.7,3253.5
1401915600,3253.5,3303.2,3236.1,3284.9
1402002000,3284.9,3315.3,3271.5,3315.3
1402261200,3315.3,3323.2,3295.3,3319.1
1402347600,3319.1,3325.5,3304.7,3321.4
1402434000,3321.4,3321.4,3288.7,3294.6
1402520400,3294.6,3305.2,3273.9,3281.2
1402606800,3281.2,3296.4,3258.4,3279.9
1402866000,3279.9,3280.4,3259.7,3268.7
1402952400,3268.7,3286.7,3256.6,3279.6
1403038800,3279.6,3308.6,3275.6,3305.6
1403125200,3305.6,3328.6,3305.6,3318.6
1403211600,3318.6,3324.5,3297.5,3303.5
1403470800,3303.5,3311.3,3272.2,3292.2
1403557200,3292.2,3296.2,3269.1,3272.1
1403643600,3272.1,3279.1,3247,3267
1403730000,3267,3270,3213.8,3250.9
1403816400,3250.9,3252.9,3222.8,3241.8
1404075600,3241.8,3250.6,3213.5,3230.6
1404162000,3230.6,3267.6,3230.6,3260.3
1404248400,3260.3,3268.5,3244.4,3256.5
1404334800,3256.5,3296.5,3248.4,3291.4
1404421200,3291.4,3291.9,3273.3,3280.3
1404680400,3280.3,3280.3,3234,3239
1404766800,3239,3244,3182.9,3195.9
1404853200,3195.9,3217.9,3187.8,3214.9
1404939600,3214.9,3214.9,3135.7,3167.7
1405026000,3167.7,3177.7,3146.6,3165.6
1405285200,3165.6,3194.5,3165.6,3183.4
1405371600,3183.4,3189.4,3146.3,3168.3
1405458000,3168.3,3211.8,3166.3,3205.3
1405544400,3205.3,3205.3,3135.1,3141.1
1405630800,3141.1,3182.1,3136.9,3177.1
1405890000,3177.1,3177.1,3134.9,3148.9
1405976400,3148.9,3196.9,3148.9,3188.1
1406062800,3188.1,3214.8,3180.8,3194.8
1406149200,3194.8,3228.8,3173.7,3220.7
1406235600,3220.7,3225.7,3168.6,3184.6
1406494800,3184.6,3196.5,3150.4,3182.7
1406581200,3182.7,3211.4,3168.3,3181.3
1406667600,3181.3,3217.3,3166.2,3182.2
1406754000,3182.2,3184.2,3107.1,3107.1
1406840400,3107.1,3125.1,3059,3073
1407099600,3073,3101.8,3063.8,3091.8
1407186000,3091.8,3098.8,3037.3,3047.7
1407272400,3047.7,3066.6,3020.6,3047.6
1407358800,3047.6,3064.6,2994.2,3003.5
1407445200,3003.5,3040.4,2976.4,3038.4
1407704400,3038.4,3056.3,3029.3,3039.2
1407790800,3039.2,3054.2,3019.2,3030.1
1407877200,3030.1,3066.1,3030.1,3053.1
1407963600,3053.1,3076.1,3034,3066
1408050000,3066,3102,3011.9,3047
1408309200,3047,3083.85,3047,3079.8
1408395600,3079.8,3097.7,3079.8,3094.7
1408482000,3094.7,3096.7,3065.65,3087.3
1408568400,3087.3,3126.6,3076.6,3122.6
1408654800,3122.6,3129.5,3083.5,3102.5
1408914000,3102.5,3169.3,3102.5,3160.3
1409000400,3160.3,3200.3,3153.3,3189.3
1409086800,3189.3,3205.2,3184.2,3191.2
1409173200,3191.2,3193.1,3155.1,3167.1
1409259600,3167.1,3188.1,3139,3176
1409518800,3176,3184.8,3158.8,3175
1409605200,3175,3200.5,3168.7,3180.5
1409691600,3180.5,3236.7,3180.5,3213.1
1409778000,3213.1,3288.9,3202.8,3270.4
1409864400,3270.4,3290.5,3259.4,3289.3
1410123600,3289.3,3289.3,3251.3,3258.9
1410210000,3258.9,3269.3,3232.2,3239.7
1410296400,3239.7,3260.2,3226.2,3255.7
1410382800,3255.7,3256.1,3217.1,3242
1410469200,3242,3247.2,3221.3,3231.2
1410728400,3231.2,3239.8,3219.8,3234.8
1410814800,3234.8,3240.7,3206.7,3239.95
1410901200,3239.95,3258.8,3229.75,3244.8
1410987600,3244.8,3274.5,3243.7,3264.7
1411074000,3264.7,3308.6,3264.7,3269.05
1411333200,3269.05,3277.85,3246.7,3254.7
1411419600,3254.7,3261.6,3204.3,3208.8
1411506000,3208.8,3256.4,3194.7,3252.3
1411592400,3252.3,3263.3,3194.9,3200.9
1411678800,3200.9,3244.95,3191.1,3237.95
1411938000,3237.95,3237.95,3170.2,3194.7
1412024400,3194.7,3241.25,3194.45,3219.75
1412110800,3219.75,3240.15,3175.85,3186.85
1412197200,3186.85,3201.8,3100.4,3130.4
1412283600,3130.4,3156.4,3119.6,3153.7
1412542800,3153.7,3189.1,3119.8,3131.1
1412629200,3131.1,3131.1,3052.9,3052.9
1412715600,3052.9,3099.3,3043.1,3096.3
1412802000,3096.3,3096.3,3003.05,3012.85
1412888400,3012.85,3035.85,2982.55,2983.05
1413147600,2983.05,3018.25,2944.25,2970.25
1413234000,2970.25,3012.75,2947.45,2986.25
1413320400,2986.25,3006.95,2851.35,2912.75
1413406800,2912.75,2926.55,2780.55,2869.65
1413493200,2869.65,2966.45,2860.15,2946.05
1413752400,2946.05,2971.45,2908.75,2941.55
1413838800,2941.55,3011.95,2905.65,3007.65
1413925200,3007.65,3014.35,2971.25,2974.95
1414011600,2974.95,3051.75,2971.8,3032.35
1414098000,3032.35,3043.55,3014.05,3042.55
1414357200,3042.55,3070.15,2974.4,3007.2
1414443600,3007.2,3051.85,3007.2,3047.85
1414530000,3047.85,3051.85,3003.65,3020.6
1414616400,3020.6,3049.55,2962.35,3044.15
1414702800,3044.15,3120.85,3044.15,3115.85
1414965600,3115.85,3115.85,3073.05,3085.75
1415052000,3085.75,3096.95,3025.75,3050.15
1415138400,3050.15,3093.75,3044.65,3085.65
1415224800,3085.65,3143.65,3064.55,3107.95
1415311200,3107.95,3124.25,3040.25,3063.65
1415570400,3063.65,3094.65,3047.85,3092.35
1415656800,3092.35,3117.85,3090.05,3098.95
1415743200,3098.95,3099.65,3040.45,3056.95
1415829600,3056.95,3077.45,3024.75,3058.75
1415916000,3058.75,3072.25,3029.15,3052.45
1416175200,3052.45,3093.75,3021.95,3085.65
1416261600,3085.65,3132.65,3082.65,3127.85
1416348000,3127.85,3141.55,3111.05,3123.75
1416434400,3123.75,3124.35,3074.25,3099.55
1416520800,3099.55,3196.65,3099.55,3188.15
1416780000,3188.15,3238.85,3188.15,3219.45
1416866400,3219.45,3249.65,3206.95,3229.55
1416952800,3229.55,3244.95,3216.45,3236.45
1417039200,3236.45,3251.45,3222.25,3243.95
1417125600,3243.95,3254.15,3224.15,3242.05
1417384800,3242.05,3242.05,3211.55,3234.8
1417471200,3234.8,3263.45,3223.75,3247.4
1417557600,3247.4,3258.95,3234.3,3256.7
1417644000,3256.7,3282.1,3185.05,3207.6
1417730400,3207.6,3282.6,3207.6,3274.3
1417989600,3274.3,3279.2,3226.3,3237.6
1418076000,3237.6,3237.6,3160.1,3190.9
1418162400,3190.9,3199.25,3125.9,3130.7
1418248800,3130.7,3176.55,3130.15,3140.8
1418335200,3140.8,3143.45,3041.6,3047.1
1418594400,3047.1,3094.15,2968.1,2986.5
1418680800,2986.5,3053.9,2919,2999.3
1418767200,2999.3,3097.9,2999.3,3088.9
1418853600,3088.9,3175,3087.9,3173.3
1418940000,3173.3,3202.8,3113.05,3153.9
1419199200,3153.9,3183.05,3145.95,3171.4
1419285600,3171.4,3206,3157.85,3197.5
1419804000,3197.5,3212.2,3132.7,3188.7
1419890400,3188.7,3188.7,3130.3,3136.6
1420149600,3136.6,3180.25,3113.05,3146.4
1420408800,3146.4,3150.95,3015.7,3026.7
1420495200,3026.7,3060.65,2986.5,3006.1
1420581600,3006.1,3061.6,2999.55,3055.8
1420668000,3055.8,3140.85,3055.8,3115.9
1420754400,3115.9,3123.55,3018.35,3050.2
1421013600,3050.2,3096.35,3031.25,3070.3
1421100000,3070.3,3146.35,3063.25,3102
1421186400,3102,3150.25,3070.4,3107.2
1421272800,3107.2,3171.2,3000.25,3146.7
1421359200,3146.7,3234.2,3131.1,3227.5
1421618400,3227.5,3239.75,3197.95,3223.7
1421704800,3223.7,3260.7,3223.7,3252.5
1421791200,3252.5,3275.6,3211.35,3275.1
1421877600,3275.1,3365.7,3262.05,3353.7
1421964000,3353.7,3415.95,3348.85,3373.9
1422223200,3373.9,3433.7,3350.6,3424.4
1422309600,3424.4,3424.4,3354.55,3378.6
1422396000,3378.6,3407.1,3314.4,3318.2
1422482400,3318.2,3406.4,3312.9,3401
1422568800,3401,3401.8,3335.55,3341
1422828000,3341,3397.1,3330.05,3391.6
1422914400,3391.6,3434.1,3385.1,3433.3
1423000800,3433.3,3433.3,3375.2,3378.5
1423087200,3378.5,3417.9,3366.2,3411.9
1423173600,3411.9,3413.85,3366.8,3374
1423432800,3374,3374,3323.75,3348.9
1423519200,3348.9,3406.55,3339.05,3396
1423605600,3396,3396,3363.4,3380.4
1423692000,3380.4,3439.35,3366.3,3436.8
1423778400,3436.8,3467.35,3433.3,3459
1424037600,3459,3459,3403.3,3403.7
1424124000,3403.7,3470.7,3383.9,3456.4
1424210400,3456.4,3479.6,3455.95,3471.6
1424296800,3471.6,3497.85,3441.85,3477.6
1424383200,3477.6,3540.5,3456.75,3527
1424642400,3527,3534.6,3500.85,3517.1
1424728800,3517.1,3559.45,3512.45,3552.9
1424815200,3552.9,3555.1,3532.35,3539.4
1424901600,3539.4,3579.35,3539.35,3572.3
1424988000,3572.3,3601.2,3565.25,3590.7
1425247200,3590.7,3610.05,3579.95,3601.2
1425333600,3601.2,3606.95,3545.9,3567.1
1425420000,3567.1,3591.8,3533.85,3589.6
1425506400,3589.6,3628.45,3589.6,3619.5
1425592800,3619.5,3638.1,3597.6,3602.4
1425848400,3602.4,3622.1,3585.45,3611.4
1425934800,3611.4,3613.35,3552.55,3571.4
1426021200,3571.4,3663.2,3571.4,3653.2
1426107600,3653.2,3660.2,3636.15,3651.4
1426194000,3651.4,3679.8,3628.35,3670.3
1426453200,3670.3,3716.8,3663.9,3706.1
1426539600,3706.1,3715.45,3654.05,3680
1426626000,3680,3694.3,3637.3,3654.4
1426712400,3654.4,3689.45,3643.15,3661.8
1426798800,3661.8,3738.9,3661.8,3720.3
1427058000,3720.3,3726,3679.8,3685.8
1427144400,3685.8,3742.55,3674.75,3716.1
1427230800,3716.1,3731.05,3671.4,3678.3
1427317200,3678.3,3678.4,3611.15,3667.3
1427403600,3667.3,3690.35,3652.95,3677.6
1427662800,3677.6,3729.1,3674.3,3722.9
1427749200,3722.9,3733.15,3677.9,3686.4
1427835600,3686.4,3743.25,3664.9,3715.2
1427922000,3715.2,3720.15,3699.05,3712.3
1428354000,3712.3,3771.95,3712.3,3747.4
1428440400,3747.4,3765.75,3725.15,3745.3
1428526800,3745.3,3789.1,3740.85,3783.5
1428613200,3783.5,3810.9,3779.5,3809.1
1428872400,3809.1,3824.5,3789.4,3793.1
1428958800,3793.1,3813.4,3755.2,3782.6
1429045200,3782.6,3806.8,3774.6,3781.7
1429131600,3781.7,3790,3729.9,3735.3
1429218000,3735.3,3744.55,3642,3654.6
1429477200,3654.6,3702.25,3654.6,3692.2
1429563600,3692.2,3742.25,3691.75,3708.1
1429650000,3708.1,3735.05,3668.25,3718.6
1429736400,3718.6,3726.3,3652.4,3695.3
1429822800,3695.3,3726.3,3672,3695.8
1430082000,3695.8,3770.15,3658.65,3739.4
1430168400,3739.4,3755.7,3677.8,3703.9
1430254800,3703.9,3719.4,3574.8,3607.2
1430341200,3607.2,3627.45,3560.8,3573.8
1430686800,3573.8,3642.4,3570.8,3615.3
1430773200,3615.3,3655.85,3524.4,3534.5
1430859600,3534.5,3573.1,3512.7,3533.9
1430946000,3533.9,3558.8,3473.8,3540.5
1431032400,3540.5,3649.1,3540.5,3645
1431291600,3645,3645,3605.9,3615.6
1431378000,3615.6,3622.8,3543.5,3578.7
1431464400,3578.7,3617.1,3539.1,3545.4
1431550800,3545.4,3614.1,3509.75,3603.1
1431637200,3603.1,3629.6,3554.8,3584.3
1431896400,3584.3,3604.7,3535.45,3604.1
1431982800,3604.1,3682.55,3604.1,3665.8
1432069200,3665.8,3697.85,3659.05,3689.2
1432155600,3689.2,3706.9,3667.3,3701.4
1432242000,3701.4,3704.5,3680.25,3694.6
1432587600,3694.6,3694.6,3613.55,3637.9
1432674000,3637.9,3700.9,3627,3692.5
1432760400,3692.5,3692.5,3634,3668.3
1432846800,3668.3,3676.2,3571.9,3589.4
1433106000,3589.4,3612.8,3561.7,3594.9
1433192400,3594.9,3607.2,3539.45,3566.1
1433278800,3566.1,3631,3561.5,3577.6
1433365200,3577.6,3603.05,3514.2,3535.4
1433451600,3535.4,3544.6,3498.3,3520.5
1433710800,3520.5,3523.9,3447.1,3455.9
1433797200,3455.9,3482,3414.1,3444.1
1433883600,3444.1,3548.15,3435.4,3525.5
1433970000,3525.5,3595.75,3517.85,3556.2
1434056400,3556.2,3562.05,3469.05,3507.9
1434315600,3507.9,3507.9,3426.75,3449.5
1434402000,3449.5,3468.45,3386.3,3456.2
1434488400,3456.2,3473.2,3400,3414.6
1434574800,3414.6,3542,3375.9,3462.3
1434661200,3462.3,3503.1,3444.2,3458.6
1434920400,3458.6,3609.8,3458.6,3593.2
1435006800,3593.2,3656.8,3593.2,3639.4
1435093200,3639.4,3646,3581.8,3593.5
1435179600,3593.5,3657.9,3574.95,3597.7
1435266000,3597.7,3648.75,3571.2,3627
1435525200,3627,3627,3377.3,3431.3
1435611600,3431.3,3498.3,3411.3,3440.8
1435698000,3440.8,3537.9,3438.55,3497.6
1435784400,3497.6,3514,3454.2,3471.2
1435870800,3471.2,3476.6,3424.35,3440.5
1436130000,3440.5,3440.5,3330,3355.7
1436216400,3355.7,3381.85,3289.5,3372.3
1436302800,3372.3,3372.3,3285.7,3314.9
1436389200,3314.9,3438.25,3314.9,3409
1436475600,3409,3565.4,3409,3557.9
1436734800,3557.9,3611.45,3498.05,3597.2
1436821200,3597.2,3623.2,3575.1,3619.7
1436907600,3619.7,3638.8,3600.1,3623.6
1436994000,3623.6,3702.1,3623.6,3684.8
1437080400,3684.8,3698.8,3666,3678.5
1437339600,3678.5,3718.5,3678.5,3695
1437426000,3695,3701.2,3640.6,3652.6
1437512400,3652.6,3653,3619.8,3641.9
1437598800,3641.9,3670.5,3611.4,3616.4
1437685200,3616.4,3656.4,3580,3582
1437944400,3582,3592.8,3505.9,3509.3
1438030800,3509.3,3572.9,3509.3,3564.4
1438117200,3564.4,3600.6,3547.05,3589.4
1438203600,3589.4,3604.8,3555.75,3591.7
1438290000,3591.7,3608.7,3559.2,3601.1
1438549200,3601.1,3645.45,3590.95,3628
1438635600,3628,3634.4,3605.4,3625.8
1438722000,3625.8,3687.3,3625.8,3668.3
1438808400,3668.3,3691.25,3652.2,3666.9
1438894800,3666.9,3673.95,3638.4,3649.9
1439154000,3649.9,3683.95,3626.85,3681.3
1439240400,3681.3,3681.3,3602.3,3614.7
1439326800,3614.7,3614.7,3475.5,3534.6
1439413200,3534.6,3562.3,3510.5,3514.2
1439499600,3514.2,3543.45,3478.95,3515.4
1439758800,3515.4,3542.2,3457.4,3510.4
1439845200,3510.4,3514.1,3481.6,3492.6
1439931600,3492.6,3492.6,3426.9,3439.6
1440018000,3439.6,3439.6,3320,3322.2
1440104400,3322.2,3355.7,3209.6,3221.6
1440363600,3221.6,3221.6,2953.55,3069.3
1440450000,3069.3,3240.3,3069.3,3123.5
1440536400,3123.5,3236.2,3123.5,3235.2
1440622800,3235.2,3303.25,3225.5,3293.4
1440709200,3293.4,3297.2,3251.35,3288.9
1440968400,3288.9,3288.9,3238.45,3265.4
1441054800,3265.4,3265.4,3144.7,3163.7
1441141200,3163.7,3233.75,3163.7,3222.1
1441227600,3222.1,3298.15,3219.7,3251.9
1441314000,3251.9,3251.9,3153.5,3181.8
1441573200,3181.8,3229.35,3181.8,3196
1441659600,3196,3277.25,3193.3,3253.5
1441746000,3253.5,3328.25,3219.2,3220.9
1441832400,3220.9,3268.15,3209.15,3233.1
1441918800,3233.1,3239.8,3182.05,3205.8
1442178000,3205.8,3222.85,3168.8,3183
1442264400,3183,3228.5,3157.75,3227
1442350800,3227,3263.1,3220.9,3261
1442437200,3261,3298.4,3233.5,3246.5
1442523600,3246.5,3249.2,3138.25,3167
1442782800,3167,3200.55,3142.9,3180.4
1442869200,3180.4,3200.7,3066.75,3098.5
1442955600,3098.5,3126.25,3048,3079.3
1443042000,3079.3,3102.05,2994.6,3054.8
1443128400,3054.8,3129.95,3054.8,3091.6
1443387600,3091.6,3114.25,3019.2,3024.9
1443474000,3024.9,3059.25,2981.2,3037.1
1443560400,3037.1,3119.25,3037.1,3106.9
1443646800,3106.9,3149.3,3052.9,3089.7
1443733200,3089.7,3137.5,3035.95,3136.8
1443992400,3136.8,3220.6,3131.25,3217.6
1444078800,3217.6,3237.85,3167.95,3214
1444165200,3214,3273.75,3214,3251.7
1444251600,3251.7,3264.6,3206.05,3263.1
1444338000,3263.1,3272.55,3235.4,3254.4
1444597200,3254.4,3267.05,3230.95,3243.2
1444683600,3243.2,3244.9,3193.75,3206.7
1444770000,3206.7,3229.65,3180.55,3194.3
1444856400,3194.3,3267.6,3194.3,3262.9
1444942800,3262.9,3276.95,3249.45,3274.5
1445202000,3274.5,3296.65,3255.3,3272.8
1445288400,3272.8,3285.05,3241.85,3260.1
1445374800,3260.1,3285.85,3239.75,3258.5
1445461200,3258.5,3387.9,3257.7,3376.6
1445547600,3376.6,3455.45,3376.6,3442.6
1445806800,3442.6,3442.6,3404.45,3419.1
1445893200,3419.1,3420.25,3383.2,3400.9
1445979600,3400.9,3456.2,3388.05,3452.4
1446066000,3452.4,3452.4,3390.15,3415.4
1446152400,3415.4,3430.8,3393.75,3412.5
1446415200,3412.5,3451.8,3380.3,3448.1
1446501600,3448.1,3460,3417.25,3447
1446588000,3447,3475.25,3432.1,3443.3
1446674400,3443.3,3478.05,3422.25,3450.2
1446760800,3450.2,3488.85,3424.75,3484.3
1447020000,3484.3,3484.3,3412.3,3433.7
1447106400,3433.7,3440.95,3394.15,3433.9
1447192800,3433.9,3471.15,3428.05,3437
1447279200,3437,3462.95,3366,3367.3
1447365600,3367.3,3395.75,3327.85,3348.3
1447624800,3348.3,3402.2,3297.4,3401.7
1447711200,3401.7,3457.9,3387.15,3430.5
1447797600,3430.5,3466.7,3418.25,3464.7
1447884000,3464.7,3480.95,3441.8,3444.4
1447970400,3444.4,3474.75,3429.95,3449.9
1448229600,3449.9,3462.25,3425.55,3435.4
1448316000,3435.4,3441.9,3377.05,3421.5
1448402400,3421.5,3476.95,3405.95,3456.2
1448488800,3456.2,3511.85,3456.2,3494.6
1448575200,3494.6,3516.75,3472.5,3492.4
1448834400,3492.4,3527.75,3473.55,3502.4
1448920800,3502.4,3525.9,3471.35,3490.6
1449007200,3490.6,3502.95,3433.9,3443.9
1449093600,3443.9,3538.55,3295.6,3304.9
1449180000,3304.9,3376.5,3294.75,3374.5
1449439200,3374.5,3397.15,3347.65,3371.6
1449525600,3371.6,3371.6,3282.45,3298.3
1449612000,3298.3,3317.85,3230.7,3249.3
1449698400,3249.3,3288.65,3246.65,3263.6
1449784800,3263.6,3270.5,3178.7,3184.4
1450044000,3184.4,3245.05,3133.2,3186.1
1450130400,3186.1,3254.4,3166.15,3239.1
1450216800,3239.1,3310.9,3227.25,3302.2
1450303200,3302.2,3347.25,3284.6,3302.3
1450389600,3302.3,3302.3,3233,3234
1450648800,3234,3295.95,3211.7,3230.3
1450735200,3230.3,3253.7,3188.75,3240.4
1450821600,3240.4,3304.1,3240.4,3303
1451253600,3303,3303,3252.05,3270.6
1451340000,3270.6,3318.1,3270.6,3313.4
1451426400,3313.4,3317,3275.1,3280.3
1451858400,3280.3,3280.3,3146.35,3190.9
1451944800,3190.9,3201.9,3134.95,3184.7
1452031200,3184.7,3184.7,3103.7,3124.5
1452117600,3124.5,3124.5,3022.45,3039.7
1452204000,3039.7,3114.55,3001.1,3008
1452463200,3008,3074.95,2994.3,3048.8
1452549600,3048.8,3100.15,3012,3088.5
1452636000,3088.5,3126.15,3001.4,3011.6
1452722400,3011.6,3073.9,2970.95,3055.3
1452808800,3055.3,3055.3,2905.7,2933.7
1453068000,2933.7,2984.35,2914.15,2932.2
1453154400,2932.2,3009.25,2932.2,2964.6
1453240800,2964.6,2964.6,2838.1,2910.2
1453327200,2910.2,2969.7,2862.6,2940.4
1453413600,2940.4,3046.05,2940.4,3041.4
1453672800,3041.4,3045.4,2978.9,2979
1453759200,2979,3044.6,2943.45,3044.1
1453845600,3044.1,3061.6,2991.4,3005.2
1453932000,3005.2,3058.25,2956.55,2992.3
1454018400,2992.3,3061.3,2992.3,3059.9
1454277600,3059.9,3063.1,2990.95,3030.3
1454364000,3030.3,3030.3,2922.7,2930.5
1454450400,2930.5,2951.45,2863.85,2920.9
1454536800,2920.9,2951.4,2868.55,2911
1454623200,2911,2936.55,2864.4,2871.4
1454882400,2871.4,2899.15,2770,2796.3
1454968800,2796.3,2812.75,2712.15,2747.3
1455055200,2747.3,2830.85,2734.05,2758.2
1455141600,2758.2,2758.2,2673.95,2712.9
1455228000,2712.9,2765.4,2699.9,2764
1455487200,2764,2857.45,2764,2832.7
1455573600,2832.7,2863.4,2805.35,2841.6
1455660000,2841.6,2913.3,2819.3,2909.6
1455746400,2909.6,2938.25,2884.2,2886.9
1455832800,2886.9,2905.85,2845.05,2869.4
1456092000,2869.4,2937.55,2869.4,2933.8
1456178400,2933.8,2935.85,2879.7,2880.2
1456264800,2880.2,2891.7,2800.85,2867
1456351200,2867,2898.5,2839.55,2898.5
1456437600,2898.5,2953.25,2898.5,2918.7
1456696800,2918.7,2949.2,2879.15,2918.7
1456783200,2918.7,3016.9,2918.7,3007.7
1456869600,3007.7,3031.85,2994.05,3025
1456956000,3025,3032.7,2996.25,3026.2
1457042400,3026.2,3056.85,3011.85,3032.1
1457301600,3032.1,3034.6,2996.55,3017.5
1457388000,3017.5,3027.45,2967.45,2998
1457474400,2998,3048.35,2998,3010.9
1457560800,3010.9,3131.05,2937.8,2975.3
1457647200,2975.3,3088.2,2975.3,3087.2
1457902800,3087.2,3116.95,3076.25,3088.3
1457989200,3088.3,3088.3,3048.85,3067.8
1458075600,3067.8,3083.05,3038.05,3062.7
1458162000,3062.7,3088.4,2979.65,3033.9
1458248400,3033.9,3060.95,3012.75,3050
1458507600,3050,3081.65,3020.65,3045.3
1458594000,3045.3,3048.9,2985.05,3041.6
1458680400,3041.6,3068.15,3014.2,3019.6
1458766800,3019.6,3019.6,2971.9,2991.7
1459198800,2991.7,3010.25,2967.25,3002.7
1459285200,3002.7,3050.75,3001.6,3023.9
1459371600,3023.9,3023.9,2981.7,2983.5
1459458000,2983.5,2983.5,2898.45,2945.4
1459717200,2945.4,2975.75,2909.85,2933.7
1459803600,2933.7,2933.7,2859.6,2860.1
1459890000,2860.1,2898.2,2859.95,2898.1
1459976400,2898.1,2907.35,2827.5,2834.2
1460062800,2834.2,2904.15,2834.2,2884.5
1460322000,2884.5,2927.55,2861.55,2890.2
1460408400,2890.2,2930.3,2878.05,2927.5
1460494800,2927.5,3022.4,2927.5,3016.8
1460581200,3016.8,3044,3007.75,3036.4
1460667600,3036.4,3041.25,3022.15,3025.6
1460926800,3025.6,3050.05,2982.25,3045.4
1461013200,3045.4,3097.05,3045.4,3094.8
1461099600,3094.8,3134.6,3069.1,3123
1461186000,3123,3140.3,3101.55,3120.6
1461272400,3120.6,3132.4,3105.15,3125.4
1461531600,3125.4,3125.4,3078.15,3101.1
1461618000,3101.1,3127.05,3084.25,3105.3
1461704400,3105.3,3122.8,3087.65,3116.2
1461790800,3116.2,3116.2,3047.35,3069
1461877200,3069,3081.05,3005.8,3015.3
1462136400,3015.3,3032.95,3006.75,3025.5
1462222800,3025.5,3025.5,2956.65,2961.3
1462309200,2961.3,2968.75,2915.9,2922.1
1462395600,2922.1,2952.95,2919.1,2926.5
1462482000,2926.5,2948.6,2886.35,2946.2
1462741200,2946.2,2978.85,2930.45,2950.6
1462827600,2950.6,3001.35,2950.6,2984.1
1462914000,2984.1,2984.1,2935.85,2945.2
1463000400,2945.2,2985.55,2920.05,2940.3
1463086800,2940.3,2966.55,2900.15,2925
1463432400,2925,2989.85,2915.1,2918.9
1463518800,2918.9,2961.5,2910.5,2948.3
1463605200,2948.3,2948.3,2913,2930
1463691600,2930,2961,2930,2954.4
1463950800,2954.4,2968.95,2923.75,2935
1464037200,2935,3029.2,2919.95,3021.7
1464123600,3021.7,3075.85,3021.7,3063.2
1464210000,3063.2,3082.25,3055.2,3075.4
1464296400,3075.4,3087.9,3066.45,3086.6
1464555600,3086.6,3099.8,3076.35,3097.3
1464642000,3097.3,3102.5,3054.4,3068.4
1464728400,3068.4,3069.2,3029.35,3040.9
1464814800,3040.9,3058.55,3028.25,3052.2
1464901200,3052.2,3059.55,2983.55,3003.8
1465160400,3003.8,3018.05,2992.5,3006.3
1465246800,3006.3,3058.55,3006.3,3032.1
1465333200,3032.1,3040.65,3012.45,3026.1
1465419600,3026.1,3026.1,2984.05,2996.9
1465506000,2996.9,2996.9,2896.6,2907.7
1465765200,2907.7,2907.7,2835.2,2839.5
1465851600,2839.5,2845.9,2794.5,2813.1
1465938000,2813.1,2851.05,2812.1,2821.7
1466024400,2821.7,2852.5,2777.6,2852.5
1466110800,2852.5,2874.5,2831.55,2870.9
1466370000,2870.9,2952.55,2870.9,2931.9
1466456400,2931.9,2999,2931.9,2979.7
1466542800,2979.7,3003.05,2966.65,2968
1466629200,2968,3064.5,2968,3058.8
1466715600,3058.8,3058.8,2652.5,2736.2
1466974800,2736.2,2790.55,2674.25,2718.3
1467061200,2718.3,2787.05,2718.3,2777.4
1467147600,2777.4,2835.05,2777.4,2827.4
1467234000,2827.4,2903.5,2800.05,2882.2
1467320400,2882.2,2896.25,2845.55,2874.8
1467579600,2874.8,2896.2,2858.5,2870.8
1467666000,2870.8,2870.8,2791,2800.3
1467752400,2800.3,2808.05,2741.05,2783.4
1467838800,2783.4,2808.05,2760,2771.4
1467925200,2771.4,2853.05,2765,2835.6
1468184400,2835.6,2889.7,2835.6,2871.2
1468270800,2871.2,2941.05,2871.2,2929.6
1468357200,2929.6,2947.05,2918.05,2928.5
1468443600,2928.5,2978.55,2928.5,2962.5
1468530000,2962.5,2969.95,2934.55,2958.1
1468789200,2958.1,2983.25,2929.55,2943.8
1468875600,2943.8,2948.25,2908.75,2931.2
1468962000,2931.2,2971.55,2931.2,2960.1
1469048400,2960.1,2978.55,2941.55,2957.1
1469134800,2957.1,2982.55,2944.55,2975.1
1469394000,2975.1,2998.55,2961.55,2968.7
1469480400,2968.7,2987.55,2950.55,2982.5
1469566800,2982.5,3016.95,2982.5,2990.8
1469653200,2990.8,3007.55,2964.8,2989.5
1469739600,2989.5,2993.2,2967.55,2990.9
1469998800,2990.9,3031.2,2951.5,2955.1
1470085200,2955.1,2963.55,2898.5,2908.5
1470171600,2908.5,2921.9,2891.55,2921.9
1470258000,2921.9,2947.25,2917.75,2935.3
1470344400,2935.3,2979.25,2933.55,2973.3
1470603600,2973.3,3000.55,2973.3,2981.9
1470690000,2981.9,3030.55,2977.5,3020.1
1470776400,3020.1,3031.55,3013.05,3014.5
1470862800,3014.5,3050.5,3014.5,3047.3
1470949200,3047.3,3050.55,3036.55,3042.4
1471208400,3042.4,3064.55,3041.75,3042.5
1471294800,3042.5,3042.5,3008.8,3009.5
1471381200,3009.5,3026.55,2977.55,2998.9
1471467600,2998.9,3004.5,2976.55,2989.2
1471554000,2989.2,2998,2948.55,2971.9
1471813200,2971.9,2997.55,2948.55,2963.9
1471899600,2963.9,3001.75,2963.9,2991.1
1471986000,2991.1,3018.55,2968.75,2999.1
1472072400,2999.1,3005.9,2971.55,2978.5
1472158800,2978.5,3017.55,2973.5,2995.1
1472418000,2995.1,3009.25,2974.55,3007.8
1472504400,3007.8,3042.55,3007.8,3031.8
1472590800,3031.8,3049.55,3010.8,3024.2
1472677200,3024.2,3054.55,3004.55,3028.8
1472763600,3028.8,3084.9,3017.55,3083
1473022800,3083,3102.5,3075.55,3083.8
1473109200,3083.8,3094.55,3066.55,3073.1
1473195600,3073.1,3096.55,3063.55,3086.1
1473282000,3086.1,3101.55,3041.75,3087
1473368400,3087,3087,3026.5,3029.2
1473627600,3029.2,3045.5,2981.55,3044.9
1473714000,3044.9,3044.9,2963.1,2979.8
1473800400,2979.8,2994.5,2954.8,2958.2
1473886800,2958.2,2984.5,2946.55,2981.9
1473973200,2981.9,2981.9,2923.55,2938.9
1474232400,2938.9,2972.9,2938.9,2957.1
1474318800,2957.1,2986.55,2957.1,2967.2
1474405200,2967.2,3010.55,2967.2,3001.8
1474491600,3001.8,3064.55,2997.5,3052.8
1474578000,3052.8,3052.8,3024.5,3025.3
1474837200,3025.3,3025.3,2971.55,2974.8
1474923600,2974.8,3000.5,2945.55,2981.1
1475010000,2981.1,3014.5,2973.8,3013.5
1475096400,3013.5,3032.25,2946.5,2956.5
1475182800,2956.5,3010.5,2920.55,3002.9
1475528400,3002.9,3039.55,2993.5,3005.2
1475614800,3005.2,3031.25,2988.55,3028.9
1475701200,3028.9,3043.55,3013.55,3031.9
1475787600,3031.9,3031.9,2986.5,3002.9
1476046800,3002.9,3039.5,2982.55,3032.9
1476133200,3032.9,3049.25,3007.8,3014.8
1476219600,3014.8,3028.55,3004.55,3014.2
1476306000,3014.2,3014.2,2953.55,2982.5
1476392400,2982.5,3038.55,2982.5,3025.5
1476651600,3025.5,3027.55,3001.55,3009.5
1476738000,3009.5,3056.5,3009.5,3050.1
1476824400,3050.1,3062.55,3038.55,3055.1
1476910800,3055.1,3087.55,3044.55,3081.2
1476997200,3081.2,3086.55,3063.55,3081.2
1477256400,3081.2,3110.55,3079.5,3095
1477342800,3095,3107.55,3079.55,3088.2
1477429200,3088.2,3088.2,3059.55,3075.2
1477515600,3075.2,3098.55,3062.55,3078.5
1477602000,3078.5,3081.55,3048.55,3059
1477861200,3059,3071.55,3048.55,3058.8
1477947600,3058.8,3078.5,2999.5,3012.7
1478034000,3012.7,3012.7,2968.8,2979.5
1478120400,2979.5,3000.55,2962.5,2966.2
1478206800,2966.2,2972.5,2934.5,2937.2
1478469600,2937.2,3013.5,2937.2,3011.9
1478556000,3011.9,3042.5,3001.55,3035.9
1478642400,3035.9,3072.2,2888.55,3066.2
1478728800,3066.2,3105.55,3028.55,3054.2
1478815200,3054.2,3068.55,3013.55,3036.6
1479074400,3036.6,3071.45,3027.25,3047.7
1479160800,3047.7,3061.2,3030.05,3060.9
1479247200,3060.9,3064.5,3010.55,3023.8
1479333600,3023.8,3051.9,3013.55,3051.9
1479420000,3051.9,3058.55,3015.55,3023.1
1479679200,3023.1,3046.9,3003.55,3042.9
1479765600,3042.9,3062.55,3041.5,3057
1479852000,3057,3057,3015.55,3039.8
1479938400,3039.8,3050.25,3028.75,3046.2
1480024800,3046.2,3061.2,3030.55,3057.2
1480284000,3057.2,3057.2,3007.55,3009.5
1480370400,3009.5,3045.9,3003.55,3036.2
1480456800,3036.2,3064.55,3031.75,3046.1
1480543200,3046.1,3050.25,3014.5,3017.7
1480629600,3017.7,3026.55,2984.55,3015.2
1480888800,3015.2,3074.55,2976.5,3058.8
1480975200,3058.8,3125.2,3048.55,3119.5
1481061600,3119.5,3171.5,3119.5,3159.2
1481148000,3159.2,3198.5,3139.75,3186.2
1481234400,3186.2,3215.2,3179.55,3213.1
1481493600,3213.1,3213.1,3187.5,3190.5
1481580000,3190.5,3243.9,3190.5,3237.1
1481666400,3237.1,3238.5,3205.3,3206.7
1481752800,3206.7,3261.5,3206.7,3251.5
1481839200,3251.5,3278.55,3240.55,3249.5
1482098400,3249.5,3262.55,3249.5,3253.2
1482184800,3253.2,3283.55,3253.2,3279.9
1482271200,3279.9,3282.55,3266.55,3275.5
1482357600,3275.5,3276.55,3259.75,3266.5
1482444000,3266.5,3279.55,3265.05,3275
1482789600,3275,3283.55,3269.5,3275.5
1482876000,3275.5,3283.5,3264.5,3266.7
1482962400,3266.7,3276.75,3260.5,3268.2
1483048800,3268.2,3293.55,3259.55,3278.7
1483394400,3278.7,3333.6,3278.7,3319.5
1483480800,3319.5,3326.5,3300.8,3319
1483567200,3319,3322.6,3298.5,3316.5
1483653600,3316.5,3327.5,3299.6,3324
1483912800,3324,3331.5,3295.6,3304.8
1483999200,3304.8,3318.6,3295.6,3300
1484085600,3300,3324.2,3283.55,3311.1
1484172000,3311.1,3311.1,3278.6,3301.8
1484258400,3301.8,3326.6,3294.55,3314
1484517600,3314,3314,3292.5,3294.8
1484604000,3294.8,3300.6,3265,3286
1484690400,3286,3300.5,3273.55,3299.9
1484776800,3299.9,3306.6,3277.5,3282.5
1484863200,3282.5,3310.6,3277.6,3297.2
1485122400,3297.2,3297.2,3261.6,3280.1
1485208800,3280.1,3298.5,3268.6,3295
1485295200,3295,3334.6,3295,3330.9
1485381600,3330.9,3343.6,3309.55,3314
1485468000,3314,3321.5,3293.55,3305.1
1485727200,3305.1,3305.1,3253.6,3273
1485813600,3273,3283.6,3230.5,3247
1485900000,3247,3274.6,3247,3262.5
1485986400,3262.5,3270.6,3245.5,3265.5
1486072800,3265.5,3289.6,3257.8,3281.2
1486332000,3281.2,3287.6,3233.5,3239.5
1486418400,3239.5,3256.6,3223.5,3243.9
1486504800,3243.9,3255.6,3218.55,3248
1486591200,3248,3287.6,3247.8,3284
1486677600,3284,3299.5,3269.8,3281.2
1486936800,3281.2,3321.6,3280.5,3312.1
1487023200,3312.1,3324.5,3300.55,3322.2
1487109600,3322.2,3335.8,3313.2,3328.6
1487196000,3328.6,3329.2,3303,3314.7
1487282400,3314.7,3318.8,3280.8,3316.3
1487541600,3316.3,3331.8,3303.8,3312.1
1487628000,3312.1,3344.8,3299.8,3343.1
1487714400,3343.1,3354.8,3322.8,3342.8
1487800800,3342.8,3349.8,3324.8,3333.4
1487887200,3333.4,3333.4,3278.8,3316.3
1488146400,3316.3,3322.6,3302.8,3320.2
1488232800,3320.2,3324.8,3301,3318.85
1488319200,3318.85,3398.5,3318.85,3391.3
1488405600,3391.3,3394.5,3377.8,3383.05
1488492000,3383.05,3414.85,3370.1,3404.35
1488751200,3404.35,3404.35,3378.8,3397.25
1488837600,3397.25,3397.25,3374.8,3385.05
1488924000,3385.05,3401.8,3375,3381.35
1489010400,3381.35,3417,3379.55,3414.25
1489096800,3414.25,3442.6,3406.6,3414.55
1489352400,3414.55,3425.6,3408.6,3423.05
1489438800,3423.05,3425.6,3388.8,3403.05
1489525200,3403.05,3426.6,3398,3424.95
1489611600,3424.95,3450.6,3424.95,3442.75
1489698000,3442.75,3461.6,3429.8,3448.75
1489957200,3448.75,3451.6,3433.6,3436.55
1490043600,3436.55,3471.6,3411.6,3417.55
1490130000,3417.55,3429,3396.6,3423.25
1490216400,3423.25,3452.6,3413,3441.95
1490302800,3441.95,3450.9,3433.55,3444.55
1490562000,3444.55,3446.6,3408.5,3444.75
1490648400,3444.75,3477.6,3437.75,3474.95
1490734800,3474.95,3485.2,3463.55,3477.75
1490821200,3477.75,3484.6,3464.6,3482.55
1490907600,3482.55,3506.6,3467.6,3502.55
1491166800,3502.55,3511.2,3461.6,3482.95
1491253200,3482.95,3487.6,3463.55,3487.55
1491339600,3487.55,3495.6,3458.8,3459.05
1491426000,3459.05,3494.2,3445.75,3486.55
1491512400,3486.55,3505.6,3470.6,3498.25
1491771600,3498.25,3501.7,3473.6,3476.55
1491858000,3476.55,3486.2,3446.6,3480.55
1491944400,3480.55,3499.6,3460.55,3462.75
1492030800,3462.75,3467.6,3435.2,3445.95
1492462800,3445.95,3465.2,3393.8,3405.55
1492549200,3405.55,3426.6,3402.55,3405.55
1492635600,3405.55,3449.6,3405.55,3440.95
1492722000,3440.95,3457.2,3419,3448.55
1492981200,3448.55,3585.6,3448.55,3582.95
1493067600,3582.95,3595.6,3575.6,3590.25
1493154000,3590.25,3591.2,3563.55,3564.25
1493240400,3564.25,3573.6,3559.55,3563.95
1493326800,3563.95,3574.6,3555.5,3559.55
1493672400,3559.55,3593.6,3559.55,3592.05
1493758800,3592.05,3595.6,3576.6,3595.05
1493845200,3595.05,3631.2,3595.05,3630.55
1493931600,3630.55,3685.2,3614.8,3684.75
1494190800,3684.75,3689.5,3636.55,3647.55
1494277200,3647.55,3663.6,3638,3644.95
1494363600,3644.95,3650.55,3632.6,3650.55
1494450000,3650.55,3650.6,3606.55,3631.55
1494536400,3631.55,3642.6,3618.6,3641.95
1494795600,3641.95,3651.6,3622.8,3649.05
1494882000,3649.05,3651.6,3634.8,3645.05
1494968400,3645.05,3645.05,3556.2,3556.55
1495054800,3556.55,3584.6,3527.8,3569.75
1495141200,3569.75,3590.2,3565.6,3587.55
1495400400,3587.55,3599.2,3572,3582.55
1495486800,3582.55,3607.2,3568.5,3600.25
1495573200,3600.25,3602.2,3581.55,3591.25
1495659600,3591.25,3610.5,3570.6,3583.55
1495746000,3583.55,3583.55,3545.6,3578.55
1496005200,3578.55,3584,3567.6,3575.55
1496091600,3575.55,3575.55,3549,3561.25
1496178000,3561.25,3590.6,3553.6,3560.75
1496264400,3560.75,3585.6,3559.6,3585.55
1496350800,3585.55,3621.6,3585.55,3603.95
1496610000,3603.95,3603.95,3570.55,3578.25
1496696400,3578.25,3578.25,3543.55,3546.95
1496782800,3546.95,3578.6,3538.8,3554.75
1496869200,3554.75,3575.6,3548.5,3571.95
1496955600,3571.95,3599.2,3560.6,3574.25
1497214800,3574.25,3574.6,3533.55,3542.05
1497301200,3542.05,3568,3542.05,3563.55
1497387600,3563.55,3590.2,3541.8,3556.55
1497474000,3556.55,3556.55,3498.6,3529.95
1497560400,3529.95,3553.55,3526.8,3547.75
1497819600,3547.75,3593.2,3547.75,3589.55
1497906000,3589.55,3599.6,3550.6,3557.25
1497992400,3557.25,3562.6,3520.6,3546.55
1498078800,3546.55,3558.2,3525.55,3545.25
1498165200,3545.25,3554.2,3526.8,3541.55
1498424400,3541.55,3581.6,3541.55,3561.25
1498510800,3561.25,3561.25,3516.6,3517.05
1498597200,3517.05,3546.6,3497.6,3544.55
1498683600,3544.55,3555.6,3445.6,3459.75
1498770000,3459.75,3488.2,3432.6,3458.55
1499029200,3458.55,3492.6,3455,3477.25
1499115600,3477.25,3492.6,3468.8,3477.25
1499202000,3477.25,3488.6,3466.6,3487.25
1499288400,3487.25,3487.25,3433.55,3450.95
1499374800,3450.95,3473.6,3449.8,3469.55
1499634000,3469.55,3485.6,3466.8,3481.55
1499720400,3481.55,3494.2,3459,3477.55
1499806800,3477.55,3525.2,3470.8,3518.75
1499893200,3518.75,3540.2,3513.8,3531.55
1499979600,3531.55,3535.6,3511.6,3530.55
1500238800,3530.55,3536.6,3503.8,3511.55
1500325200,3511.55,3518.6,3468.55,3485.25
1500411600,3485.25,3508.55,3477,3504.95
1500498000,3504.95,3530.2,3485,3498.05
1500584400,3498.05,3507.6,3435.2,3458.75
1500843600,3458.75,3464.6,3430.8,3462.05
1500930000,3462.05,3495.2,3453.6,3475.55
1501016400,3475.55,3500.6,3470.6,3477.95
1501102800,3477.95,3507.6,3468.6,3483.75
1501189200,3483.75,3483.75,3449.55,3466.75
1501448400,3466.75,3479.6,3439.6,3445.05
1501534800,3445.05,3491.6,3445.05,3478.95
1501621200,3478.95,3484.6,3451.6,3463.55
1501707600,3463.55,3474.2,3439.55,3462.55
1501794000,3462.55,3517.6,3456.55,3510.75
1502053200,3510.75,3515.8,3495,3502.75
1502139600,3502.75,3524,3491,3497.05
1502226000,3497.05,3497.05,3450,3472.75
1502312400,3472.75,3472.75,3410,3412.25
1502398800,3412.25,3420,3390,3400.25
1502658000,3400.25,3459.05,3400.25,3448.25
1502744400,3448.25,3474.05,3448.25,3467.05
1502830800,3467.05,3496,3462.2,3471.45
1502917200,3471.45,3485,3434.6,3435.05
1503003600,3435.05,3454,3419,3440.05
1503262800,3440.05,3441.8,3409,3420.05
1503349200,3420.05,3461.05,3420.05,3460.05
1503435600,3460.05,3466.8,3430,3441.55
1503522000,3441.55,3460,3439,3442.55
1503608400,3442.55,3460.8,3432,3434.55
1503867600,3434.55,3438.8,3411,3415.25
1503954000,3415.25,3415.25,3361.2,3403.05
1504040400,3403.05,3417,3396.05,3411.05
1504126800,3411.05,3437.8,3411.05,3424.75
1504213200,3424.75,3455.05,3424.75,3448.75
1504472400,3448.75,3448.75,3416,3434.75
1504558800,3434.75,3448.8,3394,3404.25
1504645200,3404.25,3455,3397,3448.55
1504731600,3448.55,3469,3439,3452.45
1504818000,3452.45,3453.05,3433,3444.25
1505077200,3444.25,3506.2,3444.25,3501.25
1505163600,3501.25,3521.6,3501.25,3510.55
1505250000,3510.55,3528.6,3503.8,3521.55
1505336400,3521.55,3529.55,3510.6,3525.75
1505422800,3525.75,3531.6,3507.6,3516.95
1505682000,3516.95,3537.6,3516.95,3527.25
1505768400,3527.25,3529.6,3518.8,3524.05
1505854800,3524.05,3546.2,3518.6,3545.25
1505941200,3545.25,3545.6,3534.6,3540.05
1506027600,3540.05,3551.6,3529.6,3542.55
1506286800,3542.55,3547.6,3527.55,3535.25
1506373200,3535.25,3544.6,3529.6,3535.05
1506459600,3535.05,3570.2,3535.05,3561.55
1506546000,3561.55,3567.6,3556.6,3565.55
1506632400,3565.55,3596.55,3561.8,3593.55
1506891600,3593.55,3608.2,3589.6,3608.25
1506978000,3608.25,3614.2,3600.8,3613.75
1507064400,3613.75,3613.75,3583.55,3589.55
1507150800,3589.55,3617.6,3587.8,3614.95
1507237200,3614.95,3615.6,3595.6,3608.75
1507496400,3608.75,3618.25,3598.6,3599.25
1507582800,3599.25,3614.6,3588.8,3611.25
1507669200,3611.25,3612.6,3590.6,3607.75
1507755600,3607.75,3612.6,3595.55,3604.75
1507842000,3604.75,3619.2,3599.6,3605.95
1508101200,3605.95,3614.2,3600,3609.55
1508187600,3609.55,3619.6,3597.6,3609.75
1508274000,3609.75,3626.2,3607.6,3620.75
1508360400,3620.75,3621.2,3586.8,3603.95
1508446800,3603.95,3616.2,3598.8,3605.25
1508706000,3605.25,3624.6,3595.2,3597.25
1508792400,3597.25,3623.6,3597.25,3609.55
1508878800,3609.55,3621.6,3574.6,3590.25
1508965200,3590.25,3649.6,3578.8,3647.05
1509051600,3647.05,3670.6,3644,3651.45
1509310800,3651.55,3668,3649,3657.25
1509397200,3657.25,3684.05,3657.25,3680.75
1509483600,3680.75,3705.8,3680.75,3692.75
1509570000,3692.75,3697,3671,3692.45
1509656400,3692.45,3697.05,3675.55,3684.75
1509919200,3684.75,3686,3668.2,3685.05
1510005600,3685.05,3696.05,3647,3653.75
1510092000,3653.75,3666.05,3639,3655.05
1510178400,3655.05,3659.05,3586,3609.45
1510264800,3609.45,3618,3587.05,3591.25
1510524000,3591.25,3601.05,3544.55,3578.05
1510610400,3578.05,3589,3545,3554.05
1510696800,3554.05,3554.05,3519,3542.25
1510783200,3542.25,3577.05,3542.25,3573.45
1510869600,3573.45,3573.45,3540,3545.45
1511128800,3545.45,3568,3527,3559.55
1511215200,3559.55,3592.05,3550,3583.05
1511301600,3583.05,3597.05,3557,3562.25
1511388000,3562.25,3581.8,3545.6,3569.05
1511474400,3569.05,3601.8,3568.2,3579.25
1511733600,3579.25,3597.05,3563.2,3569.05
1511820000,3569.05,3605.05,3558,3602.05
1511906400,3602.05,3621,3583,3590.55
1511992800,3590.55,3615.8,3570.2,3573.05
1512079200,3573.05,3577,3514.6,3545.25
1512338400,3545.25,3588,3545.25,3569.75
1512424800,3569.75,3585,3551.6,3557.25
1512511200,3557.25,3569.6,3530.6,3557.55
1512597600,3557.55,3581.2,3557.55,3577.55
1512684000,3577.55,3612.6,3577.55,3597.05
1512943200,3597.05,3604.6,3576.6,3589.95
1513029600,3589.95,3599.6,3567.6,3593.05
1513116000,3593.05,3602.6,3567.6,3567.55
1513202400,3567.55,3581,3544.55,3549.55
1513288800,3549.55,3574.6,3543.6,3568.55
1513548000,3568.55,3614.55,3568.55,3605.55
1513634400,3605.55,3615,3579.8,3586.05
1513720800,3586.05,3590.2,3545.6,3549.75
1513807200,3549.75,3576.6,3534.6,3558.05
1513893600,3558.05,3566.6,3547.6,3555.75
1514325600,3555.75,3570.6,3541.6,3545.75
1514412000,3545.75,3550.6,3517.55,3523.55
1514498400,3523.55,3529.6,3492.75,3494.95
1514844000,3494.95,3514,3466.6,3487.05
1514930400,3487.05,3519.6,3487.05,3519.05
1515016800,3519.05,3581.2,3519.05,3565.55
1515103200,3565.55,3613.55,3565.55,3613.55
1515362400,3613.55,3625.6,3608.6,3620.55
1515448800,3620.55,3630.6,3613.8,3625.25
1515535200,3625.25,3625.25,3598.6,3606.75
1515621600,3606.75,3619.55,3588.8,3605.95
1515708000,3605.95,3618,3599.55,3609.05
1515967200,3609.05,3624.6,3603.6,3609.25
1516053600,3609.25,3639.6,3593.6,3599.05
1516140000,3599.05,3631,3599.05,3625.25
1516226400,3625.25,3629.2,3606.55,3620.75
1516312800,3620.75,3658.55,3616.75,3657.25
1516572000,3657.25,3680.6,3646.6,3677.25
1516658400,3677.25,3691.6,3664,3674.25
1516744800,3674.25,3675.6,3632.6,3647.75
1516831200,3647.75,3660.6,3613.6,3634.75
1516917600,3634.75,3662.6,3630.6,3662.55
1517176800,3662.55,3662.55,3635.8,3643.55
1517263200,3643.55,3643.55,3602,3609.75
1517349600,3609.75,3623.2,3601.6,3612.25
1517436000,3612.25,3640.6,3570.6,3579.55
1517522400,3579.55,3583.6,3495.6,3497.75
1517781600,3497.75,3509.2,3357.6,3375.75
1517868000,3375.75,3474.2,3338.6,3470.55
1517954400,3470.55,3470.55,3400,3435.95
1518040800,3435.95,3442.6,3340.75,3343.75
1518127200,3343.75,3377.6,3257.6,3349.75
1518386400,3349.75,3391.55,3349.75,3380.75
1518472800,3380.75,3380.75,3337.6,3352.75
1518559200,3352.75,3394.6,3311.6,3387.75
1518645600,3387.75,3414.6,3374.6,3395.55
1518732000,3395.55,3440.6,3395.55,3429.75
1518991200,3429.75,3441.2,3399.55,3403.25
1519077600,3403.25,3438.6,3397.6,3418.25
1519164000,3418.25,3442.2,3404.55,3409.75
1519250400,3409.75,3440.6,3391.8,3420.95
1519336800,3420.95,3459.6,3420.95,3456.75
1519596000,3456.75,3480.6,3451.55,3477.25
1519682400,3477.25,3477.25,3440.6,3442.75
1519768800,3442.75,3462.6,3418.55,3418.95
1519855200,3418.95,3434.6,3350.6,3368.75
1519941600,3368.75,3377.6,3313.55,3346.25
1520200800,3346.25,3372.6,3290.6,3365.75
1520287200,3365.75,3390.55,3353.6,3366.25
1520373600,3366.25,3386.6,3322.8,3382.95
1520460000,3382.95,3420.6,3374.55,3410.55
1520546400,3410.55,3436.6,3403.55,3426.25
1520802000,3426.25,3446.6,3417.6,3424.55
1520888400,3424.55,3447.6,3372.6,3380.75
1520974800,3380.75,3416.6,3380.75,3396.25
1521061200,3396.25,3417.6,3390,3416.75
1521147600,3416.75,3447.6,3411.55,3432.55
1521406800,3432.55,3432.55,3373.2,3395.75
1521493200,3395.75,3416.6,3379.55,3415.55
1521579600,3415.55,3419.2,3378.6,3385.25
1521666000,3385.25,3392.2,3308.6,3312.75
1521752400,3312.75,3320.6,3258.8,3262.75
1522011600,3262.75,3316.55,3257.8,3303.25
1522098000,3303.25,3334.55,3265.6,3278.25
1522184400,3278.25,3343.2,3264.8,3327.95
1522270800,3327.95,3374.6,3322.55,3366.75
1522702800,3366.75,3366.75,3317.8,3356.25
1522789200,3356.25,3366.25,3293.8,3365.75
1522875600,3365.75,3427.6,3365.75,3419.55
1522962000,3419.55,3421.6,3375.8,3383.75
1523221200,3383.75,3433.6,3383.75,3405.05
1523307600,3405.05,3445.6,3405.05,3433.75
1523394000,3433.75,3434.6,3410.6,3414.25
1523480400,3414.25,3447.6,3412.6,3442.75
1523566800,3442.75,3467.6,3436,3447.2
1523826000,3447.2,3461.6,3438,3449.8
1523912400,3449.8,3486.6,3445.6,3479.8
1523998800,3479.8,3494.6,3479.6,3492
1524085200,3492,3498.2,3473.6,3482
1524171600,3482,3507.6,3479.6,3489.8
1524430800,3489.8,3515.6,3483.6,3510.8
1524517200,3510.8,3523.6,3468.8,3480.2
1524603600,3480.2,3495.6,3466.6,3493.2
1524690000,3493.2,3525.2,3481.6,3518.6
1524776400,3518.6,3531,3510,3524.8
1525035600,3524.8,3546,3523.6,3530.6
1525208400,3530.6,3567.6,3530.6,3555.2
1525294800,3555.2,3561.6,3535.6,3552.6
1525381200,3552.6,3569.6,3533.6,3563.8
1525640400,3563.8,3580.6,3551.8,3572.6
1525726800,3572.6,3574.6,3550,3570.2
1525813200,3570.2,3588.6,3564.8,3581.8
1525899600,3581.8,3584.6,3559,3584.6
1525986000,3584.6,3588.8,3568.6,3576.8
1526245200,3576.8,3581.2,3560.8,3569.6
1526331600,3569.6,3575.6,3556.8,3568.6
1526418000,3568.6,3574.6,3553.6,3572
1526504400,3572,3593.6,3562.6,3583.6
1526590800,3583.6,3599.2,3571.6,3577.6
1526850000,3577.6,3607.6,3577.6,3590
1526936400,3590,3603,3580.6,3590.6
1527022800,3590.6,3590.6,3533.8,3554.8
1527109200,3554.8,3565.6,3510.6,3537.2
1527195600,3537.2,3553.6,3494.6,3515.8
1527454800,3515.8,3550.2,3478.6,3485.8
1527541200,3485.8,3487.2,3400.6,3420
1527627600,3420,3466.6,3416.8,3455.6
1527714000,3455.6,3465.2,3401,3434.2
1527800400,3434.2,3479.6,3432.6,3472.8
1528059600,3472.8,3495.6,3470.6,3475.6
1528146000,3475.6,3504,3457.6,3461.8
1528232400,3461.8,3482.6,3437.6,3482
1528318800,3482,3494.6,3433.6,3446
1528405200,3446,3460.6,3425.6,3456.8
1528664400,3456.8,3495.2,3441.6,3488.8
1528750800,3488.8,3499.6,3471.6,3475
1528837200,3475,3488.2,3463.8,3471.6
1528923600,3471.6,3544.6,3455.8,3538.8
1529010000,3538.8,3541.6,3501.8,3515.8
1529269200,3515.8,3515.8,3450.6,3470.2
1529355600,3470.2,3470.2,3408.6,3450.2
1529442000,3450.2,3461.6,3435.8,3443.6
1529528400,3443.6,3456.6,3391.6,3399.8
1529614800,3399.8,3445.2,3399.8,3430
1529874000,3430,3430,3361.6,3377.2
1529960400,3377.2,3391.6,3361.6,3378.2
1530046800,3378.2,3424.2,3339.6,3375.8
1530133200,3375.8,3403.6,3346.6,3375.2
1530219600,3375.2,3420.6,3375.2,3383.6
1530478800,3383.6,3386.6,3343.6,3382.6
1530565200,3382.6,3420.2,3377.6,3395.8
1530651600,3395.8,3417.6,3395.8,3416.2
1530738000,3416.2,3460.6,3409.6,3446.2
1530824400,3446.2,3465.2,3429.8,3450.6
1531083600,3450.6,3473.6,3450.6,3466.8
1531170000,3466.8,3482.2,3456.6,3476.2
1531256400,3476.2,3476.2,3415.6,3426.8
1531342800,3426.8,3453.6,3419.6,3452.8
1531429200,3452.8,3468.6,3449.6,3457.8
1531688400,3457.8,3466.6,3443.8,3455.8
1531774800,3455.8,3476.6,3431.6,3469.6
1531861200,3469.6,3489.6,3468,3485.8
1531947600,3485.8,3488.6,3465.6,3471.2
1532034000,3471.2,3482.6,3432.6,3460.6
1532293200,3460.6,3466.6,3441.8,3463.8
1532379600,3463.8,3495.6,3461.6,3478.8
1532466000,3478.8,3505.6,3461.6,3502
1532552400,3502,3512.6,3485.6,3506.2
1532638800,3506.2,3532.6,3506.2,3515.8
1532898000,3515.8,3525.6,3505.6,3508.6
1532984400,3508.6,3540.6,3508.6,3524.2
1533070800,3524.2,3535.6,3502.8,3512.2
1533157200,3512.2,3512.2,3463.6,3491.2
1533243600,3491.2,3497.6,3473.6,3496.6
1533502800,3496.6,3506.6,3475.6,3488.6
1533589200,3488.6,3520.6,3488.6,3510.2
1533675600,3510.2,3510.2,3485.6,3490.2
1533762000,3490.2,3496.6,3477.6,3489.2
1533848400,3489.2,3489.2,3411.6,3422.8
1534107600,3422.8,3422.8,3398.6,3405.8
1534194000,3405.8,3434.6,3396.8,3422.6
1534280400,3422.6,3422.6,3336.6,3359.2
1534366800,3359.2,3387.6,3355.8,3372.2
1534453200,3372.2,3385.6,3352.6,3375.6
1534712400,3375.6,3404.6,3375.6,3390.6
1534798800,3390.6,3423.6,3386.6,3409.6
1534885200,3409.6,3429.6,3399.6,3420.6
1534971600,3420.6,3430.6,3414.6,3416.6
1535058000,3416.6,3436.6,3416.6,3430.6
1535317200,3430.6,3461.6,3430.6,3457.6
1535403600,3457.6,3463.6,3444.6,3448.6
1535490000,3448.6,3459.6,3437.6,3456.8
1535576400,3456.8,3456.8,3419.6,3421.6
1535662800,3421.6,3427.6,3377.6,3391.6
1535922000,3391.6,3397.6,3381.6,3391.6
1536008400,3391.6,3408.2,3342.6,3362.6
1536094800,3362.6,3362.6,3312.6,3321.6
1536181200,3321.6,3329.2,3293.6,3305
1536267600,3305,3306.6,3273.6,3288.4
1536526800,3288.4,3323.6,3287.6,3311.2
1536613200,3311.2,3319.6,3285.8,3315.6
1536699600,3315.6,3329.6,3304,3319.8
1536786000,3319.8,3354.6,3315.6,3341.2
1536872400,3341.2,3351.6,3333.6,3345
1537131600,3345,3351.6,3331.6,3335
1537218000,3335,3369.6,3335,3364
1537304400,3364,3374.6,3351.6,3371.8
1537390800,3371.8,3415.6,3366.6,3413.2
1537477200,3413.2,3438.6,3413.2,3428.8
1537736400,3428.8,3428.8,3408.8,3413.6
1537822800,3413.6,3431.6,3412.6,3423
1537909200,3423,3443.6,3422.6,3431
1537995600,3431,3459.6,3414.6,3444.2
1538082000,3444.2,3448.6,3383.6,3395.6
1538341200,3395.6,3427.6,3395.6,3408
1538427600,3408,3408,3372.6,3386.6
1538514000,3386.6,3428.6,3386.6,3414.8
1538600400,3414.8,3414.8,3364.6,3372.8
1538686800,3372.8,3382.6,3330.6,3339.8
1538946000,3339.8,3347.6,3300.6,3322.8
1539032400,3322.8,3332.2,3277.6,3318.8
1539118800,3318.8,3323.6,3240.6,3246.6
1539205200,3246.6,3255,3174.6,3199.6
1539291600,3199.6,3254.6,3168.6,3211.8
1539550800,3211.8,3218.6,3179,3211
1539637200,3211,3266.2,3207,3264.2
1539723600,3264.2,3281.6,3230,3250.6
1539810000,3250.6,3259.6,3186.8,3199
1539896400,3199,3228.6,3185.6,3212.8
1540155600,3212.8,3244.6,3185.6,3196.2
1540242000,3196.2,3196.2,3132.6,3175.8
1540328400,3175.8,3187.6,3100.6,3100.6
1540414800,3100.6,3179.6,3100.6,3158.8
1540501200,3158.8,3158.8,3090.6,3131.6
1540760400,3131.6,3182.6,3108.6,3136.8
1540846800,3136.8,3171.6,3122.8,3171.6
1540933200,3171.6,3210.6,3171.6,3189.8
1541019600,3189.8,3229.6,3186.6,3209.2
1541106000,3209.2,3251.6,3203.8,3226.2
1541368800,3226.2,3231.6,3208.6,3221.6
1541455200,3221.6,3231,3197.6,3226.2
1541541600,3226.2,3263.6,3219.8,3263.6
1541628000,3263.6,3263.6,3227.8,3233
1541714400,3233,3238.6,3204.6,3236.2
1541973600,3236.2,3247.6,3187.6,3190.2
1542060000,3190.2,3228.2,3190.2,3206.6
1542146400,3206.6,3240.6,3178.6,3203.2
1542232800,3203.2,3228.6,3163.8,3213.6
1542319200,3213.6,3215.6,3157.8,3188.8
1542578400,3188.8,3206.6,3145.8,3150.6
1542664800,3150.6,3152.6,3099.6,3111
1542751200,3111,3156.6,3111,3147.2
1542837600,3147.2,3152.6,3119.8,3126.2
1542924000,3126.2,3144.6,3112.8,3130.8
1543183200,3130.8,3183.8,3130.8,3180.2
1543269600,3180.2,3192.6,3148.6,3172.6
1543356000,3172.6,3202.6,3162.6,3199.6
1543442400,3199.6,3199.6,3165.8,3182.6
1543528800,3182.6,3183.6,3155.6,3183
1543788000,3183,3242.6,3183,3220.6
1543874400,3220.6,3220.6,3135.6,3139.2
1543960800,3139.2,3169.6,3139.2,3145
1544047200,3145,3145,3031.6,3086
1544133600,3086,3097.2,3032.6,3042.8
1544392800,3042.8,3053.6,3005.8,3043.2
1544479200,3043.2,3083.6,3030.6,3055.2
1544565600,3055.2,3122.6,3055.2,3105.8
1544652000,3105.8,3128.6,3099.6,3110.6
1544738400,3110.6,3110.6,3062.2,3079.8
1544997600,3079.8,3101.6,3034.6,3045.2
1545084000,3045.2,3070.8,3039.6,3049
1545170400,3049,3072.2,3009.6,3021.2
1545256800,3021.2,3029.2,2970.6,2977.8
1545343200,2977.8,3003.6,2957,2965.8
1545861600,2965.8,3007.2,2908.6,2967.8
1545948000,2967.8,3004,2952.6,2987.8
1546380000,2987.8,3019.2,2936.6,3001.2
1546466400,3001.2,3001.2,2948.8,2957.2
1546552800,2957.2,3054.6,2943.5,3052.8
1546812000,3052.8,3070.2,3014.6,3036.6
1546898400,3036.6,3078.6,3031.8,3064
1546984800,3064,3089.6,3060.6,3073.6
1547071200,3073.6,3086.6,3043.6,3085.8
1547157600,3085.8,3088.6,3056,3068.8
1547416800,3068.8,3068.8,3036.6,3056.2
1547503200,3056.2,3089,3044,3073.2
1547589600,3073.2,3084.6,3061.5,3075.8
1547676000,3075.8,3086.2,3052.6,3079.8
1547762400,3079.8,3142.6,3079.8,3136.6
1548021600,3136.6,3136.6,3121.6,3131.6
1548108000,3131.6,3131.6,3092.8,3096.2
1548194400,3096.2,3132.6,3095.6,3110.2
1548280800,3110.2,3136.6,3107.3,3130.8
1548367200,3130.8,3168,3130.5,3155
1548626400,3155,3156.2,3127.6,3147
1548712800,3147,3166.6,3130.6,3153
1548799200,3153,3175.6,3147.6,3169.6
1548885600,3169.6,3182.6,3133,3171.8
1548972000,3171.8,3179.2,3148.6,3172
1549231200,3172,3179.6,3148.8,3176.2
1549317600,3176.2,3220.2,3166.6,3213.8
1549404000,3213.8,3220.6,3202.8,3212
1549490400,3212,3212,3150.6,3162
1549576800,3162,3165.6,3128.6,3156.6
1549836000,3156.6,3177.6,3147.5,3166.2
1549922400,3166.2,3205,3166.2,3199
1550008800,3199,3218.6,3195.6,3211.8
1550095200,3211.8,3232.6,3184.6,3191.6
1550181600,3191.6,3250.2,3177.8,3247
1550440800,3247,3254.6,3237.6,3246.6
1550527200,3246.6,3251.5,3223,3243.6
1550613600,3243.6,3268.6,3235.8,3262.8
1550700000,3262.8,3274.2,3254.6,3259
1550786400,3259,3279.6,3257.3,3269.6
1551045600,3269.6,3288.6,3267.6,3268.8
1551132000,3268.8,3293.6,3259.6,3284.8
1551218400,3284.8,3287.2,3268.8,3281.6
1551304800,3281.6,3301.2,3266.6,3294.6
1551391200,3294.6,3329.6,3294.6,3322
1551650400,3322,3333.2,3299.6,3312.2
1551736800,3312.2,3331.6,3307.6,3330
1551823200,3330,3340.2,3317.6,3319.6
1551909600,3319.6,3338.6,3292.8,3303
1551996000,3303,3303.2,3273.6,3295.6
1552251600,3295.6,3316.6,3284.6,3316.2
1552338000,3316.2,3324.2,3291.6,3300.2
1552424400,3300.2,3332.2,3287.8,3332
1552510800,3332,3350.6,3320.6,3341
1552597200,3341,3392.6,3341,3386
1552856400,3386,3394.2,3379.8,3393.2
1552942800,3393.2,3423.6,3387.6,3397.2
1553029200,3397.2,3401.6,3368.6,3368.6
1553115600,3368.6,3381.2,3348,3379.2
1553202000,3379.2,3383.5,3295.2,3296
1553461200,3296,3313.2,3282.8,3300.8
1553547600,3300.8,3325.6,3292.6,3321.6
1553634000,3321.6,3345.6,3303,3333.6
1553720400,3333.6,3338.6,3315.6,3336.2
1553806800,3336.2,3359.6,3331.5,3358.2
1554066000,3358.2,3396.6,3358.2,3394.8
1554152400,3394.8,3412.6,3383,3409
1554238800,3409,3442.6,3404.5,3434.2
1554325200,3434.2,3450,3426.6,3444.6
1554411600,3444.6,3453.6,3437.6,3450.6
1554670800,3450.6,3451.5,3434.6,3439.8
1554757200,3439.8,3452,3415.6,3417.2
1554843600,3417.2,3437.6,3415.5,3429.2
1554930000,3429.2,3443.6,3413,3438.6
1555016400,3438.6,3456.6,3427.8,3455.2
1555275600,3455.2,3460.2,3442.8,3450.6
1555362000,3450.6,3465.6,3450.6,3458.8
1555448400,3458.8,3485.6,3458.5,3480.6
1555534800,3480.6,3508.6,3462.6,3505.2
1555966800,3505.2,3509.2,3486.6,3504.6
1556053200,3504.6,3513.6,3489.8,3498.2
1556139600,3498.2,3503.6,3477,3499
1556226000,3499,3507.6,3486.8,3504.8
1556485200,3504.8,3517.6,3489.6,3513.2
1556571600,3513.2,3535.6,3497.6,3535.6
1556744400,3535.6,3535.6,3483.6,3491.8
1556830800,3491.8,3515.2,3488.5,3514.6
1557090000,3514.6,3514.6,3424.6,3476.6
1557176400,3476.6,3476.6,3383.6,3393.2
1557262800,3393.2,3424.6,3388.6,3413.2
1557349200,3413.2,3415.5,3351.8,3383.8
1557435600,3383.8,3408.6,3355.6,3403.2
1557694800,3403.2,3403.2,3315.8,3327.8
1557781200,3327.8,3379.6,3318.5,3366.8
1557867600,3366.8,3398.6,3338.6,3393.2
1557954000,3393.2,3452,3368.5,3439.8
1558040400,3439.8,3449,3413.6,3427.8
1558299600,3427.8,3446.5,3377.8,3388.6
1558386000,3388.6,3412.2,3388.6,3405
1558472400,3405,3413.6,3375.6,3399.8
1558558800,3399.8,3399.8,3334.6,3342
1558645200,3342,3381.2,3342,3369.6
1558904400,3369.6,3397.6,3367.8,3379.2
1558990800,3379.2,3390.2,3342.6,3342.6
1559077200,3342.6,3342.6,3299.6,3315.6
1559163600,3315.6,3333.6,3313.5,3332.2
1559250000,3332.2,3332.2,3266.8,3285.8
1559509200,3285.8,3305.6,3256.8,3291.2
1559595600,3291.2,3348.6,3280.5,3348
1559682000,3348,3364,3333.6,3351.2
1559768400,3351.2,3381.6,3331.6,3347.8
1559854800,3347.8,3396.6,3342.8,3380.2
1560114000,3380.2,3399.6,3380.2,3386.8
1560200400,3386.8,3422.6,3384.5,3399.8
1560286800,3399.8,3403.5,3377.6,3384.6
1560373200,3384.6,3403.8,3371.8,3387.6
1560459600,3387.6,3393.2,3362.6,3383.2
1560718800,3383.2,3393.2,3373.8,3381.2
1560805200,3381.2,3459.2,3366.6,3451.2
1560891600,3451.2,3464.6,3444.6,3460.6
1560978000,3460.6,3488,3460.6,3474.8
1561064400,3474.8,3497.6,3450.6,3450.6
1561323600,3450.6,3473.6,3445.8,3447.2
1561410000,3447.2,3457.2,3431.6,3432
1561496400,3432,3459.8,3432,3437.6
1561582800,3437.6,3454.2,3424.6,3443
1561669200,3443,3476.6,3439.6,3472
1561928400,3472,3520.6,3472,3500.6
1562014800,3500.6,3512.6,3491.6,3512
1562101200,3512,3551.6,3506.3,3550.8
1562187600,3550.8,3552.6,3540.6,3544.2
1562274000,3544.2,3547.6,3516.6,3533.6
1562533200,3533.6,3534.6,3514.5,3523.6
1562619600,3523.6,3523.6,3495.6,3516.6
1562706000,3516.6,3527.6,3501.6,3510.2
1562792400,3510.2,3522.5,3495.6,3503.8
1562878800,3503.8,3515.5,3495.6,3501
1563138000,3501,3521.6,3486.6,3507.8
1563224400,3507.8,3534.2,3501.6,3520.2
1563310800,3520.2,3533,3497.6,3498.8
1563397200,3498.8,3506.6,3473.6,3490.2
1563483600,3490.2,3518.2,3473,3478.2
1563742800,3478.2,3504.6,3475.8,3495
1563829200,3495,3549.6,3495,3547.6
1563915600,3547.6,3548.6,3526,3547.6
1564002000,3547.6,3576.6,3491.6,3506.8
1564088400,3506.8,3529.6,3506.8,3526.2
1564347600,3526.2,3538.6,3513.6,3525.6
1564434000,3525.6,3531.5,3447.6,3452.2
1564520400,3452.2,3477.2,3425.6,3447.6
1564606800,3447.6,3494.6,3420.8,3434
1564693200,3434,3437.2,3366.8,3381.6
1564952400,3381.6,3381.6,3276.6,3296.2
1565038800,3296.2,3337.6,3251.8,3310.2
1565125200,3310.2,3337.6,3279.8,3333.2
1565211600,3333.2,3376.6,3316,3366.2
1565298000,3366.2,3369.5,3324,3345.2
1565557200,3345.2,3369.6,3307.8,3315.6
1565643600,3315.6,3383.2,3297,3364.2
1565730000,3364.2,3370.5,3272.6,3274.8
1565816400,3274.8,3305.8,3233.6,3280.2
1565902800,3280.2,3333.6,3280.2,3328.8
1566162000,3328.8,3377.6,3328.8,3362.8
1566248400,3362.8,3379.6,3339.6,3341
1566334800,3341,3399.2,3340.8,3392.8
1566421200,3392.8,3404.6,3364.6,3377.6
1566507600,3377.6,3394.6,3306.8,3308.2
1566766800,3308.2,3359.6,3287.5,3352
1566853200,3352,3380.6,3332.8,3359.6
1566939600,3359.6,3369.6,3332.6,3362.8
1567026000,3362.8,3418.6,3345.5,3413
1567112400,3413,3443.6,3410.5,3433.6
1567371600,3433.6,3443.2,3412.5,3426.2
1567458000,3426.2,3439.5,3405.6,3422.2
1567544400,3422.2,3461.6,3417.8,3452.8
1567630800,3452.8,3489.2,3452.8,3480
1567717200,3480,3496.6,3476.6,3486.2
1567976400,3486.2,3503.6,3483.6,3494.6
1568062800,3494.6,3509.6,3479.6,3497.6
1568149200,3497.6,3522.6,3492.8,3520.6
1568235600,3520.6,3556.6,3505.6,3539
1568322000,3539,3557.2,3534.8,3543.8
1568581200,3543.8,3543.8,3512.3,3523.2
1568667600,3523.2,3527.6,3506.6,3526.2
1568754000,3526.2,3538.6,3517.6,3538.6
1568840400,3538.6,3556.6,3523.8,3542.6
1568926800,3542.6,3578,3542.6,3552.6
1569186000,3552.6,3566.6,3526.6,3540.6
1569272400,3540.6,3553.5,3513.6,3517.8
1569358800,3517.8,3531.5,3478.8,3516.8
1569445200,3516.8,3545.6,3501.8,3543
1569531600,3543,3555.6,3523.6,3528.8
1569790800,3528.8,3573.2,3528.8,3566.6
1569877200,3566.6,3590.6,3510.8,3514.2
1569963600,3514.2,3521.7,3405.6,3414.2
1570050000,3414.2,3434.6,3386.8,3432.2
1570136400,3432.2,3461.6,3407.2,3460.8
1570395600,3460.8,3483.2,3434.8,3467.8
1570482000,3467.8,3483.2,3424.8,3432.2
1570568400,3432.2,3481.6,3427.6,3470
1570654800,3470,3502.6,3441.8,3492.2
1570741200,3492.2,3577.6,3491.5,3558.8
1571000400,3558.8,3568.5,3532.8,3557
1571086800,3557,3611.6,3557,3601.2
1571173200,3601.2,3611.2,3587.6,3596.6
1571259600,3596.6,3630.6,3576.8,3588.2
1571346000,3588.2,3597.6,3568.6,3582.8
1571605200,3582.8,3609.2,3578.6,3602.6
1571691600,3602.6,3611.2,3584.6,3588.2
1571778000,3588.2,3611.6,3574.8,3607.6
1571864400,3607.6,3628.6,3607.5,3622.8
1571950800,3622.8,3627.6,3604.8,3625
1572210000,3625,3638,3615,3629.6
1572296400,3629.6,3630.2,3611.8,3622.2
1572382800,3622.2,3631.2,3593.6,3630.8
1572469200,3630.8,3635.6,3596,3613.2
1572555600,3613.2,3635.6,3609.8,3630.8
1572818400,3630.8,3674.6,3630.8,3667.2
1572904800,3667.2,3681.2,3663.6,3679.6
1572991200,3679.6,3695.6,3669.8,3687
1573077600,3687,3712.6,3684.5,3700.8
1573164000,3700.8,3707.6,3686.5,3707
1573423200,3707,3707,3683.6,3700.6
1573509600,3700.6,3719,3695.8,3708
1573596000,3708,3708.2,3679.6,3701.2
1573682400,3701.2,3708.5,3684.2,3697
1573768800,3697,3716.6,3690.6,3708.8
1574028000,3708.8,3717.6,3687.6,3705.8
1574114400,3705.8,3734.2,3689.2,3696.2
1574200800,3696.2,3696.2,3661.6,3673.8
1574287200,3673.8,3689.6,3651.6,3684.8
1574373600,3684.8,3710.6,3682.6,3693.6
1574632800,3693.6,3710.6,3693.6,3709.6
1574719200,3709.6,3723.2,3694.6,3710.6
1574805600,3710.6,3721.6,3704.6,3713.8
1574892000,3713.8,3713.8,3698,3707
1574978400,3707,3720.2,3687.2,3698.2
1575237600,3698.2,3731.6,3623.6,3632.6
1575324000,3632.6,3648.6,3595.6,3631.6
1575410400,3631.6,3669.2,3612.6,3666
1575496800,3666,3684.6,3647.6,3655.8
1575583200,3655.8,3696.2,3655.8,3694.8
1575842400,3694.8,3694.8,3665.2,3666.2
1575928800,3666.2,3676.2,3624.2,3668.2
1576015200,3668.2,3692.2,3658.2,3684.2
1576101600,3684.2,3725.2,3674.2,3717.6
1576188000,3717.6,3773.1,3717.6,3743
1576447200,3743,3779,3740.5,3771
1576533600,3771,3773.6,3741.8,3746.6
1576620000,3746.6,3760,3741,3746
1576706400,3746,3752,3727.6,3746
1576792800,3746,3784,3742,3775
1577052000,3775,3784.8,3771,3778.8
1577397600,3778.8,3803.7,3777.6,3779.6
1577656800,3779.6,3784.2,3737.4,3738.4
1577916000,3738.4,3811.2,3738.4,3810.4
1578002400,3810.4,3813.3,3747.2,3766.2
1578261600,3766.2,3766.2,3710.6,3760.6
1578348000,3760.6,3784.6,3748.6,3753.6
1578434400,3753.6,3794.6,3700.6,3783.6
1578520800,3783.6,3807.2,3783.6,3798.2
1578607200,3798.2,3807.7,3775.2,3778.2
1578866400,3778.2,3799.2,3768.2,3782.2
1578952800,3782.2,3790.7,3744.8,3775.8
1579039200,3775.8,3779.9,3755.2,3760.2
1579125600,3760.2,3786.2,3759.2,3782.2
1579212000,3782.2,3814.4,3782.2,3812.2
1579471200,3812.2,3813.8,3791.4,3804.4
1579557600,3804.4,3804.4,3760.4,3778.6
1579644000,3778.6,3807.3,3761.3,3761.4
1579730400,3761.4,3771,3734.8,3758.2
1579816800,3758.2,3796.2,3754.15,3763.2
1580076000,3763.2,3763.2,3673,3673.8
1580162400,3673.8,3723,3672,3718
1580248800,3718,3745,3706,3730
1580335200,3730,3730,3676,3714
1580421600,3714,3725,3615,3630
1580680800,3630,3673.8,3630,3651.8
1580767200,3651.8,3733.8,3651.2,3724.8
1580853600,3724.8,3789.8,3712.8,3784.2
1580940000,3784.2,3808.4,3775.4,3803.4
1581026400,3803.4,3808.7,3781.4,3785.4
1581285600,3785.4,3804.2,3774.2,3803.2
1581372000,3803.2,3831.25,3803.2,3822.2
1581458400,3822.2,3861.1,3820.1,3858.1
1581544800,3858.1,3858.1,3799.2,3840.2
1581631200,3840.2,3855.1,3830.1,3841.1
1581890400,3841.1,3856,3841,3851
1581976800,3851,3851,3823.5,3842
1582063200,3842,3865,3842,3859.9
1582149600,3859.9,3870.05,3819,3839.7
1582236000,3839.7,3839.7,3775.95,3792
1582495200,3792,3792,3623.8,3625.8
1582581600,3625.8,3680.35,3518.8,3524.8
1582668000,3524.8,3596.8,3464.8,3524.7
1582754400,3524.7,3528.7,3388.3,3390.7
1582840800,3390.7,3400.8,3280.6,3337.6
1583100000,3337.6,3414.4,3255.55,3387.6
1583186400,3387.6,3448.6,3303.5,3322.5
1583272800,3322.5,3468.6,3322.5,3466
1583359200,3466,3466,3300.9,3312.9
1583445600,3312.9,3335.7,3194,3236.3
1583701200,3236.3,3236.3,2871.7,2874.7
1583787600,2874.7,3088.6,2874.7,3026.6
1583874000,3026.6,3026.6,2831.5,2859.5
1583960400,2859.5,2859.5,2481.8,2496
1584046800,2496,2785.8,2442.8,2688.8
1584306000,2688.8,2688.8,2272.2,2372.1
1584392400,2372.1,2556.6,2349.6,2500.6
1584478800,2500.6,2504.7,2304.7,2386.6
1584565200,2386.6,2509.6,2231.4,2437.6
1584651600,2437.6,2632.6,2419.9,2459.5
1584910800,2459.5,2603.4,2356.2,2490
1584997200,2490,2739.1,2490,2716.2
1585083600,2716.2,2842.5,2672.7,2788.8
1585170000,2788.8,2869.7,2714,2869.6
1585256400,2869.6,2869.6,2699.8,2715.3
1585515600,2715.3,2803.9,2668.4,2796.9
1585602000,2796.9,2843.9,2743.2,2763.4
1585688400,2763.4,2763.4,2633.5,2636.9
1585774800,2636.9,2723.4,2633.6,2707.3
1585861200,2707.3,2709.3,2649.9,2670.3
1586120400,2670.3,2843.6,2670.3,2832.6
1586206800,2832.6,2914.4,2795.6,2817.3
1586293200,2817.3,2866.7,2786.6,2856.7
1586379600,2856.7,2923.6,2823.6,2909.6
1586811600,2909.6,2953.4,2889.4,2918.4
1586898000,2918.4,2918.5,2793,2802
1586984400,2802,2852.2,2777.2,2815.2
1587070800,2815.2,2926.4,2815.2,2906.4
1587330000,2906.4,2925.2,2833.2,2867.2
1587416400,2867.2,2885.1,2776.6,2795.6
1587502800,2795.6,2839.2,2780.2,2833.4
1587589200,2833.4,2878.2,2806.2,2813.3
1587675600,2813.3,2842.4,2775.4,2833.4
1587934800,2833.4,2892.8,2828.4,2888.8
1588021200,2888.8,2946,2866.8,2904
1588107600,2904,3002.4,2904,2989.4
1588194000,2989.4,3044.3,2890.6,2909.6
1588539600,2909.6,2909.6,2781.7,2837.2
1588626000,2837.2,2874.6,2817.6,2843.6
1588712400,2843.6,2874.8,2818.8,2818.9
1588798800,2818.9,2882.4,2813.8,2859.4
1588885200,2859.4,2905.2,2859.4,2904.4
1589144400,2904.4,2931,2854,2891
1589230800,2891,2891,2839.1,2839.1
1589317200,2839.1,2847.3,2772.3,2794.3
1589403600,2794.3,2794.5,2699.6,2779.5
1589490000,2779.5,2793.6,2745.6,2780.6
1589749200,2780.6,2927.5,2780.6,2915.5
1589835600,2915.5,2950.6,2867.6,2868.6
1589922000,2868.6,2942,2868.6,2931
1590008400,2931,2933.6,2891.6,2904.7
1590094800,2904.7,2918.9,2847.8,2915.9
1590354000,2915.9,2968.3,2908.2,2967.3
1590440400,2967.3,3006.4,2957.4,2981.4
1590526800,2981.4,3063.6,2976.5,3058.5
1590613200,3058.5,3101.7,3049.6,3070.7
1590699600,3070.7,3093.8,3032.8,3067.8
1590958800,3067.8,3126.2,3054.7,3125.2
1591045200,3125.2,3169.1,3107.1,3168.1
1591131600,3168.1,3283.3,3168.1,3274.3
1591218000,3274.3,3292.4,3229.4,3253.4
1591304400,3253.4,3387.4,3250.6,3360.6
1591563600,3360.6,3396.9,3341.2,3396.9
1591650000,3396.9,3398.5,3293.4,3324.5
1591736400,3324.5,3356.6,3275.6,3283.6
1591822800,3283.6,3284.4,3088.5,3099.7
1591909200,3099.7,3213.8,3094.8,3172.8
1592168400,3172.8,3184.1,3052.2,3175.1
1592254800,3175.1,3279,3175.1,3234.6
1592341200,3234.6,3283.6,3216.9,3251.5
1592427600,3251.5,3290.7,3206.7,3247.7
1592514000,3247.7,3300.6,3227.6,3234.6
1592773200,3234.6,3279.8,3202.2,3260.8
1592859600,3260.8,3318.4,3215.4,3278.4
1592946000,3278.4,3296.2,3179.3,3202.3
1593032400,3202.3,3261.2,3147.2,3260.3
1593118800,3260.3,3272.8,3191.2,3198.7
1593378000,3198.7,3253.6,3170.6,3242.2
1593464400,3242.2,3260.6,3209.6,3251.6
1593550800,3251.6,3259.6,3180.6,3243.1
1593637200,3243.1,3337.6,3225.2,3304.7
1593723600,3304.7,3332.4,3280.4,3312.4
1593982800,3312.4,3378.6,3312.4,3353.3
1594069200,3353.3,3370.9,3299.2,3302.3
1594155600,3302.3,3327.4,3278.3,3314.3
1594242000,3314.3,3330.2,3249.2,3278.2
1594328400,3278.2,3320.1,3235.7,3318
1594587600,3318,3356.7,3287.9,3294.4
1594674000,3294.4,3343,3277,3339
1594760400,3339,3401,3339,3375.7
1594846800,3375.7,3377.9,3340.8,3373.9
1594933200,3373.9,3382.9,3353.8,3377.9
1595192400,3377.9,3396.6,3332,3392.9
1595278800,3392.9,3453,3380.9,3385.9
1595365200,3385.9,3409.8,3360.8,3380.9
1595451600,3380.9,3402.8,3334.8,3343.9
1595538000,3343.9,3357,3294.8,3305.8
1595797200,3305.8,3324.6,3290.6,3309.6
1595883600,3309.6,3331.6,3279.6,3290.6
1595970000,3290.6,3317.2,3282.6,3312.6
1596056400,3312.6,3314.6,3174.6,3234.5
1596142800,3234.5,3246.8,3145.7,3171.7
1596402000,3171.7,3264.6,3164.1,3249.6
1596488400,3249.6,3279.6,3229.6,3256.6
1596574800,3256.6,3293.6,3246.6,3258.1
1596661200,3258.1,3287,3223,3254
1596747600,3254,3262.5,3218.4,3260.4
1597006800,3260.4,3278.1,3238.1,3275.1
1597093200,3275.1,3350.1,3270,3300.1
1597179600,3300.1,3378,3300.1,3366.1
1597266000,3366.1,3369,3325,3332
1597352400,3332,3347,3275,3297
1597611600,3297,3320.8,3284.8,3304.8
1597698000,3304.8,3333.8,3275.8,3284.3
1597784400,3284.3,3320.5,3274.8,3303.8
1597870800,3303.8,3303.8,3256.8,3279.8
1597957200,3279.8,3299.6,3219.6,3266.6
1598216400,3266.6,3338.5,3262.5,3331.5
1598302800,3331.5,3374.4,3316.4,3337.6
1598389200,3337.6,3367.4,3314.4,3363.4
1598475600,3363.4,3364.4,3312.4,3322.4
1598562000,3322.4,3351.7,3294.7,3324.6
1598821200,3324.6,3350.2,3262.1,3271.1
1598907600,3271.1,3312,3243,3278.1
1598994000,3278.1,3364.4,3278.1,3364.3
1599080400,3364.3,3395.2,3267.2,3282.2
1599166800,3282.2,3328.6,3233.4,3290.1
1599426000,3290.1,3320,3262,3316
1599512400,3316,3326.3,3239,3249.9
1599598800,3249.9,3346,3241.9,3328.9
1599685200,3328.9,3342.9,3282.2,3284.9
1599771600,3284.9,3329.8,3284.9,3308.8
1600030800,3308.8,3347.7,3303,3308.3
1600117200,3308.3,3345.6,3299.6,3332.1
1600203600,3332.1,3350.6,3311.6,3323.1
1600290000,3323.1,3327.6,3285.6,3318.2
1600376400,3318.2,3328.6,3265.5,3280.5
1600635600,3280.5,3291,3150,3185
1600722000,3185,3197.4,3153.8,3187.9
1600808400,3187.9,3222.8,3149.8,3152.9
1600894800,3152.9,3181.9,3129.9,3160.9
1600981200,3160.9,3182.4,3095.4,3164.4
1601240400,3164.4,3229.2,3162.1,3222.2
1601326800,3222.2,3242.3,3195.2,3210.3
1601413200,3210.3,3232.2,3174.2,3190.2
1601499600,3190.2,3224,3176,3192.2
1601586000,3192.2,3202,3144.9,3193.2
1601845200,3193.2,3234.8,3193.2,3233.8
1601931600,3233.8,3250.8,3199.8,3204.8
1602018000,3204.8,3244.8,3203.8,3236.8
1602104400,3236.8,3269.8,3231.8,3260.8
1602190800,3260.8,3280.7,3252.7,3270.7
1602450000,3270.7,3307.6,3265,3301.6
1602536400,3301.6,3303.6,3262.6,3271.6
1602622800,3271.6,3287.6,3252.5,3253.5
1602709200,3253.5,3262.4,3172.4,3208.4
1602795600,3208.4,3258.4,3198.3,3244.3
1603054800,3244.3,3283.2,3204.2,3208.2
1603141200,3208.2,3250.2,3208.2,3223.2
1603227600,3223.2,3249.2,3171.2,3171.2
1603314000,3171.2,3185,3131.6,3178
1603400400,3178,3217.2,3160.2,3204.2
1603659600,3204.2,3204.2,3080.1,3107.6
1603746000,3107.6,3119.8,3047,3047
1603832400,3047,3047,2930.8,2950
1603918800,2950,2986.5,2918.4,2954.5
1604005200,2954.5,2979.9,2891,2977.8
1604268000,2977.8,3030.2,2942.2,3022.2
1604354400,3022.2,3121.2,3022.2,3105.2
1604440800,3105.2,3173.2,3014,3141.2
1604527200,3141.2,3222.2,3140.2,3206.2
1604613600,3206.2,3224.2,3166.6,3199.2
1604872800,3199.2,3444,3199.2,3382
1604959200,3382,3461.1,3348.6,3444.1
1605045600,3444.1,3474.1,3425.1,3470.1
1605132000,3470.1,3470.1,3397,3405.6
1605218400,3405.6,3456,3395.4,3447
1605477600,3447,3498.8,3439.3,3470.8
1605564000,3470.8,3479.7,3441.8,3472.8
1605650400,3472.8,3489.8,3451.8,3454.7
1605736800,3454.7,3468.7,3439.6,3467.4
1605823200,3467.4,3481.6,3441.6,3467.6
1606082400,3467.6,3506.4,3461.6,3474.5
1606168800,3474.5,3519.4,3474.5,3516.4
1606255200,3516.4,3531.4,3493.4,3514.4
1606341600,3514.4,3526.4,3500.3,3506.4
1606428000,3506.4,3538.4,3496.3,3536.8
1606687200,3536.8,3539.2,3477.2,3479.2
1606773600,3479.2,3532.4,3479.2,3528.4
1606860000,3528.4,3528.4,3500.8,3516.7
1606946400,3516.7,3525.7,3495.7,3499.7
1607032800,3499.7,3539.2,3499.7,3537.6
1607292000,3537.6,3538,3496.5,3525.5
1607378400,3525.5,3535.4,3501.4,3533.4
1607464800,3533.4,3558,3513,3531
1607551200,3531,3540,3496,3515.9
1607637600,3515.9,3523.9,3458.8,3492.9
1607896800,3492.9,3530.8,3491.8,3493.7
1607983200,3493.7,3538.7,3491.6,3535.6
1608069600,3535.6,3562.2,3525.2,3550.7
1608156000,3550.7,3575.2,3545,3559.2
1608242400,3559.2,3587.2,3531.1,3544
1608501600,3544,3544,3395.4,3481.4
1608588000,3481.4,3501.2,3447.2,3499.2
1608674400,3499.2,3546.7,3473.6,3540.4
1609106400,3540.4,3584.6,3540.4,3572.6
1609192800,3572.6,3603.6,3559.6,3565.1
1609279200,3565.1,3590.6,3551.5,3553.5
1609711200,3553.5,3609.4,3528.8,3547
1609797600,3547,3573.8,3522.8,3557.8
1609884000,3557.8,3624.8,3538.7,3604.5
1609970400,3604.5,3635.8,3602.8,3625.8
1610056800,3625.8,3658.8,3625.1,3654.8
1610316000,3654.8,3654.8,3593.6,3620.6
1610402400,3620.6,3636.1,3588.7,3611.2
1610488800,3611.2,3623,3597,3615.6
1610575200,3615.6,3646,3615.6,3634
1610661600,3634,3638,3571,3590
1610920800,3590,3613.3,3572,3611
1611007200,3611,3626.7,3589.6,3606.7
1611093600,3606.7,3634,3592.6,3633.6
1611180000,3633.6,3648.6,3607.5,3624.5
1611266400,3624.5,3625,3568.6,3600.2
1611525600,3600.2,3623.9,3538.6,3572.5
1611612000,3572.5,3607.6,3532.6,3598.1
1611698400,3598.1,3600.8,3501.2,3511.8
1611784800,3511.8,3574.1,3473.2,3554.8
1611871200,3554.8,3554.8,3462.1,3476.4
1612130400,3476.4,3547.3,3459.6,3543.7
1612216800,3543.7,3606.1,3535.4,3602.8
1612303200,3602.8,3636.2,3598.2,3615.4
1612389600,3615.4,3644.6,3595.5,3642.8
1612476000,3642.8,3667.6,3640.5,3656.5
1612735200,3656.5,3686.5,3656.5,3673.2
1612821600,3673.2,3676.9,3648.2,3661.9
1612908000,3661.9,3680.2,3624.2,3641.9
1612994400,3641.9,3672.2,3637.2,3670.5
1613080800,3670.5,3700.7,3646.4,3700.3
1613340000,3700.3,3741,3700.3,3734.2
1613426400,3734.2,3744.8,3715.8,3722.1
1613512800,3722.1,3725.8,3693.8,3709.1
1613599200,3709.1,3717.8,3671.8,3690
1613685600,3690,3719.8,3671.8,3705.1
1613944800,3705.1,3723.8,3660.6,3688.9
1614031200,3688.9,3712.6,3642.6,3692.9
1614117600,3692.9,3719.5,3666.6,3715.8
1614204000,3715.8,3730.7,3640,3648.7
1614290400,3648.7,3677.4,3620.4,3643.4
1614549600,3643.4,3715.8,3643.4,3715.4
1614636000,3715.4,3729.2,3689.1,3706.9
1614722400,3706.9,3741.8,3686.8,3690.8
1614808800,3690.8,3717.2,3657.2,3676.2
1614895200,3676.2,3714.2,3645.4,3711.9
1615154400,3711.9,3775.2,3679.2,3753.4
1615240800,3753.4,3796.9,3748.4,3789.4
1615327200,3789.4,3826.3,3773.4,3823.2
1615413600,3823.2,3847.9,3816.9,3841.3
1615500000,3841.3,3850.4,3818,3850
1615755600,3850,3856.8,3818,3839.5
1615842000,3839.5,3857.6,3833.7,3850.2
1615928400,3850.2,3868.5,3838.6,3863.8
1616014800,3863.8,3881.4,3831.8,3836.2
1616101200,3836.2,3862.6,3817.6,3839.8
1616360400,3839.8,3841.6,3810.6,3834.3
1616446800,3834.3,3844.6,3805.6,3814.2
1616533200,3814.2,3838.2,3804.6,3822.2
1616619600,3822.2,3859,3789.2,3859
1616706000,3859,3898.2,3848.6,3893.8
1616965200,3893.8,3905.5,3864.5,3897.5
1617051600,3897.5,3933.2,3894.8,3926.2
1617138000,3926.2,3937.5,3915.6,3929.8
1617224400,3929.8,3978.7,3926,3970.7
1617656400,3970.7,3997.1,3960.3,3968.6
1617742800,3968.6,3976.6,3956.5,3973
1617829200,3973,3985.2,3966.6,3980.9
1617915600,3980.9,3993.5,3974.6,3993.3
1618174800,3993.3,3993.3,3963.5,3973.2
1618261200,3973.2,3985.6,3957.6,3983.2
1618347600,3983.2,3988.5,3969.5,3970.8
1618434000,3970.8,4005.5,3970.8,4003.5
1618520400,4003.5,4054.9,3996.2,4054.2
1618779600,4054.2,4054.2,4015.2,4024.5
1618866000,4024.5,4026.8,3940.2,3949.1
1618952400,3949.1,4002.1,3941.4,4001.6
1619038800,4001.6,4024.8,3993.1,4000.4
1619125200,4000.4,4023.6,3985.2,4014.4
1619384400,4014.4,4030.6,4008.2,4021.8
1619470800,4021.8,4028.8,4003.4,4019.7
1619557200,4019.7,4030.6,4007.5,4014.5
1619643600,4014.5,4037.2,3986.4,4011.6
1619730000,4011.6,4011.6,3962.2,3972.2
1619989200,3972.2,4014.2,3965.4,4009.2
1620075600,4009.2,4021.4,3918.8,3940.1
1620162000,3940.1,4009,3938.3,4005
1620248400,4005,4025,3975.4,4019.6
1620334800,4019.6,4041.1,4005.2,4038.1
1620594000,4038.1,4051.3,3997.1,4000.1
1620680400,4000.1,4000.1,3916.6,3944
1620766800,3944,3965.6,3908.9,3928.9
1620853200,3928.9,3972.3,3855.2,3964.3
1620939600,3964.3,4039.8,3961.2,4039.1
1621198800,4039.1,4039.1,3993,4016.2
1621285200,4016.2,4042,3988,3988.3
1621371600,3988.3,3992,3891,3948.7
1621458000,3948.7,4010.2,3935.2,4002.9
1621544400,4002.9,4034.2,3999.2,4026.5
1621803600,4026.5,4053.3,4021.6,4045
1621890000,4045,4062.3,4034.3,4040.6
1621976400,4040.6,4056.3,4021.4,4033.7
1622062800,4033.7,4057.4,4018.4,4046
1622149200,4046,4075.6,4046,4063.2
1622408400,4063.2,4074,4034.3,4039
1622494800,4039,4101.2,4038.3,4071.4
1622581200,4071.4,4090.5,4062.4,4084.2
1622667600,4084.2,4095.5,4051.4,4080.5
1622754000,4080.5,4098.5,4066.5,4095.8
1623013200,4095.8,4107.4,4068.4,4104.2
1623099600,4104.2,4116.4,4091.4,4104.7
1623186000,4104.7,4110.2,4076.6,4098.2
1623272400,4098.2,4109.6,4079.6,4103.2
1623358800,4103.2,4140.2,4097.5,4140
1623618000,4140,4154.2,4127.6,4145.2
1623704400,4145.2,4158.6,4140.8,4147.8
1623790800,4147.8,4159.5,4136.5,4147.5
1623877200,4147.5,4168.5,4124,4163.5
1623963600,4163.5,4166.2,4074.8,4081.5
1624222800,4081.5,4125.3,4032.1,4124
1624309200,4124,4130.3,4090.8,4119
1624395600,4119,4133.2,4072.6,4079.4
1624482000,4079.4,4128.3,4079.4,4125.3
1624568400,4125.3,4132,4104.8,4120.1
1624827600,4120.1,4125.2,4085.8,4096.3
1624914000,4096.3,4123.8,4088.5,4106.5
1625000400,4106.5,4112.8,4045.8,4074.5
1625086800,4074.5,4113.2,4049.2,4090
1625173200,4090,4100.2,4075.2,4086.5
1625432400,4086.5,4094.8,4056.8,4086.5
1625518800,4086.5,4095.5,4036.8,4047.8
1625605200,4047.8,4084,4039.5,4084
1625691600,4084,4084,3960.6,3993.7
1625778000,3993.7,4071.2,3971.7,4069.2
1626037200,4069.2,4100.2,4043.6,4097.4
1626123600,4097.4,4103.4,4081.6,4090
1626210000,4090,4103.2,4072.2,4091
1626296400,4091,4092.2,4040.5,4054
1626382800,4054,4071.2,4012.2,4022.5
1626642000,4022.5,4022.5,3903.8,3929.5
1626728400,3929.5,3979.8,3921.2,3965.7
1626814800,3965.7,4042.7,3951,4041.2
1626901200,4041.2,4078.2,4037,4061.7
1626987600,4061.7,4115.7,4061.7,4105.4
1627246800,4105.4,4105.4,4071.2,4104.2
1627333200,4104.2,4104.7,4052.4,4078.2
1627419600,4078.2,4104.2,4057.7,4096.4
1627506000,4096.4,4128.2,4086.2,4110
1627592400,4110,4112.6,4077.6,4092.6
1627851600,4092.6,4135,4092.6,4102.7
1627938000,4102.7,4129.7,4100.6,4125.4
1628024400,4125.4,4149.2,4118.2,4139.2
1628110800,4139.2,4164.4,4137,4158
1628197200,4158,4183.2,4150.7,4176.7
1628456400,4176.7,4185.6,4161.2,4181.5
1628542800,4181.5,4195.8,4173.5,4194.5
1628629200,4194.5,4219.2,4184.2,4213.5
1628715600,4213.5,4233.7,4201.5,4229.2
1628802000,4229.2,4241,4223,4230
1629061200,4230,4230,4188.6,4213.5
1629147600,4213.5,4213.5,4171,4194.2
1629234000,4194.2,4208.2,4169.7,4169.7
1629320400,4169.7,4172.7,4081.6,4137
1629406800,4137,4155.4,4105,4153.9
1629666000,4153.9,4184.1,4153.9,4179.5
1629752400,4179.5,4198.9,4162.2,4177.2
1629838800,4177.2,4187.2,4171.4,4177.4
1629925200,4177.4,4177.4,4141,4162.9
1630011600,4162.9,4198.4,4153.9,4194
1630270800,4194,4202.8,4183.7,4197.3
1630357200,4197.3,4221.8,4174.8,4197
1630443600,4197,4250.8,4197,4225.1
1630530000,4225.1,4238,4214,4224.4
1630616400,4224.4,4237.5,4181.4,4196.9
1630875600,4196.9,4252.8,4186.5,4244.1
1630962000,4244.1,4244.8,4215.1,4216.5
1631048400,4216.5,4223.5,4159.4,4178
1631134800,4178,4194.8,4133.2,4164.5
1631221200,4164.5,4204.8,4155,4156.7
1631480400,4156.7,4210.8,4156,4195.2
1631566800,4195.2,4203.2,4163.2,4181.7
1631653200,4181.7,4198,4145,4170.5
1631739600,4170.5,4195.5,4156.5,4191.5
1631826000,4191.5,4214.2,4112.3,4132.3
1632085200,4132.3,4132.3,3999.5,4033.8
1632171600,4033.8,4105.2,4033.8,4084
1632258000,4084,4162.9,4067,4144.3
1632344400,4144.3,4202.8,4144.3,4194.8
1632430800,4194.8,4218.2,4146.8,4159.3
1632690000,4159.3,4196.5,4156.3,4167.5
1632776400,4167.5,4176,4046,4060.8
1632862800,4060.8,4105.8,4053.5,4070.7
1632949200,4070.7,4115.4,4027,4035.9
1633035600,4035.9,4063.5,3977.4,4049.8
1633294800,4049.8,4057.2,3988.2,4005.5
1633381200,4005.5,4066,3981.5,4052.5
1633467600,4052.5,4058.5,3961.8,4039.2
1633554000,4039.2,4097.2,4039.2,4087.6
1633640400,4087.6,4099.6,4064.6,4069.1
1633899600,4069.1,4082.6,4041.6,4049.8
1633986000,4049.8,4063,4016,4052.5
1634072400,4052.5,4096.5,4037.8,4089
1634158800,4089,4157,4089,4155.5
1634245200,4155.5,4186.8,4150,4186.8
1634504400,4186.8,4186.8,4131.4,4154.3
1634590800,4154.3,4170.8,4151,4166.8
1634677200,4166.8,4179.4,4143.8,4170.8
1634763600,4170.8,4173.8,4138.6,4171.2
1634850000,4171.2,4203,4162.3,4197.1
1635109200,4197.1,4201.5,4184.8,4189.5
1635195600,4189.5,4231.6,4189.5,4219.3
1635282000,4219.3,4230.6,4204,4209.8
1635368400,4209.8,4236,4209.8,4231.7
1635454800,4231.7,4265.9,4187.6,4262.2
1635714000,4262.2,4293,4262,4283.8
1635800400,4283.8,4299,4270.2,4296
1635886800,4296,4330.5,4287.5,4330.5
1635973200,4330.5,4340.6,4322,4335.5
1636059600,4335.5,4374.4,4324.5,4359.6
1636322400,4359.6,4366.4,4345.9,4350.4
1636408800,4350.4,4363.8,4335.4,4343.9
1636495200,4343.9,4356.8,4322,4331
1636581600,4331,4358.6,4324.5,4354.1
1636668000,4354.1,4373,4352,4370.6
1636927200,4370.6,4386.6,4365.1,4381.1
1637013600,4381.1,4408,4377,4402
1637100000,4402,4409.6,4395,4401.5
1637186400,4401.5,4415.6,4377.4,4390.5
1637272800,4390.5,4404,4333,4352.5
1637532000,4352.5,4371.2,4321.5,4323
1637618400,4323,4329,4267,4305.5
1637704800,4305.5,4307.5,4240,4287.2
1637791200,4287.2,4306,4278,4295.7
1637877600,4295.7,4295.7,4036.3,4065.5
1638136800,4065.5,4164.8,4065.5,4124.3
1638223200,4124.3,4153.4,3998.2,4067.7
1638309600,4067.7,4187.4,4063.7,4083.5
1638396000,4083.5,4150.8,4083.5,4128.8
1638482400,4128.8,4153.4,4054.6,4086.8
1638741600,4086.8,4154.1,4077.6,4146.6
1638828000,4146.6,4287,4138.1,4273.5
1638914400,4273.5,4289.4,4232,4240
1639000800,4240,4253,4192.3,4196.8
1639087200,4196.8,4221.8,4178.2,4209.5
1639346400,4209.5,4241.2,4175.4,4181
1639432800,4181,4212,4135.2,4164
1639519200,4164,4216.3,4141,4216.3
1639605600,4216.3,4250.8,4168.3,4184.5
1639692000,4184.5,4195.5,4129.2,4142.8
1639951200,4142.8,4142.8,4045,4136
1640037600,4136,4197.8,4126.8,4196.3
1640124000,4196.3,4233.5,4166.8,4229
1640210400,4229,4277.3,4223,4265.3
1640556000,4265.3,4308.8,4238.2,4308.8
1640642400,4308.8,4324.2,4288.8,4309.8
1640728800,4309.8,4322.3,4271.8,4291.8
1640815200,4291.8,4313.8,4278.3,4296.5
1641160800,4296.5,4352.9,4292.9,4349.9
1641247200,4349.9,4390.8,4332.2,4373.3
1641333600,4373.3,4396.8,4335.8,4335.8
1641420000,4335.8,4350.8,4298.3,4323.3
1641506400,4323.3,4341.3,4278.2,4310.3
1641765600,4310.3,4328.5,4230.4,4276
1641852000,4276,4310,4258.7,4310
1641938400,4310,4330.4,4289.4,4318.5
1642024800,4318.5,4337.6,4272.7,4276.7
1642111200,4276.7,4295.7,4256.6,4292.2
1642370400,4292.2,4311.4,4274.2,4299.9
1642456800,4299.9,4311.7,4232.6,4258.7
1642543200,4258.7,4303.8,4225.2,4253.4
1642629600,4253.4,4305.4,4243.4,4256.9
1642716000,4256.9,4256.9,4180.4,4185.4
1642975200,4185.4,4225.8,4000.6,4128.8
1643061600,4128.8,4129.1,4038.6,4094.3
1643148000,4094.3,4196.7,4085.6,4139.4
1643234400,4139.4,4206.2,4037.9,4159.2
1643320800,4159.2,4185.2,4071.2,4170.7
1643580000,4170.7,4208.2,4132.6,4203.7
1643666400,4203.7,4237.9,4182.2,4236.4
1643752800,4236.4,4259.8,4215.7,4236.4
1643839200,4236.4,4236.4,4115.2,4121.4
1643925600,4121.4,4178.4,4066.2,4105.9
1644184800,4105.9,4136.2,4074.2,4114.2
1644271200,4114.2,4156.2,4103.2,4143.7
1644357600,4143.7,4220.1,4143.7,4220.1
1644444000,4220.1,4240,4149.3,4162.3
1644530400,4162.3,4177.2,4062.8,4079.5
1644789600,4079.5,4096.3,4001,4057.3
1644876000,4057.3,4149.1,4035.1,4149.1
1644962400,4149.1,4180,4115.2,4151.7
1645048800,4151.7,4157.2,4078.2,4082.7
1645135200,4082.7,4133.2,4052.6,4069.2
1645394400,4069.2,4123.6,3907.1,3923.3
1645480800,3923.3,4015.6,3879,3976.8
1645567200,3976.8,4053.6,3934.1,3944.6
1645653600,3944.6,3944.6,3753.6,3905.3
1645740000,3905.3,3997.6,3827.6,3995.1
1645999200,3995.1,3995.1,3786.6,3877.3
1646085600,3877.3,3926.3,3709.1,3745.8
1646172000,3745.8,3849.4,3716.4,3821
1646258400,3821,3842,3711.7,3727.2
1646344800,3727.2,3727.2,3530.9,3573.4
1646604000,3573.4,3598.8,3382.4,3460.6
1646690400,3460.6,3656.9,3408.6,3563.1
1646776800,3563.1,3808.4,3548.6,3759.9
1646863200,3759.9,3766.2,3624.2,3664.2
1646949600,3664.2,3827.2,3603.4,3656.5
1647205200,3656.5,3789.8,3656.5,3733.2
1647291600,3733.2,3765.5,3640.4,3752.7
1647378000,3752.7,3932,3737.7,3907.6
1647464400,3907.6,3919.4,3843.8,3880.2
1647550800,3880.2,3930.8,3820.8,3921.8
1647810000,3921.8,3921.8,3851.5,3879
1647896400,3879,3943.5,3857.7,3935
1647982800,3935,3953.5,3848.5,3853.5
1648069200,3853.5,3899.6,3848.6,3887.5
1648155600,3887.5,3909.6,3856.6,3897.5
1648414800,3897.5,3954.6,3871.5,3928.5
1648501200,3928.5,4032.6,3925.5,4021.5
1648587600,4021.5,4021.5,3941.5,3953.5
1648674000,3953.5,3985.6,3883.5,3887.5
1648760400,3887.5,3942.6,3887.5,3935.5
1649019600,3935.5,3972.5,3895.6,3969.5
1649106000,3969.5,3976,3899.5,3908.5
1649192400,3908.5,3921.6,3797.6,3832.5
1649278800,3832.5,3883.6,3795,3845.5
1649365200,3845.5,3878.6,3825.5,3842.5
1649624400,3842.5,3876.6,3811.5,3813
1649710800,3813,3860.6,3766.6,3806.5
1649797200,3806.5,3847.5,3793.6,3835.5
1649883600,3835.5,3866.6,3826.6,3832.5
1650315600,3832.5,3862.5,3797.4,3862.5
1650402000,3862.5,3912.4,3836.4,3892.5
1650488400,3892.5,3961.4,3861.5,3870
1650574800,3870,3893.4,3810.9,3815.4
1650834000,3815.4,3815.4,3742.6,3806.6
1650920400,3806.6,3822.4,3698.4,3701.4
1651006800,3701.4,3754.7,3677.8,3731.7
1651093200,3731.7,3823.8,3731.7,3811.8
1651179600,3811.8,3838.8,3741.7,3742.7
1651438800,3742.7,3758.2,3693.8,3741.2
1651525200,3741.2,3775.8,3727.8,3759.8
1651611600,3759.8,3815.8,3721.8,3809.8
1651698000,3809.8,3815.9,3663.9,3689.9
1651784400,3689.9,3689.9,3601.6,3629.6
1652043600,3629.6,3629.6,3517,3531
1652130000,3531,3613.2,3494.1,3571.1
1652216400,3571.1,3662.1,3552.2,3575.1
1652302800,3575.1,3638.6,3543.6,3608.6
1652389200,3608.6,3716,3608.6,3711
1652648400,3711,3722.2,3659.8,3694.8
1652734800,3694.8,3758.6,3691.6,3755.1
1652821200,3755.1,3762.6,3650.6,3653.6
1652907600,3653.6,3665,3589,3640
1652994000,3640,3711,3616,3666
1653253200,3666,3712.9,3651.2,3699.9
1653339600,3699.9,3699.9,3638.9,3666.9
1653426000,3666.9,3707.9,3631,3690.9
1653512400,3690.9,3757.9,3668.9,3747.9
1653598800,3747.9,3818.9,3738.9,3814.9
1653858000,3814.9,3851.8,3812.9,3846.5
1653944400,3846.5,3846.5,3776.2,3793.2
1654030800,3793.2,3816.2,3748.2,3765.2
1654117200,3765.2,3828,3754.5,3827.5
1654203600,3827.5,3835,3775.6,3789
1654462800,3789,3857.6,3788.5,3829
1654549200,3829,3829,3782.6,3824.5
1654635600,3824.5,3830,3759.5,3768.5
1654722000,3768.5,3791.4,3690.9,3692.9
1654808400,3692.9,3704.9,3589.9,3602.9
1655067600,3602.9,3602.9,3492.6,3510.5
1655154000,3510.5,3548.5,3446.5,3475.5
1655240400,3475.5,3571.5,3474,3549.5
1655326800,3549.5,3583,3399.5,3408.5
1655413200,3408.5,3485.6,3408.5,3441
1655672400,3441,3473.5,3414.5,3464.5
1655758800,3464.5,3520.6,3458.7,3480.5
1655845200,3480.5,3480.5,3410,3449.5
1655931600,3449.5,3478.6,3407.6,3451.5
1656018000,3451.5,3561.5,3438,3559
1656277200,3559,3594,3518.5,3524.5
1656363600,3524.5,3581.6,3507.5,3509.5
1656450000,3509.5,3529.6,3491,3503.3
1656536400,3503.3,3506.3,3411.4,3463.3
1656622800,3463.3,3479.3,3402.4,3476.3
1656882000,3476.3,3479.8,3442.4,3451.3
1656968400,3451.3,3487.3,3353.3,3407.8
1657054800,3407.8,3446.9,3382.9,3435.9
1657141200,3435.9,3497.4,3424.9,3496.9
1657227600,3496.9,3510.8,3451.8,3493.8
1657486800,3493.8,3494.3,3435.8,3466.8
1657573200,3466.8,3494.5,3423.8,3467
1657659600,3467,3477.5,3406.6,3462.5
1657746000,3462.5,3469.5,3369.6,3421.5
1657832400,3421.5,3480.7,3392.6,3478.7
1658091600,3478.7,3530.8,3471,3479
1658178000,3479,3598,3471,3596
1658264400,3596,3616,3544.4,3566.3
1658350800,3566.3,3612.4,3552.4,3599.8
1658437200,3599.8,3624.6,3564.5,3578.5
1658696400,3578.5,3617.6,3565.5,3606.5
1658782800,3606.5,3606.5,3558,3562.5
1658869200,3562.5,3636.3,3562.5,3629.3
1658955600,3629.3,3674.7,3592.8,3670.2
1659042000,3670.2,3730.2,3662.2,3728.2
1659301200,3728.2,3730.2,3689.7,3708.2
1659387600,3708.2,3708.2,3663.2,3676.2
1659474000,3676.2,3745.2,3666.2,3740.2
1659560400,3740.2,3781.6,3732.5,3749.5
1659646800,3749.5,3760.5,3715.2,3740.1
1659906000,3740.1,3779.4,3730.2,3746.3
1659992400,3746.3,3759.3,3706.3,3712.3
1660078800,3712.3,3758,3693.4,3755
1660165200,3755,3777.5,3740,3746
1660251600,3746,3804.4,3746,3804.4
1660510800,3804.4,3807.4,3759.4,3806.4
1660597200,3806.4,3820.4,3785.4,3815.4
1660683600,3815.4,3822.4,3747.4,3767.4
1660770000,3767.4,3782.4,3747.4,3777.4
1660856400,3777.4,3777.4,3719.4,3726.4
1661115600,3726.4,3726.4,3638.4,3646.4
1661202000,3646.4,3673.4,3622.4,3647.4
1661288400,3647.4,3673.4,3624.4,3656.4
1661374800,3656.4,3703.4,3656.4,3696.4
1661461200,3696.4,3706.4,3569.4,3573.4
1661720400,3573.4,3585.4,3531.4,3574.4
1661806800,3574.4,3629.4,3539.4,3551.4
1661893200,3551.4,3588.4,3501.4,3506.4
1661979600,3506.4,3506.4,3446.6,3490.5
1662066000,3490.5,3548.6,3443.5,3457
1662325200,3457,3497.6,3429.5,3479.5
1662411600,3479.5,3521.6,3469.6,3478.5
1662498000,3478.5,3522.5,3448.5,3518.5
1662584400,3518.5,3533.8,3453.4,3500.3
1662670800,3500.3,3585.3,3500.3,3581.3
1662930000,3581.3,3658.4,3581.3,3644.3
1663016400,3644.3,3685.4,3550.3,3553.3
1663102800,3553.3,3592.4,3543.6,3575.5
1663189200,3575.5,3586.6,3523.5,3533.5
1663275600,3533.5,3533.5,3479,3504.5
1663534800,3504.5,3518,3447,3515
1663621200,3515,3536,3429,3457
1663707600,3457,3515.1,3420.6,3444.6
1663794000,3444.6,3492.6,3406.6,3436.6
1663880400,3436.6,3445.6,3325.6,3352.6
1664139600,3352.6,3374.6,3315.6,3336.6
1664226000,3336.6,3392.6,3287.1,3317.6
1664312400,3317.6,3365.6,3254.6,3357.6
1664398800,3357.6,3359.6,3244.6,3283.6
1664485200,3283.6,3321.6,3264.1,3272.6
1664744400,3272.6,3360.6,3236.6,3345.6
1664830800,3345.6,3483.6,3345.6,3473.6
1664917200,3473.6,3482.6,3423.6,3461.6
1665003600,3461.6,3491.6,3415.6,3422.6
1665090000,3422.6,3431.6,3346.6,3360.1
1665349200,3360.1,3386.6,3325.6,3358.6
1665435600,3358.6,3360.6,3305.6,3314.6
1665522000,3314.6,3363.6,3310.6,3322.6
1665608400,3322.6,3401.6,3250.6,3396.1
1665694800,3396.1,3450.6,3353.1,3353.6
1665954000,3353.6,3454.6,3353.6,3434.6
1666040400,3434.6,3508.6,3434.6,3472.1
1666126800,3472.1,3503.6,3445.6,3464.6
1666213200,3464.6,3498.6,3440.6,3463.6
1666299600,3463.6,3508.6,3418.6,3508.1
1666558800,3508.1,3551.6,3469.6,3529.5
1666645200,3529.5,3589.5,3508,3586.5
1666731600,3586.5,3611.5,3557.6,3581
1666818000,3581,3619.6,3564.6,3589.5
1666904400,3589.5,3644.5,3557.6,3642.5
1667163600,3642.5,3642.5,3605.6,3618.5
1667250000,3618.5,3681.6,3618.5,3657
1667336400,3657,3677.6,3582.5,3584.5
1667422800,3584.5,3600.3,3563.8,3589.8
1667509200,3589.8,3713.8,3583.8,3697.8
1667772000,3697.8,3720.8,3667.8,3709.8
1667858400,3709.8,3744.5,3695.8,3727.5
1667944800,3727.5,3742.6,3703.5,3704.5
1668031200,3704.5,3859,3702,3859
1668117600,3859,3898.5,3847.5,3892.5
1668376800,3892.5,3918.6,3870.5,3870.5
1668463200,3870.5,3935.6,3851.5,3884.5
1668549600,3884.5,3922.6,3861.5,3880.5
1668636000,3880.5,3912.6,3844.6,3897.5
1668722400,3897.5,3939.6,3892.6,3931.5
1668981600,3931.5,3931.5,3897,3922
1669068000,3922,3950,3903,3950
1669154400,3950,3953,3926.6,3946
1669240800,3946,3978,3946,3965
1669327200,3965,3974.4,3952.4,3963.3
1669586400,3963.3,3963.3,3923.3,3927.3
1669672800,3927.3,3963.3,3922.3,3949.3
1669759200,3949.3,4010.8,3941.3,4010.3
1669845600,4010.3,4018.3,3967.8,3982.8
1669932000,3982.8,3997.8,3938.8,3980.3
1670191200,3980.3,3982.8,3941.8,3949.8
1670277600,3949.8,3962.4,3919.5,3937.5
1670364000,3937.5,3947.5,3908.6,3931.5
1670450400,3931.5,3936.5,3902.6,3928.5
1670536800,3928.5,3947.5,3902.6,3922.5
1670796000,3922.5,3943.5,3910.6,3943.5
1670882400,3943.5,4035.6,3923.6,3977.5
1670968800,3977.5,3987.5,3943.7,3949.2
1671055200,3949.2,3971.7,3830.7,3841.7
1671141600,3841.7,3856.7,3786.8,3816.7
1671400800,3816.7,3834,3789.5,3798.5
1671487200,3798.5,3818.5,3747.5,3806.5
1671573600,3806.5,3877.5,3806.5,3867.5
1671660000,3867.5,3888.6,3797,3829.5
1671746400,3829.5,3843.5,3794.6,3822.5
1672092000,3822.5,3854.6,3821.5,3824.5
1672178400,3824.5,3840.6,3792.5,3793.5
1672264800,3793.5,3854.5,3787.5,3843.5
1672351200,3843.5,3843.5,3776.5,3782.5
1672610400,3782.5,3864,3780.1,3851.1
1672696800,3851.1,3921,3804.1,3886.3
1672783200,3886.3,3985.5,3882.3,3976
1672869600,3976,3981.5,3949.6,3963.5
1672956000,3963.5,4038.6,3951.2,4035.1
1673215200,4035.1,4081.8,4023.8,4047.7
1673301600,4047.7,4079.2,4031.7,4079.2
1673388000,4079.2,4119.7,4066.7,4119.7
1673474400,4119.7,4145.2,4101.2,4137.2
1673560800,4137.2,4170.7,4125.7,4169.2
1673820000,4169.2,4183.3,4144.4,4150.3
1673906400,4150.3,4193.4,4141.4,4176.8
1673992800,4176.8,4197.4,4149.8,4149.8
1674079200,4149.8,4158.4,4090.4,4106.3
1674165600,4106.3,4139.3,4097.8,4138.3
1674424800,4138.3,4160.2,4120.2,4160.2
1674511200,4160.2,4167.2,4129.2,4157.2
1674597600,4157.2,4167.2,4114.2,4165.2
1674684000,4165.2,4186.7,4158.2,4186.7
1674770400,4186.7,4186.7,4149.2,4171.2
1675029600,4171.2,4172.1,4117.2,4146.1
1675116000,4146.1,4182.1,4120.2,4181.6
1675202400,4181.6,4209.1,4151.1,4194.1
1675288800,4194.1,4248.1,4188.2,4240.1
1675375200,4240.1,4255.1,4201.2,4235.1
1675634400,4235.1,4235.1,4181.4,4205.4
1675720800,4205.4,4244.4,4188.4,4241.9
1675807200,4241.9,4249.4,4201.4,4217.4
1675893600,4217.4,4274.4,4217.4,4226.4
1675980000,4226.4,4233.2,4169.2,4205.7
1676239200,4205.7,4254.2,4180.2,4253.2
1676325600,4253.2,4281.2,4233.2,4268.7
1676412000,4268.7,4300.7,4233.2,4300.2
1676498400,4300.2,4316.2,4268.2,4286.2
1676584800,4286.2,4289.6,4230.6,4284.6
1676844000,4284.6,4292.4,4259.4,4265.4
1676930400,4265.4,4269.4,4207.4,4237.4
1677016800,4237.4,4254.9,4202.4,4237.4
1677103200,4237.4,4283.4,4237.4,4279.4
1677189600,4279.4,4283.4,4170.4,4193.4
1677448800,4193.4,4267.4,4192.4,4252.4
1677535200,4252.4,4267.4,4221.4,4231.4
1677621600,4231.4,4272.4,4200.4,4220.4
1677708000,4220.4,4260.9,4172.4,4259.4
1677794400,4259.4,4316.4,4249.4,4314.4
1678053600,4314.4,4322.4,4292.4,4304.4
1678140000,4304.4,4317.4,4262.4,4270.4
1678226400,4270.4,4299.4,4256.4,4292.4
1678312800,4292.4,4298.6,4234.5,4236.5
1678399200,4236.5,4249.6,4173,4181.5
1678654800,4181.5,4244.5,4070,4094.5
1678741200,4094.5,4189.6,4076.5,4173.5
1678827600,4173.5,4182.5,4014.6,4079.5
1678914000,4079.5,4151.5,4017.4,4148
1679000400,4148,4173,4046.6,4068.5
1679259600,4068.5,4152.2,3983.7,4147.2
1679346000,4147.2,4218.2,4141.2,4210.2
1679432400,4210.2,4229.8,4156.8,4166.8
1679518800,4166.8,4224.8,4153.3,4190.8
1679605200,4190.8,4200.7,4097.8,4159.7
1679864400,4159.7,4198.8,4147.2,4182.5
1679950800,4182.5,4214.6,4160.5,4173.5
1680037200,4173.5,4253.5,4173.5,4248.5
1680123600,4248.5,4304.6,4240.5,4292.5
1680210000,4292.5,4334.6,4286.6,4330.5
1680469200,4330.5,4337.6,4310.9,4332.5
1680555600,4332.5,4356.6,4313.5,4320.5
1680642000,4320.5,4328.6,4292.6,4310.5
1680728400,4310.5,4336.5,4293.1,4326.5
1681160400,4326.5,4356.5,4326.5,4343
1681246800,4343,4383.6,4333.6,4347.5
1681333200,4347.5,4387,4341.5,4384
1681419600,4384,4406.6,4376.6,4399.5
1681678800,4399.5,4411.6,4372.5,4389.5
1681765200,4389.5,4417.6,4382,4408.5
1681851600,4408.5,4413.5,4381.6,4411
1681938000,4411,4411.4,4374.6,4398
1682024400,4398,4427.5,4375.6,4425
1682283600,4425,4425,4395.2,4411.5
1682370000,4411.5,4411.5,4354.5,4355
1682456400,4355,4366.4,4329.7,4336.7
1682542800,4336.7,4391.6,4332.3,4391.6
1682629200,4391.6,4391.6,4311.4,4371
1682974800,4371,4378.8,4293.7,4316.7
1683061200,4316.7,4342.5,4305.5,4306.5
1683147600,4306.5,4309.7,4267.2,4295.7
1683234000,4295.7,4361.5,4287.8,4355.5
1683493200,4355.5,4358.6,4336.4,4356.5
1683579600,4356.5,4356.5,4307.2,4327.1
1683666000,4327.1,4336.2,4285.1,4308.1
1683752400,4308.1,4343.6,4282.6,4317.5
1683838800,4317.5,4345.6,4304.5,4320.5
1684098000,4320.5,4338.8,4303.6,4328.5
1684184400,4328.5,4330.6,4299.6,4305.5
1684270800,4305.5,4349.5,4293.6,4349.5
1684357200,4349.5,4383.1,4342.6,4382.1
1684443600,4382.1,4413.6,4379.6,4400.6
1684702800,4400.6,4400.6,4372.6,4386
1684789200,4386,4399,4318.5,4322
1684875600,4322,4327.5,4251,4262
1684962000,4262,4288.5,4250,4285.5
1685048400,4285.5,4347.7,4259,4344.7
1685307600,4344.7,4359.8,4314.8,4318.3
1685394000,4318.3,4339,4280.9,4289.9
1685480400,4289.9,4289.9,4209,4233.9
1685566800,4233.9,4271,4224.6,4262.5
1685653200,4262.5,4330.5,4262.5,4327
1685912400,4327,4335.6,4280,4288
1685998800,4288,4307,4275.6,4306.5
1686085200,4306.5,4308.5,4272.6,4287.5
1686171600,4287.5,4310,4271.5,4309.5
1686258000,4309.5,4309.5,4274.6,4294.5
1686517200,4294.5,4334,4294.5,4332
1686603600,4332,4354,4308.6,4352
1686690000,4352,4388.8,4342,4369.2
1686776400,4369.2,4376.5,4332.6,4372.5
1686862800,4372.5,4410,4360.5,4384.5
1687122000,4384.5,4385.6,4356.5,4363.5
1687208400,4363.5,4365.6,4337.6,4348.5
1687294800,4348.5,4350.5,4315.6,4316.5
1687381200,4316.5,4316.5,4258.6,4306.5
1687467600,4306.5,4306.5,4247.6,4265.5
1687726800,4265.5,4294.6,4234.6,4282.5
1687813200,4282.5,4329.5,4270.6,4325.5
1687899600,4325.5,4356.5,4317.5,4347.5
1687986000,4347.5,4372,4340.5,4362.5
1688072400,4362.5,4413,4353.6,4412.5
1688331600,4412.5,4421,4398,4409
1688418000,4409,4414,4387.5,4387.5
1688504400,4387.5,4387.9,4342.6,4349.5
1688590800,4349.5,4349.5,4210.6,4232.5
1688677200,4232.5,4258,4195,4236.4
1688936400,4236.4,4274,4208.9,4260
1689022800,4260,4303,4259,4302
1689109200,4302,4369.4,4298,4357.3
1689195600,4357.3,4411.4,4357.3,4398.3
1689282000,4398.3,4411.4,4382.3,4383.3
1689541200,4383.3,4383.3,4342.4,4366.3
1689627600,4366.3,4384.5,4345.6,4383.5
1689714000,4383.5,4405.6,4358,4362.5
1689800400,4362.5,4381.7,4339.6,4360.2
1689886800,4360.2,4397.5,4354.2,4393.5
1690146000,4393.5,4393.5,4363.2,4386.5
1690232400,4386.5,4399.6,4374,4375.5
1690318800,4375.5,4379.5,4311.6,4352.5
1690405200,4352.5,4460.5,4352.5,4418.5
1690491600,4418.5,4477.6,4413,4465.5
1690750800,4465.5,4494.6,4453.5,4476
1690837200,4476,4479.7,4402.5,4413.5
1690923600,4413.5,4413.5,4323,4329.5
1691010000,4329.5,4341.5,4276.6,4310.5
1691096400,4310.5,4344.5,4287.6,4304.5
1691355600,4304.5,4352,4304,4349
1691442000,4349,4351.5,4259,4313.5
1691528400,4313.5,4356.6,4312,4325
1691614800,4325,4403.6,4325,4365.5
1691701200,4365.5,4376.8,4309.6,4327
1691960400,4327,4344.6,4298.5,4339.5
1692046800,4339.5,4350,4262,4276.3
1692133200,4276.3,4305.8,4257.8,4262.1
1692219600,4262.1,4277.6,4210,4213.5
1692306000,4213.5,4228.5,4174,4218
1692565200,4218,4264.6,4209,4243.5
1692651600,4243.5,4293.6,4236.5,4252.5
1692738000,4252.5,4295.6,4249.2,4272.2
1692824400,4272.2,4323.2,4215.5,4216.5
1692910800,4216.5,4270.2,4216,4258.2
1693170000,4258.2,4305.5,4256.6,4301.5
1693256400,4301.5,4337.9,4291.6,4336.9
1693342800,4336.9,4350.9,4295.4,4319.3
1693429200,4319.3,4337.8,4285.7,4298.7
1693515600,4298.7,4320.2,4276.2,4292.2
1693774800,4292.2,4323.6,4271.6,4280.6
1693861200,4280.6,4288.2,4234.6,4266.1
1693947600,4266.1,4268.1,4224.6,4241.5
1694034000,4241.5,4253,4209,4225.9
1694120400,4225.9,4244.4,4178.4,4236.4
1694379600,4236.4,4279.8,4232.4,4263.4
1694466000,4263.4,4266.4,4228.4,4239.4
1694552400,4239.4,4242.9,4196.4,4213.4
1694638800,4213.4,4302.6,4201.8,4298.6
1694725200,4298.6,4330.8,4284,4288
1694984400,4288,4296.2,4237,4249
1695070800,4249,4267.4,4230.5,4252.3
1695157200,4252.3,4291.2,4238.7,4257.2
1695243600,4257.2,4257.2,4185.8,4186.8
1695330000,4186.8,4220.8,4176.4,4189.7
1695589200,4189.7,4214.8,4145.2,4174.2
1695675600,4174.2,4174.2,4115.2,4120.2
1695762000,4120.2,4155.2,4104.5,4135.5
1695848400,4135.5,4176.2,4106.2,4164.2
1695934800,4164.2,4217.2,4151.2,4163.2
1696194000,4163.2,4206.2,4112.6,4126.6
1696280400,4126.6,4147.6,4088.5,4095.5
1696366800,4095.5,4129,4061.6,4117
1696453200,4117,4129,4091.6,4113.6
1696539600,4113.6,4168.9,4094,4161.9
1696798800,4161.9,4161.9,4097.6,4133.6
1696885200,4133.6,4212.2,4133.6,4183.1
1696971600,4183.1,4220.2,4172.2,4210.1
1697058000,4210.1,4236.2,4169.1,4186.6
1697144400,4186.6,4199.1,4120.1,4127.1
1697403600,4127.1,4166,4108.6,4157
1697490000,4157,4170.5,4112.6,4157.5
1697576400,4157.5,4163.6,4088.5,4094.5
1697662800,4094.5,4110.6,4057.7,4064.7
1697749200,4064.7,4068.6,4022.5,4023.5
1698008400,4023.5,4050.8,3993.8,4025.8
1698094800,4025.8,4076.8,4019.8,4072.8
1698181200,4072.8,4086.6,4040.8,4051.5
1698267600,4051.5,4067.6,4016.6,4036.5
1698354000,4036.5,4070,3989.5,4000.5
1698613200,4000.5,4052.6,4000.5,4041.5
1698699600,4041.5,4074.8,4017.7,4070.5
1698786000,4070.5,4113.2,4049.8,4112.2
1698872400,4112.2,4190.2,4112.2,4189.2
1698958800,4189.2,4197.2,4164.2,4178.5
1699221600,4178.5,4190.6,4147,4160
1699308000,4160,4167.6,4135.6,4151.5
1699394400,4151.5,4200,4132.6,4185
1699480800,4185,4236.4,4177.5,4205.3
1699567200,4205.3,4232.8,4176.8,4230.8
1699826400,4230.8,4240.1,4201.8,4237.1
1699912800,4237.1,4307.6,4230.2,4295.5
1699999200,4295.5,4329,4293.5,4313.9
1700085600,4313.9,4324,4300.9,4317.4
1700172000,4317.4,4349.7,4309.4,4346.7
1700431200,4346.7,4356.2,4329.8,4350.7
1700517600,4350.7,4353.2,4330.8,4337.7
1700604000,4337.7,4358.8,4333.7,4356.7
1700690400,4356.7,4364.6,4349.7,4363.6
1700776800,4363.6,4378.3,4353.9,4373.3
1701036000,4373.3,4377.4,4354.8,4355.8
1701122400,4355.8,4358.8,4328.8,4344.8
1701208800,4344.8,4384.8,4342.3,4372.7
1701295200,4372.7,4397.2,4360.8,4395.7
1701381600,4395.7,4431.1,4391.7,4426.6
1701640800,4426.6,4429.1,4403.6,4428.1
1701727200,4428.1,4460.6,4406.1,4455.1
1701813600,4455.1,4498,4455.1,4471.5
1701900000,4471.5,4483.5,4463,4481.5
1701986400,4481.5,4534,4476.6,4531
1702245600,4531,4548,4519,4545
1702332000,4545,4563,4535,4547
1702418400,4547,4571,4523.5,4569.5
1702504800,4569.5,4593.6,4519.6,4546.5
1702591200,4546.5,4585.6,4538,4541.5
1702850400,4541.5,4551,4519,4535
1702936800,4535,4554.7,4528,4551.7
1703023200,4551.7,4562.7,4501.2,4504.2
1703109600,4504.2,4542.7,4504.2,4542.2
1703196000,4542.2,4542.2,4510.2,4527.2
1703628000,4527.2,4555.2,4524.2,4544.7
1703714400,4544.7,4558.7,4515.8,4520.3
1703800800,4520.3,4541.8,4516.8,4536.3
1704146400,4536.3,4571.8,4485.4,4503.3
1704232800,4503.3,4518.4,4434.4,4450.8
1704319200,4450.8,4479.8,4440.8,4459.8
1704405600,4459.8,4476.8,4420.8,4460.3
1704664800,4460.3,4510.3,4438.8,4508.8
1704751200,4508.8,4508.8,4448.5,4468.5
1704837600,4468.5,4489,4453.5,4483
1704924000,4483,4513,4440.3,4471.3
1705010400,4471.3,4495.3,4459.8,4485.8
1705269600,4485.8,4500.8,4453,4460
1705356000,4460,4460,4416,4437
1705442400,4437,4438,4382,4405
1705528800,4405,4473.7,4395,4472.7
1705615200,4472.7,4486.7,4439,4476
1705874400,4476,4497.6,4465.6,4478
1705960800,4478,4501,4458.5,4481.5
1706047200,4481.5,4580.2,4481.5,4559.7
1706133600,4559.7,4600.1,4547.1,4600.1
1706220000,4600.1,4640.1,4577.1,4635.6
1706479200,4635.6,4662.5,4620.8,4659.5
1706565600,4659.5,4671,4643.5,4667
1706652000,4667,4677,4630.9,4635.9
1706738400,4635.9,4662.9,4614.4,4661.4
1706824800,4661.4,4679.4,4650.5,4667.5
1707084000,4667.5,4676.2,4638.6,4669.2
1707170400,4669.2,4700.2,4662.2,4699.2
1707256800,4699.2,4706.2,4679.2,4692.2
1707343200,4692.2,4722.2,4683.2,4708.2
1707429600,4708.2,4734.2,4695.2,4729.2
1707688800,4729.2,4749.5,4721.2,4734.5
1707775200,4734.5,4737.3,4656,4672
1707861600,4672,4725.5,4672,4725.5
1707948000,4725.5,4763.9,4719.5,4760.9
1708034400,4760.9,4782.9,4746.9,4748.9
1708293600,4748.9,4765.9,4742.9,4761.9
1708380000,4761.9,4767.5,4745.9,4764.5
1708466400,4764.5,4795,4757.5,4791
1708552800,4791,4871.5,4791,4867
1708639200,4867,4882,4850,4871
1708898400,4871,4871.7,4856.3,4864.7
1708984800,4864.7,4889.7,4852.7,4886.7
1709071200,4886.7,4889.8,4874.7,4880.8
1709157600,4880.8,4898.8,4865.4,4898.4
1709244000,4898.4,4912.4,4872.9,4907.9
1709503200,4907.9,4921.4,4896.9,4912.9
1709589600,4912.9,4914,4866,4883
1709676000,4883,4929,4880,4919
1709762400,4919,4989,4889,4979.5
1709848800,4979.5,4990,4936,4940
1710104400,4940,4945,4913.3,4938.8
1710190800,4938.8,4993.3,4920.3,4992.3
1710277200,4992.3,5017.3,4979.3,5006.4
1710363600,5006.4,5031.4,4990,5007.5
1710450000,5007.5,5043.5,5001.5,5021.5
1710709200,5021.5,5026.7,4995.7,5000.7
1710795600,5000.7,5033.7,4987.2,5017.7
1710882000,5017.7,5066.5,4999.2,5066
1710968400,5066,5085,5041,5064
1711054800,5064,5064.4,5026.4,5053.4
1711314000,5053.4,5072.4,5031.4,5059.4
1711400400,5059.4,5094.5,5055.4,5079
1711486800,5079,5119.5,5079,5118.5
1711573200,5118.5,5123.5,5101.5,5110
1712005200,5110,5139.5,5052.5,5069.5
1712091600,5069.5,5089.5,5044.5,5080.5
1712178000,5080.5,5104,5019,5026
1712264400,5026,5045,5000,5035
1712523600,5035,5072.8,5020.8,5055.8
1712610000,5055.8,5060.8,4998.8,5023.8
1712696400,5023.8,5056.8,4966.8,5015.8
1712782800,5015.8,5027,4949.5,5013.5
1712869200,5013.5,5041.7,4941.7,4950.7
1713128400,4950.7,5054.8,4950.7,4963.8
1713214800,4963.8,4963.8,4913.5,4942.5
1713301200,4942.5,4986,4905.5,4928
1713387600,4928,4965.5,4922,4932
1713474000,4932,4949,4827,4922
1713733200,4922,4988.5,4922,4971.5
1713819600,4971.5,5039.5,4961.9,5029.5
1713906000,5029.5,5050.9,4991.9,5006.9
1713992400,5006.9,5006.9,4909.9,4965.9
1714078800,4965.9,5030.5,4962.5,5020.5
1714338000,5020.5,5040,4979,4990
1714424400,4990,4997.6,4909.6,4909.6
1714597200,4909.6,4926.6,4893.6,4909.5
1714683600,4909.5,4957.5,4904.5,4938.5
1714942800,4938.5,4980.5,4928.2,4978.5
1715029200,4978.5,5031.5,4975.5,5023.5
1715115600,5023.5,5057.5,5015.5,5052.5
1715202000,5052.5,5068.7,5017.7,5066.7
1715288400,5066.7,5103.2,5064.2,5090.2
1715547600,5090.2,5093,5073.5,5080.5
1715634000,5080.5,5097.5,5059,5096.5
1715720400,5096.5,5111.5,5079.4,5111.5
1715806800,5111.5,5112,5057.5,5058.5
1715893200,5058.5,5073.5,5042.5,5073.5
1716152400,5073.5,5088.5,5069.5,5072.5
1716238800,5072.5,5072.5,5030.4,5058.4
1716325200,5058.4,5062.4,5008.4,5025.4
1716411600,5025.4,5069.4,4999.4,5011.4
1716498000,5011.4,5045.4,4996.4,5041.4
1716757200,5041.4,5066.4,5032.4,5065.4
1716843600,5065.4,5075.3,5017.3,5034.3
1716930000,5034.3,5039.3,4956.3,4970.3
1717016400,4970.3,4996.6,4941.1,4990.6
1717102800,4990.6,5010.6,4965.6,5007.6
1717362000,5007.6,5037.6,4973.6,4995.6
1717448400,4995.6,5002.6,4938.6,4967.6
1717534800,4967.6,5056,4967.6,5055
1717621200,5055,5083,5049,5071.5
1717707600,5071.5,5077.5,5016.5,5042.5
1717966800,5042.5,5042.5,4967.9,5021.9
1718053200,5021.9,5033.9,4937.9,4967.9
1718139600,4967.9,5039.9,4967.9,5031.9
1718226000,5031.9,5034.9,4925.5,4948
1718312400,4948,4958,4817,4837
1718571600,4837,4907.7,4837,4906.2
1718658000,4914.2,4929.7,4882.2,4921.2
1718744400,4920.5,4925.5,4874.5,4881.5
1718830800,4880.5,4950.5,4877.5,4943.5
1718917200,4944.5,4948.5,4892.5,4914.5
1719176400,4921.5,4972,4894.5,4939
1719262800,4941,4955.5,4915.5,4952.5
1719349200,4948.5,4982.5,4892.5,4928.5
1719435600,4907.5,4938.5,4897.5,4913
1719522000,4923,4932,4882,4901
1719781200,4937,4988,4927.5,4946.5
1719867600,4940.5,4940.5,4873,4921
1719954000,4924,4984,4924,4981
1720040400,4977.1,4999.1,4969.1,4999.1
1720126800,4994.1,5023.6,4962.1,4988.6
1720386000,4968.6,5033.1,4959.6,4968.1
1720472400,4977.1,4977.1,4898,4909
1720558800,4915,4982.5,4900,4981.5
1720645200,4980.5,5013.1,4965.5,4975.1
1720731600,4977.1,5058.1,4977.1,5033.1
1720990800,5034.1,5043.1,4967.1,4973.1
1721077200,4977.1,4983.1,4942.1,4971.1
1721163600,4965.4,4966.4,4880.9,4887.9
1721250000,4904.9,4928.8,4859.8,4873.8
1721336400,4877.8,4889.8,4824.3,4832.8
1721595600,4845.2,4923.5,4831.2,4920.5
1721682000,4922.5,4952.5,4898.5,4903.5
1721768400,4895.5,4900.5,4831.5,4834.5
1721854800,4844.5,4852.5,4766.5,4811.7
1721941200,4820.7,4882.2,4809.7,4876.7
1722200400,4885.9,4898.9,4809.9,4825.9
1722286800,4812.9,4865.5,4800.9,4848.5
1722373200,4846.5,4927.5,4841.5,4877.5
1722459600,4887.5,4893.5,4735.2,4753.2
1722546000,4734.2,4747.7,4625.2,4657.2
1722805200,4604.5,4632.5,4470.5,4570
1722891600,4606.5,4643,4536.7,4581.7
1722978000,4566.7,4686.5,4565.7,4606.5
1723064400,4602.5,4686.5,4594.5,4678.5
1723150800,4668.8,4702.8,4644.8,4686.8
1723410000,4686.8,4699.8,4655.8,4664.8
1723496400,4666.8,4712,4656.8,4711
1723582800,4708.5,4735.5,4700,4733.5
1723669200,4733,4828,4725,4825
1723755600,4826,4850,4814,4842
1724014800,4849,4883.5,4834,4877.5
1724101200,4875.5,4900,4842,4853.5
1724187600,4857,4892.5,4851,4891.5
1724274000,4899.5,4912.5,4863.5,4863.5
1724360400,4871.5,4919.5,4869.5,4906.5
1724619600,4893.5,4910.5,4887.5,4895.5
1724706000,4893.2,4915.2,4893.2,4903.2
1724792400,4901.2,4933.2,4894.2,4913.2
1724878800,4901.2,4980.2,4898.2,4944.2
1724965200,4945.2,4979.2,4939.2,4968.2
1725224400,4958.2,4977,4920.2,4976.5
1725310800,4967.5,4987.5,4874.7,4884.7
1725397200,4883.7,4885.2,4833.7,4846.5
1725483600,4851.5,4855,4807,4817
1725570000,4812,4830.5,4723.5,4726.5
1725829200,4738.5,4800,4734.5,4791
1725915600,4781,4804,4724,4762
1726002000,4750,4820.1,4735.1,4818.6
1726088400,4817.1,4836.1,4780.1,4826.1
1726174800,4829.1,4854.2,4815.1,4844.2
1726434000,4847.2,4853.2,4819.2,4850.2
1726520400,4843.2,4881.1,4834.1,4854.1
1726606800,4859.1,4891.1,4829.1,4847.1
1726693200,4874.1,4962.5,4859.1,4945.5
1726779600,4933.5,4941.5,4872.5,4879.5
1727038800,4880.7,4903.7,4857.7,4901.7
1727125200,4901.7,4959.7,4893.2,4942.7
1727211600,4937,4939,4908,4917
1727298000,4935,5052.5,4932,5050.5
1727384400,5044.5,5077.5,5029.5,5054.5
1727643600,5071.5,5082.5,4996.5,5018.5
1727730000,5013.5,5025.5,4936.5,4961.5
1727816400,4958.5,4988.5,4936,4965.5
1727902800,4957.5,4959.5,4912.2,4923.2
1727989200,4917.2,4986.2,4914.2,4986.2
1728248400,4978.2,4995.2,4935.2,4960
1728334800,4966.6,4969.6,4913.6,4967.6
1728421200,4966.1,4997.6,4934.6,4995.6
1728507600,4991.6,4999.1,4951.6,4979.6
1728594000,4985.6,5012.6,4955.6,5008.6
1728853200,4999.6,5060.5,4993.6,5057.5
1728939600,5059.6,5067.6,4919.1,4933.6
1729026000,4934.6,4937.6,4900.6,4923.9
1729112400,4917.9,4978.4,4905.9,4947.4
1729198800,4944.4,4992.4,4928.9,4989.4
1729458000,4989.2,4992.2,4940.2,4952.2
1729544400,4954.2,4968.2,4914.5,4949.5
1729630800,4947,4952.5,4903.5,4918.5
1729717200,4916.5,4973.5,4913.5,4935.5
1729803600,4937.5,4957.5,4915.5,4931.5
1730062800,4961.5,4987,4935.5,4979
1730149200,4972.1,5005.1,4950.9,4953.9
1730235600,4951.7,4958.2,4869.7,4882.7
1730322000,4877.5,4881.5,4805.5,4833.1
1730408400,4831.1,4894.5,4819.1,4867.5
1730671200,4853.5,4897.5,4840.5,4846.5
1730757600,4843.5,4886.5,4840.5,4876
1730844000,4874,4951,4788.7,4810.7
1730930400,4814.7,4878.7,4787.7,4873.7
1731016800,4874.7,4876.2,4791.7,4813.7
1731276000,4824.7,4880.5,4813.7,4845.5
1731362400,4841.5,4849,4728.5,4751
1731448800,4741.5,4763.7,4700.7,4750.7
1731535200,4753.7,4839.7,4729.7,4815.7
1731621600,4811.7,4833.7,4776.7,4798.7
1731880800,4787.8,4804.8,4754.8,4776.8
1731967200,4785.8,4807.8,4689.5,4753.5
1732053600,4766.5,4792.5,4718.7,4751.7
1732140000,4747.7,4771.5,4689.7,4771.5
1732226400,4763.5,4803.5,4722.5,4797.5
1732485600,4822.8,4834.8,4779.6,4789.1
1732572000,4755.1,4795.6,4743.1,4758.6
1732658400,4762.6,4769.1,4708.1,4744.1
1732744800,4754.1,4782.1,4744.1,4764.1
1732831200,4756.1,4813.8,4737.1,4798.8
1733090400,4783.8,4858.8,4750.8,4854.8
1733176800,4856.8,4903.8,4847.8,4881.2
1733263200,4880.2,4933.2,4873.7,4912.7
1733349600,4910.2,4957.7,4906.2,4942.2
1733436000,4935.2,4986.2,4934.2,4974.7
1733695200,4972.2,5006.7,4965.2,4974.8
1733781600,4969.8,4981.8,4943.3,4944.8
1733868000,4943.8,4975.8,4939.8,4972.8
1733954400,4966.8,4974.8,4952.8,4957.8
1734040800,4961.8,4994.8,4952.8,4969.8
1734300000,4970.8,4978.8,4940.8,4946.9
1734386400,4947.9,4969.3,4925.9,4945.3
1734472800,4945.3,4972.3,4883.8,4892.3
1734559200,4891.8,4909.3,4867.3,4876.5
1734645600,4867.5,4891.5,4811.5,4863.5
1734904800,4872.5,4888.5,4841.5,4888.5
1735250400,4909,4909,4855.5,4901.5
1735509600,4902.5,4914.5,4856.5,4870.5
1735768800,4849.9,4930.5,4842.9,4898.5
1735855200,4898.5,4923.5,4865.5,4882.5
1736114400,4882.5,5003.5,4880.5,4968.5
1736200800,4971.5,5039.5,4963.5,5007.5
1736287200,5004.8,5042.8,4971.8,5000.3
1736373600,4988.8,5028.8,4971.8,5024.8
1736460000,5004.9,5036.9,4973.9,4991.9
1736719200,4989.9,4993.4,4921.5,4983.5
1736805600,5000.8,5022.3,4974.3,4989.3
1736892000,4998.3,5059.3,4980.3,5039.3
1736978400,5046.3,5120.3,5032.3,5107.3
1737064800,5107.3,5165.3,5104.3,5150.3
1737324000,5144.9,5190.9,5130.4,5172.9
1737410400,5185.4,5185.9,5136.9,5183.9
1737496800,5187.9,5235.5,5177.9,5199
1737583200,5198,5241.5,5189.5,5241.5
1737669600,5243,5265.5,5212.5,5215.5
1737928800,5196.5,5214.5,5134.5,5211.5
1738015200,5210.5,5224.5,5178,5214
1738101600,5215,5258,5208,5241
1738188000,5245,5311.5,5241.5,5288.5
1738274400,5288.5,5319.5,5254.5,5261.5
1738533600,5164.2,5233.7,5106.2,5211.2
1738620000,5228.2,5274.5,5179.2,5265.5
1738706400,5264.5,5297.5,5244,5293
1738792800,5296.5,5369.5,5289.5,5353
1738879200,5350.5,5364.5,5316.5,5318
1739138400,5324.1,5372.6,5323.6,5371.6
1739224800,5361.6,5413.1,5358.6,5408.6
1739311200,5406.1,5454.6,5365.1,5449.6
1739397600,5454.6,5504.6,5438.6,5471.6
1739484000,5466.5,5525,5466.5,5485
1739743200,5491.8,5531.8,5485.8,5531.8
1739829600,5524.8,5548.5,5507.8,5540.5
1739916000,5536.5,5543.5,5450.5,5460.5
1740002400,5449.5,5502.5,5449.5,5466.5
1740088800,5467.8,5490.8,5429.8,5443.8
1740348000,5455.8,5516.8,5423.8,5424.8
1740434400,5424.8,5485.9,5413.8,5467.4
1740520800,5472.9,5536.9,5465.9,5487.9
1740607200,5500.4,5511.4,5429.6,5432.6
1740693600,5434.6,5473.6,5390.6,5461.6
1740952800,5480.1,5570.6,5433.6,5507
1741039200,5505,5517,5371,5447
1741125600,5481,5546,5444,5536
1741212000,5529,5566.5,5453,5482
1741298400,5490,5529,5435,5525.5
1741554000,5497,5515.5,5339,5385
1741640400,5360,5429,5284,5335
1741726800,5351,5409,5319,5353.5
1741813200,5367,5387.5,5303.5,5314
1741899600,5333.5,5429.5,5312.5,5420
1742158800,5398.5,5476.5,5384.5,5468.5
1742245200,5469.5,5501.5,5456.5,5483
1742331600,5492.5,5529.5,5449.5,5514.5
1742418000,5519,5529.5,5430.5,5460.5
1742504400,5462.8,5465.8,5406.5,5438.5
1742763600,5461.7,5492.7,5424.7,5443.7
1742850000,5441.7,5520.7,5419.7,5509.7
1742936400,5507.1,5517.1,5397.1,5408.1
1743022800,5392.1,5419.1,5358.1,5396.1
1743109200,5385.1,5398.6,5333.1,5342.1
1743368400,5322.6,5323.1,5236.1,5300.1
1743454800,5282.1,5348.1,5275.1,5332.1
1743541200,5332.1,5341,5276.5,5332.5
1743627600,5232,5238.5,5114,5118.5
1743714000,5119,5128.5,4840.5,4841.5
1743973200,4704,4995.5,4528.5,4714
1744059600,4771.1,4848.6,4579.5,4645.5
1744146000,4568.5,5084.5,4559,5042.5
1744232400,5072.3,5075.3,4742.3,4869.3
1744318800,4812.4,4910.4,4743.4,4893.4
1744578000,4918.4,4956.4,4865.4,4912.4
1744664400,4909.4,4999.4,4900.4,4978.4
1744750800,4953.9,4986.4,4891.4,4916.9
1744837200,4929.4,4994.9,4922.9,4955.4
1745269200,4895.9,5012.5,4895.4,5004.5
1745355600,5055.5,5149.5,5031,5116.5
1745442000,5115.5,5152.5,5057.5,5151.5
1745528400,5152.5,5202.5,5140.5,5202.5
1745787600,5191.3,5215.3,5165.3,5193.3
1745874000,5183.6,5196.6,5151.6,5190.6
1745960400,5185.1,5203.6,5115.6,5192.6
1746133200,5204.5,5313.5,5200,5307.5
1746392400,5273.3,5306.3,5264.3,5289.8
1746478800,5290.8,5301.8,5216.8,5250.8
1746565200,5267,5287,5222,5263.5
1746651600,5249.1,5325.2,5247.6,5304.2
1746738000,5285.7,5329.7,5282.7,5323.2
1746997200,5356.1,5427.1,5345.1,5416.5
1747083600,5401.8,5426.8,5364.8,5415.8
1747170000,5405.4,5425.4,5377.4,5404.9
1747256400,5400.5,5426.5,5366.5,5419.5
1747342800,5423,5454,5410.5,5450.5
1747602000,5414.2,5453.2,5382.2,5450.2
1747688400,5456.2,5470.6,5422.2,5461.6
1747774800,5460.6,5464.6,5399.6,5411.6
1747861200,5408.6,5445.6,5385.6,5428.6
1747947600,5434.6,5442.1,5250.6,5323.6
1748206800,5402.6,5419.6,5382.6,5398.6
1748293200,5389,5438,5380,5427
1748379600,5424,5429,5375,5385
1748466000,5419,5459.5,5348,5370.5
1748552400,5364,5403,5331.4,5372.4
1748811600,5364.9,5386.4,5306.4,5386.4
1748898000,5379.4,5387.7,5326.4,5386.7
1748984400,5386.7,5425.7,5381.7,5404.7
1749070800,5406.7,5438.5,5374.5,5388
1749157200,5395.5,5436.5,5391.5,5430.5
1749416400,5427.9,5428.9,5394.9,5409.1
1749502800,5409.6,5432.1,5395.1,5419.4
1749589200,5419.4,5434.9,5368.4,5375.4
1749675600,5368.4,5383,5326.4,5363
1749762000,5298.5,5310,5242.5,5269
1750021200,5283,5345.2,5269.5,5319.2
1750107600,5298.2,5313.7,5259.7,5264.7
1750194000,5270.7,5301.2,5253.2,5266.2
1750280400,5260.9,5261.4,5188.4,5217.9
1750366800,5232.9,5281.9,5216.9,5224.9
1750626000,5196.9,5257.8,5185.4,5257.8
1750712400,5294.8,5335.8,5276.3,5318.8
1750798800,5319.8,5323.8,5248.8,5255.8
1750885200,5260.8,5277.8,5224.8,5267.8
1750971600,5275.8,5342.8,5269.8,5335.8
1751230800,5346.8,5351.8,5298.8,5315.8
1751317200,5314.8,5321.8,5267.8,5294.8
1751403600,5295.8,5328.8,5286.3,5328.8
1751490000,5328.8,5349.8,5302.8,5340.8
1751576400,5325.4,5330.4,5264.9,5273.9
1751835600,5293.9,5357,5281.4,5323.5
1751922000,5329,5394,5329,5389
1752008400,5380,5473,5376,5473
1752094800,5460,5474.5,5438,5445
1752181200,5440,5440,5371,5380.7
1752440400,5358.7,5388.7,5329.7,5383.7
1752526800,5386.7,5403.7,5354.7,5356.7
1752613200,5344.2,5366.2,5291.2,5351.2
1752699600,5345.2,5391.6,5340.2,5388.6
1752786000,5390.6,5408.6,5340.9,5345.9
1753045200,5348.1,5364.1,5321.1,5327.1
1753131600,5333.1,5335.1,5280.1,5303.6
1753218000,5313.4,5422.3,5304.9,5420.8
1753304400,5425.8,5427.8,5341,5350
1753390800,5359,5380.5,5319,5377.5
1753650000,5414.3,5434.3,5330.9,5343.9
1753736400,5345.9,5416.2,5343.9,5383.2
1753822800,5387.2,5409.5,5365.2,5402.5
1753909200,5409,5426.5,5301.8,5316.8
1753995600,5305.8,5320.3,5156,5181
1754254800,5182.9,5248.4,5180.4,5247.4
1754341200,5244.4,5274.4,5236.9,5252.9
1754427600,5256.9,5286.9,5249.4,5267.1
1754514000,5278.1,5357.1,5269.1,5336.1
1754600400,5352.4,5371.9,5327.4,5360.9
1754859600,5367.9,5374.9,5327.7,5339.7
1754946000,5342.7,5362.7,5314,5356
1755032400,5359,5404,5352,5402
1755118800,5402,5457.5,5377,5455.5
1755205200,5454.5,5475.5,5447.5,5461.5
1755464400,5473.5,5475.5,5412.5,5445.5
1755550800,5446.5,5491.8,5439.5,5466.8
1755637200,5462.3,5494.1,5449.8,5480.1
1755723600,5478.1,5487.1,5440.1,5461.1
1755810000,5457.1,5513.6,5446.1,5488.6
1756069200,5492.6,5492.6,5437.5,5438.5
1756155600,5430.2,5437.2,5376.2,5402.6
1756242000,5401.6,5411.6,5366.9,5398.9
1756328400,5385.9,5430.9,5376.9,5402.1
1756414800,5396.1,5403.6,5347.5,5358.5
1756674000,5376.5,5378.5,5357.5,5368.5
1756760400,5366,5379.5,5286,5323.5
1756846800,5325.5,5344,5304.5,5331
1756933200,5338,5360.2,5312,5358.2
1757019600,5365.2,5375.2,5300.2,5329.2
1757278800,5341.2,5370.3,5330.2,5362.3
1757365200,5361.3,5388.3,5345.3,5384.6
1757451600,5386.6,5413.6,5352.6,5358.6
1757538000,5359.6,5405.2,5352.6,5401.2
1757624400,5397.2,5401.5,5358.2,5398.5
1757883600,5394.5,5447.5,5387.5,5441
1757970000,5435.5,5451,5370.7,5386.7
1758056400,5384.7,5394.7,5355.7,5374.7
1758142800,5380.2,5475,5372.2,5467
1758229200,5467,5503,5455,5474.2
1758488400,5476.4,5481.4,5433.4,5459.4
1758574800,5462.4,5503,5452.9,5466
1758661200,5460,5490.8,5457,5474.3
1758747600,5481.3,5483.3,5421.3,5470.7
1758834000,5460.9,5511.1,5452.9,5511.1
1759093200,5517.1,5542.1,5502.9,5516.9
1759179600,5519.9,5555.9,5490.9,5550.9
1759266000,5538.2,5625.2,5510.2,5617.2
1759352400,5618.2,5682.6,5614.2,5662.6
1759438800,5665.6,5677.6,5648.4,5660.4
1759698000,5673.9,5675.9,5611.9,5639.9
1759784400,5634.9,5651.2,5609.2,5614.2
1759870800,5612.2,5665.5,5607.2,5656.5
1759957200,5657.5,5671.5,5620.5,5630.5
1760043600,5637.5,5655.5,5504.5,5512.5
1760302800,5556.5,5597.5,5546.5,5581.5
1760389200,5585.7,5616.9,5491.7,5599.9
1760475600,5601.9,5647.9,5565.9,5603.9
1760562000,5604.9,5662.9,5590.9,5630.9
1760648400,5622.9,5652.9,5558.9,5649.9
1760907600,5630.9,5704.2,5630.9,5699.2
1760994000,5705.2,5713.2,5678.4,5679.4
1761080400,5675.4,5692.4,5609.4,5641.4
1761166800,5640.4,5686.4,5628.4,5680.4
1761253200,5683.9,5705.4,5655,5670.5
1761512400,5709.5,5719.5,5688.5,5717.5
1761598800,5714.6,5718.1,5690.6,5706.1
1761685200,5704.1,5741.1,5684.4,5709.4
1761771600,5715.8,5732.8,5670.1,5699.1
1761858000,5702.1,5704.6,5650.6,5666.1
1762120800,5678.6,5709.6,5660.6,5684.6
1762207200,5674.6,5674.6,5580.6,5641.1
1762293600,5626.6,5691.9,5570.6,5681.9
1762380000,5680.9,5680.9,5604.1,5616.1
1762466400,5621.1,5639.1,5558.6,5620.7
1762725600,5637.7,5704.3,5634.7,5702.3
1762812000,5699.3,5750.3,5683.3,5743.3
1762898400,5746.3,5809.3,5744.8,5795.3
1762984800,5796.3,5822.3,5712,5729
1763071200,5733.5,5743,5635,5686
1763330400,5685,5706,5594.5,5617.5
1763416800,5618.3,5618.3,5512.3,5548.3
1763503200,5539.3,5588.3,5509.3,5570.3
1763589600,5609.3,5629.3,5484.3,5489.3
1763676000,5501.3,5564.3,5475.3,5544.3
1763935200,5549.7,5563.7,5504.7,5531.7
1764021600,5525.7,5604.2,5509.7,5600.2
1764108000,5606.2,5665.2,5589.2,5656.2
1764194400,5656.2,5668.2,5639.2,5655.2
1764280800,5663.2,5682.2,5641.2,5675.2
1764540000,5671.7,5688.2,5623.2,5669.2
1764626400,5667.3,5712.3,5663.8,5702.3
1764712800,5703.3,5728.3,5677.6,5716.6
1764799200,5722.6,5733.6,5704.6,5719.9
1764885600,5719.9,5750.9,5717.9,5719.9
1765144800,5720.9,5736.1,5710.9,5719.1
1765231200,5726.1,5755.1,5707.1,5708.6
1765317600,5711.1,5745.7,5693.1,5737.7
1765404000,5733.7,5779,5683.7,5773
1765490400,5773,5796,5714.3,5729.3
1765749600,5734.3,5764.3,5732.3,5752.3
1765836000,5748.3,5758.3,5705.6,5733.6
1765922400,5720.6,5747.6,5676.5,5678.5
1766008800,5677,5760.5,5672.5,5735.5
1766095200,5735.5,5784.7,5728.5,5764.7
1766354400,5772.7,5781.7,5743.7,5757.7
1766440800,5759.7,5765.7,5736.7,5757.7
1766959200,5767.7,5781.7,5742.7,5763.2
1767045600,5758.7,5832.7,5753.7,5812.7
1767304800,5793.1,5872.1,5784.6,5870.1
1767564000,5885.1,5933.7,5883.1,5928.7
1767650400,5925.7,5952.7,5900.7,5946.7
1767736800,5953.7,5953.7,5918.3,5928.3
1767823200,5928.3,5942.3,5902.3,5933.6
1767909600,5933.6,6011.6,5925.6,6010.6
1768168800,6004.5,6037.4,5974.5,6037.4
1768255200,6029.4,6049.4,6014.4,6031.4
1768341600,6036.4,6060.4,6007,6025
1768428000,6025,6061,6023,6029.2
1768514400,6030.2,6049.2,6009.6,6041.6
1768773600,5960.1,5969.1,5921.1,5925.3
1768860000,5912.3,5928.3,5841,5868
1768946400,5871,5980,5827,5954
1769032800,5969,5985,5934,5959
1769119200,5952,5963,5921.7,5951.7
1769378400,5938.7,5978.6,5923.2,5969.6
1769464800,5974.6,6009.9,5964.6,5987.9
1769551200,5992.9,6047.9,5930.2,5946.2
1769637600,5942.2,5977.7,5882.6,5943.6
1769724000,5946.6,5970.9,5899.6,5939.4
1769983200,5939.4,6032.7,5867.9,6031.7
1770069600,6028.7,6078.7,5947,5985
1770156000,5988,6035,5944.3,5969.8
1770242400,5979.3,6004.3,5895.7,5915.7
1770328800,5865.2,6020.5,5860.2,6020
1770588000,6028.1,6069.6,5997.1,6066.1
1770674400,6059.1,6082.1,6044.3,6044.8
1770760800,6057.3,6084.3,6015.3,6075.3
1770847200,6071.3,6102.3,6001.3,6012.8
1770933600,6014.7,6023.7,5957.7,5986.7
1771192800,5990.5,6017.5,5980.6,5990.6
1771279200,5998.6,6041.9,5952.6,6035.9
1771365600,6034.9,6115.1,6023.9,6102.1
1771452000,6100.1,6108.1,6030.5,6059.5
1771538400,6064.9,6147.9,6059.9,6136.9
1771797600,6116.9,6155,6089.9,6116
1771884000,6123,6145.4,6086,6138.4
1771970400,6137.4,6185.1,6127.4,6183.6
1772056800,6176.6,6201.6,6134.6,6172.6
1772143200,6158.9,6180.9,6095.9,6104.9
1772402400,6035.9,6074.9,5972.2,5992.7
1772488800,5979.7,5993.7,5736.2,5827.2
1772575200,5810.2,5903.5,5738.2,5898.5
1772661600,5907.5,5916.5,5733.8,5787.3
1772748000,5797.8,5827.8,5648.8,5722.8
1773003600,5579.3,5822.2,5517.8,5791.7
1773090000,5753.7,5878.2,5713.2,5786.2
1773176400,5811.2,5840.2,5751.2,5794.2
1773262800,5734.7,5782.2,5688.2,5728.7
1773349200,5737.2,5795.2,5665.2,5689.2
1773608400,5739.2,5772.3,5670.2,5751.3
1773694800,5744.3,5802.6,5700.3,5763.6
1773781200,5768.6,5832.6,5646.9,5654.4
1773867600,5659.9,5692.9,5580.4,5669.9
1773954000,5677.9,5703.9,5449.7,5484.7
1774213200,5449,5710.5,5389,5618.9
1774299600,5594.9,5677.1,5522.6,5659.6
1774386000,5669.5,5699,5618.8,5649.8
1774472400,5646.8,5665.6,5541.6,5570.6
1774558800,5586.6,5617.6,5466.6,5467.6
1774818000,5433.6,5579.1,5422.1,5520.3
1774904400,5491.7,5683.7,5483.7,5667.7
1774990800,5678.7,5768.5,5665.2,5747.5
1775077200,5737.6,5750.6,5600.6,5710.6
1775509200,5733.6,5768.7,5623.2,5715.2
1775595600,5873.4,5955.4,5873.4,5941.4
1775682000,5917.4,5946,5864,5925
1775768400,5915.1,5979.1,5908.1,5933.2
1776027600,5843.2,5956.2,5843.2,5954.2
1776114000,5957.2,6006.5,5939.2,6000.5
1776200400,5999.5,6006.5,5933.1,5958.1
1776286800,5972.1,5987.1,5914.6,5933.1
1776373200,5925.6,6090.3,5925.6,6057.3
1776632400,5977.1,6015.9,5972.9,6007.9
1776718800,6009.4,6027.4,5887.7,5898.7
1776805200,5942.7,5970.2,5888.2,5919.7
1776891600,5864.2,5920.6,5800.6,5870.6
1776978000,5880.3,5942.6,5849.3,5917.6
1777237200,5891.6,5941.6,5862.4,5880.4
1777323600,5889.8,5896.8,5830.8,5843.8
1777410000,5851,5865,5781,5796.5
1777496400,5807,5907,5738,5894
1777842000,5902.2,5911.2,5725.7,5754.2
1777928400,5751.4,5885.9,5733.4,5878.9
1778014800,5901.3,6069.8,5890.8,6049.5
1778101200,6036.1,6071.1,5907.4,5916.9
1778187600,5920.6,5949.2,5899.2,5936.7
1778446800,5897.1,5910.1,5871.1,5891.1
1778533200,5886.1,5886.1,5802.1,5844.1
1778619600,5828.4,5897.4,5801.4,5895.4
1778706000,5906.6,5941.6,5880.6,5904.6
1778792400,5908.6,5914.6,5802.6,5809.6
1779051600,5771.4,5881.4,5730.9,5873.4
1779138000,5869.4,5912.4,5831.4,5835.6
1779224400,5823.6,6016.9,5799.6,5990.4
1779310800,5977.9,6046,5923.9,6017.5
1779397200,6029,6040.5,5991,5999.3
1779656400,6059.3,6152.6,6053.3,6142.6
1779742800,6109.9,6132.9,6060.9,6079.4
1779829200,6087.9,6135.9,6051.9,6073.4
1779915600,6060.9,6085.9,5995.9,6054
1780002000,6057.3,6107.3,6025.7,6029.7
1780261200,6040.7,6082.7,5998.7,6049.7
1780347600,6034.7,6115.7,6025.2,6103
1780434000,6094,6105,6041.5,6042
1780520400,6031,6123.5,6026,6114.5
1780606800,6086.5,6116,5997.5,6016
1780866000,6004.4,6086.3,5962.9,6055.3
1780952400,6040.3,6151.3,5989.3,6085.3
1781038800,6078.3,6085.3,5971.3,5984.3
1781125200,5972.3,6179.3,5956.3,6174.3
1781211600,6176.3,6203.3,6125.3,6181.3
1781470800,6257.3,6293.3,6222.3,6230.3
1781557200,6229.3,6287.3,6225.3,6232.9
1781643600,6235.9,6309.3,6235.9,6250.3
1781730000,6297.8,6352.5,6250.8,6349
1781816400,6329,6347,6290.9,6294.9
1782075600,6282.9,6344.4,6280.9,6331.4
1782162000,6313.4,6328.4,6222.4,6243.9
1782248400,6256.4,6259.4,6196.7,6221.2
1782334800,6235.7,6299.9,6223.7,6275.9
1782421200,6280.9,6280.9,6194.6,6225.6
1782680400,6243.6,6278.6,6213.6,6276.6
1782766800,6270.8,6349.8,6253.8,6345.8
1782853200,6343.8,6346.8,6275.2,6292.2
1782939600,6282.2,6404.2,6270.2,6370.2
1783026000,6373.2,6430.7,6362.2,6420.7
1783285200,6431.8,6440.8,6383.8,6407
1783371600,6402.5,6408,6315.5,6330.5
1783458000,6326.5,6348,6188.5,6255.2
1783544400,6253.2,6299.5,6234.2,6285.5
1783630800,6280.5,6299.5,6239.5,6283.5
1783890000,6267.5,6289.5,6200,6247.1
1783976400,6232.1,6307.1,6200.6,6268.1
1784062800,6275.1,6303.1,6243.1,6284.1
1784149200,6289.1,6302.6,6208.1,6263.1
1784235600,6244.1,6255.1,6198.6,6237.1
1784494800,6242.2,6268.7,6190.2,6199.2
1784581200,6189.2,6301.2,6183.7,6301.2
1784667600,6299.2,6334.8,6256.2,6317.8
1784754000,6318.8,6332.8,6197.8,6212.8
1784840400,6209.8,6296.8,6193.8,6267.8
1785099600,6317.5,6374.5,6287.5,6316.5
1785186000,6304.5,6321.5,6260.5,6307.5
1785272400,6317.5,6327,6234.5,6235
1785358800,6257,6369.3,6238,6369.3
1785445200,6373.3,6426.3,6335.5,6370.5
1785704400,6407.8,6453.9,6391.3,6448.9
1785790800,6451.9,6519.9,6444.9,6516.9
1785877200,6518.2,6527.2,6478.9,6494.9