time,open,high,low,close
1257285600,10.132,10.237,9.964,9.994
1257372000,9.994,10.002,9.721,9.734
1257458400,9.734,9.861,9.561,9.581
1257717600,9.581,9.758,9.523,9.721
1257804000,9.721,9.761,9.535,9.67
1257890400,9.67,9.875,9.65,9.743
1257976800,9.743,9.975,9.625,9.918
1258063200,9.918,10.1,9.845,9.86
1258322400,9.86,10.127,9.86,10.087
1258408800,10.087,10.327,10.04,10.32
1258495200,10.32,10.5,10.245,10.3
1258581600,10.3,10.5,10.169,10.47
1258668000,10.47,10.51,10.324,10.454
1258927200,10.454,10.677,10.389,10.396
1259013600,10.396,10.501,10.329,10.471
1259100000,10.471,10.564,10.349,10.491
1259272800,10.491,10.576,10.218,10.531
1259532000,10.531,10.7,10.513,10.598
1259618400,10.598,10.793,10.533,10.585
1259704800,10.585,10.653,10.33,10.347
1259791200,10.347,10.515,10.34,10.492
1259877600,10.492,10.545,10.317,10.46
1260136800,10.46,10.622,10.392,10.554
1260223200,10.554,10.644,10.431,10.441
1260309600,10.441,10.521,10.221,10.284
1260396000,10.284,10.341,10.196,10.301
1260482400,10.301,10.418,10.206,10.348
1260741600,10.348,10.595,10.24,10.58
1260828000,10.58,10.69,10.5,10.553
1260914400,10.553,10.703,10.52,10.608
1261000800,10.608,10.638,10.16,10.215
1261087200,10.215,10.33,10.087,10.122
1261346400,10.122,10.204,10.001,10.011
1261432800,10.011,10.104,9.849,9.901
1261519200,9.901,10.007,9.888,9.983
1261605600,9.983,10.082,9.966,10.008
1261951200,10.008,10.335,9.977,10.32
1262037600,10.32,10.408,10.205,10.366
1262124000,10.366,10.439,10.271,10.357
1262210400,10.357,10.532,10.33,10.403
1262556000,10.403,10.668,10.403,10.5
1262642400,10.5,10.568,10.429,10.523
1262728800,10.523,10.606,10.435,10.502
1262815200,10.502,10.554,10.173,10.183
1262901600,10.183,10.218,10.062,10.125
1263160800,10.125,10.259,9.991,10.026
1263247200,10.026,10.069,9.627,9.714
1263333600,9.714,9.874,9.653,9.869
1263420000,9.869,9.875,9.691,9.761
1263506400,9.761,9.827,9.658,9.678
1263852000,9.678,9.783,9.573,9.588
1263938400,9.588,9.655,9.355,9.417
1264024800,9.417,9.542,9.417,9.48
1264111200,9.48,9.518,9.404,9.447
1264370400,9.447,9.511,9.305,9.363
1264456800,9.363,9.448,9.279,9.431
1264543200,9.431,9.431,9.24,9.275
1264629600,9.275,9.33,9.167,9.284
1264716000,9.284,9.324,9.096,9.113
1264975200,9.113,9.208,9.043,9.074
1265061600,9.074,9.261,9.014,9.222
1265148000,9.222,9.302,9.043,9.068
1265234400,9.068,9.124,8.964,9.117
1265320800,9.117,9.18,9.055,9.125
1265580000,9.125,9.365,9.125,9.265
1265666400,9.265,9.408,9.169,9.219
1265752800,9.219,9.367,9.157,9.349
1265839200,9.349,9.474,9.33,9.393
1265925600,9.393,9.436,9.232,9.431
1266271200,9.431,9.635,9.427,9.605
1266357600,9.605,9.615,9.456,9.509
1266444000,9.509,9.555,9.397,9.42
1266530400,9.42,9.463,9.296,9.429
1266789600,9.429,9.604,9.429,9.59
1266876000,9.59,9.754,9.497,9.509
1266962400,9.509,9.602,9.428,9.532
1267048800,9.532,9.553,9.335,9.38
1267135200,9.38,9.55,9.378,9.535
1267394400,9.535,9.592,9.449,9.553
1267480800,9.553,9.604,9.492,9.549
1267567200,9.549,9.63,9.535,9.565
1267653600,9.565,9.565,9.292,9.334
1267740000,9.334,9.414,9.303,9.36
1267999200,9.36,9.45,9.31,9.42
1268085600,9.42,9.42,9.275,9.404
1268172000,9.404,9.566,9.343,9.509
1268258400,9.509,9.552,9.218,9.23
1268344800,9.23,9.308,9.159,9.177
1268600400,9.177,9.264,9.149,9.24
1268686800,9.24,9.412,9.237,9.372
1268773200,9.372,9.555,9.353,9.532
1268859600,9.532,9.558,9.406,9.536
1268946000,9.536,9.574,9.458,9.547
1269205200,9.547,9.687,9.503,9.628
1269291600,9.628,9.703,9.587,9.599
1269378000,9.599,9.617,9.473,9.528
1269464400,9.528,9.606,9.363,9.363
1269550800,9.363,9.493,9.361,9.478
1269810000,9.478,9.72,9.461,9.646
1269896400,9.646,9.689,9.55,9.679
1269982800,9.679,9.718,9.255,9.35
1270069200,9.35,9.42,9.276,9.371
1270414800,9.371,9.415,9.283,9.296
1270501200,9.296,9.404,9.284,9.399
1270587600,9.399,9.527,9.345,9.472
1270674000,9.472,9.495,9.411,9.439
1270760400,9.439,9.596,9.392,9.492
1271019600,9.492,9.618,9.49,9.57
1271106000,9.57,9.686,9.506,9.654
1271192400,9.654,9.724,9.615,9.642
1271278800,9.642,9.82,9.609,9.808
1271365200,9.808,9.864,9.749,9.782
1271624400,9.782,9.855,9.727,9.774
1271710800,9.774,9.884,9.774,9.852
1271797200,9.852,10.061,9.838,9.959
1271883600,9.959,10.064,9.926,10.059
1271970000,10.059,10.08,9.976,9.991
1272229200,9.991,10.11,9.954,10.004
1272315600,10.004,10.027,9.825,9.84
1272402000,9.84,9.935,9.796,9.853
1272488400,9.853,9.978,9.846,9.871
1272574800,9.871,9.939,9.837,9.915
1272834000,9.915,9.947,9.762,9.774
1272920400,9.774,9.827,9.663,9.798
1273006800,9.798,9.85,9.684,9.719
1273093200,9.719,9.747,9.425,9.485
1273179600,9.485,9.573,9.413,9.54
1273438800,9.54,9.62,9.523,9.544
1273525200,9.544,9.622,9.465,9.597
1273611600,9.597,9.692,9.528,9.563
1273698000,9.563,9.629,9.529,9.577
1273784400,9.577,9.594,9.448,9.476
1274043600,9.476,9.488,9.315,9.35
1274130000,9.35,9.435,9.301,9.336
1274216400,9.336,9.426,9.3,9.332
1274302800,9.332,9.419,9.253,9.405
1274389200,9.405,9.448,9.334,9.347
1274648400,9.347,9.471,9.347,9.35
1274734800,9.35,9.357,9.224,9.244
1274821200,9.244,9.347,9.244,9.324
1274907600,9.324,9.487,9.31,9.455
1274994000,9.455,9.51,9.317,9.371
1275339600,9.371,9.392,9.261,9.271
1275426000,9.271,9.324,9.261,9.287
1275512400,9.287,9.532,9.287,9.519
1275598800,9.519,9.54,9.274,9.316
1275858000,9.316,9.352,9.244,9.307
1275944400,9.307,9.338,9.223,9.238
1276030800,9.238,9.481,9.226,9.396
1276117200,9.396,9.484,9.27,9.31
1276203600,9.31,9.436,9.271,9.416
1276462800,9.416,9.556,9.416,9.461
1276549200,9.461,9.587,9.442,9.487
1276635600,9.487,9.588,9.46,9.538
1276722000,9.538,9.611,9.482,9.502
1276808400,9.502,9.585,9.498,9.575
1277067600,9.575,9.69,9.563,9.606
1277154000,9.606,9.677,9.594,9.622
1277240400,9.622,9.64,9.548,9.553
1277326800,9.553,9.629,9.532,9.539
1277413200,9.539,9.588,9.529,9.568
1277672400,9.568,9.593,9.516,9.593
1277758800,9.593,9.651,9.49,9.53
1277845200,9.53,9.718,9.452,9.516
1277931600,9.516,9.56,9.436,9.53
1278018000,9.53,9.655,9.521,9.622
1278363600,9.622,9.738,9.543,9.56
1278450000,9.56,9.876,9.56,9.858
1278536400,9.858,10.085,9.774,9.947
1278622800,9.947,10.129,9.933,10.1
1278882000,10.1,10.229,10,10.125
1278968400,10.125,10.182,10.065,10.09
1279054800,10.09,10.173,10.061,10.099
1279141200,10.099,10.345,10.026,10.32
1279227600,10.32,10.394,10.252,10.333
1279486800,10.333,10.335,10.143,10.213
1279573200,10.213,10.247,10.088,10.234
1279659600,10.234,10.301,10.175,10.252
1279746000,10.252,10.357,10.182,10.23
1279832400,10.23,10.312,10.211,10.271
1280091600,10.271,10.271,10.019,10.049
1280178000,10.049,10.123,10.019,10.052
1280264400,10.052,10.127,9.975,10.099
1280350800,10.099,10.204,10.095,10.196
1280437200,10.196,10.395,10.169,10.388
1280696400,10.388,10.605,10.317,10.41
1280782800,10.41,10.463,10.282,10.427
1280869200,10.427,10.571,10.409,10.524
1280955600,10.524,10.767,10.386,10.516
1281042000,10.516,10.628,10.466,10.612
1281301200,10.612,10.696,10.522,10.527
1281387600,10.527,10.536,10.381,10.384
1281474000,10.384,10.465,10.311,10.361
1281560400,10.361,10.554,10.295,10.447
1281646800,10.447,10.614,10.446,10.614
1281906000,10.614,10.661,10.468,10.486
1281992400,10.486,10.498,10.33,10.468
1282078800,10.468,10.523,10.289,10.357
1282165200,10.357,10.446,10.12,10.188
1282251600,10.188,10.202,10.056,10.084
1282510800,10.084,10.158,10.034,10.112
1282597200,10.112,10.132,9.986,10.036
1282683600,10.036,10.106,9.983,10.048
1282770000,10.048,10.208,10.048,10.198
1282856400,10.198,10.343,10.188,10.323
1283115600,10.323,10.387,10.251,10.266
1283202000,10.266,10.316,10.112,10.127
1283288400,10.127,10.22,10.084,10.107
1283374800,10.107,10.146,10.051,10.134
1283461200,10.134,10.457,10.133,10.404
1283806800,10.404,10.577,10.329,10.552
1283893200,10.552,10.612,10.492,10.536
1283979600,10.536,10.571,10.378,10.501
1284066000,10.501,10.515,10.349,10.367
1284325200,10.367,10.448,10.265,10.385
1284411600,10.385,10.46,10.287,10.405
1284498000,10.405,10.487,10.379,10.474
1284584400,10.474,10.502,10.366,10.418
1284670800,10.418,10.756,10.403,10.731
1284930000,10.731,11.031,10.717,10.895
1285016400,10.895,10.972,10.827,10.857
1285102800,10.857,10.961,10.829,10.939
1285189200,10.939,11.016,10.828,10.971
1285275600,10.971,11.316,10.933,11.276
1285534800,11.276,11.472,11.251,11.337
1285621200,11.337,11.386,11.085,11.095
1285707600,11.095,11.133,10.864,11.012
1285794000,11.012,11.127,10.851,11.059
1285880400,11.059,11.094,10.577,10.587
1286139600,10.587,10.64,10.445,10.555
1286226000,10.555,10.802,10.522,10.725
1286312400,10.725,10.777,10.639,10.646
1286398800,10.646,10.768,10.634,10.698
1286485200,10.698,11.374,10.643,11.374
1286744400,11.374,11.843,11.374,11.542
1286830800,11.542,11.88,11.542,11.794
1286917200,11.794,11.967,11.742,11.794
1287003600,11.794,11.966,11.781,11.923
1287090000,11.923,12.063,11.855,11.867
1287349200,11.867,11.898,11.768,11.883
1287435600,11.883,11.968,11.672,11.814
1287522000,11.814,12.157,11.754,12.147
1287608400,12.147,12.252,12.031,12.038
1287694800,12.038,12.14,12.003,12.005
1287954000,12.005,12.248,12.003,12.188
1288040400,12.188,12.252,12.098,12.222
1288126800,12.222,12.282,11.991,12.224
1288213200,12.224,12.366,12.177,12.215
1288299600,12.215,12.26,12.132,12.209
1288558800,12.209,12.347,12.172,12.259
1288645200,12.259,12.312,12.193,12.248
1288731600,12.248,12.298,12.113,12.274
1288818000,12.274,12.677,12.274,12.635
1288904400,12.635,12.787,12.601,12.708
1289167200,12.708,12.787,12.634,12.634
1289253600,12.634,13.327,12.59,13.164
1289340000,13.164,13.2,13.039,13.078
1289426400,13.078,13.313,13.069,13.288
1289512800,13.288,13.378,12.591,12.591
1289772000,12.591,12.977,12.428,12.786
1289858400,12.786,12.802,12.076,12.111
1289944800,12.111,12.236,11.667,11.958
1290031200,11.958,12.367,11.852,12.339
1290117600,12.339,12.472,11.921,11.929
1290376800,11.929,12.149,11.82,12.132
1290463200,12.132,12.383,11.937,12.317
1290549600,12.317,12.503,12.29,12.443
1290722400,12.443,12.544,12.282,12.315
1290981600,12.315,12.413,12.194,12.28
1291068000,12.28,12.403,12.208,12.393
1291154400,12.393,12.77,12.334,12.753
1291240800,12.753,12.801,12.668,12.712
1291327200,12.712,12.947,12.675,12.932
1291586400,12.932,13.003,12.74,12.805
1291672800,12.805,12.971,12.762,12.797
1291759200,12.797,12.905,12.606,12.888
1291845600,12.888,12.931,12.726,12.735
1291932000,12.735,12.829,12.622,12.667
1292191200,12.667,12.996,12.519,12.956
1292277600,12.956,13.062,12.875,12.89
1292364000,12.89,13.099,12.859,12.909
1292450400,12.909,12.99,12.804,12.844
1292536800,12.844,12.955,12.79,12.94
1292796000,12.94,13.139,12.914,13.105
1292882400,13.105,13.241,13.075,13.206
1292968800,13.206,13.292,13.137,13.257
1293055200,13.257,13.549,13.257,13.504
1293400800,13.504,13.793,13.397,13.74
1293487200,13.74,13.863,13.729,13.749
1293573600,13.749,13.787,13.646,13.654
1293660000,13.654,13.746,13.6,13.695
1293746400,13.695,13.939,13.661,13.93
1294005600,13.93,13.993,13.656,13.713
1294092000,13.713,13.81,13.483,13.615
1294178400,13.615,13.857,13.528,13.812
1294264800,13.812,13.895,13.67,13.687
1294351200,13.687,13.735,13.514,13.547
1294610400,13.547,13.859,13.547,13.737
1294696800,13.737,13.8,13.47,13.503
1294783200,13.503,14.185,13.503,14.098
1294869600,14.098,14.241,14.046,14.131
1294956000,14.131,14.158,13.969,14.148
1295301600,14.148,14.223,14.006,14.074
1295388000,14.074,14.241,13.948,14.08
1295474400,14.08,14.135,13.763,14.077
1295560800,14.077,14.197,13.978,14.053
1295820000,14.053,14.196,13.901,13.97
1295906400,13.97,14.013,13.638,13.661
1295992800,13.661,13.846,13.579,13.786
1296079200,13.786,13.937,13.717,13.935
1296165600,13.935,14.17,13.863,13.948
1296424800,13.948,14.074,13.887,14.06
1296511200,14.06,14.347,14.025,14.342
1296597600,14.342,14.463,14.279,14.404
1296684000,14.404,14.47,14.285,14.298
1296770400,14.298,14.373,14.17,14.287
1297029600,14.287,14.388,14.164,14.189
1297116000,14.189,14.307,14.093,14.298
1297202400,14.298,14.511,14.298,14.473
1297288800,14.473,14.504,14.255,14.265
1297375200,14.265,14.378,14.06,14.12
1297634400,14.12,14.208,13.962,14.014
1297720800,14.014,14.055,13.612,13.642
1297807200,13.642,13.725,13.535,13.623
1297893600,13.623,14.033,13.623,13.999
1297980000,13.999,14.066,13.586,13.606
1298325600,13.606,13.701,12.855,12.856
1298412000,12.856,13.077,12.713,13.075
1298498400,13.075,13.112,12.854,13.034
1298584800,13.034,13.731,12.972,13.461
1298844000,13.461,13.552,13.333,13.412
1298930400,13.412,13.521,13.298,13.484
1299016800,13.484,13.745,13.478,13.684
1299103200,13.684,13.901,13.605,13.847
1299189600,13.847,14.003,13.72,13.895
1299448800,13.895,13.958,13.62,13.718
1299535200,13.718,13.734,13.52,13.596
1299621600,13.596,13.619,13.26,13.287
1299708000,13.287,13.477,13.012,13.33
1299794400,13.33,13.385,12.85,13.141
1300050000,13.141,13.229,12.982,13.205
1300136400,13.205,13.265,12.518,12.518
1300222800,12.518,12.895,12.518,12.711
1300309200,12.711,13.281,12.672,13.136
1300395600,13.136,13.669,13.045,13.432
1300654800,13.432,13.588,13.341,13.465
1300741200,13.465,13.485,13.27,13.448
1300827600,13.448,13.549,13.343,13.353
1300914000,13.353,13.413,13.217,13.4
1301000400,13.4,13.515,13.369,13.431
1301259600,13.431,13.536,13.32,13.347
1301346000,13.347,13.54,13.261,13.481
1301432400,13.481,13.593,13.412,13.569
1301518800,13.569,14.17,13.541,13.918
1301605200,13.918,14.018,13.724,13.81
1301864400,13.81,13.894,13.659,13.697
1301950800,13.697,13.767,13.539,13.596
1302037200,13.596,13.758,13.596,13.634
1302123600,13.634,13.71,13.486,13.536
1302210000,13.536,13.822,13.512,13.8
1302469200,13.8,13.954,13.534,13.569
1302555600,13.569,13.598,13.083,13.19
1302642000,13.19,13.392,13.184,13.266
1302728400,13.266,13.282,13.072,13.209
1302814800,13.209,13.295,13.133,13.225
1303074000,13.225,13.424,13.127,13.354
1303160400,13.354,13.483,13.354,13.414
1303246800,13.414,13.727,13.402,13.574
1303333200,13.574,13.801,13.51,13.778
1303678800,13.778,13.869,13.692,13.849
1303765200,13.849,13.856,13.666,13.786
1303851600,13.786,13.857,13.569,13.7
1303938000,13.7,13.892,13.275,13.409
1304024400,13.409,13.84,13.347,13.837
1304283600,13.837,13.918,13.707,13.829
1304370000,13.829,13.869,13.451,13.523
1304456400,13.523,13.573,13.373,13.428
1304542800,13.428,13.515,13.004,13.154
1304629200,13.154,13.314,12.971,13.2
1304888400,13.2,13.328,13.141,13.261
1304974800,13.261,13.438,13.229,13.304
1305061200,13.304,13.345,13.05,13.236
1305147600,13.236,13.508,13.049,13.347
1305234000,13.347,13.442,13.132,13.222
1305493200,13.222,13.357,13.144,13.174
1305579600,13.174,13.347,13.043,13.324
1305666000,13.324,13.798,13.324,13.691
1305752400,13.691,13.809,13.613,13.735
1305838800,13.735,13.88,13.572,13.709
1306098000,13.709,13.854,13.586,13.638
1306184400,13.638,13.816,13.585,13.647
1306270800,13.647,13.798,13.647,13.706
1306357200,13.706,13.911,13.699,13.817
1306443600,13.817,13.872,13.691,13.736
1306789200,13.736,13.849,13.601,13.71
1306875600,13.71,13.838,13.638,13.838
1306962000,13.838,14.053,13.776,13.996
1307048400,13.996,14.135,13.984,14.06
1307307600,14.06,14.126,13.768,13.795
1307394000,13.795,13.894,13.748,13.872
1307480400,13.872,14.117,13.798,13.938
1307566800,13.938,14.081,13.812,13.872
1307653200,13.872,13.925,13.724,13.779
1307912400,13.779,13.86,13.741,13.766
1307998800,13.766,13.826,13.493,13.645
1308085200,13.645,13.713,13.504,13.664
1308171600,13.664,13.689,13.446,13.461
1308258000,13.461,13.534,13.268,13.275
1308517200,13.275,13.427,13.275,13.342
1308603600,13.342,13.515,13.342,13.446
1308690000,13.446,13.486,13.175,13.272
1308776400,13.272,13.303,12.899,13.137
1308862800,13.137,13.26,13.088,13.165
1309122000,13.165,13.284,13.077,13.267
1309208400,13.267,13.44,13.258,13.266
1309294800,13.266,13.48,13.239,13.277
1309381200,13.277,13.384,12.905,13.038
1309467600,13.038,13.25,13.027,13.175
1309813200,13.175,13.327,13.149,13.245
1309899600,13.245,13.299,13.134,13.251
1309986000,13.251,13.476,13.239,13.443
1310072400,13.443,13.533,13.383,13.483
1310331600,13.483,13.594,13.405,13.478
1310418000,13.478,13.665,13.367,13.577
1310504400,13.577,13.849,13.554,13.769
1310590800,13.769,13.896,13.764,13.843
1310677200,13.843,13.993,13.788,13.893
1310936400,13.893,13.938,13.72,13.85
1311022800,13.85,14.1,13.774,13.829
1311109200,13.829,13.926,13.748,13.811
1311195600,13.811,13.881,13.715,13.825
1311282000,13.825,13.902,13.764,13.809
1311541200,13.809,13.809,13.529,13.652
1311627600,13.652,13.851,13.644,13.844
1311714000,13.844,13.888,13.687,13.729
1311800400,13.729,13.789,13.646,13.654
1311886800,13.654,13.711,13.46,13.49
1312146000,13.49,13.682,13.49,13.564
1312232400,13.564,13.771,13.443,13.744
1312318800,13.744,13.744,13.568,13.613
1312405200,13.613,13.653,13.329,13.382
1312491600,13.382,13.386,13.156,13.291
1312750800,13.291,13.291,13.029,13.059
1312837200,13.059,13.171,12.784,12.954
1312923600,12.954,13.131,12.903,12.991
1313010000,12.991,13.511,12.92,13.27
1313096400,13.27,13.388,13.215,13.282
1313355600,13.282,13.464,13.282,13.433
1313442000,13.433,13.466,13.351,13.415
1313528400,13.415,13.609,13.368,13.572
1313614800,13.572,13.59,13.352,13.509
1313701200,13.509,13.651,13.387,13.587
1313960400,13.587,13.789,13.587,13.757
1314046800,13.757,13.904,13.757,13.889
1314133200,13.889,13.937,13.786,13.846
1314219600,13.846,13.884,13.747,13.822
1314306000,13.822,14.166,13.77,14.158
1314565200,14.158,14.386,14.111,14.381
1314651600,14.381,14.493,14.279,14.459
1314738000,14.459,14.559,14.385,14.47
1314824400,14.47,14.48,14.233,14.272
1314910800,14.272,14.433,14.263,14.361
1315256400,14.361,14.361,14.002,14.114
1315342800,14.114,14.267,14.046,14.11
1315429200,14.11,14.176,14.022,14.097
1315515600,14.097,14.212,14.05,14.19
1315774800,14.19,14.247,13.813,13.88
1315861200,13.88,13.947,13.749,13.844
1315947600,13.844,13.895,13.703,13.76
1316034000,13.76,13.801,13.498,13.525
1316120400,13.525,13.62,13.437,13.519
1316379600,13.519,13.519,13.199,13.301
1316466000,13.301,13.441,13.292,13.314
1316552400,13.314,13.392,13.141,13.169
1316638800,13.169,13.169,12.754,12.772
1316725200,12.772,12.836,12.446,12.536
1316984400,12.536,12.621,12.21,12.527
1317070800,12.527,12.737,12.527,12.57
1317157200,12.57,12.57,12.165,12.175
1317243600,12.175,12.333,12.046,12.258
1317330000,12.258,12.341,11.707,11.724
1317589200,11.724,11.856,11.58,11.714
1317675600,11.714,11.75,11.481,11.534
1317762000,11.534,11.701,11.534,11.614
1317848400,11.614,11.789,11.547,11.588
1317934800,11.588,11.663,11.486,11.574
1318194000,11.574,11.896,11.548,11.764
1318280400,11.764,12.42,11.712,12.311
1318366800,12.311,12.434,12.082,12.359
1318453200,12.359,12.547,12.27,12.505
1318539600,12.505,12.725,12.458,12.668
1318798800,12.668,12.69,12.471,12.474
1318885200,12.474,12.502,12.238,12.457
1318971600,12.457,12.563,12.209,12.224
1319058000,12.224,12.237,11.99,12.188
1319144400,12.188,12.433,12.096,12.101
1319403600,12.101,12.376,12.074,12.254
1319490000,12.254,12.339,12.155,12.22
1319576400,12.22,12.335,12.102,12.114
1319662800,12.114,12.441,12.112,12.383
1319749200,12.383,12.426,12.159,12.181
1320008400,12.181,12.211,11.958,12.117
1320094800,12.117,12.152,11.825,11.959
1320181200,11.959,12.109,11.89,11.948
1320267600,11.948,12.239,11.933,12.197
1320354000,12.197,12.235,12.114,12.129
1320616800,12.129,12.158,11.911,11.946
1320703200,11.946,12.103,11.928,11.989
1320789600,11.989,12.051,11.768,11.786
1320876000,11.786,11.846,11.605,11.63
1320962400,11.63,11.745,11.616,11.701
1321221600,11.701,11.868,11.701,11.749
1321308000,11.749,12.001,11.722,11.939
1321394400,11.939,11.969,11.768,11.821
1321480800,11.821,11.861,11.563,11.64
1321567200,11.64,11.718,11.472,11.666
1321826400,11.666,11.688,11.398,11.408
1321912800,11.408,11.506,11.358,11.466
1321999200,11.466,11.533,11.161,11.181
1322172000,11.181,11.21,10.981,11.046
1322431200,11.046,11.227,11.046,11.191
1322517600,11.191,11.341,11.106,11.201
1322604000,11.201,11.416,11.072,11.297
1322690400,11.297,11.394,11.121,11.256
1322776800,11.256,11.404,11.242,11.319
1323036000,11.319,11.446,11.182,11.227
1323122400,11.227,11.28,11.163,11.261
1323208800,11.261,11.333,11.202,11.289
1323295200,11.289,11.33,11.175,11.29
1323381600,11.29,11.3,10.969,11.027
1323640800,11.027,11.119,10.92,11.094
1323727200,11.094,11.24,11.033,11.155
1323813600,11.155,11.163,10.914,11.007
1323900000,11.007,11.112,10.974,11.107
1323986400,11.107,11.278,11.088,11.275
1324245600,11.275,11.463,11.275,11.373
1324332000,11.373,11.474,11.331,11.427
1324418400,11.427,11.567,11.3,11.507
1324504800,11.507,11.685,11.446,11.613
1324591200,11.613,11.673,11.568,11.636
1324936800,11.636,12.062,11.636,11.978
1325023200,11.978,12.101,11.844,11.992
1325109600,11.992,12.03,11.846,11.878
1325196000,11.878,12.073,11.859,12.038
1325541600,12.038,12.366,12.038,12.194
1325628000,12.194,12.278,12.125,12.225
1325714400,12.225,12.258,11.99,12.008
1325800800,12.008,12.12,11.86,11.865
1326060000,11.865,12.276,11.865,12.251
1326146400,12.251,12.296,12.132,12.247
1326232800,12.247,12.248,11.935,11.948
1326319200,11.948,12.065,11.434,11.777
1326405600,11.777,11.877,11.51,11.517
1326751200,11.517,11.807,11.517,11.765
1326837600,11.765,11.811,11.662,11.764
1326924000,11.764,11.914,11.754,11.904
1327010400,11.904,11.979,11.771,11.796
1327269600,11.796,12.133,11.796,12.088
1327356000,12.088,12.238,11.982,12.144
1327442400,12.144,12.207,12.03,12.08
1327528800,12.08,12.255,12.078,12.171
1327615200,12.171,12.204,12.097,12.125
1327874400,12.125,12.135,11.8,11.807
1327960800,11.807,11.965,11.795,11.957
1328047200,11.957,12.143,11.957,12.123
1328133600,12.123,12.201,12.017,12.124
1328220000,12.124,12.319,12.095,12.285
1328479200,12.285,12.398,12.265,12.301
1328565600,12.301,12.353,12.229,12.279
1328652000,12.279,12.407,12.188,12.268
1328738400,12.268,12.436,12.189,12.242
1328824800,12.242,12.27,12.113,12.248
1329084000,12.248,12.506,12.248,12.501
1329170400,12.501,12.584,12.421,12.512
1329256800,12.512,12.657,12.457,12.593
1329343200,12.593,12.614,12.431,12.559
1329429600,12.559,12.702,12.532,12.637
1329775200,12.637,12.734,12.575,12.667
1329861600,12.667,12.698,12.591,12.683
1329948000,12.683,12.798,12.658,12.768
1330034400,12.768,12.853,12.726,12.813
1330293600,12.813,12.975,12.778,12.955
1330380000,12.955,13.085,12.938,13.065
1330466400,13.065,13.181,13.018,13.131
1330552800,13.131,13.177,13.002,13.159
1330639200,13.159,13.269,13.102,13.26
1330898400,13.26,13.307,13.172,13.185
1330984800,13.185,13.305,13.096,13.298
1331071200,13.298,13.333,13.184,13.206
1331157600,13.206,13.334,13.184,13.317
1331244000,13.317,13.499,13.248,13.323
1331499600,13.323,13.365,13.27,13.29
1331586000,13.29,13.495,13.261,13.436
1331672400,13.436,13.556,13.414,13.484
1331758800,13.484,13.649,13.469,13.629
1331845200,13.629,13.724,13.585,13.702
1332104400,13.702,13.731,13.577,13.632
1332190800,13.632,13.633,13.372,13.417
1332277200,13.417,13.534,13.402,13.527
1332363600,13.527,13.555,13.341,13.463
1332450000,13.463,13.651,13.451,13.621
1332709200,13.621,13.843,13.598,13.751
1332795600,13.751,13.831,13.647,13.677
1332882000,13.677,13.749,13.6,13.65
1332968400,13.65,13.725,13.471,13.504
1333054800,13.504,14.12,13.497,13.981
1333314000,13.981,14.3,13.981,14.176
1333400400,14.176,14.306,14.104,14.119
1333486800,14.119,14.262,14.047,14.185
1333573200,14.185,14.308,14.113,14.288
1333918800,14.288,14.436,14.204,14.269
1334005200,14.269,14.492,14.188,14.265
1334091600,14.265,14.283,14.121,14.166
1334178000,14.166,14.416,14.166,14.394
1334264400,14.394,14.449,14.285,14.34
1334523600,14.34,14.34,14.131,14.188
1334610000,14.188,14.36,14.188,14.288
1334696400,14.288,14.368,14.063,14.116
1334782800,14.116,14.326,14.091,14.171
1334869200,14.171,14.556,14.149,14.553
1335128400,14.553,14.553,14.367,14.372
1335214800,14.372,14.682,14.347,14.647
1335301200,14.647,14.937,14.62,14.732
1335387600,14.732,14.8,14.605,14.768
1335474000,14.768,15.037,14.768,14.905
1335733200,14.905,15.041,14.791,15.016
1335819600,15.016,15.019,14.892,15.002
1335906000,15.002,15.097,14.782,14.785
1335992400,14.785,14.86,14.628,14.705
1336078800,14.705,14.785,14.553,14.753
1336338000,14.753,14.762,14.577,14.649
1336424400,14.649,14.687,14.318,14.333
1336510800,14.333,14.393,14.109,14.258
1336597200,14.258,14.563,14.258,14.551
1336683600,14.551,14.593,14.002,14.015
1336942800,14.015,14.045,13.738,13.818
1337029200,13.818,14.136,13.779,14.113
1337115600,14.113,14.209,13.841,14.191
1337202000,14.191,14.476,14.181,14.349
1337288400,14.349,14.367,14.03,14.062
1337547600,14.062,14.21,14.062,14.078
1337634000,14.078,14.158,13.731,13.791
1337720400,13.791,13.809,13.492,13.637
1337806800,13.637,13.859,13.637,13.795
1337893200,13.795,13.847,13.697,13.817
1338238800,13.817,14.004,13.776,13.839
1338325200,13.839,13.929,13.627,13.767
1338411600,13.767,13.767,13.38,13.4
1338498000,13.4,13.565,13.161,13.415
1338757200,13.415,13.544,13.301,13.382
1338843600,13.382,13.589,13.382,13.512
1338930000,13.512,13.907,13.512,13.827
1339016400,13.827,14.287,13.819,14.247
1339102800,14.247,14.377,14.07,14.237
1339362000,14.237,14.443,14.168,14.213
1339448400,14.213,14.481,14.151,14.306
1339534800,14.306,14.364,14.037,14.054
1339621200,14.054,14.147,13.83,13.862
1339707600,13.862,14.005,13.695,13.788
1339966800,13.788,13.953,13.743,13.881
1340053200,13.881,14.506,13.881,14.316
1340139600,14.316,14.464,14.254,14.424
1340226000,14.424,14.557,14.302,14.382
1340312400,14.382,14.635,14.342,14.407
1340571600,14.407,14.906,14.407,14.826
1340658000,14.826,14.904,14.607,14.669
1340744400,14.669,14.922,14.624,14.687
1340830800,14.687,14.755,14.489,14.574
1340917200,14.574,14.967,14.51,14.917
1341176400,14.917,15.196,14.917,15.031
1341262800,15.031,15.426,15.031,15.356
1341435600,15.356,15.95,15.356,15.925
1341522000,15.925,15.925,15.709,15.789
1341781200,15.789,16.343,15.789,16.151
1341867600,16.151,16.199,15.945,16.023
1341954000,16.023,16.333,15.609,15.825
1342040400,15.825,15.968,15.671,15.8
1342126800,15.8,16.077,15.792,16.036
1342386000,16.036,16.431,16.036,16.403
1342472400,16.403,16.548,16.236,16.456
1342558800,16.456,16.922,16.326,16.89
1342645200,16.89,17.558,16.841,17.359
1342731600,17.359,17.844,17.356,17.653
1342990800,17.653,17.687,16.932,17.023
1343077200,17.023,17.118,16.336,16.513
1343163600,16.513,17.068,16.229,16.99
1343250000,16.99,17.018,16.534,16.606
1343336400,16.606,16.993,16.455,16.882
1343595600,16.882,17.31,16.882,17.288
1343682000,17.288,17.502,17.19,17.213
1343768400,17.213,17.419,16.649,17.048
1343854800,17.048,17.204,16.625,16.846
1343941200,16.846,17.066,16.699,16.973
1344200400,16.973,16.973,16.427,16.499
1344286800,16.499,16.673,16.268,16.296
1344373200,16.296,16.54,16.22,16.522
1344459600,16.522,17.096,16.469,17.072
1344546000,17.072,17.524,16.986,17.24
1344805200,17.24,17.28,16.655,16.665
1344891600,16.665,16.8,16.542,16.681
1344978000,16.681,17.052,16.669,17.039
1345064400,17.039,17.156,16.888,16.97
1345150800,16.97,16.97,16.511,16.766
1345410000,16.766,17.155,16.71,17.153
1345496400,17.153,17.65,17.114,17.612
1345582800,17.612,17.651,17.458,17.588
1345669200,17.588,17.755,17.34,17.444
1345755600,17.444,17.674,17.406,17.619
1346014800,17.619,17.9,17.425,17.493
1346101200,17.493,17.596,17.29,17.523
1346187600,17.523,17.824,17.445,17.804
1346274000,17.804,17.996,17.632,17.894
1346360400,17.894,17.913,17.732,17.816
1346706000,17.816,18.159,17.816,17.928
1346792400,17.928,17.96,17.681,17.749
1346878800,17.749,17.792,17.508,17.715
1346965200,17.715,17.77,17.509,17.58
1347224400,17.58,17.682,17.397,17.419
1347310800,17.419,17.525,17.215,17.228
1347397200,17.228,17.731,17.16,17.701
1347483600,17.701,17.728,17.553,17.702
1347570000,17.702,17.884,17.597,17.602
1347829200,17.602,17.602,16.893,16.893
1347915600,16.893,16.893,16.5,16.591
1348002000,16.591,16.955,16.591,16.865
1348088400,16.865,17.057,16.346,16.371
1348174800,16.371,16.578,16.257,16.431
1348434000,16.431,16.436,16.074,16.264
1348520400,16.264,16.426,16.21,16.291
1348606800,16.291,16.301,15.81,15.896
1348693200,15.896,16,15.732,15.86
1348779600,15.86,16.296,15.749,16.142
1349038800,16.142,16.15,15.723,15.756
1349125200,15.756,15.756,15.403,15.435
1349211600,15.435,15.573,15.173,15.449
1349298000,15.449,15.822,15.444,15.637
1349384400,15.637,15.826,15.576,15.654
1349643600,15.654,15.733,15.495,15.617
1349730000,15.617,15.859,15.588,15.601
1349816400,15.601,15.614,15.291,15.348
1349902800,15.348,15.792,15.322,15.602
1349989200,15.602,15.644,15.204,15.327
1350248400,15.327,15.327,14.95,15.033
1350334800,15.033,15.239,15.02,15.025
1350421200,15.025,15.2,14.961,15.195
1350507600,15.195,15.564,15.162,15.529
1350594000,15.529,15.642,15.405,15.412
1350853200,15.412,15.66,15.34,15.538
1350939600,15.538,15.62,15.36,15.61
1351026000,15.61,15.816,15.562,15.768
1351112400,15.768,15.811,15.637,15.712
1351198800,15.712,15.729,15.586,15.666
1351458000,15.666,15.666,15.255,15.278
1351544400,15.278,15.503,15.275,15.345
1351630800,15.345,15.58,15.343,15.49
1351717200,15.49,15.708,15.473,15.595
1351803600,15.595,15.595,15.236,15.251
1352066400,15.251,15.251,15.014,15.016
1352152800,15.016,15.224,15.016,15.134
1352239200,15.134,15.211,14.966,15.074
1352325600,15.074,15.129,14.944,14.961
1352412000,14.961,14.984,14.494,14.509
1352671200,14.509,14.509,14.015,14.047
1352757600,14.047,14.172,13.907,14.087
1352844000,14.087,14.28,14.067,14.192
1352930400,14.192,14.272,14.005,14.032
1353016800,14.032,14.087,13.718,13.832
1353276000,13.832,14.023,13.832,13.955
1353362400,13.955,14.155,13.803,14.128
1353448800,14.128,14.235,13.988,14.068
1353621600,14.068,14.265,14.068,14.16
1353880800,14.16,14.351,14.16,14.246
1353967200,14.246,14.506,14.226,14.501
1354053600,14.501,14.563,14.396,14.461
1354140000,14.461,14.596,14.408,14.486
1354226400,14.486,14.512,14.287,14.377
1354485600,14.377,14.622,14.377,14.515
1354572000,14.515,14.605,14.358,14.553
1354658400,14.553,14.791,14.539,14.789
1354744800,14.789,14.909,14.73,14.896
1354831200,14.896,14.978,14.7,14.71
1355090400,14.71,14.766,14.529,14.73
1355176800,14.73,14.87,14.642,14.707
1355263200,14.707,14.781,14.578,14.728
1355349600,14.728,14.894,14.65,14.765
1355436000,14.765,14.966,14.746,14.944
1355695200,14.944,15.084,14.924,14.945
1355781600,14.945,15.015,14.626,14.66
1355868000,14.66,14.718,14.328,14.36
1355954400,14.36,14.406,14.029,14.077
1356040800,14.077,14.37,14.077,14.34
1356300000,14.34,14.438,14.28,14.385
1356472800,14.385,14.468,14.174,14.198
1356559200,14.198,14.313,14.136,14.163
1356645600,14.163,14.294,14.151,14.195
1356904800,14.195,14.273,14.03,14.193
1357077600,14.193,14.381,13.885,13.941
1357164000,13.941,13.978,13.746,13.884
1357250400,13.884,13.989,13.58,13.728
1357509600,13.728,13.906,13.594,13.901
1357596000,13.901,13.955,13.787,13.907
1357682400,13.907,13.947,13.82,13.874
1357768800,13.874,13.964,13.805,13.857
1357855200,13.857,13.857,13.534,13.716
1358114400,13.716,14.244,13.716,14.187
1358200800,14.187,14.376,14.1,14.165
1358287200,14.165,14.386,14.14,14.362
1358373600,14.362,14.495,14.241,14.299
1358460000,14.299,14.398,14.228,14.305
1358805600,14.305,14.621,14.305,14.532
1358892000,14.532,14.595,14.336,14.371
1358978400,14.371,14.401,14.167,14.354
1359064800,14.354,14.463,14.276,14.416
1359324000,14.416,14.535,14.361,14.484
1359410400,14.484,14.592,14.426,14.509
1359496800,14.509,14.828,14.484,14.793
1359583200,14.793,14.852,14.566,14.667
1359669600,14.667,14.874,14.651,14.74
1359928800,14.74,14.99,14.74,14.888
1360015200,14.888,14.965,14.794,14.959
1360101600,14.959,14.959,14.782,14.878
1360188000,14.878,14.978,14.793,14.887
1360274400,14.887,14.957,14.526,14.536
1360533600,14.536,14.536,14.304,14.328
1360620000,14.328,14.393,14.177,14.214
1360706400,14.214,14.293,14.057,14.237
1360792800,14.237,14.296,14.071,14.177
1360879200,14.177,14.285,14.161,14.246
1361224800,14.246,14.747,14.246,14.708
1361311200,14.708,14.924,14.673,14.843
1361397600,14.843,14.948,14.715,14.873
1361484000,14.873,15.169,14.604,14.636
1361743200,14.636,14.705,14.392,14.536
1361829600,14.536,14.603,14.381,14.504
1361916000,14.504,14.66,14.426,14.561
1362002400,14.561,14.849,14.514,14.696
1362088800,14.696,14.746,14.5,14.603
1362348000,14.603,14.804,14.507,14.76
1362434400,14.76,14.978,14.754,14.817
1362520800,14.817,14.914,14.718,14.806
1362607200,14.806,14.902,14.768,14.871
1362693600,14.871,15.002,14.658,14.863
1362949200,14.863,14.989,14.824,14.933
1363035600,14.933,14.957,14.799,14.835
1363122000,14.835,14.835,14.546,14.617
1363208400,14.617,14.64,14.429,14.477
1363294800,14.477,14.59,14.361,14.378
1363554000,14.378,14.378,14.171,14.213
1363640400,14.213,14.311,14.159,14.195
1363726800,14.195,14.321,14.195,14.292
1363813200,14.292,14.612,14.292,14.591
1363899600,14.591,14.608,14.452,14.524
1364158800,14.524,14.567,14.423,14.478
1364245200,14.478,14.605,14.456,14.596
1364331600,14.596,14.687,14.548,14.629
1364418000,14.629,14.707,14.075,14.159
1364763600,14.159,14.177,13.96,13.994
1364850000,13.994,14.152,13.952,14.029
1364936400,14.029,14.064,13.847,13.88
1365022800,13.88,13.927,13.698,13.802
1365109200,13.802,13.819,13.629,13.69
1365368400,13.69,13.877,13.642,13.86
1365454800,13.86,14.047,13.832,14.022
1365541200,14.022,14.17,13.93,14.009
1365627600,14.009,14.134,13.899,14.108
1365714000,14.108,14.26,14.068,14.193
1365973200,14.193,14.26,14.023,14.026
1366059600,14.026,14.231,13.955,14.16
1366146000,14.16,14.357,14.121,14.279
1366232400,14.279,14.474,14.253,14.355
1366318800,14.355,14.466,14.28,14.346
1366578000,14.346,14.346,14.127,14.206
1366664400,14.206,14.346,14.206,14.258
1366750800,14.258,14.304,14.118,14.168
1366837200,14.168,14.429,14.147,14.406
1366923600,14.406,14.565,14.366,14.503
1367182800,14.503,14.793,14.467,14.747
1367269200,14.747,14.931,14.654,14.666
1367355600,14.666,14.666,14.314,14.401
1367442000,14.401,14.487,14.328,14.372
1367528400,14.372,14.648,14.369,14.522
1367787600,14.522,14.571,14.272,14.292
1367874000,14.292,14.445,14.28,14.427
1367960400,14.427,14.635,14.395,14.496
1368046800,14.496,14.692,14.468,14.68
1368133200,14.68,14.788,14.482,14.581
1368392400,14.581,14.794,14.499,14.733
1368478800,14.733,14.82,14.603,14.698
1368565200,14.698,14.781,14.562,14.642
1368651600,14.642,14.845,14.619,14.779
1368738000,14.779,15.013,14.769,15.012
1368997200,15.012,15.145,14.939,15.138
1369083600,15.138,15.296,15.064,15.29
1369170000,15.29,15.436,15.202,15.429
1369256400,15.429,15.975,15.369,15.569
1369342800,15.569,15.569,15.19,15.264
1369688400,15.264,15.736,15.195,15.532
1369774800,15.532,15.634,15.333,15.454
1369861200,15.454,15.509,15.292,15.393
1369947600,15.393,15.647,15.383,15.525
1370206800,15.525,15.801,15.488,15.717
1370293200,15.717,15.717,15.562,15.663
1370379600,15.663,15.864,15.61,15.717
1370466000,15.717,15.717,15.56,15.612
1370552400,15.612,15.773,15.564,15.643
1370811600,15.643,15.643,15.344,15.423
1370898000,15.423,15.75,15.423,15.736
1370984400,15.736,15.891,15.608,15.72
1371070800,15.72,15.733,15.351,15.412
1371157200,15.412,15.497,15.337,15.439
1371416400,15.439,15.439,15.158,15.43
1371502800,15.43,15.571,15.392,15.4
1371589200,15.4,15.545,15.316,15.5
1371675600,15.5,15.5,15.218,15.238
1371762000,15.238,15.275,15.108,15.133
1372021200,15.133,15.137,14.926,15.116
1372107600,15.116,15.246,15.087,15.208
1372194000,15.208,15.218,15.09,15.135
1372280400,15.135,15.245,15.094,15.192
1372366800,15.192,15.33,14.965,15.183
1372626000,15.183,15.35,15.014,15.153
1372712400,15.153,15.236,15.094,15.123
1372798800,15.123,15.271,15.107,15.185
1372971600,15.185,15.185,15.038,15.044
1373230800,15.044,15.272,14.939,15.228
1373317200,15.228,15.464,15.196,15.355
1373403600,15.355,15.439,15.276,15.282
1373490000,15.282,15.397,15.23,15.352
1373576400,15.352,15.399,14.911,14.911
1373835600,14.911,15.127,14.744,15.054
1373922000,15.054,15.419,15.054,15.257
1374008400,15.257,15.332,15.159,15.294
1374094800,15.294,15.294,15.054,15.134
1374181200,15.134,15.264,15.109,15.202
1374440400,15.202,15.394,15.055,15.35
1374526800,15.35,15.424,15.043,15.054
1374613200,15.054,15.118,14.704,14.746
1374699600,14.746,14.796,14.279,14.325
1374786000,14.325,14.384,14.112,14.372
1375045200,14.372,14.372,14.09,14.244
1375131600,14.244,14.296,13.93,13.956
1375218000,13.956,13.961,13.805,13.925
1375304400,13.925,13.925,13.666,13.705
1375390800,13.705,13.83,13.384,13.45
1375650000,13.45,13.45,13.058,13.258
1375736400,13.258,13.285,13.084,13.094
1375822800,13.094,13.23,13.065,13.125
1375909200,13.125,13.46,13.113,13.412
1375995600,13.412,13.518,13.244,13.279
1376254800,13.279,13.605,13.176,13.57
1376341200,13.57,13.693,13.53,13.54
1376427600,13.54,13.668,13.385,13.652
1376514000,13.652,13.881,13.652,13.815
1376600400,13.815,13.894,13.767,13.768
1376859600,13.768,14.201,13.768,14.184
1376946000,14.184,14.273,13.981,14.061
1377032400,14.061,14.352,13.998,14.191
1377118800,14.191,14.191,13.953,13.989
1377205200,13.989,14.459,13.989,14.436
1377464400,14.436,15.138,14.436,15.058
1377550800,15.058,15.246,14.805,14.834
1377637200,14.834,15.006,14.725,14.811
1377723600,14.811,14.931,14.698,14.781
1377810000,14.781,14.781,14.52,14.65
1378155600,14.65,15.131,14.65,14.902
1378242000,14.902,14.902,14.398,14.517
1378328400,14.517,14.663,14.316,14.651
1378414800,14.651,14.752,14.522,14.623
1378674000,14.623,14.785,14.43,14.465
1378760400,14.465,14.541,14.312,14.452
1378846800,14.452,14.516,14.382,14.474
1378933200,14.474,14.875,14.28,14.84
1379019600,14.84,14.898,14.693,14.699
1379278800,14.699,14.699,14.241,14.31
1379365200,14.31,14.475,14.113,14.247
1379451600,14.247,14.281,14.132,14.272
1379538000,14.272,14.393,14.076,14.174
1379624400,14.174,14.174,13.857,13.882
1379883600,13.882,13.882,13.748,13.767
1379970000,13.767,13.916,13.74,13.804
1380056400,13.804,13.951,13.734,13.902
1380142800,13.902,13.902,13.775,13.81
1380229200,13.81,13.923,13.765,13.839
1380488400,13.839,13.839,13.416,13.416
1380574800,13.416,13.416,13.2,13.247
1380661200,13.247,13.378,13.197,13.283
1380747600,13.283,13.443,13.261,13.43
1380834000,13.43,13.515,13.333,13.486
1381093200,13.486,13.558,13.383,13.462
1381179600,13.462,13.547,13.319,13.379
1381266000,13.379,13.401,13.282,13.351
1381352400,13.351,13.477,13.315,13.343
1381438800,13.343,13.343,13.098,13.098
1381698000,13.098,13.195,13.02,13.128
1381784400,13.128,13.157,13.026,13.058
1381870800,13.058,13.163,13.037,13.136
1381957200,13.136,13.32,13.112,13.289
1382043600,13.289,13.367,13.224,13.248
1382302800,13.248,13.349,13.203,13.343
1382389200,13.343,13.349,13.219,13.331
1382475600,13.331,13.474,13.263,13.4
1382562000,13.4,13.452,13.336,13.385
1382648400,13.385,13.397,13.276,13.276
1382907600,13.276,13.276,12.998,12.998
1382994000,12.998,13.055,12.957,13.013
1383080400,13.013,13.113,13.013,13.077
1383166800,13.077,13.178,12.959,12.973
1383253200,12.973,13.013,12.799,12.802
1383516000,12.802,12.913,12.787,12.87
1383602400,12.87,12.898,12.748,12.779
1383688800,12.779,12.883,12.77,12.814
1383775200,12.814,13.018,12.785,12.927
1383861600,12.927,13.247,12.887,13.223
1384120800,13.223,13.308,13.145,13.284
1384207200,13.284,13.459,13.218,13.408
1384293600,13.408,13.433,13.335,13.412
1384380000,13.412,13.466,13.305,13.4
1384466400,13.4,13.407,13.065,13.07
1384725600,13.07,13.129,12.998,13.109
1384812000,13.109,13.165,12.91,12.981
1384898400,12.981,13.059,12.924,12.962
1384984800,12.962,13.122,12.962,13.121
1385071200,13.121,13.438,13.121,13.411
1385330400,13.411,13.551,13.297,13.52
1385416800,13.52,13.52,13.373,13.514
1385503200,13.514,13.61,13.382,13.404
1385589600,13.404,13.425,13.321,13.321
1385676000,13.321,13.588,13.321,13.564
1385935200,13.564,13.641,13.372,13.415
1386021600,13.415,13.467,13.287,13.382
1386108000,13.382,13.5,13.302,13.452
1386194400,13.452,13.474,13.328,13.424
1386280800,13.424,13.433,13.33,13.414
1386540000,13.414,13.609,13.405,13.577
1386626400,13.577,13.657,13.444,13.531
1386712800,13.531,13.599,13.485,13.599
1386799200,13.599,13.608,13.358,13.411
1386885600,13.411,13.434,13.287,13.434
1387144800,13.434,13.589,13.34,13.538
1387231200,13.538,13.669,13.445,13.632
1387317600,13.632,13.672,13.42,13.42
1387404000,13.42,13.47,13.337,13.455
1387490400,13.455,13.639,13.405,13.582
1387749600,13.582,13.654,13.456,13.465
1387836000,13.465,13.477,13.415,13.419
1388008800,13.419,13.42,13.273,13.302
1388095200,13.302,13.39,13.293,13.381
1388354400,13.381,13.396,13.232,13.328
1388440800,13.328,13.342,13.25,13.259
1388613600,13.259,13.259,12.846,12.924
1388700000,12.924,13.002,12.867,12.933
1388959200,12.933,13.032,12.904,12.981
1389045600,12.981,13.035,12.868,12.956
1389132000,12.956,12.961,12.868,12.89
1389218400,12.89,12.977,12.876,12.937
1389304800,12.937,13.166,12.915,12.989
1389564000,12.989,13.156,12.854,13.128
1389650400,13.128,13.355,13.073,13.244
1389736800,13.244,13.393,13.218,13.369
1389823200,13.369,13.489,13.293,13.328
1389909600,13.328,13.362,13.236,13.343
1390168800,13.343,13.343,13.32,13.323
1390255200,13.323,13.323,12.964,12.965
1390341600,12.965,13.017,12.879,12.955
1390428000,12.955,13.122,12.926,12.926
1390514400,12.926,13.022,12.789,12.994
1390773600,12.994,13.071,12.937,13.017
1390860000,13.017,13.041,12.916,12.991
1390946400,12.991,12.995,12.7965,12.8405
1391032800,12.8405,12.9975,12.7325,12.8805
1391119200,12.8805,12.9665,12.8455,12.9365
1391378400,12.9365,13.1185,12.906,13.0675
1391464800,13.0675,13.2785,13.0315,13.2665
1391551200,13.2665,13.3315,13.1685,13.2785
1391637600,13.2785,13.462,13.2625,13.382
1391724000,13.382,13.456,13.332,13.4495
1391983200,13.4495,13.5265,13.3155,13.383
1392069600,13.383,13.4885,13.2615,13.435
1392156000,13.435,13.5125,13.333,13.3555
1392242400,13.3555,13.589,13.351,13.5455
1392328800,13.5455,13.6685,13.5075,13.5075
1392674400,13.5075,13.7275,13.4775,13.7225
1392760800,13.7225,13.8315,13.6255,13.6515
1392847200,13.6515,13.739,13.562,13.7025
1392933600,13.7025,13.8375,13.6505,13.8375
1393192800,13.8375,14.0145,13.8215,13.9835
1393279200,13.9835,14.1185,13.8905,14.1085
1393365600,14.1085,14.2065,14.0445,14.2055
1393452000,14.2055,14.694,14.12,14.142
1393538400,14.142,14.3685,13.9995,14.364
1393797600,14.364,14.597,14.2395,14.3065
1393884000,14.3065,14.475,14.2605,14.4605
1393970400,14.4605,14.4815,14.3105,14.43
1394056800,14.43,14.6135,14.38,14.5875
1394143200,14.5875,14.811,14.5695,14.7825
1394398800,14.7825,14.7825,14.341,14.399
1394485200,14.399,14.484,14.3055,14.3375
1394571600,14.3375,14.3375,13.843,14.0545
1394658000,14.0545,14.3125,13.9945,14.1835
1394744400,14.1835,14.197,13.9785,14.0545
1395003600,14.0545,14.1305,13.9295,14.0965
1395090000,14.0965,14.3685,14.018,14.3385
1395176400,14.3385,14.5915,14.3385,14.4875
1395262800,14.4875,14.7365,14.393,14.489
1395349200,14.489,14.5275,14.218,14.251
1395608400,14.251,14.483,14.0895,14.418
1395694800,14.418,14.5135,14.3155,14.4355
1395781200,14.4355,14.5605,14.36,14.528
1395867600,14.528,14.6545,14.4545,14.5015
1395954000,14.5015,14.5805,14.4285,14.5205
1396213200,14.5205,14.802,14.3665,14.795
1396299600,14.795,15.0515,14.7465,14.9965
1396386000,14.9965,15.0955,14.6925,14.7595
1396472400,14.7595,14.937,14.7125,14.8765
1396558800,14.8765,14.996,14.7575,14.8635
1396818000,14.8635,14.9115,14.7125,14.7685
1396904400,14.7685,14.9485,14.7365,14.9385
1396990800,14.9385,15.232,14.9305,15.0685
1397077200,15.0685,15.0685,14.8715,14.9275
1397163600,14.9275,14.928,14.7125,14.746
1397422800,14.746,14.8735,14.7145,14.8485
1397509200,14.8485,15.1845,14.8295,15.1145
1397595600,15.1145,15.3175,15.0935,15.271
1397682000,15.271,15.406,15.1275,15.229
1398027600,15.229,15.3255,14.932,15.055
1398114000,15.055,15.157,14.8405,14.8595
1398200400,14.8595,14.9445,14.7555,14.7915
1398286800,14.7915,14.8695,14.7595,14.84
1398373200,14.84,15.0895,14.84,15.0755
1398632400,15.0755,15.2785,15.0565,15.155
1398718800,15.155,15.352,15.0885,15.324
1398805200,15.324,15.324,15.169,15.275
1398891600,15.275,15.275,14.74,14.74
1398978000,14.74,14.837,14.649,14.837
1399237200,14.837,14.958,14.742,14.76
1399323600,14.76,14.7745,14.562,14.72
1399410000,14.72,14.72,14.545,14.593
1399496400,14.593,14.828,14.59,14.812
1399582800,14.812,15.04,14.654,15.015
1399842000,15.015,15.081,14.744,14.788
1399928400,14.788,14.966,14.726,14.942
1400014800,14.942,15.01,14.786,14.987
1400101200,14.987,15.052,14.739,14.838
1400187600,14.838,14.895,14.727,14.765
1400446800,14.765,15.033,14.668,14.958
1400533200,14.958,15.115,14.805,14.805
1400619600,14.805,15.16,14.779,15.146
1400706000,15.146,15.472,15.135,15.3015
1400792400,15.3015,15.3915,15.2245,15.2415
1401138000,15.2415,15.2485,14.9575,14.9895
1401224400,14.9895,15.1095,14.9185,15.0625
1401310800,15.0625,15.1755,15.0225,15.0685
1401397200,15.0685,15.1515,15.0165,15.0205
1401656400,15.0205,15.1965,14.8655,15.1015
1401742800,15.1015,15.1015,14.8285,14.8935
1401829200,14.8935,15.0355,14.8365,14.8895
1401915600,14.8895,14.9475,14.6765,14.6855
1402002000,14.6855,14.7345,14.6315,14.6595
1402261200,14.6595,14.764,14.5865,14.6385
1402347600,14.6385,14.8155,14.6075,14.6845
1402434000,14.6845,14.7255,14.5125,14.5215
1402520400,14.5215,14.5855,14.1585,14.2015
1402606800,14.2015,14.3445,14.1685,14.3075
1402866000,14.3075,14.4065,14.2265,14.2765
1402952400,14.2765,14.3015,14.0475,14.0925
1403038800,14.0925,14.2645,14.018,14.1615
1403125200,14.1615,14.2945,14.1445,14.2945
1403211600,14.2945,14.2945,14.0585,14.1495
1403470800,14.1495,14.3375,14.0425,14.1915
1403557200,14.1915,14.196,14.0465,14.1145
1403643600,14.1145,14.21,14.1015,14.1425
1403730000,14.1425,14.3515,14.1265,14.3335
1403816400,14.3335,14.4415,14.2625,14.2905
1404075600,14.2905,14.3815,13.6035,13.7435
1404162000,13.7435,13.8105,13.4965,13.7185
1404248400,13.7185,13.7965,13.5495,13.5765
1404334800,13.5765,13.6475,13.3955,13.4135
1404680400,13.4135,13.4135,13.0705,13.1105
1404766800,13.1105,13.118,12.7965,12.8375
1404853200,12.8375,12.8815,12.6595,12.8225
1404939600,12.8225,12.9485,12.6765,12.6835
1405026000,12.6835,12.7055,11.8945,12.2675
1405285200,12.2675,12.4045,12.1805,12.2565
1405371600,12.2565,12.2565,11.8015,12.0695
1405458000,12.0695,12.3015,12.0695,12.1495
1405544400,12.1495,12.2565,11.9755,12.0255
1405630800,12.0255,12.0625,11.8795,11.9075
1405890000,11.9075,11.9075,11.6955,11.7505
1405976400,11.7505,11.8715,11.6555,11.6575
1406062800,11.6575,11.8295,11.6385,11.8055
1406149200,11.8055,12.1515,11.8055,11.9095
1406235600,11.9095,11.934,11.7525,11.9025
1406494800,11.9025,12.1275,11.9025,12.1085
1406581200,12.1085,12.1755,11.8975,11.9065
1406667600,11.9065,11.943,11.6865,11.7135
1406754000,11.7135,11.7315,11.6085,11.6875
1406840400,11.6875,11.6875,11.3345,11.3765
1407099600,11.3765,11.5525,11.2885,11.5325
1407186000,11.5325,11.5325,11.3235,11.3895
1407272400,11.3895,11.5345,11.3405,11.5195
1407358800,11.5195,11.5765,11.4695,11.5375
1407445200,11.5375,11.6795,11.524,11.6695
1407704400,11.6695,11.7925,11.5535,11.5755
1407790800,11.5755,11.635,11.2585,11.4275
1407877200,11.4275,11.4975,11.2495,11.2595
1407963600,11.2595,11.4185,11.153,11.4185
1408050000,11.4185,11.5775,11.3385,11.4815
1408309200,11.4815,11.5875,11.3785,11.5575
1408395600,11.5575,11.5575,11.3995,11.4985
1408482000,11.4985,11.5175,11.3105,11.3325
1408568400,11.3325,11.4145,11.2845,11.3145
1408654800,11.3145,11.408,11.307,11.327
1408914000,11.327,11.327,11.139,11.179
1409000400,11.179,11.179,11.06,11.151
1409086800,11.151,11.216,11.071,11.094
1409173200,11.094,11.182,11.056,11.136
1409259600,11.136,11.185,11.041,11.057
1409605200,11.057,11.175,11.001,11.107
1409691600,11.107,11.107,10.894,10.972
1409778000,10.972,10.98,10.76,10.781
1409864400,10.781,10.958,10.779,10.957
1410123600,10.957,11.005,10.772,10.8
1410210000,10.8,10.8,10.608,10.62
1410296400,10.62,10.668,10.579,10.621
1410382800,10.621,10.621,10.345,10.459
1410469200,10.459,10.558,10.445,10.522
1410728400,10.522,10.565,10.365,10.526
1410814800,10.526,10.613,10.37,10.409
1410901200,10.409,10.48,10.368,10.411
1410987600,10.411,10.456,10.284,10.29
1411074000,10.29,10.292,10.119,10.124
1411333200,10.124,10.124,9.858,9.913
1411419600,9.913,9.959,9.82,9.869
1411506000,9.869,9.917,9.846,9.867
1411592400,9.867,9.91,9.705,9.709
1411678800,9.709,9.722,9.568,9.568
1411938000,9.568,9.672,9.493,9.671
1412024400,9.671,9.7305,9.523,9.5895
1412110800,9.5895,9.6135,9.4525,9.5785
1412197200,9.5785,9.6655,9.5335,9.6385
1412283600,9.6385,9.6835,9.5005,9.5355
1412542800,9.5355,9.8065,9.4965,9.7935
1412629200,9.7935,9.9225,9.6995,9.7695
1412715600,9.7695,9.8595,9.6195,9.7065
1412802000,9.7065,9.7975,9.6775,9.7735
1412888400,9.7735,9.8525,9.5615,9.5765
1413147600,9.5765,9.8195,9.4645,9.7655
1413234000,9.7655,10.0125,9.7395,9.9525
1413320400,9.9525,10.0825,9.8335,9.8485
1413406800,9.8485,9.9435,9.7835,9.9415
1413493200,9.9415,10.0105,9.7895,9.8025
1413752400,9.8025,9.8025,9.5995,9.6725
1413838800,9.6725,9.8975,9.6655,9.8445
1413925200,9.8445,10.0565,9.8255,9.8805
1414011600,9.8805,10.1555,9.7825,10.1425
1414098000,10.1425,10.2425,9.9845,9.9845
1414357200,9.9845,10.3005,9.8815,10.2955
1414443600,10.2955,10.5625,10.2165,10.3055
1414530000,10.3055,10.6615,10.2655,10.6425
1414616400,10.6425,10.7445,10.4495,10.4495
1414702800,10.4495,10.6885,10.3105,10.6835
1414965600,10.6835,10.6835,10.4035,10.4565
1415052000,10.4565,10.4565,10.1815,10.2395
1415138400,10.2395,10.3485,10.0865,10.3235
1415224800,10.3235,10.5395,10.2505,10.4075
1415311200,10.4075,10.5095,10.3245,10.4795
1415570400,10.4795,10.7075,10.3445,10.4025
1415656800,10.4025,10.8635,10.3295,10.7575
1415743200,10.7575,10.9915,10.5685,10.6075
1415829600,10.6075,10.845,10.5715,10.6585
1415916000,10.6585,10.6585,10.3595,10.3625
1416175200,10.3625,10.497,10.2595,10.477
1416261600,10.477,10.53,10.321,10.343
1416348000,10.343,10.358,10.145,10.159
1416434400,10.159,10.323,10.156,10.301
1416520800,10.301,10.504,10.242,10.499
1416780000,10.499,10.499,10.368,10.423
1416866400,10.423,10.638,10.423,10.586
1416952800,10.586,10.644,10.482,10.583
1417125600,10.583,10.606,10.222,10.233
1417384800,10.233,10.308,10.151,10.253
1417471200,10.253,10.303,10.037,10.047
1417557600,10.047,10.073,9.917,10.037
1417644000,10.037,10.2435,9.9935,10.1785
1417730400,10.1785,10.4845,10.1125,10.4155
1417989600,10.4155,10.5765,10.3735,10.5165
1418076000,10.5165,10.5685,10.4575,10.5605
1418162400,10.5605,10.6705,10.3435,10.3815
1418248800,10.3815,10.5495,10.3225,10.4985
1418335200,10.4985,10.6035,10.3805,10.5335
1418594400,10.5335,10.6085,10.4155,10.4935
1418680800,10.4935,10.4935,10.279,10.321
1418767200,10.321,10.409,10.222,10.355
1418853600,10.355,10.474,10.312,10.41
1418940000,10.41,10.429,10.2925,10.37
1419199200,10.37,10.487,10.318,10.442
1419285600,10.442,10.5445,10.397,10.4485
1419372000,10.4485,10.477,10.303,10.3385
1419544800,10.3385,10.533,10.3385,10.527
1419804000,10.527,10.67,10.451,10.474
1419890400,10.474,10.5475,10.436,10.4555
1419976800,10.4555,10.465,10.216,10.232
1420149600,10.232,10.232,10.064,10.072
1420408800,10.072,10.4655,10.054,10.445
1420495200,10.445,10.549,10.3825,10.525
1420581600,10.525,10.599,10.474,10.539
1420668000,10.539,10.6085,10.46,10.49
1420754400,10.49,10.5355,10.432,10.513
1421013600,10.513,10.603,10.155,10.164
1421100000,10.164,10.2425,10.013,10.026
1421186400,10.026,10.0855,9.921,10.054
1421272800,10.054,10.188,9.846,9.893
1421359200,9.893,9.951,9.824,9.9055
1421704800,9.9055,9.9055,9.717,9.825
1421791200,9.825,9.902,9.769,9.834
1421877600,9.834,9.917,9.745,9.756
1421964000,9.756,9.797,9.667,9.7245
1422223200,9.7245,9.835,9.665,9.828
1422309600,9.828,9.848,9.718,9.734
1422396000,9.734,9.77,9.6585,9.7
1422482400,9.7,9.771,9.666,9.679
1422568800,9.679,9.7205,9.546,9.585
1422828000,9.585,9.699,9.5615,9.589
1422914400,9.589,9.984,9.589,9.8835
1423000800,9.8835,9.896,9.671,9.708
1423087200,9.708,9.821,9.689,9.801
1423173600,9.801,9.868,9.709,9.7365
1423432800,9.7365,9.8265,9.717,9.7805
1423519200,9.7805,9.855,9.667,9.69
1423605600,9.69,9.805,9.657,9.768
1423692000,9.768,9.845,9.732,9.831
1423778400,9.831,9.972,9.8255,9.8965
1424124000,9.8965,10.083,9.8965,10.064
1424210400,10.064,10.1195,9.906,9.953
1424296800,9.953,10.1655,9.935,10.064
1424383200,10.064,10.093,9.988,9.997
1424642400,9.997,10.06,9.9195,9.971
1424728800,9.971,10.298,9.971,10.1765
1424815200,10.1765,10.224,10.029,10.078
1424901600,10.078,10.246,10.069,10.238
1424988000,10.238,10.358,10.201,10.3025
1425247200,10.3025,10.372,10.095,10.126
1425333600,10.126,10.16,10.003,10.088
1425420000,10.088,10.124,9.933,9.934
1425506400,9.934,9.961,9.833,9.835
1425592800,9.835,9.863,9.752,9.824
1425848400,9.824,9.9715,9.824,9.9175
1425934800,9.9175,9.922,9.8035,9.831
1426021200,9.831,9.957,9.811,9.897
1426107600,9.897,9.959,9.835,9.875
1426194000,9.875,9.9245,9.711,9.725
1426453200,9.725,9.764,9.66,9.674
1426539600,9.674,9.717,9.524,9.527
1426626000,9.527,9.655,9.5225,9.636
1426712400,9.636,9.7865,9.552,9.594
1426798800,9.594,9.785,9.587,9.713
1427058000,9.713,9.885,9.713,9.829
1427144400,9.829,9.8355,9.747,9.7955
1427230800,9.7955,9.863,9.769,9.773
1427317200,9.773,9.804,9.709,9.7425
1427403600,9.7425,9.752,9.639,9.658
1427662800,9.658,9.7545,9.64,9.659
1427749200,9.659,9.7955,9.5035,9.736
1427835600,9.736,9.906,9.723,9.888
1427922000,9.888,9.9165,9.798,9.849
1428267600,9.849,9.891,9.777,9.779
1428354000,9.779,9.829,9.692,9.704
1428440400,9.704,9.739,9.67,9.697
1428526800,9.697,9.71,9.4995,9.522
1428613200,9.522,9.579,9.4415,9.494
1428872400,9.494,9.566,9.4525,9.479
1428958800,9.479,9.6,9.476,9.588
1429045200,9.588,9.738,9.577,9.624
1429131600,9.624,9.679,9.538,9.643
1429218000,9.643,9.707,9.6155,9.679
1429477200,9.679,9.781,9.6675,9.7535
1429563600,9.7535,9.7535,9.657,9.711
1429650000,9.711,9.7315,9.618,9.664
1429736400,9.664,9.803,9.664,9.749
1429822800,9.749,9.783,9.641,9.675
1430082000,9.675,9.753,9.6155,9.684
1430168400,9.684,9.835,9.681,9.726
1430254800,9.726,9.831,9.687,9.83
1430341200,9.83,9.906,9.685,9.719
1430427600,9.719,9.747,9.571,9.601
1430686800,9.601,9.746,9.59,9.701
1430773200,9.701,9.828,9.701,9.799
1430859600,9.799,9.865,9.743,9.769
1430946000,9.769,9.808,9.688,9.704
1431032400,9.704,9.749,9.657,9.715
1431291600,9.715,9.7825,9.688,9.708
1431378000,9.708,9.778,9.522,9.523
1431464400,9.523,9.592,9.51,9.546
1431550800,9.546,9.588,9.498,9.521
1431637200,9.521,9.578,9.471,9.503
1431896400,9.503,9.6095,9.47,9.495
1431982800,9.495,9.528,9.391,9.442
1432069200,9.442,9.4435,9.336,9.378
1432155600,9.378,9.435,9.345,9.358
1432242000,9.358,9.395,9.226,9.226
1432587600,9.226,9.278,9.181,9.194
1432674000,9.194,9.291,9.194,9.23
1432760400,9.23,9.316,9.197,9.2275
1432846800,9.2275,9.349,9.224,9.318
1433106000,9.318,9.326,9.194,9.242
1433192400,9.242,9.421,9.2315,9.3895
1433278800,9.3895,9.434,9.295,9.335
1433365200,9.335,9.465,9.3,9.435
1433451600,9.435,9.498,9.333,9.361
1433710800,9.361,9.489,9.3345,9.415
1433797200,9.415,9.53,9.415,9.497
1433883600,9.497,9.558,9.4285,9.477
1433970000,9.477,9.511,9.364,9.389
1434056400,9.389,9.452,9.3155,9.379
1434315600,9.379,9.42,9.288,9.3555
1434402000,9.3555,9.5735,9.3555,9.5705
1434488400,9.5705,9.7235,9.5705,9.6825
1434574800,9.6825,9.8005,9.6305,9.7535
1434661200,9.7535,9.7805,9.6655,9.7055
1434920400,9.7055,9.8785,9.6885,9.8775
1435006800,9.8775,9.9695,9.7765,9.8595
1435093200,9.8595,9.9035,9.7985,9.8235
1435179600,9.8235,10.0355,9.7925,10.0055
1435266000,10.0055,10.2545,9.99,10.1585
1435525200,10.1585,10.2135,10.0335,10.0705
1435611600,10.0705,10.6335,9.9835,10.6335
1435698000,10.6335,10.681,10.4575,10.5285
1435784400,10.5285,10.6005,10.4155,10.4985
1436130000,10.4985,10.4985,10.2835,10.3295
1436216400,10.3295,10.3695,9.9995,10.0345
1436302800,10.0345,10.1885,9.9775,10.0585
1436389200,10.0585,10.4425,10.0585,10.3625
1436475600,10.3625,10.5855,10.3245,10.4205
1436734800,10.4205,10.4965,10.3055,10.4715
1436821200,10.4715,10.6315,10.4025,10.4225
1436907600,10.4225,10.4405,10.2185,10.339
1436994000,10.339,10.4645,10.2225,10.2445
1437080400,10.2445,10.2825,10.1415,10.2105
1437339600,10.2105,10.2105,10.0445,10.143
1437426000,10.143,10.2265,10.1355,10.212
1437512400,10.212,10.247,10.1075,10.1495
1437598800,10.1495,10.2215,9.9655,10.0045
1437685200,10.0045,10.0215,9.7895,9.8085
1437944400,9.8085,9.8085,9.4995,9.5185
1438030800,9.5185,9.6835,9.5185,9.6715
1438117200,9.6715,9.7775,9.617,9.6885
1438203600,9.6885,9.8235,9.684,9.7695
1438290000,9.7695,9.7835,9.6325,9.6345
1438549200,9.6345,9.647,9.5025,9.5625
1438635600,9.5625,9.6755,9.5325,9.597
1438722000,9.597,9.743,9.587,9.725
1438808400,9.725,9.7525,9.6285,9.6585
1438894800,9.6585,9.8685,9.6195,9.859
1439154000,9.859,10.1875,9.859,10.175
1439240400,10.175,10.175,9.8745,9.9055
1439326800,9.9055,9.9375,9.1815,9.2995
1439413200,9.2995,9.4535,9.2815,9.4485
1439499600,9.4485,9.4485,9.2965,9.3245
1439758800,9.3245,9.3985,9.2575,9.3265
1439845200,9.3265,9.3545,9.1825,9.1915
1439931600,9.1915,9.2445,9.0625,9.1015
1440018000,9.1015,9.2425,9.0345,9.2265
1440104400,9.2265,9.2285,9.0375,9.0495
1440363600,9.0495,9.0495,8.6895,8.9155
1440450000,8.9155,9.0355,8.813,8.9075
1440536400,8.9075,8.9595,8.7775,8.7895
1440622800,8.7895,8.9765,8.7895,8.9135
1440709200,8.9135,9.0225,8.8985,8.9965
1440968400,8.9965,9.0135,8.8395,8.9905
1441054800,8.9905,8.9955,8.8125,8.8745
1441141200,8.8745,8.9275,8.7755,8.8545
1441227600,8.8545,8.9485,8.8065,8.8115
1441314000,8.8115,8.8805,8.7745,8.7825
1441659600,8.7825,8.9625,8.7825,8.8905
1441746000,8.8905,8.9705,8.8215,8.8355
1441832400,8.8355,8.9035,8.7995,8.8525
1441918800,8.8525,8.8875,8.6495,8.8545
1442178000,8.8545,8.9925,8.8545,8.9435
1442264400,8.9435,9.0485,8.9375,8.9955
1442350800,8.9955,9.0465,8.9355,8.9685
1442437200,8.9685,9.0055,8.9055,8.9445
1442523600,8.9445,8.9635,8.7625,8.7715
1442782800,8.7715,8.8635,8.7435,8.8275
1442869200,8.8275,8.8275,8.7005,8.7095
1442955600,8.7095,8.7825,8.7015,8.7195
1443042000,8.7195,8.7775,8.6665,8.7715
1443128400,8.7715,8.9855,8.7715,8.9755
1443387600,8.9755,9.0015,8.8365,8.8525
1443474000,8.8525,8.9265,8.8145,8.9195
1443560400,8.9195,9.1025,8.8915,8.9975
1443646800,8.9975,9.0675,8.8435,8.8535
1443733200,8.8535,8.8915,8.7565,8.8165
1443992400,8.8165,8.9265,8.7895,8.9015
1444078800,8.9015,9.0225,8.8605,8.9405
1444165200,8.9405,9.0245,8.9205,8.9715
1444251600,8.9715,8.9805,8.8635,8.8795
1444338000,8.8795,9.0305,8.7765,8.9155
1444597200,8.9155,8.9995,8.9155,8.9275
1444683600,8.9275,9.2035,8.9175,9.1765
1444770000,9.1765,9.2535,9.1475,9.1525
1444856400,9.1525,9.2075,9.0925,9.1035
1444942800,9.1035,9.1565,9.0225,9.0395
1445202000,9.0395,9.0485,8.9495,8.9565
1445288400,8.9565,9.0585,8.9395,9.0035
1445374800,9.0035,9.104,8.9855,9.091
1445461200,9.091,9.151,8.9945,9.005
1445547600,9.005,9.027,8.922,8.935
1445806800,8.935,8.992,8.82,8.844
1445893200,8.844,8.9365,8.797,8.899
1445979600,8.899,8.907,8.815,8.82
1446066000,8.82,8.857,8.75,8.786
1446152400,8.786,8.867,8.7835,8.844
1446415200,8.844,8.902,8.778,8.7905
1446501600,8.7905,8.86,8.75,8.791
1446588000,8.791,8.8625,8.785,8.8465
1446674400,8.8465,8.8475,8.628,8.645
1446760800,8.645,8.6765,8.5765,8.6665
1447020000,8.6665,8.714,8.653,8.658
1447106400,8.658,8.678,8.496,8.575
1447192800,8.575,8.609,8.536,8.599
1447279200,8.599,8.646,8.546,8.624
1447365600,8.624,8.624,8.541,8.5525
1447624800,8.5525,8.599,8.509,8.584
1447711200,8.584,8.644,8.574,8.632
1447797600,8.632,8.672,8.522,8.581
1447884000,8.581,8.624,8.522,8.595
1447970400,8.595,8.607,8.517,8.574
1448229600,8.574,8.649,8.44,8.635
1448316000,8.635,8.687,8.61,8.632
1448402400,8.632,8.765,8.612,8.745
1448575200,8.745,8.773,8.707,8.725
1448834400,8.725,8.827,8.7,8.812
1448920800,8.812,8.913,8.798,8.901
1449007200,8.901,8.943,8.8445,8.907
1449093600,8.907,8.975,8.848,8.966
1449180000,8.966,9.065,8.925,9.059
1449439200,9.059,9.093,8.8115,8.846
1449525600,8.846,8.8645,8.723,8.766
1449612000,8.766,8.833,8.696,8.763
1449698400,8.763,8.863,8.729,8.783
1449784800,8.783,8.846,8.702,8.713
1450044000,8.713,8.768,8.6805,8.745
1450130400,8.745,8.765,8.643,8.6515
1450216800,8.6515,8.6855,8.543,8.612
1450303200,8.612,8.7605,8.517,8.74
1450389600,8.74,8.916,8.706,8.908
1450648800,8.908,8.942,8.849,8.884
1450735200,8.884,8.927,8.827,8.84
1450821600,8.84,8.861,8.7785,8.782
1450908000,8.782,8.818,8.701,8.713
1451253600,8.713,8.713,8.583,8.599
1451340000,8.599,8.695,8.588,8.6295
1451426400,8.6295,8.71,8.615,8.664
1451512800,8.664,8.705,8.608,8.625
1451858400,8.625,8.65,8.512,8.555
1451944800,8.555,8.6245,8.535,8.549
1452031200,8.549,8.657,8.5025,8.622
1452117600,8.622,8.665,8.563,8.626
1452204000,8.626,8.687,8.616,8.631
1452463200,8.631,8.677,8.577,8.598
1452549600,8.598,8.792,8.555,8.7225
1452636000,8.7225,8.787,8.692,8.776
1452722400,8.776,8.825,8.73,8.814
1452808800,8.814,8.814,8.693,8.764
1453154400,8.764,8.861,8.764,8.808
1453240800,8.808,8.822,8.689,8.72
1453327200,8.72,8.839,8.7055,8.777
1453413600,8.777,8.847,8.73,8.744
1453672800,8.744,8.803,8.693,8.789
1453759200,8.789,8.808,8.741,8.748
1453845600,8.748,8.834,8.741,8.8175
1453932000,8.8175,8.827,8.66,8.668
1454018400,8.668,8.815,8.657,8.801
1454277600,8.801,8.813,8.7485,8.7975
1454364000,8.7975,8.881,8.771,8.8525
1454450400,8.8525,8.8525,8.731,8.756
1454536800,8.756,8.831,8.717,8.747
1454623200,8.747,8.777,8.66,8.672
1454882400,8.672,8.677,8.606,8.6185
1454968800,8.6185,8.653,8.586,8.629
1455055200,8.629,8.651,8.606,8.612
1455141600,8.612,8.734,8.612,8.723
1455228000,8.723,8.744,8.677,8.716
1455573600,8.716,8.818,8.716,8.7855
1455660000,8.7855,8.837,8.761,8.815
1455746400,8.815,8.822,8.777,8.799
1455832800,8.799,8.813,8.7735,8.786
1456092000,8.786,8.868,8.786,8.8105
1456178400,8.8105,8.8105,8.684,8.703
1456264800,8.703,8.72,8.665,8.692
1456351200,8.692,8.735,8.623,8.629
1456437600,8.629,8.6625,8.591,8.609
1456696800,8.609,8.622,8.575,8.595
1456783200,8.595,8.634,8.545,8.556
1456869600,8.556,8.623,8.535,8.586
1456956000,8.586,8.6275,8.5515,8.609
1457042400,8.609,8.765,8.609,8.752
1457301600,8.752,8.851,8.752,8.782
1457388000,8.782,8.827,8.729,8.819
1457474400,8.819,8.854,8.78,8.834
1457560800,8.834,8.875,8.79,8.852
1457647200,8.852,8.943,8.8505,8.919
1457902800,8.919,8.946,8.881,8.936
1457989200,8.936,8.936,8.864,8.898
1458075600,8.898,8.924,8.84,8.921
1458162000,8.921,9.02,8.9155,8.945
1458248400,8.945,9.025,8.9385,8.952
1458507600,8.952,9.029,8.904,8.997
1458594000,8.997,9.119,8.983,9.083
1458680400,9.083,9.1055,8.994,9.042
1458766800,9.042,9.097,9.002,9.085
1459112400,9.085,9.128,9.046,9.081
1459198800,9.081,9.146,9.054,9.145
1459285200,9.145,9.152,9.069,9.069
1459371600,9.069,9.122,8.9435,9.083
1459458000,9.083,9.183,9.067,9.168
1459717200,9.168,9.2065,9.114,9.119
1459803600,9.119,9.149,9.0275,9.035
1459890000,9.035,9.082,8.997,9.068
1459976400,9.068,9.082,9.023,9.029
1460062800,9.029,9.155,9.018,9.147
1460322000,9.147,9.281,9.143,9.2705
1460408400,9.2705,9.372,9.2365,9.37
1460494800,9.37,9.564,9.362,9.558
1460581200,9.558,9.582,9.447,9.451
1460667600,9.451,9.57,9.451,9.541
1460926800,9.541,9.631,9.489,9.532
1461013200,9.532,9.859,9.5195,9.823
1461099600,9.823,10.108,9.754,10.072
1461186000,10.072,10.3335,10.015,10.168
1461272400,10.168,10.168,9.788,9.839
1461531600,9.839,10.2,9.771,10.002
1461618000,10.002,10.187,9.924,10.172
1461704400,10.172,10.202,10.0175,10.159
1461790800,10.159,10.367,10.089,10.194
1461877200,10.194,10.289,10.093,10.204
1462136400,10.204,10.3595,10.119,10.356
1462222800,10.356,10.4815,10.146,10.199
1462309200,10.199,10.37,10.136,10.266
1462395600,10.266,10.388,10.031,10.051
1462482000,10.051,10.3,10.004,10.296
1462741200,10.296,10.358,10.113,10.188
1462827600,10.188,10.834,10.1585,10.723
1462914000,10.723,10.8265,10.6495,10.704
1463000400,10.704,10.816,10.551,10.6405
1463086800,10.6405,10.675,10.5,10.563
1463346000,10.563,10.6415,10.4795,10.556
1463432400,10.556,10.793,10.556,10.737
1463518800,10.737,10.806,10.568,10.658
1463605200,10.658,10.675,10.443,10.631
1463691600,10.631,10.804,10.566,10.691
1463950800,10.691,10.7245,10.458,10.51
1464037200,10.51,10.633,10.3745,10.485
1464123600,10.485,10.813,10.485,10.8015
1464210000,10.8015,10.916,10.6715,10.736
1464296400,10.736,10.8475,10.659,10.811
1464555600,10.811,10.811,10.793,10.793
1464642000,10.793,10.905,10.716,10.731
1464728400,10.731,10.969,10.6285,10.9385
1464814800,10.9385,11.403,10.9385,11.3965
1464901200,11.3965,11.6345,11.22,11.289
1465160400,11.289,11.567,11.289,11.334
1465246800,11.334,11.437,11.243,11.373
1465333200,11.373,11.842,11.333,11.742
1465419600,11.742,11.8,11.616,11.7155
1465506000,11.7155,12.0325,11.6435,11.7235
1465765200,11.7235,11.942,11.632,11.669
1465851600,11.669,11.723,11.485,11.658
1465938000,11.658,11.738,11.508,11.519
1466024400,11.519,11.56,11.25,11.31
1466110800,11.31,11.563,11.2915,11.541
1466370000,11.541,11.541,11.37,11.427
1466456400,11.427,11.4855,11.259,11.311
1466542800,11.311,11.44,11.232,11.352
1466629200,11.352,11.399,11.204,11.233
1466715600,11.233,11.2885,10.969,11.0695
1466974800,11.0695,11.3605,11.0105,11.336
1467061200,11.336,11.6305,11.2625,11.481
1467147600,11.481,11.539,11.3805,11.4295
1467234000,11.4295,11.8375,11.2275,11.7735
1467320400,11.7735,11.8065,11.6535,11.6615
1467666000,11.6615,11.6615,11.0695,11.0905
1467752400,11.0905,11.163,10.6485,11.0455
1467838800,11.0455,11.1895,10.5105,10.5105
1467925200,10.5105,10.8595,10.4705,10.8415
1468184400,10.8415,11.0235,10.7525,10.7995
1468270800,10.7995,11.0425,10.7445,11.0425
1468357200,11.0425,11.3625,10.9825,11.2385
1468443600,11.2385,11.4215,10.8115,10.863
1468530000,10.863,10.9855,10.5795,10.7365
1468789200,10.7365,10.8335,10.5155,10.781
1468875600,10.781,10.8005,10.4215,10.4805
1468962000,10.4805,10.5715,10.2595,10.273
1469048400,10.273,10.4345,10.2475,10.3475
1469134800,10.3475,10.3795,9.8605,10.0765
1469394000,10.0765,10.1105,9.8255,9.8385
1469480400,9.8385,10.0345,9.8135,9.9475
1469566800,9.9475,10.1605,9.9205,10.1085
1469653200,10.1085,10.221,9.9875,10.05
1469739600,10.05,10.3365,9.9575,10.2875
1469998800,10.2875,10.2875,9.8415,9.8905
1470085200,9.8905,9.9365,9.6815,9.7815
1470171600,9.7815,9.9215,9.7535,9.7925
1470258000,9.7925,9.9285,9.7555,9.8055
1470344400,9.8055,10.0495,9.8055,9.9945
1470603600,9.9945,10.1375,9.9495,10.0975
1470690000,10.0975,10.2385,10.0165,10.1235
1470776400,10.1235,10.2205,9.9675,10.0555
1470862800,10.0555,10.1385,10.0225,10.0825
1470949200,10.0825,10.1635,9.8575,10.0695
1471208400,10.0695,10.3435,10.0275,10.3295
1471294800,10.3295,10.3895,10.2415,10.3135
1471381200,10.3135,10.4015,10.2595,10.3855
1471467600,10.3855,10.4035,10.1875,10.3715
1471554000,10.3715,10.3965,10.2005,10.2565
1471813200,10.2565,10.4165,10.2055,10.3685
1471899600,10.3685,10.3815,10.2785,10.3435
1471986000,10.3435,10.3515,10.1725,10.2535
1472072400,10.2535,10.2575,9.9525,9.9525
1472158800,9.9525,10.0025,9.8015,9.8675
1472418000,9.8675,9.9315,9.8055,9.8345
1472504400,9.8345,9.8735,9.6495,9.7145
1472590800,9.7145,9.7435,9.5605,9.6015
1472677200,9.6015,9.6625,9.5475,9.6115
1472763600,9.6115,9.7315,9.6115,9.7045
1473109200,9.7045,9.8075,9.6335,9.7495
1473195600,9.7495,9.9495,9.7495,9.9305
1473282000,9.9305,10.0045,9.8695,9.9255
1473368400,9.9255,9.9965,9.8815,9.9465
1473627600,9.9465,10.0545,9.7425,9.8095
1473714000,9.8095,9.8635,9.5725,9.6005
1473800400,9.6005,9.6255,9.5515,9.5775
1473886800,9.5775,9.6735,9.5575,9.6415
1473973200,9.6415,9.8335,9.5985,9.7995
1474232400,9.7995,9.9505,9.7985,9.8705
1474318800,9.8705,10.0775,9.8445,10.0315
1474405200,10.0315,10.0395,9.8485,9.8915
1474491600,9.8915,9.9655,9.8355,9.8835
1474578000,9.8835,9.8895,9.6525,9.6635
1474837200,9.6635,9.7215,9.5565,9.5845
1474923600,9.5845,9.6495,9.4545,9.6405
1475010000,9.6405,9.6695,9.5595,9.5705
1475096400,9.5705,9.6835,9.5705,9.6085
1475182800,9.6085,9.6925,9.5405,9.6335
1475442000,9.6335,9.8515,9.5665,9.8425
1475528400,9.8425,9.8425,9.7005,9.7315
1475614800,9.7315,9.7745,9.6025,9.6545
1475701200,9.6545,9.6905,9.5655,9.6805
1475787600,9.6805,9.8235,9.6455,9.6555
1476046800,9.6555,9.7265,9.5865,9.6255
1476133200,9.6255,9.6885,9.5995,9.6165
1476219600,9.6165,9.7915,9.5115,9.5385
1476306000,9.5385,9.6705,9.4495,9.6225
1476392400,9.6225,9.8175,9.5975,9.7025
1476651600,9.7025,9.857,9.6815,9.849
1476738000,9.849,9.939,9.7935,9.798
1476824400,9.798,9.9085,9.787,9.9035
1476910800,9.9035,9.977,9.8155,9.84
1476997200,9.84,9.924,9.8265,9.922
1477256400,9.922,10.08,9.8835,10.007
1477342800,10.007,10.07,9.915,10.009
1477429200,10.009,10.21,9.9965,10.2085
1477515600,10.2085,10.3,10.128,10.238
1477602000,10.238,10.2695,10.093,10.1085
1477861200,10.1085,10.1725,10.061,10.112
1477947600,10.112,10.151,9.908,9.914
1478034000,9.914,9.951,9.824,9.855
1478120400,9.855,9.931,9.849,9.895
1478206800,9.895,9.939,9.834,9.895
1478469600,9.895,10.0085,9.894,9.98
1478556000,9.98,10.199,9.964,10.1
1478642400,10.1,10.167,9.837,9.907
1478728800,9.907,10.182,9.8825,10.012
1478815200,10.012,10.172,9.765,9.867
1479074400,9.867,9.89,9.747,9.841
1479160800,9.841,9.91,9.78,9.908
1479247200,9.908,9.97,9.823,9.848
1479333600,9.848,9.93,9.803,9.894
1479420000,9.894,9.9595,9.818,9.943
1479679200,9.943,10.205,9.943,10.204
1479765600,10.204,10.3255,10.15,10.302
1479852000,10.302,10.351,10.168,10.336
1479938400,10.336,10.336,10.322,10.322
1480024800,10.322,10.4605,10.291,10.451
1480284000,10.451,10.643,10.424,10.5395
1480370400,10.5395,10.584,10.389,10.428
1480456800,10.428,10.5215,10.309,10.3095
1480543200,10.3095,10.394,10.219,10.309
1480629600,10.309,10.372,10.262,10.29
1480888800,10.29,10.491,10.2745,10.432
1480975200,10.432,10.612,10.384,10.464
1481061600,10.464,10.525,10.3945,10.5
1481148000,10.5,10.5,10.232,10.255
1481234400,10.255,10.382,10.2105,10.382
1481493600,10.382,10.4695,10.263,10.309
1481580000,10.309,10.383,10.25,10.273
1481666400,10.273,10.288,10.2045,10.239
1481752800,10.239,10.38,10.1815,10.295
1481839200,10.295,10.375,10.228,10.367
1482098400,10.367,10.3855,10.203,10.217
1482184800,10.217,10.236,10.039,10.043
1482271200,10.043,10.119,10.043,10.073
1482357600,10.073,10.084,9.934,9.944
1482444000,9.944,9.966,9.876,9.899
1482789600,9.899,10.1515,9.8905,10.1365
1482876000,10.1365,10.187,10.016,10.068
1482962400,10.068,10.146,10.02,10.026
1483048800,10.026,10.0875,9.9325,9.957
1483394400,9.957,10.025,9.858,9.868
1483480800,9.868,10.067,9.84,10.053
1483567200,10.053,10.07,9.989,10.038
1483653600,10.038,10.059,9.852,9.867
1483912800,9.867,9.977,9.855,9.962
1483999200,9.962,10.067,9.891,10.051
1484085600,10.051,10.083,9.932,10.022
1484172000,10.022,10.331,9.983,10.3185
1484258400,10.3185,10.446,10.25,10.362
1484604000,10.362,10.68,10.362,10.612
1484690400,10.612,10.723,10.552,10.661
1484776800,10.661,10.697,10.595,10.629
1484863200,10.629,10.639,10.53,10.601
1485122400,10.601,10.626,10.487,10.527
1485208800,10.527,10.614,10.448,10.526
1485295200,10.526,10.534,10.437,10.506
1485381600,10.506,10.522,10.394,10.424
1485468000,10.424,10.457,10.37,10.434
1485727200,10.434,10.434,10.138,10.172
1485813600,10.172,10.211,10.142,10.189
1485900000,10.189,10.317,10.118,10.315
1485986400,10.315,10.362,10.261,10.314
1486072800,10.314,10.389,10.215,10.217
1486332000,10.217,10.376,10.214,10.32
1486418400,10.32,10.385,10.275,10.366
1486504800,10.366,10.551,10.354,10.538
1486591200,10.538,10.569,10.408,10.455
1486677600,10.455,10.592,10.434,10.54
1486936800,10.54,10.578,10.467,10.5155
1487023200,10.5155,10.52,10.39,10.4165
1487109600,10.4165,10.58,10.368,10.5705
1487196000,10.5705,10.5905,10.39,10.4025
1487282400,10.4025,10.428,10.278,10.3085
1487628000,10.3085,10.414,10.234,10.2435
1487714400,10.2435,10.292,10.199,10.2015
1487800800,10.2015,10.243,10.078,10.1145
1487887200,10.1145,10.144,10.073,10.1155
1488146400,10.1155,10.167,10.0495,10.1185
1488232800,10.1185,10.436,10.113,10.2425
1488319200,10.2425,10.398,10.2295,10.3975
1488405600,10.3975,10.3975,10.202,10.2485
1488492000,10.2485,10.29,10.172,10.2545
1488751200,10.2545,10.37,10.246,10.2645
1488837600,10.2645,10.304,10.114,10.1455
1488924000,10.1455,10.1665,10.078,10.1045
1489010400,10.1045,10.118,9.9595,10.0075
1489096800,10.0075,10.023,9.928,9.972
1489352400,9.972,10.001,9.938,9.9695
1489438800,9.9695,9.982,9.826,9.8945
1489525200,9.8945,9.98,9.858,9.878
1489611600,9.878,9.972,9.867,9.9205
1489698000,9.9205,9.951,9.854,9.9135
1489957200,9.9135,9.998,9.8995,9.9075
1490043600,9.9075,9.994,9.868,9.9245
1490130000,9.9245,9.947,9.858,9.907
1490216400,9.907,9.936,9.826,9.8275
1490302800,9.8275,9.8285,9.646,9.6805
1490562000,9.6805,9.712,9.612,9.6375
1490648400,9.6375,9.694,9.6375,9.639
1490734800,9.639,9.6885,9.605,9.627
1490821200,9.627,9.63,9.5455,9.5575
1490907600,9.5575,9.5965,9.3795,9.3835
1491166800,9.3835,9.432,9.314,9.338
1491253200,9.338,9.368,9.308,9.322
1491339600,9.322,9.426,9.32,9.3855
1491426000,9.3855,9.408,9.3315,9.3365
1491512400,9.3365,9.4,9.32,9.36
1491771600,9.36,9.4385,9.346,9.3685
1491858000,9.3685,9.4005,9.253,9.3755
1491944400,9.3755,9.468,9.364,9.4395
1492030800,9.4395,9.548,9.424,9.5265
1492376400,9.5265,9.58,9.478,9.4845
1492462800,9.4845,9.51,9.362,9.4245
1492549200,9.4245,9.5085,9.39,9.4685
1492635600,9.4685,9.522,9.426,9.4325
1492722000,9.4325,9.494,9.416,9.4825
1492981200,9.4825,9.594,9.4825,9.579
1493067600,9.579,9.582,9.518,9.5315
1493154000,9.5315,9.5565,9.427,9.4425
1493240400,9.4425,9.488,9.42,9.4425
1493326800,9.4425,9.464,9.402,9.4355
1493586000,9.4355,9.628,9.4355,9.585
1493672400,9.585,9.666,9.5375,9.5735
1493758800,9.5735,9.648,9.552,9.6295
1493845200,9.6295,9.684,9.582,9.635
1493931600,9.635,9.716,9.566,9.6315
1494190800,9.6315,9.638,9.528,9.53
1494277200,9.53,9.664,9.53,9.6375
1494363600,9.6375,9.782,9.566,9.5995
1494450000,9.5995,9.652,9.528,9.5555
1494536400,9.5555,9.575,9.506,9.5305
1494795600,9.5305,9.632,9.529,9.5655
1494882000,9.5655,9.676,9.544,9.6735
1494968400,9.6735,9.71,9.644,9.6605
1495054800,9.6605,9.6605,9.338,9.3555
1495141200,9.3555,9.472,9.3555,9.4425
1495400400,9.4425,9.5245,9.4425,9.4965
1495486800,9.4965,9.5085,9.39,9.4095
1495573200,9.4095,9.4385,9.352,9.3945
1495659600,9.3945,9.442,9.307,9.313
1495746000,9.313,9.332,9.1795,9.1805
1496091600,9.1805,9.216,9.038,9.0515
1496178000,9.0515,9.135,9.03,9.0895
1496264400,9.0895,9.138,9.052,9.0685
1496350800,9.0685,9.174,9.044,9.166
1496610000,9.166,9.204,9.12,9.1595
1496696400,9.1595,9.284,9.144,9.1865
1496782800,9.1865,9.286,9.1865,9.248
1496869200,9.248,9.39,9.248,9.3225
1496955600,9.3225,9.3845,9.276,9.3635
1497214800,9.3635,9.38,9.254,9.2665
1497301200,9.2665,9.366,9.2665,9.2795
1497387600,9.2795,9.3425,9.2655,9.2715
1497474000,9.2715,9.34,9.212,9.309
1497560400,9.309,9.376,9.276,9.3585
1497819600,9.3585,9.434,9.3,9.3465
1497906000,9.3465,9.368,9.224,9.2535
1497992400,9.2535,9.29,9.136,9.1635
1498078800,9.1635,9.172,8.998,9.0195
1498165200,9.0195,9.0575,8.972,9.0205
1498424400,9.0205,9.084,9,9.0295
1498510800,9.0295,9.148,9.0295,9.0755
1498597200,9.0755,9.136,9.07,9.1105
1498683600,9.1105,9.258,9.1105,9.1465
1498770000,9.1465,9.478,9.118,9.4345
1499029200,9.4345,9.81,9.4345,9.706
1499202000,9.706,9.87,9.706,9.8465
1499288400,9.8465,9.902,9.75,9.8765
1499374800,9.8765,10.076,9.858,10.0255
1499634000,10.0255,10.333,10.0255,10.2895
1499720400,10.2895,10.366,10.123,10.3165
1499806800,10.3165,10.346,10.14,10.2425
1499893200,10.2425,10.2425,9.77,9.7845
1499979600,9.7845,9.9485,9.748,9.9335
1500238800,9.9335,9.98,9.8455,9.8855
1500325200,9.8855,10.072,9.8855,9.923
1500411600,9.923,10.078,9.874,10.0295
1500498000,10.0295,10.218,9.9915,10.1795
1500584400,10.1795,10.18,10.062,10.1195
1500843600,10.1195,10.1195,9.896,10.0075
1500930000,10.0075,10.262,9.8355,9.8365
1501016400,9.8365,9.938,9.76,9.9215
1501102800,9.9215,10.038,9.9,9.9865
1501189200,9.9865,10.11,9.938,10.038
1501448400,10.038,10.038,9.864,9.9795
1501534800,9.9795,9.9795,9.62,9.6265
1501621200,9.6265,9.73,9.626,9.6785
1501707600,9.6785,9.685,9.4775,9.5405
1501794000,9.5405,9.568,9.482,9.4955
1502053200,9.4955,9.652,9.4955,9.6085
1502139600,9.6085,9.722,9.6085,9.6555
1502226000,9.6555,9.706,9.599,9.6555
1502312400,9.6555,9.802,9.316,9.3615
1502398800,9.3615,9.394,9.302,9.3895
1502658000,9.3895,9.3895,9.24,9.3075
1502744400,9.3075,9.324,9.164,9.1765
1502830800,9.1765,9.211,9.148,9.1985
1502917200,9.1985,9.284,9.194,9.2735
1503003600,9.2735,9.3245,9.234,9.319
1503262800,9.319,9.322,9.25,9.2895
1503349200,9.2895,9.3645,9.253,9.3135
1503435600,9.3135,9.408,9.268,9.318
1503522000,9.318,9.416,9.298,9.4025
1503608400,9.4025,9.41,9.362,9.3865
1503867600,9.3865,9.448,9.325,9.3585
1503954000,9.3585,9.38,9.291,9.3145
1504040400,9.3145,9.352,9.262,9.2725
1504126800,9.2725,9.431,9.27,9.4085
1504213200,9.4085,9.464,9.378,9.4365
1504558800,9.4365,9.682,9.4365,9.6355
1504645200,9.6355,9.7145,9.598,9.6605
1504731600,9.6605,9.722,9.608,9.6355
1504818000,9.6355,9.716,9.567,9.5705
1505077200,9.5705,9.6375,9.522,9.5615
1505163600,9.5615,9.61,9.332,9.4555
1505250000,9.4555,9.587,9.423,9.5685
1505336400,9.5685,9.736,9.558,9.7145
1505422800,9.7145,9.73,9.628,9.6385
1505682000,9.6385,9.724,9.624,9.64
1505768400,9.64,9.674,9.544,9.6185
1505854800,9.6185,9.698,9.608,9.6605
1505941200,9.6605,9.688,9.59,9.6585
1506027600,9.6585,9.83,9.652,9.8105
1506286800,9.8105,9.819,9.674,9.6795
1506373200,9.6795,9.706,9.59,9.5945
1506459600,9.5945,9.648,9.546,9.6165
1506546000,9.6165,9.623,9.542,9.5705
1506632400,9.5705,9.724,9.52,9.6435
1506891600,9.6435,9.646,9.5315,9.5355
1506978000,9.5355,9.58,9.494,9.5235
1507064400,9.5235,9.586,9.498,9.5515
1507150800,9.5515,9.6785,9.548,9.6605
1507237200,9.6605,9.708,9.608,9.7025
1507496400,9.7025,9.742,9.628,9.6385
1507582800,9.6385,9.73,9.618,9.6405
1507669200,9.6405,9.648,9.608,9.6325
1507755600,9.6325,9.95,9.566,9.8995
1507842000,9.8995,10.01,9.878,9.9735
1508101200,9.9735,9.9735,9.8815,9.8905
1508187600,9.8905,9.8905,9.806,9.8285
1508274000,9.8285,9.864,9.798,9.8185
1508360400,9.8185,9.868,9.8135,9.8455
1508446800,9.8455,9.922,9.763,9.7645
1508706000,9.7645,9.812,9.734,9.7845
1508792400,9.7845,9.816,9.7135,9.7495
1508878800,9.7495,9.816,9.738,9.7395
1508965200,9.7395,9.772,9.69,9.6965
1509051600,9.6965,9.742,9.672,9.7315
1509310800,9.7325,9.797,9.698,9.7085
1509397200,9.7085,9.7505,9.69,9.721
1509483600,9.721,9.8165,9.708,9.7855
1509570000,9.7855,9.872,9.771,9.8625
1509656400,9.8625,9.8625,9.7315,9.7405
1509919200,9.7405,9.834,9.73,9.8155
1510005600,9.8155,9.864,9.7935,9.8365
1510092000,9.8365,9.876,9.828,9.861
1510178400,9.861,9.962,9.72,9.747
1510264800,9.747,9.794,9.723,9.7535
1510524000,9.7535,9.79,9.632,9.6405
1510610400,9.6405,9.666,9.566,9.5795
1510696800,9.5795,9.674,9.576,9.6605
1510783200,9.6605,9.679,9.602,9.6215
1510869600,9.6215,9.816,9.6155,9.8075
1511128800,9.8075,9.82,9.734,9.8015
1511215200,9.8015,9.82,9.768,9.7965
1511301600,9.7965,9.9,9.782,9.876
1511474400,9.876,9.906,9.822,9.8375
1511733600,9.8375,9.93,9.8215,9.8815
1511820000,9.8815,9.8815,9.794,9.8545
1511906400,9.8545,9.884,9.8135,9.8485
1511992800,9.8485,9.85,9.7735,9.7845
1512079200,9.7845,9.882,9.7795,9.8625
1512338400,9.8625,10.012,9.8625,9.9095
1512424800,9.9095,10.078,9.906,10.0215
1512511200,10.0215,10.072,9.884,9.9655
1512597600,9.9655,9.996,9.818,9.8575
1512684000,9.8575,9.9,9.7975,9.841
1512943200,9.841,9.841,9.758,9.7685
1513029600,9.7685,9.806,9.696,9.7025
1513116000,9.7025,9.7595,9.7025,9.7415
1513202400,9.7415,9.756,9.6155,9.6285
1513288800,9.6285,9.672,9.593,9.6265
1513548000,9.6265,9.66,9.53,9.5735
1513634400,9.5735,9.598,9.5095,9.5125
1513720800,9.5125,9.56,9.49,9.4935
1513807200,9.4935,9.5265,9.44,9.4395
1513893600,9.4395,9.484,9.428,9.4595
1514239200,9.4595,9.598,9.4595,9.5565
1514325600,9.5565,9.618,9.5155,9.5255
1514412000,9.5255,9.536,9.414,9.4265
1514498400,9.4265,9.4975,9.412,9.4855
1514844000,9.4855,9.5685,9.458,9.5245
1514930400,9.5245,9.5705,9.508,9.5575
1515016800,9.5575,9.562,9.468,9.5515
1515103200,9.5515,9.642,9.5505,9.5725
1515362400,9.5725,9.5935,9.486,9.5545
1515448800,9.5545,9.566,9.494,9.5205
1515535200,9.5205,9.5205,9.4055,9.4355
1515621600,9.4355,9.462,9.38,9.3805
1515708000,9.3805,9.5055,9.338,9.5035
1516053600,9.5035,9.5945,9.5035,9.5685
1516140000,9.5685,9.5885,9.512,9.587
1516226400,9.587,9.6445,9.564,9.6225
1516312800,9.6225,9.726,9.621,9.6615
1516572000,9.6615,9.776,9.6615,9.7375
1516658400,9.7375,9.792,9.704,9.7635
1516744800,9.7635,9.854,9.7125,9.8155
1516831200,9.8155,9.928,9.782,9.8205
1516917600,9.8205,9.864,9.7515,9.7715
1517176800,9.7715,9.9025,9.7715,9.8295
1517263200,9.8295,9.9645,9.802,9.9175
1517349600,9.9175,9.938,9.8135,9.8825
1517436000,9.8825,9.8825,9.7,9.7725
1517522400,9.7725,9.786,9.6975,9.7105
1517781600,9.7105,9.7105,9.628,9.6365
1517868000,9.6365,9.8045,9.6115,9.8015
1517954400,9.8015,9.87,9.756,9.7655
1518040800,9.7655,9.894,9.716,9.8125
1518127200,9.8125,9.834,9.738,9.791
1518386400,9.791,9.984,9.791,9.9535
1518472800,9.9535,10.082,9.934,10.0515
1518559200,10.0515,10.14,10.0075,10.1175
1518645600,10.1175,10.194,10.104,10.1855
1518732000,10.1855,10.23,10.072,10.1545
1519077600,10.1545,10.346,10.1545,10.2165
1519164000,10.2165,10.338,10.152,10.3015
1519250400,10.3015,10.332,10.235,10.2815
1519336800,10.2815,10.358,10.248,10.3295
1519596000,10.3295,10.45,10.316,10.3165
1519682400,10.3165,10.418,10.298,10.3485
1519768800,10.3485,10.451,10.322,10.4145
1519855200,10.4145,10.549,10.37,10.528
1519941600,10.528,10.684,10.5,10.5705
1520200800,10.5705,10.658,10.534,10.6355
1520287200,10.6355,10.646,10.5735,10.6175
1520373600,10.6175,10.644,10.504,10.5055
1520460000,10.5055,10.566,10.442,10.4995
1520546400,10.4995,10.524,10.254,10.2555
1520802000,10.2555,10.332,10.204,10.3025
1520888400,10.3025,10.404,10.302,10.3725
1520974800,10.3725,10.428,10.199,10.201
1521061200,10.201,10.354,10.162,10.2915
1521147600,10.2915,10.39,10.2915,10.3695
1521406800,10.3695,10.3695,10.118,10.125
1521493200,10.125,10.1965,10.125,10.1805
1521579600,10.1805,10.272,10.152,10.202
1521666000,10.202,10.256,10.126,10.1915
1521752400,10.1915,10.246,10.002,10.186
1522011600,10.186,10.31,10.164,10.18
1522098000,10.18,10.225,10.086,10.111
1522184400,10.111,10.15,10.068,10.0945
1522270800,10.0945,10.424,10.044,10.3565
1522616400,10.3565,10.526,10.278,10.2895
1522702800,10.2895,10.413,10.284,10.3045
1522789200,10.3045,10.342,9.766,10.0895
1522875600,10.0895,10.268,10.048,10.227
1522962000,10.227,10.302,9.985,10.2705
1523221200,10.2705,10.504,10.2705,10.4055
1523307600,10.4055,10.573,10.388,10.434
1523394000,10.434,10.5245,10.414,10.4175
1523480400,10.4175,10.5565,10.416,10.5525
1523566800,10.5525,10.6145,10.46,10.484
1523826000,10.484,10.534,10.366,10.374
1523912400,10.374,10.442,10.352,10.414
1523998800,10.414,10.476,10.344,10.368
1524085200,10.368,10.4,10.284,10.318
1524171600,10.318,10.342,10.236,10.24
1524430800,10.24,10.292,10.137,10.17
1524517200,10.17,10.227,10.128,10.18
1524603600,10.18,10.296,10.168,10.238
1524690000,10.238,10.312,10.208,10.242
1524776400,10.242,10.428,10.16,10.414
1525035600,10.414,10.528,10.326,10.346
1525122000,10.346,10.412,10.27,10.374
1525208400,10.374,10.408,10.258,10.292
1525294800,10.292,10.416,10.204,10.39
1525381200,10.39,10.39,10.23,10.242
1525640400,10.242,10.27,9.984,10.01
1525726800,10.01,10.11,9.99,10.07
1525813200,10.07,10.117,9.992,10.036
1525899600,10.036,10.214,10.022,10.074
1525986000,10.074,10.104,9.906,9.908
1526245200,9.908,10.146,9.908,10.066
1526331600,10.066,10.141,9.944,10.06
1526418000,10.06,10.074,9.882,9.886
1526504400,9.886,9.968,9.824,9.828
1526590800,9.828,9.972,9.826,9.874
1526850000,9.874,10.168,9.874,10.132
1526936400,10.132,10.26,10.106,10.196
1527022800,10.196,10.298,10.182,10.294
1527109200,10.294,10.41,10.262,10.274
1527195600,10.274,10.344,10.262,10.322
1527541200,10.322,10.406,10.196,10.242
1527627600,10.242,10.242,10.065,10.128
1527714000,10.128,10.224,10.058,10.107
1527800400,10.107,10.186,10.074,10.154
1528059600,10.154,10.154,9.943,9.956
1528146000,9.956,9.996,9.904,9.948
1528232400,9.948,10.014,9.872,9.878
1528318800,9.878,9.916,9.668,9.678
1528405200,9.678,9.697,9.565,9.625
1528664400,9.625,9.664,9.478,9.484
1528750800,9.484,9.576,9.468,9.492
1528837200,9.492,9.53,9.292,9.31
1528923600,9.31,9.326,9.192,9.222
1529010000,9.222,9.248,8.984,8.996
1529269200,8.996,9.096,8.932,9.028
1529355600,9.028,9.028,8.38,8.852
1529442000,8.852,8.914,8.732,8.86
1529528400,8.86,8.875,8.746,8.762
1529614800,8.762,8.938,8.762,8.938
1529874000,8.938,8.96,8.688,8.708
1529960400,8.708,8.784,8.605,8.652
1530046800,8.652,8.752,8.644,8.66
1530133200,8.66,8.698,8.596,8.612
1530219600,8.612,8.766,8.574,8.586
1530478800,8.586,8.636,8.456,8.486
1530565200,8.486,8.524,8.426,8.436
1530738000,8.436,8.464,8.344,8.344
1530824400,8.344,8.77,8.334,8.726
1531083600,8.726,8.764,8.468,8.52
1531170000,8.52,8.61,8.43,8.522
1531256400,8.522,8.522,8.284,8.295
1531342800,8.295,8.374,8.195,8.3
1531429200,8.3,8.343,8.086,8.166
1531688400,8.166,8.36,8.083,8.28
1531774800,8.28,8.412,8.28,8.372
1531861200,8.372,8.448,8.324,8.388
1531947600,8.388,8.442,8.34,8.43
1532034000,8.43,8.504,8.384,8.48
1532293200,8.48,8.516,8.448,8.454
1532379600,8.454,8.604,8.4,8.566
1532466000,8.566,8.604,8.494,8.586
1532552400,8.586,8.782,8.578,8.58
1532638800,8.58,8.714,8.563,8.68
1532898000,8.68,8.791,8.68,8.742
1532984400,8.742,9.05,8.718,9.008
1533070800,9.008,9.008,8.822,8.85
1533157200,8.85,8.866,8.692,8.818
1533243600,8.818,8.876,8.672,8.87
1533502800,8.87,8.874,8.718,8.78
1533589200,8.78,8.926,8.78,8.885
1533675600,8.885,8.978,8.83,8.944
1533762000,8.944,8.988,8.868,8.88
1533848400,8.88,8.881,8.458,8.458
1534107600,8.458,8.561,8.372,8.547
1534194000,8.547,8.662,8.5,8.654
1534280400,8.654,8.694,8.536,8.552
1534366800,8.552,8.85,8.522,8.818
1534453200,8.818,8.842,8.682,8.816
1534712400,8.816,8.924,8.782,8.794
1534798800,8.794,8.81,8.714,8.72
1534885200,8.72,8.72,8.562,8.566
1534971600,8.566,8.606,8.412,8.414
1535058000,8.414,8.48,8.409,8.416
1535317200,8.416,8.416,8.266,8.364
1535403600,8.364,8.384,8.216,8.224
1535490000,8.224,8.32,8.206,8.262
1535576400,8.262,8.33,8.178,8.192
1535662800,8.192,8.328,8.178,8.324
1536008400,8.324,8.406,8.26,8.324
1536094800,8.324,8.384,8.266,8.284
1536181200,8.284,8.324,8.246,8.282
1536267600,8.282,8.366,8.25,8.346
1536526800,8.346,8.414,8.308,8.34
1536613200,8.34,8.398,8.214,8.22
1536699600,8.22,8.354,8.122,8.3
1536786000,8.3,8.368,8.23,8.264
1536872400,8.264,8.286,8.206,8.216
1537131600,8.216,8.216,8.13,8.166
1537218000,8.166,8.168,8.042,8.058
1537304400,8.058,8.236,8.052,8.226
1537390800,8.226,8.464,8.172,8.386
1537477200,8.386,8.414,8.332,8.412
1537736400,8.412,8.412,8.308,8.33
1537822800,8.33,8.504,8.298,8.382
1537909200,8.382,8.464,8.382,8.416
1537995600,8.416,8.516,8.392,8.479
1538082000,8.479,8.522,8.348,8.378
1538341200,8.378,8.57,8.364,8.488
1538427600,8.488,8.604,8.466,8.604
1538514000,8.604,8.636,8.542,8.556
1538600400,8.556,8.62,8.524,8.536
1538686800,8.536,8.636,8.456,8.636
1538946000,8.636,8.688,8.569,8.642
1539032400,8.642,8.666,8.538,8.56
1539118800,8.56,8.592,8.42,8.476
1539205200,8.476,8.586,8.42,8.532
1539291600,8.532,8.63,8.532,8.622
1539550800,8.622,8.872,8.59,8.862
1539637200,8.862,8.864,8.746,8.788
1539723600,8.788,8.852,8.776,8.81
1539810000,8.81,8.81,8.588,8.602
1539896400,8.602,8.62,8.524,8.528
1540155600,8.528,8.594,8.522,8.544
1540242000,8.544,8.592,8.48,8.541
1540328400,8.541,8.541,8.47,8.476
1540414800,8.476,8.478,8.372,8.404
1540501200,8.404,8.462,8.38,8.422
1540760400,8.422,8.498,8.352,8.376
1540846800,8.376,8.398,8.308,8.32
1540933200,8.32,8.398,8.298,8.364
1541019600,8.364,8.732,8.308,8.652
1541106000,8.652,8.854,8.636,8.712
1541368800,8.712,8.782,8.674,8.712
1541455200,8.712,8.746,8.642,8.704
1541541600,8.704,8.742,8.628,8.648
1541628000,8.648,8.7,8.506,8.65
1541714400,8.65,8.748,8.606,8.734
1541973600,8.734,8.742,8.666,8.692
1542060000,8.692,8.776,8.644,8.658
1542146400,8.658,8.744,8.658,8.706
1542232800,8.706,8.846,8.706,8.764
1542319200,8.764,8.824,8.695,8.8
1542578400,8.8,8.8,8.6,8.624
1542664800,8.624,8.744,8.594,8.7
1542751200,8.7,8.776,8.648,8.734
1542924000,8.734,8.736,8.692,8.698
1543183200,8.698,8.698,8.472,8.522
1543269600,8.522,8.7,8.484,8.666
1543356000,8.666,8.85,8.644,8.804
1543442400,8.804,8.85,8.73,8.786
1543528800,8.786,8.87,8.772,8.853
1543788000,8.853,9.144,8.853,8.96
1543874400,8.96,9.04,8.908,9.024
1543960800,9.024,9.08,8.998,9.044
1544047200,9.044,9.044,8.886,9.016
1544133600,9.016,9.096,8.993,9.078
1544392800,9.078,9.088,9.012,9.02
1544479200,9.02,9.098,8.988,9.078
1544565600,9.078,9.206,9.078,9.112
1544652000,9.112,9.13,8.985,9.002
1544738400,9.002,9.034,8.936,8.938
1544997600,8.938,9.032,8.938,8.99
1545084000,8.99,9.064,8.968,9.018
1545170400,9.018,9.044,8.936,8.954
1545256800,8.954,9,8.876,8.902
1545343200,8.902,8.902,8.786,8.787
1545602400,8.787,8.82,8.751,8.798
1545775200,8.798,8.846,8.658,8.664
1545861600,8.664,8.72,8.636,8.66
1545948000,8.66,8.826,8.66,8.786
1546207200,8.786,8.854,8.76,8.778
1546380000,8.778,8.945,8.778,8.91
1546466400,8.91,8.974,8.886,8.956
1546552800,8.956,9.066,8.946,9.062
1546812000,9.062,9.126,9.058,9.084
1546898400,9.084,9.106,8.998,9.036
1546984800,9.036,9.116,9.03,9.096
1547071200,9.096,9.098,8.915,8.924
1547157600,8.924,8.98,8.924,8.962
1547416800,8.962,8.976,8.884,8.911
1547503200,8.911,8.948,8.796,8.816
1547589600,8.816,8.872,8.786,8.824
1547676000,8.824,8.994,8.818,8.95
1547762400,8.95,9.078,8.934,9.032
1548021600,9.032,9.044,9.03,9.03
1548108000,9.03,9.078,8.882,8.986
1548194400,8.986,9.07,8.986,9.04
1548280800,9.04,9.082,8.982,9.052
1548367200,9.052,9.152,9.022,9.134
1548626400,9.134,9.144,9.056,9.128
1548712800,9.128,9.128,9.066,9.092
1548799200,9.092,9.14,9.074,9.102
1548885600,9.102,9.172,9.038,9.062
1548972000,9.062,9.216,9.062,9.084
1549231200,9.084,9.15,9.068,9.104
1549317600,9.104,9.124,9.052,9.114
1549404000,9.114,9.142,9.092,9.128
1549490400,9.128,9.134,9.028,9.06
1549576800,9.06,9.102,9.004,9.078
1549836000,9.078,9.118,8.966,8.982
1549922400,8.982,9.128,8.982,9.11
1550008800,9.11,9.132,9.072,9.103
1550095200,9.103,9.117,8.968,8.986
1550181600,8.986,9.028,8.954,9.018
1550527200,9.018,9.058,8.898,8.962
1550613600,8.962,9,8.882,8.974
1550700000,8.974,9.118,8.954,9.062
1550786400,9.062,9.103,9.03,9.056
1551045600,9.056,9.17,9.056,9.076
1551132000,9.076,9.076,8.956,9.004
1551218400,9.004,9.062,8.97,9.001
1551304800,9.001,9.018,8.934,8.938
1551391200,8.938,9.016,8.846,8.948
1551650400,8.948,9.088,8.948,9.006
1551736800,9.006,9.028,8.938,8.982
1551823200,8.982,9.008,8.862,8.874
1551909600,8.874,8.928,8.835,8.872
1551996000,8.872,8.9,8.78,8.81
1552251600,8.81,8.85,8.756,8.762
1552338000,8.762,8.862,8.742,8.834
1552424400,8.834,8.896,8.788,8.882
1552510800,8.882,8.93,8.824,8.858
1552597200,8.858,8.978,8.852,8.962
1552856400,8.962,8.988,8.896,8.932
1552942800,8.932,8.972,8.88,8.912
1553029200,8.912,8.944,8.874,8.934
1553115600,8.934,9,8.918,8.99
1553202000,8.99,9.002,8.916,8.922
1553461200,8.922,8.972,8.908,8.954
1553547600,8.954,8.966,8.888,8.902
1553634000,8.902,8.902,8.76,8.778
1553720400,8.778,8.818,8.764,8.79
1553806800,8.79,8.828,8.734,8.74
1554066000,8.74,8.896,8.74,8.872
1554152400,8.872,8.922,8.836,8.906
1554238800,8.906,8.94,8.86,8.9
1554325200,8.9,8.984,8.886,8.972
1554411600,8.972,8.972,8.88,8.904
1554670800,8.904,8.958,8.9,8.914
1554757200,8.914,8.946,8.872,8.912
1554843600,8.912,8.966,8.9,8.944
1554930000,8.944,8.966,8.864,8.884
1555016400,8.884,8.918,8.867,8.882
1555275600,8.882,8.956,8.882,8.922
1555362000,8.922,8.93,8.804,8.816
1555448400,8.816,8.846,8.73,8.73
1555534800,8.73,8.764,8.712,8.754
1555880400,8.754,8.784,8.718,8.728
1555966800,8.728,8.742,8.566,8.582
1556053200,8.582,8.612,8.508,8.508
1556139600,8.508,8.588,8.498,8.544
1556226000,8.544,8.562,8.49,8.496
1556485200,8.496,8.562,8.444,8.45
1556571600,8.45,8.484,8.354,8.384
1556658000,8.384,8.416,8.288,8.362
1556744400,8.362,8.378,8.268,8.272
1556830800,8.272,8.328,8.264,8.266
1557090000,8.266,8.266,8.03,8.166
1557176400,8.166,8.222,8.131,8.174
1557262800,8.174,8.212,8.108,8.118
1557349200,8.118,8.126,7.934,7.982
1557435600,7.982,8.052,7.934,7.956
1557694800,7.956,7.956,7.79,7.898
1557781200,7.898,8.252,7.898,8.174
1557867600,8.174,8.355,8.145,8.232
1557954000,8.232,8.326,8.218,8.276
1558040400,8.276,8.296,8.088,8.094
1558299600,8.094,8.274,8.094,8.198
1558386000,8.198,8.35,8.082,8.11
1558472400,8.11,8.24,8.084,8.186
1558558800,8.186,8.224,8.066,8.108
1558645200,8.108,8.211,8.094,8.19
1558990800,8.19,8.482,8.19,8.462
1559077200,8.462,8.826,8.462,8.608
1559163600,8.608,8.796,8.54,8.779
1559250000,8.779,8.81,8.671,8.686
1559509200,8.686,8.776,8.648,8.688
1559595600,8.688,8.856,8.688,8.716
1559682000,8.716,8.742,8.602,8.614
1559768400,8.614,8.642,8.496,8.606
1559854800,8.606,8.634,8.474,8.48
1560114000,8.48,8.59,8.412,8.518
1560200400,8.518,8.566,8.438,8.512
1560286800,8.512,8.764,8.466,8.72
1560373200,8.72,8.822,8.715,8.806
1560459600,8.806,8.918,8.788,8.908
1560718800,8.908,9.08,8.908,9.058
1560805200,9.058,9.156,8.97,9.061
1560891600,9.061,9.078,8.964,8.972
1560978000,8.972,9.122,8.914,9.096
1561064400,9.096,9.122,8.978,9.001
1561323600,9.001,9.07,8.953,9.048
1561410000,9.048,9.136,8.966,8.991
1561496400,8.991,8.991,8.904,8.908
1561582800,8.908,8.956,8.816,8.856
1561669200,8.856,9.035,8.852,8.956
1561928400,8.956,9.064,8.816,8.816
1562014800,8.816,8.874,8.724,8.724
1562101200,8.724,8.834,8.705,8.824
1562274000,8.824,8.824,8.684,8.692
1562533200,8.692,8.778,8.672,8.719
1562619600,8.719,8.8,8.66,8.788
1562706000,8.788,8.888,8.75,8.876
1562792400,8.876,8.934,8.82,8.923
1562878800,8.923,9.078,8.894,9.074
1563138000,9.074,9.122,8.952,8.963
1563224400,8.963,8.963,8.8,8.818
1563310800,8.818,8.892,8.77,8.774
1563397200,8.774,8.812,8.71,8.776
1563483600,8.776,9.012,8.748,8.968
1563742800,8.968,8.999,8.834,8.842
1563829200,8.842,8.888,8.774,8.82
1563915600,8.82,8.91,8.801,8.858
1564002000,8.858,8.92,8.771,8.784
1564088400,8.784,8.858,8.778,8.788
1564347600,8.788,8.88,8.786,8.837
1564434000,8.837,8.844,8.69,8.742
1564520400,8.742,8.792,8.598,8.6
1564606800,8.6,8.616,8.4,8.466
1564693200,8.466,8.522,8.426,8.488
1564952400,8.488,8.54,8.349,8.484
1565038800,8.484,8.528,8.452,8.467
1565125200,8.467,8.499,8.426,8.48
1565211600,8.48,8.654,8.458,8.645
1565298000,8.645,8.756,8.627,8.736
1565557200,8.736,8.742,8.578,8.61
1565643600,8.61,8.782,8.576,8.72
1565730000,8.72,8.753,8.594,8.606
1565816400,8.606,8.668,8.528,8.532
1565902800,8.532,8.63,8.53,8.616
1566162000,8.616,8.616,8.478,8.498
1566248400,8.498,8.578,8.49,8.518
1566334800,8.518,8.6,8.5,8.558
1566421200,8.558,8.656,8.516,8.52
1566507600,8.52,8.556,8.386,8.39
1566766800,8.39,8.542,8.39,8.494
1566853200,8.494,8.494,8.402,8.432
1566939600,8.432,8.518,8.37,8.49
1567026000,8.49,8.57,8.49,8.526
1567112400,8.526,8.622,8.516,8.534
1567458000,8.534,8.544,8.448,8.532
1567544400,8.532,8.648,8.5,8.594
1567630800,8.594,8.642,8.442,8.474
1567717200,8.474,8.522,8.423,8.434
1567976400,8.434,8.478,8.38,8.442
1568062800,8.442,8.612,8.442,8.59
1568149200,8.59,8.598,8.508,8.546
1568235600,8.546,8.826,8.546,8.82
1568322000,8.82,8.902,8.8,8.85
1568581200,8.85,8.913,8.818,8.87
1568667600,8.87,8.876,8.762,8.822
1568754000,8.822,8.848,8.75,8.772
1568840400,8.772,8.83,8.746,8.82
1568926800,8.82,8.82,8.694,8.71
1569186000,8.71,8.882,8.71,8.802
1569272400,8.802,8.88,8.798,8.826
1569358800,8.826,8.87,8.75,8.782
1569445200,8.782,8.85,8.766,8.78
1569531600,8.78,8.79,8.716,8.726
1569790800,8.726,8.97,8.726,8.95
1569877200,8.95,9.104,8.938,9.088
1569963600,9.088,9.094,9.026,9.04
1570050000,9.04,9.096,8.996,9.03
1570136400,9.03,9.126,9.008,9.07
1570395600,9.07,9.112,9.034,9.072
1570482000,9.072,9.156,9.026,9.116
1570568400,9.116,9.234,9.104,9.146
1570654800,9.146,9.262,9.112,9.15
1570741200,9.15,9.318,9.15,9.268
1571000400,9.268,9.384,9.241,9.328
1571086800,9.328,9.374,9.268,9.27
1571173200,9.27,9.322,9.214,9.224
1571259600,9.224,9.344,9.212,9.248
1571346000,9.248,9.325,9.248,9.28
1571605200,9.28,9.344,9.248,9.28
1571691600,9.28,9.4,9.26,9.292
1571778000,9.292,9.34,9.23,9.298
1571864400,9.298,9.342,9.284,9.298
1571950800,9.298,9.328,9.154,9.185
1572210000,9.185,9.222,9.166,9.18
1572296400,9.18,9.216,9.128,9.142
1572382800,9.142,9.184,9.122,9.14
1572469200,9.14,9.177,9.074,9.134
1572555600,9.134,9.238,9.121,9.217
1572818400,9.217,9.274,9.183,9.233
1572904800,9.233,9.264,9.182,9.196
1572991200,9.196,9.214,9.126,9.134
1573077600,9.134,9.257,9.131,9.237
1573164000,9.237,9.274,9.156,9.19
1573423200,9.19,9.19,9.056,9.062
1573509600,9.062,9.096,9.048,9.066
1573596000,9.066,9.112,9.034,9.052
1573682400,9.052,9.073,9.01,9.07
1573768800,9.07,9.134,9.056,9.084
1574028000,9.084,9.122,9.008,9.014
1574114400,9.014,9.08,9.01,9.022
1574200800,9.022,9.068,8.956,8.96
1574287200,8.96,9.006,8.92,8.92
1574373600,8.92,8.948,8.872,8.874
1574632800,8.874,8.946,8.842,8.844
1574719200,8.844,8.87,8.75,8.77
1574805600,8.77,8.798,8.738,8.75
1574978400,8.75,8.756,8.686,8.694
1575237600,8.694,8.76,8.61,8.664
1575324000,8.664,8.69,8.618,8.664
1575410400,8.664,8.734,8.65,8.716
1575496800,8.716,8.822,8.712,8.786
1575583200,8.786,8.878,8.784,8.834
1575842400,8.834,8.976,8.834,8.912
1575928800,8.912,8.964,8.908,8.95
1576015200,8.95,8.962,8.864,8.87
1576101600,8.87,8.964,8.832,8.932
1576188000,8.932,9.116,8.932,9.024
1576447200,9.024,9.178,9.024,9.168
1576533600,9.168,9.262,9.16,9.23
1576620000,9.23,9.254,9.19,9.228
1576706400,9.228,9.248,9.17,9.206
1576792800,9.206,9.258,9.2,9.238
1577052000,9.238,9.334,9.238,9.284
1577138400,9.284,9.341,9.256,9.334
1577311200,9.334,9.368,9.334,9.344
1577397600,9.344,9.384,9.26,9.27
1577656800,9.27,9.384,9.251,9.368
1577743200,9.368,9.412,9.316,9.412
1577916000,9.412,9.472,9.393,9.412
1578002400,9.412,9.435,9.244,9.277
1578261600,9.277,9.358,9.266,9.307
1578348000,9.307,9.359,9.26,9.32
1578434400,9.32,9.388,9.264,9.35
1578520800,9.35,9.428,9.276,9.318
1578607200,9.318,9.354,9.244,9.346
1578866400,9.346,9.376,9.276,9.308
1578952800,9.308,9.376,9.28,9.314
1579039200,9.314,9.328,9.18,9.184
1579125600,9.184,9.196,9.118,9.14
1579212000,9.14,9.236,9.102,9.194
1579471200,9.194,9.21,9.178,9.198
1579557600,9.198,9.222,9.062,9.066
1579644000,9.066,9.128,9.044,9.05
1579730400,9.05,9.058,8.952,8.996
1579816800,8.996,9.0045,8.922,8.936
1580076000,8.936,8.936,8.806,8.894
1580162400,8.894,8.894,8.81,8.88
1580248800,8.88,8.952,8.834,8.852
1580335200,8.852,8.864,8.684,8.688
1580421600,8.688,8.756,8.654,8.656
1580680800,8.656,8.72,8.624,8.686
1580767200,8.686,8.804,8.672,8.734
1580853600,8.734,8.816,8.7195,8.74
1580940000,8.74,8.802,8.708,8.758
1581026400,8.758,8.789,8.702,8.764
1581285600,8.764,8.844,8.742,8.798
1581372000,8.798,8.836,8.73,8.8
1581458400,8.8,8.878,8.7655,8.868
1581544800,8.868,8.946,8.836,8.908
1581631200,8.908,8.944,8.852,8.886
1581976800,8.886,8.942,8.852,8.876
1582063200,8.876,8.944,8.812,8.932
1582149600,8.932,8.9405,8.876,8.89
1582236000,8.89,8.9825,8.844,8.846
1582495200,8.846,8.846,8.68,8.724
1582581600,8.724,8.7745,8.698,8.762
1582668000,8.762,8.8745,8.738,8.802
1582754400,8.802,8.856,8.674,8.84
1582840800,8.84,8.844,8.688,8.822
1583100000,8.822,8.936,8.8,8.908
1583186400,8.908,8.972,8.89,8.928
1583272800,8.928,9.004,8.928,8.968
1583359200,8.968,9.02,8.848,8.862
1583445600,8.862,8.898,8.786,8.804
1583701200,8.804,8.804,8.578,8.626
1583787600,8.626,8.756,8.626,8.676
1583874000,8.676,8.745,8.63,8.644
1583960400,8.644,8.644,8.436,8.498
1584046800,8.498,8.63,8.368,8.388
1584306000,8.388,8.463,8.132,8.176
1584392400,8.176,8.244,8.142,8.172
1584478800,8.172,8.306,8.148,8.178
1584565200,8.178,8.478,8.176,8.362
1584651600,8.362,8.566,8.362,8.556
1584910800,8.556,8.78,8.512,8.756
1584997200,8.756,8.806,8.652,8.786
1585083600,8.786,8.894,8.734,8.748
1585170000,8.748,8.774,8.642,8.717
1585256400,8.717,8.816,8.684,8.766
1585515600,8.766,8.858,8.702,8.758
1585602000,8.758,8.81,8.695,8.792
1585688400,8.792,8.808,8.548,8.566
1585774800,8.566,8.64,8.512,8.53
1585861200,8.53,8.588,8.448,8.48
1586120400,8.48,8.536,8.432,8.496
1586206800,8.496,8.572,8.49,8.506
1586293200,8.506,8.554,8.468,8.494
1586379600,8.494,8.621,8.49,8.588
1586725200,8.588,8.654,8.464,8.494
1586811600,8.494,8.524,8.418,8.434
1586898000,8.434,8.504,8.366,8.386
1586984400,8.386,8.447,8.334,8.338
1587070800,8.338,8.4,8.3,8.304
1587330000,8.304,8.341,8.233,8.236
1587416400,8.236,8.322,8.078,8.302
1587502800,8.302,8.376,8.254,8.32
1587589200,8.32,8.456,8.308,8.366
1587675600,8.366,8.4,8.236,8.276
1587934800,8.276,8.36,8.252,8.258
1588021200,8.258,8.322,8.196,8.208
1588107600,8.208,8.306,8.202,8.274
1588194000,8.274,8.458,8.274,8.448
1588280400,8.448,8.452,8.37,8.394
1588539600,8.394,8.394,8.23,8.266
1588626000,8.266,8.314,8.244,8.295
1588712400,8.295,8.327,8.226,8.234
1588798800,8.234,8.394,8.234,8.348
1588885200,8.348,8.476,8.347,8.416
1589144400,8.416,8.524,8.4,8.456
1589230800,8.456,8.494,8.412,8.44
1589317200,8.44,8.458,8.284,8.307
1589403600,8.307,8.365,8.27,8.288
1589490000,8.288,8.352,8.288,8.298
1589749200,8.298,8.4,8.298,8.366
1589835600,8.366,8.408,8.32,8.362
1589922000,8.362,8.42,8.35,8.396
1590008400,8.396,8.412,8.268,8.282
1590094800,8.282,8.324,8.216,8.263
1590440400,8.263,8.426,8.262,8.406
1590526800,8.406,8.446,8.372,8.426
1590613200,8.426,8.458,8.324,8.404
1590699600,8.404,8.404,8.308,8.342
1590958800,8.342,8.432,8.284,8.346
1591045200,8.346,8.502,8.328,8.46
1591131600,8.46,8.524,8.458,8.522
1591218000,8.522,8.676,8.5,8.626
1591304400,8.626,8.676,8.6,8.636
1591563600,8.636,8.666,8.568,8.592
1591650000,8.592,8.618,8.52,8.59
1591736400,8.59,8.644,8.584,8.62
1591822800,8.62,8.652,8.566,8.618
1591909200,8.618,8.684,8.592,8.67
1592168400,8.67,8.678,8.604,8.66
1592254800,8.66,8.69,8.61,8.63
1592341200,8.63,8.722,8.564,8.676
1592427600,8.676,8.728,8.666,8.692
1592514000,8.692,8.77,8.678,8.726
1592773200,8.726,8.768,8.694,8.732
1592859600,8.732,8.76,8.622,8.716
1592946000,8.716,8.748,8.68,8.682
1593032400,8.682,8.688,8.592,8.658
1593118800,8.658,8.692,8.602,8.633
1593378000,8.633,8.676,8.58,8.642
1593464400,8.642,8.892,8.64,8.815
1593550800,8.815,8.968,8.81,8.929
1593637200,8.929,8.967,8.903,8.924
1593982800,8.924,9.051,8.924,8.996
1594069200,8.996,9.024,8.946,8.971
1594155600,8.971,8.979,8.911,8.933
1594242000,8.933,9.053,8.933,8.978
1594328400,8.978,9.013,8.848,8.876
1594587600,8.876,8.876,8.715,8.738
1594674000,8.738,8.834,8.733,8.801
1594760400,8.801,8.882,8.786,8.88
1594846800,8.88,8.969,8.88,8.94
1594933200,8.94,8.996,8.934,8.991
1595192400,8.991,9.063,8.978,9.036
1595278800,9.036,9.036,8.955,8.969
1595365200,8.969,9.018,8.927,9.002
1595451600,9.002,9.075,8.98,9.073
1595538000,9.073,9.104,9.022,9.058
1595797200,9.058,9.099,9.022,9.068
1595883600,9.068,9.068,8.936,8.977
1595970000,8.977,8.982,8.926,8.946
1596056400,8.946,8.976,8.886,8.964
1596142800,8.964,9.02,8.964,8.989
1596402000,8.989,9.045,8.972,9.006
1596488400,9.006,9.006,8.854,8.877
1596574800,8.877,8.903,8.822,8.835
1596661200,8.835,8.882,8.802,8.822
1596747600,8.822,8.833,8.716,8.744
1597006800,8.744,8.793,8.699,8.77
1597093200,8.77,8.807,8.744,8.773
1597179600,8.773,8.875,8.716,8.873
1597266000,8.873,9.052,8.873,9.02
1597352400,9.02,9.035,8.98,9.023
1597611600,9.023,9.205,9.023,9.179
1597698000,9.179,9.201,9.133,9.17
1597784400,9.17,9.231,9.136,9.168
1597870800,9.168,9.19,9.06,9.087
1597957200,9.087,9.14,9.067,9.072
1598216400,9.072,9.154,9.043,9.098
1598302800,9.098,9.241,9.098,9.234
1598389200,9.234,9.288,9.231,9.274
1598475600,9.274,9.519,9.27,9.44
1598562000,9.44,9.551,9.438,9.549
1598821200,9.549,9.7,9.549,9.56
1598907600,9.56,9.624,9.459,9.561
1598994000,9.561,9.659,9.491,9.657
1599080400,9.657,9.713,9.609,9.695
1599166800,9.695,9.725,9.636,9.718
1599512400,9.718,9.797,9.648,9.767
1599598800,9.767,9.844,9.714,9.817
1599685200,9.817,9.846,9.769,9.804
1599771600,9.804,10.006,9.778,9.998
1600030800,9.998,10.113,9.988,10.012
1600117200,10.012,10.085,9.929,9.942
1600203600,9.942,10.162,9.876,10.137
1600290000,10.137,10.347,10.076,10.298
1600376400,10.298,10.492,10.298,10.457
1600635600,10.457,10.476,10.232,10.233
1600722000,10.233,10.392,10.157,10.22
1600808400,10.22,10.279,10.134,10.147
1600894800,10.147,10.169,9.996,10.013
1600981200,10.013,10.1,9.975,10.039
1601240400,10.039,10.097,9.936,9.972
1601326800,9.972,9.996,9.878,9.938
1601413200,9.938,10.365,9.893,10.24
1601499600,10.24,10.368,10.238,10.26
1601586000,10.26,10.298,10.15,10.217
1601845200,10.217,10.271,10.176,10.228
1601931600,10.228,10.554,10.228,10.451
1602018000,10.451,10.613,10.391,10.512
1602104400,10.512,10.705,10.503,10.523
1602190800,10.523,10.8,10.486,10.674
1602450000,10.674,10.749,10.328,10.357
1602536400,10.357,10.475,10.34,10.455
1602622800,10.455,10.612,10.412,10.584
1602709200,10.584,10.652,10.387,10.619
1602795600,10.619,10.711,10.504,10.516
1603054800,10.516,10.597,10.492,10.552
1603141200,10.552,10.664,10.521,10.656
1603227600,10.656,10.776,10.649,10.727
1603314000,10.727,10.846,10.641,10.709
1603400400,10.709,10.867,10.658,10.855
1603659600,10.855,10.886,10.763,10.84
1603746000,10.84,10.896,10.773,10.775
1603832400,10.775,10.775,10.55,10.567
1603918800,10.567,10.598,10.493,10.523
1604005200,10.523,10.636,10.478,10.575
1604268000,10.575,10.577,10.46,10.528
1604354400,10.528,10.717,10.525,10.636
1604440800,10.636,10.887,10.565,10.86
1604527200,10.86,11.135,10.845,11.04
1604613600,11.04,11.107,10.992,11.041
1604872800,11.041,11.187,11.007,11.111
1604959200,11.111,11.542,11.087,11.469
1605045600,11.469,11.629,11.459,11.536
1605132000,11.536,11.547,11.407,11.469
1605218400,11.469,11.577,11.389,11.495
1605477600,11.495,11.559,11.449,11.552
1605564000,11.552,11.791,11.552,11.706
1605650400,11.706,11.904,11.686,11.75
1605736800,11.75,11.82,11.625,11.788
1605823200,11.788,11.973,11.775,11.822
1606082400,11.822,12.006,11.822,11.929
1606168800,11.929,11.941,11.748,11.94
1606255200,11.94,11.992,11.84,11.85
1606428000,11.85,11.942,11.801,11.936
1606687200,11.936,11.992,11.687,11.693
1606773600,11.693,11.767,11.619,11.637
1606860000,11.637,11.642,11.432,11.539
1606946400,11.539,11.712,11.527,11.672
1607032800,11.672,11.729,11.584,11.622
1607292000,11.622,11.694,11.494,11.574
1607378400,11.574,11.609,11.433,11.458
1607464800,11.458,11.6,11.452,11.586
1607551200,11.586,11.766,11.502,11.549
1607637600,11.549,11.626,11.514,11.611
1607896800,11.611,11.73,11.611,11.702
1607983200,11.702,11.85,11.618,11.85
1608069600,11.85,11.938,11.806,11.808
1608156000,11.808,12.026,11.792,12.008
1608242400,12.008,12.236,12.008,12.168
1608501600,12.168,12.436,12.124,12.42
1608588000,12.42,12.513,12.36,12.462
1608674400,12.462,12.626,12.374,12.56
1608760800,12.56,12.7,12.552,12.603
1609106400,12.603,12.756,12.422,12.496
1609192800,12.496,12.946,12.418,12.946
1609279200,12.946,13.012,12.756,12.926
1609365600,12.926,13.162,12.906,13.06
1609711200,13.06,13.448,12.966,13.086
1609797600,13.086,13.685,13.086,13.454
1609884000,13.454,13.738,13.454,13.598
1609970400,13.598,13.644,13.378,13.534
1610056800,13.534,13.816,13.444,13.732
1610316000,13.732,13.844,13.5,13.678
1610402400,13.678,14.234,13.536,14.186
1610488800,14.186,14.321,13.994,14.026
1610575200,14.026,14.316,13.992,14.267
1610661600,14.267,14.306,14.096,14.11
1611007200,14.11,14.175,13.798,13.804
1611093600,13.804,13.804,13.486,13.65
1611180000,13.65,13.834,13.624,13.64
1611266400,13.64,13.64,13.02,13.066
1611525600,13.066,13.49,12.952,13.428
1611612000,13.428,13.732,13.304,13.684
1611698400,13.684,13.912,13.616,13.707
1611784800,13.707,13.884,13.428,13.484
1611871200,13.484,13.736,13.33,13.65
1612130400,13.65,13.796,13.468,13.637
1612216800,13.637,13.692,13.39,13.508
1612303200,13.508,13.698,13.402,13.682
1612389600,13.682,13.792,13.62,13.685
1612476000,13.685,13.802,13.632,13.65
1612735200,13.65,13.902,13.626,13.868
1612821600,13.868,14.066,13.754,14.026
1612908000,14.026,14.026,13.5,13.51
1612994400,13.51,13.776,13.355,13.649
1613080800,13.649,13.758,13.606,13.704
1613426400,13.704,13.923,13.704,13.856
1613512800,13.856,13.902,13.764,13.828
1613599200,13.828,13.911,13.708,13.754
1613685600,13.754,13.902,13.676,13.806
1613944800,13.806,13.902,13.74,13.855
1614031200,13.855,14.276,13.83,14.076
1614117600,14.076,14.276,14.076,14.25
1614204000,14.25,14.45,13.928,14.076
1614290400,14.076,14.076,13.78,14.062
1614549600,14.062,14.218,13.888,13.916
1614636000,13.916,14.16,13.804,14.124
1614722400,14.124,14.169,13.946,14.068
1614808800,14.068,14.374,14.028,14.094
1614895200,14.094,14.328,14.026,14.324
1615154400,14.324,14.594,14.312,14.35
1615240800,14.35,14.412,14.224,14.396
1615327200,14.396,14.438,14.078,14.086
1615413600,14.086,14.207,14.004,14.126
1615500000,14.126,14.172,13.917,14.124
1615755600,14.124,14.232,14.017,14.176
1615842000,14.176,14.244,14.122,14.216
1615928400,14.216,14.246,14.076,14.162
1616014800,14.162,14.184,13.902,13.912
1616101200,13.912,14.176,13.896,14.168
1616360400,14.168,14.234,14.048,14.17
1616446800,14.17,14.344,14.14,14.214
1616533200,14.214,14.33,14.178,14.308
1616619600,14.308,14.314,14.1,14.144
1616706000,14.144,14.184,13.988,14.004
1616965200,14.004,14.022,13.828,13.904
1617051600,13.904,13.945,13.64,13.676
1617138000,13.676,14.366,13.642,14.364
1617224400,14.364,14.56,13.98,14.016
1617570000,14.016,14.206,14.016,14.116
1617656400,14.116,14.308,14.116,14.196
1617742800,14.196,14.27,14.036,14.076
1617829200,14.076,14.224,14.044,14.138
1617915600,14.138,14.188,14.004,14.026
1618174800,14.026,14.072,13.792,13.826
1618261200,13.826,13.986,13.778,13.89
1618347600,13.89,14.158,13.89,14.092
1618434000,14.092,14.21,14.074,14.164
1618520400,14.164,14.367,14.164,14.284
1618779600,14.284,14.481,14.284,14.416
1618866000,14.416,14.779,14.416,14.647
1618952400,14.647,14.881,14.592,14.863
1619038800,14.863,15.305,14.863,15.213
1619125200,15.213,15.321,15.053,15.236
1619384400,15.236,15.51,15.214,15.479
1619470800,15.479,15.813,15.24,15.248
1619557200,15.248,15.505,14.966,15.154
1619643600,15.154,15.322,15.06,15.062
1619730000,15.062,15.427,14.972,15.414
1619989200,15.414,15.693,15.213,15.319
1620075600,15.319,15.586,15.25,15.455
1620162000,15.455,15.595,15.379,15.472
1620248400,15.472,15.765,15.472,15.748
1620334800,15.748,16.05,15.679,15.947
1620594000,15.947,15.99,15.807,15.926
1620680400,15.926,16.31,15.785,16.213
1620766800,16.213,16.728,16.205,16.482
1620853200,16.482,16.505,15.802,15.887
1620939600,15.887,16.177,15.823,15.958
1621198800,15.958,16.082,15.802,15.914
1621285200,15.914,16.096,15.737,15.787
1621371600,15.787,15.796,15.265,15.459
1621458000,15.459,15.579,15.275,15.362
1621544400,15.362,15.449,15.166,15.287
1621803600,15.287,15.298,15.104,15.259
1621890000,15.259,15.421,15.031,15.171
1621976400,15.171,15.292,14.932,15.075
1622062800,15.075,15.429,14.957,15.416
1622149200,15.416,15.595,15.266,15.326
1622408400,15.326,15.335,15.326,15.335
1622494800,15.335,15.817,15.335,15.512
1622581200,15.512,15.713,15.45,15.682
1622667600,15.682,15.922,15.469,15.521
1622754000,15.521,15.901,15.487,15.852
1623013200,15.852,16.264,15.615,15.66
1623099600,15.66,16.006,15.647,15.866
1623186000,15.866,15.895,15.529,15.639
1623272400,15.639,15.793,15.399,15.461
1623358800,15.461,15.539,14.992,15.1
1623618000,15.1,15.1,14.574,14.738
1623704400,14.738,14.904,14.623,14.662
1623790800,14.662,14.77,14.464,14.467
1623877200,14.467,14.519,13.254,13.282
1623963600,13.282,14.101,13.282,13.976
1624222800,13.976,14.24,13.719,14.18
1624309200,14.18,14.29,13.947,13.977
1624395600,13.977,14.082,13.826,13.833
1624482000,13.833,13.853,13.47,13.717
1624568400,13.717,13.861,13.273,13.311
1624827600,13.311,13.68,13.309,13.589
1624914000,13.589,13.773,13.508,13.599
1625000400,13.599,14.632,13.381,14.472
1625086800,14.472,14.845,14.33,14.537
1625173200,14.537,14.736,14.405,14.571
1625518800,14.571,14.571,13.538,13.643
1625605200,13.643,14.082,13.643,13.903
1625691600,13.903,14.022,13.722,13.857
1625778000,13.857,14.014,13.751,13.976
1626037200,13.976,14.27,13.974,14.211
1626123600,14.211,14.425,14.177,14.3
1626210000,14.3,14.755,14.237,14.706
1626296400,14.706,14.772,14.569,14.623
1626382800,14.623,14.898,14.603,14.678
1626642000,14.678,14.945,14.401,14.436
1626728400,14.436,14.663,14.42,14.57
1626814800,14.57,14.65,14.415,14.521
1626901200,14.521,14.531,14.034,14.275
1626987600,14.275,14.314,14.07,14.11
1627246800,14.11,14.252,13.9,14.218
1627333200,14.218,14.526,14.216,14.284
1627419600,14.284,14.404,14.193,14.32
1627506000,14.32,14.504,14.274,14.475
1627592400,14.475,14.49,14.094,14.135
1627851600,14.135,14.175,13.968,14.107
1627938000,14.107,14.107,13.649,13.766
1628024400,13.766,13.873,13.713,13.858
1628110800,13.858,13.988,13.724,13.855
1628197200,13.855,13.996,13.809,13.962
1628456400,13.962,14.008,13.814,13.881
1628542800,13.881,13.996,13.823,13.937
1628629200,13.937,14.094,13.874,13.891
1628715600,13.891,14.169,13.708,13.893
1628802000,13.893,14.146,13.767,14.138
1629061200,14.138,14.236,14.056,14.131
1629147600,14.131,14.237,14.002,14.058
1629234000,14.058,14.069,13.877,13.918
1629320400,13.918,13.918,13.533,13.599
1629406800,13.599,13.727,13.147,13.299
1629666000,13.299,13.459,13.234,13.312
1629752400,13.312,13.748,13.285,13.692
1629838800,13.692,13.762,13.587,13.679
1629925200,13.679,13.679,13.539,13.621
1630011600,13.621,13.621,13.427,13.553
1630270800,13.553,13.707,13.305,13.36
1630357200,13.36,13.454,13.157,13.261
1630443600,13.261,13.281,13.019,13.095
1630530000,13.095,13.194,13.026,13.138
1630616400,13.138,13.284,13.082,13.214
1630962000,13.214,13.356,13.058,13.059
1631048400,13.059,13.172,13.009,13.093
1631134800,13.093,13.106,12.933,13.005
1631221200,13.005,13.282,12.905,13.16
1631480400,13.16,13.216,13.037,13.114
1631566800,13.114,13.238,13.073,13.082
1631653200,13.082,13.218,13.015,13.217
1631739600,13.217,13.337,13.169,13.213
1631826000,13.213,13.241,13.032,13.09
1632085200,13.09,13.09,12.853,12.866
1632171600,12.866,12.983,12.803,12.968
1632258000,12.968,13.075,12.926,13.049
1632344400,13.049,13.128,12.977,13.063
1632430800,13.063,13.119,13,13.061
1632690000,13.061,13.175,13.028,13.085
1632776400,13.085,13.085,12.949,12.954
1632862800,12.954,13.079,12.923,13.026
1632949200,13.026,13.141,12.676,12.755
1633035600,12.755,12.807,12.601,12.643
1633294800,12.643,12.644,12.517,12.518
1633381200,12.518,12.726,12.475,12.677
1633467600,12.677,12.714,12.551,12.585
1633554000,12.585,12.648,12.489,12.622
1633640400,12.622,12.781,12.571,12.572
1633899600,12.572,12.653,12.406,12.412
1633986000,12.412,12.431,12.075,12.114
1634072400,12.114,12.237,11.966,12.091
1634158800,12.091,12.198,12.055,12.177
1634245200,12.177,12.326,12.139,12.304
1634504400,12.304,12.356,12.205,12.319
1634590800,12.319,12.495,12.266,12.387
1634677200,12.387,12.591,12.348,12.56
1634763600,12.56,12.589,12.313,12.322
1634850000,12.322,12.397,12.256,12.292
1635109200,12.292,12.472,12.256,12.45
1635195600,12.45,12.546,12.386,12.456
1635282000,12.456,12.65,12.35,12.486
1635368400,12.486,12.588,12.4,12.452
1635454800,12.452,12.545,12.404,12.489
1635714000,12.489,12.584,12.36,12.476
1635800400,12.476,12.602,12.422,12.534
1635886800,12.534,12.558,12.384,12.43
1635973200,12.43,12.466,12.15,12.228
1636059600,12.228,12.259,12.028,12.028
1636322400,12.028,12.074,11.863,11.867
1636408800,11.867,12.398,11.806,12.116
1636495200,12.116,12.216,12.078,12.168
1636581600,12.168,12.272,12.112,12.21
1636668000,12.21,12.488,12.196,12.426
1636927200,12.426,12.588,12.374,12.568
1637013600,12.568,12.608,12.478,12.51
1637100000,12.51,12.884,12.498,12.76
1637186400,12.76,12.866,12.62,12.646
1637272800,12.646,12.764,12.564,12.638
1637532000,12.638,12.786,12.594,12.744
1637618400,12.744,12.786,12.624,12.734
1637704800,12.734,12.802,12.624,12.65
1637791200,12.65,12.65,12.644,12.648
1637877600,12.648,12.648,12.398,12.526
1638136800,12.526,12.678,12.402,12.416
1638223200,12.416,12.441,12.138,12.196
1638309600,12.196,12.362,12.158,12.278
1638396000,12.278,12.486,12.206,12.442
1638482400,12.442,12.692,12.442,12.686
1638741600,12.686,12.732,12.54,12.614
1638828000,12.614,12.677,12.426,12.516
1638914400,12.516,12.634,12.378,12.6
1639000800,12.6,12.666,12.466,12.646
1639087200,12.646,12.758,12.588,12.678
1639346400,12.678,12.704,12.43,12.44
1639432800,12.44,12.664,12.372,12.604
1639519200,12.604,12.66,12.506,12.603
1639605600,12.603,12.802,12.603,12.768
1639692000,12.768,12.97,12.746,12.844
1639951200,12.844,12.958,12.782,12.926
1640037600,12.926,13.132,12.862,13.062
1640124000,13.062,13.328,13.047,13.286
1640210400,13.286,13.362,13.22,13.36
1640556000,13.36,13.666,13.36,13.652
1640642400,13.652,13.784,13.584,13.614
1640728800,13.614,13.666,13.494,13.628
1640815200,13.628,13.64,13.29,13.324
1640901600,13.324,13.43,13.311,13.338
1641160800,13.338,13.63,13.338,13.508
1641247200,13.508,13.866,13.508,13.852
1641333600,13.852,13.934,13.76,13.88
1641420000,13.88,13.882,13.648,13.82
1641506400,13.82,14.098,13.71,14.032
1641765600,14.032,14.046,13.742,13.782
1641852000,13.782,13.9,13.678,13.808
1641938400,13.808,13.96,13.62,13.942
1642024800,13.942,13.942,13.662,13.722
1642111200,13.722,13.75,13.592,13.656
1642456800,13.656,13.656,13.454,13.575
1642543200,13.575,13.882,13.575,13.874
1642629600,13.874,14.25,13.834,14.2
1642716000,14.2,14.218,14.01,14.118
1642975200,14.118,14.196,13.786,13.986
1643061600,13.986,14.1,13.897,14.026
1643148000,14.026,14.398,13.9,14.339
1643234400,14.339,14.526,14.248,14.418
1643320800,14.418,14.75,14.378,14.676
1643580000,14.676,14.931,14.676,14.872
1643666400,14.872,15.354,14.816,15.264
1643752800,15.264,15.6,15.228,15.426
1643839200,15.426,15.564,15.268,15.373
1643925600,15.373,15.568,15.288,15.519
1644184800,15.519,15.862,15.519,15.814
1644271200,15.814,15.83,15.564,15.657
1644357600,15.657,15.964,15.635,15.912
1644444000,15.912,16.302,15.63,15.706
1644530400,15.706,15.92,15.608,15.825
1644789600,15.825,15.968,15.492,15.69
1644876000,15.69,15.743,15.4,15.488
1644962400,15.488,15.874,15.454,15.843
1645048800,15.843,16.035,15.739,15.89
1645135200,15.89,16.05,15.842,15.966
1645480800,15.966,16.352,15.966,16.35
1645567200,16.35,16.692,16.304,16.642
1645653600,16.642,17.533,16.428,16.486
1645740000,16.486,16.642,15.738,15.768
1645999200,15.768,16.496,15.768,16.336
1646085600,16.336,16.922,16.336,16.829
1646172000,16.829,16.916,16.453,16.603
1646258400,16.603,16.936,16.603,16.656
1646344800,16.656,16.832,16.296,16.522
1646604000,16.522,16.918,16.498,16.566
1646690400,16.566,17.016,16.45,16.847
1646776800,16.847,17.29,16.65,16.692
1646863200,16.692,16.972,16.57,16.806
1646949600,16.806,16.911,16.608,16.744
1647205200,16.744,16.934,16.63,16.69
1647291600,16.69,16.69,16.34,16.528
1647378000,16.528,16.772,16.41,16.452
1647464400,16.452,16.732,16.431,16.65
1647550800,16.65,16.848,16.475,16.62
1647810000,16.62,17.06,16.62,16.884
1647896400,16.884,17.168,16.822,16.934
1647982800,16.934,17.326,16.878,17.172
1648069200,17.172,17.26,16.94,16.972
1648155600,16.972,17.108,16.812,17.06
1648414800,17.06,17.066,16.578,16.578
1648501200,16.578,16.696,16.19,16.398
1648587600,16.398,16.804,16.354,16.62
1648674000,16.62,16.768,16.106,16.144
1648760400,16.144,16.24,15.788,15.788
1649019600,15.788,16.032,15.742,16
1649106000,16,16.326,16,16.274
1649192400,16.274,16.402,16.122,16.156
1649278800,16.156,16.5,16.128,16.45
1649365200,16.45,16.874,16.436,16.86
1649624400,16.86,16.951,16.492,16.552
1649710800,16.552,16.804,16.546,16.708
1649797200,16.708,16.771,16.527,16.745
1649883600,16.745,16.885,16.652,16.735
1650229200,16.735,17.088,16.735,17.027
1650315600,17.027,17.147,16.908,17.004
1650402000,17.004,17.307,16.97,17.255
1650488400,17.255,17.348,17.135,17.28
1650574800,17.28,17.398,16.845,16.96
1650834000,16.96,17.038,16.645,16.82
1650920400,16.82,17.048,16.698,16.789
1651006800,16.789,17.058,16.735,17.019
1651093200,17.019,17.078,16.889,16.924
1651179600,16.924,17.124,16.87,16.93
1651438800,16.93,16.963,16.423,16.535
1651525200,16.535,16.698,16.362,16.375
1651611600,16.375,16.515,16.29,16.474
1651698000,16.474,16.742,16.47,16.54
1651784400,16.54,16.551,16.248,16.314
1652043600,16.314,16.324,15.844,15.929
1652130000,15.929,16.114,15.868,15.996
1652216400,15.996,16.211,15.938,16.122
1652302800,16.122,16.335,15.964,16.198
1652389200,16.198,16.578,16.198,16.535
1652648400,16.535,16.738,16.535,16.621
1652734800,16.621,16.9,16.511,16.839
1652821200,16.839,16.923,16.625,16.702
1652907600,16.702,17.026,16.665,16.965
1652994000,16.965,17.163,16.887,17.115
1653253200,17.115,17.253,16.904,16.921
1653339600,16.921,17.018,16.787,16.975
1653426000,16.975,17.028,16.706,16.85
1653512400,16.85,17.417,16.724,17.309
1653598800,17.309,17.494,17.241,17.376
1653944400,17.376,17.54,16.783,16.905
1654030800,16.905,17.108,16.797,16.941
1654117200,16.941,17.452,16.857,17.342
1654203600,17.342,17.348,16.983,17.033
1654462800,17.033,17.214,16.941,17.042
1654549200,17.042,17.366,16.959,17.346
1654635600,17.346,17.615,17.306,17.444
1654722000,17.444,17.875,17.321,17.733
1654808400,17.733,17.79,17.462,17.51
1655067600,17.51,17.602,17.053,17.116
1655154000,17.116,17.315,17.001,17.018
1655240400,17.018,17.076,16.853,16.967
1655326800,16.967,17.182,16.935,17.132
1655413200,17.132,17.272,17.032,17.054
1655758800,17.054,17.054,16.782,16.846
1655845200,16.846,16.866,16.498,16.566
1655931600,16.566,16.566,15.922,15.951
1656018000,15.951,16.223,15.854,16.105
1656277200,16.105,16.378,15.944,16.337
1656363600,16.337,16.7,16.337,16.692
1656450000,16.692,16.883,16.546,16.869
1656536400,16.869,17.147,16.633,16.732
1656622800,16.732,16.836,16.097,16.14
1656968400,16.14,16.14,15.219,15.335
1657054800,15.335,15.507,15.112,15.37
1657141200,15.37,15.856,15.359,15.709
1657227600,15.709,16.025,15.59,16.018
1657486800,16.018,16.357,15.956,15.974
1657573200,15.974,16.127,15.331,15.395
1657659600,15.395,15.706,15.155,15.539
1657746000,15.539,15.752,15.269,15.421
1657832400,15.421,15.586,15.229,15.374
1658091600,15.374,15.747,15.264,15.571
1658178000,15.571,15.592,15.129,15.36
1658264400,15.36,15.36,14.994,15.068
1658350800,15.068,15.109,14.63,14.709
1658437200,14.709,14.937,14.566,14.81
1658696400,14.81,15.163,14.76,15.128
1658782800,15.128,15.777,15.128,15.714
1658869200,15.714,16.223,15.714,16.196
1658955600,16.196,16.496,16.17,16.434
1659042000,16.434,17.06,16.396,16.788
1659301200,16.788,16.822,15.868,16.016
1659387600,16.016,16.024,15.675,15.694
1659474000,15.694,15.918,15.445,15.618
1659560400,15.618,16.252,15.482,16.216
1659646800,16.216,16.366,15.96,16.176
1659906000,16.176,16.237,15.945,16.11
1659992400,16.11,16.628,16.11,16.578
1660078800,16.578,16.997,16.38,16.409
1660165200,16.409,16.739,16.246,16.566
1660251600,16.566,16.692,16.11,16.635
1660510800,16.635,16.635,15.782,16.092
1660597200,16.092,16.096,15.523,15.643
1660683600,15.643,15.855,15.623,15.822
1660770000,15.822,16.042,15.704,15.992
1660856400,15.992,16.021,15.748,15.905
1661115600,15.905,16.245,15.682,16.151
1661202000,16.151,16.698,16.151,16.582
1661288400,16.582,16.821,16.366,16.485
1661374800,16.485,16.578,16.136,16.15
1661461200,16.15,16.509,16.13,16.509
1661720400,16.509,16.509,16.079,16.164
1661806800,16.164,16.164,15.791,16.084
1661893200,16.084,16.142,15.856,15.931
1661979600,15.931,16.027,15.538,15.586
1662066000,15.586,15.87,15.55,15.844
1662411600,15.844,15.844,15.446,15.543
1662498000,15.543,15.86,15.293,15.295
1662584400,15.295,15.469,15.186,15.358
1662670800,15.358,15.632,15.333,15.605
1662930000,15.605,16.378,15.43,16.334
1663016400,16.334,16.561,16.197,16.212
1663102800,16.212,16.33,15.929,15.978
1663189200,15.978,16.073,15.804,15.882
1663275600,15.882,15.912,15.67,15.804
1663534800,15.804,15.954,15.647,15.893
1663621200,15.893,16.133,15.764,16.042
1663707600,16.042,16.153,15.827,15.844
1663794000,15.844,15.988,15.704,15.755
1663880400,15.755,15.755,15.361,15.412
1664139600,15.412,15.435,15.157,15.193
1664226000,15.193,15.446,15.119,15.131
1664312400,15.131,15.172,14.926,15.136
1664398800,15.136,15.254,15.051,15.112
1664485200,15.112,15.251,14.583,14.606
1664744400,14.606,14.664,14.5,14.648
1664830800,14.648,14.834,14.599,14.705
1664917200,14.705,14.716,14.469,14.561
1665003600,14.561,14.609,14.316,14.412
1665090000,14.412,14.539,14.301,14.455
1665349200,14.455,14.74,14.42,14.475
1665435600,14.475,14.573,14.368,14.461
1665522000,14.461,14.825,14.381,14.657
1665608400,14.657,14.75,14.466,14.624
1665694800,14.624,14.775,14.482,14.492
1665954000,14.492,14.544,14.365,14.429
1666040400,14.429,14.474,14.202,14.272
1666126800,14.272,14.342,14.111,14.272
1666213200,14.272,14.495,14.235,14.442
1666299600,14.442,14.493,14.26,14.437
1666558800,14.437,14.437,14.118,14.164
1666645200,14.164,14.282,14.086,14.242
1666731600,14.242,14.38,14.192,14.224
1666818000,14.224,14.337,14.178,14.236
1666904400,14.236,14.305,14.089,14.281
1667163600,14.281,14.52,14.252,14.464
1667250000,14.464,14.768,14.421,14.742
1667336400,14.742,14.858,14.584,14.822
1667422800,14.822,14.822,14.549,14.639
1667509200,14.639,14.925,14.583,14.896
1667772000,14.896,14.949,14.726,14.749
1667858400,14.749,14.792,14.658,14.717
1667944800,14.717,14.826,14.58,14.764
1668031200,14.764,14.836,14.447,14.461
1668117600,14.461,14.83,14.461,14.752
1668376800,14.752,14.786,14.57,14.654
1668463200,14.654,14.87,14.549,14.797
1668549600,14.797,14.797,14.452,14.524
1668636000,14.524,14.535,14.279,14.398
1668722400,14.398,14.517,14.331,14.483
1668981600,14.483,14.577,14.375,14.565
1669068000,14.565,14.631,14.476,14.518
1669154400,14.518,14.601,14.414,14.56
1669327200,14.56,14.665,14.506,14.524
1669586400,14.524,14.792,14.414,14.736
1669672800,14.736,14.856,14.665,14.755
1669759200,14.755,14.955,14.743,14.868
1669845600,14.868,14.868,14.414,14.478
1669932000,14.478,14.59,14.414,14.56
1670191200,14.56,14.659,14.5,14.543
1670277600,14.543,14.871,14.527,14.706
1670364000,14.706,14.921,14.701,14.878
1670450400,14.878,15.064,14.822,15.008
1670536800,15.008,15.064,14.911,14.954
1670796000,14.954,14.954,14.703,14.73
1670882400,14.73,14.998,14.73,14.926
1670968800,14.926,14.982,14.8,14.934
1671055200,14.934,14.967,14.789,14.829
1671141600,14.829,14.969,14.767,14.904
1671400800,14.904,14.904,14.7,14.714
1671487200,14.714,14.948,14.693,14.864
1671573600,14.864,14.974,14.857,14.912
1671660000,14.912,14.948,14.748,14.793
1671746400,14.793,14.958,14.775,14.924
1672092000,14.924,15.292,14.917,14.942
1672178400,14.942,15.24,14.942,15.232
1672264800,15.232,15.309,15.156,15.226
1672351200,15.226,15.439,15.211,15.306
1672696800,15.306,15.35,14.961,15.006
1672783200,15.006,15.122,14.867,14.907
1672869600,14.907,14.957,14.708,14.802
1672956000,14.802,15.037,14.773,14.978
1673215200,14.978,15.072,14.923,14.951
1673301600,14.951,15.058,14.795,14.912
1673388000,14.912,15.051,14.874,14.99
1673474400,14.99,15.322,14.99,15.247
1673560800,15.247,15.384,15.187,15.348
1673906400,15.348,15.458,15.176,15.452
1673992800,15.452,15.533,15.161,15.293
1674079200,15.293,15.333,15.138,15.199
1674165600,15.199,15.264,15.087,15.129
1674424800,15.129,15.129,14.84,14.957
1674511200,14.957,15.106,14.913,14.934
1674597600,14.934,15.086,14.823,15.075
1674684000,15.075,15.302,15.042,15.277
1674770400,15.277,15.309,15.103,15.151
1675029600,15.151,15.416,15.151,15.384
1675116000,15.384,15.472,15.283,15.413
1675202400,15.413,15.462,15.144,15.237
1675288800,15.237,15.411,15.237,15.377
1675375200,15.377,15.433,15.284,15.36
1675634400,15.36,15.386,15.2,15.24
1675720800,15.24,15.334,15.141,15.189
1675807200,15.189,15.306,15.089,15.22
1675893600,15.22,15.365,15.15,15.216
1675980000,15.216,15.459,15.184,15.457
1676239200,15.457,15.579,15.396,15.454
1676325600,15.454,15.472,15.353,15.386
1676412000,15.386,15.389,15.197,15.281
1676498400,15.281,15.353,15.234,15.304
1676584800,15.304,15.364,15.283,15.308
1676930400,15.308,15.535,15.308,15.525
1677016800,15.525,15.587,15.42,15.452
1677103200,15.452,15.486,15.35,15.364
1677189600,15.364,15.449,15.259,15.28
1677448800,15.28,15.33,15.166,15.212
1677535200,15.212,15.213,14.858,14.872
1677621600,14.872,15.061,14.872,15.015
1677708000,15.015,15.225,14.974,15.163
1677794400,15.163,15.326,15.152,15.269
1678053600,15.269,15.46,15.184,15.36
1678140000,15.36,15.384,15.207,15.237
1678226400,15.237,15.411,15.184,15.251
1678312800,15.251,15.361,15.126,15.204
1678399200,15.204,15.227,15.051,15.137
1678654800,15.137,15.23,14.977,14.979
1678741200,14.979,15.032,14.906,15.011
1678827600,15.011,15.063,14.864,14.942
1678914000,14.942,15.042,14.843,14.971
1679000400,14.971,15.041,14.762,14.819
1679259600,14.819,14.934,14.679,14.901
1679346000,14.901,15.026,14.708,14.73
1679432400,14.73,14.777,14.488,14.537
1679518800,14.537,14.595,14.206,14.233
1679605200,14.233,14.371,14.104,14.348
1679864400,14.348,14.505,14.283,14.46
1679950800,14.46,14.745,14.444,14.716
1680037200,14.716,14.845,14.671,14.804
1680123600,14.804,14.879,14.756,14.791
1680210000,14.791,15.174,14.734,15.096
1680469200,15.096,15.32,15.096,15.247
1680555600,15.247,15.282,15.098,15.231
1680642000,15.231,15.31,15.107,15.133
1680728400,15.133,15.144,14.87,14.974
1681074000,14.974,15.034,14.861,14.921
1681160400,14.921,15.108,14.897,15.01
1681246800,15.01,15.139,14.944,15.084
1681333200,15.084,15.254,15.035,15.06
1681419600,15.06,15.068,14.929,15.018
1681678800,15.018,15.2,14.992,15.171
1681765200,15.171,15.34,15.14,15.222
1681851600,15.222,15.254,15.094,15.107
1681938000,15.107,15.107,14.919,14.996
1682024400,14.996,15.005,14.745,14.79
1682283600,14.79,14.921,14.634,14.634
1682370000,14.634,14.687,14.396,14.47
1682456400,14.47,14.567,14.4,14.441
1682542800,14.441,14.448,14.292,14.33
1682629200,14.33,14.508,14.235,14.471
1682888400,14.471,14.557,14.393,14.535
1682974800,14.535,14.662,14.338,14.348
1683061200,14.348,14.443,14.175,14.423
1683147600,14.423,14.486,14.302,14.417
1683234000,14.417,14.636,14.411,14.622
1683493200,14.622,14.709,14.543,14.587
1683579600,14.587,14.587,14.339,14.382
1683666000,14.382,14.416,14.254,14.266
1683752400,14.266,14.362,14.075,14.291
1683838800,14.291,14.39,14.107,14.107
1684098000,14.107,14.326,14.074,14.213
1684184400,14.213,14.224,13.788,13.842
1684270800,13.842,13.855,13.524,13.529
1684357200,13.529,13.669,13.422,13.52
1684443600,13.52,13.637,13.233,13.233
1684702800,13.233,13.618,13.222,13.587
1684789200,13.587,13.587,13.328,13.392
1684875600,13.392,13.546,13.329,13.408
1684962000,13.408,13.5,13.213,13.43
1685048400,13.43,13.594,13.384,13.531
1685394000,13.531,13.531,13.088,13.097
1685480400,13.097,13.168,12.847,13.139
1685566800,13.139,13.494,13.137,13.41
1685653200,13.41,13.695,13.361,13.655
1685912400,13.655,13.746,13.567,13.618
1685998800,13.618,13.767,13.532,13.656
1686085200,13.656,13.831,13.624,13.722
1686171600,13.722,13.839,13.64,13.742
1686258000,13.742,14,13.682,13.991
1686517200,13.991,14.033,13.794,13.846
1686603600,13.846,14.262,13.823,14.099
1686690000,14.099,14.099,13.902,13.999
1686776400,13.999,14.421,13.978,14.378
1686862800,14.378,14.782,14.368,14.76
1687208400,14.76,14.982,14.684,14.873
1687294800,14.873,15.297,14.873,15.275
1687381200,15.275,15.278,14.766,15.094
1687467600,15.094,15.094,14.778,14.925
1687726800,14.925,15.316,14.846,15.266
1687813200,15.266,15.303,15.023,15.039
1687899600,15.039,15.115,14.562,14.694
1687986000,14.694,14.752,14.593,14.688
1688072400,14.688,15.61,14.686,15.484
1688331600,15.484,16.094,15.439,15.708
1688504400,15.708,15.92,15.502,15.597
1688590800,15.597,15.744,15.342,15.428
1688677200,15.428,15.431,15.137,15.172
1688936400,15.172,15.49,15.105,15.364
1689022800,15.364,15.646,15.364,15.528
1689109200,15.528,15.702,15.168,15.214
1689195600,15.214,15.622,15.179,15.617
1689282000,15.617,15.746,15.451,15.572
1689541200,15.572,15.664,15.45,15.488
1689627600,15.488,15.667,15.404,15.572
1689714000,15.572,15.821,15.472,15.515
1689800400,15.515,15.629,15.407,15.543
1689886800,15.543,15.619,15.436,15.576
1690146000,15.576,15.903,15.516,15.744
1690232400,15.744,15.794,15.532,15.689
1690318800,15.689,15.904,15.571,15.899
1690405200,15.899,16.076,15.65,15.669
1690491600,15.669,15.669,15.349,15.431
1690750800,15.431,15.431,14.6,14.681
1690837200,14.681,14.857,14.632,14.857
1690923600,14.857,14.989,14.559,14.702
1691010000,14.702,14.908,14.693,14.739
1691096400,14.739,14.892,14.678,14.749
1691355600,14.749,14.749,14.179,14.299
1691442000,14.299,14.359,14.069,14.327
1691528400,14.327,14.475,14.299,14.335
1691614800,14.335,14.46,14.221,14.254
1691701200,14.254,14.426,13.974,14.072
1691960400,14.072,14.232,14.032,14.17
1692046800,14.17,14.17,13.813,13.846
1692133200,13.846,14.057,13.826,13.978
1692219600,13.978,14.075,13.917,13.959
1692306000,13.959,14.205,13.959,14.191
1692565200,14.191,14.455,14.187,14.24
1692651600,14.24,14.369,14.006,14.055
1692738000,14.055,14.259,13.932,14.228
1692824400,14.228,14.343,14.173,14.338
1692910800,14.338,14.522,14.293,14.479
1693170000,14.479,14.698,14.479,14.656
1693256400,14.656,14.656,14.505,14.51
1693342800,14.51,14.59,14.378,14.436
1693429200,14.436,14.492,14.232,14.237
1693515600,14.237,14.408,14.212,14.237
1693861200,14.237,14.295,14.097,14.194
1693947600,14.194,14.366,14.194,14.266
1694034000,14.266,14.292,14.072,14.106
1694120400,14.106,14.145,14.019,14.135
1694379600,14.135,14.208,14.111,14.179
1694466000,14.179,14.198,13.867,13.905
1694552400,13.905,13.965,13.788,13.964
1694638800,13.964,14.095,13.908,14.063
1694725200,14.063,14.125,13.821,13.823
1694984400,13.823,13.866,13.562,13.562
1695070800,13.562,13.598,13.48,13.552
1695157200,13.552,13.621,13.492,13.591
1695243600,13.591,13.61,13.308,13.316
1695330000,13.316,13.403,13.3,13.324
1695589200,13.324,13.349,13.194,13.343
1695675600,13.343,13.426,13.234,13.383
1695762000,13.383,13.511,13.317,13.371
1695848400,13.371,13.406,13.198,13.353
1695934800,13.353,13.38,13.047,13.073
1696194000,13.073,13.089,12.953,13.064
1696280400,13.064,13.079,12.85,13.031
1696366800,13.031,13.133,12.968,13.001
1696453200,13.001,13.11,12.894,13.068
1696539600,13.068,13.145,12.898,12.9
1696798800,12.9,13.027,12.827,12.882
1696885200,12.882,12.969,12.782,12.962
1696971600,12.962,12.978,12.739,12.759
1697058000,12.759,13.227,12.736,13.108
1697144400,13.108,13.207,12.955,13.035
1697403600,13.035,13.093,12.992,13.067
1697490000,13.067,13.227,13.058,13.169
1697576400,13.169,13.317,13.12,13.316
1697662800,13.316,13.361,13.183,13.353
1697749200,13.353,13.364,13.184,13.199
1698008400,13.199,13.199,13.008,13.017
1698094800,13.017,13.132,12.955,13.085
1698181200,13.085,13.164,12.938,13.034
1698267600,13.034,13.146,12.942,12.958
1698354000,12.958,13.212,12.948,13.141
1698613200,13.141,13.275,13.02,13.04
1698699600,13.04,13.178,12.964,13.074
1698786000,13.074,13.156,13.011,13.136
1698872400,13.136,13.262,13.132,13.252
1698958800,13.252,13.511,13.228,13.51
1699221600,13.51,13.66,13.494,13.592
1699308000,13.592,13.764,13.534,13.596
1699394400,13.596,13.81,13.578,13.636
1699480800,13.636,13.696,13.328,13.424
1699567200,13.424,13.464,13.336,13.453
1699826400,13.453,13.828,13.453,13.823
1699912800,13.823,13.882,13.658,13.88
1699999200,13.88,13.952,13.77,13.827
1700085600,13.827,13.846,13.511,13.566
1700172000,13.566,13.584,13.338,13.406
1700431200,13.406,13.652,13.245,13.638
1700517600,13.638,13.864,13.618,13.73
1700604000,13.73,13.757,13.518,13.56
1700776800,13.56,13.56,13.272,13.275
1701036000,13.275,13.366,13.216,13.27
1701122400,13.27,13.476,13.27,13.447
1701208800,13.447,13.496,13.348,13.448
1701295200,13.448,13.492,13.372,13.412
1701381600,13.412,13.412,13.216,13.22
1701640800,13.22,13.272,13.018,13.054
1701727200,13.054,13.133,12.922,13.066
1701813600,13.066,13.116,12.92,12.944
1701900000,12.944,13.164,12.9,13.09
1701986400,13.09,13.288,12.974,13.054
1702245600,13.054,13.346,13.054,13.342
1702332000,13.342,13.396,13.186,13.222
1702418400,13.222,13.222,13.022,13.084
1702504800,13.084,13.182,13.037,13.152
1702591200,13.152,13.184,13.018,13.136
1702850400,13.136,13.22,13.043,13.22
1702936800,13.22,13.22,13.022,13.044
1703023200,13.044,13.104,12.936,12.99
1703109600,12.99,12.99,12.82,12.833
1703196000,12.833,12.93,12.808,12.886
1703541600,12.886,13.031,12.862,13.012
1703628000,13.012,13.061,12.928,13.041
1703714400,13.041,13.11,12.93,12.956
1703800800,12.956,13.004,12.81,12.814
1704146400,12.814,12.82,12.528,12.59
1704232800,12.59,12.654,12.516,12.628
1704319200,12.628,12.66,12.51,12.529
1704405600,12.529,12.572,12.414,12.434
1704664800,12.434,12.473,12.23,12.322
1704751200,12.322,12.385,12.214,12.344
1704837600,12.344,12.368,12.228,12.23
1704924000,12.23,12.368,12.221,12.241
1705010400,12.241,12.344,11.912,12.149
1705356000,12.149,12.264,12.096,12.164
1705442400,12.164,12.194,11.942,11.946
1705528800,11.946,12.05,11.906,12.022
1705615200,12.022,12.16,12.002,12.028
1705874400,12.028,12.154,11.997,12.136
1705960800,12.136,12.304,12.116,12.294
1706047200,12.294,12.358,12.256,12.296
1706133600,12.296,12.376,12.062,12.13
1706220000,12.13,12.212,11.994,11.994
1706479200,11.994,12.038,11.83,11.85
1706565600,11.85,12.122,11.793,12.12
1706652000,12.12,12.146,11.984,12.139
1706738400,12.139,12.139,11.917,11.954
1706824800,11.954,12.002,11.788,11.802
1707084000,11.802,11.91,11.724,11.904
1707170400,11.904,11.982,11.868,11.93
1707256800,11.93,11.946,11.726,11.83
1707343200,11.83,11.98,11.74,11.884
1707429600,11.884,11.911,11.752,11.78
1707688800,11.78,11.908,11.766,11.866
1707775200,11.866,11.918,11.776,11.812
1707861600,11.812,11.842,11.63,11.638
1707948000,11.638,11.692,11.55,11.568
1708034400,11.568,11.682,11.566,11.678
1708380000,11.678,11.83,11.678,11.744
1708466400,11.744,11.744,11.534,11.558
1708552800,11.558,11.63,11.434,11.446
1708639200,11.446,11.5,11.302,11.344
1708898400,11.344,11.428,11.258,11.356
1708984800,11.356,11.534,11.308,11.354
1709071200,11.354,11.436,11.264,11.388
1709157600,11.388,11.41,11.208,11.32
1709244000,11.32,11.446,11.299,11.43
1709503200,11.43,11.584,11.43,11.472
1709589600,11.472,11.514,11.396,11.414
1709676000,11.414,11.461,11.334,11.42
1709762400,11.42,11.598,11.4,11.592
1709848800,11.592,11.776,11.471,11.772
1710104400,11.772,11.822,11.684,11.732
1710190800,11.732,11.896,11.692,11.872
1710277200,11.872,11.928,11.764,11.894
1710363600,11.894,12.11,11.852,11.887
1710450000,11.887,11.933,11.772,11.924
1710709200,11.924,12,11.808,11.824
1710795600,11.824,11.862,11.754,11.798
1710882000,11.798,12.054,11.778,12.046
1710968400,12.046,12.205,11.984,12.062
1711054800,12.062,12.062,11.838,11.864
1711314000,11.864,12.044,11.832,12.024
1711400400,12.024,12.028,11.928,11.932
1711486800,11.932,11.932,11.846,11.872
1711573200,11.872,11.938,11.722,11.872
1711918800,11.872,11.97,11.77,11.814
1712005200,11.814,11.952,11.668,11.714
1712091600,11.714,11.826,11.646,11.784
1712178000,11.784,11.822,11.662,11.765
1712264400,11.765,11.864,11.69,11.816
1712523600,11.816,11.896,11.768,11.776
1712610000,11.776,11.806,11.684,11.716
1712696400,11.716,11.77,11.596,11.604
1712782800,11.604,11.626,11.478,11.564
1712869200,11.564,11.762,11.51,11.696
1713128400,11.696,11.722,11.536,11.566
1713214800,11.566,11.614,11.428,11.447
1713301200,11.447,11.542,11.418,11.488
1713387600,11.488,11.496,11.33,11.332
1713474000,11.332,11.53,11.312,11.512
1713733200,11.512,11.676,11.454,11.622
1713819600,11.622,11.7,11.588,11.668
1713906000,11.668,11.774,11.652,11.672
1713992400,11.672,11.694,11.53,11.654
1714078800,11.654,11.668,11.586,11.632
1714338000,11.632,11.77,11.616,11.688
1714424400,11.688,11.701,11.46,11.502
1714510800,11.502,11.586,11.436,11.57
1714597200,11.57,11.89,11.57,11.872
1714683600,11.872,12.034,11.857,12.03
1714942800,12.03,12.384,11.946,12.342
1715029200,12.342,12.44,12.28,12.33
1715115600,12.33,12.356,12.136,12.166
1715202000,12.166,12.246,11.946,11.982
1715288400,11.982,12.108,11.932,12.074
1715547600,12.074,12.17,12.002,12.078
1715634000,12.078,12.114,11.93,12.038
1715720400,12.038,12.212,11.99,12.034
1715806800,12.034,12.094,11.996,12.058
1715893200,12.058,12.21,12.051,12.168
1716152400,12.168,12.408,12.14,12.372
1716238800,12.372,12.384,12.206,12.262
1716325200,12.262,12.4,12.244,12.378
1716411600,12.378,12.486,12.268,12.3
1716498000,12.3,12.416,12.268,12.396
1716843600,12.396,12.458,12.18,12.218
1716930000,12.218,12.218,12.046,12.048
1717016400,12.048,12.12,11.998,12.021
1717102800,12.021,12.159,11.95,11.972
1717362000,11.972,11.983,11.756,11.774
1717448400,11.774,11.826,11.696,11.728
1717534800,11.728,11.85,11.689,11.694
1717621200,11.694,11.978,11.694,11.936
1717707600,11.936,11.96,11.682,11.722
1717966800,11.722,11.848,11.703,11.824
1718053200,11.824,11.872,11.716,11.716
1718139600,11.716,11.811,11.658,11.724
1718226000,11.724,11.86,11.66,11.832
1718312400,11.832,11.836,11.732,11.74
1718571600,11.74,11.744,11.532,11.542
1718658000,11.564,11.714,11.523,11.684
1718830800,11.674,11.715,11.51,11.524
1718917200,11.542,11.65,11.528,11.57
1719176400,11.568,11.763,11.534,11.714
1719262800,11.711,11.767,11.546,11.592
1719349200,11.608,11.746,11.586,11.587
1719435600,11.584,11.67,11.486,11.496
1719522000,11.508,11.676,11.423,11.471
1719781200,11.43,11.58,11.419,11.566
1719867600,11.57,11.727,11.568,11.605
1719954000,11.63,11.734,11.569,11.69
1720126800,11.65,11.798,11.605,11.77
1720386000,11.691,11.7,11.514,11.583
1720472400,11.59,11.622,11.373,11.393
1720558800,11.391,11.462,11.209,11.212
1720645200,11.217,11.331,11.164,11.266
1720731600,11.211,11.274,11.104,11.116
1720990800,11.021,11.079,10.834,10.834
1721077200,10.854,11.034,10.836,10.983
1721163600,11.004,11.092,10.997,11.056
1721250000,11.042,11.074,10.955,11.056
1721336400,11.04,11.142,11.013,11.023
1721595600,11.118,11.252,11.107,11.248
1721682000,11.25,11.343,11.164,11.218
1721768400,11.198,11.285,11.099,11.157
1721854800,11.156,11.252,11.084,11.202
1721941200,11.198,11.223,10.841,10.847
1722200400,10.755,10.777,10.499,10.735
1722286800,10.734,10.734,10.494,10.506
1722373200,10.528,10.612,10.449,10.529
1722459600,10.556,10.559,10.423,10.449
1722546000,10.453,10.616,10.445,10.577
1722805200,10.609,10.71,10.438,10.71
1722891600,10.696,10.696,10.494,10.555
1722978000,10.557,10.571,10.419,10.474
1723064400,10.464,10.536,10.345,10.346
1723150800,10.374,10.427,10.282,10.285
1723410000,10.278,10.286,10.01,10.132
1723496400,10.122,10.139,9.853,9.857
1723582800,9.87,9.985,9.798,9.937
1723669200,9.963,10.03,9.919,9.924
1723755600,9.944,9.944,9.789,9.799
1724014800,9.857,10.006,9.823,9.995
1724101200,10.007,10.083,9.93,10
1724187600,10.005,10.075,9.971,10.051
1724274000,10.034,10.048,9.826,9.836
1724360400,9.843,9.967,9.843,9.956
1724619600,9.847,10.035,9.822,10.027
1724706000,10.019,10.13,9.984,10.088
1724792400,10.075,10.08,9.939,9.978
1724878800,9.973,10.134,9.962,10.126
1724965200,10.128,10.287,10.103,10.2
1725310800,10.194,10.447,10.15,10.332
1725397200,10.313,10.428,10.205,10.413
1725483600,10.405,10.441,10.296,10.441
1725570000,10.422,10.507,10.226,10.234
1725829200,10.23,10.387,10.209,10.371
1725915600,10.352,10.37,10.136,10.144
1726002000,10.159,10.257,10.131,10.184
1726088400,10.179,10.345,10.146,10.296
1726174800,10.295,10.383,10.194,10.237
1726434000,10.236,10.283,10.155,10.203
1726520400,10.2,10.27,10.181,10.234
1726606800,10.241,10.381,10.218,10.306
1726693200,10.334,10.338,10.225,10.289
1726779600,10.283,10.343,10.165,10.289
1727038800,10.284,10.565,10.282,10.541
1727125200,10.51,10.732,10.476,10.577
1727211600,10.54,10.688,10.455,10.678
1727298000,10.654,10.789,10.539,10.54
1727384400,10.507,10.834,10.479,10.796
1727643600,10.693,10.828,10.652,10.698
1727730000,10.657,10.784,10.578,10.688
1727816400,10.672,10.764,10.547,10.677
1727902800,10.654,10.68,10.536,10.586
1727989200,10.565,10.671,10.481,10.487
1728248400,10.417,10.495,10.374,10.453
1728334800,10.427,10.5,10.218,10.266
1728421200,10.248,10.376,10.213,10.309
1728507600,10.314,10.356,10.215,10.238
1728594000,10.257,10.331,10.134,10.144
1728853200,10.1,10.169,10.041,10.045
1728939600,10.032,10.032,9.891,10.007
1729026000,10.024,10.093,9.86,9.866
1729112400,9.875,9.986,9.757,9.976
1729198800,9.994,10.028,9.764,9.769
1729458000,9.782,9.9,9.766,9.865
1729544400,9.872,10.031,9.83,9.985
1729630800,9.995,10.056,9.91,10.03
1729717200,10.043,10.179,10.042,10.067
1729803600,10.055,10.072,9.954,9.989
1730062800,9.916,9.964,9.869,9.881
1730149200,9.884,9.924,9.799,9.806
1730235600,9.802,9.939,9.786,9.936
1730322000,9.927,10.004,9.896,9.976
1730408400,9.976,10.097,9.901,9.968
1730671200,9.993,10.093,9.954,9.985
1730757600,9.978,10.073,9.975,10.04
1730844000,10.011,10.088,9.832,10.059
1730930400,10.085,10.288,10.017,10.275
1731016800,10.265,10.45,10.187,10.323
1731276000,10.342,10.432,10.209,10.234
1731362400,10.264,10.287,10.049,10.134
1731448800,10.118,10.137,10.029,10.084
1731535200,10.09,10.144,9.876,9.892
1731621600,9.919,10.064,9.881,9.994
1731880800,10.033,10.123,9.905,10.114
1731967200,10.123,10.126,9.96,9.995
1732053600,10.013,10.023,9.86,9.918
1732140000,9.928,9.998,9.772,9.817
1732226400,9.835,9.86,9.762,9.847
1732485600,9.882,9.939,9.839,9.869
1732572000,9.847,9.919,9.774,9.845
1732658400,9.849,9.952,9.843,9.899
1732831200,9.936,9.965,9.836,9.914
1733090400,9.911,9.911,9.783,9.861
1733176800,9.876,9.996,9.843,9.926
1733263200,9.91,9.91,9.813,9.845
1733349600,9.845,9.953,9.83,9.945
1733436000,9.925,9.98,9.885,9.95
1733695200,9.927,10.041,9.865,9.905
1733781600,9.904,10.003,9.894,9.954
1733868000,9.964,10.016,9.884,9.978
1733954400,9.96,10,9.914,9.976
1734040800,9.962,9.962,9.88,9.908
1734300000,9.905,9.946,9.804,9.815
1734386400,9.834,9.854,9.672,9.742
1734472800,9.732,9.742,9.476,9.484
1734559200,9.5,9.64,9.428,9.614
1734645600,9.601,9.776,9.59,9.75
1734904800,9.778,9.796,9.684,9.71
1734991200,9.712,9.772,9.674,9.757
1735164000,9.806,9.936,9.77,9.932
1735250400,9.92,9.936,9.844,9.868
1735509600,9.904,9.996,9.83,9.886
1735596000,9.872,10.076,9.866,10.066
1735768800,10.05,10.118,9.998,10.082
1735855200,10.068,10.114,9.844,9.876
1736114400,9.946,10.06,9.918,9.93
1736200800,9.91,9.948,9.819,9.936
1736287200,9.934,9.974,9.884,9.904
1736373600,9.888,9.964,9.822,9.934
1736460000,9.984,10.3,9.956,10.232
1736719200,10.224,10.498,10.224,10.484
1736805600,10.444,10.604,10.398,10.426
1736892000,10.42,10.506,10.364,10.392
1736978400,10.354,10.375,10.154,10.174
1737064800,10.172,10.358,10.161,10.32
1737410400,10.412,10.647,10.362,10.646
1737496800,10.576,10.704,10.49,10.543
1737583200,10.522,10.732,10.45,10.61
1737669600,10.468,10.6,10.446,10.514
1737928800,10.424,10.482,10.374,10.432
1738015200,10.416,10.479,10.386,10.434
1738101600,10.446,10.592,10.436,10.574
1738188000,10.566,10.566,10.394,10.422
1738274400,10.402,10.494,10.318,10.424
1738533600,10.348,10.578,10.296,10.542
1738620000,10.52,10.75,10.462,10.732
1738706400,10.724,10.774,10.51,10.558
1738792800,10.55,10.642,10.476,10.596
1738879200,10.574,10.616,10.456,10.464
1739138400,10.429,10.504,10.418,10.47
1739224800,10.46,10.552,10.406,10.432
1739311200,10.427,10.461,10.25,10.286
1739397600,10.301,10.328,10.244,10.297
1739484000,10.298,10.454,10.294,10.364
1739829600,10.308,10.418,10.264,10.384
1739916000,10.382,10.476,10.3,10.328
1740002400,10.334,10.474,10.322,10.456
1740088800,10.454,10.51,10.392,10.416
1740348000,10.41,10.46,10.306,10.33
1740434400,10.336,10.384,10.226,10.338
1740520800,10.332,10.352,10.234,10.274
1740607200,10.27,10.366,10.21,10.242
1740693600,10.254,10.314,10.112,10.118
1740952800,10.157,10.174,9.95,9.972
1741039200,9.984,9.992,9.784,9.886
1741125600,9.964,10.008,9.834,9.99
1741212000,10.029,10.234,10.01,10.152
1741298400,10.146,10.19,10.082,10.126
1741554000,10.174,10.2,10.004,10.018
1741640400,9.986,10.096,9.978,9.99
1741726800,10.016,10.02,9.828,9.904
1741813200,9.92,10.064,9.882,9.978
1741899600,9.964,10.066,9.942,10.058
1742158800,10.082,10.11,9.996,10.042
1742245200,10.051,10.11,10.01,10.022
1742331600,10.022,10.058,9.964,9.984
1742418000,10.02,10.042,9.94,10.032
1742504400,10.048,10.068,9.946,9.998
1742763600,10.012,10.02,9.94,9.976
1742850000,9.976,9.984,9.894,9.936
1742936400,9.948,9.996,9.886,9.924
1743022800,9.934,10.088,9.91,10.07
1743109200,10.066,10.146,10.008,10.136
1743368400,10.128,10.232,10.05,10.062
1743454800,10.058,10.264,10.026,10.252
1743541200,10.225,10.25,10.168,10.22
1743627600,10.058,10.126,9.978,10.046
1743714000,10.042,10.052,9.63,9.7
1743973200,9.67,9.868,9.631,9.776
1744059600,9.796,9.958,9.794,9.858
1744146000,9.844,10.092,9.812,10.068
1744232400,10.129,10.232,10.044,10.216
1744318800,10.196,10.382,10.154,10.37
1744578000,10.362,10.436,10.312,10.348
1744664400,10.336,10.346,10.246,10.308
1744750800,10.293,10.42,10.226,10.35
1744837200,10.346,10.416,10.284,10.33
1745182800,10.384,10.404,10.27,10.272
1745269200,10.286,10.376,10.27,10.32
1745355600,10.39,10.436,10.316,10.378
1745442000,10.352,10.496,10.346,10.488
1745528400,10.483,10.538,10.432,10.456
1745787600,10.42,10.508,10.386,10.484
1745874000,10.476,10.502,10.332,10.398
1745960400,10.408,10.416,10.262,10.312
1746046800,10.32,10.42,10.246,10.384
1746133200,10.402,10.496,10.384,10.456
1746392400,10.42,10.449,10.328,10.352
1746478800,10.344,10.352,10.252,10.292
1746565200,10.354,10.444,10.272,10.278
1746651600,10.285,10.366,10.254,10.338
1746738000,10.336,10.468,10.296,10.408
1746997200,10.514,10.634,10.42,10.604
1747083600,10.58,10.654,10.43,10.641
1747170000,10.644,10.712,10.615,10.662
1747256400,10.567,10.601,10.364,10.436
1747342800,10.402,10.496,10.376,10.404
1747602000,10.414,10.464,10.366,10.42
1747688400,10.408,10.474,10.37,10.448
1747774800,10.464,10.582,10.452,10.528
1747861200,10.448,10.616,10.432,10.584
1747947600,10.618,10.632,10.468,10.516
1748293200,10.528,10.594,10.51,10.54
1748379600,10.542,10.562,10.398,10.406
1748466000,10.446,10.458,10.324,10.432
1748552400,10.384,10.43,10.33,10.352
1748811600,10.334,10.356,10.254,10.278
1748898000,10.289,10.37,10.258,10.338
1748984400,10.338,10.46,10.312,10.381
1749070800,10.386,10.5,10.334,10.442
1749157200,10.468,10.54,10.408,10.512
1749416400,10.496,10.556,10.478,10.5
1749502800,10.52,10.582,10.506,10.522
1749589200,10.528,10.57,10.436,10.442
1749675600,10.404,10.5,10.335,10.374
1749762000,10.372,10.656,10.354,10.636
1750021200,10.728,10.744,10.596,10.652
1750107600,10.62,10.708,10.59,10.7
1750194000,10.67,10.754,10.65,10.69
1750366800,10.692,10.758,10.63,10.634
1750626000,10.67,10.674,10.526,10.548
1750712400,10.508,10.586,10.43,10.436
1750798800,10.455,10.514,10.2,10.214
1750885200,10.259,10.262,10.152,10.198
1750971600,10.215,10.328,10.174,10.262
1751230800,10.295,10.372,10.166,10.23
1751317200,10.207,10.246,10.1,10.23
1751403600,10.236,10.474,10.23,10.46
1751490000,10.461,10.578,10.441,10.479
1751835600,10.352,10.365,10.23,10.247
1751922000,10.225,10.264,10.148,10.152
1752008400,10.156,10.192,10.026,10.032
1752094800,10.008,10.085,9.964,10.074
1752181200,10.074,10.112,9.946,9.996
1752440400,9.936,10.051,9.898,9.959
1752526800,9.95,9.98,9.888,9.908
1752613200,9.934,10.102,9.924,10.084
1752699600,10.086,10.183,10.052,10.176
1752786000,10.191,10.331,10.16,10.236
1753045200,10.194,10.212,10.079,10.116
1753131600,10.124,10.139,10.016,10.08
1753218000,10.096,10.16,10.014,10.025
1753304400,10.042,10.078,9.958,10.022
1753390800,10.032,10.05,9.936,9.961
1753650000,9.91,9.936,9.842,9.86
1753736400,9.858,9.882,9.751,9.786
1753822800,9.774,9.827,9.664,9.668
1753909200,9.68,9.714,9.592,9.614
1753995600,9.63,9.66,9.58,9.6
1754254800,9.64,9.689,9.588,9.67
1754341200,9.662,9.746,9.622,9.632
1754427600,9.628,9.68,9.548,9.586
1754514000,9.591,9.678,9.566,9.676
1754600400,9.694,9.712,9.598,9.606
1754859600,9.616,9.886,9.59,9.844
1754946000,9.824,10.084,9.688,10.058
1755032400,10.045,10.204,10.044,10.16
1755118800,10.168,10.228,10.022,10.046
1755205200,10.074,10.178,10.012,10.174
1755464400,10.144,10.226,10.098,10.158
1755550800,10.172,10.209,10.06,10.09
1755637200,10.104,10.16,10.072,10.112
1755723600,10.124,10.322,10.082,10.3
1755810000,10.3,10.384,10.278,10.338
1756069200,10.352,10.382,10.23,10.25
1756155600,10.23,10.326,10.188,10.264
1756242000,10.272,10.308,10.218,10.256
1756328400,10.26,10.267,10.178,10.258
1756414800,10.274,10.328,10.201,10.308
1756760400,10.265,10.318,10.159,10.2
1756846800,10.26,10.266,10.106,10.112
1756933200,10.106,10.142,10.018,10.136
1757019600,10.143,10.174,10.066,10.07
1757278800,10.088,10.16,10.05,10.15
1757365200,10.167,10.172,10.108,10.124
1757451600,10.13,10.135,10.06,10.066
1757538000,10.06,10.176,10.048,10.154
1757624400,10.16,10.308,10.103,10.272
1757883600,10.264,10.34,10.228,10.258
1757970000,10.256,10.354,10.251,10.326
1758056400,10.33,10.358,10.256,10.274
1758142800,10.268,10.268,10.19,10.226
1758229200,10.238,10.316,10.086,10.102
1758488400,10.06,10.096,9.918,9.972
1758574800,9.944,10.012,9.908,9.978
1758661200,9.936,10.06,9.92,9.946
1758747600,9.938,10.028,9.928,9.984
1758834000,9.98,10.018,9.952,10.006
1759093200,9.97,10.008,9.934,9.966
1759179600,9.957,9.968,9.884,9.886
1759266000,9.872,10.074,9.818,10.028
1759352400,10.004,10.134,9.966,10.104
1759438800,10.09,10.168,10.052,10.052
1759698000,10.038,10.122,10.038,10.068
1759784400,10.062,10.148,10.056,10.11
1759870800,10.112,10.196,10.096,10.192
1759957200,10.182,10.196,10.11,10.116
1760043600,10.11,10.146,9.93,9.97
1760302800,9.976,10.042,9.964,9.996
1760389200,9.984,10.01,9.926,9.976
1760475600,9.98,10.036,9.938,9.986
1760562000,9.986,10.114,9.986,10.034
1760648400,10.034,10.136,10.03,10.134
1760907600,10.132,10.26,10.131,10.25
1760994000,10.238,10.31,10.21,10.23
1761080400,10.217,10.294,10.199,10.252
1761166800,10.256,10.372,10.248,10.362
1761253200,10.364,10.383,10.342,10.356
1761512400,10.49,10.656,10.462,10.603
1761598800,10.6,10.834,10.6,10.7
1761685200,10.666,10.74,10.616,10.694
1761771600,10.68,10.904,10.478,10.824
1761858000,10.82,10.922,10.778,10.91
1762120800,10.954,11.126,10.92,11.11
1762207200,11.108,11.118,10.902,10.984
1762293600,10.962,11.146,10.944,11.122
1762380000,11.088,11.1,10.82,10.862
1762466400,10.878,10.966,10.866,10.954
1762725600,11.007,11.11,10.99,11.072
1762812000,11.071,11.1,10.99,11.06
1762898400,11.06,11.142,11.02,11.136
1762984800,11.124,11.302,11.098,11.256
1763071200,11.243,11.321,11.03,11.036
1763330400,10.98,11.412,10.962,11.384
1763416800,11.388,11.504,11.296,11.326
1763503200,11.323,11.33,11.174,11.176
1763589600,11.168,11.248,11.042,11.054
1763676000,11.068,11.102,10.964,11.082
1763935200,11.094,11.146,11,11.06
1764021600,11.072,11.127,11.016,11.086
1764108000,11.09,11.194,11.072,11.168
1764280800,11.17,11.236,11.164,11.217
1764540000,11.273,11.273,11.132,11.134
1764626400,11.134,11.218,11.1,11.108
1764712800,11.116,11.17,11.024,11.026
1764799200,11.034,11.114,11.012,11.066
1764885600,11.071,11.076,10.922,10.932
1765144800,10.919,10.956,10.81,10.824
1765231200,10.826,10.828,10.736,10.774
1765317600,10.754,10.824,10.709,10.809
1765404000,10.826,10.852,10.76,10.832
1765490400,10.823,10.843,10.662,10.662
1765749600,10.652,10.708,10.581,10.634
1765836000,10.624,10.672,10.51,10.542
1765922400,10.56,10.588,10.453,10.499
1766008800,10.516,10.523,10.421,10.422
1766095200,10.422,10.454,10.386,10.414
1766354400,10.419,10.486,10.418,10.458
1766440800,10.461,10.516,10.448,10.453
1766527200,10.46,10.597,10.46,10.586
1766700000,10.638,10.645,10.533,10.544
1766959200,10.566,10.604,10.466,10.471
1767045600,10.474,10.512,10.448,10.449
1767132000,10.454,10.476,10.313,10.318
1767304800,10.28,10.31,10.228,10.307
1767564000,10.307,10.482,10.307,10.47
1767650400,10.477,10.538,10.41,10.425
1767736800,10.44,10.558,10.43,10.516
1767823200,10.514,10.532,10.464,10.469
1767909600,10.48,10.546,10.476,10.494
1768168800,10.508,10.576,10.302,10.369
1768255200,10.355,10.386,10.25,10.263
1768341600,10.278,10.363,10.27,10.296
1768428000,10.305,10.454,10.288,10.402
1768514400,10.4,10.464,10.357,10.44
1768860000,10.439,10.5,10.407,10.416
1768946400,10.432,10.577,10.43,10.534
1769032800,10.539,10.61,10.495,10.525
1769119200,10.53,10.606,10.506,10.57
1769378400,10.591,10.656,10.496,10.499
1769464800,10.508,10.595,10.485,10.564
1769551200,10.574,10.746,10.574,10.65
1769637600,10.669,10.757,10.595,10.62
1769724000,10.635,10.635,10.519,10.546
1769983200,10.513,10.536,10.432,10.515
1770069600,10.545,10.624,10.52,10.578
1770156000,10.592,11.068,10.514,10.837
1770242400,10.85,11.048,10.787,11.023
1770328800,10.955,11.293,10.942,11.07
1770588000,11.024,11.085,10.987,11.024
1770674400,11.038,11.166,10.992,11.159
1770760800,11.162,11.211,11.061,11.166
1770847200,11.231,11.344,11.227,11.303
1770933600,11.29,11.328,11.154,11.271
1771279200,11.228,11.333,11.198,11.296
1771365600,11.329,11.386,11.232,11.281
1771452000,11.263,11.37,11.257,11.36
1771538400,11.37,11.43,11.174,11.34
1771797600,11.276,11.458,11.24,11.308
1771884000,11.328,11.389,11.25,11.362
1771970400,11.39,11.472,11.3,11.462
1772056800,11.468,11.54,11.275,11.446
1772143200,11.434,11.564,11.425,11.522
1772402400,11.619,11.624,11.402,11.448
1772488800,11.473,11.655,11.435,11.539
1772575200,11.529,11.584,11.483,11.5
1772661600,11.513,11.64,11.5,11.623
1772748000,11.637,11.857,11.603,11.854
1773003600,12.073,12.166,11.77,11.795
1773090000,11.696,11.91,11.688,11.87
1773176400,11.955,12.115,11.874,11.977
1773262800,12.017,12.226,12.003,12.098
1773349200,12.098,12.13,11.941,12.094
1773608400,11.9,11.946,11.414,11.414
1773694800,11.364,11.566,11.338,11.432
1773781200,11.449,11.515,11.347,11.496
1773867600,11.517,11.6,11.434,11.55
1773954000,11.54,11.628,11.466,11.478
1774213200,11.432,11.588,11.402,11.522
1774299600,11.537,11.546,11.418,11.42
1774386000,11.41,11.646,11.401,11.604
1774472400,11.624,11.676,11.554,11.599
1774558800,11.602,11.67,11.444,11.48
1774818000,11.502,11.59,11.48,11.482
1774904400,11.505,11.67,11.457,11.616
1774990800,11.63,11.642,11.43,11.574
1775077200,11.556,11.64,11.522,11.524
1775422800,11.538,11.605,11.499,11.561
1775509200,11.575,11.616,11.466,11.489
1775595600,11.389,11.544,11.35,11.534
1775682000,11.533,11.622,11.522,11.56
1775768400,11.576,11.71,11.566,11.665
1776027600,11.706,11.76,11.53,11.53
1776114000,11.526,11.612,11.491,11.504
1776200400,11.508,11.641,11.506,11.59
1776286800,11.576,11.632,11.558,11.562
1776373200,11.558,11.61,11.453,11.607
1776632400,11.643,11.658,11.554,11.595
1776718800,11.606,11.728,11.6,11.684
1776805200,11.695,11.795,11.571,11.578
1776891600,11.6,11.625,11.519,11.539
1776978000,11.549,11.585,11.508,11.568
1777237200,11.597,11.742,11.594,11.716
1777323600,11.714,11.726,11.628,11.703
1777410000,11.719,11.782,11.702,11.782
1777496400,11.766,11.865,11.703,11.76
1777582800,11.778,11.856,11.762,11.828
1777842000,11.852,12.073,11.838,12.039
1777928400,12.028,12.072,11.92,11.924
1778014800,11.926,11.964,11.724,11.764
1778101200,11.748,11.792,11.653,11.74
1778187600,11.773,11.924,11.72,11.894
1778446800,11.937,12.057,11.93,11.952
1778533200,11.955,12.156,11.95,12.085
1778619600,12.105,12.184,12.057,12.11
1778706000,12.096,12.11,11.665,11.782
1778792400,11.785,11.862,11.572,11.616
1779051600,11.794,12.036,11.763,11.972
1779138000,11.99,12.058,11.935,11.952
1779224400,11.948,11.971,11.82,11.854
1779310800,11.855,11.898,11.772,11.796
1779397200,11.798,11.879,11.767,11.83
1779742800,11.77,11.808,11.721,11.734
1779829200,11.744,11.788,11.675,11.726
1779915600,11.752,11.838,11.749,11.83
1780002000,11.836,11.888,11.714,11.753
1780261200,11.755,11.83,11.668,11.702
1780347600,11.696,11.696,11.527,11.541
1780434000,11.563,11.622,11.426,11.435
1780520400,11.438,11.45,11.11,11.186
1780606800,11.202,11.225,11.083,11.12
1780866000,11.146,11.147,11.029,11.08
1780952400,11.066,11.102,11.02,11.053
1781038800,11.068,11.214,11.056,11.156
1781125200,11.151,11.168,11.004,11.074
1781211600,11.068,11.119,11.014,11.06
1781470800,11.011,11.127,10.962,11.124
1781557200,11.127,11.316,11.009,11.205
1781643600,11.2,11.328,11.2,11.25
1781730000,11.24,11.272,11.131,11.166
1782075600,11.21,11.249,11.16,11.167
1782162000,11.193,11.252,11.154,11.174
1782248400,11.178,11.216,11.094,11.096
1782334800,11.113,11.36,11.064,11.332
1782421200,11.315,11.348,11.24,11.307
1782680400,11.278,11.295,11.14,11.145
1782766800,11.148,11.333,11.022,11.198
1782853200,11.208,11.378,11.164,11.264
1782939600,11.258,11.348,11.243,11.243
1783285200,11.352,11.738,11.347,11.686
1783371600,11.692,11.757,11.643,11.737
1783458000,11.73,11.808,11.66,11.66
1783544400,11.678,11.718,11.56,11.579
1783630800,11.599,11.763,11.508,11.679
1783890000,11.845,11.849,11.693,11.716
1783976400,11.693,11.722,11.641,11.691
1784062800,11.706,11.815,11.643,11.798
1784149200,11.807,11.852,11.726,11.728
1784235600,11.757,11.826,11.656,11.814
1784494800,11.908,12.106,11.864,12.044
1784581200,12.008,12.09,11.963,12.02
1784667600,12.044,12.196,11.969,12.178
1784754000,12.174,12.284,12.159,12.216
1784840400,12.22,12.354,12.195,12.322
1785099600,12.225,12.294,11.915,11.922
1785186000,11.962,12.052,11.87,11.995
1785272400,12.018,12.055,11.712,11.717
1785358800,11.732,11.794,11.656,11.696
1785445200,11.706,11.772,11.622,11.691
1785704400,11.66,11.761,11.574,11.736
1785790800,11.756,11.768,11.525,11.595
1785877200,11.58,11.631,11.5,11.591