time,open,high,low,close
1451599200,437.2,437.2,427.9,436.3
1451858400,423.3,436.5,423.3,435.5
1451944800,435.5,436.5,427.8,433.5
1452031200,433.5,433.7,427.1,431.2
1452117600,431.2,457,428.7,456.4
1452204000,456.4,463.1,446.3,453.5
1452463200,445.8,451.9,443.8,449
1452549600,449,450.5,446,446.3
1452636000,446.3,446.3,425,427.5
1452722400,427.5,434.1,426.4,433
1452808800,433,433,384.5,387.9
1453068000,386,387.4,371.2,382.2
1453154400,382.2,385.1,376.4,380.5
1453240800,380.5,415.5,374.3,407.9
1453327200,407.9,426.9,398.1,407
1453413600,407,413.6,375,385.3
1453672800,401.7,404.1,395.6,397
1453759200,397,397,390.3,394.3
1453845600,394.3,397.2,390.6,395.3
1453932000,395.3,396.1,378.3,383.5
1454018400,383.5,384.5,365.5,375.9
1454277600,378.4,378.8,366.3,369.9
1454364000,369.9,375.4,369.9,373.3
1454450400,373.3,373.5,367.6,369.3
1454536800,369.3,391.7,366.9,387.1
1454623200,387.1,390.8,384.6,386.1
1454882400,375.2,378.3,371.7,373.1
1454968800,373.1,377.2,371.1,373.4
1455055200,373.4,384.2,372.8,379.9
1455141600,379.9,380.7,373,375
1455228000,375,384.8,375,382.5
1455487200,400,407.8,396.8,397
1455573600,397,409.2,397,406
1455660000,406,420.1,406,418.8
1455746400,418.8,422.8,415.1,420.9
1455832800,420.9,422.6,415.4,419.3
1456092000,439.9,440.1,430.9,437.1
1456178400,437.1,438.3,411.9,418.6
1456264800,418.6,422.9,410.9,422.9
1456351200,422.9,426.5,416.8,423.2
1456437600,423.2,426.4,418.9,425.5
1456696800,433.6,440.8,430.5,435.4
1456783200,435.4,439.2,427.1,431.7
1456869600,431.7,433.6,431.4,431.5
1456956000,431.5,431.5,414.3,419.1
1457042400,419.1,421,408.5,411.1
1457301600,402,410.8,402,410.6
1457388000,410.6,413.8,410.6,413
1457474400,413,413.1,408.8,409.7
1457560800,409.7,414.7,409.7,414.7
1457647200,414.7,420.4,414.6,418.9
1457902800,411.4,414.7,411,413.6
1457989200,413.6,416.2,413.6,416.1
1458075600,416.1,416.2,415.2,415.6
1458162000,415.6,417.5,415.6,417.5
1458248400,417.5,417.9,417.5,417.7
1458507600,410.8,411.2,408.8,411
1458594000,411,417.8,410.8,416.8
1458680400,416.8,417.9,416.7,417.9
1458766800,417.9,418.4,413.8,415.9
1458853200,415.9,417.2,412.8,416
1459112400,425.3,425.3,421.9,421.9
1459198800,421.9,423.7,421.9,423
1459285200,423,423,414.2,414.2
1459371600,414.2,417,414.1,416.8
1459458000,416.8,417.1,414.5,416.4
1459717200,419.2,419.6,417.9,419.2
1459803600,419.2,423.3,419.2,421.9
1459890000,421.9,423.5,421.9,423.1
1459976400,423.1,423.4,419.8,422.5
1460062800,422.5,424.2,415.4,417.5
1460322000,420.8,422.9,419.5,422.8
1460408400,422.8,427.2,422.8,426.1
1460494800,426.1,426.8,422.8,423.9
1460581200,423.9,425.7,423.9,424.8
1460667600,424.8,429.9,424.8,429.4
1460926800,427.9,428.6,427.3,427.5
1461013200,427.5,431.2,427.5,431.2
1461099600,431.2,443.3,431.2,442.2
1461186000,442.2,450.9,442.2,450.5
1461272400,450.5,451,445.2,448.6
1461531600,462.3,466.1,453.9,466.1
1461618000,466.1,470.6,463.6,468.9
1461704400,468.9,469.5,452.4,454.9
1461790800,454.9,454.9,435.7,448.6
1461877200,448.6,457.1,448.6,456.1
1462136400,452.7,454.2,441.5,446.8
1462222800,446.8,452,443.5,452
1462309200,452,452.1,449.2,449.2
1462395600,449.2,449.2,447.1,449
1462482000,449,460.9,448.3,460.9
1462741200,457.9,463.9,456.7,461.9
1462827600,461.9,462.9,460.8,461.1
1462914000,461.1,461.1,452.1,452.7
1463000400,452.7,454,449.3,452.3
1463086800,452.3,458.1,452.3,457.8
1463346000,457.7,458.4,457.7,458
1463432400,458,458,452.6,454.6
1463518800,454.6,456.2,454.5,456
1463605200,456,456,441.8,444.1
1463691600,444.1,444.1,438.2,442.8
1463950800,439,443.4,439,442.9
1464037200,442.9,446.9,442.9,446.1
1464123600,446.1,449.9,445.6,448.9
1464210000,448.9,454.3,448.9,453.7
1464296400,453.7,479.9,453.6,473.5
1464555600,536.2,542.1,504.6,530.4
1464642000,530.4,545,522.1,522.3
1464728400,522.3,545.2,521.4,534.9
1464814800,534.9,540,533.1,537.4
1464901200,537.4,576.2,535.7,576.2
1465160400,575.1,587.6,566.6,584.1
1465246800,584.1,589.2,582.8,583.1
1465333200,583.1,583.6,574.9,581.3
1465419600,581.3,583.1,572.4,577.4
1465506000,577.4,580.7,575.3,578.8
1465765200,665.4,718.7,660.2,692.2
1465851600,692.2,704.2,661.6,691.7
1465938000,691.7,693,668.1,679.1
1466024400,679.1,769.1,679.1,760.5
1466110800,760.5,774.3,707.7,756.3
1466370000,763.6,763.8,725.9,741.2
1466456400,741.2,742.8,628,654.2
1466542800,654.2,679.3,614,616.8
1466629200,616.8,635,560.1,615
1466715600,615,680.3,615,659.7
1466974800,636.9,655,622,645.1
1467061200,645.1,657.5,636.7,648.5
1467147600,648.5,651.7,631.5,643
1467234000,643,675.6,637.6,664.7
1467320400,664.7,693,664.7,677.7
1467579600,658.7,679.6,649.5,674.6
1467666000,674.6,679.8,660.8,670.2
1467752400,670.2,680.1,665.9,674.4
1467838800,674.4,680.3,613.5,620.6
1467925200,620.6,661.4,611.1,661
1468184400,650,658.7,645.2,649.9
1468270800,649.9,674.9,647.7,669.8
1468357200,669.8,673.8,661.2,662
1468443600,662,663.4,650.7,659.5
1468530000,659.5,668.7,658.5,668.1
1468789200,681.8,682.6,667.6,671.3
1468875600,671.3,675.1,671.3,673.4
1468962000,673.4,673.4,662.5,662.6
1469048400,662.6,667.6,660,665.4
1469134800,665.4,667,651.1,658.3
1469394000,663,663.9,652.4,658.1
1469480400,658.1,659.2,645.3,654.4
1469566800,654.4,659.6,650.3,658
1469653200,658,659.3,654.7,657.4
1469739600,657.4,658,655.8,658
1469998800,634.4,634.4,611.9,616.7
1470085200,616.7,616.7,559.9,568.9
1470171600,568.9,570.9,470,570.8
1470258000,570.8,601.8,567.4,574.3
1470344400,574.3,586.6,571.3,573
1470603600,588.7,598.4,587.6,595.5
1470690000,595.5,596.9,584.3,586.7
1470776400,586.7,599.7,584,598
1470862800,598,599,590,590.4
1470949200,590.4,591.9,583.7,587.8
1471208400,571,573.9,560.4,569.5
1471294800,569.5,582.9,565.1,580.8
1471381200,580.8,581.4,571.4,574.7
1471467600,574.7,576.7,572.8,573.8
1471554000,573.8,577,570.1,573.6
1471813200,579.9,588.9,578.9,588.6
1471899600,588.6,588.7,580.5,581.8
1471986000,581.8,581.8,577.8,578.9
1472072400,578.9,579.8,565.7,573.2
1472158800,573.2,579.1,573,577.6
1472418000,571.2,575.7,571.2,574
1472504400,574,577.4,573,576.9
1472590800,576.9,579,572.7,573.7
1472677200,573.7,577.4,570.8,572.4
1472763600,572.4,577,570.6,575.4
1473022800,607.5,609.4,601.4,604.7
1473109200,604.7,610.7,604.7,610.6
1473195600,610.6,613.5,610.1,613.5
1473282000,613.5,628.2,613.5,622.6
1473368400,622.6,625.4,617.8,621.6
1473627600,601,607.1,599.7,606.9
1473714000,606.9,610.9,606.6,609.9
1473800400,609.9,610.5,606.3,610.4
1473886800,610.4,610.4,604.6,606
1473973200,606,609.5,605.7,607
1474232400,608.9,610.1,608.1,609.6
1474318800,609.6,609.6,607,608.7
1474405200,608.7,608.9,592.2,594
1474491600,594,596.4,593.1,595.3
1474578000,595.3,600.9,593.6,600.4
1474837200,600,601.2,599.6,601.2
1474923600,601.2,607.2,601.2,601.3
1475010000,601.3,605.5,601.3,603.3
1475096400,603.3,606.4,603.3,604.8
1475182800,604.8,605.5,604.2,605.2
1475442000,608.8,613.3,608.8,612.9
1475528400,612.9,613.2,608.9,609.1
1475614800,609.1,613.3,609.1,612.1
1475701200,612.1,612.8,611,612.2
1475787600,612.2,615.3,610,615.2
1476046800,616.6,618,614.4,617.8
1476133200,617.8,639.8,617.5,635.9
1476219600,635.9,639.9,634.4,635.7
1476306000,635.7,640.2,634.6,635.7
1476392400,635.7,641.4,632.7,636.7
1476651600,636.8,639.4,634.3,638
1476738000,638,638.7,633.9,634.8
1476824400,634.8,637,625.4,627.7
1476910800,627.7,629.5,623.1,628
1476997200,628,632,628,629.7
1477256400,649.5,651.1,645.7,648.6
1477342800,648.6,654.6,648.4,653.6
1477429200,653.6,678.8,647,670.8
1477515600,670.8,682.7,666.9,680
1477602000,680,690,676.6,687.4
1477861200,704.4,707.4,684.8,701.6
1477947600,701.6,737.3,698.2,729.3
1478034000,729.3,734.7,721,728.3
1478120400,728.3,745.8,674.9,695
1478206800,695,703.9,671.6,698.7
1478469600,707,711.5,701.5,708.5
1478556000,708.5,713.6,703.8,713.3
1478642400,713.3,739.5,710,722.3
1478728800,722.3,722.3,706.1,706.6
1478815200,706.6,717.9,706.6,714.1
1479074400,702,708.5,698.3,707.4
1479160800,707.4,717.3,705.9,713.2
1479247200,713.2,718.2,709.8,718.2
1479333600,718.2,750,718.2,735.8
1479420000,735.8,750,733.7,743
1479679200,725.1,738.6,725.1,737.4
1479765600,737.4,751.1,733.2,748.1
1479852000,748.1,748.1,732,742.7
1479938400,742.7,745.9,727.8,736
1480024800,736,738.2,730.3,738.2
1480284000,733.3,734.5,726,732.9
1480370400,732.9,735.1,731.3,733
1480456800,733,744.7,732.1,741.5
1480543200,741.5,756.6,741.2,753.2
1480629600,753.2,777.6,753.2,773.3
1480888800,764.7,765.9,743.9,756.2
1480975200,756.2,758.6,752.5,757.7
1481061600,757.7,769.7,752.3,766.9
1481148000,766.9,771.9,762.7,769.9
1481234400,769.9,771.7,765.1,771.5
1481493600,769.3,780.4,769.3,779.2
1481580000,779.2,791.1,768.5,779.7
1481666400,779.7,781.3,772.8,778.2
1481752800,778.2,780.1,774.9,776.8
1481839200,776.8,781.4,773.9,781.3
1482098400,790.2,790.8,785.8,790.1
1482184800,790.1,793.3,788.3,792.5
1482271200,792.5,829.1,792.5,825
1482357600,825,871.4,824.7,862.8
1482444000,862.8,910.8,858.7,904.6
1482703200,897.2,915.8,893,905.6
1482789600,905.6,941.3,900.5,930.2
1482876000,930.2,973.9,926.7,965.9
1482962400,965.9,985.2,951.1,968.8
1483048800,968.8,979,930.1,955.5
1483308000,1003.9,1036.8,995.4,1018
1483394400,1018,1031.7,1013.7,1028.4
1483480800,1028.4,1139.7,1025.4,1097.8
1483567200,1097.8,1166.8,879.1,975.2
1483653600,975.2,1024.8,879.1,901.3
1483912800,909.3,914.2,880.2,899.7
1483999200,899.7,913.7,895,911.8
1484085600,911.8,923.7,761.3,787.6
1484172000,787.6,827.3,751.5,825.7
1484258400,825.7,833.2,776.9,832.1
1484517600,820.4,840.3,820.4,831.4
1484604000,831.4,911,831.4,898.5
1484690400,898.5,916.9,851.8,877.7
1484776800,877.7,908.4,877.7,907.3
1484863200,907.3,908.3,885.3,900.4
1485122400,923.2,927.6,915.2,920.2
1485208800,920.2,925.3,889.8,898.4
1485295200,898.4,902.6,882,896
1485381600,896,921,893.6,914.8
1485468000,914.8,925.1,909.9,921.2
1485727200,918,923.6,916.7,923.6
1485813600,923.6,962.7,919.9,959.7
1485900000,959.7,979.9,959.5,979.6
1485986400,979.6,1013.4,977.5,1011.1
1486072800,1011.1,1023.6,995.6,1013.9
1486332000,1008.8,1020,1007.1,1016
1486504800,1016,1070.8,1016,1060.8
1486591200,1060.8,1079.8,947.2,975
1486677600,975,989.9,966.9,980.1
1486936800,980.1,1015.1,980.1,1004.4
1487023200,1004.4,1005.5,995.8,995.8
1487109600,995.8,1015,995.8,1013.9
1487196000,1013.9,1041,1012.9,1035.9
1487282400,1035.9,1062.5,1033.9,1061.7
1487541600,1055.1,1063.6,1052.6,1061.1
1487628000,1061.1,1122.1,1060.2,1121.1
1487714400,1121.1,1139.9,1110.3,1132.6
1487800800,1132.6,1133.7,1126.2,1128.5
1487887200,1128.5,1213.1,1108.9,1176.9
1488146400,1179.3,1192.1,1176.3,1187.8
1488319200,1187.8,1229.5,1187.8,1228.4
1488405600,1228.4,1285.4,1215.7,1264.4
1488492000,1264.4,1279.3,1256.3,1264.7
1488751200,1274.6,1280.6,1274,1277.1
1488837600,1277.1,1280.6,1189.8,1250.4
1488924000,1250.4,1250.6,1162.3,1168.2
1489010400,1168.2,1170.3,1135.5,1150.3
1489096800,1150.3,1327.4,980.4,1105.6
1489352400,1224.8,1234.3,1223.9,1234.1
1489438800,1234.1,1258.1,1228.9,1253.6
1489525200,1253.6,1255.1,1244.1,1249.8
1489611600,1249.8,1250.4,1150.2,1159.3
1489698000,1159.3,1188.8,1093.9,1109.7
1489957200,1052.2,1054.4,1009.6,1030
1490043600,1030,1119.7,1030,1095.5
1490130000,1095.5,1115.1,990.2,1009.3
1490216400,1009.3,1052.6,1009,1041.4
1490302800,1041.4,1041.4,963.1,963.3
1490562000,976.4,982.2,953.8,974.6
1490648400,974.6,1065.3,974.6,1028.4
1490734800,1028.4,1055.3,1011.7,1038.6
1490821200,1038.6,1050.2,1022.1,1035
1490907600,1035,1054.3,1033.7,1054.3
1491166800,1111.4,1153.7,1105.6,1152.6
1491253200,1152.6,1160.9,1141.6,1149.2
1491339600,1149.2,1149.2,1116.2,1128.5
1491426000,1128.5,1199.2,1127,1199.1
1491512400,1199.1,1207.4,1177.9,1199.5
1491771600,1213.4,1214.2,1209.2,1211.4
1491858000,1211.4,1233.2,1204,1224.9
1491944400,1224.9,1230.6,1213.9,1217.3
1492030800,1217.3,1221.7,1153.2,1171.1
1492117200,1171.1,1191.2,1169.9,1182.3
1492376400,1179.7,1181.2,1174.3,1181.2
1492462800,1181.2,1208.7,1181.2,1201.1
1492549200,1201.1,1207.5,1195.6,1205.9
1492635600,1205.9,1244.7,1203.3,1243.4
1492722000,1243.4,1256.4,1235.4,1242.6
1492981200,1248.6,1256.8,1244.9,1256.8
1493067600,1256.8,1283.2,1255.5,1279.6
1493154000,1279.6,1314.5,1278.4,1295.3
1493240400,1295.3,1369.9,1293.3,1351.6
1493326800,1351.6,1366.9,1299.4,1310
1493586000,1348.3,1460.9,1347.8,1451.9
1493672400,1451.9,1490.2,1420.3,1438
1493758800,1438,1518.9,1438,1518.9
1493845200,1518.9,1645,1492.1,1492.1
1493931600,1492.1,1624.6,1475.9,1589.1
1494190800,1593.3,1673.5,1589.7,1673.1
1494277200,1673.1,1778.8,1662.8,1723.3
1494363600,1723.3,1794.6,1686.7,1777.9
1494450000,1777.9,1883.2,1755.5,1820.1
1494536400,1820.1,1837.9,1658.4,1693.4
1494795600,1797.5,1797.5,1686.4,1709.7
1494882000,1709.7,1769.2,1700.5,1762.1
1494968400,1762.1,1836.5,1749.2,1811.7
1495054800,1811.7,1873.7,1799,1873.7
1495141200,1873.7,1916.7,1872.9,1910.9
1495400400,2016.2,2248.2,2016.1,2131.7
1495486800,2131.7,2262.9,1998.3,2237.9
1495573200,2237.9,2477,2231.7,2453.5
1495659600,2453.5,2778.5,2197.3,2484.4
1495746000,2484.4,2624.5,2055.5,2302.4
1496005200,2177.4,2299.1,2150.6,2299.1
1496091600,2299.1,2324,2219.7,2262
1496178000,2262,2326.2,2152.1,2286.2
1496264400,2286.2,2458.2,2276,2412.7
1496350800,2412.7,2454.2,2375.1,2438.3
1496610000,2498.9,2664.3,2498.9,2664.3
1496696400,2664.3,2923.5,2663.6,2873.6
1496782800,2873.6,2885.1,2744.5,2744.5
1496869200,2744.5,2807.9,2612.1,2740.7
1496955600,2740.7,2852.7,2740.7,2826.5
1497214800,2937.1,2975.9,2469.2,2571.1
1497301200,2571.1,2772.8,2571.1,2695.4
1497387600,2695.4,2798.1,2520.7,2553.6
1497474000,2553.6,2555,2059.9,2349.1
1497560400,2349.1,2508.8,2310.7,2484.1
1497819600,2501.3,2582.5,2491.9,2569.8
1497906000,2569.8,2631.1,2563.9,2611.1
1497992400,2611.1,2769.1,2611.1,2673.2
1498078800,2673.2,2727.8,2588.5,2684.5
1498165200,2684.5,2729,2670.5,2713
1498424400,2481.6,2550.2,2276.8,2350.8
1498510800,2350.8,2468.9,2268.7,2457.8
1498597200,2457.8,2589.2,2427.1,2579.9
1498683600,2579.9,2596.1,2508.3,2561.3
1498770000,2561.3,2561.3,2481.2,2508
1499029200,2503.9,2532.3,2479.7,2522
1499115600,2522,2631.9,2522,2573.4
1499202000,2573.4,2621.4,2548.9,2610.3
1499288400,2610.3,2641.1,2579.1,2601.9
1499374800,2601.9,2610.1,2575.9,2576.3
1499634000,2529.1,2529.7,2355.5,2384.8
1499720400,2384.8,2399.5,2254.6,2324.9
1499806800,2324.9,2402.2,2264.2,2375.7
1499893200,2375.7,2417.7,2316,2339
1499979600,2339,2354.3,2151.7,2160.8
1500238800,1850.9,2184.8,1844.3,2170.9
1500325200,2170.9,2388.9,2145.5,2349
1500411600,2349,2400.8,2222.2,2257.2
1500498000,2257.2,2738.7,2245.4,2738.7
1500584400,2738.7,2949.1,2610.4,2639.1
1500843600,2791.3,2794.7,2715.3,2761.3
1500930000,2761.3,2773.9,2453.4,2472.2
1501016400,2472.2,2600.2,2403,2493.9
1501102800,2493.9,2594,2454.9,2584.8
1501189200,2584.8,2821.1,2584.8,2752.5
1501448400,2719.7,2929.1,2703.6,2899.1
1501534800,2899.1,2942.8,2640.3,2737
1501621200,2737,2753.4,2670.1,2688.2
1501707600,2688.2,2797,2650.8,2779.2
1501794000,2779.2,2870.3,2761.6,2830.9
1502053200,3241,3409.7,3179.9,3350.1
1502139600,3350.1,3483,3343.8,3448.2
1502226000,3448.2,3453.7,3238,3358.2
1502312400,3358.2,3359.2,3299.2,3331
1502398800,3331,3568.6,3331,3568.6
1502658000,3993.4,4308,3962.1,4238.7
1502744400,4238.7,4432.1,4208.4,4398.3
1502830800,4398.3,4398.3,3936.3,4079.2
1502917200,4079.2,4473.5,4079.2,4309.1
1503003600,4309.1,4353,4012.9,4012.9
1503262800,4114.5,4147.3,3942.8,3998.9
1503349200,3998.9,4142.2,3602.5,4069.4
1503435600,4069.4,4250.3,4024.1,4131.3
1503522000,4131.3,4240.6,4095.7,4229.3
1503608400,4229.3,4480.9,4221.6,4323.5
1503867600,4356.6,4358.9,4201.8,4298.5
1503954000,4298.5,4701.7,4298.5,4588.2
1504040400,4588.2,4640.1,4494.1,4570.5
1504126800,4570.5,4762.5,4554.8,4738.9
1504213200,4738.9,4922,4709.8,4871.6
1504472400,4871.6,4871.6,4099.6,4305.8
1504558800,4305.8,4479.2,4013.7,4429.1
1504645200,4429.1,4643.6,4376.5,4550.5
1504731600,4550.5,4663.5,4484.5,4571.7
1504818000,4571.7,4668.3,4001.3,4232.5
1505077200,4290.6,4371.1,4114.9,4185
1505163600,4185,4373.6,4185,4282.5
1505250000,4282.5,4282.5,3745.3,3894.6
1505336400,3894.6,3950.8,3255.3,3396
1505422800,3396,3777.2,2953.7,3734.2
1505682000,3759.8,3840,3707.4,3796.1
1505768400,3796.1,4040.9,3796.1,3901.6
1505854800,3901.6,4036.6,3835.8,3957.9
1505941200,3957.9,3966.9,3572.6,3651.3
1506027600,3651.3,3756.3,3511.4,3608.3
1506286800,3670.5,3958.3,3662.1,3928.8
1506373200,3928.8,3953.8,3852.3,3905.9
1506459600,3905.9,3934,3877.8,3931.3
1506546000,3931.3,4183.4,3632.8,4162
1506632400,4162,4211.4,4018.3,4170.3
1506891600,4340.1,4458.4,4340.1,4386.2
1506978000,4386.2,4418.2,4235.6,4284
1507064400,4284,4341.7,4185.7,4199.6
1507150800,4199.6,4358.1,4144.5,4347.1
1507237200,4347.1,4410.7,4299.7,4336.9
1507496400,4579.9,4641.9,4549.8,4641.9
1507582800,4641.9,4919.9,4641.9,4869.7
1507669200,4869.7,4869.7,4720.8,4822
1507755600,4822,5397.1,4787.8,5312.8
1507842000,5312.8,5869.9,5278.1,5709.8
1508101200,5508.9,5752.3,5501.8,5683.9
1508187600,5683.9,5779,5514.6,5568.6
1508274000,5568.6,5593,5087.9,5516.2
1508360400,5516.2,5744.9,5486.1,5699.5
1508446800,5699.5,6047.1,5613.1,5960.6
1508706000,5869.2,6056.2,5643.6,5903.7
1508792400,5903.7,5928.5,5551,5663.4
1508878800,5663.4,5690.5,5437.4,5679.6
1508965200,5679.6,5977,5651.4,5833.5
1509051600,5833.5,5992,5704.3,5753.9
1509310800,6189.2,6214.8,6025.9,6103.1
1509397200,6103.1,6148,6086,6130
1509483600,6130,6627.8,6130,6564.8
1509570000,6564.8,7336.9,6564.8,7028.9
1509656400,7028.9,7452.2,6956.6,7236.2
1509919200,7343,7427.1,6950.7,7130.3
1510005600,7130.3,7227.8,6969.9,7080.3
1510092000,7080.3,7951.8,7047,7261.8
1510178400,7261.8,7496,7099.6,7107.2
1510264800,7107.2,7336,6420.6,6583.3
1510524000,5904.8,6806.4,5607.4,6485.3
1510610400,6485.3,6765.3,6452.3,6651.1
1510696800,6651.1,7354.4,6650.5,7296.6
1510783200,7296.6,7902.4,7134.3,7902
1510869600,7902,7993.6,7546.9,7702.8
1511128800,8017.3,8303.3,7936.9,8254.9
1511215200,8254.9,8358,7790.6,8163.4
1511301600,8163.4,8301.3,8003.3,8209.9
1511388000,8209.9,8282.7,8090,8170.4
1511474400,8170.4,8343.1,7897.2,8266.5
1511733600,9346.5,9727.1,9269.7,9650.7
1511820000,9650.7,9980.5,9606.7,9976.2
1511906400,9976.2,11446.5,9505.6,10273.4
1511992800,10273.4,10901.6,9639.7,10718.9
1512079200,10718.9,10952.5,9356.6,10897.1
1512338400,10993,11606.9,10511.4,11549.8
1512424800,11549.8,11894.6,11491.7,11789
1512511200,11789,13211.2,11704.7,13210.8
1512597600,13210.8,14699.9,13201.5,14266
1512684000,14266,16493.6,14006.1,15871.5
1512943200,14745.5,17477.9,14616.6,17231.9
1513029600,17231.9,17605.8,16346.3,17398.5
1513116000,17398.5,17581.4,15915.9,16842.6
1513202400,16842.6,17147.3,16144.4,16517.4
1513288800,16517.4,17911.8,16398.4,17686
1513548000,19291.4,19736.3,18128.5,18746
1513634400,18746,19049.1,16810,17098.2
1513720800,17098.2,17857.9,15603.8,16278.6
1513807200,16278.6,17371.4,15077.2,15658.2
1513893600,15658.2,15946.6,13117,14897.6
1514152800,13306.4,14685.3,13179.7,13922.2
1514239200,13922.2,16124.4,13745.2,15921.5
1514325600,15921.5,16504.1,15641.6,15835.1
1514412000,15835.1,15835.1,13511.7,13961.6
1514498400,13961.6,15098.1,13948.8,14352.8
1514757600,13985.6,14004.1,13228.4,13510.5
1514844000,13510.5,13858,12953.9,13015.6
1514930400,13015.6,15400.8,13015.6,15022.7
1515016800,15022.7,15498.8,14100.1,14974.9
1515103200,14974.9,16927.9,14795.6,16731.8
1515362400,16147.9,16495.4,13843.4,14928.3
1515448800,14928.3,15396.2,14161.3,14549.3
1515535200,14549.3,14617.9,13506.5,14511.1
1515621600,14511.1,14534.7,12811.7,13484.5
1515708000,13484.5,13747.1,12904.1,13743.5
1515967200,13411.9,14279.9,13397.6,13883.5
1516053600,13883.5,13905.9,10331.5,10713
1516140000,10713,11805.4,9127.5,11371
1516226400,11371,12108.9,10675.7,11590
1516312800,11590,12014.3,11052.6,11351.7
1516572000,11363.5,11855.7,10042.1,10358.4
1516658400,10358.4,11366.8,9943.4,11006.1
1516744800,11006.1,11477.9,10497.8,11207.8
1516831200,11207.8,11694.5,10832.5,11244.4
1516917600,11244.4,11595.6,10299.5,10892.6
1517176800,11666.3,11693.9,10896.6,11197.9
1517263200,11197.9,11204.2,9737.4,10075.8
1517349600,10075.8,10303.7,9557.8,9957.2
1517436000,9957.2,10162.3,8422.8,9098.9
1517522400,9098.9,9129.7,7616.5,8571.5
1517781600,8079.5,8404.4,6498.3,7092.5
1517868000,7092.5,7934.6,5932.5,7781.4
1517954400,7781.4,8585,7214.4,8095.7
1518040800,8095.7,8638.2,7536.4,8155.6
1518127200,8155.6,8719.1,7764.1,8546.2
1518386400,8323.5,8903.1,8019,8844.7
1518472800,8844.7,8978.1,8380.2,8550
1518559200,8550,9380.4,8475.3,9276.2
1518645600,9276.2,10248.8,9229.4,9886.4
1518732000,9886.4,10309.6,9716,10088.4
1518991200,10772.5,11246.1,10315.5,11087.1
1519077600,11087.1,11750.6,11048.7,11702
1519164000,11702,11751.2,10245.8,10294.4
1519250400,10294.4,10934.4,9738.6,9922.6
1519336800,9922.6,10400,9601.5,9924.3
1519596000,9600.2,10434.4,9396.2,10369.8
1519682400,10369.8,10399.2,10114.4,10293
1519768800,10293,11048,10293,10890
1519855200,10890,11085.7,10336.2,10926.7
1519941600,10926.7,11192.1,10781.3,10998.1
1520200800,11396.3,11644.9,11347.7,11562.2
1520287200,11562.2,11601.8,10568.5,10777.7
1520373600,10777.7,10890,9396,9947.2
1520460000,9947.2,10106.9,9072,9321.8
1520546400,9321.8,9407.5,8371.6,9002.1
1520802000,9609.8,9898.3,8764.2,9009.6
1520888400,9009.6,9440.5,8847.3,9062.5
1520974800,9062.5,9368.3,8196.9,8303
1521061200,8303,8419.6,7683.6,8260.4
1521147600,8260.4,8368.3,7908.7,8038.3
1521406800,7649,8735.8,7633.2,8427.8
1521493200,8427.8,9039.3,8321.2,8917.3
1521579600,8917.3,9176.2,8755.8,8884.8
1521666000,8884.8,9101.9,8491.8,8601.4
1521752400,8601.4,8766.1,8288.4,8622.6
1522011600,8606.1,8649.5,7845.6,7888
1522098000,7888,8269,7825.3,7985.3
1522184400,7985.3,8094.5,7814.4,7899.5
1522270800,7899.5,7993.6,7100.8,7100.8
1522357200,7100.8,7339.4,6599.7,6845.2
1522616400,6891.1,7115.1,6755.8,6930.4
1522702800,6930.4,7499.4,6928.2,7399.8
1522789200,7399.8,7441.5,6740.6,6838.5
1522875600,6838.5,6920.3,6573,6743.7
1522962000,6743.7,6843.5,6511.4,6607.6
1523221200,6948.5,7174.7,6618.5,6665.9
1523307600,6665.9,6859.7,6651.9,6837.4
1523394000,6837.4,6964.6,6781.6,6898.9
1523480400,6898.9,8077.9,6766.6,7721.9
1523566800,7721.9,8227.2,7697.3,7900.2
1523826000,8285.1,8421.5,7904.6,7985.4
1523912400,7985.4,8162.8,7817.5,7913.8
1523998800,7913.8,8223.9,7872.3,8186.2
1524085200,8186.2,8267.5,8092.4,8233.2
1524171600,8233.2,8556,8211.4,8525.3
1524430800,8883.3,8986.6,8756,8931.1
1524517200,8931.1,9463.2,8925,9454.6
1524603600,9454.6,9764.4,8765.7,9080.8
1524690000,9080.8,9181.5,8664.5,9113.7
1524776400,9113.7,9369.1,8957.9,8987.9
1525035600,9301.2,9436.1,9108.4,9275.7
1525122000,9275.7,9283.5,8816.7,9012.7
1525208400,9012.7,9193.5,8977,9168.5
1525294800,9168.5,9734,9156.4,9632.7
1525381200,9632.7,9783,9510.8,9673.6
1525640400,9497.5,9627.9,9171.7,9427.9
1525726800,9427.9,9449,9046.8,9158.3
1525813200,9158.3,9358,8960,9248.8
1525899600,9248.8,9387.1,9055.6,9094.1
1525986000,9094.1,9124.9,8871.8,8934.6
1526245200,8443.6,8443.7,8280.8,8410.2
1526331600,8410.2,8842.8,8410.2,8531.2
1526418000,8531.2,8568.2,8112.2,8296.9
1526504400,8296.9,8489.9,8111.3,8206.3
1526590800,8206.3,8279.3,7928,8227
1526850000,8553.6,8586.3,8317.7,8395.5
1526936400,8395.5,8419,8080.2,8103.1
1527022800,8103.1,8105.3,7869,7939.3
1527109200,7939.3,7939.3,7265.5,7556.4
1527195600,7556.4,7659.6,7324.6,7452.5
1527454800,7322.6,7449.3,7165.2,7214.3
1527541200,7214.3,7534.8,7056.4,7498.1
1527627600,7498.1,7566.3,7271.5,7337.3
1527714000,7337.3,7604.4,7325.3,7538.4
1527800400,7538.4,7618.4,7355.4,7440.8
1528059600,7722,7763.8,7450.2,7527.4
1528146000,7527.4,7679.9,7355.7,7628.3
1528232400,7628.3,7682.4,7482.5,7619.9
1528318800,7619.9,7742.5,7608.1,7662.2
1528405200,7662.2,7694.6,7543.4,7645.2
1528664400,6718.5,6843.6,6664.4,6763.9
1528750800,6763.9,6911.4,6762.6,6825.4
1528837200,6825.4,6825.4,6125.3,6256.5
1528923600,6256.5,6713.7,6235.8,6655.9
1529010000,6655.9,6680.2,6452.5,6500.4
1529269200,6495.3,6803.7,6379.2,6721
1529355600,6721,6833.6,6661.5,6695.5
1529442000,6695.5,6813,6558.1,6752.5
1529528400,6752.5,6792.2,6686.9,6714.6
1529614800,6714.6,6750.9,6019.2,6072.1
1529874000,6187.8,6344.3,6074.3,6250.4
1529960400,6250.4,6276.2,6128.1,6181.5
1530046800,6181.5,6256.4,5985.1,6121.7
1530133200,6121.7,6175.9,6069.8,6094.3
1530219600,6094.3,6094.3,5789.7,5887.7
1530478800,6340.8,6675.1,6270,6621.4
1530565200,6621.4,6671.9,6597.1,6630.1
1530651600,6630.1,6793.9,6454.2,6687.8
1530738000,6687.8,6696.4,6444.1,6506.6
1530824400,6506.6,6641.4,6453.8,6570.5
1531083600,6733,6754.4,6660.2,6691.1
1531170000,6691.1,6800.1,6317.1,6391.8
1531256400,6391.8,6403.7,6266.9,6350.4
1531342800,6350.4,6397.4,6135.4,6172.7
1531429200,6172.7,6334.9,6075.8,6183.9
1531688400,6375.6,6713.5,6332,6660.7
1531774800,6660.7,7468.5,6651.4,7314.9
1531861200,7314.9,7587,7240.5,7333.8
1531947600,7333.8,7496.6,7279.8,7414.8
1532034000,7414.8,7679.6,7275.5,7353
1532293200,7519.7,7810.9,7338.1,7703.9
1532379600,7703.9,8357.4,7694.6,8230.8
1532466000,8230.8,8480.8,8217.6,8347.1
1532552400,8347.1,8347.1,8115.6,8145.4
1532638800,8145.4,8266.6,7794.2,8233.1
1532898000,8198.7,8273.6,7848.4,8145
1532984400,8145,8195.9,7665.1,7683.4
1533070800,7683.4,7764.3,7460.8,7486.7
1533157200,7486.7,7704.7,7433.4,7547.1
1533243600,7547.1,7562,7285.5,7384.5
1533502800,7384.5,7384.5,6889.9,6919.4
1533589200,6919.4,7147.8,6838.1,6883.3
1533675600,6883.3,6883.3,6121,6316.5
1533762000,6316.5,6553.1,6190.7,6508.2
1533848400,6508.2,6622.1,6140.2,6189.8
1534107600,6191.2,6541,6150.7,6278
1534194000,6278,6287.9,5884.4,6078.7
1534280400,6078.7,6623.3,6075,6375.3
1534366800,6375.3,6477.7,6208.4,6252.8
1534453200,6252.8,6558.6,6238.1,6476.8
1534712400,6476.8,6548.6,6385.6,6450.6
1534798800,6450.6,6480.3,6228,6450.8
1534885200,6450.8,6876.7,6289.8,6330.5
1534971600,6330.5,6485.2,6251.4,6418.4
1535058000,6418.4,6642.3,6417.7,6611.9
1535317200,6612.5,6761.6,6612.5,6718.7
1535403600,6718.7,7126.1,6711,7080.6
1535490000,7080.6,7119.1,6903.3,7035.7
1535576400,7035.7,7064.7,6793.4,6912.9
1535662800,6912.9,7088.4,6879.3,7043
1535922000,7043.8,7322,7043,7295.2
1536008400,7295.2,7401.5,7224.4,7358.2
1536094800,7358.2,7382.4,6855.6,6948.8
1536181200,6948.8,6976.5,6229.2,6440.7
1536267600,6440.7,6528.4,6326.6,6445.5
1536526800,6445.5,6445.5,6220.1,6297.4
1536613200,6297.4,6412.6,6168.3,6252.1
1536699600,6252.1,6349.4,6196.7,6303.8
1536786000,6303.8,6530.5,6293.6,6465.8
1536872400,6465.8,6580.3,6379.9,6533.8
1537131600,6533.8,6533.8,6363,6368.1
1537218000,6368.1,6452,6368.1,6419.1
1537304400,6419.1,6520.1,6312.2,6469
1537390800,6469,6482,6429.6,6447.1
1537477200,6447.1,6775.3,6439.5,6713.2
1537736400,6713.2,6719.2,6570.2,6624.9
1537822800,6624.9,6628.8,6325.1,6386.8
1537909200,6386.8,6536.6,6369.3,6496.6
1537995600,6496.6,6734,6426.9,6688.2
1538082000,6688.2,6789.4,6527.9,6639.7
1538341200,6639.7,6639.7,6483.1,6550.1
1538427600,6550.1,6605.8,6450.6,6529.6
1538514000,6529.6,6535.9,6398.4,6437.3
1538600400,6437.3,6606.3,6413.1,6550.3
1538686800,6550.3,6595.5,6519,6541.1
1538946000,6541.1,6660.1,6536.3,6621.6
1539032400,6621.6,6624.7,6550.1,6579.3
1539118800,6579.3,6598,6450.7,6537.1
1539205200,6537.1,6541.6,6047.7,6209.8
1539291600,6209.8,6241,6115.1,6217.4
1539550800,6217.4,6769.6,6152.8,6401.4
1539637200,6401.4,6499.1,6390.4,6458.5
1539723600,6458.5,6485.5,6405.2,6433.9
1539810000,6433.9,6489.8,6349.2,6387.6
1539896400,6387.6,6412,6351.8,6383.3
1540155600,6383.3,6429.3,6375.4,6413.8
1540242000,6413.8,6420.8,6356.6,6393.5
1540328400,6393.5,6476.6,6392.2,6427.9
1540414800,6427.9,6484.6,6368.1,6398.1
1540501200,6398.1,6458.7,6378,6403.2
1540760400,6403.2,6424,6203.6,6239.6
1540846800,6239.6,6286.1,6234.4,6264
1540933200,6264,6348,6200,6303.1
1541019600,6303.1,6341.6,6289.8,6336.5
1541106000,6336.5,6377.9,6329.9,6352.6
1541368800,6352.6,6441.6,6352.6,6400.3
1541455200,6400.3,6450.6,6384.5,6420.2
1541541600,6420.2,6542.1,6420.2,6502.6
1541628000,6502.6,6511.3,6390.5,6418.3
1541714400,6418.3,6425.8,6310.3,6327.3
1541973600,6327.3,6389.7,6308.1,6315.9
1542060000,6315.9,6331.6,6247.9,6278.7
1542146400,6278.7,6294.8,5285.8,5541
1542232800,5541,5639.9,5201,5471.5
1542319200,5471.5,5612.6,5436.1,5456.9
1542578400,5456.9,5559.7,4666.9,4784.8
1542664800,4784.8,4893.2,4040.3,4331.4
1542751200,4331.4,4639.3,4180,4451.2
1542837600,4451.2,4597,4362.7,4429.6
1542924000,4429.6,4447.8,4088.8,4262.9
1543183200,4262.9,4262.9,3518.6,3662
1543269600,3662,3802.9,3562.7,3768.4
1543356000,3768.4,4356.5,3744.7,4224.6
1543442400,4224.6,4408.5,4085,4188.1
1543528800,4188.1,4298.8,3864.6,3918.6
1543788000,3918.6,4140.5,3743.2,3873
1543874400,3873,4034.6,3731.6,3897.1
1543960800,3897.1,3916.7,3664.7,3721.2
1544047200,3721.2,3843.2,3543.1,3598.7
1544133600,3598.7,3625.5,3208.7,3372.7
1544392800,3372.7,3600,3355.5,3403.6
1544479200,3403.6,3427.1,3293.6,3372
1544565600,3372,3488.5,3326.1,3438.4
1544652000,3438.4,3441.7,3225.2,3254
1544738400,3254,3299,3137.1,3154.9
1544997600,3154.9,3587.8,3154.9,3493.1
1545084000,3493.1,3570.4,3434.7,3535.7
1545170400,3535.7,3924.4,3522.2,3666.8
1545256800,3666.8,4173.7,3656.2,3989.8
1545343200,3989.8,4165.6,3774.3,3848.6
1545602400,3848.6,4237.6,3848.6,4063.4
1545775200,4063.4,4063.4,3685.5,3774.6
1545861600,3774.6,3840.5,3569.5,3586.5
1545948000,3586.5,3964.3,3566.9,3895
1546207200,3895,3895,3629.2,3674.2
1546380000,3674.2,3899.4,3674.2,3883.7
1546466400,3883.7,3914.9,3756.1,3795
1546552800,3795,3851.2,3726.4,3836.3
1546812000,3836.3,4071.3,3836.3,4005.5
1546898400,4005.5,4114.4,3947.4,4000.1
1546984800,4000.1,4044.8,3964,4003.2
1547071200,4003.2,4035.8,3564.2,3630.4
1547157600,3630.4,3698.7,3586.7,3651.4
1547416800,3651.4,3713.8,3494.7,3665.4
1547503200,3665.4,3688.8,3543.4,3567.5
1547589600,3567.5,3667.5,3566.7,3604.5
1547676000,3604.5,3660.3,3544.3,3626.6
1547762400,3626.6,3651.4,3577.6,3612.2
1548021600,3612.2,3612.2,3506.3,3520.7
1548108000,3520.7,3611,3424.7,3572.6
1548194400,3572.6,3616.1,3521.1,3544.5
1548280800,3544.5,3597.5,3528.1,3570.8
1548367200,3570.8,3578.8,3507.2,3558.4
1548626400,3558.4,3558.4,3372.3,3416.7
1548712800,3416.7,3443.4,3337,3402.2
1548799200,3402.2,3460,3372.2,3433.6
1548885600,3433.6,3473.9,3395.1,3416.8
1548972000,3416.8,3458.8,3374.4,3449.5
1549231200,3449.5,3449.5,3396.2,3418.1
1549317600,3418.1,3430,3399.2,3422.6
1549404000,3422.6,3445.3,3334.9,3366.9
1549490400,3366.9,3381,3352.7,3359.1
1549576800,3359.1,3709.6,3342.9,3595.2
1549836000,3595.2,3657,3580,3593.4
1549922400,3593.4,3618.6,3546.8,3576.3
1550008800,3576.3,3629.4,3561.2,3570.4
1550095200,3570.4,3602.3,3535.9,3570.2
1550181600,3570.2,3617.1,3546.4,3565
1550440800,3565,3915.1,3565,3852
1550527200,3852,3970.4,3829.7,3887.4
1550613600,3887.4,3965.4,3865,3915.1
1550700000,3915.1,3987,3866.8,3898.2
1550786400,3898.2,3955.4,3885.3,3942
1551045600,3942,3942,3727.8,3803.9
1551132000,3803.9,3830.9,3763.5,3789.5
1551218400,3789.5,3823.8,3651.8,3747.4
1551304800,3747.4,3895.4,3741.1,3800.9
1551391200,3800.9,3843.8,3783.8,3829.2
1551650400,3829.2,3829.2,3670.1,3701.5
1551736800,3701.5,3874.7,3682.6,3834
1551823200,3834,3894.8,3811.2,3844.9
1551909600,3844.9,3890.5,3829.3,3869.9
1551996000,3869.9,3912,3846.7,3872
1552251600,3872,3912.9,3815.1,3847.4
1552338000,3847.4,3876.8,3798.9,3865.1
1552424400,3865.1,3870.3,3824.6,3852
1552510800,3852,3900.8,3784.5,3850.6
1552597200,3850.6,3907.8,3845.7,3898
1552856400,3898,4017.3,3898,3971.9
1552942800,3971.9,4013.3,3949.7,3992.5
1553029200,3992.5,4018.9,3962,4011.8
1553115600,4011.8,4059.4,3913,3974.3
1553202000,3974.3,3999.9,3961.2,3979
1553461200,3979,3979,3854.9,3888.9
1553547600,3888.9,3968.8,3880.3,3913.7
1553634000,3913.7,4032.9,3910.1,4008.8
1553720400,4008.8,4035.5,3993.2,4011.3
1553806800,4011.3,4098.9,4007.4,4072.5
1554066000,4072.5,4148.6,4051.2,4128.2
1554152400,4128.2,5089.2,4126.7,4803.3
1554238800,4803.3,5318.7,4775.5,5295.3
1554325200,5295.3,5338.3,4782.6,4849.1
1554411600,4849.1,5067.2,4839.5,4995.4
1554670800,4995.4,5351.1,4995.4,5252.8
1554757200,5252.8,5312.4,5144.2,5219.1
1554843600,5219.1,5469.9,5156.9,5301.8
1554930000,5301.8,5345.8,4968.4,5053.4
1555016400,5053.4,5120.1,4905.8,5042.1
1555275600,5042.1,5191.8,4946.9,5023.7
1555362000,5023.7,5232.3,5010.7,5184.3
1555448400,5184.3,5273,5171.9,5216.5
1555534800,5216.5,5317.3,5205,5307.5
1555621200,5307.5,5358.6,5195.6,5267.6
1555880400,5267.6,5443.5,5249.9,5368.2
1555966800,5368.2,5645,5357,5582.8
1556053200,5582.8,5623.3,5374.4,5437.6
1556139600,5437.6,5512.8,5378.5,5496.3
1556226000,5496.3,5503.3,4967.4,5096.2
1556485200,5096.2,5188.1,5070.6,5132.5
1556571600,5132.5,5285.5,5096.2,5237
1556658000,5237,5358.4,5236.1,5310.9
1556744400,5310.9,5423.1,5287.1,5406.7
1556830800,5406.7,5799.7,5362,5689.9
1557090000,5689.9,5755.3,5565.5,5693.4
1557176400,5693.4,5967.7,5676.2,5850.6
1557262800,5850.6,5913.8,5657.4,5902.9
1557349200,5902.9,6097.3,5847.7,6079.3
1557435600,6079.3,6428.4,6077.7,6277.3
1557694800,6277.3,7979.7,6277.3,7868.1
1557781200,7868.1,8350.6,7597.9,7718.6
1557867600,7718.6,8268.1,7627.8,8170.4
1557954000,8170.4,8386.4,7687.5,7687.5
1558040400,7687.5,7964.5,6603.8,7103.4
1558299600,7103.4,8309.8,7103.4,8003.2
1558386000,8003.2,8148.9,7806.7,8088.7
1558472400,8088.7,8110.2,7682.7,7832.3
1558558800,7832.3,7885.8,7465.8,7885.3
1558645200,7885.3,8182.1,7795.4,8103.4
1558904400,8103.4,8950.5,8103.4,8755.6
1558990800,8755.6,8857.2,8541,8686.4
1559077200,8686.4,8760.8,8424.4,8646.1
1559163600,8646.1,9092.1,8388.7,8458.5
1559250000,8458.5,8516.3,7992.4,8508.9
1559509200,8508.9,8730.2,8328.6,8558.2
1559595600,8558.2,8561.9,7500.9,7655.1
1559682000,7655.1,7927.8,7440,7725.9
1559768400,7725.9,7877.7,7447.8,7686.7
1559854800,7686.7,8132.6,7684.6,7932.1
1560114000,7932.1,8088.3,7506.5,7946.2
1560200400,7946.2,8057.4,7706.5,7927.8
1560286800,7927.8,8288.7,7818.6,8122.1
1560373200,8122.1,8298.5,8045.9,8260.2
1560459600,8260.2,8473.5,8179.3,8460.1
1560718800,8460.1,9433.2,8460.1,9271
1560805200,9271,9485.8,8930.1,9122.1
1560891600,9122.1,9209.7,8948.4,9164.5
1560978000,9164.5,9603.7,9137,9563.9
1561064400,9563.9,9967.6,9457.3,9912.4
1561323600,9912.4,11096.3,9912.4,10855.2
1561410000,10855.2,11477.2,10851.3,11363.9
1561496400,11363.9,13861,11363.9,12515.5
1561582800,12515.5,13335.9,10281.9,10683.3
1561669200,10683.3,12406.4,10471.5,12203.9
1561928400,12203.9,12203.9,9950.6,10478
1562014800,10478,10923.7,9646.5,10714.2
1562101200,10714.2,11569.7,10588.1,11378.9
1562187600,11378.9,12052.7,11309.2,11722
1562274000,11722,11743.6,10762.6,11013.1
1562533200,11013.1,12297.3,11013.1,12211.9
1562619600,12211.9,12828.5,12109.9,12403.8
1562706000,12403.8,13193.7,11621.2,11787.4
1562792400,11787.4,12202.6,10961.7,11163.1
1562878800,11163.1,11926.7,11070.4,11898.6
1563138000,11898.6,11898.6,9859.1,10824.1
1563224400,10824.1,11083.2,9441.1,9598.5
1563310800,9598.5,9991.3,9067.9,9689.1
1563397200,9689.1,10747.2,9287.1,10610.4
1563483600,10610.4,10805.2,10098.6,10516.5
1563742800,10516.5,10665.2,10063.5,10324.3
1563829200,10324.3,10385.8,9863.3,10144.1
1563915600,10144.1,10144.4,9505,9671.4
1564002000,9671.4,10189.2,9662.6,9870.7
1564088400,9870.7,9951.8,9655.2,9841.4
1564347600,9841.4,9841.4,9112.4,9511.1
1564434000,9511.1,9782.9,9375,9536.6
1564520400,9536.6,10129.2,9528.2,10025.6
1564606800,10025.6,10490.1,9882.9,10412.6
1564693200,10412.6,10677.3,10326.1,10394.9
1564952400,10394.9,11864.6,10394.9,11754.3
1565038800,11754.3,12324,11532.8,11645.4
1565125200,11645.4,12145.2,11204.3,11857.1
1565211600,11857.1,12079,11465.1,11592.2
1565298000,11592.2,12054.9,11590,11862
1565557200,11862,11862,11220.9,11418
1565643600,11418,11446.8,10740.2,10876.2
1565730000,10876.2,10895.4,10014.5,10159.1
1565816400,10159.1,10396.2,9466.7,10369.7
1565902800,10369.7,10536.6,9736.9,10404.1
1566162000,10404.1,10837.2,10266.8,10681
1566248400,10681,10952.8,10559.1,10709.4
1566334800,10709.4,10845.8,9839.2,10148.9
1566421200,10148.9,10233.6,9761.2,10180.3
1566507600,10180.3,10477.4,10036.7,10348.7
1566766800,10348.7,10658,9968.1,10262.9
1566853200,10262.9,10393.5,10024.9,10141.5
1566939600,10141.5,10289.4,9521.3,9666.6
1567026000,9666.6,9748.7,9305.1,9528.3
1567112400,9528.3,9701,9348.3,9626.7
1567371600,9626.7,10473.9,9626.7,10412.2
1567458000,10412.2,10782.1,10284,10714.8
1567544400,10714.8,10833.1,10382.4,10623.6
1567630800,10623.6,10697.6,10463.6,10521.6
1567717200,10521.6,10959.2,10194.2,10344.2
1567976400,10344.2,10539.4,10062.1,10239.3
1568062800,10239.3,10391.6,9920.7,10049.5
1568149200,10049.5,10279.4,9862.3,10097.5
1568235600,10097.5,10375.7,10035.1,10330.5
1568322000,10330.5,10462.2,10156.8,10263.6
1568581200,10263.6,10379.2,10072.3,10210.1
1568667600,10210.1,10340.8,10134.7,10252.6
1568754000,10252.6,10263.5,10046.1,10192.6
1568840400,10192.6,10374.8,9602.5,10255.9
1568926800,10255.9,10318.4,10056.4,10136
1569186000,10136,10136,9664.8,9769.1
1569272400,9769.1,9827.6,8001.6,8574.7
1569358800,8574.7,8803.3,8222.5,8515.4
1569445200,8515.4,8647.6,7729.5,8093.9
1569531600,8093.9,8134.5,7856.9,8060.8
1569790800,8060.8,8363.9,7702.5,8235.7
1569877200,8235.7,8534.2,8188.2,8372.7
1569963600,8372.7,8424.2,8170.2,8226.8
1570050000,8226.8,8421.5,8063.7,8145.6
1570136400,8145.6,8297.7,8001.2,8175
1570395600,8175,8311,7767,8215.2
1570482000,8215.2,8342.7,8107.2,8132.1
1570568400,8132.1,8716.1,8119.2,8587.3
1570654800,8587.3,8661.9,8453.6,8580.4
1570741200,8580.4,8815.9,8285.9,8339.7
1571000400,8339.7,8407.8,8216.3,8343.6
1571086800,8343.6,8420,8084,8139.9
1571173200,8139.9,8177.3,7911.9,7990.3
1571259600,7990.3,8127.1,7936.8,8046.6
1571346000,8046.6,8121.4,7810.7,7946.2
1571605200,7946.2,8358.4,7946.2,8207.2
1571691600,8207.2,8314.9,8057.1,8123.2
1571778000,8123.2,8123.2,7293.6,7491.1
1571864400,7491.1,7514.6,7356.2,7457.6
1571950800,7457.6,8791.6,7393.4,8583.2
1572210000,8583.2,9940.5,8583.2,9456.8
1572296400,9456.8,9564.2,9078.4,9443.4
1572382800,9443.4,9472.8,8994.9,9184
1572469200,9184,9438.2,8953.6,9187.5
1572555600,9187.5,9301.1,9055.5,9211.1
1572818400,9211.1,9590.2,9126,9441.9
1572904800,9441.9,9483.3,9168.5,9352.3
1572991200,9352.3,9452.4,9254.1,9318.6
1573077600,9318.6,9373.4,9083.8,9212.4
1573164000,9212.4,9249.9,8673.3,8865.8
1573423200,8865.8,9099.1,8593.8,8732.1
1573509600,8732.1,8869.1,8560.4,8763.7
1573596000,8763.7,8839.3,8704.1,8751.8
1573682400,8751.8,8790.2,8556.8,8649.5
1573768800,8649.5,8776.2,8355.9,8454.8
1574028000,8454.8,8545,8023.5,8218.1
1574114400,8218.1,8220.5,7990.3,8107.3
1574200800,8107.3,8222.3,8055.8,8087.6
1574287200,8087.6,8117.6,7382.3,7589.4
1574373600,7589.4,7713,6788.2,7337
1574632800,7337,7376.7,6523.7,7211.9
1574719200,7211.9,7343.8,7018,7112.6
1574805600,7112.6,7675.6,6850.6,7550.5
1574892000,7550.5,7659.5,7425.2,7562.3
1574978400,7562.3,7873,7373.4,7713.1
1575237600,7713.1,7713.1,7159.2,7315.9
1575324000,7315.9,7413.5,7235.8,7331.6
1575410400,7331.6,7789,7086.9,7186.5
1575496800,7186.5,7489.5,7154.1,7380.7
1575583200,7380.7,7612.4,7308.2,7467.1
1575842400,7467.1,7656.4,7278.5,7364.3
1575928800,7364.3,7403.9,7157.4,7220.6
1576015200,7220.6,7270.5,7125.9,7190.8
1576101600,7190.8,7301.5,7071.1,7198.8
1576188000,7198.8,7300.8,7181.8,7239.4
1576447200,7239.4,7239.4,6817.1,6871.9
1576533600,6871.9,6935.4,6570.5,6613.3
1576620000,6613.3,7226.5,6426.3,7132.4
1576706400,7132.4,7449.9,7041.5,7153.7
1576792800,7153.7,7218.7,7114.9,7197.3
1577052000,7197.3,7692.2,7197.3,7318
1577138400,7318,7427.3,7158.3,7246.2
1577311200,7246.2,7432.2,7166.2,7188.4
1577397600,7188.4,7220.9,7120.9,7218.5
1577656800,7218.5,7407.6,7199.1,7246.4
1577743200,7246.4,7303,7114.2,7160.7
1577916000,7160.7,7186.4,6901.8,6957.2
1578002400,6957.2,7401.9,6856.4,7273.1
1578261600,7273.1,7609,7273.1,7576.6
1578348000,7576.6,8191,7576.6,8022.4
1578434400,8022.4,8464.2,7867.5,8004.3
1578520800,8004.3,8113.1,7741.3,7787.2
1578607200,7787.2,8138.1,7668.6,8048
1578866400,8048,8195.3,8039.1,8131.1
1578952800,8131.1,8861.3,8101,8742.7
1579039200,8742.7,8903.5,8557.2,8822.3
1579125600,8822.3,8867.4,8581,8677.6
1579212000,8677.6,9016.9,8665.4,8911.5
1579471200,8911.5,8911.5,8506.8,8674.3
1579557600,8674.3,8770.5,8474,8718.5
1579644000,8718.5,8793.9,8571.4,8640.8
1579730400,8640.8,8669.6,8276.2,8380
1579816800,8380,8513.5,8218,8496.8
1580076000,8496.8,8991.2,8496.8,8945.2
1580162400,8945.2,9182.6,8872.6,9044
1580248800,9044,9435.8,9034.2,9357.4
1580335200,9357.4,9573.5,9178.4,9559.4
1580421600,9559.4,9567.6,9196.8,9352.3
1580680800,9352.3,9606.9,9218.1,9274.6
1580767200,9274.6,9343.2,9076.7,9137.6
1580853600,9137.6,9768.5,9127.9,9685.7
1580940000,9685.7,9860.2,9524.9,9738.5
1581026400,9738.5,9876.9,9651.3,9747
1581285600,9747,10197.5,9724.7,9871
1581372000,9871,10402.6,9710.7,10242.1
1581458400,10242.1,10495.3,10210.6,10392.9
1581544800,10392.9,10523.3,10083,10184.2
1581631200,10184.2,10395.2,10105.6,10345.2
1581890400,10345.2,10345.2,9470.6,9647.8
1581976800,9647.8,10287.7,9593.2,10156.4
1582063200,10156.4,10311.4,9304.3,9610.1
1582149600,9610.1,9717.3,9377.4,9609.9
1582236000,9609.9,9693.2,9576.2,9635.3
1582495200,9635.3,9983.8,9444,9567.1
1582581600,9567.1,9681.5,9238.3,9378.1
1582668000,9378.1,9423.7,8611.4,8746.9
1582754400,8746.9,8972.4,8520.4,8755
1582840800,8755,8900.4,8430.6,8670.3
1583100000,8670.3,8949.4,8488.6,8942.1
1583186400,8942.1,8972.4,8659.7,8739.6
1583272800,8739.6,8850.7,8667.5,8737
1583359200,8737,9170.7,8730,9116.2
1583445600,9116.2,9182.2,8997.9,9135.9
1583701200,9135.9,9135.9,7543.8,7859
1583787600,7859,8154.3,7726,7999.7
1583874000,7999.7,8037.4,7588.4,7860.8
1583960400,7860.8,8000.3,5593.2,5707.1
1584046800,5707.1,6004.2,3879.5,5466.4
1584306000,5466.4,5911.4,4430.4,4905.8
1584392400,4905.8,5510.7,4864.8,5466.8
1584478800,5466.8,5565.3,5018.9,5339.6
1584565200,5339.6,6399.7,5266.2,6258.8
1584651600,6258.8,6954.3,5645,5952.1
1584910800,5952.1,6642.4,5686.8,6411.8
1584997200,6411.8,6863.5,6356.9,6754.2
1585083600,6754.2,6987.1,6466.1,6598.5
1585170000,6598.5,6796.8,6527.1,6747.2
1585256400,6747.2,6870.1,6583,6683.8
1585515600,6683.8,6683.8,5853.6,6481.6
1585602000,6481.6,6625.1,6341.3,6481.8
1585688400,6481.8,6497.8,6154.9,6349.9
1585774800,6349.9,7271,6327,6722.2
1585861200,6722.2,7050.7,6609.8,6698.4
1586120400,6698.4,7325.1,6698.4,7230.4
1586206800,7230.4,7470.8,7074.4,7124.6
1586293200,7124.6,7431.5,7086.7,7323.6
1586379600,7323.6,7399.6,7111.5,7305.8
1586466000,7305.8,7328.3,6751.1,6922.3
1586725200,6922.3,7155.1,6572.7,6828.1
1586811600,6828.1,6991.3,6774.3,6875.8
1586898000,6875.8,6943.8,6688,6751.8
1586984400,6751.8,7162.1,6471.3,7086.6
1587070800,7086.6,7221.2,6997.2,7061.1
1587330000,7061.1,7230.3,6758.3,6867.5
1587416400,6867.5,6961.8,6776.3,6895.9
1587502800,6895.9,7168.6,6827.3,7120
1587589200,7120,7776.8,7029.4,7539.6
1587675600,7539.6,7624.1,7393.5,7537.3
1587934800,7537.3,7807.8,7537.3,7712
1588021200,7712,7796.8,7672.6,7739.2
1588107600,7739.2,8981.5,7722.8,8934.7
1588194000,8934.7,9476.5,8409.9,8826.9
1588280400,8826.9,9074.9,8585.9,8739.6
1588539600,8739.6,8967.6,8535.5,8925
1588626000,8925,9124.5,8775.1,8957.9
1588712400,8957.9,9399.4,8918.8,9254.4
1588798800,9254.4,9969.2,9036.5,9805
1588885200,9805,10083,9734.2,10003.8
1589144400,10003.8,10003.8,8196.9,8638.4
1589230800,8638.4,8982,8473.5,8822.7
1589317200,8822.7,9140.2,8748.9,9118.9
1589403600,9118.9,9950.1,9105.2,9660.5
1589490000,9660.5,9851.8,9131.3,9243.7
1589749200,9243.7,9955.2,9243.7,9679.3
1589835600,9679.3,9896.7,9462.8,9688.7
1589922000,9688.7,9840.1,9313.2,9590.4
1590008400,9590.4,9590.4,8800.8,9059.2
1590094800,9059.2,9272.5,8921.8,9185.6
1590354000,9185.6,9185.6,8635.1,8920
1590440400,8920,9020.8,8692.3,8860.8
1590526800,8860.8,9084.1,8804,9052.5
1590613200,9052.5,9539.2,8995.8,9448.3
1590699600,9448.3,9620.7,9329.1,9419.2
1590958800,9419.2,9697.1,9384.4,9678.1
1591045200,9678.1,10407,9261,9521.5
1591131600,9521.5,9650.3,9389.3,9583.1
1591218000,9583.1,9884.7,9455.2,9789.3
1591304400,9789.3,9863.5,9593.2,9717.5
1591563600,9717.5,9848.2,9647.8,9705
1591650000,9705,9895.2,9571.8,9749
1591736400,9749,10494.8,9676,9870.5
1591822800,9870.5,9984.7,9064.7,9338.9
1591909200,9338.9,9554.9,9228.8,9463
1592168400,9463,9488.9,8903.6,9482.8
1592254800,9482.8,9594.1,9380.7,9497.3
1592341200,9497.3,9566.5,9230.9,9372.1
1592427600,9372.1,9481.1,9302.8,9338.9
1592514000,9338.9,9433.1,9227.3,9316.1
1592773200,9316.1,9669.7,9268.3,9647.8
1592859600,9647.8,9784.9,9560.8,9628.5
1592946000,9628.5,9668.7,9193.4,9286.4
1593032400,9286.4,9323.5,8987,9276.7
1593118800,9276.7,9336.3,9027.1,9189.2
1593378000,9189.2,9196.4,9015.3,9183.3
1593464400,9183.3,9236.4,9051.2,9147.1
1593550800,9147.1,9309.2,9088.9,9241.8
1593637200,9241.8,9266.9,8937.3,9080.8
1593723600,9080.8,9156.4,9050.8,9092.7
1593982800,9092.7,9354.2,9027.4,9276.3
1594069200,9276.3,9383.4,9195.6,9256.3
1594155600,9256.3,9477.4,9228,9433.4
1594242000,9433.4,9473.3,9157.5,9240
1594328400,9240,9265.1,9120.8,9230.8
1594587600,9230.8,9345.7,9195.9,9246.2
1594674000,9246.2,9280,9106.9,9276.7
1594760400,9276.7,9280.4,9187,9217.7
1594846800,9217.7,9226.9,9031.7,9104
1594933200,9104,9193.5,9079.3,9158.8
1595192400,9158.8,9241.6,9134.2,9176.7
1595278800,9176.7,9442.5,9151.9,9379.5
1595365200,9379.5,9402.4,9279,9374.3
1595451600,9374.3,9680.9,9369.8,9593.6
1595538000,9593.6,9638.1,9474,9629.6
1595797200,9629.6,10964.2,9629.6,10889.8
1595883600,10889.8,11422.7,10580.9,10981
1595970000,10981,11301.3,10854.5,11226.1
1596056400,11226.1,11351.5,10830.5,11153.9
1596142800,11153.9,11461.6,10973.8,11346.4
1596402000,11346.4,11485.3,10932.8,11392.2
1596488400,11392.2,11424.2,11015.3,11220.1
1596574800,11220.1,11735.7,11082.3,11702.2
1596661200,11702.2,11916.2,11543.5,11856.3
1596747600,11856.3,11919.9,11347.8,11576.9
1597006800,11576.9,12082.5,11520.8,11859.8
1597093200,11859.8,11943.5,11129.5,11214.7
1597179600,11214.7,11568.7,11125.2,11539.4
1597266000,11539.4,11666.1,11253.2,11622.3
1597352400,11622.3,11866.4,11588.8,11776.3
1597611600,11776.3,12473.2,11776.3,12329.2
1597698000,12329.2,12424.1,11828,12032.9
1597784400,12032.9,12099.5,11574.3,11724.1
1597870800,11724.1,11898.7,11673.9,11869
1597957200,11869,11901.2,11606,11621.5
1598216400,11621.5,11830.8,11591.6,11729.1
1598302800,11729.1,11787.5,11121.7,11262.2
1598389200,11262.2,11550.6,11250.9,11517.4
1598475600,11517.4,11596.4,11125.9,11271.4
1598562000,11271.4,11552.2,11257.3,11502.6
1598821200,11502.6,11790.4,11502.6,11679.8
1598907600,11679.8,12060.6,11542.4,12014.3
1598994000,12014.3,12059.8,11177,11375.6
1599080400,11375.6,11489.6,10466.3,10786.5
1599166800,10786.5,10801.7,9912,10606.3
1599426000,10606.3,10606.3,9884.2,10156.6
1599512400,10156.6,10448.1,9928.4,10012.8
1599598800,10012.8,10347.2,9850.6,10259.2
1599685200,10259.2,10495,10178.8,10304.9
1599771600,10304.9,10389,10205.6,10329
1600030800,10329,10765.3,10250,10697.1
1600117200,10697.1,10939.1,10615,10866.5
1600203600,10866.5,11105,10667.3,10996.4
1600290000,10996.4,11048,10744.9,10943.1
1600376400,10943.1,11044.3,10817,10888.4
1600635600,10888.4,11006.3,10294.4,10481.3
1600722000,10481.3,10662.6,10357.3,10519.8
1600808400,10519.8,10581.7,10132.8,10226.9
1600894800,10226.9,10732.9,10195.6,10631.9
1600981200,10631.9,10799.2,10553.2,10716.1
1601240400,10716.1,10959.8,10716.1,10871.6
1601326800,10871.6,10890.3,10634,10760.8
1601413200,10760.8,10867.7,10662.7,10702.1
1601499600,10702.1,10931.6,10439.9,10610.9
1601586000,10610.9,10640.4,10383.9,10547.5
1601845200,10547.5,10781.3,10547.5,10738.9
1601931600,10738.9,10808.2,10523.8,10549.9
1602018000,10549.9,10685.7,10524.7,10664.3
1602104400,10664.3,10960.7,10535.4,10897.4
1602190800,10897.4,11115.2,10829.9,11042.8
1602450000,11042.8,11598.7,11042.8,11567.2
1602536400,11567.2,11730.6,11311.7,11435.4
1602622800,11435.4,11557.8,11295.9,11394.7
1602709200,11394.7,11634.1,11260.1,11548.3
1602795600,11548.3,11553.9,11208.4,11319.7
1603054800,11319.7,11838.9,11319.7,11735
1603141200,11735,12060.8,11686.2,11908.5
1603227600,11908.5,12573.6,11888,12542.1
1603314000,12542.1,13198.6,12491.5,13127.5
1603400400,13127.5,13206.7,12733.6,12945.5
1603659600,12945.5,13139.8,12893.6,13015.1
1603746000,13015.1,13384.3,12999.3,13315.6
1603832400,13315.6,13863.5,13254,13415.3
1603918800,13415.3,13654.6,12980.3,13491.7
1604005200,13491.7,13693.5,13125.9,13649.2
1604268000,13649.2,13853.5,13221.7,13626.5
1604354400,13626.5,13813.8,13296,13750.1
1604440800,13750.1,14276.2,13541.3,14014.1
1604527200,14014.1,15325.7,14014.1,15251.8
1604613600,15251.8,15995.7,15203.3,15559.4
1604872800,15559.4,15849.7,14816.8,15382.3
1604959200,15382.3,15479.8,15090,15384.5
1605045600,15384.5,16006,15288.5,15840.7
1605132000,15840.7,16226.8,15460.5,16164
1605218400,16164,16499.4,15971.5,16300.5
1605477600,16300.5,16897,15881.1,16711.5
1605564000,16711.5,17877.7,16574.6,17639.2
1605650400,17639.2,18495.7,17242.1,17912.1
1605736800,17912.1,18202.1,17356.2,17957.4
1605823200,17957.4,18838,17717.8,18602.9
1606082400,18602.9,18792.8,17999.8,18423.3
1606168800,18423.3,19438.4,18054.1,18944.4
1606255200,18944.4,19510.3,18630.1,18875.7
1606341600,18875.7,18930.9,16209.3,17045.2
1606428000,17045.2,17480.8,16440.1,17005.2
1606687200,17005.2,19879,17005.2,19381.4
1606773600,19381.4,19920.9,18099.1,19057.7
1606860000,19057.7,19351.6,18336.4,19156.1
1606946400,19156.1,19623.8,18878.9,19464.9
1607032800,19464.9,19557.7,18699.6,18831.5
1607292000,18831.5,19426.2,18831.5,19085.9
1607378400,19085.9,19302.2,18615.2,18773.9
1607464800,18773.9,18840.5,17618,18512.7
1607551200,18512.7,18662.7,17905.3,18351.9
1607637600,18351.9,18400.4,17576.1,18108.1
1607896800,18108.1,19339.4,18108.1,19199.4
1607983200,19199.4,19568.5,19040.8,19429
1608069600,19429,21346.4,19277.1,21212.2
1608156000,21212.2,23806.6,21212.2,22791.1
1608242400,22791.1,23291.7,22359.2,22916
1608501600,22916,24124.4,21949.2,23144.7
1608588000,23144.7,23637.1,22371.4,23444
1608674400,23444,24076.8,22802.2,23301.3
1608760800,23301.3,23561.4,22639.8,23402.3
1609106400,23402.3,27479.8,23402.3,26588.3
1609192800,26588.3,27187.1,25840.5,26901.5
1609279200,26901.5,29007.3,26893.3,28905.1
1609365600,28905.1,29309.6,27939.3,28993.2
1609711200,28993.2,33672.8,27907.7,31043
1609797600,31043,34285.9,29934.7,33787.5
1609884000,33787.5,36580.4,33346.9,35959.9
1609970400,35959.9,40405,35785.9,39742.5
1610056800,39742.5,41999.6,36614.4,40052.2
1610316000,40052.2,40052.2,30277.6,33955.7
1610402400,33955.7,36673.5,32460.5,34721.7
1610488800,34721.7,37420.1,32326.7,37295.6
1610575200,37295.6,40121.6,36753.6,38739.8
1610661600,38739.8,39688.3,34369.2,36229.8
1610920800,36229.8,37444.9,34769,36262.9
1611007200,36262.9,37873,36066.9,36471.4
1611093600,36471.4,36788,33403.6,34911.9
1611180000,34911.9,35684.6,30940.3,31194.9
1611266400,31194.9,33883,28797.7,33331.7
1611525600,33331.7,34884.9,32052.9,32723.9
1611612000,32723.9,32854.1,30842.6,32008.6
1611698400,32008.6,32938.5,29220.8,30992.9
1611784800,30992.9,33351.7,29883.6,33248.2
1611871200,33248.2,38646.3,31968.7,34605.1
1612130400,34605.1,34707.3,32332.5,33667
1612216800,33667,36004.8,33441.1,35686.8
1612303200,35686.8,36882,35393.9,36583.4
1612389600,36583.4,38763.3,36194.4,37690
1612476000,37690,38365.8,36617.4,37871.7
1612735200,37871.7,44857.1,37871.7,44724.8
1612821600,44724.8,48226,44299.2,47339.6
1612908000,47339.6,47395.7,43735.8,45048.5
1612994400,45048.5,48698.7,44044.2,46943.4
1613080800,46943.4,48964.6,46259.6,47962.6
1613340000,47962.6,49138.1,45921.6,48211.7
1613426400,48211.7,50604,47054.3,48595.9
1613512800,48595.9,52664.3,48543.2,52411.1
1613599200,52411.1,52568.6,50871.6,52041.4
1613685600,52041.4,56348.2,50766.3,55642.2
1613944800,55642.2,57662.1,47377.2,54974.8
1614031200,54974.8,55053.8,44875.2,47973.4
1614117600,47973.4,51470.8,47010.5,48798
1614204000,48798,52079.6,48041.8,48054.3
1614290400,48054.3,48830.2,44145.8,45682.1
1614549600,45682.1,49573.7,44928.1,48865.4
1614636000,48865.4,50257.2,47073,47451.9
1614722400,47451.9,52664.9,47391.7,50965
1614808800,50965,51809.6,47504.1,47929.7
1614895200,47929.7,49442.2,46289.5,49049.1
1615154400,49049.1,51989.1,49049.1,51877.1
1615240800,51877.1,54843.8,51423.2,54278.6
1615327200,54278.6,57364.4,53020.3,56936.5
1615413600,56936.5,57901.9,54254.5,57602.8
1615500000,57602.8,58127.6,55044.8,56961.4
1615755600,56961.4,60774.3,54670.9,56418.4
1615842000,56418.4,56978.3,53237.3,56388.8
1615928400,56388.8,58350.6,54139.6,57746.2
1616014800,57746.2,60112.3,57014.7,57496.3
1616101200,57496.3,59464,56271,58413.9
1616360400,58413.9,58467.1,54222.7,54543.5
1616446800,54543.5,55872.7,53000.1,54450.5
1616533200,54450.5,56849,53526.5,55251
1616619600,55251,55350,50401.1,52001.5
1616706000,52001.5,54336.6,51251.3,54014.1
1616965200,54014.1,58404.4,54014.1,57253.1
1617051600,57253.1,59413.5,57035.7,58639
1617138000,58639,59820.5,56838.8,58978.2
1617224400,58978.2,59511.8,57915.7,58868.5
1617310800,58868.5,60086.1,58457.8,58684.3
1617570000,58684.3,59281.6,56824.6,58800.3
1617656400,58800.3,59486.5,57375.4,58251.4
1617742800,58251.4,58670.9,55466.1,56259.7
1617829200,56259.7,58172.9,55739.7,57673.5
1617915600,57673.5,58906.4,57460.6,58322.7
1618174800,58322.7,61234.1,58322.7,59955.9
1618261200,59955.9,63741.6,59738.9,63237.6
1618347600,63237.6,64879.8,61295.9,62387.8
1618434000,62387.8,63657.2,62016.6,63410.6
1618520400,63410.6,63853.8,60038.9,62007.9
1618779600,62007.9,62007.9,54307.5,56214.8
1618866000,56214.8,57118.4,53396.7,56783.5
1618952400,56783.5,57116.5,54796.6,55305
1619038800,55305,55517.1,51430.2,51558.4
1619125200,51558.4,52285.9,47382,50566.8
1619384400,50566.8,54413.4,47577.5,53244.9
1619470800,53244.9,55407.4,52595.9,55212.4
1619557200,55212.4,56469.2,53858.8,54431.1
1619643600,54431.1,55243.4,52351.7,52995.8
1619730000,52995.8,57423.5,52812.5,56877.3
1619989200,56877.3,58995,55918,56807.4
1620075600,56807.4,57535,53246.6,54729.6
1620162000,54729.6,57960.8,52936.4,56894.1
1620248400,56894.1,58422.7,55269.4,55961.6
1620334800,55961.6,58770.7,55291.6,57698.2
1620594000,57698.2,59591.7,53767,55305.1
1620680400,55305.1,56974,54483.4,56890.7
1620766800,56890.7,58028.5,53547.8,54471.7
1620853200,54471.7,54817.4,45697.4,49469.7
1620939600,49469.7,50688.8,49014.2,49184.9
1621198800,49184.9,49184.9,42055.7,44815.5
1621285200,44815.5,45858,42413.6,43294.2
1621371600,43294.2,43620.3,29944,38280.9
1621458000,38280.9,42561.1,34974,40069.9
1621544400,40069.9,42286.7,35195.1,35289.9
1621803600,35289.9,39963.9,33664.6,39029.9
1621890000,39029.9,39856.3,36469.7,37658.3
1621976400,37658.3,40904.4,37466.4,38753.5
1622062800,38753.5,40450.4,37190.7,38506.2
1622149200,38506.2,39206.2,35136.4,35207.4
1622408400,35207.4,37485.5,34191.5,36689.2
1622494800,36689.2,37926.5,35689.5,36321.4
1622581200,36321.4,38256,35924.9,37751
1622667600,37751,39488.9,37190,38708.2
1622754000,38708.2,39291.4,35588.2,37045.5
1623013200,37045.5,37045.5,34045.8,34439
1623099600,34439,34643.2,31011.8,33631.4
1623186000,33631.4,36979.2,32426.2,36415
1623272400,36415,38455,35807.8,36477.7
1623358800,36477.7,37704.3,35961.5,37157
1623618000,37157,41059.8,37157,39836.2
1623704400,39836.2,41335,39540.5,39958.3
1623790800,39958.3,40494.7,38307.5,38471.5
1623877200,38471.5,39553,37376.5,37733.7
1623963600,37733.7,38225,35152.4,35510.3
1624222800,35510.3,35792.4,31724.7,32597.6
1624309200,32597.6,33312.2,28804.8,32898.5
1624395600,32898.5,34852.7,31719.2,33070.9
1624482000,33070.9,35288.7,32324.6,34863.2
1624568400,34863.2,35495.8,31481,32235.2
1624827600,32235.2,35302.6,32235.2,34685
1624914000,34685,36642.1,34111.7,36185
1625000400,36185,36331.2,34050,34584
1625086800,34584,35223.4,32712.8,33420.9
1625173200,33420.9,33986.2,32688.7,33146
1625432400,33146,35480.5,33143.8,33845.5
1625518800,33845.5,35098,33525.2,33956.9
1625605200,33956.9,35074.1,33631.9,34542.3
1625691600,34542.3,34547,32103.8,32813.8
1625778000,32813.8,33704.3,32272.1,33515.5
1626037200,33515.5,34676.2,32632.1,32849.6
1626123600,32849.6,33347.3,32196.1,32520.4
1626210000,32520.4,33108,31595,32810.7
1626296400,32810.7,33185.4,31131.1,31747.6
1626382800,31747.6,32260,31026.7,31831.4
1626642000,31831.4,31933.5,30419.5,30774.4
1626728400,30774.4,31059.4,29289.9,29855.2
1626814800,29855.2,32822.6,29491.6,31837.3
1626901200,31837.3,32615.8,31685.4,32256.5
1626987600,32256.5,32925.5,31986.9,32492.4
1627246800,32492.4,40572.4,32492.4,37673.8
1627333200,37673.8,38789.7,36411.2,38042.3
1627419600,38042.3,40924.5,37962.1,40016.8
1627506000,40016.8,40651.1,39256.3,39716.5
1627592400,39716.5,41613,38334.9,40677.5
1627851600,40677.5,41205,38681.5,38871.2
1627938000,38871.2,39792.7,37613,38075.1
1628024400,38075.1,39857.8,37468.4,39750.2
1628110800,39750.2,41417.4,37320.3,40909.1
1628197200,40909.1,43387.2,39880.3,42732.1
1628456400,42732.1,46490,42732.1,45485.5
1628542800,45485.5,46724.5,44640.7,45639.8
1628629200,45639.8,46777.1,45227.4,46336.9
1628715600,46336.9,46400.1,43787.7,44494.1
1628802000,44494.1,47917.6,43884.7,47614.4
1629061200,47614.4,48064.3,45669.9,46091.8
1629147600,46091.8,47184.7,44525.9,44982
1629234000,44982,46039.7,44213.2,44541.3
1629320400,44541.3,46894.2,43943,46595.4
1629406800,46595.4,49132.8,46354.9,48668.8
1629666000,48668.8,50533.8,48630.4,49535.1
1629752400,49535.1,49889.4,47741.1,48338.9
1629838800,48338.9,49188.1,47124.7,48731.5
1629925200,48731.5,49371,46288.2,47031.9
1630011600,47031.9,49188.1,46355.5,48911.7
1630270800,48911.7,49565,47396.1,48644.8
1630357200,48644.8,48691.8,46699.3,47007.1
1630443600,47007.1,49127.9,46530.2,48271
1630530000,48271,50387.7,48254.2,49555.5
1630616400,49555.5,51066.3,48357.8,50136.4
1630875600,50136.4,52224,50136.4,51943.8
1630962000,51943.8,52952.6,42951.1,46843.4
1631048400,46843.4,47369.3,44435.7,46063.6
1631134800,46063.6,47406.3,45543.6,46284.1
1631221200,46284.1,47037.3,44732.6,45100
1631480400,45100,46902.3,43403.1,45153.6
1631566800,45153.6,46986.7,44663.2,46831.4
1631653200,46831.4,48458.9,46406.2,47941.5
1631739600,47941.5,48507.8,47035.8,47148.1
1631826000,47148.1,48168,46745.9,46972.7
1632085200,46972.7,47622.9,42489.7,43528.6
1632171600,43528.6,43935.7,40165.3,40903.9
1632258000,40903.9,44035.8,39579.3,43449.6
1632344400,43449.6,44960.5,43043.6,44714
1632430800,44714,45163.7,40693.5,42982.1
1632690000,42982.1,44371.7,42440.3,42701.4
1632776400,42701.4,43427.3,41109.5,41775
1632862800,41775,42595.8,40754.9,41122.9
1632949200,41122.9,44117.8,40955.1,43430.1
1633035600,43430.1,48207.9,43283.5,48149.6
1633294800,48149.6,49513.1,46918.2,49009.3
1633381200,49009.3,51809,48586,51474.6
1633467600,51474.6,55509.2,50403.3,54942.4
1633554000,54942.4,55765.6,53394.2,54191.9
1633640400,54191.9,56105.2,53630.1,53986.5
1633899600,53986.5,57851.2,53986.5,57327.4
1633986000,57327.4,57707.5,53914.1,55366.6
1634072400,55366.6,57484.1,54245.4,56973.6
1634158800,56973.6,58524.4,56807.3,57432.7
1634245200,57432.7,62886.1,56864.7,62531.1
1634504400,62531.1,62705.4,59897.2,61392.4
1634590800,61392.4,64357.1,61123.9,64099.7
1634677200,64099.7,66989.7,63513.7,65979.9
1634763600,65979.9,66658.1,62064.4,62649.6
1634850000,62649.6,63762.4,59999.4,60725.2
1635109200,60725.2,63730.3,60638.7,62534.5
1635195600,62534.5,63337,61790.1,62101.6
1635282000,62101.6,62101.6,58108.4,59010.4
1635368400,59010.4,62507.9,57807.9,61368.7
1635454800,61368.7,62970.8,60176.1,62402.5
1635714000,62402.5,63306.1,59470.2,60724.7
1635800400,60724.7,64303.8,60439.5,63129
1635886800,63129,63587.6,60353.5,62778.2
1635973200,62778.2,63262.7,60723.4,61376.3
1636059600,61376.3,62650.4,60771.5,60982.7
1636322400,60982.7,66545.9,60981.7,66158.1
1636408800,66158.1,68548.8,66095.3,67748
1636495200,67748,68999.7,62901.9,64341.6
1636581600,64341.6,65619.2,63888.2,65078.2
1636668000,65078.2,65478.1,62298.3,64101.8
1636927200,64101.8,66366.2,63412.4,63912.1
1637013600,63912.1,64045,58636.9,60524
1637100000,60524,61179.3,58422.5,60136.4
1637186400,60136.4,60979.3,56606.2,57582.7
1637272800,57582.7,58394.1,55455.1,57860.4
1637532000,57860.4,59557.9,55645.3,56283
1637618400,56283,57888.4,55383.6,57696.9
1637704800,57696.9,57769.9,55893.6,57345.6
1637791200,57345.6,59451,56877.5,58869.6
1637877600,58869.6,59360.6,53542.4,54018.2
1638136800,54018.2,58920.8,54018.2,58308.1
1638223200,58308.1,59249.9,55923.2,57135.6
1638309600,57135.6,59119.5,56472.2,57026.7
1638396000,57026.7,57417.6,55839,56899.2
1638482400,56899.2,57674.9,51710.5,53651.6
1638741600,53651.6,53651.6,47210.8,50105.2
1638828000,50105.2,51979.9,50105.2,50520.4
1638914400,50520.4,51261,48640.8,50615.6
1639000800,50615.6,50859,47320.4,47989.4
1639087200,47989.4,50126.2,47263.2,47919.3
1639346400,47919.3,50396.4,45734.4,46808.8
1639432800,46808.8,48680.5,46310.5,48301.1
1639519200,48301.1,49513.5,46547.9,49160.1
1639605600,49160.1,49457.2,47667.8,48127
1639692000,48127,48178.6,45464.5,46881.4
1639951200,46881.4,47576.9,45574.9,46987.8
1640037600,46987.8,49337.8,46658.2,49098.8
1640124000,49098.8,49599.1,48450.6,49062.8
1640210400,49062.8,51397,48038.2,50836.4
1640296800,50836.4,51870.2,50444.6,51022.5
1640556000,51022.5,52123.9,50468,50978.3
1640642400,50978.3,51257.7,47303.2,47564
1640728800,47564,48158.8,46604.2,47227.6
1640815200,47227.6,47931.5,45943.1,47270.5
1640901600,47270.5,48578.6,45650.6,46279.2
1641160800,46279.2,47583.2,45668.9,45999.2
1641247200,45999.2,47540.4,45550.4,46222.8
1641333600,46222.8,47079.2,43760.7,43950.8
1641420000,43950.8,44096.4,42715.3,43409
1641506400,43409,43532.3,40911.8,42201.6
1641765600,42201.6,42502.4,39649.5,41728.6
1641852000,41728.6,43135.8,41278.8,42692
1641938400,42692,44347.9,42465.3,43781.2
1642024800,43781.2,44456.9,42329.6,42829
1642111200,42829,43433.6,41770.2,43347.6
1642370400,43347.6,43575.8,41622,41737.8
1642456800,41737.8,42499.9,41288.2,42390.4
1642543200,42390.4,42683.1,41147.7,41726.2
1642629600,41726.2,43526.6,41294.8,41309.6
1642716000,41309.6,41533.4,36146,36619.2
1642975200,36619.2,37589.8,32944.6,36825.1
1643061600,36825.1,37572.9,35715.4,36573
1643148000,36573,38956.4,36334.2,36342
1643234400,36342,37226.2,35520.1,36196.2
1643320800,36196.2,38006.3,35911.8,37869.8
1643580000,37869.8,38756.2,36654.4,38434.2
1643666400,38434.2,39292.2,38030.1,38822.8
1643752800,38822.8,38920.6,36581.6,36965.6
1643839200,36965.6,37228.2,36264.4,36966.4
1643925600,36966.4,40915.4,36823.6,40611.2
1644184800,40611.2,44564.8,40611.2,44111.6
1644271200,44111.6,45536.6,42694.6,44229
1644357600,44229,44857.8,43162.4,44486.6
1644444000,44486.6,45848.6,43214.5,43771.4
1644530400,43771.4,44113.8,42061,42537.8
1644789600,42537.8,42856.8,41571.4,42251.9
1644876000,42251.9,44537.5,42251.9,43995.6
1644962400,43995.6,44786.5,43336.2,44086.6
1645048800,44086.6,44213.8,40075.8,40697.4
1645135200,40697.4,40985.6,39457.7,40013.5
1645394400,40013.5,40677.6,37011.9,37077.5
1645480800,37077.5,38327.9,36354.2,37892.5
1645567200,37892.5,39282.5,37401,37538
1645653600,37538,39733.5,34318.6,38411.2
1645740000,38411.2,39717.1,37758,39031.7
1645999200,39031.7,41968.6,37378.7,41655.1
1646085600,41655.1,44981.5,41655.1,43914.8
1646172000,43914.8,45324.1,43336,44093.4
1646258400,44093.4,44382,41829.8,42108.6
1646344800,42108.6,42701.5,39077.1,39400.6
1646604000,39400.6,39551.1,37165.1,37835.2
1646690400,37835.2,39374.6,37835.2,38501.4
1646776800,38501.4,42622.2,38497.6,41918.6
1646863200,41918.6,42171.7,38567.9,39331.7
1646949600,39331.7,40266.6,38239.2,38833.5
1647205200,38833.5,39309.3,37568.2,38727
1647291600,38727,39920.3,38124,39428
1647378000,39428,41708.9,38844.2,41264.5
1647464400,41264.5,41479,40530.6,40721.4
1647550800,40721.4,42351.1,40170.3,41887.6
1647810000,41887.6,41887.6,40507,41141.3
1647896400,41141.3,43371.2,40886,42608.9
1647982800,42608.9,42909.9,41767.1,42377.8
1648069200,42377.8,44243.6,42267,43896.4
1648155600,43896.4,45133.2,43598.9,44566.2
1648414800,44566.2,48238.5,44566.2,47973
1648501200,47973,48117.4,46886,47496
1648587600,47496,47718.4,46543.1,47284.8
1648674000,47284.8,47622.7,45523.6,45774.8
1648760400,45774.8,46736.6,44233.6,46137.8
1649019600,46137.8,47450.6,45131,46313.4
1649106000,46313.4,47204.1,45478.2,45900.5
1649192400,45900.5,46057.2,43202.4,43882.6
1649278800,43882.6,44005,42743.4,43576.7
1649365200,43576.7,43988.7,42418.9,42817.4
1649624400,42817.4,43231.9,39497.7,39839.7
1649710800,39839.7,40714.1,39204.9,39537.2
1649797200,39537.2,41558.5,39493.3,41255
1649883600,41255,41504.4,39563,39913
1649970000,39913,40852.9,39774.8,40386
1650229200,40386,41034.8,38556.5,40670.6
1650315600,40670.6,41765.4,40579.1,41296.4
1650402000,41296.4,42221.2,40905.1,41432.8
1650488400,41432.8,42980.1,40549.3,40616.1
1650574800,40616.1,40855.4,39176.4,39590.8
1650834000,39590.8,40384.5,38202.5,40180.5
1650920400,40180.5,40798,37662,38122.2
1651006800,38122.2,39476,37711.9,39108
1651093200,39108,40380,38866.5,39885.8
1651179600,39885.8,39986.9,38173.4,38573.6
1651438800,38573.6,39162.3,38051.8,38310.4
1651525200,38310.4,38904.8,37519.3,37788.3
1651611600,37788.3,40023.1,37617.4,39798.6
1651698000,39798.6,39878.2,35590.1,36455
1651784400,36455,36661.2,35252.6,36101.2
1652043600,36101.2,36101.2,30333.4,30959.6
1652130000,30959.6,32649.8,29735.1,30999
1652216400,30999,32144.8,28157.5,28413.3
1652302800,28413.3,30095.8,25362.3,28538.2
1652389200,28538.2,30971,27941.2,29763.6
1652648400,29763.6,31414.8,29054.2,29907.2
1652734800,29907.2,30740,29417.6,30069.2
1652821200,30069.2,30679.8,28701.8,29204.6
1652907600,29204.6,30507.8,28610.1,30242
1652994000,30242,30724.1,28697.6,29130.6
1653253200,29130.6,30635.2,29011.1,29314.2
1653339600,29314.2,29611.5,28636.2,29436.5
1653426000,29436.5,30187,29305.6,29763.2
1653512400,29763.2,29855.7,28011.4,29428.7
1653598800,29428.7,29658,28248,28757
1653858000,28757,31396.5,28757,31252.8
1653944400,31252.8,32378.7,31196.8,31792.1
1654030800,31792.1,31958.1,29292.7,29620.4
1654117200,29620.4,30385.2,29490.2,30222.2
1654203600,30222.2,30675.4,29243.4,29663.4
1654462800,29663.4,31740,29663.4,31441.6
1654549200,31441.6,31573,29197.8,31330.4
1654635600,31330.4,31516.2,29827.2,30175.4
1654722000,30175.4,30684.2,29920.8,30160.4
1654808400,30160.4,30340.2,28826.8,29186.5
1655067600,29186.5,29186.5,22572.1,23206.8
1655154000,23206.8,23347.8,20813.1,21964.1
1655240400,21964.1,22384.1,20073.4,21634.6
1655326800,21634.6,22960,20475.4,20666.3
1655413200,20666.3,21332,20198.6,20618.9
1655672400,20618.9,21044.5,19610.8,20426
1655758800,20426,21697.6,20233.4,20837.4
1655845200,20837.4,21035.7,19752.4,19855.4
1655931600,19855.4,21100,19809.8,20795.9
1656018000,20795.9,21436.8,20657.1,21237.3
1656277200,21237.3,21518.2,20499.2,20900.8
1656363600,20900.8,21189,20176.6,20247.6
1656450000,20247.6,20433.6,19835.6,20194
1656536400,20194,20338.2,18616.7,18732
1656622800,18732,20886.1,18716.1,19414.6
1656882000,19414.6,20081.7,19031.8,19754.6
1656968400,19754.6,20727.3,19282.2,20436
1657054800,20436,20475.3,19744.8,20379.6
1657141200,20379.6,21838.7,20234.8,21610.2
1657227600,21610.2,22479.4,21169.8,21853.2
1657486800,21853.2,21853.2,20249.4,20409.2
1657573200,20409.2,20409.2,19261.4,19445
1657659600,19445,20088.8,18896,19655.1
1657746000,19655.1,20885.7,19611.4,20665.9
1657832400,20665.9,21189.4,20365.6,20930.7
1658091600,20930.7,22773.1,20749.2,21487.9
1658178000,21487.9,23689.7,21443.2,23306.5
1658264400,23306.5,24277.8,22926.6,23262
1658350800,23262,23796,22342.6,23123.7
1658437200,23123.7,23761,22512.4,22562.4
1658696400,22562.4,23010.6,21559.2,22171.4
1658782800,22171.4,22177.6,20727.8,20986.2
1658869200,20986.2,23110.4,20828.6,22785.8
1658955600,22785.8,24199.6,22587.9,24030.8
1659042000,24030.8,24437.4,23438.6,23940.2
1659301200,23940.2,23940.2,22858.7,23146.5
1659387600,23146.5,23459.6,22663.6,23034.6
1659474000,23034.6,23642.2,22691.7,23327.2
1659560400,23327.2,23370.4,22409.1,22516
1659646800,22516,23477.4,22455.9,22966.4
1659906000,22966.4,24244.6,22966.4,24073.3
1659992400,24073.3,24073.3,22876.5,23146.3
1660078800,23146.3,24189,22677.5,23908.4
1660165200,23908.4,24918.9,23785.3,24217
1660251600,24217,24335.2,23600.8,24188.8
1660510800,24188.8,25208.2,23888.7,24075.9
1660597200,24075.9,24249.2,23672.2,23985.6
1660683600,23985.6,24434.2,23191.3,23407.3
1660770000,23407.3,23599.3,23234.4,23417
1660856400,23417,23425.9,21151.8,21274.4
1661115600,21274.4,21706,20892.4,21122.4
1661202000,21122.4,21682.8,20895.2,21479
1661288400,21479,21887.1,21153,21695.8
1661374800,21695.8,21812.6,21306.4,21646.4
1661461200,21646.4,21876.7,20538.4,20656.8
1661720400,20656.8,20656.8,19518.1,20173.6
1661806800,20173.6,20576.2,19541.7,19975
1661893200,19975,20481.5,19752,20196.4
1661979600,20196.4,20290.5,19570.6,20068.6
1662066000,20068.6,20439.8,19757.5,19910.2
1662325200,19910.2,20056,19636.8,19738.4
1662411600,19738.4,20178.1,18667.6,18976.2
1662498000,18976.2,19449.8,18540.4,19384.8
1662584400,19384.8,19458.4,19014.8,19380.5
1662670800,19380.5,21438.1,19254.6,21262.5
1662930000,21262.5,22481.4,21262.5,22411
1663016400,22411,22780.4,20044.5,20237.8
1663102800,20237.8,20533.6,19614.9,19945.2
1663189200,19945.2,20396.2,19497.4,19852.3
1663275600,19852.3,19893.6,19330.2,19744.8
1663534800,19744.8,19744.8,18266.5,19522
1663621200,19522,19677.4,18731,18971.6
1663707600,18971.6,19808.6,18720.7,18924.4
1663794000,18924.4,19498.3,18155.1,19246.8
1663880400,19246.8,19515.8,18530.9,18889.2
1664139600,18889.2,19312.9,18630.6,19113.9
1664226000,19113.9,20377,18822.4,19071.5
1664312400,19071.5,19658.3,18479.3,19567.8
1664398800,19567.8,19766,18845.2,19514.2
1664485200,19514.2,20180.5,19185.6,19407.4
1664744400,19407.4,19648.2,18920.8,19596
1664830800,19596,20456.5,19498.8,20335.8
1664917200,20335.8,20408.1,19738.6,19987.4
1665003600,19987.4,20448.7,19878.6,20052
1665090000,20052,20083,19328.7,19534.8
1665349200,19534.8,19534.8,19105.2,19240.6
1665435600,19240.6,19270.8,18856.1,19020.8
1665522000,19020.8,19199.2,18974.1,19169.2
1665608400,19169.2,19507,18246.1,19386.2
1665694800,19386.2,19950.3,19113,19174.4
1665954000,19174.4,19676.1,19104.6,19529
1666040400,19529,19699.2,19092.8,19367.6
1666126800,19367.6,19371.7,19078,19197.4
1666213200,19197.4,19340.7,18924.2,19028.2
1666299600,19028.2,19249.7,18696.8,19173.3
1666558800,19173.3,19689.9,19160.1,19384.2
1666645200,19384.2,20415.6,19240.4,20187.8
1666731600,20187.8,21021.3,19998.4,20751.2
1666818000,20751.2,20909.2,20253.1,20398.8
1666904400,20398.8,20749.9,20037.2,20610
1667163600,20610,20839.6,20237,20402.5
1667250000,20402.5,20679.8,20327.6,20478.7
1667336400,20478.7,20804.7,20102.6,20174.3
1667422800,20174.3,20392.3,20037.5,20237.2
1667509200,20237.2,21297,20160.8,21125.2
1667772000,21125.2,21173.4,20586.1,20683.6
1667858400,20683.6,20685.5,17058.5,18702.4
1667944800,18702.4,18704.4,15827.8,15858.5
1668031200,15858.5,18148,15573.6,17799.2
1668117600,17799.2,17847.4,16341.4,16745.3
1668376800,16745.3,17146,15789,16374.4
1668463200,16374.4,17098.6,16330.5,16884.2
1668549600,16884.2,16978,16365,16519.2
1668636000,16519.2,16729.2,16399.5,16688
1668722400,16688,16969,16540.8,16637
1668981600,16637,16637,15475.3,15630.6
1669068000,15630.6,16279.8,15581.8,16126.5
1669154400,16126.5,16675.9,16087.4,16473.6
1669240800,16473.6,16784.7,16453.2,16541.2
1669327200,16541.2,16617.2,16343.8,16505
1669586400,16505,16586.4,16003,16194.6
1669672800,16194.6,16528.6,16098.6,16463.8
1669759200,16463.8,17146.3,16427.8,17103.6
1669845600,17103.6,17286.9,16885.4,16945.4
1669932000,16945.4,17098.4,16805.8,17017.4
1670191200,17017.4,17429.9,16873,16975.4
1670277600,16975.4,17097.6,16918.6,16994.5
1670364000,16994.5,17136.8,16691.8,16830.2
1670450400,16830.2,17294.8,16740.8,17185.2
1670536800,17185.2,17344.2,17068.7,17106.8
1670796000,17106.8,17212.8,16878.4,17175.6
1670882400,17175.6,17965.4,17086.3,17755.6
1670968800,17755.6,18367,17666.6,17827.4
1671055200,17827.4,17860.3,17318.6,17400.5
1671141600,17400.5,17522.7,16747.4,16827.8
1671400800,16827.8,16849.6,16528.2,16584.2
1671487200,16584.2,17046.3,16265.8,16888.1
1671573600,16888.1,16923.2,16739.1,16795.6
1671660000,16795.6,16871.1,16557,16788.3
1671746400,16788.3,16928.8,16754.4,16815.8
1672092000,16815.8,16968.6,16590.8,16679.2
1672178400,16679.2,16757.2,16460.8,16514
1672264800,16514,16652.4,16467.8,16588.4
1672351200,16588.4,16648.1,16333.2,16585
1672610400,16585,16784,16548.4,16747
1672696800,16747,16766.8,16598.2,16663.2
1672783200,16663.2,16982.2,16645.1,16824.1
1672869600,16824.1,16875.2,16752.5,16847
1672956000,16847,17036.2,16670,16925.4
1673215200,16925.4,17401,16925.4,17182.6
1673301600,17182.6,17491.5,17131.5,17460.5
1673388000,17460.5,17582.9,17312,17562.6
1673474400,17562.6,19110.7,17519.8,18829.4
1673560800,18829.4,19872.3,18722.6,19807
1673820000,19807,21445.4,19807,21131.2
1673906400,21131.2,21588.4,20860.6,21314.7
1673992800,21314.7,21647.9,20407.7,20773.2
1674079200,20773.2,21195,20627.2,20939.4
1674165600,20939.4,22439.6,20865,22330.7
1674424800,22330.7,23174.4,22330.7,22999.8
1674511200,22999.8,23168.6,22725.5,22900.8
1674597600,22900.8,23716.6,22335.4,23600.3
1674684000,23600.3,23816.3,22833.6,23088.7
1674770400,23088.7,23504.6,22552.2,23083.4
1675029600,23083.4,23884.4,22563.4,22745.4
1675116000,22745.4,23224.8,22508.1,22950.6
1675202400,22950.6,23798.4,22790.6,23682.1
1675288800,23682.1,24257.2,23418.6,23454.7
1675375200,23454.7,23722,23210.6,23364
1675634400,23364,23364,22640.3,22911.6
1675720800,22911.6,23353,22640.1,23199.1
1675807200,23199.1,23450.6,22674.8,22959.2
1675893600,22959.2,23021.1,21695.1,21853.6
1675980000,21853.6,21957.5,21472.5,21574.2
1676239200,21574.2,21901.5,21360.6,21630.8
1676325600,21630.8,22333.6,21544.5,22255.8
1676412000,22255.8,24362.2,22051.5,24180.5
1676498400,24180.5,25267.5,24124.9,24534.5
1676584800,24534.5,25034.3,23342.2,24627.5
1676844000,24627.5,25116.2,23846.2,24775
1676930400,24775,25269.5,24152,24191.2
1677016800,24191.2,24483.8,23581.2,23803.5
1677103200,23803.5,24602.3,23614.5,23868
1677189600,23868,24133.6,22842.7,23103.8
1677448800,23103.8,23898,23103.8,23385.2
1677535200,23385.2,23595.5,23023.5,23138.8
1677621600,23138.8,23999,23026.5,23563.3
1677708000,23563.3,23799.8,23191.6,23416.2
1677794400,23416.2,23558.8,21980.8,22255.5
1678053600,22255.5,22604.2,22255.5,22410
1678140000,22410,22553.9,21931.2,22051.2
1678226400,22051.2,22281.6,21838,22002.8
1678312800,22002.8,22003.8,20033.8,20222.8
1678399200,20222.8,20493.4,19560.2,20014.8
1678654800,20014.8,24633.8,20014.8,24229.5
1678741200,24229.5,26559.2,24021.2,24660
1678827600,24660,25319.2,23930,24396.2
1678914000,24396.2,25239.5,24206.1,24759.2
1679000400,24759.2,27042,24759.2,26789.2
1679259600,26789.2,28571.8,26789.2,28092.8
1679346000,28092.8,28528.2,27409.4,28162.5
1679432400,28162.5,28951,26660.5,27398
1679518800,27398,28845.8,27043.5,28350
1679605200,28350,28512.5,27392,27663.2
1679864400,27663.2,28176.2,26502.8,27049
1679950800,27049,27536,26631.4,27328.8
1680037200,27328.8,28673.7,27113,28388.5
1680123600,28388.5,29182.5,27691.5,28163.8
1680210000,28163.8,28659.2,27500.2,28448.8
1680469200,28448.8,28527.5,27458.2,27576.2
1680555600,27576.2,28460.2,27332.5,28262
1680642000,28262,28800.2,27802.2,28162
1680728400,28162,28246,27689.5,27984.6
1680814800,27984.6,28109.8,27784.5,27875.8
1681074000,27875.8,29336.5,27875.8,29158.2
1681160400,29158.2,30593,29129.2,30199.5
1681246800,30199.5,30529,29633,29966
1681333200,29966,30629.4,29825.2,30291
1681419600,30291,31059,29991.3,30465.5
1681678800,30465.5,30465.5,29237.5,29460.2
1681765200,29460.2,30503.3,29109,30413.8
1681851600,30413.8,30424,28928.4,29245.8
1681938000,29245.8,29277.5,27989.2,28193.8
1682024400,28193.8,28357,27166,27309.5
1682283600,27309.5,28006.6,26954.5,27460.2
1682370000,27460.2,28054.6,27178.2,27985.5
1682456400,27985.5,30031.5,27235.8,28365
1682542800,28365,29900.8,28098,29630.2
1682629200,29630.2,29785.8,28897.5,29371
1682888400,29371,29508.5,27659.5,27693.2
1682974800,27693.2,28902.5,27693.2,28690.2
1683061200,28690.2,28834.5,28129,28533.2
1683147600,28533.2,29396.5,28530.5,28881
1683234000,28881,29711.8,28744.8,29538.2
1683493200,29538.2,29538.2,27275.2,27558.8
1683579600,27558.8,27833.8,27370.2,27664.1
1683666000,27664.1,28336.8,26782.8,27867
1683752400,27867,27867,26704.8,27010.2
1683838800,27010.2,27098.4,25807.2,26469.2
1684098000,26469.2,27685.5,26469.2,27354
1684184400,27354,27403.5,26848.2,26954.5
1684270800,26954.5,27470.5,26541,27341.2
1684357200,27341.2,27534.2,26356.5,26719.8
1684443600,26719.8,27194.8,26642.8,26852.3
1684702800,26852.3,27107.2,26542,26902.8
1684789200,26902.8,27497.2,26806.2,27217.8
1684875600,27217.8,27261.2,26022.8,26402
1684962000,26402,26627.5,25856.5,26490.5
1685048400,26490.5,26943,26331,26770
1685307600,26770,28466,26770,27691.5
1685394000,27691.5,28059.2,27555,27779.7
1685480400,27779.7,27864,26836.5,27117.1
1685566800,27117.1,27365.2,26618.3,26874
1685653200,26874,27307,26505.2,27205.2
1685912400,27205.2,27472.6,25398.2,25637.2
1685998800,25637.2,27241.8,25351.1,26954
1686085200,26954,27400,26255.5,26363.8
1686171600,26363.8,26837.8,26133.1,26645.4
1686258000,26645.4,26788,26284.8,26450.6
1686517200,26450.6,26450.6,25610.8,25892.6
1686603600,25892.6,26430.2,25708.4,25847.2
1686690000,25847.2,26096.4,24809.4,24922.6
1686776400,24922.6,25584.4,24755.6,25551.6
1686862800,25551.6,26490.8,25124.4,26440.8
1687122000,26440.8,27058,26245.8,26721
1687208400,26721,28266,26643.8,28160.9
1687294800,28160.9,30812.6,28088,30000.2
1687381200,30000.2,30514,29548.6,30160.5
1687467600,30160.5,31450.2,29804.2,30931.8
1687726800,30931.8,30931.8,29933.1,30156
1687813200,30156,31016.6,30080.6,30657.4
1687899600,30657.4,30748.2,29853.4,30091.7
1687986000,30091.7,30833,30018.8,30401.4
1688072400,30401.4,31269.6,29467.9,30396.6
1688331600,30396.6,31403.8,30396.6,31134
1688418000,31134,31339.9,30627,30805.3
1688504400,30805.3,30887.2,30191.8,30468.2
1688590800,30468.2,31540.2,29861.6,30318.8
1688677200,30318.8,30459,29713.6,30254.8
1688936400,30254.8,31067.8,29959.2,30781.5
1689022800,30781.5,30823.8,30202.1,30576.8
1689109200,30576.8,30990.6,30200.4,30348.8
1689195600,30348.8,31855.9,30244.6,31387.3
1689282000,31387.3,31650.8,29912,30202.8
1689541200,30202.8,30377.7,29663.4,29932.2
1689627600,29932.2,30296.4,29490.5,29779.6
1689714000,29779.6,30194.8,29754.4,29971
1689800400,29971,30426.8,29532.1,29735.8
1689886800,29735.8,30066.5,29730.6,29882.4
1690146000,29882.4,30150.4,28850,29140.6
1690232400,29140.6,29372.4,29048.7,29224
1690318800,29224,29682.4,29088.4,29589.7
1690405200,29589.7,29665.4,29072.6,29137.6
1690491600,29137.6,29541.2,29119,29331.3
1690750800,29331.3,29537,29105.2,29213.2
1690837200,29213.2,29346.4,28543.9,29210.4
1690923600,29210.4,30039.6,28904.5,29118.5
1691010000,29118.5,29402.2,28938.1,29282.8
1691096400,29282.8,29318.8,28753.2,28901.4
1691355600,28901.4,29189.6,28658.2,29164.7
1691442000,29164.7,30006.4,29103.8,29992.3
1691528400,29992.3,30250.8,29347.3,29474.8
1691614800,29474.8,29717.2,29313.4,29421.8
1691701200,29421.8,29544,29183.4,29386.5
1691960400,29386.5,29671.8,29060,29362
1692046800,29362,29465.7,29042.8,29170.8
1692133200,29170.8,29229.8,28842.6,28933
1692219600,28933,28953.3,27472.2,27601.2
1692306000,27601.2,27685,25607,26103
1692565200,26103,26227.4,25816.4,26115.8
1692651600,26115.8,26292,25720,25864.6
1692738000,25864.6,26820.4,25333.5,26592.2
1692824400,26592.2,26617.4,25839.2,26013.4
1692910800,26013.4,26297,25758.4,26046.4
1693170000,26046.4,26283,25844.4,25977.8
1693256400,25977.8,28153.8,25903.5,27589.8
1693342800,27589.8,27785.4,27000,27255.4
1693429200,27255.4,27581.4,25891,25992.1
1693515600,25992.1,26140,25317.1,25747.8
1693774800,25747.8,26097.8,25707.6,25826.8
1693861200,25826.8,25885.8,25552.4,25703.6
1693947600,25703.6,26028,25373.8,25661
1694034000,25661,26017.8,25595.7,26003.7
1694120400,26003.7,26444.7,25614.5,25893.6
1694379600,25893.6,26018.8,24887.5,25091.4
1694466000,25091.4,26562.4,25074.8,26074.3
1694552400,26074.3,26413,25761.3,26221.6
1694638800,26221.6,26871.6,26135,26584.4
1694725200,26584.4,26700.2,26222.6,26414.6
1694984400,26414.6,27425.7,26381.4,26773.2
1695070800,26773.2,27495.7,26674.8,27185.8
1695157200,27185.8,27392,26807.8,27093.4
1695243600,27093.4,27246.8,26370.8,26588.6
1695330000,26588.6,26744.6,26467.4,26538.4
1695589200,26538.4,26538.4,25987.3,26283.9
1695675600,26283.9,26398.6,26078.6,26140.3
1695762000,26140.3,26839,26083,26233.4
1695848400,26233.4,27310.8,26222.8,27092.2
1695934800,27092.2,27247.3,26643.1,26892
1696194000,26892,28611.3,26892,27843.3
1696280400,27843.3,27877.3,27154.8,27393.4
1696366800,27393.4,27840.4,27205.2,27661.6
1696453200,27661.6,28125.2,27355.8,27474.8
1696539600,27474.8,28060.8,27172.1,27991.6
1696798800,27991.6,28007.4,27267.8,27583.2
1696885200,27583.2,27745,27295.3,27403.4
1696971600,27403.4,27482.5,26518.9,26714.4
1697058000,26714.4,26941.8,26546.6,26738.4
1697144400,26738.4,27060.4,26671.3,26948.9
1697403600,26948.9,30518.7,26948.9,28399.4
1697490000,28399.4,28636.6,28081.2,28450.7
1697576400,28450.7,29008.6,28151,28260.8
1697662800,28260.8,28937.6,28116.6,28732.7
1697749200,28732.7,30271.2,28596.1,29609.7
1698008400,29609.7,31843.8,29609.7,31532.2
1698094800,31532.2,35630.5,31445.8,33625
1698181200,33625,35146.4,33496.3,34679.1
1698267600,34679.1,34849.2,33734,34194.1
1698354000,34194.1,34301.4,33383.2,33802.8
1698613200,33802.8,34887.4,33802.8,34446.8
1698699600,34446.8,34739.5,34046.6,34653
1698786000,34653,35532,34103.3,35469.3
1698872400,35469.3,36002.2,34314.7,34914
1698958800,34914,34986.3,34119,34645.3
1699221600,34645.3,35410.6,34645.3,35026.6
1699308000,35026.6,35926.2,34529.2,35499.8
1699394400,35499.8,35951.4,35097.1,35601.1
1699480800,35601.1,38042.7,35548.9,36534.6
1699567200,36534.6,37474.8,36331,37353.6
1699826400,37353.6,37472,36349.9,36491.1
1699912800,36491.1,36765.8,34686.2,35558.6
1699999200,35558.6,37864.8,35369.4,37664.9
1700085600,37664.9,37987.4,35505.2,35966.6
1700172000,35966.6,36850,35864.8,36395.4
1700431200,36395.4,37784.8,36395.4,37427.3
1700517600,37427.3,37678.1,36254.1,36843.8
1700604000,36843.8,37874.8,35614.2,37646.8
1700690400,37646.8,37764.4,36880.4,37261.8
1700776800,37261.8,38457,37221,37844.2
1701036000,37844.2,37844.2,36726.4,37039.4
1701122400,37039.4,38441.1,36881.4,37975.4
1701208800,37975.4,38510.9,37574.8,37725.6
1701295200,37725.6,38153.6,37483.8,37750.9
1701381600,37750.9,39008.1,37614,38858.5
1701640800,38858.5,42166.8,38858.5,42042.8
1701727200,42042.8,44259.2,41383.6,43912.1
1701813600,43912.1,44517.2,43361.6,43822.5
1701900000,43822.5,44060.2,42853.2,43388.1
1701986400,43388.1,44759.5,43084.3,44381.6
1702245600,44381.6,44381.6,40165.6,41169.8
1702332000,41169.8,42091.4,40638.9,41094.6
1702418400,41094.6,43208,40538,42978.2
1702504800,42978.2,43523.8,41452,42989
1702591200,42989,43205.8,41649.8,42190.7
1702850400,42190.7,42750.4,40500.2,42615.7
1702936800,42615.7,43469.8,41788.4,42476.8
1703023200,42476.8,44320.8,42189.6,43448.3
1703109600,43448.3,44268.2,43294.9,43999
1703196000,43999,44458.6,43420.6,43769.2
1703455200,43769.2,43830,42602.2,43538.6
1703541600,43538.6,43742.4,41583.8,42333.9
1703628000,42333.9,43569,42105.2,43384.2
1703714400,43384.2,43830.8,42281.4,42451.6
1703800800,42451.6,43157,41666.2,41913
1704060000,41913,43865.8,41913,43633.2
1704146400,43633.2,45956.6,43365.8,45115.7
1704232800,45115.7,45534,40741.5,42928.3
1704319200,42928.3,44800.4,42601,44475
1704405600,44475,44805.1,42379.7,43860.4
1704664800,43860.4,47355.1,43197.4,47117.4
1704751200,47117.4,47964.8,44835.2,45494.4
1704837600,45494.4,46742,44339.8,45948.9
1704924000,45948.9,49101.2,45560.3,46156.2
1705010400,46156.2,46531.1,43147.8,43451.8
1705269600,43451.8,43451.8,41672.4,42691
1705356000,42691,43567,42034.4,43408.1
1705442400,43408.1,43435.8,42168.6,42634.6
1705528800,42634.6,42882.8,40598.7,41041.8
1705615200,41041.8,42155.5,40234.4,41638.2
1705874400,41638.2,41755.4,39372.9,39825.8
1705960800,39825.8,40150.6,38511.4,39204.2
1706047200,39204.2,40530.9,39202.8,39754.6
1706133600,39754.6,40291,39519.6,39901.6
1706220000,39901.6,42234.2,39802.6,41980.2
1706479200,41980.2,43322,41608.2,43202.6
1706565600,43202.6,43865.8,43087.7,43533.7
1706652000,43533.7,43748.6,42266,42417.2
1706738400,42417.2,43282,41847.4,43081.6
1706824800,43081.6,43473.8,42543,42989.6
1707084000,42989.6,43517.5,42198.9,42341.1
1707170400,42341.1,43368.6,42341.1,43150
1707256800,43150,44412.1,42763,44203
1707343200,44203,45635.4,44139,45340
1707429600,45340,48236.2,45231.8,47557
1707688800,47557,50385.6,47557,49874.1
1707775200,49874.1,50431.1,48326,49532.2
1707861600,49532.2,52101.4,49264,51789.3
1707948000,51789.3,52878.2,51376.4,51403.6
1708034400,51403.6,52613.7,51400.4,52039.6
1708293600,52039.6,52507.2,51686.9,51888
1708380000,51888,53030.8,50757.7,52071
1708466400,52071,52551.2,50625.9,51387.2
1708552800,51387.2,52071.8,50919,51612.6
1708639200,51612.6,51690.2,50627.4,50981.2
1708898400,50981.2,54979,50907.2,54646.2
1708984800,54646.2,57638.8,54491.9,56691.2
1709071200,56691.2,64291.4,56672.9,60530
1709157600,60530,63684,60380.2,61464
1709244000,61464,63245.8,60755,62625.4
1709503200,62625.4,67935.4,62346.5,67462.5
1709589600,67462.5,69330.1,59133.1,63298.6
1709676000,63298.6,67664,62531,66587.2
1709762400,66587.2,68095.4,65595.6,67369
1709848800,67369,70211.2,66152,68329
1710104400,68329,72879.5,67111.8,72106.2
1710190800,72106.2,73113.4,68636.8,71056.6
1710277200,71056.6,73716.8,70613.8,73192.4
1710363600,73192.4,73859.2,68536,70662
1710450000,70662,72428.3,65567.4,67845.2
1710709200,67845.2,68937,66558.7,67362.2
1710795600,67362.2,68125.6,62316,63813
1710882000,63813,67796.1,60753.1,67070.9
1710968400,67070.9,68251,64523.1,65436.8
1711054800,65436.8,66651.4,62586.6,63496
1711314000,63496,71222.6,63496,70944
1711400400,70944,71600.6,69301.2,69800.8
1711486800,69800.8,71764.4,68366.2,68808.8
1711573200,68808.8,71589.2,68808.8,70743.6
1711659600,70743.6,71089.6,69059.6,69640.6
1711918800,69640.6,71424,68064.2,69755.8
1712005200,69755.8,69951.2,64565.4,65723.1
1712091600,65723.1,66944.7,64476.4,65726
1712178000,65726,69353.1,65069.7,67951.6
1712264400,67951.6,68783,65962.2,67706.8
1712523600,67706.8,72773.8,67706.8,71668.8
1712610000,71668.8,72013.4,68195.4,69075
1712696400,69075,70132,67432.8,69789.6
1712782800,69789.6,71315,69531.6,70520.4
1712869200,70520.4,71255.3,65016.2,67031.2
1713128400,67031.2,67031.2,62311.1,63188.3
1713214800,63188.3,63941.6,61652.4,63048.3
1713301200,63048.3,64525.1,59686.2,60867.2
1713387600,60867.2,64185.4,60810.6,63479.8
1713474000,63479.8,65507.5,59570.8,63997.5
1713733200,63997.5,66877.8,63997.5,66509
1713819600,66509,67282.5,65823.4,66282.4
1713906000,66282.4,67094.8,63542.8,64061.8
1713992400,64061.8,64978.7,62765,64839.4
1714078800,64839.4,65278.6,63295,63917.4
1714338000,63917.4,63917.4,61770.8,62941.4
1714424400,62941.4,64714.8,59070.6,59834.8
1714510800,59834.8,61000,56475.7,57357.8
1714597200,57357.8,59594.5,56911,58739
1714683600,58739,63232.4,58739,62880
1714942800,62880,65540.8,62702.6,63310.2
1715029200,63310.2,64416.4,62783,62966.2
1715115600,62966.2,63160.9,61434,61585.6
1715202000,61585.6,62677.4,60604.4,62627.2
1715288400,62627.2,63483.4,60175.8,60482.1
1715547600,60482.1,63457.6,60482.1,63094.8
1715634000,63094.8,63116.7,61092,61539.2
1715720400,61539.2,66471.9,61307.4,65992.6
1715806800,65992.6,66773.2,64581.4,65275.4
1715893200,65275.4,67511.1,65110.2,66931
1716152400,66931,70467,66009.1,69475.7
1716238800,69475.7,71973.5,68939,69706
1716325200,69706,70671,69205.4,69397.3
1716411600,69397.3,70071.2,66260.8,67760.4
1716498000,67760.4,69262.6,66578.6,68893.9
1716757200,68893.9,70614.4,68112.1,69585.1
1716843600,69585.1,69829.5,67171.6,68227.4
1716930000,68227.4,68850.5,67073.8,67406.8
1717016400,67406.8,69514.5,67095.3,68446.6
1717102800,68446.6,69038.8,66575.4,67616.3
1717362000,67616.3,70295.5,67568.3,69109.5
1717448400,69109.5,71102.5,68550,70449.2
1717534800,70449.2,71798.3,70360.2,71243.6
1717621200,71243.6,71666.8,70103.5,70708.7
1717707600,70708.7,71960.7,68279.8,69212.5
1717966800,69212.5,70176.4,69159.3,69635.3
1718053200,69635.3,69672.1,66006.9,67233
1718139600,67233,70028.2,66890.2,68079.4
1718226000,68079.4,68648,66213.9,66642
1718312400,66642,67337.6,64988.6,65721.2
1718571600,65721.2,67275.3,65009.9,66424.1
1718658000,66507,66742.8,63981.6,64908.4
1718744400,64882,65721.6,64635.4,64846.6
1718830800,64866,66463.4,64505.7,65036.2
1718917200,65072,65151,63297.2,64103.6
1719176400,63704.5,63819.5,58395.8,59463.6
1719262800,59456.5,62395.9,59355.7,61896.9
1719349200,61868,62481.7,60644.8,60944.8
1719435600,61029,62326.9,60566.9,61447.4
1719522000,61453.5,62171,59844.4,60060.1
1719781200,61873.5,63801.1,61744.8,63222.2
1719867600,63193.5,63250.8,61728.1,61919.2
1719954000,61953.5,62200.8,59406.5,59577.4
1720040400,59462,60413.8,56724.2,58282.4
1720126800,58309,58741.9,53391.3,56356.8
1720386000,57209,58224,54285,56231.4
1720472400,56203,58294.1,56180.6,57891.4
1720558800,57884,59484,57132.2,57370.2
1720645200,57417,59653.9,57025,57549.6
1720731600,57561.5,58555.1,56534.2,57581.9
1720990800,60047,63882.2,60047,63816.4
1721077200,63766.5,65244.6,62423,64770.9
1721163600,64802,66150.8,63858.5,64544.6
1721250000,64107.5,65137.4,63232.7,63800
1721336400,63770.5,67471.8,63292.3,66993.6
1721595600,67778,68504.4,66571.6,68131
1721682000,68043.5,68069.9,65453.6,65915.6
1721768400,65821,67141.2,65471.5,66033.8
1721854800,65923,65968.2,63400.8,65117
1721941200,65342,68176.4,65231.7,67434.3
1722200400,67990.5,70044,66419.8,67379.6
1722286800,67303,67556.9,65283.6,66123
1722373200,66076,66833.5,64508,64564.7
1722459600,64622.5,65119,62221.5,64608.6
1722546000,64696,65607.3,62007,62567.8
1722805200,62567.8,62567.8,48824.8,54139.4
1722891600,54557.5,57092.4,53912,56550.5
1722978000,56652.5,57757.8,54653.6,55046.9
1723064400,55270,59912.8,54573.8,59555.4
1723150800,59621.5,62742.4,59473.4,60758.6
1723410000,58458.5,60733.4,57648.6,58871.8
1723496400,58694.5,61620.1,58447,60600
1723582800,60617,61864.6,58667.3,59133.8
1723669200,59122,59883.7,56104.4,56422
1723755600,56783.5,59866.8,56764.7,59274.4
1724014800,59802.5,59806.1,57820,59113
1724101200,59108,61466.7,58552.6,59347
1724187600,59240,61851.4,58792.2,61197
1724274000,61084.5,61525.9,59747.6,60621.9
1724360400,60603.5,63877.3,60310.6,63681.6
1724619600,64243.5,65071.6,63090.2,63451.2
1724706000,63387,63402.3,61442.8,61855.4
1724792400,61930.5,61966,57855.2,59340.6
1724878800,59247.5,61206.9,58831.3,59494
1724965200,59541,60040,57730.6,59010
1725224400,58397,59236,57110,59031
1725310800,59204,59826.4,57527.9,58172
1725397200,58153,58545.8,55559.3,58074.6
1725483600,58011,58391,55769.6,56088.2
1725570000,56050,57004.6,52636.2,52856.3
1725829200,54380.5,57198.4,54319.7,56995.8
1725915600,57065,58086.8,56388.1,57606.3
1726002000,57597,57999,55547.2,57491.6
1726088400,57548,58596.7,57223.4,58189.4
1726174800,58165.5,60033.2,57624.4,59941.5
1726434000,59589,59717.4,57458,57652.7
1726520400,57783.5,61370.6,57623.9,60166
1726606800,60185.5,61355.8,59184.2,60221.8
1726693200,60286.5,63885.4,60177.5,63061.9
1726779600,62979,64150.6,62340.8,62840.8
1727038800,63290.5,64739.4,62367.1,63336.6
1727125200,63339,64619.4,62712.4,64224.1
1727211600,64278,64834.8,62996.1,63512.9
1727298000,63422,65861.2,62655.6,64738
1727384400,64727,66515.2,64726.5,65820
1727643600,65872.5,65985.5,63033.7,63803.9
1727730000,63763,64133,60135.4,60712.6
1727816400,60905.5,62393.1,59970.7,60897.4
1727902800,60844.5,61482.4,59831.2,60775.2
1727989200,60640,62481.2,60456.4,62445.8
1728248400,62651,64458.3,62293.2,62977.1
1728334800,63107.5,63362.4,61816.9,62309.8
1728421200,62325,62520.7,60249.4,60492.6
1728507600,60536,61263.6,58860.8,59687.2
1728594000,59646.5,63411.2,59626.8,63017.6
1728853200,62749,66283.8,62424.4,65893.6
1728939600,65865.5,67960.4,64741.1,66541.2
1729026000,66531,68420.4,66115.9,67660.7
1729112400,67632.5,67930.9,66641.6,66934.4
1729198800,66944.5,69040,66933.7,68405.3
1729458000,68750,69532.6,66796.6,67720.6
1729544400,67755.5,67909,66537,67521.8
1729630800,67433.5,67830.4,65132.2,66617.3
1729717200,66479.5,68285.2,66282.2,68123.6
1729803600,68190.5,68811.4,65816.3,66717.2
1730062800,67671.5,69893.8,67557.2,69578.8
1730149200,69639,73629.6,69482.8,72334
1730235600,72338,72971.8,71401.8,72783.8
1730322000,72926.5,72926.5,69506,69823.6
1730408400,69881,71613.9,68721,69182.9
1730671200,69171.5,69484.6,66778.8,67031.6
1730757600,67366,70557,67299.3,69081.2
1730844000,69204.5,76529,68883,75992.9
1730930400,76055.5,76973.5,74486.2,75961.4
1731016800,75979.5,77314.2,75551.3,76551.6
1731276000,79941,88524.1,79917.5,87946.5
1731362400,87933.5,90088.7,85157.2,88291.4
1731448800,88246.5,93547.6,86293.8,88724.5
1731535200,89118.5,91875.4,87030.8,88279.9
1731621600,88230.5,91904.4,86607.6,91685.4
1731880800,88786,92698.6,88737.4,91273.3
1731967200,91258,94093.2,90289.4,92390.1
1732053600,92334.5,94963.3,91470.3,94525.9
1732140000,94466.5,99099.8,93869.3,98129.1
1732226400,98049,99817.5,97228.7,99421.5
1732485600,97092,99048,93540.2,93589.2
1732572000,93717.5,95086,90740.5,91803.3
1732658400,91948,97457.9,91546.5,96376
1732744800,96479,96715.6,94675.9,95150.7
1732831200,95125.5,98811.8,95073.8,97500.7
1733090400,97745.5,98292.3,94353,95463.4
1733176800,95500,96360.8,93586,96105.8
1733263200,95845.5,99257.6,94488.5,97869.7
1733349600,97839.5,104081.6,97772.3,99062.9
1733436000,98936.6,102130.8,91593.9,100612.8
1733695200,100073.5,101517.4,94064.1,97159.3
1733781600,96976,98347.5,94270.6,96844.4
1733868000,97103.7,101849.2,95715.9,101643.6
1733954400,101718,102672.4,99338.8,99865.2
1734040800,99788,101998.4,99209.3,101410.2
1734300000,102607,107904.8,102607,106181.4
1734386400,106156,108410,105493.2,106510.5
1734472800,106368.5,106530.4,100163.8,101159.1
1734559200,100768.5,102811.4,95522.7,97467.6
1734645600,97460.4,98329.2,92087.8,96560.6
1734904800,94740,96460.8,92314.4,93943.8
1734991200,93798.3,99446,93386,98296.4
1735164000,98384.4,99897.8,95076.8,95678.8
1735250400,95651.4,97444,93212,94349.4
1735509600,93230,94876.2,91281.4,92081.6
1735596000,92024,96107.9,91849.6,93709.4
1735768800,94654.7,97775.4,94091.6,97130.5
1735855200,96971.2,98986.7,96019.2,98227.4
1736114400,98395,102545.6,97883.8,101647.9
1736200800,101641.5,102780.6,96097.3,96579.5
1736287200,96553.4,97261.6,92467.9,94478.7
1736373600,94530.2,95350,91199.6,92074.6
1736460000,92222,95867.2,91622.6,94622
1736719200,94301.6,95903,89136.2,94129.5
1736805600,94337.6,97398.5,94145,96390.1
1736892000,96552.4,100711.8,96380.3,99677.8
1736978400,99631,100926,97308.9,100166.5
1737064800,99910.8,105992.6,99377,104693.2
1737324000,102923,109618.4,99420.8,102674.1
1737410400,101852,107255.4,100035.4,106843
1737496800,106654.5,106825.6,103334.8,104035.1
1737583200,103983,106909.4,101225.4,103222.2
1737669600,103308,107204.2,102746.6,105053.8
1737928800,104543.5,104741.9,97647.8,101155.2
1738015200,101526.5,103815,100231.2,100252.2
1738101600,100302.5,104821.8,100288.5,103830.8
1738188000,103786.5,106450.2,103309.5,105062.2
1738274400,105004,106077.6,101516.4,102144.8
1738533600,97442.8,102114.6,91108.8,101969.2
1738620000,101973.5,102612.5,96445.2,96616.6
1738706400,96340.7,99255,96205.5,96994.4
1738792800,96785.2,99196.2,95675.5,96729.4
1738879200,96561.4,100228.1,95656.7,96044.7
1739138400,95021.2,98393.2,94862.5,97428.5
1739224800,97306.6,98552.4,94834.2,96289.2
1739311200,96431.8,97953.1,94051.1,97693.9
1739397600,97624.4,98175.5,95247.9,96500.2
1739484000,96453,98905.9,96263,97518.8
1739743200,97148.7,97286.8,95203.7,96394.2
1739829600,96218.2,96778.2,93303.6,94903.7
1739916000,95011,96706.2,94780.2,96281.6
1740002400,96444.4,98760.4,96314.4,98137.3
1740088800,98216,99555.4,94737.8,95341.2
1740348000,95728.3,96558.4,93573.6,93985.1
1740434400,93596.6,93757,85941,88616.3
1740520800,89109.5,89398.6,82096.8,84345.1
1740607200,85076.8,87024.5,82565.8,84196.1
1740693600,84031.9,85109.7,78146,84168.4
1740952800,84168.4,94882.1,84168.4,85122.8
1741039200,85963.7,88950.6,81399,87374.8
1741125600,87544,90930,86304.6,90376.5
1741212000,90247.4,92817.7,87822.3,89472.4
1741298400,90481,91306.6,84587.8,86314.3
1741554000,82947.8,84070.4,77373.2,79371.6
1741640400,79042.8,83623,76567.6,82858.5
1741726800,83005.9,84485.5,80592.3,83128.4
1741813200,83218,84331.1,79914.2,80322.6
1741899600,80330.4,85332.6,80321,84188.6
1742158800,83051.4,84764.5,81974.8,83905.3
1742245200,84016.4,84259.7,81109.1,81981.2
1742331600,82020.4,85992.8,81906.7,85359.3
1742418000,85442,87506.1,83609.9,84512.4
1742504400,84528.1,84826.2,83108.2,84194.4
1742763600,85065.6,88772,84894.5,87886.8
1742850000,87886.2,88599,86324.3,87923.3
1742936400,88057.3,88344.8,85868.4,87193.5
1743022800,87229.8,87789.2,85786,87308
1743109200,87325.8,87752.4,83554.7,83769.8
1743368400,82571.5,83939.2,81257.6,82431.6
1743454800,82462,85517.5,82256.8,85264.5
1743541200,85181.8,88566,83911.8,85653.9
1743627600,85304.4,85345.4,81187.8,82320.6
1743714000,82310,84718.8,81630,84159
1743973200,78938.2,81217.2,74406.6,78812
1744059600,78832.2,80834.7,76249.2,77019.1
1744146000,77059.1,83191.3,74518.4,83118.2
1744232400,83132.3,83580.6,78415.8,79823.2
1744318800,79873,84196.2,78910.4,83833.1
1744578000,83136.2,85808.6,82999.4,84899.1
1744664400,84784.8,86505.6,83816,83978.2
1744750800,84038.8,85514.3,83098.8,84280.8
1744837200,84431,85492.2,83710.6,85118.3
1744923600,85087.2,85132.7,84312.1,84464.2
1745182800,85046.7,88544.2,84674,87305.5
1745269200,87233.8,91795.2,86884.4,91235.6
1745355600,91177,94740.8,91177,93737.1
1745442000,93752.3,93946.4,91728.6,93540
1745528400,93515.2,95886,92734,95027.8
1745787600,94253.6,95665.2,92823.2,94489.4
1745874000,94569.8,95491.8,94208.1,94893
1745960400,94889.2,95269.2,92906.6,94563
1746046800,94633.4,97517.6,93996.6,96489.8
1746133200,96590.6,97967.8,96188.8,97085
1746392400,95750.2,95759.6,93449,94250.8
1746478800,94445.8,95244.6,93364.1,94723.4
1746565200,94814.3,97743,94436.8,96783.2
1746651600,96751.4,102850,96718.9,102489.6
1746738000,102297,104378.5,102114.6,103204.4
1746997200,104253.5,105829.6,100732.3,102729.7
1747083600,102698,105018.3,101445.6,104562.9
1747170000,104516.5,104605.1,102610.3,103559.2
1747256400,103510,104208.3,101405.7,103463
1747342800,103251,104605,102732.2,103657.1
1747602000,104177.5,107209,102112,105485.1
1747688400,105403.5,107371.4,104238,106975.8
1747774800,107244.5,109906.8,105959.9,108255.3
1747861200,108139,112030.1,108104.5,111090
1747947600,111033,111844.4,107337.8,108238.6
1748206800,107741.5,110505.9,107220.2,109601.1
1748293200,109447,110820.6,107541.4,109590.8
1748379600,109525,109721.6,106760.2,107310.6
1748466000,107269.5,108973.7,105628,106152.2
1748552400,106268,106490.1,103662.9,104538
1748811600,105007.5,105986.4,103685.4,104912.8
1748898000,105039.5,106909.2,104637.5,105833.6
1748984400,105789.5,106077.2,104209.6,104638.7
1749070800,104603.5,105984.5,100410,100462.4
1749157200,101031.5,105452.9,100499.4,104589.6
1749416400,106268,108863,105396.4,108729.5
1749502800,108897,110716,108365.4,109994.3
1749589200,109867,110458.4,108455.2,108896.6
1749675600,108971,109279.2,105790.6,105946.8
1749762000,106162.5,106485.6,102737.6,105470.9
1750021200,104825,108948.7,104502,108799.5
1750107600,108725.5,108986.4,103378.3,104403.2
1750194000,104441,105608.2,103503.4,104848
1750280400,104722,105276.1,103917.2,104274.2
1750366800,104287,106561.8,102318.4,103686.5
1750626000,99509,103985.5,99019.2,103762
1750712400,103865.5,106386.8,103701.8,106174.1
1750798800,105893,108210.8,105786,107843.4
1750885200,107884,108345.2,106613.4,107821.5
1750971600,107743.5,107818.6,106411.4,107164.6
1751230800,107335.5,108820.6,106769.8,107544.9
1751317200,107519.5,107589.1,105249.2,105970
1751403600,105862.5,109826.4,105116.4,109231.6
1751490000,109217,110614.7,108570.7,109977.5
1751576400,110042,110120.3,107280.8,107744
1751835600,108752,109764.4,107505.5,107910.3
1751922000,107962.5,109241.8,107430.6,108699.6
1752008400,108737.5,112096.2,108342.1,110724.4
1752094800,111133.5,113913,110557.4,113644.6
1752181200,113693.5,118927.2,113666.4,117750.8
1752440400,119074,123272.3,118319.2,120386
1752526800,120174.5,120355.6,115738.6,116560.2
1752613200,116605,120043.3,116591.8,119980.4
1752699600,119982.5,120110.8,117479.4,119270.2
1752786000,119868.5,121039,116869.6,117518.2
1753045200,117974,119710.4,116535,117009.2
1753131600,117100.5,120278.6,116173.6,119841.2
1753218000,119739.5,120305.2,117345.8,118026.3
1753304400,118042,119564.4,117171.6,118772
1753390800,118814,118815.6,114737.3,117112.1
1753650000,118844.5,119856.8,117383.1,118002.6
1753736400,118171,119312.8,116896.6,117349.2
1753822800,117309,118796.4,115728.4,117073.6
1753909200,117088.5,118938.4,116409.6,116537.9
1753995600,116643.5,116920.1,113084.3,113885.8
1754254800,114407.5,115761.2,114052.8,114847.4
1754341200,114857.5,115387.5,112625.6,113592.2
1754427600,113759.5,115753.6,113297.2,115134.2
1754514000,115128.5,117627.8,114273.6,117235.6
1754600400,117306,117711.6,115887.2,116859.4
1754859600,118121,122312.8,118112,118886.6
1754946000,118848.5,120325.2,118075,120205.8
1755032400,120053,123062.2,118930.5,122997.6
1755118800,122839,124569.3,117220.2,117908.4
1755205200,118002.5,119349.2,116844.3,117377.5
1755464400,117735,118095,114703.2,116418.8
1755550800,116532,117053.2,112706,113514.6
1755637200,113542.5,114463.6,112346.8,114360.9
1755723600,114392,114813.6,111954.8,112472.2
1755810000,112065.5,117436,111655.2,116976
1756069200,112428.5,113688.9,109417,109758.6
1756155600,109534.5,111425.3,108699.5,111368.9
1756242000,111322,112672.4,110370.8,112412.4
1756328400,112344.5,113508.6,110873.2,111936.6
1756414800,111927,112665.6,107531.9,107856.6
1756674000,109038,109931.6,107267,108763.4
1756760400,108576.5,111794.2,107463.6,111409.9
1756846800,111377.5,112617.6,110559.9,112250.9
1756933200,112274.5,112315.5,109344.6,110377.5
1757019600,110445,113412.5,110205.9,111614.4
1757278800,111274.5,112962.8,110607,111991.6
1757365200,111959.5,113314.6,110758.6,111486.2
1757451600,111484.5,114383.1,110922.1,113684
1757538000,113737.5,114764,113457.9,114463.8
1757624400,114501.5,116818.2,114448.5,116194
1757883600,115893.5,116804.5,114430.2,115396.8
1757970000,115335.5,116978.5,114783,116920
1758056400,116932.5,117345,114741.5,115618
1758142800,115447,117987,115300.5,117602
1758229200,117494.5,117527.5,115130,115337
1758488400,115373,115626,111785.5,112895
1758574800,112834.5,113381.5,111481.5,111970
1758661200,111980,114020,111060,113594
1758747600,113552,113715,108658.5,109157.5
1758834000,109251,110376.5,108665,109376
1759093200,110886.5,114501.5,110678.5,114301
1759179600,114351,114879.5,112705.5,114659
1759266000,114790,118278,113780.5,117579.5
1759352400,117609,121119,117400,120721
1759438800,120634,124000.5,119340,122617
1759698000,122696,126306.5,122493.5,125310
1759784400,125223.5,125379.5,120660,122088
1759870800,122049.5,124238,121088.5,122945
1759957200,123130,123838.5,119719,121183.2
1760043600,121261.5,122594.2,112970,114533.8
1760302800,115155,116083.2,113728.6,115711.5
1760389200,115667,115943,109942.8,113011.2
1760475600,112909,113679.6,110200.8,111162.3
1760562000,111127.5,112028.4,107476.3,107858.8
1760648400,107940.5,109280.5,103510.6,107058.6
1760907600,108917.5,111759.6,107450.4,111038.5
1760994000,111119,114092.8,107496.2,110942
1761080400,110892,111181.6,106776.6,107655.2
1761166800,107349,111353.8,106737.4,109476.8
1761253200,109690.5,112153.8,109404,110863.2
1761512400,113396.5,116392.8,112934.5,114541
1761598800,114551,116118.8,112323.1,112845.4
1761685200,112730.5,113684.5,109229.8,111418.6
1761771600,111516.5,111826.3,106283.3,107507.6
1761858000,107479.5,111070.2,107391.4,109406
1762120800,109982,110752.1,105276.5,106817.3
1762207200,106490,107282.5,98900,100220.7
1762293600,100588,104543.8,98951.8,103631.3
1762380000,103446.5,104194,100255,101069.5
1762466400,101268.5,103886.6,99193.5,103808.2
1762725600,104364.5,106655.4,102213.2,105576.9
1762812000,105647,107512.2,102442.5,102684.5
1762898400,102555.5,105358.5,100784,101885
1762984800,101810.5,104028,97929.5,98773
1763071200,98842.3,100453,94134,95008
1763330400,93182.9,95961.5,91156,91806.5
1763416800,91743.6,93767.5,89193.5,92463
1763503200,92545.6,93378,88489,90563.5
1763589600,90350.8,93081,85986,87183
1763676000,87339.3,88162,80563.5,85104
1763935200,87776.2,89223.5,85211,88798.5
1764021600,88882.8,89095.5,86086.5,87017.5
1764108000,86674.4,90472,86284,90180
1764194400,90179.8,91953,90091,91433
1764280800,91435.2,93060.5,90227.5,90931
1764540000,91270.3,91373.5,83805.5,86452.5
1764626400,86641.4,92349,86210.5,91668.5
1764712800,91887.5,94006.5,91049,93697
1764799200,93549.1,94209.5,90921.5,92175
1764885600,92258.7,92737.5,88119.5,89168.5
1765144800,89920.4,92311,89015.5,91400.5
1765231200,91296.2,94657,89578,92703
1765317600,92690.2,94528,91598,92365
1765404000,92468.2,93603,89278.5,92959
1765490400,92957,93129,89489.5,90229.5
1765749600,88564.4,90050.5,85154,86214.5
1765836000,86023.3,88153,85263,87764.5
1765922400,87848,90340,85273,85966.5
1766008800,85927.8,89434,84385,85581
1766095200,85585.6,89362.5,85068,87749.5
1766354400,88154.4,90553,87865.5,88235.5
1766440800,88204,88906.5,86561,87670.5
1766527200,87637.6,87800.5,86342.5,87598
1766700000,87852.2,89510,86567.5,87393.5
1766959200,87506.1,90305,86702,87225
1767045600,87128.6,89336.5,86722,88193
1767132000,88305,89097,87094,87650.5
1767304800,88349,90960,88278,90029.5
1767564000,91341.8,94810,91092.5,94114.5
1767650400,94075.1,94449.5,91205,93259.5
1767736800,93345.6,93772,90595,91049
1767823200,90816.9,91571,89223.5,91231
1767909600,91212.9,91951.5,89605,90411
1768168800,90474,92428,90003.5,90954.5
1768255200,91150.4,94528,90946,94108
1768341600,94087.1,97967.5,94082.5,97442.5
1768428000,97454.4,97514,95115,95561
1768514400,95628,95849,94230.5,95489
1768773600,95397.4,95526,91875,92979.5
1768860000,92961,93030.5,89168.5,89410.5
1768946400,89451.9,90497,87166,90209.5
1769032800,90219.7,90326,88436.4,89191
1769119200,89153.2,91153.5,88465.5,89238.5
1769378400,86370.6,88789.5,85981.5,87975.5
1769464800,88025.4,89441,87199,88929
1769551200,89008.6,90467,88718.5,89263.5
1769637600,89274.4,89353.5,83237.5,84363.5
1769724000,84458.9,84598.5,81026,84247.5
1769983200,76816,79289,74522.5,78437
1770069600,78579.6,79146.5,72839,76145
1770156000,76105.2,76892,72039.5,72636.5
1770242400,72166.4,73530.5,62215,63160
1770328800,63175.4,71481,59935.8,70306.5
1770588000,70727.4,72226.5,68264.5,70360.5
1770674400,70313.7,70709,67861.5,68591.5
1770760800,68722.5,69267.5,65712.5,67792.5
1770847200,67707,68402,65069.5,65755.5
1770933600,65807.8,69413.5,65584,68800.5
1771192800,68852.1,70104,67249,68902.5
1771279200,68753.1,69210.5,66556,67645
1771365600,67614.2,68448.5,65833,66316
1771452000,66275.4,67316.5,65613.5,66913.5
1771538400,66744.6,68312.5,66436.5,67784
1771797600,67542.4,67742,63858,64551.5
1771884000,64760.8,65012.5,62536.5,64045.5
1771970400,64187.6,70021.5,63849.5,68923
1772056800,69068.8,69214.5,66500.5,67453
1772143200,67483.4,68241.5,65118,65537.5
1772402400,65750.5,70133,65059,69440
1772488800,69356.2,69540,66162,68061
1772575200,68311.6,74074.5,67404,73367.5
1772661600,73471,73601,70659.5,71171.5
1772748000,71180.9,71438.5,67748.5,68332
1773003600,67204.4,69534.5,65609,69046
1773090000,69106.4,71803.5,68394.5,70262
1773176400,70307.8,71366.5,68993.5,70718
1773262800,70749.7,70990.5,69229.5,70191.5
1773349200,70323.2,73938.5,70037,71350.5
1773608400,71698.4,74529.5,71639.5,74251
1773694800,74464.2,76003.5,73405.5,74575.5
1773781200,74560.1,74839,70475,71234.5
1773867600,71305,71619.5,68757,70513.5
1773954000,70548.2,71381,69367,70033
1774213200,68090.8,71815,67344.5,70900.5
1774299600,70854.4,71396.5,68902.5,70056.5
1774386000,70150.3,72027,69865,70977.5
1774472400,71002.1,71596.5,68103.5,68954
1774558800,68852.1,69158,65523.5,65990
1774818000,66542.4,68110.5,64962,66601.5
1774904400,66555.5,68530.5,65934.5,68210.5
1774990800,67952,69289,67544.5,68186.5
1775077200,68235.8,68677.5,65698,66941.5
1775163600,66887.6,67372.5,66275.5,66829
1775422800,66829,70363.5,66829,69831.5
1775509200,69750,69774.5,67722.5,69313.5
1775595600,69367.8,72861,69354.2,71378.5
1775682000,71378.5,72592,70472,72419
1775768400,72478.9,73476,71439,73405.5
1776027600,71433.9,73537.5,70520,73256.5
1776114000,73134.3,76126.5,73116.5,74095.5
1776200400,74325.4,75311.5,73553,74876.5
1776286800,74876.5,75545,73335,75253
1776373200,75188.2,78358.5,74563.5,77400.5
1776632400,74710.2,76597.5,73745.5,76311
1776718800,76297.8,76923,74836.5,75767.5
1776805200,75728.2,79523.5,75310,78448.5
1776891600,78448.5,78869.5,76988,77895.5
1776978000,77895.5,78598.5,77353,77753.5
1777237200,77753.5,79500.5,76454.5,76988.5
1777323600,76916.8,77499,75653.5,76459
1777410000,76459,77903,74912.5,75697
1777496400,75633,76645.5,75291.5,76466.5
1777582800,76485.8,78938,76175.5,77882.5
1777842000,77882.5,80768.5,77882.5,79936.5
1777928400,80016.4,81789.5,79737.5,81663
1778014800,81679.5,82824.5,80721.5,81407
1778101200,81457.6,81723.5,79493.5,79860.5
1778187600,79860.5,80500,79179,80123.5
1778446800,80788.4,82469.5,80419.5,81803.5
1778533200,81869.1,81968,79813,80690.5
1778619600,80690.5,81308.5,78700.5,79702
1778706000,79702,82058.5,78897.5,81391.5
1778792400,81391.5,81666.5,78596.5,79079.5
1779051600,78218.6,78458.5,75999,76852.5
1779138000,76852.5,77351,76065.5,76966.5
1779224400,76925.8,77795.5,76436.5,77669.5
1779310800,77669.5,78118.5,76638.5,77651.5
1779397200,77695,77844.5,75582,75890.5
1779656400,76615.7,77821.5,76009.5,77206.5
1779742800,77267.8,78011.5,75651.5,75990
1779829200,75915.6,76037.5,74537.5,75156.5
1779915600,75069.6,75155,72465.5,73464.5
1780002000,73470.1,74239.5,72392.5,73559
1780261200,73622.8,74105.5,70556,71353.5
1780347600,71320.8,71493.5,66305,67512.5
1780434000,67481.2,67822,64664,64892
1780520400,65180.4,65767.5,61315.5,63568.5
1780606800,63696.1,63915,59106.5,61655
1780866000,61672.9,64196.5,61631,63434
1780952400,63591.5,63842,60733.5,62079
1781038800,62017,62807,60739.5,61724.5
1781125200,61689.4,63875.5,61031.5,63345.5
1781211600,63345.5,64359.5,62756.5,63423.5
1781470800,63423.5,67256.5,63423.5,66479
1781557200,66474.4,66948.5,65305.5,65793.5
1781643600,65789,66398,64008,64375
1781730000,64290.1,64758,62174.5,63018
1781816400,63019.5,63360.5,62251.5,63207.5
1782075600,63740.8,65551.5,63199.5,64372.5
1782162000,64372.5,64431.5,61857.5,62369.5
1782248400,62494,63131.5,59013,60887.5
1782334800,60675.8,61873,58024,59292
1782421200,59410.8,60661,58242,59647
1782680400,59566.9,60703,58794.5,60209.5
1782766800,60193.5,60498,58079,58671
1782853200,58630.4,60452,57731.5,60066.5
1782939600,60110.8,62146.5,59509.5,61526.5
1783026000,61473.6,62838,61160.5,62691
1783285200,62620.6,63945,61269.5,63810.5
1783371600,63775,64654.5,62600,63638.5
1783458000,63638.5,63851.5,61479,62057.5
1783544400,62054.4,63451,61637,63260.5
1783630800,63330.2,64672.5,62886,63799
1783890000,64186.6,64397,61737.5,62132
1783976400,62123.6,64883.5,61802.5,64552.5
1784062800,64552.5,65548.5,64436,64930.5
1784149200,64982.2,64982.2,63798,64094.5
1784235600,64086,64362,62462,64095.5
1784494800,64095.5,65753.5,63700.5,65312
1784581200,65289.3,66931.5,65048.8,66370
1784667600,66301.4,66704.5,65492,65878.5
1784754000,65895.6,66284,64590.5,65091.5
1784840400,65097.8,65759,63657.5,64098
1785099600,64098,65683.5,64098,64898.5
1785186000,64898.5,64898.5,62675.5,63847.5
1785272400,63891.2,64656.5,63299.5,63403
1785358800,63277.8,65100.5,63190,64719.5
1785445200,64719.5,65344.5,62361.5,62886.5
1785704400,63490.8,64037,62203,63747.5
1785790800,63677.2,64370.5,63262.5,64293
1785877200,64278.8,64768,63817.5,64630