time,open,high,low,close
1258495200,122.537,122.637,122.215,122.442
1258581600,122.442,122.781,122.343,122.668
1258668000,122.668,122.965,122.476,122.853
1258927200,122.853,122.853,122.491,122.688
1259013600,122.688,123.024,122.688,123.014
1259100000,123.014,123.085,122.72,122.979
1259186400,122.979,123.925,122.979,123.875
1259272800,123.875,124.229,123.463,123.8
1259532000,123.8,123.892,123.559,123.755
1259618400,123.755,123.903,123.445,123.549
1259704800,123.549,123.697,123.34,123.424
1259791200,123.424,123.512,122.994,123.379
1259877600,123.379,123.531,122.637,122.854
1260136800,122.854,123.19,122.74,123.13
1260223200,123.13,123.849,123.039,123.468
1260309600,123.468,123.848,123.347,123.477
1260396000,123.477,123.576,123.055,123.235
1260482400,123.235,123.235,122.674,122.984
1260741600,122.984,123.25,122.73,123.029
1260828000,123.029,123.209,122.488,122.638
1260914400,122.638,123.107,122.226,122.736
1261000800,122.736,123.656,122.736,123.556
1261087200,123.556,123.775,123.415,123.554
1261346400,123.554,123.641,122.959,122.999
1261432800,122.999,122.999,122.328,122.437
1261519200,122.437,122.447,121.786,121.896
1261951200,121.896,121.896,121.379,121.598
1262037600,121.598,121.728,121.357,121.607
1262124000,121.607,121.666,121.135,121.315
1262556000,121.315,121.509,120.929,121.348
1262642400,121.348,121.687,121.187,121.517
1262728800,121.517,121.566,121.236,121.335
1262815200,121.335,121.574,121.195,121.484
1262901600,121.484,121.923,121.273,121.513
1263160800,121.513,121.869,121.259,121.769
1263247200,121.769,122.318,121.769,122.177
1263333600,122.177,122.326,121.936,122.046
1263420000,122.046,122.465,121.955,122.325
1263506400,122.325,122.734,122.314,122.653
1263765600,122.653,122.85,122.62,122.799
1263852000,122.799,122.919,122.358,122.558
1263938400,122.558,123.187,122.558,123.027
1264024800,123.027,123.406,122.685,123.365
1264111200,123.365,123.555,123.094,123.414
1264370400,123.414,123.414,122.98,123.28
1264456800,123.28,123.569,123.219,123.288
1264543200,123.288,123.667,123.027,123.197
1264629600,123.197,123.526,122.866,123.415
1264716000,123.415,123.754,123.004,123.694
1264975200,123.694,123.694,123.4,123.51
1265061600,123.51,123.629,123.229,123.508
1265148000,123.508,123.508,123.007,123.137
1265234400,123.137,123.996,123.046,123.986
1265320800,123.986,124.574,123.825,124.294
1265580000,124.294,124.341,123.92,124.09
1265666400,124.09,124.099,123.258,123.478
1265752800,123.478,123.747,123.017,123.287
1265839200,123.287,123.406,122.956,123.075
1265925600,123.075,123.664,123.075,123.454
1266184800,123.454,123.6,123.35,123.5
1266271200,123.5,123.728,123.239,123.648
1266357600,123.648,123.648,123.347,123.377
1266444000,123.377,123.446,122.895,123.105
1266530400,123.105,123.105,122.584,122.724
1266789600,122.724,122.92,122.56,122.909
1266876000,122.909,123.888,122.699,123.868
1266962400,123.868,124.177,123.657,124.117
1267048800,124.117,124.456,124.106,124.365
1267135200,124.365,124.514,124.104,124.374
1267394400,124.374,124.46,124.07,124.43
1267480800,124.43,124.43,123.949,124.358
1267567200,124.358,124.358,123.977,124.117
1267653600,124.117,124.445,123.876,124.305
1267740000,124.305,124.385,123.934,124.154
1267999200,124.154,124.209,123.862,124.049
1268085600,124.049,124.614,124.049,124.416
1268172000,124.416,124.457,124.159,124.277
1268258400,124.277,124.277,123.739,124.036
1268344800,124.036,124.214,123.599,124.09
1268600400,124.09,124.258,124.007,124.179
1268686800,124.179,124.709,123.916,124.566
1268773200,124.566,124.817,124.394,124.589
1268859600,124.589,124.832,124.411,124.44
1268946000,124.44,124.693,124.29,124.554
1269205200,124.554,125.062,124.501,124.945
1269291600,124.945,125.134,124.886,124.999
1269378000,124.999,125.11,124.567,124.577
1269464400,124.577,124.68,123.834,124.003
1269550800,124.003,124.171,123.89,124.107
1269810000,124.107,124.372,123.861,124.226
1269896400,124.226,124.544,123.996,124.512
1269982800,124.512,124.731,124.393,124.615
1270069200,124.615,124.691,124.322,124.668
1270501200,124.668,124.668,123.642,124.025
1270587600,124.025,124.492,123.917,124.461
1270674000,124.461,124.67,124.343,124.353
1270760400,124.353,124.416,123.755,123.861
1271019600,123.861,123.861,123.103,123.718
1271106000,123.718,124.108,123.598,123.983
1271192400,123.983,124.222,123.743,123.925
1271278800,123.925,124.339,123.811,124.099
1271365200,124.099,124.668,124.099,124.615
1271624400,124.615,124.763,124.462,124.482
1271710800,124.482,124.605,124.249,124.383
1271797200,124.383,124.715,124.215,124.587
1271883600,124.587,125.138,124.468,124.761
1271970000,124.761,124.934,124.378,124.753
1272229200,124.753,125.1,124.529,124.861
1272315600,124.861,126.081,124.792,126.071
1272402000,126.071,126.242,125.022,125.399
1272488400,125.399,125.472,124.933,125.231
1272574800,125.231,125.597,125.001,125.474
1272834000,125.474,125.474,124.903,125.029
1272920400,125.029,126.439,125.029,126.298
1273006800,126.298,127.199,126.048,127.084
1273093200,127.084,128.583,126.33,128.271
1273179600,128.271,128.271,127.033,127.63
1273438800,127.63,127.63,125.456,126.03
1273525200,126.03,126.792,126.03,126.182
1273611600,126.182,126.435,125.912,126.034
1273698000,126.034,126.558,125.835,126.558
1273784400,126.558,127.296,126.429,127.102
1274043600,127.102,127.37,126.604,126.797
1274130000,126.797,128.184,126.638,128.063
1274216400,128.063,128.206,127.399,127.875
1274302800,127.875,128.924,127.535,128.709
1274389200,128.709,129.298,128.43,128.701
1274648400,128.701,129.174,128.576,128.656
1274734800,128.656,129.807,128.656,129.459
1274821200,129.459,129.466,128.834,129.09
1274907600,129.09,129.09,128.321,128.351
1274994000,128.351,129.066,128.323,128.813
1275253200,128.813,128.993,128.668,128.839
1275339600,128.839,129.561,128.464,128.84
1275426000,128.84,129.278,128.725,128.752
1275512400,128.752,128.886,128.219,128.764
1275598800,128.764,129.7,128.614,129.596
1275858000,129.596,129.72,129.279,129.699
1275944400,129.699,130.168,129.357,129.796
1276030800,129.796,129.955,129.313,129.634
1276117200,129.634,129.634,128.609,128.669
1276203600,128.669,129.529,128.628,129.398
1276462800,129.398,129.398,128.63,129.15
1276549200,129.15,129.359,128.247,128.346
1276635600,128.346,128.915,128.134,128.504
1276722000,128.504,128.753,128.102,128.521
1276808400,128.521,128.62,127.748,127.928
1277067600,127.928,127.928,127.32,127.79
1277154000,127.79,128.659,127.668,128.608
1277240400,128.608,128.867,128.386,128.696
1277326800,128.696,129.355,128.595,129.104
1277413200,129.104,129.343,128.972,129.051
1277672400,129.051,129.575,128.855,129.474
1277758800,129.474,130.044,129.474,129.762
1277845200,129.762,129.86,129.399,129.639
1277931600,129.639,129.828,129.157,129.597
1278018000,129.597,129.786,129.224,129.594
1278277200,129.594,129.988,129.508,129.867
1278363600,129.867,129.867,129.214,129.554
1278450000,129.554,129.733,129.241,129.241
1278536400,129.241,129.52,128.818,129.018
1278622800,129.018,129.227,128.646,128.975
1278882000,128.975,129.59,128.909,129.398
1278968400,129.398,129.617,128.805,128.845
1279054800,128.845,129.234,128.714,129.023
1279141200,129.023,129.162,128.32,128.85
1279227600,128.85,129.529,128.558,129.358
1279486800,129.358,129.672,128.711,128.8
1279573200,128.8,129.269,128.738,128.907
1279659600,128.907,129.425,128.716,129.375
1279746000,129.375,129.554,128.652,128.872
1279832400,128.872,129.031,127.969,128.019
1280091600,128.019,128.383,127.691,127.961
1280178000,127.961,127.961,127.479,127.718
1280264400,127.718,128.157,127.557,128.096
1280350800,128.096,128.384,127.885,128.244
1280437200,128.244,128.762,128.244,128.681
1280696400,128.681,128.681,128.184,128.313
1280782800,128.313,129.382,128.313,129.242
1280869200,129.242,129.56,129.17,129.239
1280955600,129.239,129.847,129.138,129.777
1281042000,129.777,130.235,129.525,130.224
1281301200,130.224,130.224,130.047,130.067
1281387600,130.067,130.665,129.885,130.564
1281474000,130.564,131.313,130.483,131.212
1281560400,131.212,131.47,130.971,131.139
1281646800,131.139,131.608,131.008,131.567
1281906000,131.567,132.36,131.44,132.31
1281992400,132.31,132.31,131.697,131.787
1282078800,131.787,132.365,131.736,132.144
1282165200,132.144,132.672,131.833,132.592
1282251600,132.592,133.07,132.43,132.799
1282510800,132.799,132.932,132.642,132.891
1282597200,132.891,134.3,132.87,133.839
1282683600,133.839,134.767,133.547,133.886
1282770000,133.886,134.385,133.705,134.244
1282856400,134.244,134.572,133.281,133.481
1283115600,133.481,134.463,133.481,134.443
1283202000,134.443,134.792,134.372,134.56
1283288400,134.56,134.56,133.038,133.308
1283374800,133.308,133.446,132.455,132.645
1283461200,132.645,132.834,131.743,131.932
1283720400,131.932,132.406,131.866,132.144
1283806800,132.144,133.145,132.14,133.132
1283893200,133.132,133.537,132.483,132.732
1283979600,132.732,133.068,131.819,131.959
1284066000,131.959,132.246,131.31,131.449
1284325200,131.449,131.505,130.825,131.434
1284411600,131.434,132.078,131.336,131.873
1284498000,131.873,131.873,131.101,131.121
1284584400,131.121,131.326,130.463,130.641
1284670800,130.641,131.448,130.31,131.06
1284930000,131.06,131.06,130.453,130.712
1285016400,130.712,131.423,130.411,131.393
1285102800,131.393,132.156,131.393,131.862
1285189200,131.862,132.739,131.623,132.492
1285275600,132.492,132.816,131.814,131.912
1285534800,131.912,132.766,131.896,132.724
1285621200,132.724,133.08,132.402,132.96
1285707600,132.96,133.104,132.528,132.824
1285794000,132.824,133.261,132.016,132.537
1285880400,132.537,132.611,131.658,132.3
1286139600,132.3,132.871,132.3,132.778
1286226000,132.778,133.153,132.281,132.349
1286312400,132.349,133.062,132.302,132.807
1286398800,132.807,132.841,132.333,132.581
1286485200,132.581,132.819,132.056,132.535
1286744400,132.535,132.739,132.304,132.539
1286830800,132.539,133.236,132.245,132.373
1286917200,132.373,132.55,132.064,132.499
1287003600,132.499,132.683,131.81,131.839
1287090000,131.839,132.111,131.151,131.241
1287349200,131.241,131.526,131.138,131.235
1287435600,131.235,131.48,130.672,131.19
1287522000,131.19,131.193,130.545,130.672
1287608400,130.672,130.766,130.106,130.174
1287694800,130.174,130.548,130.106,130.431
1287954000,130.431,130.651,130.223,130.416
1288040400,130.416,130.439,129.833,129.868
1288126800,129.868,129.962,129.143,129.27
1288213200,129.27,129.755,129.21,129.466
1288299600,129.466,130.077,129.45,130.014
1288558800,130.014,130.585,129.715,130.209
1288645200,130.209,130.631,130.112,130.305
1288731600,130.305,130.844,130.208,130.521
1288818000,130.521,131.261,129.84,131.048
1288904400,131.048,131.371,130.446,130.761
1289167200,130.761,131.202,130.722,130.897
1289253600,130.897,131.392,130.3,130.36
1289340000,130.36,130.951,129.979,130.626
1289426400,130.626,131.091,130.354,130.54
1289512800,130.54,131.036,129.465,129.512
1289772000,129.512,129.515,128.686,128.776
1289858400,128.776,129.217,128.303,128.751
1289944800,128.751,129.024,128.423,128.596
1290031200,128.596,128.596,127.601,127.859
1290117600,127.859,128.072,127.597,127.734
1290376800,127.734,128.412,127.367,128.311
1290463200,128.311,129.161,128.303,128.887
1290549600,128.887,129.41,127.67,127.67
1290636000,127.67,128.094,127.398,127.566
1290722400,127.566,128.249,127.334,127.481
1290981600,127.481,127.593,126.824,127.256
1291068000,127.256,128.165,127.256,128.012
1291154400,128.012,128.046,126.728,126.857
1291240800,126.857,127.107,126.359,126.452
1291327200,126.452,126.636,125.9,126.197
1291586400,126.197,126.706,126.197,126.603
1291672800,126.603,126.69,125.269,125.38
1291759200,125.38,125.686,124.844,125.232
1291845600,125.232,125.969,125.068,125.808
1291932000,125.808,125.956,125.318,125.328
1292191200,125.328,125.599,124.957,125.588
1292277600,125.588,125.588,124.346,124.466
1292364000,124.466,124.943,124.342,124.58
1292450400,124.58,124.927,124.353,124.904
1292536800,124.904,125.561,124.77,125.47
1292796000,125.47,125.892,125.22,125.529
1292882400,125.529,125.843,125.305,125.813
1292968800,125.813,126.15,125.538,125.977
1293055200,125.977,126.213,125.599,125.678
1293400800,125.678,125.724,124.86,125.439
1293487200,125.439,125.956,124.91,124.97
1293573600,124.97,125.877,124.97,125.796
1293660000,125.796,126.062,125.592,125.981
1294005600,125.981,126.445,125.713,126.293
1294092000,126.293,126.628,125.938,126.456
1294178400,126.456,126.964,125.637,125.737
1294264800,125.737,126.373,125.502,126.271
1294351200,126.271,126.807,125.765,126.645
1294610400,126.645,126.869,126.386,126.614
1294696800,126.614,126.871,126.097,126.326
1294783200,126.326,126.333,124.956,125.125
1294869600,125.125,125.361,124.649,125.309
1294956000,125.309,125.544,124.864,125.021
1295215200,125.021,125.343,124.823,125.05
1295301600,125.05,125.097,124.312,124.581
1295388000,124.581,124.725,124.196,124.645
1295474400,124.645,124.832,123.807,124.046
1295560800,124.046,124.183,123.69,124.039
1295820000,124.039,124.34,123.801,124.118
1295906400,124.118,124.636,124.005,124.412
1295992800,124.412,124.419,123.754,123.793
1296079200,123.793,124.071,123.507,123.746
1296165600,123.746,124.151,123.441,124.03
1296424800,124.03,124.193,123.699,123.738
1296511200,123.738,123.755,123.122,123.291
1296597600,123.291,123.526,122.914,123.053
1296684000,123.053,123.559,122.86,123.327
1296770400,123.327,123.382,122.8,122.869
1297029600,122.869,123.119,122.622,122.998
1297116000,122.998,123.316,122.741,122.801
1297202400,122.801,123.068,122.485,122.774
1297288800,122.774,123.161,122.467,122.527
1297375200,122.527,123.183,122.527,122.76
1297634400,122.76,123.033,122.573,122.73
1297720800,122.73,122.943,122.485,122.943
1297807200,122.943,123.579,122.78,123.376
1297893600,123.376,123.971,123.263,123.94
1297980000,123.94,124.017,123.124,123.423
1298239200,123.423,123.952,123.376,123.952
1298325600,123.952,124.459,123.952,124.315
1298412000,124.315,124.54,124.081,124.258
1298498400,124.258,124.685,124.243,124.391
1298584800,124.391,124.465,124.058,124.434
1298844000,124.434,124.577,124.016,124.223
1298930400,124.223,124.369,123.838,124.316
1299016800,124.316,124.533,123.719,123.729
1299103200,123.729,123.729,122.693,122.772
1299189600,122.772,123.355,122.587,123.335
1299448800,123.335,123.34,122.729,123.119
1299535200,123.119,123.28,122.802,122.831
1299621600,122.831,123.14,122.804,123.048
1299708000,123.048,123.638,123.048,123.538
1299794400,123.538,123.997,123.535,123.654
1300050000,123.654,123.849,123.009,123.497
1300136400,123.497,125.007,123.497,124.199
1300222800,124.199,125.216,123.95,125.012
1300309200,125.012,125.012,123.989,124.239
1300395600,124.239,124.474,123.784,123.951
1300654800,123.951,123.951,123.292,123.44
1300741200,123.44,123.44,122.978,123.293
1300827600,123.293,123.737,123.225,123.591
1300914000,123.591,123.907,123.162,123.232
1301000400,123.232,123.312,122.856,122.935
1301259600,122.935,122.982,122.554,122.91
1301346000,122.91,122.943,122.28,122.319
1301432400,122.319,122.546,122.222,122.526
1301518800,122.526,122.659,122.101,122.198
1301605200,122.198,122.198,121.754,122.173
1301864400,122.173,122.179,121.82,122.077
1301950800,122.077,122.198,121.78,121.87
1302037200,121.87,121.912,121.452,121.482
1302123600,121.482,121.752,121.23,121.558
1302210000,121.558,121.558,120.862,120.978
1302469200,120.978,121.042,120.725,120.802
1302555600,120.802,121.425,120.802,121.361
1302642000,121.361,121.64,121.039,121.608
1302728400,121.608,121.941,121.391,121.402
1302814800,121.402,122.062,121.402,122.031
1303074000,122.031,123.377,121.903,123.203
1303160400,123.203,123.418,122.609,122.866
1303246800,122.866,122.866,122.413,122.619
1303333200,122.619,123.131,122.4,122.986
1303765200,122.986,123.233,122.896,123.231
1303851600,123.231,123.231,122.524,122.753
1303938000,122.753,123.414,122.745,123.2
1304024400,123.2,123.59,123.092,123.557
1304283600,123.557,123.557,123.074,123.441
1304370000,123.441,123.515,123.096,123.335
1304456400,123.335,123.359,122.681,122.908
1304542800,122.908,123.907,122.588,123.806
1304629200,123.806,124.455,123.508,124.283
1304888400,124.283,124.902,124.014,124.678
1304974800,124.678,124.682,124.301,124.341
1305061200,124.341,124.749,124.01,124.657
1305147600,124.657,124.909,124.312,124.381
1305234000,124.381,125.03,124.223,124.817
1305493200,124.817,124.979,124.383,124.57
1305579600,124.57,124.818,124.21,124.725
1305666000,124.725,124.825,124.369,124.428
1305752400,124.428,124.536,124.036,124.503
1305838800,124.503,125.122,124.414,124.959
1306098000,124.959,125.58,124.959,125.383
1306184400,125.383,125.406,124.94,125.207
1306270800,125.207,125.45,125.077,125.182
1306357200,125.182,125.787,124.944,125.767
1306443600,125.767,125.975,125.516,125.761
1306702800,125.761,125.909,125.652,125.785
1306789200,125.785,125.785,125.144,125.399
1306875600,125.399,125.994,125.071,125.963
1306962000,125.963,126.076,125.399,125.487
1307048400,125.487,126.117,125.104,125.252
1307307600,125.252,125.726,125.234,125.595
1307394000,125.595,125.61,124.726,125.006
1307480400,125.006,125.354,124.884,125.323
1307566800,125.323,125.792,125.05,125.379
1307653200,125.379,126.349,125.379,126.268
1307912400,126.268,126.449,126.098,126.176
1307998800,126.176,126.274,125.651,125.971
1308085200,125.971,126.68,125.799,126.609
1308171600,126.609,126.948,126.457,126.856
1308258000,126.856,126.884,126.252,126.511
1308517200,126.511,126.902,126.289,126.419
1308603600,126.419,126.547,126.035,126.145
1308690000,126.145,126.683,126.002,126.431
1308776400,126.431,127.521,126.431,127.249
1308862800,127.249,127.837,127.027,127.777
1309122000,127.777,127.857,127.063,127.133
1309208400,127.133,127.352,126.438,126.488
1309294800,126.488,126.606,125.874,126.123
1309381200,126.123,126.351,125.529,125.829
1309467600,125.829,126.086,125.485,125.775
1309726800,125.775,126.025,125.674,125.823
1309813200,125.823,126.23,125.66,126.11
1309899600,126.11,126.888,125.887,126.597
1309986000,126.597,126.774,126.032,126.312
1310072400,126.312,127.742,126.09,127.681
1310331600,127.681,129.593,127.591,129.352
1310418000,129.352,131.143,128.818,129.238
1310504400,129.238,129.536,128.433,128.773
1310590800,128.773,129.091,128.41,128.669
1310677200,128.669,129.507,128.647,129.236
1310936400,129.236,129.947,129.216,129.554
1311022800,129.554,129.733,128.821,129.44
1311109200,129.44,129.44,128.275,128.514
1311195600,128.514,128.514,127.069,127.178
1311282000,127.178,128.007,126.576,127.745
1311541200,127.745,128.625,127.736,128.264
1311627600,128.264,128.722,127.932,128.651
1311714000,128.651,129.649,128.479,129.428
1311800400,129.428,130.036,129.295,129.754
1311886800,129.754,130.861,129.754,130.831
1312146000,130.831,131.521,130.041,131.37
1312232400,131.37,132.387,131.328,132.337
1312318800,132.337,132.775,131.573,131.822
1312405200,131.822,133.42,131.409,133.359
1312491600,133.359,133.908,130.653,130.993
1312750800,130.993,133.824,130.693,133.633
1312837200,133.633,134.08,132.339,133.319
1312923600,133.319,134.656,132.756,134.556
1313010000,134.556,134.653,132.891,133.3
1313096400,133.3,133.919,132.617,133.176
1313355600,133.176,133.235,132.566,132.823
1313442000,132.823,133.88,132.61,133.5
1313528400,133.5,134.457,133.448,134.266
1313614800,134.266,136.334,134.266,135.613
1313701200,135.613,136.261,135.1,135.508
1313960400,135.508,135.908,134.807,135.426
1314046800,135.426,135.533,134.693,135.151
1314133200,135.151,135.389,134.307,134.327
1314219600,134.327,135.064,133.935,134.853
1314306000,134.853,135.89,134.721,135.339
1314565200,135.339,135.339,134.217,134.406
1314651600,134.406,135.643,134.344,135.132
1314738000,135.132,135.319,134.328,134.418
1314824400,134.418,135.564,134.246,135.524
1314910800,135.524,136.991,135.524,136.88
1315170000,136.88,138.747,136.88,138.737
1315256400,138.737,138.864,137.654,138.283
1315342800,138.283,138.558,137.812,138.278
1315429200,138.278,139.186,138.085,138.692
1315515600,138.692,140.134,138.449,139.776
1315774800,139.776,140.458,139.776,139.975
1315861200,139.975,140.744,139.266,139.518
1315947600,139.518,140.066,138.304,138.564
1316034000,138.564,138.706,136.858,137.905
1316120400,137.905,138.566,137.417,138.491
1316379600,138.491,139.415,138.491,139.156
1316466000,139.156,139.814,138.858,139.347
1316552400,139.347,139.579,138.809,139.579
1316638800,139.579,140.708,139.579,140.235
1316725200,140.235,140.807,139.071,139.353
1316984400,139.353,139.938,138.377,138.44
1317070800,138.44,138.44,137.019,137.488
1317157200,137.488,137.772,136.469,137.134
1317243600,137.134,137.494,136.612,137.133
1317330000,137.133,138.239,136.909,138.173
1317589200,138.173,139.482,138.173,139.462
1317675600,139.462,140.173,139.221,139.39
1317762000,139.39,139.632,138.137,138.248
1317848400,138.248,138.648,137.108,137.247
1317934800,137.247,137.538,136.354,137.145
1318194000,137.145,137.145,135.601,135.75
1318280400,135.75,136.183,135.583,135.709
1318366800,135.709,136.032,134.299,134.629
1318453200,134.629,135.892,134.347,135.385
1318539600,135.385,135.677,134.403,134.457
1318798800,134.457,136.029,133.992,135.916
1318885200,135.916,136.898,135.847,136.147
1318971600,136.147,136.48,135.34,136.388
1319058000,136.388,136.945,135.621,136.377
1319144400,136.377,136.791,135.496,135.712
1319403600,135.712,136.454,135.33,135.538
1319490000,135.538,136.287,135.034,136.262
1319576400,136.262,136.92,135.596,135.899
1319662800,135.899,135.899,133.987,134.117
1319749200,134.117,134.865,133.714,134.65
1320008400,134.65,137.454,134.65,137.403
1320094800,137.403,139.307,137.403,138.99
1320181200,138.99,138.99,137.9,138.285
1320267600,138.285,139.091,137.154,137.319
1320354000,137.319,138.65,137.048,138.615
1320616800,138.615,139.144,138.154,138.46
1320703200,138.46,138.862,137.666,137.746
1320789600,137.746,139.914,137.677,139.783
1320876000,139.783,140.166,138.476,138.888
1320962400,138.888,138.989,137.462,137.722
1321221600,137.722,139.187,137.52,138.923
1321308000,138.923,139.542,138.693,138.861
1321394400,138.861,139.454,138.361,138.77
1321480800,138.77,139.219,137.609,138.397
1321567200,138.397,138.439,136.585,137.072
1321826400,137.072,138.042,137.02,137.49
1321912800,137.49,137.796,137.049,137.559
1321999200,137.559,138.091,135.557,135.874
1322085600,135.874,135.874,134.631,135.303
1322172000,135.303,135.654,134.304,134.55
1322431200,134.55,134.71,133.542,134.558
1322517600,134.558,134.558,133.15,133.897
1322604000,133.897,134.644,133.503,133.876
1322690400,133.876,135.327,133.687,135.207
1322776800,135.207,135.72,134.633,135.616
1323036000,135.616,135.616,134.095,134.453
1323122400,134.453,134.995,134.062,134.893
1323208800,134.893,136.28,134.61,135.77
1323295200,135.77,137.07,135.249,137.01
1323381600,137.01,137.19,135.368,135.378
1323640800,135.378,136.897,135.286,136.667
1323727200,136.667,136.976,136.036,136.966
1323813600,136.966,138.146,136.675,137.986
1323900000,137.986,138.275,137.495,138.015
1323986400,138.015,138.925,137.664,138.664
1324245600,138.664,138.753,138.142,138.462
1324332000,138.462,138.462,137.451,137.661
1324418400,137.661,138.14,136.75,137.72
1324504800,137.72,137.96,137.209,137.809
1324591200,137.809,137.999,137.508,137.518
1324936800,137.518,138.676,137.518,138.055
1325023200,138.055,138.555,137.795,138.335
1325109600,138.335,139.014,138.184,138.734
1325196000,138.734,139.184,138.654,139.004
1325455200,139.004,139.372,138.141,138.281
1325541600,138.281,138.53,137.84,138.23
1325628000,138.23,138.53,137.819,138.009
1325714400,138.009,139.029,137.749,138.659
1325800800,138.659,139.048,138.328,138.988
1326060000,138.988,139.166,138.536,138.956
1326146400,138.956,139.095,138.475,138.705
1326232800,138.705,139.484,138.544,139.304
1326319200,139.304,139.484,138.994,139.133
1326405600,139.133,140.273,138.773,139.893
1326664800,139.893,140.201,139.741,140.03
1326751200,140.03,140.03,139.28,139.859
1326837600,139.859,140.049,139.429,139.609
1326924000,139.609,139.788,138.878,139.078
1327010400,139.078,139.078,137.897,138.007
1327269600,138.007,138.485,137.284,137.534
1327356000,137.534,137.934,137.214,137.493
1327442400,137.493,138.443,137.213,138.063
1327528800,138.063,138.952,137.912,138.882
1327615200,138.882,139.292,138.552,139.011
1327874400,139.011,139.799,139.011,139.589
1327960800,139.589,139.918,139.109,139.898
1328047200,139.898,139.898,139.017,139.197
1328133600,139.197,139.817,138.907,139.437
1328220000,139.437,139.616,138.156,138.276
1328479200,138.276,139.164,138.276,138.943
1328565600,138.943,139.153,137.853,138.032
1328652000,138.032,138.032,137.522,137.742
1328738400,137.742,137.981,136.951,137.271
1328824800,137.271,138.8,137.271,138.68
1329084000,138.68,138.68,137.658,138.308
1329170400,138.308,138.767,137.907,138.557
1329256800,138.557,139.316,138.167,139.066
1329343200,139.066,139.606,138.646,138.745
1329429600,138.745,138.875,138.195,138.485
1329688800,138.485,138.485,137.863,138.072
1329775200,138.072,138.312,137.712,137.991
1329861600,137.991,139.031,137.731,138.901
1329948000,138.901,139.19,138.52,139.07
1330034400,139.07,139.179,138.82,139.069
1330293600,139.069,139.957,138.817,139.657
1330380000,139.657,140.206,139.526,139.966
1330466400,139.966,140.286,139.486,139.865
1330552800,139.865,140.035,139.135,139.494
1330639200,139.494,140.164,139.394,139.894
1330898400,139.894,140.392,139.711,139.831
1330984800,139.831,140.481,139.831,140.29
1331071200,140.29,140.567,140.176,140.339
1331157600,140.339,140.405,139.789,140.198
1331244000,140.198,140.325,139.881,140.219
1331499600,140.219,140.751,140.189,140.433
1331586000,140.433,140.442,139.402,139.462
1331672400,139.462,139.462,138.15,138.309
1331758800,138.309,138.467,137.864,138.067
1331845200,138.067,138.149,136.84,137.248
1332104400,137.248,137.564,136.778,136.887
1332190800,136.887,137.39,136.887,137.171
1332277200,137.171,137.993,136.776,137.889
1332363600,137.889,138.734,137.79,138.456
1332450000,138.456,139.16,138.326,139.043
1332709200,139.043,139.043,137.978,138.298
1332795600,138.298,138.925,138.005,138.895
1332882000,138.895,139.424,138.481,139.128
1332968400,139.128,139.779,139.077,139.593
1333054800,139.593,139.909,139.341,139.361
1333314000,139.361,139.821,138.989,139.544
1333400400,139.544,139.753,138.839,139.01
1333486800,139.01,139.976,139.01,139.767
1333573200,139.767,140.601,139.587,140.545
1334005200,140.545,141.564,140.545,141.564
1334091600,141.564,141.564,140.624,140.91
1334178000,140.91,141.137,140.574,140.779
1334264400,140.779,141.489,140.779,141.343
1334523600,141.343,141.57,141.098,141.183
1334610000,141.183,141.406,140.808,141.012
1334696400,141.012,141.459,140.79,141.335
1334782800,141.335,141.734,141.012,141.596
1334869200,141.596,141.798,141.14,141.486
1335128400,141.486,142.246,141.458,141.98
1335214800,141.98,142.051,141.336,141.366
1335301200,141.366,141.446,140.865,141.115
1335387600,141.115,141.885,141.014,141.618
1335474000,141.618,142.182,141.421,141.588
1335733200,141.588,141.945,141.328,141.759
1335906000,141.759,142.528,141.408,142.332
1335992400,142.332,142.494,141.936,142.413
1336078800,142.413,142.789,142.128,142.704
1336338000,142.704,143.047,142.365,142.513
1336424400,142.513,143.22,142.505,143.015
1336510800,143.015,143.593,142.976,143.196
1336597200,143.196,143.546,142.799,143.226
1336683600,143.226,143.613,143.015,143.396
1336942800,143.396,144.157,143.396,143.978
1337029200,143.978,143.978,143.334,143.867
1337115600,143.867,144.119,143.252,143.807
1337202000,143.807,144.429,143.507,144.388
1337288400,144.388,144.45,143.921,144.097
1337547600,144.097,144.097,143.495,143.776
1337634000,143.776,143.846,143.329,143.786
1337720400,143.786,144.561,143.636,144.166
1337806800,144.166,144.817,144.097,144.226
1337893200,144.226,144.629,143.876,144.576
1338152400,144.576,144.65,144.076,144.485
1338238800,144.485,144.744,144.174,144.194
1338325200,144.194,145.596,144.194,145.575
1338411600,145.575,146.199,145.094,146.025
1338498000,146.025,146.992,145.946,146.515
1338757200,146.515,146.515,145.668,145.873
1338843600,145.873,146.361,145.614,145.652
1338930000,145.652,145.851,144.293,144.354
1339016400,144.354,144.741,143.59,144.141
1339102800,144.141,145.221,144.141,144.512
1339362000,144.512,145.083,143.477,145.041
1339448400,145.041,145.041,142.725,142.956
1339534800,142.956,143.309,142.405,143.115
1339621200,143.115,143.389,142.485,142.57
1339707600,142.57,143.579,142.57,143.012
1339966800,143.012,144.008,142.048,143.541
1340053200,143.541,143.857,142.081,142.262
1340139600,142.262,142.347,141.044,141.264
1340226000,141.264,142.442,141.218,142.42
1340312400,142.42,142.596,141.375,141.714
1340571600,141.714,143.091,141.714,142.938
1340658000,142.938,142.938,142.054,142.323
1340744400,142.323,142.529,141.781,142.11
1340830800,142.11,142.808,141.904,142.36
1340917200,142.36,142.36,140.495,141.695
1341176400,141.695,142.529,141.425,142.275
1341262800,142.275,142.471,141.987,142.173
1341349200,142.173,143.169,142.107,143.066
1341435600,143.066,144.011,142.859,143.879
1341522000,143.879,144.735,143.864,144.601
1341781200,144.601,144.963,144.532,144.646
1341867600,144.646,144.913,144.328,144.876
1341954000,144.876,145.368,144.609,145.106
1342040400,145.106,145.659,145.106,145.506
1342126800,145.506,145.8,145.155,145.444
1342386000,145.444,145.904,145.274,145.439
1342472400,145.439,145.862,145.21,145.468
1342558800,145.468,146.082,145.412,145.838
1342645200,145.838,145.911,145.398,145.665
1342731600,145.665,146.439,145.665,146.246
1342990800,146.246,146.79,146.042,146.08
1343077200,146.08,146.08,145.02,145.527
1343163600,145.527,145.702,144.516,145.224
1343250000,145.224,145.599,144.253,144.36
1343336400,144.36,144.765,143.105,143.365
1343595600,143.365,144.098,143.365,143.932
1343682000,143.932,145.046,143.717,144.924
1343768400,144.924,144.924,143.641,143.889
1343854800,143.889,145.574,143.229,145.302
1343941200,145.302,145.357,143.065,143.224
1344200400,143.224,143.997,143.167,143.541
1344286800,143.541,143.706,142.508,142.657
1344373200,142.657,143.511,142.657,143.037
1344459600,143.037,143.48,142.681,143.166
1344546000,143.166,143.969,143.166,143.585
1344805200,143.585,143.857,142.883,143.34
1344891600,143.34,143.343,142.541,142.668
1344978000,142.668,142.703,141.576,141.735
1345064400,141.735,142.127,141.019,141.854
1345150800,141.854,142.445,141.677,142.233
1345410000,142.233,142.362,141.334,142.089
1345496400,142.089,142.174,141.449,142.007
1345582800,142.007,143.047,141.801,142.937
1345669200,142.937,143.879,142.862,143.686
1345755600,143.686,144.279,143.571,143.885
1346014800,143.885,144.107,143.664,143.87
1346101200,143.87,144.166,143.724,143.909
1346187600,143.909,144.463,143.479,143.677
1346274000,143.677,144.339,143.677,144.176
1346360400,144.176,144.381,143.239,144.095
1346619600,144.095,144.195,143.492,143.76
1346706000,143.76,143.76,143.044,143.388
1346792400,143.388,143.722,142.615,142.774
1346878800,142.774,142.807,141.638,141.817
1346965200,141.817,142.269,140.917,141.901
1347224400,141.901,142.386,141.575,142.134
1347310800,142.134,142.42,141.759,141.794
1347397200,141.794,141.917,140.643,141
1347483600,141,141.866,140.871,141.599
1347570000,141.599,141.599,139.959,140.078
1347829200,140.078,140.465,139.725,140.24
1347915600,140.24,140.975,140.24,140.648
1348002000,140.648,141.241,140.318,140.803
1348088400,140.803,141.628,140.803,141.21
1348174800,141.21,141.471,140.858,141.405
1348434000,141.405,141.705,141.162,141.577
1348520400,141.577,142.153,141.15,141.863
1348606800,141.863,142.916,141.805,142.885
1348693200,142.885,142.892,142.461,142.616
1348779600,142.616,143.11,142.518,142.599
1349038800,142.599,142.861,142.224,142.72
1349125200,142.72,142.783,142.186,142.623
1349211600,142.623,142.988,142.512,142.848
1349298000,142.848,142.859,142.181,142.408
1349384400,142.408,142.581,141.74,142.048
1349643600,142.048,142.434,142.048,142.33
1349730000,142.33,142.544,142.017,142.394
1349816400,142.394,142.478,141.97,142.428
1349902800,142.428,142.843,141.912,142.351
1349989200,142.351,142.83,142.13,142.575
1350248400,142.575,142.706,142.258,142.314
1350334800,142.314,142.314,141.476,141.633
1350421200,141.633,141.633,140.389,140.399
1350507600,140.399,140.94,140.261,140.574
1350594000,140.574,141.272,140.506,141.241
1350853200,141.241,141.241,140.413,140.598
1350939600,140.598,141.228,140.598,141.094
1351026000,141.094,141.361,140.845,141.208
1351112400,141.208,141.208,140.576,141
1351198800,141,141.844,141,141.717
1351458000,141.717,142.511,141.666,142.43
1351544400,142.43,142.624,141.966,142.232
1351630800,142.232,142.458,141.781,142.396
1351717200,142.396,142.413,142.042,142.189
1351803600,142.189,142.612,141.957,142.503
1352066400,142.503,142.798,142.47,142.573
1352152800,142.573,142.806,142.146,142.276
1352239200,142.276,143.367,142.258,143.212
1352325600,143.212,143.647,143.04,143.616
1352412000,143.616,143.926,143.398,143.74
1352671200,143.74,143.74,143.433,143.609
1352757600,143.609,143.872,143.368,143.752
1352844000,143.752,143.776,143.202,143.695
1352930400,143.695,143.728,143.262,143.578
1353016800,143.578,143.785,143.338,143.581
1353276000,143.581,143.581,143.154,143.23
1353362400,143.23,143.493,142.592,142.612
1353448800,142.612,142.896,142.378,142.515
1353535200,142.515,142.515,142.266,142.448
1353621600,142.448,142.7,142.225,142.331
1353880800,142.331,142.665,142.32,142.421
1353967200,142.421,142.511,141.994,142.434
1354053600,142.434,143.283,142.434,142.958
1354140000,142.958,143.134,142.747,143.001
1354226400,143.001,143.219,142.817,143.024
1354485600,143.024,143.103,142.119,142.614
1354572000,142.614,142.822,142.365,142.717
1354658400,142.717,143.537,142.602,143.304
1354744800,143.304,144.109,143.283,143.944
1354831200,143.944,144.265,143.809,144.111
1355090400,144.111,144.6,143.984,144.096
1355176800,144.096,144.233,143.704,143.807
1355263200,143.807,143.884,143.508,143.528
1355349600,143.528,144.034,143.334,143.596
1355436000,143.596,143.753,143.247,143.505
1355695200,143.505,143.593,143.182,143.252
1355781600,143.252,143.429,142.714,142.794
1355868000,142.794,143.021,142.42,142.723
1355954400,142.723,143.129,142.723,142.969
1356040800,142.969,143.499,142.969,143.373
1356559200,143.373,144.381,143.371,144.175
1356645600,144.175,144.581,144.175,144.349
1357077600,144.349,144.349,142.814,142.855
1357164000,142.855,143.051,142.088,142.119
1357250400,142.119,142.335,141.436,141.799
1357509600,141.799,142.144,141.755,142.061
1357596000,142.061,142.501,141.99,142.376
1357682400,142.376,142.766,142.186,142.573
1357768800,142.573,142.671,141.457,141.548
1357855200,141.548,141.817,141.094,141.606
1358114400,141.606,142.032,141.529,141.679
1358200800,141.679,142.496,141.679,142.183
1358287200,142.183,142.762,142.183,142.509
1358373600,142.509,142.755,141.661,141.772
1358460000,141.772,142.542,141.541,142.416
1358719200,142.416,142.549,142.067,142.171
1358805600,142.171,142.464,141.773,142.348
1358892000,142.348,142.929,142.32,142.744
1358978400,142.744,143.331,142.449,142.622
1359064800,142.622,142.77,141.496,141.595
1359324000,141.595,141.869,140.957,141.28
1359410400,141.28,141.63,141.069,141.079
1359496800,141.079,141.36,140.664,141.087
1359583200,141.087,141.566,140.951,141.234
1359669600,141.234,141.865,140.963,140.963
1359928800,140.963,142.289,140.936,142.201
1360015200,142.201,142.409,141.426,141.751
1360101600,141.751,142.281,141.719,142.068
1360188000,142.068,142.53,141.661,142.225
1360274400,142.225,142.646,142.159,142.542
1360533600,142.542,142.695,142.22,142.446
1360620000,142.446,142.634,142.02,142.284
1360706400,142.284,142.312,141.469,141.604
1360792800,141.604,142.328,141.513,142.26
1360879200,142.26,142.668,141.955,142.318
1361138400,142.318,142.634,142.191,142.421
1361224800,142.421,142.712,142.341,142.399
1361311200,142.399,142.466,141.983,142.407
1361397600,142.407,143.371,142.407,143.174
1361484000,143.174,143.527,142.953,143.371
1361743200,143.371,144.304,142.691,144.274
1361829600,144.274,144.99,144.274,144.772
1361916000,144.772,145.274,144.68,144.74
1362002400,144.74,145.122,144.699,144.958
1362088800,144.958,145.555,144.767,145.526
1362348000,145.526,145.76,145.316,145.371
1362434400,145.371,145.409,144.995,145.129
1362520800,145.129,145.204,144.841,144.987
1362607200,144.987,145.268,144.444,144.713
1362693600,144.713,144.744,144.051,144.501
1362949200,144.501,144.735,144.361,144.361
1363035600,144.361,144.94,142.525,144.846
1363122000,144.846,145.187,144.735,144.895
1363208400,144.895,145.028,144.621,144.919
1363294800,144.919,145.31,144.783,145.176
1363554000,145.176,146.401,145.176,145.774
1363640400,145.774,146.519,145.689,146.405
1363726800,146.405,146.405,145.632,145.827
1363813200,145.827,146.317,145.707,146.217
1363899600,146.217,146.482,145.85,145.973
1364158800,145.973,146.505,145.491,146.274
1364245200,146.274,146.447,146.046,146.394
1364331600,146.394,147.205,146.375,147.161
1364418000,147.161,147.392,146.85,146.911
1364850000,146.911,147.048,146.51,146.637
1364936400,146.637,147.031,146.524,146.958
1365022800,146.958,147.449,146.825,147.431
1365109200,147.431,147.89,147.178,147.623
1365368400,147.623,147.628,147.141,147.141
1365454800,147.141,147.333,146.774,146.867
1365541200,146.867,146.919,146.377,146.402
1365627600,146.402,146.714,146.145,146.42
1365714000,146.42,147.172,146.42,147.054
1365973200,147.054,147.341,146.768,147.291
1366059600,147.291,147.291,146.648,146.785
1366146000,146.785,147.441,146.442,147.267
1366232400,147.267,147.452,146.931,147.308
1366318800,147.308,147.308,146.897,147.143
1366578000,147.143,147.414,146.696,147.198
1366664400,147.198,147.73,146.868,146.957
1366750800,146.957,147.22,146.549,147.164
1366837200,147.164,147.284,146.961,147.172
1366923600,147.172,147.522,147.172,147.382
1367182800,147.382,147.562,147.103,147.354
1367269200,147.354,147.675,147.2,147.335
1367442000,147.335,147.969,146.936,147.753
1367528400,147.753,147.854,146.741,146.867
1367787600,146.867,147.031,146.646,146.731
1367874000,146.731,146.922,146.022,146.187
1367960400,146.187,146.521,146.054,146.426
1368046800,146.426,146.836,146.387,146.42
1368133200,146.42,146.42,145.011,145.278
1368392400,145.278,145.583,144.965,145.324
1368478800,145.324,145.477,144.713,144.831
1368565200,144.831,145.477,144.808,145.258
1368651600,145.258,145.81,144.986,145.65
1368738000,145.65,146.169,145.559,145.574
1368997200,145.574,145.69,145.016,145.233
1369083600,145.233,145.26,144.595,145.001
1369170000,145.001,145.516,144.579,144.629
1369256400,144.629,145.449,144.611,144.828
1369342800,144.828,145.102,144.406,144.771
1369602000,144.771,144.864,144.462,144.486
1369688400,144.486,144.566,143.769,143.769
1369774800,143.769,143.909,143.425,143.725
1369861200,143.725,144.044,143.654,143.951
1369947600,143.951,144.586,143.607,143.965
1370206800,143.965,144.014,143.07,143.532
1370293200,143.532,143.631,143.241,143.506
1370379600,143.506,144,143.39,143.965
1370466000,143.965,144.307,143.288,143.878
1370552400,143.878,144.278,143.327,143.369
1370811600,143.369,143.813,142.732,142.847
1370898000,142.847,142.99,142.15,142.99
1370984400,142.99,143.069,142.589,142.784
1371070800,142.784,143.558,142.784,143.538
1371157200,143.538,144.057,143.507,143.844
1371416400,143.844,144.101,143.603,143.752
1371502800,143.752,143.792,143.251,143.456
1371589200,143.456,143.85,142.463,142.558
1371675600,142.558,142.708,141.957,142.287
1371762000,142.287,142.287,141.185,141.24
1372021200,141.24,141.24,140.01,140.595
1372107600,140.595,141.109,140.273,140.506
1372194000,140.506,141.438,140.506,141.11
1372280400,141.11,141.997,140.919,141.761
1372366800,141.761,141.946,141.075,141.615
1372626000,141.615,141.761,141.101,141.631
1372712400,141.631,142.27,141.53,142.224
1372798800,142.224,142.729,142.148,142.158
1372885200,142.158,143.098,142.097,142.457
1372971600,142.457,142.506,141.485,141.635
1373230800,141.635,142.081,141.631,142.071
1373317200,142.071,142.77,141.94,142.75
1373403600,142.75,142.949,142.438,142.503
1373490000,142.503,143.318,142.503,143.067
1373576400,143.067,143.916,143.067,143.816
1373835600,143.816,143.816,143.312,143.489
1373922000,143.489,143.87,143.318,143.82
1374008400,143.82,144.049,143.349,144.009
1374094800,144.009,144.418,144.008,144.157
1374181200,144.157,144.447,144.066,144.246
1374440400,144.246,144.417,144.132,144.299
1374526800,144.299,144.371,143.62,143.87
1374613200,143.87,144.009,142.373,142.633
1374699600,142.633,142.857,142.217,142.647
1374786000,142.647,142.806,142.236,142.595
1375045200,142.595,142.782,142.291,142.491
1375131600,142.491,142.62,142.31,142.489
1375218000,142.489,143.018,141.878,142.948
1375304400,142.948,143.337,142.306,142.366
1375390800,142.366,142.865,141.725,142.84
1375650000,142.84,143.002,142.161,142.291
1375736400,142.291,142.31,141.91,142.119
1375822800,142.119,142.588,141.873,142.448
1375909200,142.448,142.747,142.087,142.136
1375995600,142.136,142.555,142.058,142.525
1376254800,142.525,142.525,141.951,142.1
1376341200,142.1,142.1,140.669,140.849
1376427600,140.849,141.138,140.598,140.857
1376514000,140.857,141.037,139.866,140.236
1376600400,140.236,140.405,139.749,139.974
1376859600,139.974,140.261,139.741,139.98
1376946000,139.98,140.699,139.98,140.669
1377032400,140.669,140.723,139.997,139.997
1377118800,139.997,139.997,139.486,139.791
1377205200,139.791,139.865,139.087,139.604
1377464400,139.604,140.16,139.593,140.015
1377550800,140.015,140.964,139.949,140.964
1377637200,140.964,140.964,140.124,140.28
1377723600,140.28,140.784,140.027,140.65
1377810000,140.65,140.874,140.326,140.342
1378069200,140.342,140.342,139.628,139.887
1378155600,139.887,140.084,139.385,139.711
1378242000,139.711,139.788,139.289,139.336
1378328400,139.336,139.336,138.213,138.213
1378414800,138.213,139.576,138.189,139.292
1378674000,139.292,139.467,139.074,139.147
1378760400,139.147,139.147,138.282,138.303
1378846800,138.303,139.008,138.303,138.982
1378933200,138.982,139.6,138.982,139.23
1379019600,139.23,139.793,138.807,139.606
1379278800,139.606,140.24,139.606,139.719
1379365200,139.719,140.033,139.562,139.628
1379451600,139.628,140.731,139.128,140.589
1379538000,140.589,141.031,139.963,139.993
1379624400,139.993,140.389,139.636,140.002
1379883600,140.002,140.242,139.468,140.238
1379970000,140.238,141.179,140.138,141.128
1380056400,141.128,141.401,140.967,141.355
1380142800,141.355,141.49,141.103,141.247
1380229200,141.247,141.921,141.129,141.745
1380488400,141.745,142.201,141.548,141.968
1380574800,141.968,141.968,141.377,141.463
1380661200,141.463,141.756,141.202,141.428
1380747600,141.428,141.73,141.008,141.464
1380834000,141.464,141.601,141.058,141.124
1381093200,141.124,141.632,141.124,141.415
1381179600,141.415,141.497,141.131,141.435
1381266000,141.435,141.803,141.256,141.287
1381352400,141.287,141.287,140.635,140.801
1381438800,140.801,140.968,140.578,140.726
1381698000,140.726,140.954,140.329,140.43
1381784400,140.43,140.576,140.089,140.229
1381870800,140.229,140.323,139.791,140.31
1381957200,140.31,140.744,140.248,140.655
1382043600,140.655,141.205,140.553,141.055
1382302800,141.055,141.055,140.725,140.805
1382389200,140.805,141.522,140.696,141.459
1382475600,141.459,141.785,141.426,141.643
1382562000,141.643,142.079,141.567,141.601
1382648400,141.601,141.945,141.601,141.933
1382907600,141.933,141.998,141.695,141.842
1382994000,141.842,142.195,141.698,142.174
1383080400,142.174,142.624,142.166,142.204
1383166800,142.204,143.036,142.204,142.747
1383253200,142.747,142.888,142.391,142.456
1383516000,142.456,142.713,142.456,142.549
1383602400,142.549,142.586,141.727,141.924
1383688800,141.924,142.039,141.657,141.703
1383775200,141.703,142.66,141.633,142.456
1383861600,142.456,142.517,141.427,141.495
1384120800,141.495,141.764,141.425,141.473
1384207200,141.473,141.473,141.01,141.092
1384293600,141.092,141.851,141.092,141.774
1384380000,141.774,142.21,141.774,142.121
1384466400,142.121,142.155,141.771,142.116
1384725600,142.116,142.277,141.812,142.264
1384812000,142.264,142.264,141.685,141.685
1384898400,141.685,141.91,141.124,141.134
1384984800,141.134,141.328,140.852,141.184
1385071200,141.184,141.388,140.969,141.315
1385330400,141.315,141.595,141.066,141.536
1385416800,141.536,141.97,141.486,141.851
1385503200,141.851,141.922,141.548,141.746
1385589600,141.746,141.849,141.306,141.836
1385676000,141.836,142.018,141.652,141.776
1385935200,141.776,141.776,141.118,141.178
1386021600,141.178,141.479,140.999,141.31
1386108000,141.31,141.31,140.217,140.272
1386194400,140.272,140.472,139.534,139.584
1386280800,139.584,140.024,139.35,139.892
1386540000,139.892,140.118,139.828,139.924
1386626400,139.924,140.289,139.919,140.13
1386712800,140.13,140.351,140.001,140.111
1386799200,140.111,140.307,139.862,140.123
1386885600,140.123,140.271,139.904,140.224
1387144800,140.224,140.477,140.038,140.098
1387231200,140.098,140.326,140.019,140.297
1387317600,140.297,140.39,139.614,140.023
1387404000,140.023,140.141,139.532,139.785
1387490400,139.785,139.863,139.334,139.789
1387749600,139.789,139.822,139.527,139.633
1388095200,139.633,139.633,138.744,138.824
1388354400,138.824,139.157,138.618,139.155
1388613600,139.155,139.155,138.606,139.087
1388700000,139.087,139.17,138.853,139.043
1388959200,139.043,139.547,139.006,139.537
1389045600,139.537,139.768,139.427,139.715
1389132000,139.715,139.839,139.359,139.399
1389218400,139.399,139.75,139.185,139.543
1389304800,139.543,140.292,139.501,140.282
1389564000,140.282,140.835,140.125,140.835
1389650400,140.835,140.835,140.437,140.437
1389736800,140.437,140.728,140.318,140.526
1389823200,140.526,141.154,140.509,141.099
1389909600,141.099,141.5,141.092,141.49
1390168800,141.49,141.694,141.354,141.554
1390255200,141.554,141.716,141.235,141.646
1390341600,141.646,141.666,141.307,141.355
1390428000,141.355,142.398,141.318,142.318
1390514400,142.318,142.839,142.159,142.699
1390773600,142.699,142.699,142.354,142.404
1390860000,142.404,142.58,142.214,142.535
1390946400,142.535,143.246,142.208,143.226
1391032800,143.226,143.367,142.887,143.277
1391119200,143.277,144.014,143.277,144.009
1391378400,144.009,144.273,143.552,144.263
1391464800,144.263,144.263,143.814,143.864
1391551200,143.864,144.505,143.845,144.016
1391637600,144.016,144.016,143.237,143.337
1391724000,143.337,144.098,143.298,143.798
1391983200,143.798,143.912,143.532,143.672
1392069600,143.672,143.672,143.363,143.561
1392156000,143.561,143.625,143.065,143.128
1392242400,143.128,143.946,143.128,143.777
1392328800,143.777,143.817,143.458,143.588
1392588000,143.588,143.651,143.311,143.545
1392674400,143.545,143.943,143.413,143.803
1392760800,143.803,144.259,143.705,143.775
1392847200,143.775,144.215,143.396,143.534
1392933600,143.534,143.928,143.437,143.898
1393192800,143.898,144.001,143.512,143.612
1393279200,143.612,144.104,143.483,144.044
1393365600,144.044,144.676,143.878,144.668
1393452000,144.6685,145.292,144.5355,145.1
1393538400,145.1,145.1265,144.12,144.534
1393797600,144.5335,145.2925,144.5335,145.166
1393884000,145.166,145.166,144.44,144.452
1393970400,144.452,144.5665,144.208,144.5195
1394056800,144.52,144.52,143.658,143.876
1394143200,143.8755,144.154,143.508,143.978
1394398800,143.978,144.2505,143.776,144.064
1394485200,144.064,144.316,143.706,144.022
1394571600,144.0215,144.734,144.0215,144.49
1394658000,144.49,145.394,144.398,145.314
1394744400,145.314,145.562,144.952,145.016
1395003600,145.016,145.084,144.6595,144.712
1395090000,144.7115,144.9705,144.594,144.738
1395176400,144.738,144.784,143.794,144.012
1395262800,144.012,144.118,143.5615,143.852
1395349200,143.852,144.034,143.76,143.986
1395608400,143.986,144.57,143.616,144.506
1395694800,144.506,144.694,144.4215,144.538
1395781200,144.538,144.956,144.528,144.864
1395867600,144.864,145.26,144.8115,145.024
1395954000,145.024,145.408,144.746,144.944
1396213200,144.944,144.958,144.2875,144.746
1396299600,144.7465,144.7465,144.368,144.516
1396386000,144.516,144.516,143.9415,144.032
1396472400,144.032,144.19,143.686,144.104
1396558800,144.104,144.8845,143.814,144.822
1396818000,144.822,144.92,144.48,144.712
1396904400,144.712,144.806,144.478,144.696
1396990800,144.696,144.696,144.2475,144.508
1397077200,144.5075,145.122,144.5075,144.932
1397163600,144.932,145.3785,144.788,145.302
1397422800,145.302,145.318,144.826,144.852
1397509200,144.852,145.622,144.824,145.428
1397595600,145.428,145.448,145.196,145.34
1397682000,145.34,145.43,144.596,144.692
1398114000,144.692,144.842,144.474,144.69
1398200400,144.69,144.908,144.4895,144.704
1398286800,144.7045,144.98,144.366,144.754
1398373200,144.7535,145.306,144.7535,145.126
1398632400,145.1265,145.168,144.842,144.956
1398718800,144.956,145.012,144.5235,144.96
1398805200,144.9595,145.424,144.7075,145.378
1398978000,145.378,145.628,144.778,145.438
1399237200,145.438,145.522,145.226,145.226
1399323600,145.2265,145.368,145.006,145.278
1399410000,145.278,145.46,144.862,145.078
1399496400,145.078,145.516,144.896,145.386
1399582800,145.3855,145.562,145.244,145.352
1399842000,145.352,145.352,145.098,145.176
1399928400,145.1765,145.782,145.1135,145.698
1400014800,145.698,146.402,145.698,146.278
1400101200,146.278,147.172,146.16,147.092
1400187600,147.092,147.164,146.6515,146.654
1400446800,146.654,146.924,146.42,146.444
1400533200,146.444,146.656,146.28,146.562
1400619600,146.5615,146.626,146.056,146.234
1400706000,146.234,146.522,145.966,146.31
1400792400,146.3105,146.468,146.226,146.266
1401051600,146.266,146.425,146.068,146.219
1401138000,146.219,146.725,146.1,146.612
1401224400,146.612,147.255,146.591,147.181
1401310800,147.181,147.272,146.802,146.802
1401397200,146.802,146.973,146.662,146.963
1401656400,146.963,147.114,146.592,146.751
1401742800,146.751,146.789,145.962,145.977
1401829200,145.977,146.259,145.791,145.869
1401915600,145.869,146.405,145.215,146.371
1402002000,146.371,147.178,146.345,146.824
1402261200,146.824,146.901,146.474,146.562
1402347600,146.562,146.708,146.058,146.089
1402434000,146.089,146.409,145.696,146.144
1402520400,146.144,146.726,146.007,146.635
1402606800,146.635,146.738,146.005,146.635
1402866000,146.635,146.862,146.566,146.673
1402952400,146.673,146.76,146.061,146.109
1403038800,146.109,146.701,145.942,146.66
1403125200,146.66,147.356,146.66,146.96
1403211600,146.96,147.085,146.664,146.894
1403470800,146.894,147.225,146.695,146.952
1403557200,146.952,147.249,146.943,147.239
1403643600,147.239,147.863,147.163,147.727
1403730000,147.727,148.112,147.673,147.988
1403816400,147.988,148.114,147.736,147.747
1404075600,147.747,148.013,147.663,147.958
1404162000,147.958,148.059,147.72,147.867
1404248400,147.867,148.109,147.401,147.427
1404334800,147.427,147.464,146.74,147.379
1404421200,147.379,147.84,147.361,147.706
1404680400,147.706,147.772,147.514,147.7
1404766800,147.7,148.25,147.602,148.208
1404853200,148.208,148.306,148,148.235
1404939600,148.235,148.821,148.233,148.366
1405026000,148.366,148.476,148.146,148.3
1405285200,148.3,148.377,148.179,148.259
1405371600,148.259,148.599,148.131,148.279
1405458000,148.279,148.538,148.279,148.53
1405544400,148.53,149.153,148.53,149.105
1405630800,149.105,149.149,148.785,148.907
1405890000,148.907,149.069,148.833,148.888
1405976400,148.888,148.939,148.524,148.768
1406062800,148.768,149.034,148.615,148.883
1406149200,148.883,148.985,148.369,148.468
1406235600,148.468,148.966,148.389,148.915
1406494800,148.915,148.998,148.592,148.846
1406581200,148.846,149.299,148.711,149.215
1406667600,149.215,149.229,148.26,148.44
1406754000,148.44,148.766,148.149,148.567
1406840400,148.567,149.098,148.227,148.983
1407099600,148.983,149.011,148.784,148.82
1407186000,148.82,148.912,148.276,148.724
1407272400,148.724,149.405,148.617,149.343
1407358800,149.343,149.892,149.273,149.877
1407445200,149.877,150.236,149.561,149.596
1407704400,149.596,149.864,149.527,149.72
1407790800,149.72,149.881,149.594,149.644
1407877200,149.644,150.197,149.409,150.145
1407963600,150.145,150.479,150.113,150.212
1408050000,150.212,151.003,150.169,150.63
1408309200,150.63,150.63,150.082,150.111
1408395600,150.111,150.502,150.084,150.358
1408482000,150.358,150.61,150.191,150.428
1408568400,150.428,150.623,150.189,150.483
1408654800,150.483,150.83,150.322,150.65
1408914000,150.65,151.266,150.591,151.062
1409000400,151.062,151.196,150.931,151.139
1409086800,151.139,151.62,151.103,151.469
1409173200,151.469,151.969,151.389,151.853
1409259600,151.853,151.853,151.395,151.63
1409518800,151.63,151.717,151.518,151.679
1409605200,151.679,151.679,150.949,151.084
1409691600,151.084,151.158,150.614,151.012
1409778000,151.012,151.557,150.522,150.687
1409864400,150.687,151.3,150.61,151.023
1410123600,151.023,151.344,150.519,150.616
1410210000,150.616,150.616,150.034,150.25
1410296400,150.25,150.302,149.875,150.146
1410382800,150.146,150.552,150.115,150.128
1410469200,150.128,150.139,149.572,149.631
1410728400,149.631,150.122,149.549,149.981
1410814800,149.981,150.353,149.821,149.821
1410901200,149.821,150.297,149.75,149.84
1410987600,149.84,150.152,149.404,149.698
1411074000,149.698,150.36,149.303,150.334
1411333200,150.334,150.567,150.18,150.555
1411419600,150.555,150.832,150.397,150.579
1411506000,150.579,150.735,150.352,150.432
1411592400,150.432,151.019,150.432,151.002
1411678800,151.002,151.248,150.789,150.94
1411938000,150.94,151.14,150.68,150.993
1412024400,150.993,151.239,150.749,151.137
1412110800,151.137,151.837,151.078,151.83
1412197200,151.83,151.83,151.258,151.324
1412283600,151.324,151.456,150.886,151.313
1412542800,151.313,151.545,151.275,151.411
1412629200,151.411,151.65,151.125,151.632
1412715600,151.632,151.712,151.229,151.596
1412802000,151.596,152.036,151.401,151.439
1412888400,151.439,151.801,151.268,151.798
1413147600,151.798,151.936,151.395,151.614
1413234000,151.614,152.341,151.404,152.273
1413320400,152.273,153.625,152.07,152.675
1413406800,152.675,153.597,151.996,152.187
1413493200,152.187,152.37,151.587,151.758
1413752400,151.758,152.154,151.682,151.861
1413838800,151.861,152.134,151.28,151.437
1413925200,151.437,151.829,151.274,151.713
1414011600,151.713,151.899,151.035,151.184
1414098000,151.184,151.688,151.184,151.233
1414357200,151.233,151.598,150.959,151.403
1414443600,151.403,151.57,151.096,151.329
1414530000,151.329,151.499,150.888,151.112
1414616400,151.112,151.916,151.062,151.694
1414702800,151.694,151.939,151.358,151.864
1414965600,151.864,152.087,151.408,151.67
1415052000,151.67,152.163,151.554,151.96
1415138400,151.96,152.009,151.773,151.889
1415224800,151.889,152.019,151.452,151.787
1415311200,151.787,152.036,151.426,152.032
1415570400,152.032,152.178,151.668,151.687
1415656800,151.687,151.912,151.541,151.837
1415743200,151.837,152.254,151.837,151.866
1415829600,151.866,152.318,151.826,152.219
1415916000,152.219,152.427,152.13,152.395
1416175200,152.395,152.52,151.946,152.038
1416261600,152.038,152.262,151.979,151.995
1416348000,151.995,152.15,151.338,151.462
1416434400,151.462,152.144,151.462,151.991
1416520800,151.991,152.453,151.933,152.419
1416780000,152.419,152.464,152.205,152.428
1416866400,152.428,152.844,152.365,152.814
1416952800,152.814,153.002,152.692,152.957
1417039200,152.957,153.412,152.919,153.358
1417125600,153.358,153.447,153.223,153.447
1417384800,153.447,153.486,152.633,152.663
1417471200,152.663,152.995,152.625,152.727
1417557600,152.727,152.908,152.52,152.775
1417644000,152.775,152.963,152.205,152.635
1417730400,152.635,152.813,152.154,152.449
1417989600,152.449,153.359,152.249,153.259
1418076000,153.259,153.632,153.112,153.512
1418162400,153.512,153.886,153.475,153.846
1418248800,153.846,153.998,153.632,153.82
1418335200,153.82,154.471,153.82,154.343
1418594400,154.343,154.399,154.039,154.265
1418680800,154.265,155.12,154.217,154.897
1418767200,154.897,155.13,154.602,154.647
1418853600,154.647,155.073,154.275,154.541
1418940000,154.541,154.899,154.278,154.839
1419199200,154.839,154.919,154.611,154.836
1419285600,154.836,155.023,154.651,154.651
1419804000,154.651,155.602,154.651,155.461
1419890400,155.461,155.691,155.301,155.522
1420149600,155.522,156.322,155.492,156.228
1420408800,156.228,156.339,155.955,156.095
1420495200,156.095,156.955,156.057,156.713
1420581600,156.713,157.02,156.282,156.463
1420668000,156.463,156.519,156.047,156.132
1420754400,156.132,156.54,155.886,156.206
1421013600,156.206,156.677,156.082,156.603
1421100000,156.603,156.834,156.346,156.562
1421186400,156.562,157.209,156.562,157
1421272800,157,157.503,156.802,157.464
1421359200,157.464,157.765,157.178,157.228
1421618400,157.228,157.688,157.223,157.51
1421704800,157.51,157.662,157.353,157.479
1421791200,157.479,157.576,156.429,156.509
1421877600,156.509,157.898,155.838,157.455
1421964000,157.455,158.764,157.455,158.698
1422223200,158.698,158.885,157.977,158.08
1422309600,158.08,158.33,158,158.057
1422396000,158.057,159.035,157.674,158.95
1422482400,158.95,158.958,158.337,158.39
1422568800,158.39,159.393,158.39,159.338
1422828000,159.338,159.364,159.034,159.146
1422914400,159.146,159.237,158.54,158.587
1423000800,158.587,158.912,158.406,158.794
1423087200,158.794,159.056,158.215,158.446
1423173600,158.446,158.85,158.212,158.357
1423432800,158.357,159.003,158.352,158.565
1423519200,158.565,158.697,158.088,158.424
1423605600,158.424,158.782,158.424,158.658
1423692000,158.658,159.151,158.37,159.042
1423778400,159.042,159.048,158.639,158.741
1424037600,158.741,159.293,158.701,159.243
1424124000,159.243,159.275,158.232,158.377
1424210400,158.377,158.651,158.175,158.566
1424296800,158.566,158.818,158.279,158.448
1424383200,158.448,159.138,158.157,158.32
1424642400,158.32,158.902,158.32,158.902
1424728800,158.902,158.905,158.474,158.893
1424815200,158.893,159.534,158.867,159.521
1424901600,159.521,159.937,159.426,159.632
1424988000,159.632,159.719,159.148,159.438
1425247200,159.438,159.496,158.862,158.862
1425333600,158.862,159.099,158.538,158.598
1425420000,158.598,158.82,158.387,158.501
1425506400,158.501,159.326,157.803,159.001
1425592800,159.001,159.139,158.093,158.226
1425848400,158.226,159.285,158.124,159.22
1425934800,159.22,160.392,159.171,160.348
1426021200,160.348,160.685,160.035,160.442
1426107600,160.442,160.704,159.767,159.844
1426194000,159.844,160.027,159.429,159.722
1426453200,159.722,159.842,159.241,159.491
1426539600,159.491,159.588,159.263,159.348
1426626000,159.348,160.865,159.348,160.778
1426712400,160.778,160.778,160.178,160.468
1426798800,160.468,160.679,160.297,160.563
1427058000,160.563,160.599,159.876,160.034
1427144400,160.034,160.284,159.714,159.932
1427230800,159.932,160.149,159.719,159.751
1427317200,159.751,160.126,159.744,159.939
1427403600,159.939,160.146,159.609,160.034
1427662800,160.034,160.388,159.879,159.946
1427749200,159.946,160.343,159.824,160.257
1427835600,160.257,160.655,160.016,160.339
1427922000,160.339,160.494,160.046,160.189
1428354000,160.189,160.22,159.955,160.193
1428440400,160.193,160.482,160.193,160.424
1428526800,160.424,160.727,160.282,160.317
1428613200,160.317,160.624,160.277,160.411
1428872400,160.411,160.595,160.228,160.513
1428958800,160.513,160.79,160.423,160.587
1429045200,160.587,161.198,160.587,161.125
1429131600,161.125,161.534,161.045,161.426
1429218000,161.426,161.805,161.336,161.5
1429477200,161.5,161.562,161.294,161.36
1429563600,161.36,161.471,160.849,160.915
1429650000,160.915,161.186,160.114,160.124
1429736400,160.124,160.558,160.005,160.125
1429822800,160.125,160.336,159.89,160.298
1430082000,160.298,160.444,159.927,160.057
1430168400,160.057,160.34,159.931,160.006
1430254800,160.006,160.062,158.443,158.572
1430341200,158.572,158.714,157.238,157.792
1430686800,157.792,157.792,156.186,156.206
1430773200,156.206,156.928,155.305,155.592
1430859600,155.592,155.661,154.379,154.426
1430946000,154.426,155.089,152.095,155.028
1431032400,155.028,155.612,154.206,155.244
1431291600,155.244,155.61,153.958,153.999
1431378000,153.999,154.068,152.826,153.495
1431464400,153.495,154.69,152.487,152.636
1431550800,152.636,153.714,152.523,153.376
1431637200,153.376,154.384,153.376,154.07
1431896400,154.07,154.27,153.678,153.848
1431982800,153.848,155.182,153.848,154.233
1432069200,154.233,154.85,153.933,154.068
1432155600,154.068,154.374,153.331,153.771
1432242000,153.771,154.541,153.771,154.216
1432587600,154.216,155.261,154.216,155.03
1432674000,155.03,155.45,154.668,155.124
1432760400,155.124,155.551,155.115,155.386
1432846800,155.386,156.005,155.37,155.844
1433106000,155.844,156.075,154.841,154.919
1433192400,154.919,155.2,152.857,152.992
1433278800,152.992,153.252,150.516,150.536
1433365200,150.536,151.871,149.455,151.73
1433451600,151.73,151.73,150.41,151.487
1433710800,151.487,151.816,150.814,151.017
1433797200,151.017,151.386,149.903,150.072
1433883600,150.072,150.188,148.784,149.648
1433970000,149.648,151.285,149.21,151.254
1434056400,151.254,151.849,150.478,151.359
1434315600,151.359,152.352,151.359,151.761
1434402000,151.761,152.731,151.761,152.274
1434488400,152.274,152.461,151.782,152.366
1434574800,152.366,152.98,151.122,151.858
1434661200,151.858,152.716,151.858,152.665
1434920400,152.665,152.665,150.775,150.835
1435006800,150.835,151.323,150.501,150.972
1435093200,150.972,152.039,150.972,151.878
1435179600,151.878,151.911,150.929,151.393
1435266000,151.393,151.55,150.32,150.507
1435525200,150.507,153.343,150.507,152.717
1435611600,152.717,152.993,151.92,152.616
1435698000,152.616,152.655,151.533,151.709
1435784400,151.709,151.709,150.885,151.355
1435870800,151.355,152.393,151.355,152.278
1436130000,152.278,153.69,152.278,153.044
1436216400,153.044,154.443,152.676,153.549
1436302800,153.549,154.629,153.49,153.804
1436389200,153.804,153.804,152.675,152.695
1436475600,152.695,152.695,150.714,150.894
1436734800,150.894,151.698,149.851,151.432
1436821200,151.432,152.105,151.287,151.776
1436907600,151.776,153.033,151.643,152.918
1436994000,152.918,152.918,151.946,152.53
1437080400,152.53,153.206,152.53,153.075
1437339600,153.075,153.645,152.739,153.322
1437426000,153.322,153.625,152.814,153.105
1437512400,153.105,153.606,152.977,153.505
1437598800,153.505,153.756,153.319,153.719
1437685200,153.719,154.225,153.644,154.078
1437944400,154.078,154.477,153.967,154.325
1438030800,154.325,154.325,153.55,154.015
1438117200,154.015,154.175,153.613,154.069
1438203600,154.069,154.734,153.658,154.621
1438290000,154.621,154.731,153.911,154.685
1438549200,154.685,155.172,154.324,155.001
1438635600,155.001,155.314,154.384,154.419
1438722000,154.419,154.576,153.146,153.457
1438808400,153.457,154.147,153.424,154.016
1438894800,154.016,154.746,153.773,154.656
1439154000,154.656,154.656,154.046,154.121
1439240400,154.121,155.172,154.121,154.89
1439326800,154.89,155.648,154.89,155.104
1439413200,155.104,155.291,154.71,155.081
1439499600,155.081,155.315,154.702,154.751
1439758800,154.751,155.226,154.661,155.032
1439845200,155.032,155.417,154.713,154.836
1439931600,154.836,155.66,154.681,155.545
1440018000,155.545,155.87,155.377,155.839
1440104400,155.839,156.059,155.51,155.93
1440363600,155.93,156.581,155.271,155.553
1440450000,155.553,155.553,153.462,154.029
1440536400,154.029,154.598,153.603,153.664
1440622800,153.664,154.209,153.664,153.733
1440709200,153.733,154.45,153.546,153.756
1440968400,153.756,154.069,152.665,152.73
1441054800,152.73,153.405,152.638,152.911
1441141200,152.911,153.346,152.739,153.06
1441227600,153.06,154.11,153.03,154.1
1441314000,154.1,155.138,154.1,155.073
1441573200,155.073,155.073,154.496,154.734
1441659600,154.734,154.907,154.425,154.573
1441746000,154.573,154.856,154.209,154.831
1441832400,154.831,154.964,154.44,154.702
1441918800,154.702,155.205,154.608,155.046
1442178000,155.046,155.413,154.911,155.131
1442264400,155.131,155.252,153.683,153.776
1442350800,153.776,154.124,153.417,153.607
1442437200,153.607,154.605,153.508,154.58
1442523600,154.58,155.323,154.556,155.316
1442782800,155.316,155.316,154.669,154.844
1442869200,154.844,156.1,154.81,155.907
1442955600,155.907,156.17,155.631,155.906
1443042000,155.906,156.362,155.675,155.737
1443128400,155.737,155.743,155.046,155.461
1443387600,155.461,156.211,155.339,156.154
1443474000,156.154,156.444,155.79,156.203
1443560400,156.203,156.208,155.778,156.169
1443646800,156.169,156.891,155.869,156.697
1443733200,156.697,157.592,156.362,157.072
1443992400,157.072,157.165,156.376,156.376
1444078800,156.376,156.614,155.847,156.172
1444165200,156.172,156.241,155.678,156.101
1444251600,156.101,156.689,155.94,156.065
1444338000,156.065,156.2,155.711,155.903
1444597200,155.903,156.404,155.774,156.326
1444683600,156.326,156.652,156.045,156.335
1444770000,156.335,156.956,156.335,156.936
1444856400,156.936,157.052,156.595,156.612
1444942800,156.612,157.048,156.612,156.793
1445202000,156.793,156.856,156.401,156.687
1445288400,156.687,156.824,155.658,155.748
1445374800,155.748,156.634,155.674,156.579
1445461200,156.579,157.665,156.375,157.55
1445547600,157.55,157.735,157.156,157.373
1445806800,157.373,157.679,157.351,157.577
1445893200,157.577,158.327,157.562,158.225
1445979600,158.225,158.561,157.881,157.969
1446066000,157.969,158.182,156.945,157.085
1446152400,157.085,157.523,156.924,157.259
1446415200,157.259,157.404,156.467,156.687
1446501600,156.687,157.028,156.388,156.511
1446588000,156.511,156.899,156.179,156.342
1446674400,156.342,156.58,156.081,156.238
1446760800,156.238,156.469,154.997,155.202
1447020000,155.202,155.645,154.785,155.58
1447106400,155.58,156.176,155.436,156.079
1447192800,156.079,156.564,155.897,156.315
1447279200,156.315,156.578,156.148,156.351
1447365600,156.351,157.059,156.291,157.047
1447624800,157.047,157.363,156.762,157.255
1447711200,157.255,157.691,157.164,157.636
1447797600,157.636,157.825,157.325,157.77
1447884000,157.77,158.081,157.626,157.981
1447970400,157.981,158.167,157.767,157.965
1448229600,157.965,157.965,157.14,157.612
1448316000,157.612,158.043,157.447,157.733
1448402400,157.733,158.423,157.577,158.316
1448488800,158.316,158.559,158.249,158.399
1448575200,158.399,158.918,158.399,158.612
1448834400,158.612,158.688,158.303,158.418
1448920800,158.418,158.73,157.795,158.638
1449007200,158.638,158.874,158.344,158.464
1449093600,158.464,158.759,155.073,155.264
1449180000,155.264,156.141,154.848,155.558
1449439200,155.558,157.128,155.558,156.876
1449525600,156.876,157.4,156.705,157.217
1449612000,157.217,157.306,156.618,157.065
1449698400,157.065,157.462,156.865,157.027
1449784800,157.027,157.865,157.027,157.802
1450044000,157.802,157.802,157.087,157.122
1450130400,157.122,157.285,155.925,156.274
1450216800,156.274,156.55,155.434,155.934
1450303200,155.934,157.113,155.934,157.095
1450389600,157.095,157.823,157.095,157.712
1450648800,157.712,157.956,157.258,157.762
1450735200,157.762,157.771,156.977,157.112
1450821600,157.112,157.28,156.535,156.725
1451253600,156.725,157.798,156.696,157.59
1451340000,157.59,157.689,156.348,156.54
1451426400,156.54,157.054,156.485,156.775
1451858400,156.775,157.863,156.775,157.551
1451944800,157.551,158.182,157.397,158.042
1452031200,158.042,158.86,158.042,158.636
1452117600,158.636,159.143,158.006,158.474
1452204000,158.474,158.826,158.09,158.811
1452463200,158.811,158.822,158.191,158.208
1452549600,158.208,158.729,157.755,158.466
1452636000,158.466,159.183,158.191,159.095
1452722400,159.095,159.392,158.623,158.843
1452808800,158.843,159.616,158.843,159.392
1453068000,159.392,159.563,159.111,159.508
1453154400,159.508,159.544,159.041,159.366
1453240800,159.366,160.515,159.366,160.116
1453327200,160.116,161.127,160.01,160.867
1453413600,160.867,160.867,160.236,160.479
1453672800,160.479,160.809,160.397,160.807
1453759200,160.807,161.298,160.807,161.11
1453845600,161.11,161.543,160.904,161.523
1453932000,161.523,162.023,161.233,161.784
1454018400,161.784,162.84,161.784,162.773
1454277600,162.773,163.144,162.264,162.461
1454364000,162.461,163.151,162.461,163.129
1454450400,163.129,163.63,162.695,163.238
1454536800,163.238,163.286,162.677,163.131
1454623200,163.131,163.471,162.76,163.395
1454882400,163.395,164.551,163.219,164.417
1454968800,164.417,164.729,163.61,164.056
1455055200,164.056,164.288,163.673,164.275
1455141600,164.275,165.697,164.275,164.692
1455228000,164.692,164.775,163.721,163.884
1455487200,163.884,164.476,163.408,164.3
1455573600,164.3,164.303,163.696,163.981
1455660000,163.981,164.287,163.671,164.014
1455746400,164.014,164.867,163.903,164.852
1455832800,164.852,165.152,164.54,164.735
1456092000,164.735,165.313,164.638,165.152
1456178400,165.152,165.306,164.511,165.285
1456264800,165.285,166.012,165.272,165.458
1456351200,165.458,165.999,165.356,165.894
1456437600,165.894,165.894,165.509,165.668
1456696800,165.668,166.296,165.616,166.232
1456783200,166.232,166.251,165.431,165.489
1456869600,165.489,165.489,164.639,164.726
1456956000,164.726,165.414,164.321,165.276
1457042400,165.276,165.308,164.296,164.639
1457301600,164.639,164.894,164.441,164.523
1457388000,164.523,165.394,164.523,164.905
1457474400,164.905,164.905,164.007,164.158
1457560800,164.158,165.456,162.846,163.272
1457647200,163.272,163.989,163.054,163.793
1457902800,163.793,164.176,163.207,163.267
1457989200,163.267,163.707,162.938,163.008
1458075600,163.008,163.695,162.99,163.674
1458162000,163.674,164.347,163.674,164.308
1458248400,164.308,164.69,164.203,164.467
1458507600,164.467,164.807,163.993,164.184
1458594000,164.184,164.835,164.075,164.108
1458680400,164.108,164.688,163.981,164.623
1458766800,164.623,165.065,164.556,164.767
1459198800,164.767,165.449,164.704,165.415
1459285200,165.415,165.448,164.726,165.142
1459371600,165.142,165.228,164.605,165.114
1459458000,165.114,165.351,164.805,165.306
1459717200,165.306,165.421,164.925,165.236
1459803600,165.236,165.901,165.236,165.741
1459890000,165.741,165.741,165.172,165.367
1459976400,165.367,165.85,165.253,165.82
1460062800,165.82,165.82,165.456,165.734
1460322000,165.734,165.936,165.073,165.382
1460408400,165.382,165.382,164.544,164.616
1460494800,164.616,165.247,164.453,165.198
1460581200,165.198,165.249,164.431,164.58
1460667600,164.58,165.23,164.518,165.081
1460926800,165.081,165.327,164.518,164.654
1461013200,164.654,164.744,164.226,164.455
1461099600,164.455,164.852,164.317,164.357
1461186000,164.357,164.436,163.414,163.63
1461272400,163.63,163.758,163.41,163.652
1461531600,163.652,163.81,162.8975,163.096
1461618000,163.0955,163.2865,162.4315,162.486
1461704400,162.486,163.0905,162.4755,163.064
1461790800,163.064,163.722,163.064,163.398
1461877200,163.398,163.51,162.468,162.904
1462136400,162.9035,163.232,162.668,162.714
1462222800,162.714,163.944,162.714,163.71
1462309200,163.71,163.8825,163.4775,163.83
1462395600,163.83,164.628,163.51,164.616
1462482000,164.616,164.6905,164.1695,164.376
1462741200,164.3765,164.82,164.1955,164.76
1462827600,164.76,165.02,164.532,164.852
1462914000,164.852,164.9945,164.61,164.88
1463000400,164.88,165.11,164.2435,164.4
1463086800,164.4,164.886,164.358,164.858
1463432400,164.8585,164.8585,164.002,164.46
1463518800,164.46,164.46,163.636,163.75
1463605200,163.7505,164.17,163.5255,164.062
1463691600,164.0615,164.184,163.762,164.066
1463950800,164.066,164.4345,163.7055,163.912
1464037200,163.9115,164.116,163.7415,163.868
1464123600,163.8685,164.262,163.454,164.058
1464210000,164.058,164.476,163.872,164.346
1464296400,164.3465,164.6325,164.174,164.218
1464555600,164.2185,164.2185,163.738,163.914
1464642000,163.914,164.384,163.58,164.304
1464728400,164.304,164.582,164.22,164.234
1464814800,164.2335,164.768,164.03,164.634
1464901200,164.634,165.4165,164.57,165.382
1465160400,165.3825,165.3825,164.992,165.082
1465246800,165.082,165.636,164.97,165.492
1465333200,165.492,165.8025,165.2615,165.4415
1465419600,165.442,165.904,165.442,165.76
1465506000,165.7595,166.07,165.642,165.946
1465765200,166.01,166.01,165.652,165.818
1465851600,165.818,166.65,165.76,166.106
1465938000,166.106,166.462,165.902,166.3595
1466024400,166.36,166.692,166.09,166.2445
1466110800,166.244,166.288,165.704,165.974
1466370000,165.9735,165.9735,165.12,165.3275
1466456400,165.3275,165.5425,165.036,165.2105
1466542800,165.21,165.6,165.0995,165.544
1466629200,165.5445,165.5445,164.4415,164.5595
1466715600,164.56,169.7525,164.5595,166.54
1466974800,166.5405,167.802,166.5405,167.76
1467061200,167.76,167.768,167.1395,167.698
1467147600,167.698,167.982,167.506,167.544
1467234000,167.544,168.178,166.378,166.766
1467320400,166.766,168.16,166.766,167.874
1467579600,167.8745,168.048,167.53,167.988
1467666000,167.988,168.778,167.988,168.686
1467752400,168.686,168.92,168.366,168.504
1467838800,168.5035,168.5685,168.0215,168.382
1467925200,168.382,168.808,168.12,168.8
1468184400,168.8,168.8,168.158,168.208
1468270800,168.208,168.208,167.026,167.122
1468357200,167.122,168.0565,167.122,167.912
1468443600,167.912,167.912,166.94,167.424
1468530000,167.424,167.502,166.616,166.754
1468789200,166.754,167.29,166.754,167.108
1468875600,167.108,167.484,166.948,167.1765
1468962000,167.176,167.34,166.758,166.87
1469048400,166.87,167.032,166.224,166.9815
1469134800,166.982,167.252,166.5915,167.058
1469394000,167.058,167.344,166.698,167.194
1469480400,167.194,167.566,166.952,167.184
1469566800,167.184,168.112,166.884,168.106
1469653200,168.1065,168.1265,167.63,168.034
1469739600,168.034,168.488,167.4235,168.458
1469998800,168.458,168.458,167.832,167.904
1470085200,167.904,167.904,166.828,167.126
1470171600,167.1265,167.34,166.858,167.324
1470258000,167.324,168.1045,166.986,167.944
1470344400,167.944,168.046,167.458,167.478
1470603600,167.4785,167.61,167.124,167.442
1470690000,167.4415,167.92,167.274,167.91
1470776400,167.91,168.3385,167.834,168.3035
1470862800,168.304,168.352,167.642,167.682
1470949200,167.682,168.292,167.682,167.982
1471208400,167.9825,168.142,167.458,167.542
1471294800,167.542,167.8765,166.934,167.106
1471381200,167.106,167.5585,166.914,167.4
1471467600,167.4,167.93,167.4,167.838
1471554000,167.838,167.838,166.986,167.244
1471813200,167.2445,167.8405,167.0575,167.756
1471899600,167.756,168.03,167.56,167.904
1471986000,167.904,167.91,167.616,167.746
1472072400,167.7465,167.798,167.274,167.522
1472158800,167.522,167.912,167.018,167.114
1472418000,167.114,167.8565,166.7635,167.832
1472504400,167.832,167.9525,167.4755,167.8395
1472590800,167.84,167.842,167.366,167.376
1472677200,167.3765,167.546,167.03,167.464
1472763600,167.4645,167.754,166.9775,167.244
1473022800,167.2445,167.464,167.16,167.2555
1473109200,167.256,168.172,167.1475,168.088
1473195600,168.088,168.352,168.024,168.264
1473282000,168.264,168.278,167.1155,167.256
1473368400,167.2565,167.2565,166.15,166.15
1473627600,166.15,166.196,165.542,166.044
1473714000,166.0435,166.41,165.02,165.362
1473800400,165.362,166.14,165.228,166.048
1473886800,166.048,166.186,165.4535,165.94
1473973200,165.94,166.686,165.94,166.316
1474232400,166.3165,166.4185,165.934,166.018
1474318800,166.0185,166.564,165.9455,166.4175
1474405200,166.418,166.604,166.044,166.532
1474491600,166.532,167.546,166.532,167.35
1474578000,167.35,167.4845,167.188,167.368
1474837200,167.368,167.8525,167.208,167.804
1474923600,167.804,168.3685,167.556,168.088
1475010000,168.088,168.25,167.812,167.87
1475096400,167.87,168.1125,167.628,167.962
1475182800,167.962,168.3725,167.546,167.776
1475528400,167.776,167.776,166.5495,166.584
1475614800,166.5845,166.88,165.9795,166.136
1475701200,166.1355,166.682,165.8515,165.924
1475787600,165.924,166.084,165.492,165.784
1476046800,165.784,165.88,164.994,165.13
1476133200,165.1305,165.582,165.0675,165.366
1476219600,165.3665,165.46,164.772,165.042
1476306000,165.042,165.554,165.042,165.37
1476392400,165.37,165.37,164.76,164.76
1476651600,164.76,165.04,164.2935,165.002
1476738000,165.002,165.25,164.7655,165.23
1476824400,165.23,165.468,165.1355,165.23
1476910800,165.2305,165.7165,164.63,165.646
1476997200,165.646,165.72,165.4155,165.636
1477256400,165.636,165.826,165.13,165.208
1477342800,165.208,165.422,164.9655,165.062
1477429200,165.062,165.284,164.1055,164.29
1477515600,164.29,164.378,162.8975,163.232
1477602000,163.232,163.422,162.5355,163.254
1477861200,163.254,163.382,163.0275,163.19
1477947600,163.19,163.3785,162.562,163.136
1478034000,163.136,163.786,163.136,163.47
1478120400,163.47,163.682,162.912,163.068
1478206800,163.0685,163.572,163.0595,163.364
1478469600,163.3645,163.3645,162.802,162.988
1478556000,162.988,163.288,162.5175,162.646
1478642400,162.6455,163.99,161.6835,161.742
1478728800,161.742,162.31,160.85,161.212
1478815200,161.212,161.356,160.5155,160.706
1479074400,160.706,161.022,159.796,160.7785
1479160800,160.778,161.248,160.7695,160.954
1479247200,160.954,161.178,160.424,161.164
1479333600,161.164,161.5285,160.9135,161.102
1479420000,161.1025,161.624,160.522,161.336
1479679200,161.3355,161.4185,160.96,161.312
1479765600,161.3125,161.996,161.136,161.772
1479852000,161.772,162.1165,160.714,161.536
1479938400,161.536,161.77,161.254,161.392
1480024800,161.3915,161.934,161.382,161.766
1480284000,161.766,162.364,161.736,162.242
1480370400,162.2415,162.2545,161.52,162.182
1480456800,162.182,162.2265,160.938,160.944
1480543200,160.9435,161.082,159.474,159.74
1480629600,159.74,161.274,159.74,161.152
1480888800,161.1515,161.6565,159.8475,160.418
1480975200,160.418,160.73,159.7275,159.78
1481061600,159.78,160.622,159.62,160.32
1481148000,160.32,160.424,158.582,160.07
1481234400,160.07,160.948,159.678,160.178
1481493600,160.1785,160.1785,159.52,159.97
1481580000,159.97,160.68,159.802,160.602
1481666400,160.602,161.352,160.464,160.474
1481752800,160.474,160.7825,159.942,160.504
1481839200,160.5035,161.3425,160.5035,160.834
1482098400,160.8335,162.32,160.8335,162.274
1482184800,162.274,162.274,161.6655,161.824
1482271200,161.824,162.198,161.824,162.164
1482357600,162.164,162.2905,161.742,162.07
1482444000,162.07,162.648,162.0375,162.566
1482789600,162.5665,163.0965,162.4775,163.0625
1482876000,163.062,163.262,162.822,163.186
1482962400,163.186,163.5925,163.186,163.426
1483048800,163.426,163.512,163.062,163.126
1483394400,163.1255,163.544,162.03,162.54
1483480800,162.54,162.66,162.154,162.326
1483567200,162.326,162.794,161.868,162.726
1483653600,162.7265,162.742,161.752,161.902
1483912800,161.902,162.448,161.598,162.32
1483999200,162.32,162.498,162.056,162.302
1484085600,162.302,163.132,162.196,162.752
1484172000,162.752,163.354,162.692,162.778
1484258400,162.778,163.208,162.324,162.734
1484517600,162.7335,163.136,162.622,162.784
1484604000,162.7835,163.692,162.7835,163.132
1484690400,163.1325,163.1325,162.298,162.312
1484776800,162.312,162.422,161.9,162.366
1484863200,162.366,162.558,161.5,161.814
1485122400,161.8135,162.71,161.79,162.544
1485208800,162.544,162.57,161.844,161.944
1485295200,161.944,161.944,160.9,160.956
1485381600,160.956,161.26,160.694,161.088
1485468000,161.088,161.334,160.892,161.292
1485727200,161.2915,161.66,160.798,161.33
1485813600,161.3295,161.744,160.954,161.538
1485900000,161.5385,161.5385,160.992,161.33
1485986400,161.3295,162.042,161.112,161.7655
1486072800,161.766,162.176,161.516,161.854
1486332000,161.8535,163.0245,161.8535,162.982
1486418400,162.982,163.292,162.536,163.122
1486504800,163.1225,163.99,163.016,163.934
1486591200,163.934,164.054,163.584,163.586
1486677600,163.586,163.772,163.37,163.684
1486936800,163.6845,163.6845,163.328,163.57
1487023200,163.57,163.7265,162.934,163.162
1487109600,163.1615,163.222,162.818,163.052
1487196000,163.0515,163.586,163.014,163.456
1487282400,163.456,164.33,163.334,164.146
1487541600,164.146,164.44,163.938,164.396
1487628000,164.396,164.404,163.868,164.264
1487714400,164.2645,165.316,164.104,164.926
1487800800,164.926,165.58,164.644,165.566
1487887200,165.566,166.216,165.418,166.166
1488146400,166.166,166.184,165.772,165.7795
1488232800,165.7795,166.1,165.572,165.818
1488319200,165.818,165.818,164.568,164.8205
1488405600,164.8205,164.8205,164.226,164.452
1488492000,164.452,164.584,163.588,163.672
1488751200,163.672,164.17,163.672,163.884
1488837600,163.8845,164.406,163.698,164.138
1488924000,164.1385,164.1385,163.268,163.494
1489010400,163.494,163.494,162.3275,162.496
1489096800,162.4965,162.584,161.594,161.746
1489352400,161.746,162.318,161.568,161.646
1489438800,161.646,162.27,161.334,162.128
1489525200,162.128,163.036,162.004,162.796
1489611600,162.7955,162.94,161.696,161.736
1489698000,161.7355,162.4,161.6,162.2715
1489957200,162.2715,162.388,161.802,162.28
1490043600,162.28,162.28,161.498,162.036
1490130000,162.0355,162.6885,162.022,162.558
1490216400,162.558,162.804,162.212,162.2855
1490302800,162.286,162.646,162.04,162.532
1490562000,162.5315,163.228,162.438,162.49
1490648400,162.4905,162.902,162.336,162.438
1490734800,162.438,163.408,162.348,163.346
1490821200,163.346,163.704,163.194,163.496
1490907600,163.496,163.634,163.324,163.602
1491166800,163.6025,164.19,163.36,164.17
1491253200,164.1695,164.71,164.1695,164.368
1491339600,164.3675,164.656,163.982,164.544
1491426000,164.544,164.6,164.18,164.41
1491512400,164.4095,164.946,164.4095,164.51
1491771600,164.51,165.104,164.42,164.95
1491858000,164.95,165.176,164.654,165.002
1491944400,165.002,165.266,164.768,165.218
1492030800,165.218,165.542,165.132,165.376
1492462800,165.3765,165.55,164.91,165.394
1492549200,165.394,165.394,164.694,164.826
1492635600,164.826,164.944,164.018,164.32
1492722000,164.32,164.408,163.946,163.956
1492981200,163.9565,163.9565,162.298,162.89
1493067600,162.89,162.89,161.966,162.02
1493154000,162.02,162.642,161.944,162.632
1493240400,162.632,163.412,162.294,163.286
1493326800,163.286,163.286,162.498,163.058
1493672400,163.058,163.058,162.568,162.878
1493758800,162.878,163.022,162.6055,162.62
1493845200,162.6205,162.6205,161.784,161.992
1493931600,161.992,162.186,161.38,161.388
1494190800,161.3885,161.9,161.18,161.376
1494277200,161.376,161.378,161.006,161.272
1494363600,161.272,161.696,161.088,161.172
1494450000,161.172,161.38,160.834,161.234
1494536400,161.234,161.788,161.2235,161.7285
1494795600,161.7285,161.7285,161.162,161.23
1494882000,161.2295,161.3065,160.846,161.078
1494968400,161.0775,162.2,161.0775,162.124
1495054800,162.124,162.632,161.716,162.106
1495141200,162.106,162.134,161.75,161.922
1495400400,161.922,161.962,161.286,161.382
1495486800,161.382,161.782,161.056,161.136
1495573200,161.136,161.556,161.122,161.468
1495659600,161.468,161.8285,161.43,161.774
1495746000,161.7735,162.244,161.698,162.194
1496005200,162.194,162.588,161.966,162.51
1496091600,162.5095,162.662,162.312,162.65
1496178000,162.6505,162.664,162.294,162.356
1496264400,162.356,162.53,162.146,162.47
1496350800,162.4705,163.008,162.37,162.944
1496696400,162.944,163.338,162.916,163.234
1496782800,163.234,163.46,163.118,163.204
1496869200,163.204,163.55,162.884,163.456
1496955600,163.4555,163.556,163.142,163.412
1497214800,163.412,163.7025,163.312,163.588
1497301200,163.5885,163.5885,163.192,163.474
1497387600,163.4735,164.028,163.316,163.868
1497474000,163.868,163.928,162.906,163.1
1497560400,163.1005,163.288,162.658,163.27
1497819600,163.27,163.382,163.012,163.188
1497906000,163.1875,163.61,163.184,163.592
1497992400,163.592,163.888,163.398,163.57
1498078800,163.57,163.872,163.512,163.708
1498165200,163.708,163.808,163.588,163.7
1498424400,163.7,164.14,163.692,163.87
1498510800,163.8705,164.036,161.87,162.008
1498597200,162.0085,162.778,161.528,162.106
1498683600,162.106,162.106,160.8455,160.894
1498770000,160.894,161.382,160.456,160.556
1499029200,160.556,161.16,160.37,160.598
1499115600,160.598,161.064,160.598,160.724
1499202000,160.724,161.008,160.43,160.776
1499288400,160.776,160.786,159.35,159.504
1499374800,159.5045,159.648,159.244,159.46
1499634000,159.46,160.1005,159.42,159.942
1499720400,159.9425,159.944,159.48,159.876
1499806800,159.8755,160.448,159.844,160.41
1499893200,160.41,160.948,160.06,160.314
1499979600,160.3135,160.782,160.1175,160.12
1500238800,160.12,160.622,160.12,160.486
1500325200,160.486,160.888,160.352,160.85
1500411600,160.85,161.166,160.706,160.942
1500498000,160.9415,161.288,160.706,161.094
1500584400,161.0935,161.7165,161.0935,161.488
1500843600,161.4875,161.8785,161.47,161.668
1500930000,161.6675,161.796,160.7955,160.848
1501016400,160.848,161.364,160.848,161.234
1501102800,161.234,161.762,161.228,161.432
1501189200,161.4315,161.654,160.6655,161.3155
1501448400,161.3155,161.522,161.06,161.322
1501534800,161.322,162.298,161.182,162.29
1501621200,162.2905,162.3425,162.012,162.236
1501707600,162.236,162.872,162.104,162.854
1501794000,162.854,162.906,162.31,162.586
1502053200,162.586,162.846,162.3,162.742
1502139600,162.7415,162.894,162.524,162.642
1502226000,162.642,163.482,162.642,163.24
1502312400,163.24,163.812,163.156,163.81
1502398800,163.8095,164.164,163.712,164.0945
1502658000,164.0945,164.0945,163.446,163.664
1502744400,163.6645,163.676,163.062,163.378
1502830800,163.378,163.652,162.988,163.616
1502917200,163.616,163.96,163.356,163.956
1503003600,163.956,164.128,163.6675,163.8165
1503262800,163.8165,164.282,163.764,164.252
1503349200,164.2525,164.2525,163.852,164.086
1503435600,164.086,164.638,163.966,164.628
1503522000,164.6285,164.662,164.43,164.436
1503608400,164.436,164.58,164.144,164.51
1503867600,164.5095,164.816,164.42,164.616
1503954000,164.616,165.54,164.616,165.122
1504040400,165.122,165.176,164.784,165.022
1504126800,165.022,165.13,164.692,165.048
1504213200,165.048,165.048,164.332,164.58
1504472400,164.5795,164.882,164.5795,164.744
1504558800,164.744,165.512,164.532,165.452
1504645200,165.452,165.452,164.788,164.85
1504731600,164.85,165.774,164.748,165.688
1504818000,165.6875,165.93,165.312,165.544
1505077200,165.5445,165.5445,165.054,165.128
1505163600,165.128,165.128,164.1,164.288
1505250000,164.288,164.4105,163.964,164.086
1505336400,164.0865,164.346,163.684,163.938
1505422800,163.9375,164.108,163.35,163.654
1505682000,163.654,163.654,163.048,163.238
1505768400,163.238,163.532,163.082,163.21
1505854800,163.21,163.544,162.882,163.08
1505941200,163.08,163.3,162.764,163.112
1506027600,163.112,163.35,162.968,163.224
1506286800,163.224,163.978,163.118,163.942
1506373200,163.9425,163.9425,163.586,163.734
1506459600,163.7345,163.7345,162.59,162.852
1506546000,162.852,162.856,162.1535,162.814
1506632400,162.814,163.19,162.682,162.88
1506891600,162.88,163.168,162.466,162.91
1507064400,162.9095,163.57,162.9095,163.038
1507150800,163.0385,163.378,162.772,163.0535
1507237200,163.054,163.054,162.268,162.79
1507496400,162.7905,163.0865,162.6875,163.046
1507582800,163.046,163.252,162.708,162.866
1507669200,162.8665,162.948,162.664,162.722
1507755600,162.722,163.098,162.69,163.0345
1507842000,163.0345,163.6425,162.93,163.5645
1508101200,163.5645,163.964,163.33,163.8485
1508187600,163.8485,164.174,163.756,164.014
1508274000,164.014,164.14,163.486,163.5505
1508360400,163.5505,163.9,163.392,163.462
1508446800,163.4625,163.4625,162.648,162.796
1508706000,162.7965,163.004,162.692,162.8645
1508792400,162.864,162.902,162.204,162.376
1508878800,162.376,162.482,161.928,162.23
1508965200,162.2295,163.13,162.092,162.808
1509051600,162.808,163.586,162.75,163.504
1509310800,163.504,163.7725,163.2895,163.732
1509397200,163.732,163.83,163.45,163.686
1509483600,163.6865,163.766,163.352,163.442
1509570000,163.442,163.648,163.188,163.584
1509656400,163.584,163.888,163.5455,163.704
1509919200,163.704,164.078,163.638,163.9535
1510005600,163.954,164.186,163.76,164.112
1510092000,164.112,164.41,163.9975,163.9975
1510178400,163.9975,164.162,163.232,163.5005
1510264800,163.5005,163.5005,162.852,162.928
1510524000,162.928,163.188,162.6535,162.674
1510610400,162.674,163.0705,162.524,163.022
1510696800,163.0215,163.66,163.0215,163.38
1510783200,163.3805,163.3805,162.932,163.156
1510869600,163.156,163.46,163.026,163.366
1511128800,163.366,163.608,163.284,163.32
1511215200,163.32,163.696,163.298,163.594
1511301600,163.594,163.69,163.006,163.506
1511388000,163.506,163.506,163.262,163.398
1511474400,163.398,163.398,163.012,163.188
1511733600,163.1885,163.456,163.0175,163.416
1511820000,163.416,163.54,163.188,163.2355
1511906400,163.2355,163.3,162.594,162.8085
1511992800,162.8085,163.084,162.442,162.8935
1512079200,162.8935,164.186,162.796,163.7865
1512338400,163.7865,163.7865,163.29,163.47
1512424800,163.47,163.838,163.278,163.808
1512511200,163.8075,164.1445,163.714,163.932
1512597600,163.9325,164.148,163.714,163.988
1512684000,163.988,164.028,163.646,163.934
1512943200,163.934,164.238,163.838,163.98
1513029600,163.98,164.09,163.64,163.81
1513116000,163.81,163.924,163.3655,163.8925
1513202400,163.8925,163.96,163.342,163.96
1513288800,163.96,164.124,163.816,164.036
1513548000,164.0365,164.0365,163.7,163.72
1513634400,163.72,163.782,162.572,162.908
1513720800,162.908,162.908,161.994,162.258
1513807200,162.258,162.258,161.908,162.07
1513893600,162.07,162.26,161.984,162.054
1514325600,162.0545,162.726,162.008,162.726
1514412000,162.7265,162.7265,162.0555,162.0655
1514498400,162.0655,162.222,161.816,162.148
1514844000,162.148,162.148,161.512,161.67
1514930400,161.67,162.15,161.536,161.862
1515016800,161.8625,162.074,161.594,162.022
1515103200,162.0225,162.172,161.83,161.9245
1515362400,161.924,162.348,161.698,162.0835
1515448800,162.084,162.2985,161.5055,161.508
1515535200,161.508,161.6605,161.218,161.636
1515621600,161.6355,161.8325,160.5635,160.798
1515708000,160.7985,160.94,160.398,160.8225
1515967200,160.822,161.026,160.562,160.66
1516053600,160.6595,161.23,160.6595,161.114
1516140000,161.1145,161.2245,160.914,160.9415
1516226400,160.942,160.948,160.558,160.734
1516312800,160.734,161.094,160.568,160.824
1516572000,160.824,161.054,160.618,160.82
1516658400,160.82,161.354,160.82,161.046
1516744800,161.046,161.068,160.5455,160.7845
1516831200,160.784,160.958,159.882,160.518
1516917600,160.5185,160.566,159.944,160.0135
1517176800,160.014,160.014,158.856,159.184
1517263200,159.184,159.364,158.924,159.024
1517349600,159.0235,159.508,158.708,158.88
1517436000,158.8805,158.982,158.3295,158.33
1517522400,158.3295,158.528,157.876,158.1
1517781600,158.1,159.45,157.788,159.218
1517868000,159.218,159.384,158.636,158.686
1517954400,158.686,159.072,158.068,158.158
1518040800,158.1585,158.3665,157.4035,158.26
1518127200,158.2605,158.78,157.84,158.176
1518386400,158.176,158.284,157.664,158.094
1518472800,158.094,158.55,158.07,158.312
1518559200,158.312,158.478,157.764,157.8195
1518645600,157.82,158.108,157.52,157.8145
1518732000,157.814,158.874,157.754,158.578
1518991200,158.578,158.61,158.258,158.3785
1519077600,158.3785,158.6225,157.9835,158.452
1519164000,158.4515,158.9185,158.2435,158.324
1519250400,158.324,158.912,158.254,158.746
1519336800,158.7455,159.716,158.7455,159.5855
1519596000,159.5855,159.712,159.302,159.43
1519682400,159.43,159.548,159.118,159.334
1519768800,159.334,159.554,159.076,159.54
1519855200,159.54,160.102,159.476,160.08
1519941600,160.0805,160.196,159.55,159.596
1520200800,159.5955,160.278,159.28,159.436
1520287200,159.436,159.6,158.772,159.02
1520373600,159.02,159.506,159.02,159.11
1520460000,159.1095,159.858,158.706,159.696
1520546400,159.6965,159.7185,159.346,159.464
1520802000,159.464,159.738,159.296,159.6835
1520888400,159.684,159.964,159.536,159.942
1520974800,159.942,160.3,159.678,160.17
1521061200,160.17,160.548,160.122,160.432
1521147600,160.4315,160.644,160.268,160.456
1521406800,160.4565,160.494,159.87,160.342
1521493200,160.3425,160.3425,160.074,160.076
1521579600,160.0755,160.234,159.8975,160.126
1521666000,160.126,161.12,160.126,160.908
1521752400,160.908,161.096,160.648,161.09
1522011600,161.0905,161.0905,160.598,160.76
1522098000,160.7595,161.398,160.726,161.372
1522184400,161.372,161.658,161.07,161.124
1522270800,161.1235,161.412,161.08,161.318
1522702800,161.3175,161.41,160.872,160.974
1522789200,160.974,161.4325,160.974,161.032
1522875600,161.032,161.032,160.632,160.794
1522962000,160.7935,161.244,160.7935,161.236
1523221200,161.236,161.236,160.856,161.102
1523307600,161.1025,161.19,160.598,160.742
1523394000,160.7415,161.216,160.7415,160.93
1523480400,160.93,161.064,160.688,160.798
1523566800,160.798,160.874,160.47,160.816
1523826000,160.816,160.816,160.174,160.608
1523912400,160.608,160.84,160.358,160.792
1523998800,160.792,160.922,160.318,160.386
1524085200,160.386,160.394,159.394,159.642
1524171600,159.642,159.706,159.2,159.204
1524430800,159.204,159.204,158.85,159.054
1524517200,159.054,159.234,158.622,159.114
1524603600,159.114,159.114,158.61,158.922
1524690000,158.922,159.602,158.88,159.478
1524776400,159.478,159.894,159.478,159.704
1525035600,159.704,159.93,159.42,159.84
1525208400,159.84,159.84,159.426,159.58
1525294800,159.58,160.288,159.384,160.094
1525381200,160.094,160.306,159.962,160.088
1525640400,160.088,160.26,159.922,160.104
1525726800,160.104,160.104,159.576,159.712
1525813200,159.712,159.712,159.306,159.564
1525899600,159.564,159.998,159.564,159.622
1525986000,159.622,159.884,159.51,159.61
1526245200,159.61,159.656,158.758,158.906
1526331600,158.906,158.906,158.214,158.444
1526418000,158.444,159.076,158.434,158.662
1526504400,158.662,158.95,158.284,158.348
1526590800,158.348,159.334,158.338,159.334
1526850000,159.334,159.936,159.066,159.838
1526936400,159.838,159.85,159.166,159.456
1527022800,159.456,160.24,159.43,160.016
1527109200,160.016,160.652,159.68,160.5
1527195600,160.5,161.67,160.386,161.516
1527454800,161.516,162.244,160.554,162.22
1527541200,162.22,164.382,162.018,163.566
1527627600,163.566,163.566,161.608,162.002
1527714000,162.002,162.39,161.126,161.926
1527800400,161.926,161.97,161.124,161.492
1528059600,161.492,161.492,160.818,160.824
1528146000,160.824,161.786,160.824,161.35
1528232400,161.35,161.436,159.956,160.12
1528318800,160.12,160.602,159.514,160.372
1528405200,160.372,161.25,160.312,160.444
1528664400,160.444,160.444,159.676,159.962
1528750800,159.962,160.036,159.5,159.988
1528837200,159.988,160.334,159.744,159.886
1528923600,159.886,160.964,159.572,160.932
1529010000,160.932,161.642,160.872,161.116
1529269200,161.116,161.524,161.116,161.224
1529355600,161.224,161.978,161.224,161.632
1529442000,161.632,161.796,161.424,161.424
1529528400,161.424,162.454,161.374,162.326
1529614800,162.326,162.342,161.912,162.252
1529874000,162.252,162.666,162.118,162.204
1529960400,162.204,162.472,161.858,162.154
1530046800,162.154,162.646,162.11,162.516
1530133200,162.516,162.764,162.274,162.382
1530219600,162.382,162.748,161.952,162.526
1530478800,162.526,162.974,162.52,162.548
1530565200,162.548,162.904,162.318,162.83
1530651600,162.83,162.956,162.466,162.518
1530738000,162.518,162.854,162.154,162.662
1530824400,162.662,163.024,162.564,162.852
1531083600,162.852,162.852,162.438,162.644
1531170000,162.644,162.658,162.338,162.474
1531256400,162.474,162.876,162.474,162.746
1531342800,162.746,162.894,162.524,162.784
1531429200,162.784,163.288,162.744,163.012
1531688400,163.012,163.04,162.516,162.798
1531774800,162.798,162.968,162.648,162.818
1531861200,162.818,163.266,162.818,162.886
1531947600,162.886,163.314,162.774,163.214
1532034000,163.214,163.448,162.512,162.582
1532293200,162.582,162.604,162.038,162.088
1532379600,162.088,162.398,161.888,162.304
1532466000,162.304,162.526,161.966,162.008
1532552400,162.008,162.424,161.944,162.074
1532638800,162.074,162.294,162.034,162.202
1532898000,162.202,162.35,161.388,161.674
1532984400,161.674,162.098,161.468,161.666
1533070800,161.666,161.666,160.908,161.1
1533157200,161.1,161.6,161.1,161.446
1533243600,161.446,162.164,161.426,162.102
1533502800,162.102,162.426,161.88,162.298
1533589200,162.298,162.436,162.018,162.062
1533675600,162.062,162.316,162.006,162.224
1533762000,162.224,162.654,162.224,162.644
1533848400,162.644,163.494,162.644,163.336
1534107600,163.336,163.65,163.25,163.504
1534194000,163.504,163.504,163.148,163.24
1534280400,163.24,163.852,163.136,163.606
1534366800,163.606,163.7,163.396,163.548
1534453200,163.548,163.902,163.454,163.584
1534712400,163.584,163.76,163.45,163.708
1534798800,163.708,163.728,163.188,163.278
1534885200,163.278,163.466,162.926,163.216
1534971600,163.216,163.246,162.954,163.174
1535058000,163.174,163.174,162.824,163.154
1535317200,163.154,163.37,162.57,162.688
1535403600,162.688,162.888,162.368,162.502
1535490000,162.502,162.686,162.116,162.226
1535576400,162.226,163.084,162.136,162.954
1535662800,162.954,163.324,162.844,163.144
1535922000,163.144,163.49,163.05,163.208
1536008400,163.208,163.218,162.79,162.886
1536094800,162.886,163.004,162.226,162.452
1536181200,162.452,162.928,162.368,162.788
1536267600,162.788,162.866,162.252,162.348
1536526800,162.348,162.444,161.866,162.058
1536613200,162.058,162.058,161.536,161.628
1536699600,161.628,162.078,161.628,161.908
1536786000,161.908,162.048,161.514,161.71
1536872400,161.71,161.778,161.232,161.438
1537131600,161.438,161.438,160.972,161.24
1537218000,161.24,161.378,160.758,160.784
1537304400,160.784,160.948,160.506,160.692
1537390800,160.692,160.976,160.434,160.896
1537477200,160.896,161.134,160.712,161.08
1537736400,161.08,161.092,160.154,160.222
1537822800,160.222,160.222,159.66,159.836
1537909200,159.836,160.366,159.77,160.358
1537995600,160.358,160.664,159.878,160.344
1538082000,160.344,161.092,160.24,160.72
1538341200,160.72,160.75,160.132,160.544
1538427600,160.544,161.524,160.544,161.294
1538514000,161.294,161.294,159.902,160.096
1538600400,160.096,160.15,159.42,159.748
1538686800,159.748,159.776,158.968,159.196
1538946000,159.196,159.8,159.07,159.598
1539032400,159.598,159.706,159.152,159.696
1539118800,159.696,159.696,158.95,159.59
1539205200,159.59,160.202,159.59,159.906
1539291600,159.906,160.192,159.408,160.008
1539550800,160.008,160.256,159.832,159.958
1539637200,159.958,160.16,159.704,160.086
1539723600,160.086,160.576,160.052,160.258
1539810000,160.258,161.242,160.136,161.118
1539896400,161.118,161.378,160.34,160.504
1540155600,160.504,160.714,160.048,160.47
1540242000,160.47,161.15,160.47,160.79
1540328400,160.79,161.478,160.79,161.478
1540414800,161.478,161.478,160.952,161.2
1540501200,161.2,161.996,161.2,161.756
1540760400,161.756,161.812,161.084,161.502
1540846800,161.502,161.548,160.952,161.294
1540933200,161.294,161.332,160.982,161.208
1541019600,161.208,161.214,160.694,160.95
1541106000,160.95,160.95,160.352,160.396
1541368800,160.396,160.738,160.396,160.568
1541455200,160.568,160.84,160.42,160.474
1541541600,160.474,160.676,160.048,160.06
1541628000,160.06,160.252,159.944,160.092
1541714400,160.092,160.792,160.092,160.658
1541973600,160.658,161.086,160.582,160.894
1542060000,160.894,161.022,160.59,160.952
1542146400,160.952,161.042,160.546,160.832
1542232800,160.832,161.47,160.642,161.176
1542319200,161.176,161.292,161.078,161.212
1542578400,161.212,161.212,160.698,161.152
1542664800,161.152,161.462,160.978,161.28
1542751200,161.28,161.28,160.88,161.094
1542837600,161.094,161.254,160.906,161.054
1542924000,161.054,161.53,160.858,161.334
1543183200,161.334,161.334,160.906,161.106
1543269600,161.106,161.452,161.07,161.256
1543356000,161.256,161.398,161.042,161.074
1543442400,161.074,161.606,161.074,161.464
1543528800,161.464,161.746,161.44,161.632
1543788000,161.632,161.788,161.1,161.782
1543874400,161.782,162.528,161.718,162.396
1543960800,162.396,162.56,162.058,162.084
1544047200,162.084,162.842,162.084,162.482
1544133600,162.482,162.704,162.184,162.644
1544392800,162.644,162.902,162.26,162.542
1544479200,162.542,162.872,162.116,162.63
1544565600,162.63,162.81,161.898,161.988
1544652000,161.988,162.434,161.806,162.044
1544738400,162.044,162.6,162.044,162.482
1544997600,162.482,162.628,162.3,162.602
1545084000,162.602,162.882,162.56,162.776
1545170400,162.776,163.204,162.592,163.064
1545256800,163.064,163.356,162.774,162.816
1545343200,162.816,162.884,162.64,162.79
1545861600,162.79,163.202,162.567,162.992
1545948000,162.992,163.182,162.84,162.99
1546380000,162.99,164.396,162.99,164.356
1546466400,164.356,164.562,163.846,164.49
1546552800,164.49,164.519,163.374,163.486
1546812000,163.486,163.82,163.276,163.276
1546898400,163.276,163.408,163.02,163.248
1546984800,163.248,163.63,163.008,163.412
1547071200,163.412,163.916,163.412,163.672
1547157600,163.672,164.184,163.672,163.958
1547416800,163.958,164.438,163.958,164.152
1547503200,164.152,164.546,163.956,164.31
1547589600,164.31,164.472,163.946,164.266
1547676000,164.266,164.478,163.818,163.958
1547762400,163.958,163.958,163.444,163.672
1548021600,163.672,163.918,163.658,163.848
1548108000,163.848,164.39,163.758,164.31
1548194400,164.31,164.414,163.992,164.256
1548280800,164.256,165.182,164.243,165.108
1548367200,165.108,165.108,164.624,164.856
1548626400,164.856,164.973,164.378,164.584
1548712800,164.584,164.97,164.544,164.97
1548799200,164.97,165.238,164.686,165.178
1548885600,165.178,165.576,165.014,165.476
1548972000,165.476,165.482,165.154,165.256
1549231200,165.256,165.375,164.968,165.146
1549317600,165.146,165.268,164.69,165.18
1549404000,165.18,165.438,165.134,165.298
1549490400,165.298,166.222,165.282,166.17
1549576800,166.17,166.596,166.042,166.478
1549836000,166.478,166.526,165.962,165.992
1549922400,165.992,166.048,165.654,165.886
1550008800,165.886,166.066,165.682,165.976
1550095200,165.976,166.55,165.844,166.32
1550181600,166.32,166.47,166.124,166.352
1550440800,166.352,166.406,166.148,166.228
1550527200,166.228,166.624,166.144,166.324
1550613600,166.324,166.564,166.232,166.414
1550700000,166.414,166.546,165.746,166.066
1550786400,166.066,166.614,166.008,166.564
1551045600,166.564,166.564,166.126,166.332
1551132000,166.332,166.584,166.098,166.226
1551218400,166.226,166.416,165.502,165.708
1551304800,165.708,165.922,165.104,165.286
1551391200,165.286,165.326,164.934,165.08
1551650400,165.08,165.686,164.996,165.638
1551736800,165.638,165.726,165.204,165.692
1551823200,165.692,166.18,165.548,166.12
1551909600,166.12,167.054,165.9,166.966
1551996000,166.966,167.186,166.758,166.996
1552251600,166.996,167.006,166.692,166.736
1552338000,166.736,167.074,166.262,166.988
1552424400,166.988,166.997,166.482,166.5
1552510800,166.5,166.736,166.348,166.498
1552597200,166.498,166.71,166.194,166.516
1552856400,166.516,166.53,166.126,166.34
1552942800,166.34,166.494,165.768,166.036
1553029200,166.036,166.638,165.962,166.572
1553115600,166.572,167.02,166.433,166.732
1553202000,166.732,167.932,166.702,167.716
1553461200,167.716,167.958,167.34,167.822
1553547600,167.822,167.822,167.412,167.67
1553634000,167.67,168.644,167.635,168.456
1553720400,168.456,168.684,168.132,168.148
1553806800,168.148,168.316,167.914,168.232
1554066000,168.232,168.232,167.4,167.444
1554152400,167.444,167.944,167.444,167.642
1554238800,167.642,167.766,166.914,167.032
1554325200,167.032,167.38,166.923,167.156
1554411600,167.156,167.216,166.762,167.044
1554670800,167.044,167.163,166.742,166.81
1554757200,166.81,167.218,166.698,167.066
1554843600,167.066,167.55,166.96,167.386
1554930000,167.386,167.402,167.036,167.052
1555016400,167.052,167.292,166.048,166.068
1555275600,166.068,166.172,165.742,166.074
1555362000,166.074,166.334,165.77,165.8
1555448400,165.8,165.963,165.42,165.656
1555534800,165.656,166.606,165.656,166.458
1555966800,166.458,166.458,165.912,166.154
1556053200,166.154,166.946,166.136,166.936
1556139600,166.936,166.946,166.706,166.822
1556226000,166.822,167.038,166.672,166.958
1556485200,166.958,166.958,166.362,166.428
1556571600,166.428,166.7,165.838,166.372
1556744400,166.372,166.426,165.93,166.074
1556830800,166.074,166.368,165.752,166.134
1557090000,166.134,166.722,166.134,166.198
1557176400,166.198,166.998,166.066,166.912
1557262800,166.912,167.258,166.71,166.854
1557349200,166.854,167.298,166.854,166.988
1557435600,166.988,167.146,166.682,166.808
1557694800,166.808,167.258,166.756,167.212
1557781200,167.212,167.344,166.948,167.218
1557867600,167.218,168.038,167.181,167.606
1557954000,167.606,167.846,167.35,167.532
1558040400,167.532,167.954,167.408,167.598
1558299600,167.598,167.598,167.104,167.18
1558386000,167.18,167.342,166.772,166.93
1558472400,166.93,167.3,166.856,167.264
1558558800,167.264,167.78,167.254,167.68
1558645200,167.68,167.68,167.448,167.67
1558904400,167.67,167.95,167.464,167.838
1558990800,167.838,168.168,167.774,168.122
1559077200,168.122,168.34,168.078,168.1
1559163600,168.1,168.402,167.912,168.402
1559250000,168.402,168.864,168.402,168.82
1559509200,168.82,169.002,168.65,168.904
1559595600,168.904,169.012,168.726,168.894
1559682000,168.894,169.236,168.782,169.174
1559768400,169.174,169.472,168.592,169.22
1559854800,169.22,169.764,169.206,169.688
1560114000,169.688,169.688,169.094,169.126
1560200400,169.126,169.47,169.035,169.426
1560286800,169.426,169.692,169.398,169.55
1560373200,169.55,169.78,169.498,169.702
1560459600,169.702,170.096,169.702,169.864
1560718800,169.864,169.934,169.61,169.762
1560805200,169.762,171.072,169.712,170.93
1560891600,170.93,170.93,170.314,170.77
1560978000,170.77,170.938,170.646,170.824
1561064400,170.824,170.9,170.212,170.33
1561323600,170.33,170.926,170.33,170.792
1561410000,170.792,171.258,170.792,171.184
1561496400,171.184,171.184,170.65,170.702
1561582800,170.702,171.168,170.328,171.122
1561669200,171.122,171.256,170.872,171.176
1561928400,171.176,171.81,170.96,171.736
1562014800,171.736,172.006,171.48,171.996
1562101200,171.996,172.412,171.996,172.192
1562187600,172.192,172.59,172.16,172.46
1562274000,172.46,172.523,171.568,171.956
1562533200,171.956,172.322,171.942,171.946
1562619600,171.946,172.122,171.712,171.76
1562706000,171.76,171.76,170.724,171.18
1562792400,171.18,171.437,170.232,170.258
1562878800,170.258,170.61,169.994,170.484
1563138000,170.484,171.22,170.288,171.188
1563224400,171.188,171.502,170.996,171.286
1563310800,171.286,171.978,171.279,171.978
1563397200,171.978,172.496,171.898,172.442
1563483600,172.442,172.444,172.15,172.33
1563742800,172.33,172.744,172.246,172.644
1563829200,172.644,172.948,172.525,172.796
1563915600,172.796,173.506,172.74,173.192
1564002000,173.192,173.936,172.52,173.232
1564088400,173.232,173.344,172.972,173.344
1564347600,173.344,173.686,173.344,173.532
1564434000,173.532,173.778,173.494,173.73
1564520400,173.73,174.442,173.668,174.312
1564606800,174.312,175.056,173.898,175.024
1564693200,175.024,175.296,174.81,175.116
1564952400,175.116,175.88,175.116,175.646
1565038800,175.646,176.018,175.397,175.968
1565125200,175.968,177.036,175.968,176.348
1565211600,176.348,176.74,175.716,176.69
1565298000,176.69,176.891,176.314,176.336
1565557200,176.336,177.1,176.336,177
1565643600,177,177.272,176.76,177.112
1565730000,177.112,177.954,177.07,177.904
1565816400,177.904,179.116,177.668,179.096
1565902800,179.096,179.096,177.658,178.468
1566162000,178.468,178.468,177.4,177.738
1566248400,177.738,178.788,177.738,178.526
1566334800,178.526,178.526,177.808,178.216
1566421200,178.216,178.582,177.298,177.74
1566507600,177.74,178.502,177.156,178.488
1566766800,178.488,178.936,177.966,178.162
1566853200,178.162,178.834,178.162,178.83
1566939600,178.83,179.246,178.67,178.918
1567026000,178.918,179.157,178.394,178.782
1567112400,178.782,179.104,178.462,178.962
1567371600,178.962,179.092,178.512,178.938
1567458000,178.938,179.608,178.714,178.746
1567544400,178.746,178.898,177.864,178.584
1567630800,178.584,178.584,176.802,177.224
1567717200,177.224,177.974,176.864,177.938
1567976400,177.938,177.938,176.72,176.922
1568062800,176.922,177.028,176.246,176.246
1568149200,176.246,176.852,176.12,176.618
1568235600,176.618,178.084,175.664,175.858
1568322000,175.858,176.061,174.588,174.592
1568581200,174.592,175.446,174.592,175.176
1568667600,175.176,175.46,174.956,175.066
1568754000,175.066,175.732,174.914,175.422
1568840400,175.422,175.632,175.096,175.446
1568926800,175.446,176.042,175.434,175.994
1569186000,175.994,176.772,175.424,176.366
1569272400,176.366,176.982,176.136,176.936
1569358800,176.936,177.062,175.996,176.044
1569445200,176.044,176.502,176.044,176.292
1569531600,176.292,176.558,176.058,176.282
1569790800,176.282,176.298,175.704,176.16
1569877200,176.16,176.16,175.208,175.788
1569963600,175.788,175.916,175.458,175.714
1570050000,175.714,176.612,175.714,176.36
1570136400,176.36,176.562,176.148,176.33
1570395600,176.33,176.458,175.892,175.948
1570482000,175.948,176.382,175.574,176.218
1570568400,176.218,176.242,175.512,175.63
1570654800,175.63,175.797,174.182,174.37
1570741200,174.37,174.744,173.662,173.916
1571000400,173.916,174.448,173.848,174.062
1571086800,174.062,174.284,173.098,173.102
1571173200,173.102,173.738,172.83,172.986
1571259600,172.986,173.332,172.146,173.146
1571346000,173.146,173.273,172.622,172.636
1571605200,172.636,172.779,172.082,172.23
1571691600,172.23,172.996,172.049,172.828
1571778000,172.828,173.182,172.678,172.694
1571864400,172.694,173.17,172.372,172.826
1571950800,172.826,173.006,172.31,172.434
1572210000,172.434,172.45,171.648,171.834
1572296400,171.834,172.192,171.682,172.078
1572382800,172.078,172.39,171.836,172.336
1572469200,172.336,173.042,172.199,172.9
1572555600,172.9,172.99,172.336,172.544
1572818400,172.544,172.544,171.8,171.902
1572904800,171.902,171.902,171.17,171.284
1572991200,171.284,171.782,171.06,171.732
1573077600,171.732,171.79,169.976,170.318
1573164000,170.318,170.662,169.906,170.346
1573423200,170.346,170.69,170.148,170.24
1573509600,170.24,170.486,169.936,170.432
1573596000,170.432,171.092,170.332,170.972
1573682400,170.972,171.756,170.933,171.576
1573768800,171.576,171.632,171.246,171.394
1574028000,171.394,171.566,171.052,171.32
1574114400,171.32,171.495,171.148,171.412
1574200800,171.412,172.02,171.398,171.596
1574287200,171.596,171.779,170.968,171.074
1574373600,171.074,171.654,170.716,171.626
1574632800,171.626,171.626,171.258,171.28
1574719200,171.28,171.76,171.167,171.592
1574805600,171.592,171.772,171.39,171.548
1574892000,171.548,171.824,171.384,171.45
1574978400,171.45,171.604,171.096,171.374
1575237600,171.374,171.374,169.906,170.08
1575324000,170.08,171.286,169.81,171.258
1575410400,171.258,171.502,170.658,170.774
1575496800,170.774,170.956,170.142,170.448
1575583200,170.448,170.684,170.09,170.334
1575842400,170.334,170.888,170.316,170.622
1575928800,170.622,170.776,170.402,170.532
1576015200,170.532,171.23,170.518,171.102
1576101600,171.102,171.344,169.994,170.074
1576188000,170.074,170.702,169.134,170.686
1576447200,170.686,170.872,170.254,170.378
1576533600,170.378,170.75,170.378,170.624
1576620000,170.624,170.862,169.846,170.056
1576706400,170.056,170.152,169.416,169.854
1576792800,169.854,170.15,169.592,170.094
1577052000,170.094,170.456,169.884,169.992
1577397600,169.992,170.433,169.992,170.276
1577656800,170.276,170.382,169.144,169.56
1577916000,169.56,170.196,168.964,169.912
1578002400,169.912,171.16,169.895,171.104
1578261600,171.104,171.429,170.914,170.99
1578348000,170.99,171.18,170.766,170.848
1578434400,170.848,172.087,170.16,170.32
1578520800,170.32,170.422,169.928,170.292
1578607200,170.292,170.366,169.784,170.334
1578866400,170.334,170.409,169.706,169.864
1578952800,169.864,170.082,169.657,170.04
1579039200,170.04,170.742,170.024,170.63
1579125600,170.63,170.838,170.392,170.778
1579212000,170.778,170.884,170.51,170.744
1579471200,170.744,170.864,170.628,170.758
1579557600,170.758,171.41,170.686,171.242
1579644000,171.242,171.648,171.059,171.508
1579730400,171.508,172.256,171.506,172.082
1579816800,172.082,172.736,171.79,172.626
1580076000,172.626,173.506,172.626,173.474
1580162400,173.474,173.736,172.756,172.832
1580248800,172.832,173.56,172.688,173.548
1580335200,173.548,173.95,173.518,173.64
1580421600,173.64,174.61,173.474,174.496
1580680800,174.496,174.5,174.004,174.464
1580767200,174.464,174.464,173.652,173.784
1580853600,173.784,174.036,173.082,173.134
1580940000,173.134,173.3945,172.846,173.316
1581026400,173.316,173.87,173.293,173.664
1581285600,173.664,174.2,173.51,174.028
1581372000,174.028,174.078,173.654,173.75
1581458400,173.75,173.75,173.28,173.594
1581544800,173.594,174.204,173.594,173.81
1581631200,173.81,174.1765,173.696,173.93
1581890400,173.93,174.168,173.73,174.044
1581976800,174.044,174.5785,173.966,174.124
1582063200,174.124,174.432,173.978,174.342
1582149600,174.342,174.814,174.203,174.68
1582236000,174.68,175.086,174.5055,174.64
1582495200,174.64,175.64,174.64,175.366
1582581600,175.366,176.014,175.01,175.818
1582668000,175.818,176.116,175.208,175.65
1582754400,175.65,176.73,175.65,176.394
1582840800,176.394,177.644,176.367,177.436
1583100000,177.436,178.304,176.922,177.24
1583186400,177.24,178.09,176.676,177.934
1583272800,177.934,178.194,177.268,177.292
1583359200,177.292,178.696,177.268,178.591
1583445600,178.591,179.422,178.519,178.824
1583701200,178.824,181.866,178.824,180.75
1583787600,180.75,180.75,177.912,179.066
1583874000,179.066,180.399,179.022,179.09
1583960400,179.09,180.106,178.316,178.832
1584046800,178.832,178.997,175.494,175.66
1584306000,175.66,177.561,174.248,174.648
1584392400,174.648,174.708,173.138,173.236
1584478800,173.236,173.578,170.408,171.182
1584565200,171.182,173.364,169.644,170.772
1584651600,170.772,172.936,170.64,172.926
1584910800,172.926,173.606,172.29,173.296
1584997200,173.296,173.444,172.208,172.53
1585083600,172.53,172.792,171.324,171.572
1585170000,171.572,173.324,171.572,172.946
1585256400,172.946,175.046,172.859,174.738
1585515600,174.738,175.73,174.518,174.73
1585602000,174.73,175.032,174.2,174.472
1585688400,174.472,175.33,174.054,174.238
1585774800,174.238,174.421,173.4,173.574
1585861200,173.574,174.222,173.574,173.716
1586120400,173.716,173.746,173.112,173.6
1586206800,173.6,173.6,171.896,172.372
1586293200,172.372,172.946,171.612,171.81
1586379600,171.81,172.684,171.625,172.128
1586811600,172.128,173.188,171.756,172.768
1586898000,172.768,174.24,172.768,173.906
1586984400,173.906,174.33,173.476,174.154
1587070800,174.154,174.3,173.588,173.996
1587330000,173.996,174.336,173.504,173.832
1587416400,173.832,174.554,173.754,174.046
1587502800,174.046,174.233,172.932,173.118
1587589200,173.118,173.708,172.534,173.602
1587675600,173.602,174.084,173.503,173.954
1587934800,173.954,174.056,173.354,173.486
1588021200,173.486,173.94,173.192,173.792
1588107600,173.792,174.356,173.678,174.14
1588194000,174.14,175.624,174.012,175.192
1588539600,175.192,175.655,174.724,175.078
1588626000,175.078,175.472,174.35,175.174
1588712400,175.174,175.174,174.082,174.27
1588798800,174.27,174.95,173.752,174.838
1588885200,174.838,175.09,174.346,174.466
1589144400,174.466,174.51,173.876,173.916
1589230800,173.916,174.206,173.524,174.206
1589317200,174.206,174.634,174.106,174.21
1589403600,174.21,174.76,174.178,174.3
1589490000,174.3,174.886,174.244,174.386
1589749200,174.386,174.656,173.176,173.342
1589835600,173.342,173.65,172.8,173.38
1589922000,173.38,173.47,173.022,173.288
1590008400,173.288,173.748,173.148,173.504
1590094800,173.504,173.99,173.388,173.54
1590354000,173.54,173.662,173.364,173.506
1590440400,173.506,173.521,172.35,172.614
1590526800,172.614,172.86,171.826,172.184
1590613200,172.184,172.616,171.983,172.344
1590699600,172.344,172.836,172.276,172.596
1590958800,172.596,172.62,171.658,172.072
1591045200,172.072,172.316,171.836,171.93
1591131600,171.93,172.008,170.95,171.126
1591218000,171.126,171.466,170.43,170.652
1591304400,170.652,170.785,169.728,170.31
1591563600,170.31,170.92,170.028,170.784
1591650000,170.784,171.26,170.572,170.672
1591736400,170.672,171.46,170.532,171.408
1591822800,171.408,172.626,171.408,172.496
1591909200,172.496,172.914,172.22,172.736
1592168400,172.736,173.38,172.694,172.784
1592254800,172.784,173.026,172.333,172.768
1592341200,172.768,173.094,172.274,172.734
1592427600,172.734,173.256,172.666,173.144
1592514000,173.144,173.316,172.822,173.218
1592773200,173.218,173.984,173.216,173.556
1592859600,173.556,173.753,173.11,173.248
1592946000,173.248,173.792,172.878,173.76
1593032400,173.76,174.418,173.76,174.094
1593118800,174.094,174.534,174.049,174.436
1593378000,174.436,174.658,174.178,174.35
1593464400,174.35,174.702,174.024,174.036
1593550800,174.036,174.076,173.114,173.198
1593637200,173.198,173.976,172.996,173.868
1593723600,173.868,174.178,173.788,173.91
1593982800,173.91,174.182,173.654,174.096
1594069200,174.096,174.356,173.796,174.246
1594155600,174.246,174.462,174.113,174.2
1594242000,174.2,174.746,174.096,174.636
1594328400,174.636,175.068,174.518,174.518
1594587600,174.518,174.73,173.806,174.306
1594674000,174.306,174.534,174.03,174.368
1594760400,174.368,174.776,174.24,174.39
1594846800,174.39,175.076,174.39,174.778
1594933200,174.778,175.044,174.492,174.578
1595192400,174.578,175,174.238,174.73
1595278800,174.73,174.93,174.544,174.856
1595365200,174.856,175.478,174.724,175.286
1595451600,175.286,175.43,175.14,175.3
1595538000,175.3,175.55,174.546,174.78
1595797200,174.78,175.544,174.628,175.27
1595883600,175.27,175.942,175.184,175.926
1595970000,175.926,176.01,175.57,175.752
1596056400,175.752,176.558,175.679,176.466
1596142800,176.466,176.797,176.052,176.166
1596402000,176.166,176.354,175.916,176.272
1596488400,176.272,176.924,176.098,176.924
1596574800,176.924,176.934,175.952,176.01
1596661200,176.01,176.786,175.9,176.352
1596747600,176.352,176.678,176.094,176.114
1597006800,176.114,176.738,175.984,176.466
1597093200,176.466,176.624,175.696,176.066
1597179600,176.066,176.066,175.118,175.568
1597266000,175.568,175.783,174.478,174.52
1597352400,174.52,175.04,174.476,174.86
1597611600,174.86,175.604,174.859,175.448
1597698000,175.448,175.854,175.392,175.7615
1597784400,175.762,176.248,175.762,175.888
1597870800,175.888,176.59,175.864,176.324
1597957200,176.324,176.816,176.192,176.61
1598216400,176.61,176.779,176.27,176.45
1598302800,176.45,176.473,175.33,175.678
1598389200,175.678,175.678,175.078,175.49
1598475600,175.49,176.192,174.916,175.058
1598562000,175.058,175.48,174.724,175.28
1598821200,175.28,175.534,174.968,175.2465
1598907600,175.246,175.97,174.948,175.904
1598994000,175.904,176.64,175.81,176.53
1599080400,176.53,177.034,176.338,176.73
1599166800,176.73,176.906,176.234,176.318
1599426000,176.318,176.646,175.974,176.256
1599512400,176.256,177.018,176.234,176.824
1599598800,176.824,177.006,176.09,176.184
1599685200,176.184,176.48,175.61,176.246
1599771600,176.246,176.572,176.062,176.508
1600030800,176.508,176.774,176.35,176.464
1600117200,176.464,176.562,176.192,176.394
1600203600,176.394,176.676,176.212,176.364
1600290000,176.364,176.808,176.104,176.484
1600376400,176.484,176.772,176.27,176.356
1600635600,176.356,177.096,176.204,176.732
1600722000,176.732,176.964,176.458,176.552
1600808400,176.552,176.844,176.374,176.568
1600894800,176.568,176.882,176.38,176.476
1600981200,176.476,176.828,176.307,176.738
1601240400,176.738,176.738,176.36,176.63
1601326800,176.63,176.912,176.604,176.856
1601413200,176.856,176.952,176.326,176.464
1601499600,176.464,176.666,176.124,176.588
1601586000,176.588,176.9,176.524,176.674
1601845200,176.674,176.748,176.026,176.036
1601931600,176.036,176.462,175.956,176.32
1602018000,176.32,176.415,175.716,175.792
1602104400,175.792,176.324,175.792,176.312
1602190800,176.312,176.6,176.208,176.404
1602450000,176.404,176.508,176.244,176.488
1602536400,176.488,176.736,176.38,176.68
1602622800,176.68,177.088,176.637,176.906
1602709200,176.906,177.854,176.906,177.33
1602795600,177.33,177.828,177.315,177.604
1603054800,177.604,177.62,177.224,177.572
1603141200,177.572,177.664,177.078,177.092
1603227600,177.092,177.254,176.738,176.91
1603314000,176.91,177.092,176.528,176.604
1603400400,176.604,176.852,176.32,176.742
1603659600,176.742,176.974,176.342,176.63
1603746000,176.63,177.262,176.498,177.25
1603832400,177.25,177.612,177.134,177.284
1603918800,177.284,177.598,177.093,177.348
1604005200,177.348,177.516,177.03,177.242
1604268000,177.242,177.394,176.95,177.284
1604354400,177.284,177.392,176.834,177.056
1604440800,177.056,177.824,176.547,177.29
1604527200,177.29,177.608,177.04,177.318
1604613600,177.318,177.428,176.788,177
1604872800,177,177.304,175.082,175.326
1604959200,175.326,175.444,174.722,174.886
1605045600,174.886,175.258,174.444,175.182
1605132000,175.182,175.698,175.012,175.632
1605218400,175.632,175.894,175.496,175.63
1605477600,175.63,175.922,175.086,175.534
1605564000,175.534,175.866,175.464,175.802
1605650400,175.802,176.038,175.482,175.642
1605736800,175.642,175.956,175.642,175.83
1605823200,175.83,176.206,175.776,176.186
1606082400,176.186,176.186,175.696,175.854
1606168800,175.854,175.868,175.518,175.524
1606255200,175.524,175.83,175.35,175.548
1606341600,175.548,175.922,175.514,175.898
1606428000,175.898,175.976,175.728,175.908
1606687200,175.908,175.96,175.438,175.476
1606773600,175.476,175.65,174.666,174.732
1606860000,174.732,174.858,174.542,174.716
1606946400,174.716,175.306,174.712,175.28
1607032800,175.28,175.332,174.924,175.076
1607292000,175.076,175.546,175.061,175.384
1607378400,175.384,175.862,175.342,175.678
1607464800,175.678,175.844,175.45,175.766
1607551200,175.766,176.11,175.358,175.832
1607637600,175.832,176.356,175.768,176.166
1607896800,176.166,176.238,175.818,176.056
1607983200,176.056,176.268,175.89,175.972
1608069600,175.972,176.028,175.014,175.388
1608156000,175.388,175.744,175.108,175.492
1608242400,175.492,175.633,175.084,175.494
1608501600,175.494,176.3,175.494,175.606
1608588000,175.606,175.996,175.542,175.934
1608674400,175.934,176.104,174.956,175.284
1609106400,175.284,175.844,175.244,175.788
1609192800,175.788,175.848,175.626,175.806
1609279200,175.806,175.958,175.402,175.938
1609711200,175.938,176.614,175.786,176.484
1609797600,176.484,176.544,176,176.076
1609884000,176.076,176.125,175.348,175.846
1609970400,175.846,176.03,175.52,175.726
1610056800,175.726,175.9,175.536,175.696
1610316000,175.696,176.006,175.312,175.346
1610402400,175.346,175.35,174.832,175.248
1610488800,175.248,176.122,175.228,175.98
1610575200,175.98,176.488,175.849,176.17
1610661600,176.17,176.492,176.064,176.226
1610920800,176.226,176.448,175.898,176.02
1611007200,176.02,176.14,175.79,176.088
1611093600,176.088,176.196,175.949,176.172
1611180000,176.172,176.29,175.48,175.508
1611266400,175.508,176.034,175.389,175.98
1611525600,175.98,176.722,175.964,176.716
1611612000,176.716,176.816,176.324,176.378
1611698400,176.378,177.02,176.29,176.66
1611784800,176.66,176.882,176.396,176.502
1611871200,176.502,176.608,175.85,176.288
1612130400,176.288,176.444,176.014,176.228
1612216800,176.228,176.273,175.698,175.778
1612303200,175.778,175.796,175.462,175.478
1612389600,175.478,175.684,175.232,175.43
1612476000,175.43,175.62,174.782,175.156
1612735200,175.156,175.462,174.85,175.3
1612821600,175.3,175.612,175.188,175.382
1612908000,175.382,175.664,175.226,175.524
1612994400,175.524,175.946,175.524,175.682
1613080800,175.682,175.864,175.128,175.146
1613340000,175.146,175.146,174.58,174.64
1613426400,174.64,174.892,173.962,174.004
1613512800,174.004,174.632,173.851,174.492
1613599200,174.492,174.749,173.9,174.176
1613685600,174.176,174.222,173.532,173.618
1613944800,173.618,174.632,173.201,174.144
1614031200,174.144,174.292,173.466,173.968
1614117600,173.968,174.231,173.328,173.93
1614204000,173.93,173.933,171.798,171.958
1614290400,171.958,173.654,171.839,173.618
1614549600,173.618,174.56,173.582,174.456
1614636000,174.456,174.762,173.982,174.762
1614722400,174.762,174.821,173.62,173.778
1614808800,173.778,174.402,173.606,173.802
1614895200,173.802,174.192,173.518,174.032
1615154400,174.032,174.032,173.468,173.504
1615240800,173.504,174.366,173.504,173.906
1615327200,173.906,174.166,173.71,174.082
1615413600,174.082,174.818,173.914,174.318
1615500000,174.318,174.318,173.622,173.834
1615755600,173.834,174.366,173.692,174.174
1615842000,174.174,174.46,174.102,174.194
1615928400,174.194,174.234,173.396,173.738
1616014800,173.738,173.881,172.9,173.368
1616101200,173.368,173.798,173.316,173.464
1616360400,173.464,174.088,173.464,173.696
1616446800,173.696,174.42,173.684,174.39
1616533200,174.39,174.682,174.164,174.54
1616619600,174.54,174.872,174.37,174.652
1616706000,174.652,174.779,174.086,174.11
1616965200,174.11,174.43,173.516,173.562
1617051600,173.562,173.618,172.756,173.246
1617138000,173.246,173.408,172.89,173.188
1617224400,173.188,173.844,173.063,173.728
1617656400,173.728,173.738,173.158,173.536
1617742800,173.536,173.88,173.408,173.408
1617829200,173.408,173.902,173.408,173.814
1617915600,173.814,173.848,172.894,173.09
1618174800,173.09,173.546,172.898,172.932
1618261200,172.932,173.162,172.614,173.15
1618347600,173.15,173.236,172.258,172.32
1618434000,172.32,173.094,172.211,172.932
1618520400,172.932,172.932,172.31,172.348
1618779600,172.348,172.528,171.618,171.818
1618866000,171.818,172.346,171.522,172.246
1618952400,172.246,172.51,172.004,172.354
1619038800,172.354,172.642,171.898,172.414
1619125200,172.414,172.464,172.016,172.074
1619384400,172.074,172.192,171.708,172.018
1619470800,172.018,172.132,171.728,171.728
1619557200,171.728,171.846,171.234,171.84
1619643600,171.84,171.84,170.816,170.994
1619730000,170.994,171.324,170.907,171.218
1619989200,171.218,171.374,170.516,171.166
1620075600,171.166,171.808,170.902,171.588
1620162000,171.588,171.632,171.19,171.578
1620248400,171.578,171.834,171.188,171.404
1620334800,171.404,171.908,171.124,171.224
1620594000,171.224,171.224,170.808,170.96
1620680400,170.96,171.068,170.198,170.234
1620766800,170.234,170.54,169.596,169.63
1620853200,169.63,169.832,169.334,169.738
1620939600,169.738,169.92,169.496,169.826
1621198800,169.826,169.984,169.304,169.478
1621285200,169.478,169.746,169.28,169.378
1621371600,169.378,169.686,168.86,169.234
1621458000,169.234,169.454,169.024,169.364
1621544400,169.364,169.83,169.27,169.682
1621803600,169.682,169.84,169.456,169.726
1621890000,169.726,170.296,169.709,170.288
1621976400,170.288,170.77,170.076,170.644
1622062800,170.644,170.728,170.026,170.192
1622149200,170.192,170.39,169.856,170.254
1622408400,170.254,170.3,169.724,170.282
1622494800,170.282,170.346,169.88,170.178
1622581200,170.178,170.364,170.071,170.276
1622667600,170.276,170.352,169.944,170.048
1622754000,170.048,170.574,169.973,170.524
1623013200,170.524,170.579,170.218,170.27
1623099600,170.27,170.88,170.267,170.716
1623186000,170.716,171.432,170.674,171.134
1623272400,171.134,171.482,170.584,171.478
1623358800,171.478,171.778,171.408,171.566
1623618000,171.566,171.694,171.184,171.22
1623704400,171.22,171.478,170.93,171.002
1623790800,171.002,171.352,170.624,170.69
1623877200,170.69,171.408,170.518,171.224
1623963600,171.224,171.612,171.094,171.384
1624222800,171.384,171.8,170.714,170.924
1624309200,170.924,170.984,170.468,170.83
1624395600,170.83,171.26,170.578,170.984
1624482000,170.984,171.218,170.708,171.098
1624568400,171.098,171.14,170.53,170.582
1624827600,170.582,171.222,170.582,171.152
1624914000,171.152,171.222,170.768,170.984
1625000400,170.984,171.648,170.898,171.444
1625086800,171.444,171.614,171.144,171.538
1625173200,171.538,172.136,171.476,172.108
1625432400,172.108,172.16,171.646,171.7
1625518800,171.7,172.656,171.504,172.586
1625605200,172.586,173.278,172.468,173.098
1625691600,173.098,173.788,173.098,173.326
1625778000,173.326,173.36,172.912,172.942
1626037200,172.942,173.404,172.942,173.168
1626123600,173.168,173.422,172.818,172.906
1626210000,172.906,173.616,172.82,173.6
1626296400,173.6,174.034,173.594,173.982
1626382800,173.982,174.2,173.804,174.176
1626642000,174.176,174.91,174.176,174.752
1626728400,174.752,175.482,174.618,175.074
1626814800,175.074,175.324,174.646,174.694
1626901200,174.694,175.386,174.478,175.258
1626987600,175.258,175.258,174.818,175.188
1627246800,175.188,175.718,174.93,175.126
1627333200,175.126,175.69,175.126,175.668
1627419600,175.668,175.992,175.524,175.99
1627506000,175.99,176.016,175.384,175.834
1627592400,175.834,176.081,175.648,175.954
1627851600,175.954,176.478,175.77,176.31
1627938000,176.31,176.546,176.1,176.454
1628024400,176.454,176.96,176.3,176.7
1628110800,176.7,177.058,176.505,176.782
1628197200,176.782,176.782,175.952,175.968
1628456400,175.968,176.438,175.911,176.104
1628542800,176.104,176.484,175.942,176.114
1628629200,176.114,176.382,175.768,176.244
1628715600,176.244,176.328,175.918,176.062
1628802000,176.062,176.386,175.872,176.382
1629061200,176.382,176.7,176.11,176.34
1629147600,176.34,176.884,176.338,176.46
1629234000,176.46,176.738,176.371,176.604
1629320400,176.604,176.922,176.548,176.704
1629406800,176.704,176.92,176.685,176.854
1629666000,176.854,176.896,176.312,176.686
1629752400,176.686,176.834,176.424,176.524
1629838800,176.524,176.644,175.696,175.746
1629925200,175.746,175.926,175.498,175.652
1630011600,175.652,175.92,175.476,175.914
1630270800,175.914,176.258,175.68,176.252
1630357200,176.252,176.332,175.222,175.308
1630443600,175.308,175.386,174.876,175.172
1630530000,175.172,175.55,175.109,175.396
1630616400,175.396,175.554,174.82,175.058
1630875600,175.058,175.232,174.874,175.108
1630962000,175.108,175.108,174.27,174.31
1631048400,174.31,174.652,174.218,174.462
1631134800,174.462,175.218,174.32,175.164
1631221200,175.164,175.178,174.398,174.42
1631480400,174.42,174.526,174.226,174.322
1631566800,174.322,174.694,173.894,174.544
1631653200,174.544,174.626,173.882,174.028
1631739600,174.028,174.044,173.606,173.606
1631826000,173.606,173.8,173.284,173.482
1632085200,173.482,174.23,173.392,174.078
1632171600,174.078,174.318,173.63,173.968
1632258000,173.968,174.252,173.738,174.068
1632344400,174.068,174.068,172.882,172.894
1632430800,172.894,172.894,172.386,172.444
1632690000,172.444,172.863,171.888,172.408
1632776400,172.408,172.45,171.604,171.872
1632862800,171.872,172.414,171.722,172.09
1632949200,172.09,172.269,171.624,172.044
1633035600,172.044,172.568,171.966,172.45
1633294800,172.45,172.51,171.868,172.096
1633381200,172.096,172.31,171.554,171.606
1633467600,171.606,171.788,171.018,171.48
1633554000,171.48,171.852,171.264,171.452
1633640400,171.452,171.506,170.92,171.018
1633899600,171.018,171.018,170.298,170.44
1633986000,170.44,170.704,169.898,170.044
1634072400,170.044,170.776,169.97,170.592
1634158800,170.592,171.554,170.274,171.458
1634245200,171.458,171.464,170.78,170.916
1634504400,170.916,170.916,170.16,170.604
1634590800,170.604,170.972,169.814,169.912
1634677200,169.912,170.328,169.548,170.05
1634763600,170.05,170.224,169.338,169.358
1634850000,169.358,169.94,169.234,169.82
1635109200,169.82,169.974,169.38,169.89
1635195600,169.89,170.25,169.688,170.108
1635282000,170.108,171.066,169.765,170.95
1635368400,170.95,170.95,169.5,170.05
1635454800,170.05,170.176,168.884,169.532
1635714000,169.532,169.656,168.784,169.546
1635800400,169.546,170.422,169.392,170.304
1635886800,170.304,170.74,170.016,170.156
1635973200,170.156,171.338,170.052,171.208
1636059600,171.208,172.218,171.092,172.14
1636322400,172.14,172.14,171.322,171.372
1636408800,171.372,172.302,171.372,172.206
1636495200,172.206,172.226,171.1,171.15
1636581600,171.15,171.676,171.033,171.202
1636668000,171.202,171.842,171.096,171.774
1636927200,171.774,172.092,171.106,171.152
1637013600,171.152,171.524,171.026,171.332
1637100000,171.332,171.578,171.172,171.574
1637186400,171.574,171.97,171.486,171.87
1637272800,171.87,172.994,171.57,172.892
1637532000,172.892,173.052,172.006,172.094
1637618400,172.094,172.112,171.008,171.062
1637704800,171.062,171.602,170.74,171.158
1637791200,171.158,171.436,171.018,171.388
1637877600,171.388,172.808,171.388,172.676
1638136800,172.676,172.676,171.924,172.164
1638223200,172.164,172.96,172.119,172.574
1638309600,172.574,172.79,171.838,172.774
1638396000,172.774,173.234,172.31,172.884
1638482400,172.884,173.276,172.552,173.144
1638741600,173.144,173.144,172.669,172.757
1638828000,172.757,172.908,172.368,172.622
1638914400,172.622,173.34,171.742,171.942
1639000800,171.942,172.658,171.797,172.486
1639087200,172.486,172.648,172.16,172.34
1639346400,172.34,173.13,172.306,173.104
1639432800,173.104,173.177,172.622,172.796
1639519200,172.796,173.014,172.516,172.616
1639605600,172.616,172.922,171.924,172.614
1639692000,172.614,173.152,172.574,173.014
1639951200,173.014,173.48,172.658,172.768
1640037600,172.768,173.014,171.822,171.884
1640124000,171.884,172.12,171.378,171.718
1640210400,171.718,171.806,170.904,171.146
1640642400,171.146,171.178,170.804,170.97
1640728800,170.97,171.146,170.062,170.164
1640815200,170.164,170.544,170.064,170.216
1641160800,170.216,170.366,169.388,169.41
1641247200,169.41,170.02,169.358,169.632
1641333600,169.632,169.803,169.416,169.426
1641420000,169.426,169.491,168.852,169.316
1641506400,169.316,169.433,168.804,168.976
1641765600,168.976,169.182,168.688,168.906
1641852000,168.906,169.178,168.566,168.86
1641938400,168.86,169.518,168.748,169.216
1642024800,169.216,170.018,168.876,169.97
1642111200,169.97,169.988,168.914,168.934
1642370400,168.934,169.022,168.615,168.798
1642456800,168.798,168.932,168.428,168.468
1642543200,168.468,168.674,168.078,168.496
1642629600,168.496,169.096,168.364,168.962
1642716000,168.962,169.802,168.962,169.512
1642975200,169.512,170.296,169.318,169.906
1643061600,169.906,170.134,169.51,169.56
1643148000,169.56,169.836,168.922,169
1643234400,169,169.694,168.94,169.496
1643320800,169.496,169.514,168.722,169.316
1643580000,169.316,169.316,168.17,168.404
1643666400,168.404,168.902,168.03,168.172
1643752800,168.172,168.55,167.806,168.03
1643839200,168.03,168.21,166.262,166.384
1643925600,166.384,166.422,165.162,165.48
1644184800,165.48,165.968,164.874,165.294
1644271200,165.294,165.608,164.536,164.828
1644357600,164.828,165.536,164.828,165.314
1644444000,165.314,165.506,163.922,163.936
1644530400,163.936,166.026,163.936,165.818
1644789600,165.818,165.992,164.562,164.854
1644876000,164.854,165.153,164.058,164.318
1644962400,164.318,165.124,163.992,165.01
1645048800,165.01,165.736,164.808,165.736
1645135200,165.736,166.43,165.294,166.342
1645394400,166.342,166.71,165.528,166.664
1645480800,166.664,166.912,164.92,165.63
1645567200,165.63,165.94,165.164,165.776
1645653600,165.776,167.796,165.776,166.474
1645740000,166.474,167.006,165.682,166.022
1645999200,166.022,167.858,166.022,167.714
1646085600,167.714,170.992,167.186,170.494
1646172000,170.494,170.732,168.914,168.928
1646258400,168.928,169.637,168.378,169.042
1646344800,169.042,171.156,169.042,170.67
1646604000,170.67,171.649,169.576,169.78
1646690400,169.78,170.142,167.446,167.854
1646776800,167.854,168.192,166.25,166.49
1646863200,166.49,167.278,164.84,165.716
1646949600,165.716,166.019,164.8,165.796
1647205200,165.796,165.796,163.816,163.988
1647291600,163.988,164.71,163.549,164.312
1647378000,164.312,164.444,163.15,163.528
1647464400,163.528,164.286,163.266,163.598
1647550800,163.598,164.336,163.318,163.988
1647810000,163.988,163.988,162.204,162.432
1647896400,162.432,162.432,161.466,161.752
1647982800,161.752,162.674,161.432,162.578
1648069200,162.578,162.61,161.084,161.36
1648155600,161.36,161.958,160.352,160.588
1648414800,160.588,160.892,159.848,160.412
1648501200,160.412,160.507,158.192,159.53
1648587600,159.53,160.197,158.484,159.224
1648674000,159.224,161.156,159.005,160.776
1648760400,160.776,160.96,159.776,160.632
1649019600,160.632,161.784,160.102,161.26
1649106000,161.26,161.405,159.564,159.79
1649192400,159.79,159.79,158.736,159.198
1649278800,159.198,159.758,158.27,158.86
1649365200,158.86,159.147,158.088,158.192
1649624400,158.192,158.192,156.646,156.716
1649710800,156.716,157.462,155.962,156.888
1649797200,156.888,157.592,156.186,157.07
1649883600,157.07,157.818,156.264,156.328
1650315600,156.328,156.328,154.758,155.092
1650402000,155.092,156.448,154.708,156.128
1650488400,156.128,156.128,154.684,155.15
1650574800,155.15,155.316,154.428,154.61
1650834000,154.61,156.564,154.414,155.826
1650920400,155.826,157.018,155.468,156.75
1651006800,156.75,157.092,156.08,156.528
1651093200,156.528,157.24,155.226,155.622
1651179600,155.622,155.88,154.61,154.892
1651438800,154.892,155.292,154.304,154.41
1651525200,154.41,155.168,153.736,153.916
1651611600,153.916,154.76,153.466,154.592
1651698000,154.592,155.19,153.162,153.55
1651784400,153.55,153.708,151.766,152.152
1652043600,152.152,152.88,151.352,152.76
1652130000,152.76,154.016,152.348,153.474
1652216400,153.474,154.684,152.68,154.57
1652302800,154.57,156.124,154.42,155.748
1652389200,155.748,155.903,154.418,154.632
1652648400,154.632,154.891,153.658,154.388
1652734800,154.388,154.388,152.974,153.148
1652821200,153.148,153.654,152.506,153.47
1652907600,153.47,155.046,153.069,154.122
1652994000,154.122,154.78,153.724,154.454
1653253200,154.454,154.592,153.318,153.444
1653339600,153.444,154.412,153.224,153.936
1653426000,153.936,154.848,153.906,154.312
1653512400,154.312,155.124,153.572,153.756
1653598800,153.756,154.496,153.58,153.802
1653858000,153.802,153.802,152.614,152.832
1653944400,152.832,153.132,151.572,151.846
1654030800,151.846,152.054,150.97,151.166
1654117200,151.166,151.271,150.232,150.376
1654203600,150.376,150.492,149.706,149.958
1654462800,149.958,150.188,148.952,149.01
1654549200,149.01,149.648,148.656,149.212
1654635600,149.212,149.512,148.682,148.692
1654722000,148.692,149.432,147.322,147.768
1654808400,147.768,148.512,146.612,146.918
1655067600,146.918,147.192,144.188,144.578
1655154000,144.578,145.582,142.288,142.562
1655240400,142.562,145.498,142.252,145.362
1655326800,145.362,145.362,140.668,143.628
1655413200,143.628,144.982,142.562,144.388
1655672400,144.388,144.972,143.192,143.302
1655758800,143.302,144.002,143.052,143.392
1655845200,143.392,145.708,143.392,145.152
1655931600,145.152,148.442,144.812,147.692
1656018000,147.692,148.998,146.912,147.712
1656277200,147.712,147.812,146.032,146.382
1656363600,146.382,146.792,144.722,145.368
1656450000,145.368,147.357,145.132,146.792
1656536400,146.792,149.352,146.492,148.782
1656622800,148.782,151.642,148.242,150.628
1656882000,150.628,150.722,149.052,149.442
1656968400,149.442,151.442,148.727,150.962
1657054800,150.962,152.922,150.562,151.272
1657141200,151.272,151.642,150.148,150.542
1657227600,150.542,151.162,149.782,150.052
1657486800,150.052,151.672,149.747,151.282
1657573200,151.282,153.468,151.257,152.672
1657659600,152.672,153.162,151.662,153.002
1657746000,153.002,153.002,151.202,152.692
1657832400,152.692,153.792,152.268,152.948
1658091600,152.948,153.322,151.472,152.252
1658178000,152.252,152.592,150.612,151.098
1658264400,151.098,152.362,150.842,151.872
1658350800,151.872,152.372,149.692,152.172
1658437200,152.172,155.148,152.132,154.352
1658696400,154.352,154.828,153.782,154.692
1658782800,154.692,156.282,154.542,155.812
1658869200,155.812,156.238,155.352,155.598
1658955600,155.598,157.968,154.777,157.532
1659042000,157.532,157.897,156.212,157.542
1659301200,157.542,158.532,156.732,158.292
1659387600,158.292,159.702,157.128,157.252
1659474000,157.252,158.322,156.288,157.472
1659560400,157.472,158.272,156.662,158.218
1659646800,158.218,158.218,155.722,156.042
1659906000,156.042,157.112,155.862,156.752
1659992400,156.752,157.052,155.772,156.372
1660078800,156.372,157.728,156.042,156.558
1660165200,156.558,157.388,155.278,155.448
1660251600,155.448,155.912,154.872,155.718
1660510800,155.718,156.872,155.082,156.508
1660597200,156.508,156.782,155.302,155.942
1660683600,155.942,155.957,153.832,154.178
1660770000,154.178,154.472,153.242,153.682
1660856400,153.682,153.682,152.038,152.292
1661115600,152.292,152.822,151.032,151.238
1661202000,151.238,152.358,150.232,150.552
1661288400,150.552,151.052,150.012,150.278
1661374800,150.278,151.412,150.032,151.262
1661461200,151.262,151.262,149.342,149.428
1661720400,149.428,149.428,147.918,148.498
1661806800,148.498,149.312,147.852,148.498
1661893200,148.498,148.982,147.372,147.702
1661979600,147.702,147.828,146.772,147.698
1662066000,147.698,149.092,147.132,149.032
1662325200,149.032,149.242,147.37,147.676
1662411600,147.676,149.004,146.58,146.96
1662498000,146.96,147.906,146.624,147.7
1662584400,147.7,148.178,145.356,145.464
1662670800,145.464,146.776,144.74,145.85
1662930000,145.85,146.788,145.122,146.264
1663016400,146.264,146.664,145.18,145.65
1663102800,145.65,146.024,144.794,145.736
1663189200,145.736,145.78,144.852,145.034
1663275600,145.034,145.33,144.242,145.278
1663534800,145.278,145.292,144.196,144.44
1663621200,144.44,144.564,142.492,142.772
1663707600,142.772,143.93,142.666,143.38
1663794000,143.38,143.948,141.802,142.174
1663880400,142.174,142.886,140.312,141.328
1664139600,141.328,141.328,139.176,139.438
1664226000,139.438,141.052,138.344,138.634
1664312400,138.634,140.464,137.222,140.188
1664398800,140.188,140.204,137.904,138.964
1664485200,138.964,140.908,138.651,139.952
1664744400,139.952,143.012,139.662,142.4
1664830800,142.4,144.5,142.4,143.028
1664917200,143.028,143.326,141.1,141.516
1665003600,141.516,141.688,140.188,140.424
1665090000,140.424,140.43,138.848,139.17
1665349200,139.17,139.892,137.238,138.03
1665435600,138.03,138.154,136.942,137.198
1665522000,137.198,137.944,136.484,137.78
1665608400,137.78,138.894,136.48,138.27
1665694800,138.27,139.854,137.13,137.458
1665954000,137.458,138.896,137.369,137.828
1666040400,137.828,138.88,137.148,138.56
1666126800,138.56,138.56,136.794,136.842
1666213200,136.842,137.308,136.028,136.102
1666299600,136.102,136.764,135.136,136.592
1666558800,136.592,137.888,136.298,137.396
1666645200,137.396,139.512,137.396,139.276
1666731600,139.276,140.078,138.716,139.804
1666818000,139.804,141.834,138.588,141.632
1666904400,141.632,141.83,139.268,140.006
1667163600,140.006,140.066,139.026,139.366
1667250000,139.366,140.85,139.288,139.644
1667336400,139.644,140.096,138.946,139.01
1667422800,139.01,139.01,137.54,138.19
1667509200,138.19,138.718,137.194,137.658
1667772000,137.658,137.89,136.804,136.872
1667858400,136.872,138.018,136.468,137.742
1667944800,137.742,139.134,137.61,139.104
1668031200,139.104,141.386,138.628,141.048
1668117600,141.048,141.048,139.03,139.276
1668376800,139.276,139.824,138.842,139.17
1668463200,139.17,140.454,138.928,140.226
1668549600,140.226,141.38,139.226,141.238
1668636000,141.238,141.578,140.222,140.612
1668722400,140.612,140.972,139.646,140.562
1668981600,140.562,141.27,139.962,140.382
1669068000,140.382,141.014,140.264,140.792
1669154400,140.792,141.65,140.124,141.514
1669240800,141.514,142.922,141.514,142.382
1669327200,142.382,142.382,140.638,140.848
1669586400,140.848,141.654,140.006,140.618
1669672800,140.618,141.934,140.289,141.178
1669759200,141.178,141.798,140.68,141.788
1669845600,141.788,142.894,141.788,142.874
1669932000,142.874,143.308,141.868,142.548
1670191200,142.548,142.548,141.504,141.752
1670277600,141.752,143.038,141.372,142.838
1670364000,142.838,143.206,141.864,142.808
1670450400,142.808,142.826,141.794,141.858
1670536800,141.858,142.213,140.618,140.662
1670796000,140.662,141.426,140.228,140.368
1670882400,140.368,141.934,140.036,140.796
1670968800,140.796,141.326,139.912,140.508
1671055200,140.508,141.042,138.376,138.846
1671141600,138.846,138.86,137.21,137.892
1671400800,137.892,137.994,137.062,137.446
1671487200,137.446,137.451,136.016,136.196
1671573600,136.196,136.544,135.835,136.074
1671660000,136.074,136.428,135.2,135.62
1671746400,135.62,135.638,134.846,134.916
1672092000,134.916,134.926,133.458,133.702
1672178400,133.702,134.31,133.5,133.644
1672264800,133.644,134.618,133.556,134.362
1672351200,134.362,134.396,132.922,132.972
1672610400,132.972,134.726,132.815,134.606
1672696800,134.606,135.736,133.978,135.308
1672783200,135.308,136.854,135.262,136.472
1672869600,136.472,136.66,135.738,136.394
1672956000,136.394,137.648,135.922,137.558
1673215200,137.558,137.558,136.568,137.122
1673301600,137.122,137.122,136.214,136.634
1673388000,136.634,138.134,136.634,138.134
1673474400,138.134,139.258,137.802,138.74
1673560800,138.74,139.22,138.168,138.232
1673820000,138.232,138.52,137.69,138.254
1673906400,138.254,139.668,137.806,139.296
1673992800,139.296,140.83,139.124,140.37
1674079200,140.37,140.884,139.272,139.59
1674165600,139.59,139.695,138.266,138.336
1674424800,138.336,138.564,137.802,137.882
1674511200,137.882,138.614,137.674,138.534
1674597600,138.534,139.494,138.322,138.666
1674684000,138.666,138.73,137.818,137.968
1674770400,137.968,137.968,137.004,137.704
1675029600,137.704,138.032,136.496,136.744
1675116000,136.744,137.404,136.592,137.146
1675202400,137.146,137.596,136.774,137.354
1675288800,137.354,139.958,137.098,139.478
1675375200,139.478,139.717,137.8,137.894
1675634400,137.894,137.894,136.794,136.898
1675720800,136.898,137.122,135.956,136.15
1675807200,136.15,136.5,135.698,136.402
1675893600,136.402,137.396,136.036,136.36
1675980000,136.36,136.548,135.912,136.102
1676239200,136.102,136.364,135.654,136.162
1676325600,136.162,136.622,135.09,135.35
1676412000,135.35,135.668,134.696,134.896
1676498400,134.896,135.16,134.284,134.598
1676584800,134.598,135.39,133.736,135.36
1676844000,135.36,135.368,134.856,134.882
1676930400,134.882,135.01,133.798,133.928
1677016800,133.928,134.472,133.666,134.19
1677103200,134.19,134.942,133.822,134.862
1677189600,134.862,135.332,133.7,134.15
1677448800,134.15,134.376,133.43,133.6
1677535200,133.6,133.63,132.078,132.908
1677621600,132.908,133.001,131.774,131.824
1677708000,131.824,132.138,131.332,131.532
1677794400,131.532,132.258,131.5,132.258
1678053600,132.258,132.74,131.46,131.69
1678140000,131.69,132.678,131.494,132.026
1678226400,132.026,132.908,131.658,132.56
1678312800,132.56,133.164,131.94,133.008
1678399200,133.008,135.114,133.008,134.654
1678654800,134.654,138.12,134.018,137.034
1678741200,137.034,137.9,134.666,134.84
1678827600,134.84,138.812,134.156,137.682
1678914000,137.682,138.736,136.56,136.686
1679000400,136.686,139.324,136.588,138.814
1679259600,138.814,141.112,137.912,138.602
1679346000,138.602,139.218,136.666,136.686
1679432400,136.686,137.38,135.568,137.314
1679518800,137.314,138.638,136.566,138.174
1679605200,138.174,140.3,138.12,138.44
1679864400,138.44,138.592,136.89,136.998
1679950800,136.998,137.287,136.268,136.752
1680037200,136.752,137.012,136.162,136.28
1680123600,136.28,137.47,135.448,136.074
1680210000,136.074,136.898,135.374,136.828
1680469200,136.828,137.322,135.796,137.098
1680555600,137.098,137.24,136.026,137.084
1680642000,137.084,138.134,136.48,137.796
1680728400,137.796,138.708,137.586,137.956
1681160400,137.956,137.956,136.282,136.444
1681246800,136.444,137.01,135.232,135.792
1681333200,135.792,136.066,135.254,135.496
1681419600,135.496,135.8,134.74,134.898
1681678800,134.898,135,134.098,134.326
1681765200,134.326,134.752,133.99,134.226
1681851600,134.226,134.253,133.58,133.99
1681938000,133.99,134.66,133.9,134.568
1682024400,134.568,134.874,134.008,134.192
1682283600,134.192,134.654,133.706,133.86
1682370000,133.86,135.892,133.86,135.812
1682456400,135.812,136.164,134.936,135.17
1682542800,135.17,135.278,134.288,134.328
1682629200,134.328,136.084,134.042,135.988
1682974800,135.988,136.736,134.71,136.624
1683061200,136.624,137.056,136.254,136.75
1683147600,136.75,137.568,135.966,137.106
1683234000,137.106,137.106,136.046,136.434
1683493200,136.434,136.51,135.504,135.732
1683579600,135.732,136.186,135.412,135.412
1683666000,135.412,136.434,135.266,136.222
1683752400,136.222,137.568,136.046,136.854
1683838800,136.854,137.011,136.242,136.318
1684098000,136.318,136.318,135.848,136.162
1684184400,136.162,136.608,135.352,135.592
1684270800,135.592,136.09,135.392,135.492
1684357200,135.492,135.639,134.05,134.06
1684443600,134.06,134.696,133.686,134.2
1684702800,134.2,134.846,134.042,134.19
1684789200,134.19,134.3,133.682,134.2
1684875600,134.2,134.594,133.594,133.91
1684962000,133.91,134.338,133.07,133.21
1685048400,133.21,133.654,132.944,133.47
1685307600,133.47,134.422,133.158,134.28
1685394000,134.28,135.542,134.236,135.492
1685480400,135.492,136.466,135.404,136.092
1685566800,136.092,136.644,135.672,136.422
1685653200,136.422,136.422,135.512,135.512
1685912400,135.512,135.512,134.59,134.806
1685998800,134.806,135.66,134.536,135.124
1686085200,135.124,135.382,133.912,134.042
1686171600,134.042,134.596,133.666,134.576
1686258000,134.576,135.054,134.2,134.86
1686517200,134.86,135.432,134.58,135.064
1686603600,135.064,135.278,133.834,134.006
1686690000,134.006,134.364,133.556,133.832
1686776400,133.832,134.072,132.846,133.472
1686862800,133.472,133.862,132.806,133.842
1687122000,133.842,134.134,133.006,133.116
1687208400,133.116,134.474,133.116,134.302
1687294800,134.302,134.44,133.722,134.286
1687381200,134.286,134.292,133.06,133.344
1687467600,133.344,135.256,133.312,134.686
1687726800,134.686,135.496,134.592,135.362
1687813200,135.362,135.556,134.632,134.73
1687899600,134.73,135.396,134.467,135.31
1687986000,135.31,135.31,133.864,134.134
1688072400,134.134,134.448,133.618,134.27
1688331600,134.27,134.648,133.622,133.782
1688418000,133.782,133.894,133.294,133.764
1688504400,133.764,134.15,132.974,133.094
1688590800,133.094,133.13,131.476,131.822
1688677200,131.822,131.966,131.064,131.502
1688936400,131.502,131.694,131.04,131.58
1689022800,131.58,132.018,131.254,131.422
1689109200,131.422,132.55,131.419,132.398
1689195600,132.398,133.656,132.334,133.584
1689282000,133.584,133.658,133.066,133.134
1689541200,133.134,133.866,132.996,133.492
1689627600,133.492,134.7,133.481,134.368
1689714000,134.368,135.256,133.88,134.25
1689800400,134.25,134.25,133.19,133.33
1689886800,133.33,133.806,133.156,133.498
1690146000,133.498,134.354,133.304,133.86
1690232400,133.86,134.106,133.486,133.932
1690318800,133.932,134,133.144,133.544
1690405200,133.544,134.23,132.654,132.854
1690491600,132.854,133.642,132.12,133.188
1690750800,133.188,133.336,132.712,133.246
1690837200,133.246,133.342,132.376,132.522
1690923600,132.522,133.132,132.482,132.798
1691010000,132.798,132.798,131.91,131.98
1691096400,131.98,132.614,131.374,132.544
1691355600,132.544,132.615,131.562,132.01
1691442000,132.01,133.676,132.01,133.324
1691528400,133.324,133.652,132.788,132.996
1691614800,132.996,133.116,132.178,132.208
1691701200,132.208,132.364,131.524,131.554
1691960400,131.554,131.84,131.298,131.416
1692046800,131.416,131.424,130.32,130.862
1692133200,130.862,131.444,130.854,131.05
1692219600,131.05,131.05,130.547,130.892
1692306000,130.892,131.868,130.892,131.546
1692565200,131.546,131.546,130.584,130.832
1692651600,130.832,131.416,130.656,131.28
1692738000,131.28,132.924,131.28,132.898
1692824400,132.898,133.456,132.448,132.552
1692910800,132.552,132.658,131.944,132.234
1693170000,132.234,132.404,131.774,132.19
1693256400,132.19,132.804,131.964,132.612
1693342800,132.612,132.621,131.838,132.156
1693429200,132.156,133.28,131.882,133.178
1693515600,133.178,133.372,132.222,132.33
1693774800,132.33,132.33,131.81,131.878
1693861200,131.878,131.995,131.316,131.402
1693947600,131.402,131.68,130.904,130.984
1694034000,130.984,131.54,130.881,131.46
1694120400,131.46,131.984,131.306,131.454
1694379600,131.454,131.454,131.098,131.166
1694466000,131.166,131.474,130.94,131.1
1694552400,131.1,131.226,130.434,131.104
1694638800,131.104,131.958,130.89,131.57
1694725200,131.57,131.739,130.682,130.722
1694984400,130.722,130.722,130.184,130.414
1695070800,130.414,130.542,129.836,129.85
1695157200,129.85,130.414,129.795,130.06
1695243600,130.06,130.158,129.546,130.026
1695330000,130.026,130.624,129.67,130.04
1695589200,130.04,130.04,129.192,129.25
1695675600,129.25,129.708,129.086,129.194
1695762000,129.194,129.632,128.456,128.698
1695848400,128.698,128.976,127.398,128.064
1695934800,128.064,129.168,127.847,128.756
1696194000,128.756,128.872,127.978,128.088
1696280400,128.088,128.31,127.45,127.526
1696366800,127.526,128.096,126.976,127.996
1696453200,127.996,128.622,127.552,128.522
1696539600,128.522,128.522,127.656,128.18
1696798800,128.18,129.772,128.18,129.762
1696885200,129.762,129.801,128.936,129.446
1696971600,129.446,130.314,129.344,130.182
1697058000,130.182,130.51,129.064,129.104
1697144400,129.104,130.272,129.104,130.07
1697403600,130.07,130.07,129.212,129.362
1697490000,129.362,129.416,128.244,128.334
1697576400,128.334,128.55,127.848,128.058
1697662800,128.058,128.154,127.554,127.812
1697749200,127.812,128.398,127.738,128.256
1698008400,128.256,128.612,127.43,128.56
1698094800,128.56,129.36,128.459,129.076
1698181200,129.076,129.254,128.068,128.168
1698267600,128.168,129.014,127.796,128.97
1698354000,128.97,129.18,128.53,129.14
1698613200,129.14,129.64,128.662,128.942
1698699600,128.942,129.67,128.706,128.706
1698786000,128.706,130.052,128.622,130.032
1698872400,130.032,130.568,129.678,130.176
1698958800,130.176,130.954,129.854,130.606
1699221600,130.606,130.606,129.584,129.684
1699308000,129.684,130.73,129.51,130.548
1699394400,130.548,131.074,130.416,130.954
1699480800,130.954,131.082,129.926,129.932
1699567200,129.932,130.284,129.592,129.876
1699826400,129.876,130.12,129.474,129.894
1699912800,129.894,131.11,129.772,131.058
1699999200,131.058,131.336,130.484,130.588
1700085600,130.588,131.39,130.588,131.168
1700172000,131.168,131.846,131.002,131.112
1700431200,131.112,131.112,130.566,130.984
1700517600,130.984,131.48,130.88,131.178
1700604000,131.178,131.786,130.966,131.284
1700690400,131.284,131.441,130.578,130.668
1700776800,130.668,130.668,130.184,130.532
1701036000,130.532,131.476,130.229,131.434
1701122400,131.434,132.01,131.15,131.974
1701208800,131.974,132.834,131.974,132.754
1701295200,132.754,132.996,131.978,132.328
1701381600,132.328,133.552,132.266,133.356
1701640800,133.356,133.816,133.048,133.46
1701727200,133.46,134.594,133.46,134.466
1701813600,134.466,135.118,134.12,135.024
1701900000,135.024,135.38,134.442,135.004
1701986400,135.004,135.021,133.94,134.326
1702245600,134.326,134.474,134.118,134.42
1702332000,134.42,135.196,134.406,134.718
1702418400,134.718,136.11,134.686,135.944
1702504800,135.944,136.87,135.444,135.864
1702591200,135.864,137.086,135.418,136.812
1702850400,136.812,137.09,136.212,136.372
1702936800,136.372,137.094,136.372,136.946
1703023200,136.946,137.744,136.946,137.7
1703109600,137.7,137.842,137.264,137.434
1703196000,137.434,137.742,137.212,137.4
1703628000,137.4,138.492,137.4,138.442
1703714400,138.442,138.442,137.668,137.778
1703800800,137.778,138.024,136.744,136.856
1704146400,136.856,136.856,135.934,136.436
1704232800,136.436,137.318,136.01,137.244
1704319200,137.244,137.65,135.606,135.776
1704405600,135.776,135.87,134.762,135.204
1704664800,135.204,135.886,134.876,135.566
1704751200,135.566,135.608,134.976,135.112
1704837600,135.112,135.424,134.608,134.618
1704924000,134.618,135.494,134.618,135.486
1705010400,135.486,135.724,135.066,135.436
1705269600,135.436,135.467,134.73,134.972
1705356000,134.972,135.254,134.338,134.498
1705442400,134.498,134.7,133.922,133.984
1705528800,133.984,134.256,133.508,133.674
1705615200,133.674,134.08,133.481,133.942
1705874400,133.942,134.436,133.942,134.236
1705960800,134.236,134.338,133.522,133.712
1706047200,133.712,134.224,133.446,133.498
1706133600,133.498,134.43,133.35,134.42
1706220000,134.42,134.822,133.974,134.12
1706479200,134.12,135.058,134.12,134.93
1706565600,134.93,135.27,134.204,134.724
1706652000,134.724,135.766,134.724,135.488
1706738400,135.488,136.122,135.042,135.808
1706824800,135.808,135.808,134.668,134.954
1707084000,134.954,134.954,133.732,133.944
1707170400,133.944,134.418,133.616,134.368
1707256800,134.368,134.46,133.842,133.894
1707343200,133.894,134.146,133.218,133.334
1707429600,133.334,133.792,133.072,133.338
1707688800,133.338,133.716,133.256,133.498
1707775200,133.498,133.88,132.702,132.792
1707861600,132.792,133.826,132.674,133.626
1707948000,133.626,134.088,133.262,133.456
1708034400,133.456,133.456,132.626,132.956
1708293600,132.956,133.078,132.69,132.722
1708380000,132.722,133.324,132.702,132.996
1708466400,132.996,133.228,132.19,132.26
1708552800,132.26,132.734,131.724,132.446
1708639200,132.446,133.31,131.998,133.16
1708898400,133.16,133.556,132.284,132.464
1708984800,132.464,132.666,131.99,132.07
1709071200,132.07,132.432,132.03,132.254
1709157600,132.254,132.768,131.586,132.558
1709244000,132.558,132.852,131.952,132.738
1709503200,132.738,132.936,132.456,132.798
1709589600,132.798,133.898,132.738,133.638
1709676000,133.638,133.684,133.134,133.502
1709762400,133.502,134.322,133.23,133.81
1709848800,133.81,134.518,133.688,134.126
1710104400,134.126,134.408,133.564,133.734
1710190800,133.734,134.032,133.288,133.488
1710277200,133.488,133.808,132.944,132.994
1710363600,132.994,133.11,132.198,132.258
1710450000,132.258,132.376,132.044,132.214
1710709200,132.214,132.414,131.862,132.03
1710795600,132.03,132.34,131.908,132.128
1710882000,132.128,132.546,131.958,132.344
1710968400,132.344,132.832,132.142,132.59
1711054800,132.59,133.48,132.59,133.408
1711314000,133.408,133.57,132.816,132.926
1711400400,132.926,133.214,132.834,133.102
1711486800,133.102,133.754,133.101,133.678
1711573200,133.678,133.716,133.246,133.524
1712005200,133.524,133.524,132.128,132.662
1712091600,132.662,132.96,132.188,132.84
1712178000,132.84,133.356,132.556,133.326
1712264400,133.326,133.326,132.402,132.46
1712523600,132.46,132.46,131.88,132.118
1712610000,132.118,132.876,132.017,132.776
1712696400,132.776,133.088,131.76,131.95
1712782800,131.95,132.268,131.536,131.83
1712869200,131.83,133.274,131.735,132.744
1713128400,132.744,132.754,131.79,132.16
1713214800,132.16,132.31,131.176,131.476
1713301200,131.476,131.862,131.194,131.732
1713387600,131.732,132.06,131.208,131.378
1713474000,131.378,132.438,131.014,131.192
1713733200,131.192,131.462,130.692,131.392
1713819600,131.392,131.634,130.958,131.118
1713906000,131.118,131.126,130.202,130.312
1713992400,130.312,130.534,129.698,129.858
1714078800,129.858,130.686,129.782,130.37
1714338000,130.37,131.124,130.354,130.924
1714424400,130.924,131.122,129.978,130.028
1714597200,130.028,130.852,130.028,130.802
1714683600,130.802,131.7,130.678,131.258
1714942800,131.258,131.748,131.109,131.566
1715029200,131.566,131.974,131.504,131.762
1715115600,131.762,131.82,131.36,131.448
1715202000,131.448,131.448,130.996,131.314
1715288400,131.314,131.502,130.81,130.96
1715547600,130.96,131.22,130.81,130.968
1715634000,130.968,131.216,130.34,130.684
1715720400,130.684,132.022,130.684,131.85
1715806800,131.85,132.2,131.356,131.376
1715893200,131.376,131.526,130.722,130.772
1716152400,130.772,130.902,130.542,130.64
1716238800,130.64,131.068,130.599,130.856
1716325200,130.856,130.916,130.364,130.532
1716411600,130.532,130.81,129.76,130.048
1716498000,130.048,130.176,129.676,130.144
1716757200,130.144,130.554,129.874,130.338
1716843600,130.338,130.5,129.668,129.688
1716930000,129.688,129.846,128.774,128.944
1717016400,128.944,129.332,128.874,129.26
1717102800,129.26,129.468,128.748,129.306
1717362000,129.306,130.142,129.208,129.966
1717448400,129.966,130.782,129.824,130.412
1717534800,130.412,130.852,130.204,130.724
1717621200,130.724,130.782,129.944,130.314
1717707600,130.314,130.335,129.334,129.476
1717966800,129.476,129.585,128.852,128.972
1718053200,128.972,129.676,128.926,129.618
1718139600,129.618,130.578,129.549,130.162
1718226000,130.162,131.294,130.124,131.214
1718312400,131.214,132.534,130.949,132.366
1718571600,132.366,132.406,131.542,131.854
1718658000,131.904,132.148,131.528,132.03
1718744400,131.962,132.302,131.688,131.82
1718830800,131.781,131.962,131.408,131.798
1718917200,131.779,132.45,131.682,132.014
1719176400,131.992,132.124,131.638,131.918
1719262800,131.99,132.212,131.794,131.996
1719349200,131.948,131.948,131.406,131.408
1719435600,131.299,131.622,131.122,131.474
1719522000,131.456,131.678,130.904,130.994
1719781200,130.444,130.708,129.798,129.892
1719867600,129.894,130.218,129.77,129.98
1719954000,130.002,130.504,129.726,130.288
1720040400,130.269,130.339,130.024,130.036
1720126800,130.067,130.642,129.956,130.632
1720386000,130.479,130.914,130.274,130.824
1720472400,130.806,130.841,130.312,130.534
1720558800,130.595,131.086,130.495,130.91
1720645200,130.852,131.624,130.596,131.316
1720731600,131.218,131.412,130.924,131.384
1720990800,131.053,131.676,130.968,131.438
1721077200,131.509,132.152,131.499,132.124
1721163600,132.095,132.248,131.85,132.142
1721250000,132.073,132.328,131.764,131.9
1721336400,131.962,132.144,131.548,131.668
1721595600,131.716,131.918,131.252,131.434
1721682000,131.435,132.028,131.358,131.83
1721768400,131.802,132.314,131.568,131.578
1721854800,131.65,132.566,131.64,132.056
1721941200,132.117,132.54,131.752,132.372
1722200400,132.51,133.042,132.407,132.896
1722286800,132.877,133.292,132.75,133.134
1722373200,133.075,133.74,133.065,133.724
1722459600,133.671,134.256,133.486,134.028
1722546000,134.128,135.21,134.128,134.944
1722805200,135.226,136.022,134.618,134.922
1722891600,134.385,135.324,134.192,134.466
1722978000,134.473,134.59,133.698,133.936
1723064400,134.117,134.478,133.734,133.954
1723150800,134.05,134.47,133.958,134.322
1723410000,134.284,134.484,134.072,134.426
1723496400,134.412,134.882,134.27,134.784
1723582800,134.75,134.98,134.38,134.732
1723669200,134.723,134.886,133.91,134.04
1723755600,134.087,134.486,133.978,134.218
1724014800,134.061,134.478,133.94,134.072
1724101200,134.014,134.54,133.956,134.49
1724187600,134.542,134.858,134.346,134.668
1724274000,134.6,134.922,133.986,134.096
1724360400,134.198,134.472,133.964,134.354
1724619600,134.542,134.612,133.946,134.15
1724706000,134.161,134.204,133.576,133.868
1724792400,133.939,134.312,133.822,133.926
1724878800,133.937,134.43,133.73,133.864
1724965200,133.885,134.128,133.44,133.512
1725224400,133.499,133.591,133.134,133.276
1725310800,133.317,134.102,133.192,134.004
1725397200,134.045,134.694,134.021,134.636
1725483600,134.638,134.804,134.332,134.702
1725570000,134.69,135.32,134.516,134.67
1725829200,134.503,135.102,134.28,135.05
1725915600,135.069,135.518,134.856,135.366
1726002000,135.415,135.964,135.152,135.632
1726088400,135.63,135.818,135.044,135.204
1726174800,135.384,135.652,135.09,135.248
1726434000,135.277,135.534,135.074,135.504
1726520400,135.442,135.842,135.136,135.186
1726606800,135.216,135.306,134.56,134.568
1726693200,134.568,134.826,134.424,134.704
1726779600,134.773,134.952,134.348,134.658
1727038800,134.616,135.236,134.444,135.164
1727125200,135.247,135.41,134.628,135.318
1727211600,135.187,135.376,134.732,134.862
1727298000,134.87,135.428,134.786,134.906
1727384400,134.925,135.586,134.702,135.342
1727643600,135.319,135.496,134.826,135.284
1727730000,135.414,136.564,135.273,136.172
1727816400,136.191,136.281,135.406,135.534
1727902800,135.453,135.592,134.818,134.888
1727989200,134.926,134.976,133.99,134.29
1728248400,134.238,134.358,133.732,133.882
1728334800,133.982,134.122,133.658,133.898
1728421200,133.906,134.076,133.492,133.51
1728507600,133.52,133.806,133.096,133.75
1728594000,133.815,133.885,133.23,133.63
1728853200,133.548,133.696,133.294,133.594
1728939600,133.603,134.07,133.603,134.028
1729026000,133.988,134.536,133.958,134.364
1729112400,134.303,134.44,134,134.278
1729198800,134.318,134.514,133.946,134.384
1729458000,134.261,134.43,133.324,133.334
1729544400,133.284,133.39,132.83,133.128
1729630800,133.143,133.196,132.834,133.004
1729717200,132.917,133.77,132.912,133.488
1729803600,133.568,133.726,133.002,133.062
1730062800,132.85,133.628,132.588,133.276
1730149200,133.376,133.444,132.64,133.03
1730235600,133.07,133.218,131.692,131.712
1730322000,131.727,132.118,131.348,131.888
1730408400,131.817,132.384,131.634,131.732
1730671200,132.001,132.094,131.438,131.886
1730757600,131.935,132.02,131.412,131.94
1730844000,132.12,132.388,130.743,131.634
1730930400,131.694,131.852,130.84,131.65
1731016800,131.649,132.466,131.544,132.466
1731276000,132.263,132.752,132.112,132.548
1731362400,132.628,132.866,131.814,131.912
1731448800,131.832,132.23,131.538,131.688
1731535200,131.486,132.484,131.406,132.232
1731621600,132.151,132.57,131.898,132.392
1731880800,132.395,132.504,131.612,132.16
1731967200,132.195,133.078,132.146,132.276
1732053600,132.204,132.362,131.79,132.03
1732140000,132.059,132.786,131.988,132.424
1732226400,132.494,133.392,132.222,133.15
1732485600,133.428,133.764,133.124,133.714
1732572000,133.702,134.038,133.478,133.948
1732658400,133.817,134.376,133.807,134.072
1732744800,133.962,134.538,133.927,134.436
1732831200,134.386,134.982,134.376,134.952
1733090400,134.86,135.486,134.819,135.416
1733176800,135.364,135.472,134.962,135.05
1733263200,134.989,135.262,134.644,135.204
1733349600,135.127,135.265,134.386,134.698
1733436000,134.715,134.874,134.302,134.626
1733695200,134.71,134.878,134.416,134.444
1733781600,134.436,134.704,134.196,134.472
1733868000,134.474,134.812,134.252,134.302
1733954400,134.285,134.482,133.32,133.322
1734040800,133.383,133.646,132.914,132.964
1734300000,133.031,133.388,132.998,133.304
1734386400,133.316,133.52,133.044,133.302
1734472800,133.324,133.418,132.646,132.686
1734559200,132.639,132.884,132.354,132.576
1734645600,132.608,132.924,132.456,132.692
1734904800,132.711,132.752,132.32,132.39
1735250400,132.405,132.55,131.598,131.598
1735509600,131.576,132.312,131.537,132.108
1735768800,131.937,132.73,131.768,132.18
1735855200,132.222,132.366,131.394,131.414
1736114400,131.303,131.52,131.076,131.328
1736200800,131.281,131.416,130.886,130.96
1736287200,130.932,131.126,130.34,130.62
1736373600,130.552,130.715,130.326,130.368
1736460000,130.361,130.396,129.75,129.93
1736719200,129.957,130.066,129.666,129.942
1736805600,130.024,130.188,129.402,129.512
1736892000,129.505,130.758,129.48,130.632
1736978400,130.625,130.828,130.148,130.73
1737064800,130.683,131.13,130.647,130.946
1737324000,130.884,131.098,130.714,130.968
1737410400,131.25,131.361,130.87,131.176
1737496800,131.068,131.452,130.892,131.004
1737583200,130.987,131.172,130.61,130.832
1737669600,130.855,131.02,130.288,130.602
1737928800,130.808,131.464,130.808,130.952
1738015200,130.846,131.01,130.708,130.89
1738101600,130.913,131.168,130.44,130.63
1738188000,130.637,131.508,130.637,131.294
1738274400,131.291,131.976,131.024,131.7
1738533600,132.071,133.034,132.066,132.52
1738620000,132.293,132.756,132.186,132.746
1738706400,132.679,133.188,132.66,132.944
1738792800,132.976,133.104,132.634,132.912
1738879200,132.924,133.194,132.478,132.98
1739138400,133.038,133.188,132.784,132.984
1739224800,133.075,133.09,132.24,132.324
1739311200,132.306,132.386,131.718,131.872
1739397600,131.905,132.608,131.82,132.538
1739484000,132.491,132.58,132.198,132.216
1739743200,132.25,132.25,131.684,131.83
1739829600,131.843,131.863,131.428,131.6
1739916000,131.552,131.666,130.996,131.198
1740002400,131.2,131.432,131.058,131.336
1740088800,131.337,132.36,131.332,132.352
1740348000,132.194,132.326,131.654,131.706
1740434400,131.718,132.428,131.718,132.292
1740520800,132.355,132.828,132.09,132.78
1740607200,132.672,132.844,132.372,132.778
1740693600,132.92,133.334,132.832,133.164
1740952800,132.623,132.88,131.734,132.508
1741039200,132.511,132.816,130.652,130.686
1741125600,130.574,130.814,128.69,128.71
1741212000,128.437,128.866,127.512,128.672
1741298400,128.732,129.16,128.04,128.104
1741554000,128.381,129.162,128.047,128.646
1741640400,128.684,129.116,127.348,127.488
1741726800,127.567,128.134,127.432,128.012
1741813200,128.051,128.446,127.614,128.364
1741899600,128.343,128.38,127.434,128.094
1742158800,128.194,128.812,127.971,128.508
1742245200,128.527,128.842,128.216,128.74
1742331600,128.668,129.41,128.628,129.214
1742418000,129.302,129.36,128.874,128.952
1742504400,128.961,129.358,128.886,129.204
1742763600,128.993,129.16,128.758,128.974
1742850000,128.943,129.05,128.436,128.784
1742936400,128.712,129.148,128.66,128.996
1743022800,129.065,129.374,128.86,129.096
1743109200,129.206,129.746,129.155,129.53
1743368400,129.871,130.23,129.24,129.39
1743454800,129.349,130.228,129.317,129.958
1743541200,129.771,130.238,129.362,129.652
1743627600,130.384,130.552,130.06,130.376
1743714000,130.455,132.094,130.39,131.01
1743973200,131.722,132.612,129.678,130.67
1744059600,130.447,131.146,130.02,130.83
1744146000,130.583,131.304,129.144,129.842
1744232400,129.996,131.274,129.582,130.842
1744318800,130.749,131.968,130.466,131.008
1744578000,130.996,131.988,130.861,131.876
1744664400,131.81,132.065,131.258,131.476
1744750800,131.634,132.012,131.53,131.848
1744837200,131.71,132.312,131.358,131.968
1745269200,132.028,132.442,131.905,132.36
1745355600,132.259,132.364,131.536,131.748
1745442000,131.822,132.354,131.744,132.332
1745528400,132.259,132.349,131.904,132
1745787600,132.069,132.14,131.4,131.65
1745874000,131.618,131.826,131.526,131.77
1745960400,131.829,132.304,131.686,132.282
1746133200,132.08,132.08,131.172,131.23
1746392400,131.329,131.546,131.006,131.282
1746478800,131.265,131.386,130.964,131.272
1746565200,131.23,132.004,131.086,131.884
1746651600,131.912,131.941,131.052,131.072
1746738000,131.09,131.119,130.656,131.022
1746997200,130.66,130.7,129.832,129.86
1747083600,129.869,129.946,129.602,129.642
1747170000,129.629,129.896,129.372,129.402
1747256400,129.379,130.354,129.379,130.314
1747342800,130.361,130.848,130.316,130.484
1747602000,130.453,130.756,129.898,130.756
1747688400,130.753,130.91,130.148,130.406
1747774800,130.403,130.433,129.738,129.814
1747861200,129.763,130.176,129.64,130.176
1747947600,130.184,131.08,129.992,130.726
1748206800,130.295,130.89,130.265,130.838
1748293200,130.886,131.324,130.846,131.118
1748379600,131.056,131.088,130.792,131.018
1748466000,130.596,131.39,130.462,131.328
1748552400,131.357,131.5,131.012,131.38
1748811600,131.248,131.326,130.764,131.24
1748898000,131.258,131.516,131.082,131.27
1748984400,131.299,131.418,130.952,131.26
1749070800,131.271,131.67,130.348,130.438
1749157200,130.467,130.978,130.397,130.466
1749416400,130.451,131.182,130.33,130.64
1749502800,130.689,131.148,130.569,131.098
1749589200,131.127,131.158,130.716,130.996
1749675600,131.055,131.676,130.924,131.514
1749762000,131.784,132.144,130.822,130.942
1750021200,130.906,131.146,130.356,130.804
1750107600,130.934,131.308,130.674,131.062
1750194000,131.072,131.442,130.756,131.24
1750280400,131.24,131.33,130.91,131.218
1750366800,131.213,131.488,130.906,131.016
1750626000,131.052,131.36,130.64,131.04
1750712400,130.989,131.35,130.518,130.848
1750798800,130.887,131.276,130.476,130.676
1750885200,130.695,130.96,130.534,130.722
1750971600,130.673,130.812,130.2,130.42
1751230800,130.366,130.666,130.144,130.364
1751317200,130.374,130.884,130.329,130.628
1751403600,130.607,130.632,129.91,129.99
1751490000,130.029,130.568,129.989,130.458
1751576400,130.497,130.898,130.457,130.696
1751835600,130.691,130.75,130.16,130.248
1751922000,130.198,130.238,129.526,129.806
1752008400,129.786,130.094,129.676,130.094
1752094800,130.104,130.199,129.502,129.682
1752181200,129.626,129.862,129.25,129.33
1752440400,129.375,129.524,129.204,129.464
1752526800,129.413,129.928,129.313,129.552
1752613200,129.501,129.88,129.31,129.87
1752699600,129.799,130.028,129.498,129.792
1752786000,129.837,129.926,129.606,129.866
1753045200,129.9,130.58,129.85,130.5
1753131600,130.459,130.858,130.348,130.718
1753218000,130.667,130.736,129.874,130.014
1753304400,130.084,130.104,129.542,129.642
1753390800,129.702,129.712,128.94,129.574
1753650000,129.285,129.884,129.205,129.774
1753736400,129.773,129.853,129.502,129.802
1753822800,129.826,129.93,129.48,129.554
1753909200,129.569,129.908,129.549,129.648
1753995600,129.562,130.286,129.246,130.026
1754254800,130.076,130.5,129.57,130.494
1754341200,130.509,130.668,130.178,130.478
1754427600,130.437,130.487,129.854,130.204
1754514000,130.179,130.444,129.984,130.332
1754600400,130.252,130.322,129.69,129.72
1754859600,129.791,130.056,129.634,129.684
1754946000,129.643,129.752,129.032,129.232
1755032400,129.176,129.9,129.151,129.89
1755118800,129.859,130.118,129.498,129.588
1755205200,129.607,129.666,128.694,128.754
1755464400,128.77,129.22,128.75,129.028
1755550800,129.038,129.196,128.772,129.106
1755637200,129.116,129.526,128.92,129.45
1755723600,129.404,129.584,129.014,129.132
1755810000,129.162,129.58,128.972,129.37
1756069200,129.316,129.346,128.864,129.244
1756155600,129.279,129.522,129.183,129.512
1756242000,129.491,129.86,129.36,129.744
1756328400,129.709,129.918,129.518,129.688
1756414800,129.687,129.786,129.436,129.536
1756674000,129.461,129.511,129.09,129.244
1756760400,129.189,129.258,128.698,128.886
1756846800,128.866,129.354,128.646,129.304
1756933200,129.354,129.704,129.284,129.602
1757019600,129.691,130.24,129.536,130.064
1757278800,129.95,130.326,129.93,130.244
1757365200,130.231,130.271,129.956,130.152
1757451600,130.089,130.418,129.952,130.2
1757538000,130.159,130.344,129.71,130.1
1757624400,130.027,130.047,129.466,129.584
1757883600,129.5,129.734,129.449,129.592
1757970000,129.59,129.808,129.402,129.622
1758056400,129.659,130.034,129.609,129.7
1758142800,129.648,129.918,129.308,129.318
1758229200,129.325,129.365,129.026,129.094
1758488400,129.021,129.246,128.857,129.062
1758574800,129.08,129.238,128.962,129.082
1758661200,129.109,129.216,128.96,128.97
1758747600,129.008,129.186,128.69,128.838
1758834000,128.806,129.212,128.692,129.048
1759093200,129.08,129.42,129.052,129.418
1759179600,129.396,129.544,129.21,129.236
1759266000,129.163,129.51,128.99,129.346
1759352400,129.394,129.528,129.116,129.456
1759438800,129.453,129.518,129.338,129.354
1759698000,129.219,129.446,129.004,129.16
1759784400,129.148,129.302,128.932,129.21
1759870800,129.187,129.724,129.157,129.54
1759957200,129.619,129.668,129.29,129.348
1760043600,129.356,130.052,129.355,130
1760302800,129.886,130.122,129.754,130.058
1760389200,130.006,130.544,129.965,130.348
1760475600,130.296,130.772,130.276,130.598
1760562000,130.657,131.016,130.47,130.948
1760648400,131.057,131.166,130.448,130.496
1760907600,130.401,130.556,130.308,130.532
1760994000,130.541,130.824,130.468,130.762
1761080400,130.756,130.898,130.574,130.722
1761166800,130.73,130.73,130.4,130.41
1761253200,130.377,130.554,129.91,129.986
1761512400,129.792,130.086,129.734,130.084
1761598800,130.102,130.178,129.894,130.032
1761685200,130.031,130.058,129.65,129.68
1761771600,129.669,129.872,129.564,129.81
1761858000,129.788,129.89,129.584,129.89
1762120800,129.805,129.845,129.446,129.514
1762207200,129.503,129.726,129.473,129.644
1762293600,129.683,129.843,129.324,129.372
1762380000,129.371,129.634,129.348,129.492
1762466400,129.48,129.554,129.304,129.39
1762725600,129.187,129.49,129.114,129.338
1762812000,129.316,129.57,129.272,129.538
1762898400,129.496,129.638,129.26,129.616
1762984800,129.595,129.672,129.124,129.134
1763071200,129.083,129.228,128.794,128.832
1763330400,128.779,129.016,128.739,128.84
1763416800,128.758,129.154,128.758,128.94
1763503200,128.958,129.162,128.758,128.798
1763589600,128.717,128.86,128.56,128.768
1763676000,128.736,129.282,128.726,129.036
1763935200,128.983,129.15,128.878,129.044
1764021600,129.072,129.296,128.898,129.194
1764108000,129.187,129.336,129.014,129.262
1764194400,129.271,129.281,129.026,129.122
1764280800,129.09,129.216,128.922,129.02
1764540000,128.957,128.982,128.32,128.348
1764626400,128.335,128.422,128.184,128.376
1764712800,128.345,128.518,128.29,128.446
1764799200,128.364,128.383,128.088,128.164
1764885600,128.158,128.222,127.724,127.76
1765144800,127.781,127.796,127.01,127.22
1765231200,127.221,127.422,126.992,127.184
1765317600,127.154,127.306,126.786,127.306
1765404000,127.357,127.497,127.098,127.22
1765490400,127.2,127.29,127.042,127.182
1765749600,127.219,127.44,127.19,127.252
1765836000,127.312,127.424,127.084,127.374
1765922400,127.365,127.546,127.108,127.188
1766008800,127.259,127.4,126.822,127.302
1766095200,127.252,127.257,126.736,126.736
1766354400,126.622,126.924,126.523,126.794
1766440800,126.785,127.256,126.785,127.218
1766959200,127.353,127.644,127.104,127.59
1767045600,127.606,127.606,127.258,127.388
1767304800,127.266,127.308,126.848,126.85
1767564000,126.816,127.248,126.791,127.158
1767650400,127.159,127.62,126.95,127.546
1767736800,127.541,128.052,127.541,127.844
1767823200,127.854,127.964,127.546,127.726
1767909600,127.787,127.828,127.56,127.77
1768168800,127.747,128.048,127.658,127.93
1768255200,127.969,127.999,127.682,127.892
1768341600,127.873,128.324,127.813,128.216
1768428000,128.255,128.338,128.076,128.168
1768514400,128.169,128.26,127.942,127.956
1768773600,128.138,128.428,128.01,128.032
1768860000,128.031,128.032,127.504,127.884
1768946400,127.915,128.116,127.518,127.568
1769032800,127.628,127.9,127.558,127.63
1769119200,127.631,127.702,127.384,127.47
1769378400,127.511,127.862,127.471,127.774
1769464800,127.734,127.896,127.616,127.726
1769551200,127.757,128.058,127.677,127.9
1769637600,127.93,128.292,127.751,128.108
1769724000,128.043,128.184,127.954,128.036
1769983200,128.033,128.273,127.774,127.836
1770069600,127.806,127.846,127.468,127.698
1770156000,127.694,127.972,127.62,127.862
1770242400,127.862,128.254,127.734,128.224
1770328800,128.395,128.495,128.068,128.148
1770588000,128.125,128.258,127.946,128.238
1770674400,128.258,128.59,128.218,128.54
1770760800,128.541,128.682,128.322,128.614
1770847200,128.584,128.996,128.544,128.976
1770933600,128.967,129.268,128.838,129.01
1771192800,129.036,129.258,128.978,129.108
1771279200,129.089,129.412,129.079,129.272
1771365600,129.283,129.333,129.104,129.216
1771452000,129.226,129.288,129.006,129.258
1771538400,129.269,129.4,129.16,129.352
1771797600,129.328,129.662,129.27,129.662
1771884000,129.642,129.734,129.534,129.654
1771970400,129.665,129.675,129.476,129.578
1772056800,129.558,129.88,129.548,129.8
1772143200,129.851,130.324,129.742,130.284
1772402400,130.471,130.521,129.514,129.534
1772488800,129.564,129.564,128.516,129.196
1772575200,129.124,129.3,128.788,129.034
1772661600,129.002,129.012,128.086,128.288
1772748000,128.236,128.392,127.796,127.944
1773003600,127.519,128.428,126.882,128.336
1773090000,128.254,128.472,127.746,127.892
1773176400,128.032,128.141,127.046,127.076
1773262800,126.893,127.342,126.694,126.764
1773349200,126.873,127.16,126.582,126.662
1773608400,126.771,127.298,126.698,127.164
1773694800,127.123,127.468,126.888,127.346
1773781200,127.354,127.712,126.61,126.66
1773867600,126.679,127.234,126.302,127.012
1773954000,127.021,127.111,125.826,125.896
1774213200,125.813,126.854,125.566,126.388
1774299600,126.305,126.598,125.804,126.422
1774386000,126.612,126.884,126.332,126.608
1774472400,126.546,126.566,125.442,125.512
1774558800,125.59,125.625,124.992,125.198
1774818000,125.222,125.966,125.207,125.732
1774904400,125.66,126.688,125.619,126.466
1774990800,126.554,126.974,126.226,126.374
1775077200,126.413,126.584,125.734,126.294
1775509200,126.15,126.371,125.28,125.67
1775595600,126.466,127.272,126.381,126.764
1775682000,126.652,126.722,125.932,126.192
1775768400,126.189,126.24,125.63,125.728
1776027600,125.324,125.712,125.25,125.628
1776114000,125.736,126.1,125.45,126.09
1776200400,126.128,126.246,125.718,125.828
1776286800,125.916,126.292,125.678,125.738
1776373200,125.715,126.794,125.653,126.59
1776632400,126.297,126.512,126.162,126.438
1776718800,126.467,126.671,125.826,125.846
1776805200,126.135,126.33,125.962,126.006
1776891600,125.638,126.18,125.454,125.826
1776978000,125.834,126.308,125.661,126.196
1777237200,126.003,126.16,125.644,125.754
1777323600,125.762,125.782,125.266,125.412
1777410000,125.471,125.568,124.872,124.97
1777496400,124.989,125.856,124.807,125.632
1777842000,125.811,125.87,125.042,125.25
1777928400,125.279,125.452,125.094,125.39
1778014800,125.469,126.396,125.429,126.122
1778101200,126.07,126.476,125.722,125.842
1778187600,125.849,126.154,125.818,126.072
1778446800,125.818,125.906,125.46,125.47
1778533200,125.467,125.477,124.918,124.938
1778619600,124.886,125.18,124.84,125.108
1778706000,125.116,125.6,125.062,125.288
1778792400,125.266,125.286,124.166,124.166
1779051600,124.173,124.748,123.952,124.576
1779138000,124.534,124.62,124.016,124.134
1779224400,124.213,125.308,124.052,125.156
1779310800,125.014,125.508,124.78,125.366
1779397200,125.324,125.74,125.232,125.576
1779656400,125.924,126.628,125.924,126.526
1779742800,126.344,126.352,126.048,126.186
1779829200,126.254,126.418,125.958,126.016
1779915600,125.863,126.568,125.641,126.264
1780002000,126.313,126.636,126.16,126.354
1780261200,126.282,126.292,125.636,126.084
1780347600,126.102,126.376,125.994,126.064
1780434000,126.051,126.08,125.432,125.492
1780520400,125.522,125.792,125.432,125.612
1780606800,125.602,125.752,125.322,125.582
1780866000,125.523,125.563,125.104,125.124
1780952400,125.104,125.524,125.014,125.384
1781038800,125.334,125.444,124.854,125.014
1781125200,124.924,126.114,124.844,126.054
1781211600,125.994,126.254,125.664,125.994
1781470800,126.385,126.495,126.186,126.206
1781557200,126.186,126.706,126.156,126.556
1781643600,126.536,126.776,126.276,126.316
1781730000,126.476,126.746,126.446,126.486
1781816400,126.507,126.527,125.998,126.018
1782075600,125.998,126.504,125.983,126.368
1782162000,126.408,126.878,126.408,126.688
1782248400,126.668,127.348,126.648,127.258
1782334800,127.259,127.498,127.178,127.238
1782421200,127.269,127.62,127.219,127.38
1782680400,127.41,127.48,127.27,127.37
1782766800,127.34,127.66,127.17,127.18
1782853200,127.091,127.202,126.842,127.012
1782939600,126.981,127.032,126.662,126.792
1783026000,126.822,126.892,126.582,126.582
1783285200,126.613,126.792,126.432,126.522
1783371600,126.503,126.513,125.704,125.704
1783458000,125.664,125.744,125.014,125.134
1783544400,125.134,125.504,125.094,125.404
1783630800,125.374,125.724,125.314,125.58
1783890000,125.345,125.506,124.926,125.036
1783976400,124.956,125.35,124.796,125.066
1784062800,125.116,125.206,124.766,125.102
1784149200,125.076,125.106,124.606,124.906
1784235600,124.897,125.126,124.798,124.808
1784494800,124.608,125.078,124.578,124.654
1784581200,124.698,124.798,124.378,124.518
1784667600,124.528,124.578,124.248,124.408
1784754000,124.399,124.439,124.01,124.25
1784840400,124.199,124.51,124.139,124.42
1785099600,124.82,125.03,124.75,124.92
1785186000,124.95,125.24,124.93,125.11
1785272400,124.981,125.1,124.492,124.492
1785358800,124.541,124.812,124.291,124.752
1785445200,124.752,124.922,124.112,124.172
1785704400,124.533,124.932,124.493,124.782
1785790800,124.793,125.284,124.624,125.264
1785877200,125.283,125.493,125.094,125.264