time,open,high,low,close
1262901600,85.657,86.026,84.565,85.672
1263160800,86.028,86.208,85.346,85.594
1263247200,85.594,85.75,83.362,83.703
1263333600,83.703,84.736,83.684,84.443
1263420000,84.443,85.638,84.138,84.988
1263506400,84.988,85.034,83.648,83.758
1263765600,83.588,84.25,83.2935,84.096
1263852000,84.096,84.351,83.369,84.154
1263938400,84.154,84.229,82.782,83.041
1264024800,83.041,83.9105,81.3225,81.382
1264111200,81.382,82.2955,80.784,80.892
1264370400,81.539,82.085,81.035,81.625
1264456800,81.625,82.2285,80.02,80.559
1264543200,80.559,81.1225,79.849,80.582
1264629600,80.582,81.811,80.198,80.439
1264716000,80.439,81.2695,79.671,79.771
1264975200,79.112,80.9025,79.085,80.767
1265061600,80.767,81.1525,79.499,80.118
1265148000,80.118,80.681,79.758,80.327
1265234400,80.327,80.338,76.226,76.994
1265320800,76.994,78.141,76.201,77.505
1265580000,77.632,77.9445,77.1205,77.165
1265666400,77.165,78.9225,76.816,78.794
1265752800,78.794,79.1045,78.0995,78.714
1265839200,78.714,80.097,78.709,79.919
1265925600,79.919,80.466,78.868,79.851
1266184800,80.065,80.1655,79.7495,79.974
1266271200,79.974,81.502,79.886,81.317
1266357600,81.317,82.204,81.1035,82.081
1266444000,82.081,82.4525,81.161,82.092
1266530400,82.092,82.5225,81.6345,82.259
1266789600,82.436,82.811,81.784,82.068
1266876000,82.068,82.521,79.939,80.408
1266962400,80.408,80.667,79.709,80.554
1267048800,80.554,80.787,78.1995,79.126
1267135200,79.126,79.805,78.91,79.656
1267394400,79.613,80.5085,79.612,80.291
1267480800,80.291,80.832,79.942,80.292
1267567200,80.292,80.536,79.9315,80.14
1267653600,80.14,80.5575,79.2005,80.126
1267740000,80.126,82.31,80.024,81.95
1267999200,82.175,82.5415,81.9145,82.111
1268085600,82.111,82.2945,81.2745,82.232
1268172000,82.232,83.3215,82.1735,82.868
1268258400,82.868,83.0645,82.2685,82.844
1268344800,82.844,83.6065,82.6325,82.884
1268600400,83.428,83.432,82.3045,82.81
1268686800,82.81,83.1275,82.2725,82.939
1268773200,82.939,83.679,82.7355,83.41
1268859600,83.41,83.4965,82.6525,83.206
1268946000,83.206,83.5045,82.6685,82.879
1269205200,82.875,82.883,81.7165,82.778
1269291600,82.778,83.1665,82.4945,83.061
1269378000,83.061,83.902,82.8875,83.757
1269464400,83.757,84.6605,83.612,84.137
1269550800,84.137,84.3785,83.278,83.639
1269810000,83.713,84.9195,83.475,84.85
1269896400,84.85,85.5755,84.4945,85.308
1269982800,85.308,85.847,84.8175,85.723
1270069200,85.723,86.5495,85.4885,86.413
1270155600,86.413,87.0795,86.069,86.964
1270414800,87.126,87.22,86.6405,86.945
1270501200,86.945,87.1225,86.1025,87.067
1270587600,87.067,87.5195,86.2835,86.518
1270674000,86.518,86.8305,85.7085,86.729
1270760400,86.729,87.3355,86.647,86.938
1271019600,87.238,87.376,86.451,86.471
1271106000,86.471,86.61,85.4485,86.596
1271192400,86.596,87.5575,86.418,87.171
1271278800,87.171,87.4765,86.6925,86.937
1271365200,86.937,87.019,84.9475,85.182
1271624400,84.64,85.409,83.9425,85.362
1271710800,85.362,86.9685,85.36,86.858
1271797200,86.858,87.1785,86.1845,86.368
1271883600,86.368,86.9435,85.6975,86.701
1271970000,86.701,87.216,85.7745,87.184
1272229200,87.035,87.7705,87.025,87.096
1272315600,87.096,87.227,84.9855,85.366
1272402000,85.366,87.3205,84.998,86.95
1272488400,86.95,87.5055,86.5435,87.207
1272574800,87.207,88.0585,86.708,86.72
1272834000,86.716,87.8145,86.598,87.529
1272920400,87.529,87.9605,85.7405,85.911
1273006800,85.911,86.5535,84.6685,85.01
1273093200,85.01,85.3115,76.885,80.169
1273179600,80.169,83.223,79.751,81.28
1273438800,83.296,84.77,82.075,84.221
1273525200,84.221,84.329,82.4675,82.937
1273611600,82.937,83.6755,82.2195,83.32
1273698000,83.32,84.503,82.995,83.112
1273784400,83.112,83.4215,81.3975,81.906
1274043600,81.651,81.847,79.993,81.239
1274130000,81.239,81.6475,79.4925,79.736
1274216400,79.736,79.753,76.085,77.687
1274302800,77.687,78.021,72.5395,73.2875
1274389200,73.2875,75.5415,71.892,74.929
1274648400,75.121,75.5945,73.4915,74.627
1274734800,74.627,74.694,72.0535,74.684
1274821200,74.684,75.9115,73.7125,73.888
1274907600,73.888,77.685,73.701,77.513
1274994000,77.513,78.0455,76.4615,77.163
1275253200,76.951,77.9615,76.3165,77.198
1275339600,77.198,77.328,75.0185,75.594
1275426000,75.594,77.6225,75.348,77.58
1275512400,77.58,79.0095,77.1805,78.324
1275598800,78.324,78.6795,75.0985,75.674
1275858000,75.268,75.65,73.6745,74.044
1275944400,74.044,75.795,73.841,75.704
1276030800,75.704,76.5755,74.8965,75.585
1276117200,75.585,77.702,75.398,77.644
1276203600,77.644,78.013,76.921,77.936
1276462800,78.378,79.6105,78.047,78.633
1276549200,78.633,79.191,77.5185,79.162
1276635600,79.162,79.4315,78.1905,79.001
1276722000,79.001,79.2305,77.9905,79.056
1276808400,79.056,79.213,78.3785,79.099
1277067600,79.615,80.8665,79.337,79.852
1277154000,79.852,80.3675,78.776,78.939
1277240400,78.939,79.144,77.953,78.49
1277326800,78.49,78.8995,77.1385,77.662
1277413200,77.662,78.3035,76.9965,77.99
1277672400,78.017,78.4325,77.6015,77.949
1277758800,77.949,77.9745,74.9295,75.187
1277845200,75.187,76.0095,74.3025,74.348
1277931600,74.348,74.6175,72.6905,73.878
1278018000,73.878,75.0535,73.5845,73.85
1278277200,73.842,74.4615,73.423,73.668
1278363600,73.668,75.0345,72.723,74.625
1278450000,74.625,76.019,73.5465,75.805
1278536400,75.805,77.8925,75.614,77.518
1278622800,77.518,77.891,77.1825,77.764
1278882000,77.879,78.1005,77.1045,77.62
1278968400,77.62,78.428,76.8125,78.369
1279054800,78.369,78.8645,77.4915,78.232
1279141200,78.232,78.33,76.1295,77.281
1279227600,77.281,77.379,75.0375,75.262
1279486800,74.958,75.861,74.692,75.286
1279573200,75.286,77.461,75.1495,77.344
1279659600,77.344,77.354,76.1925,76.435
1279746000,76.435,77.9515,75.5645,77.675
1279832400,77.675,78.446,77.2445,78.322
1280091600,78.371,78.7125,77.7895,78.416
1280178000,78.416,79.4335,78.2215,79.325
1280264400,79.325,79.34,77.7715,78.123
1280350800,78.123,78.9065,77.7385,78.147
1280437200,78.147,78.5745,77.3545,78.185
1280696400,78.191,79.3135,78.101,79.038
1280782800,79.038,79.1875,77.9245,78.299
1280869200,78.299,79.2165,77.695,79.073
1280955600,79.073,79.2855,78.2765,78.579
1281042000,78.579,79.0505,77.845,78.519
1281301200,78.455,78.8265,78.251,78.765
1281387600,78.765,78.8205,77.803,78.06
1281474000,78.06,78.103,76.4275,76.545
1281560400,76.545,77.2555,75.8585,76.994
1281646800,76.994,77.8215,76.6675,76.95
1281906000,76.978,77.093,75.9795,76.638
1281992400,76.638,77.711,76.2035,77.422
1282078800,77.422,77.5595,76.5505,76.759
1282165200,76.759,77.3275,75.9545,76.224
1282251600,76.224,76.5985,75.484,76.529
1282510800,75.908,76.5945,75.868,75.904
1282597200,75.904,75.921,73.5785,73.984
1282683600,73.984,75.267,73.747,74.764
1282770000,74.764,75.4065,74.6735,74.847
1282856400,74.847,76.8095,74.5625,76.621
1283115600,76.99,77.5315,75.394,75.462
1283202000,75.462,75.7315,74.5315,74.99
1283288400,74.99,77.0145,74.937,76.982
1283374800,76.982,76.985,76.1445,76.768
1283461200,76.768,78.0595,76.3575,77.27
1283720400,77.047,77.4085,76.9485,77.261
1283806800,77.261,77.3035,76.1935,76.341
1283893200,76.341,77.2025,75.9345,77.005
1283979600,77.005,77.6825,76.9185,77.329
1284066000,77.329,78.0945,77.2785,77.969
1284325200,78.306,78.5225,77.9705,78.342
1284411600,78.342,78.514,77.459,78.025
1284498000,78.025,80.64,77.9175,80.436
1284584400,80.436,80.5405,79.5905,80.357
1284670800,80.357,81.3035,80.2065,80.371
1284930000,80.42,81.426,80.2425,81.172
1285016400,81.172,81.3605,80.5675,81.267
1285102800,81.267,81.3035,80.2865,80.813
1285189200,80.813,80.9655,79.8285,80.08
1285275600,80.08,81.1235,79.986,80.765
1285534800,80.996,81.2575,80.6445,81.005
1285621200,81.005,81.2675,80.4625,81.146
1285707600,81.146,81.3795,80.9475,81.164
1285794000,81.164,81.3655,80.4245,80.77
1285880400,80.77,81.1475,80.4905,80.942
1286139600,80.992,81.2845,80.3345,80.713
1286226000,80.713,80.9275,79.8135,80.874
1286312400,80.874,81.2275,80.6235,81.065
1286398800,81.065,81.8265,80.6595,80.969
1286485200,80.969,81.034,79.664,80.684
1286744400,81.103,81.1265,80.558,80.74
1286830800,80.74,80.9015,79.9905,80.595
1286917200,80.595,81.2895,80.5245,81.026
1287003600,81.026,81.3565,80.6125,81.007
1287090000,81.007,81.029,80.2575,80.701
1287349200,80.805,80.805,79.6505,80.366
1287435600,80.366,80.8625,78.7885,79.024
1287522000,79.024,80.1755,78.6995,80.045
1287608400,80.045,80.3125,79.2015,79.481
1287694800,79.481,80.0025,79.3305,79.966
1287954000,80.252,80.5695,79.915,80.045
1288040400,80.045,80.3565,79.885,80.243
1288126800,80.243,80.34,78.9125,79.47
1288213200,79.47,79.7485,79.0375,79.314
1288299600,79.314,79.3505,78.1895,79.084
1288558800,79.131,80.18,79.043,79.461
1288645200,79.461,81.0145,79.431,80.58
1288731600,80.58,81.621,80.3225,81.581
1288818000,81.581,82.164,81.0395,81.945
1288904400,81.945,82.659,81.4625,82.552
1289167200,82.494,82.563,81.7655,82.28
1289253600,82.28,82.3955,81.4185,81.984
1289340000,81.984,82.854,81.7575,82.717
1289426400,82.717,82.912,82.1205,82.31
1289512800,82.31,82.4035,80.3485,81.259
1289772000,81.604,82.1525,81.1955,81.855
1289858400,81.855,82.0265,81.1535,81.346
1289944800,81.346,81.7165,81.1535,81.496
1290031200,81.496,82.7815,81.423,82.684
1290117600,82.684,82.8135,81.7155,82.409
1290376800,82.443,83.0045,81.953,82.372
1290463200,82.372,82.42,80.459,80.857
1290549600,80.857,82.1475,80.789,82.007
1290636000,82.007,82.297,81.488,81.998
1290722400,81.998,82.06,80.565,81.124
1290981600,81.392,81.478,80.6435,81.15
1291068000,81.15,81.3795,79.844,80.234
1291154400,80.234,81.663,79.7565,81.527
1291240800,81.527,81.943,80.939,81.892
1291327200,81.892,82.29,81.138,81.955
1291586400,81.83,82.168,81.5125,81.823
1291672800,81.823,82.472,81.4125,82.066
1291759200,82.066,82.6265,81.9925,82.311
1291845600,82.311,82.8305,82.1425,82.377
1291932000,82.377,82.826,82.227,82.722
1292191200,82.655,83.3415,82.593,83.072
1292277600,83.072,83.6855,82.885,83.576
1292364000,83.576,83.606,82.995,83.15
1292450400,83.15,83.27,82.957,83.089
1292536800,83.089,83.2725,82.755,82.99
1292796000,83.001,83.3565,82.7395,83.228
1292882400,83.228,83.5895,83.083,83.565
1292968800,83.565,83.65,83.283,83.43
1293055200,83.43,83.54,83.1295,83.261
1293141600,83.261,83.438,83.16,83.279
1293400800,82.839,83.249,82.813,83.202
1293487200,83.202,83.358,82.9835,83.211
1293573600,83.211,83.2735,82.9855,83.038
1293660000,83.038,83.124,82.6475,82.93
1293746400,82.93,83.21,82.6575,83.016
1294005600,82.874,83.2735,82.705,83.104
1294092000,83.104,83.1505,81.976,82.455
1294178400,82.455,83.3795,81.9585,83.213
1294264800,83.213,83.3705,82.5605,82.846
1294351200,82.846,83.0995,82.2175,82.796
1294610400,82.623,82.8595,81.8815,82.34
1294696800,82.34,82.3895,81.582,82.175
1294783200,82.175,82.8715,81.729,82.715
1294869600,82.715,82.9715,82.367,82.618
1294956000,82.618,82.764,81.6945,81.933
1295215200,82.038,82.3325,81.7755,82.165
1295301600,82.165,82.577,81.8135,82.507
1295388000,82.507,82.791,81.951,82.093
1295474400,82.093,82.1175,81.5205,81.929
1295560800,81.929,82.0815,81.6255,81.723
1295820000,81.573,82.4995,81.557,82.306
1295906400,82.306,82.4025,81.4825,81.975
1295992800,81.975,82.2065,81.7,82.106
1296079200,82.106,82.445,81.666,82.257
1296165600,82.257,82.274,81.3175,81.63
1296424800,81.126,81.9105,80.986,81.832
1296511200,81.832,82.5785,81.764,82.259
1296597600,82.259,82.5585,82.0055,82.39
1296684000,82.39,82.9565,82.271,82.874
1296770400,82.874,83.513,82.549,83.317
1297029600,83.265,83.7105,83.07,83.436
1297116000,83.436,83.7295,83.1165,83.57
1297202400,83.57,83.5725,83.0895,83.356
1297288800,83.356,83.7355,82.9425,83.579
1297375200,83.579,83.713,83.1955,83.593
1297634400,83.353,83.7795,83.314,83.563
1297720800,83.563,83.8955,83.381,83.471
1297807200,83.471,84.0095,83.421,83.952
1297893600,83.952,84.4045,83.76,84.301
1297980000,84.301,84.4785,84.2065,84.394
1298239200,84.243,84.395,83.7865,83.924
1298325600,83.924,84.242,82.4795,82.672
1298412000,82.672,83.1835,82.2485,82.697
1298498400,82.697,82.8635,81.9035,82.618
1298584800,82.618,83.204,82.573,83.121
1298844000,82.921,83.4665,82.641,83.305
1298930400,83.305,83.7285,82.945,82.956
1299016800,82.956,83.3355,82.629,83.262
1299103200,83.262,83.7045,83.0025,83.645
1299189600,83.645,84.003,83.132,83.449
1299448800,83.55,83.619,82.9415,83.215
1299535200,83.215,83.6615,83.1225,83.482
1299621600,83.482,83.757,83.3845,83.635
1299708000,83.635,83.757,82.855,83.046
1299794400,83.046,83.313,81.958,83.009
1300050000,82.856,83.219,81.439,82.426
1300136400,82.426,82.6575,79.282,79.989
1300222800,79.989,80.758,78.0065,78.312
1300309200,78.312,78.312,74.646,77.331
1300395600,77.331,81.4455,77.285,80.242
1300654800,80.5585,81.8415,80.288,81.543
1300741200,81.543,82.1315,81.272,81.799
1300827600,81.799,82.1695,81.3495,81.979
1300914000,81.979,82.8285,81.8425,82.689
1301000400,82.689,83.6245,82.5155,83.476
1301259600,83.341,84.2345,83.233,83.689
1301346000,83.689,84.908,83.4265,84.876
1301432400,84.876,85.7975,84.733,85.616
1301518800,85.616,86.1215,85.1715,85.863
1301605200,85.863,87.5945,85.831,87.306
1301864400,87.554,87.697,86.7055,87.109
1301950800,87.109,87.7915,86.7995,87.661
1302037200,87.661,89.2825,87.661,89.26
1302123600,89.26,89.5945,88.095,88.897
1302210000,88.897,89.9365,88.733,89.539
1302469200,89.677,90.033,88.727,88.796
1302555600,88.796,89.095,86.8725,87.233
1302642000,87.233,88.5325,87.212,88.086
1302728400,88.086,88.241,86.956,88.037
1302814800,88.037,88.337,87.2325,87.841
1303074000,87.909,87.923,85.9975,86.864
1303160400,86.864,86.984,86.0835,86.929
1303246800,86.929,88.603,86.834,88.454
1303333200,88.454,88.5745,87.5785,87.969
1303419600,87.969,88.181,87.742,87.912
1303678800,87.905,88.5145,87.556,87.728
1303765200,87.728,88.3895,87.2245,87.948
1303851600,87.948,89.312,87.7,89.285
1303938000,89.285,89.5985,88.6195,89.063
1304024400,89.063,89.244,88.696,89.042
1304283600,88.874,89.313,88.76,88.843
1304370000,88.843,88.9275,87.5195,87.74
1304456400,87.74,88.1185,86.395,86.605
1304542800,86.605,86.829,84.3265,84.722
1304629200,84.722,87.052,84.712,86.29
1304888400,86.414,87.0115,86.256,86.852
1304974800,86.852,87.674,86.2475,87.653
1305061200,87.653,88.107,86.114,86.73
1305147600,86.73,86.9285,85.3395,86.424
1305234000,86.424,86.495,84.8915,85.428
1305493200,85.551,86.0945,84.9345,85.272
1305579600,85.272,86.7195,85.247,86.519
1305666000,86.519,86.851,85.7485,86.815
1305752400,86.815,87.5505,86.5065,87.073
1305838800,87.073,87.3995,86.6795,87.11
1306098000,87.05,87.153,85.6885,86.144
1306184400,86.144,86.9165,85.8795,86.534
1306270800,86.534,86.7375,85.4705,86.336
1306357200,86.336,86.9495,85.97,86.528
1306443600,86.528,86.9605,86.1525,86.503
1306702800,86.605,86.673,86.2735,86.531
1306789200,86.531,87.435,86.468,87.001
1306875600,87.001,87.6115,85.769,85.92
1306962000,85.92,86.643,85.686,86.31
1307048400,86.31,86.5975,84.9665,86.027
1307307600,85.987,86.4575,85.5955,85.807
1307394000,85.807,86.302,85.635,85.867
1307480400,85.867,86.0135,84.4295,84.872
1307566800,84.872,85.541,84.4585,85.401
1307653200,85.401,85.5355,84.4615,84.639
1307912400,84.586,85.3325,84.4895,85.072
1307998800,85.072,86.2615,84.758,86.001
1308085200,86.001,86.3955,85.2805,85.629
1308171600,85.629,85.705,84.6255,85.116
1308258000,85.116,85.4005,84.5575,85.056
1308517200,84.985,85.072,84.0895,84.948
1308603600,84.948,85.161,84.4295,85.063
1308690000,85.063,85.3555,84.7325,84.893
1308776400,84.893,85.0945,84.2445,84.724
1308862800,84.724,85.0375,84.299,84.377
1309122000,84.191,84.5625,84.0605,84.479
1309208400,84.479,85.5505,84.3045,85.51
1309294800,85.51,86.381,85.2355,86.292
1309381200,86.292,86.7405,86.1135,86.382
1309467600,86.382,87.2465,86.264,87.05
1309726800,87.091,87.217,86.462,86.734
1309813200,86.734,86.9045,86.45,86.688
1309899600,86.688,86.8355,86.2805,86.583
1309986000,86.583,87.5655,86.501,87.551
1310072400,87.551,87.79,86.2925,86.732
1310331600,86.282,86.631,85.2925,85.53
1310418000,85.53,85.67,83.3775,83.976
1310504400,83.976,85.2565,83.154,84.965
1310590800,84.965,85.3035,84.3365,84.857
1310677200,84.857,85.0825,83.9615,84.303
1310936400,84.082,84.316,83.5395,83.84
1311022800,83.84,85.027,83.772,84.984
1311109200,84.984,85.2435,84.4525,84.688
1311195600,84.688,85.2915,84.2475,84.885
1311282000,84.885,85.3595,84.797,85.227
1311541200,84.832,85.22,84.46,84.904
1311627600,84.904,85.618,84.553,85.328
1311714000,85.328,86.151,85.195,85.938
1311800400,85.938,86.1335,85.334,85.464
1311886800,85.464,85.619,84.2455,84.377
1312146000,85.123,86.1835,83.7785,84.708
1312232400,84.708,85.607,83.111,83.167
1312318800,83.167,83.441,82.0835,82.875
1312405200,82.875,85.1605,82.516,82.551
1312491600,82.551,83.16,81.4155,81.882
1312750800,81.311,81.777,78.99,79.22
1312837200,79.22,79.913,76.523,79.711
1312923600,79.711,80.361,77.764,78.229
1313010000,78.229,79.6355,77.561,79.548
1313096400,79.548,79.636,78.5805,79.425
1313355600,79.668,80.77,79.559,80.73
1313442000,80.73,80.777,79.8275,80.53
1313528400,80.53,81.1605,80.0425,80.817
1313614800,80.817,80.884,79.1895,79.5715
1313701200,79.5715,80,78.858,79.672
1313960400,79.712,80.4885,79.525,79.936
1314046800,79.936,80.8135,79.7415,80.694
1314133200,80.694,80.7965,80.054,80.625
1314219600,80.625,81.112,80.1695,80.799
1314306000,80.799,81.2815,80.149,81.088
1314565200,81.266,81.9065,81.013,81.875
1314651600,81.875,82.2035,81.5415,81.979
1314738000,81.979,82.207,81.652,82.079
1314824400,82.079,82.8285,81.912,82.48
1314910800,82.48,82.56,81.545,81.726
1315170000,81.57,81.711,80.8485,81.129
1315256400,81.129,82.014,80.611,81.418
1315342800,81.418,82.372,81.329,82.366
1315429200,82.366,82.447,81.8045,81.965
1315515600,81.965,82.4255,80.4985,81.213
1315774800,80.811,80.93,78.8815,79.893
1315861200,79.893,80.015,79.0275,79.351
1315947600,79.351,79.786,78.1165,78.794
1316034000,78.794,79.445,78.0955,79.209
1316120400,79.209,79.922,79.045,79.561
1316379600,79.275,79.385,77.7325,78.294
1316466000,78.294,78.856,77.742,78.566
1316552400,78.566,78.67,76.717,76.754
1316638800,76.754,77.319,73.889,74.265
1316725200,74.265,75.25,73.643,74.928
1316984400,75.03,75.4195,73.392,75.08
1317070800,75.08,76.6875,74.6455,76.151
1317157200,76.151,76.239,74.8115,74.931
1317243600,74.931,75.9155,74.1505,75.159
1317330000,75.159,75.2995,74.2865,74.448
1317589200,74.465,74.872,73.005,73.01
1317675600,73.01,73.799,72.0575,73.524
1317762000,73.524,74.2255,72.7075,74.175
1317848400,74.175,74.8405,73.8415,74.775
1317934800,74.775,75.883,74.606,74.963
1318194000,74.921,76.812,74.867,76.59
1318280400,76.59,76.725,75.961,76.285
1318366800,76.285,78.9775,75.6775,78.489
1318453200,78.489,78.933,77.618,78.372
1318539600,78.372,79.923,78.031,79.838
1318798800,79.604,80.2815,77.983,78.044
1318885200,78.044,79.3445,77.6345,78.85
1318971600,78.85,79.5495,78.3195,78.531
1319058000,78.531,79.0475,77.8495,78.583
1319144400,78.583,79.169,78.2035,79.099
1319403600,78.766,79.8415,78.595,79.715
1319490000,79.715,79.9155,79.0035,79.359
1319576400,79.359,79.4395,78.379,79.216
1319662800,79.216,81.623,79.1295,81.49
1319749200,81.49,81.515,80.7705,81.134
1320008400,80.941,83.963,80.7365,82.311
1320094800,82.311,83.2065,80.2995,80.942
1320181200,80.942,81.4065,80.35,80.729
1320267600,80.729,81.4535,79.6485,81.309
1320354000,81.309,81.4755,80.7065,81.143
1320616800,81.394,81.479,80.2365,81.008
1320703200,81.008,81.085,80.2495,80.779
1320789600,80.779,80.837,78.8745,78.938
1320876000,78.938,79.2755,78.0525,78.861
1320962400,78.861,79.514,78.279,79.258
1321221600,79.94,79.94,78.3195,78.651
1321308000,78.651,79.1095,77.8415,78.399
1321394400,78.399,78.457,77.4665,77.693
1321480800,77.693,77.9155,76.7845,76.983
1321567200,76.983,77.4275,76.5995,76.966
1321826400,76.838,76.988,75.485,75.647
1321912800,75.647,76.3095,75.59,75.69
1321999200,75.69,75.8485,74.8285,74.901
1322085600,74.901,75.4785,74.788,75.073
1322172000,75.073,75.9335,74.8145,75.34
1322431200,76.175,77.806,75.871,77.248
1322517600,77.248,78.2575,77.0655,77.929
1322604000,77.929,80.039,77.4985,79.817
1322690400,79.817,79.817,78.842,79.594
1322776800,79.594,80.498,79.391,79.67
1323036000,80.021,80.193,79.5565,79.933
1323122400,79.933,79.94,78.9345,79.633
1323208800,79.633,80.0115,79.542,79.965
1323295200,79.965,80.1385,78.851,78.929
1323381600,78.929,79.367,78.0415,79.306
1323640800,79.311,79.311,78.241,78.494
1323727200,78.494,78.9215,77.8445,78.124
1323813600,78.124,78.2935,77.1845,77.372
1323900000,77.372,77.704,76.988,77.253
1323986400,77.253,78.0115,77.237,77.63
1324245600,77.7,77.7,77.11,77.235
1324332000,77.235,78.523,77.218,78.515
1324418400,78.515,79.3695,78.2495,78.821
1324504800,78.821,79.288,78.5595,79.182
1324591200,79.182,79.5075,79.109,79.269
1324850400,79.18,79.335,79.1225,79.295
1324936800,79.295,79.307,78.923,79.103
1325023200,79.103,79.218,78.5445,78.671
1325109600,78.671,78.7615,78.181,78.69
1325196000,78.69,79.044,78.422,78.502
1325455200,78.663,78.89,78.4195,78.6875
1325541600,78.6875,79.7065,78.6875,79.633
1325628000,79.633,79.721,79.0965,79.544
1325714400,79.544,79.564,78.6995,79.139
1325800800,79.139,79.388,78.657,78.715
1326060000,78.457,78.8025,78.0955,78.682
1326146400,78.682,79.5165,78.624,79.259
1326232800,79.259,79.4505,78.9845,79.24
1326319200,79.24,79.76,78.993,79.317
1326405600,79.317,79.5005,78.7825,79.482
1326664800,79.31,79.31,78.8085,79.1925
1326751200,79.1925,80.123,79.1195,79.722
1326837600,79.722,80.203,79.4685,80.186
1326924000,80.186,80.537,79.618,80.344
1327010400,80.344,80.8735,80.1485,80.761
1327269600,80.642,81.453,80.495,81.066
1327356000,81.066,81.543,80.7305,81.489
1327442400,81.489,82.4765,81.227,82.428
1327528800,82.428,82.8485,82.1835,82.344
1327615200,82.344,82.407,81.434,81.743
1327874400,81.582,81.757,80.5205,80.92
1327960800,80.92,81.5365,80.71,81.01
1328047200,81.01,81.8785,80.5725,81.574
1328133600,81.574,81.888,81.3255,81.648
1328220000,81.648,82.6175,81.3095,82.509
1328479200,82.408,82.485,81.885,82.105
1328565600,82.105,83.2005,82.013,82.966
1328652000,82.966,83.6285,82.7955,83.198
1328738400,83.198,83.8645,82.8655,83.767
1328824800,83.767,83.828,82.66,82.843
1329084000,82.901,83.7005,82.862,83.247
1329170400,83.247,83.914,82.7685,83.863
1329256800,83.863,84.6105,83.6935,83.897
1329343200,83.897,85.0005,83.5475,84.889
1329429600,84.889,85.5,84.679,85.169
1329688800,85.724,86.356,85.31,85.647
1329775200,85.647,85.7485,84.8705,85.024
1329861600,85.024,85.6025,84.7225,85.414
1329948000,85.414,85.9615,85.0415,85.733
1330034400,85.733,86.861,85.672,86.855
1330293600,86.999,87.477,85.623,86.701
1330380000,86.701,87.132,86.1155,86.628
1330466400,86.628,87.5435,86.603,87.091
1330552800,87.091,87.726,86.8645,87.68
1330639200,87.68,88.0075,87.5475,87.805
1330898400,87.8365,87.9385,86.663,87.029
1330984800,87.029,87.1265,84.8595,85.368
1331071200,85.368,86.0225,84.815,85.821
1331157600,85.821,87.1085,85.558,86.802
1331244000,86.802,87.6065,86.547,87.237
1331499600,87.1075,87.271,86.0945,86.475
1331586000,86.475,87.533,86.4195,87.532
1331672400,87.532,87.7995,87.2075,87.524
1331758800,87.524,88.0355,87.3775,87.961
1331845200,87.961,88.5875,87.6705,88.343
1332104400,88.345,88.637,87.861,88.399
1332190800,88.399,88.57,87.355,87.727
1332277200,87.727,88.1355,87.1065,87.235
1332363600,87.235,87.397,85.3775,85.745
1332450000,85.745,86.454,85.1855,86.199
1332709200,86.233,87.3825,86.1575,87.246
1332795600,87.246,87.5785,86.903,87.005
1332882000,87.005,87.056,85.6455,86.121
1332968400,86.121,86.273,84.613,85.618
1333054800,85.618,85.918,84.8915,85.65
1333314000,86.772,86.824,85.2455,85.514
1333400400,85.514,85.8,84.983,85.55
1333486800,85.55,85.646,84.2165,84.683
1333573200,84.683,84.9715,83.986,84.842
1333659600,84.842,85.199,83.6745,84.121
1333918800,83.94,84.3555,83.487,84.043
1334005200,84.043,84.6285,82.669,82.703
1334091600,82.703,83.788,82.4945,83.282
1334178000,83.282,84.5755,83.278,84.44
1334264400,84.44,84.813,83.788,83.927
1334523600,83.867,84.006,83.0195,83.275
1334610000,83.275,84.1895,82.8835,83.996
1334696400,83.996,84.7335,83.987,84.17
1334782800,84.17,84.751,83.9695,84.303
1334869200,84.303,84.7575,84.1575,84.602
1335128400,84.53,84.741,83.3035,83.773
1335214800,83.773,83.948,82.8755,83.878
1335301200,83.878,84.3285,83.788,84.218
1335387600,84.218,84.348,83.573,84.149
1335474000,84.149,84.5105,83.512,84.042
1335733200,83.964,84.142,82.9875,83.244
1335819600,83.244,83.308,82.116,82.734
1335906000,82.734,83.2965,82.371,82.78
1335992400,82.78,82.864,82.2255,82.301
1336078800,82.301,82.413,81.187,81.313
1336338000,81.081,81.7,80.571,81.494
1336424400,81.494,81.6645,80.4545,80.841
1336510800,80.841,80.875,79.73,80.041
1336597200,80.041,81.1205,79.915,80.579
1336683600,80.579,80.634,79.9105,80.101
1336942800,80.095,80.3835,79.4015,79.514
1337029200,79.514,80.157,79.3895,79.675
1337115600,79.675,80.175,79.322,79.638
1337202000,79.638,80.0045,78.371,78.388
1337288400,78.388,78.6345,77.5505,77.793
1337547600,77.848,78.68,77.562,78.634
1337634000,78.634,79.1775,78.1985,78.441
1337720400,78.441,78.451,76.8695,77.467
1337806800,77.467,77.9655,77.0935,77.71
1337893200,77.71,78.0405,77.5495,77.76
1338152400,78.253,78.4835,77.948,78.304
1338238800,78.304,78.662,77.805,78.284
1338325200,78.284,78.36,76.7045,76.737
1338411600,76.737,76.987,75.7605,76.228
1338498000,76.228,76.3665,74.477,75.677
1338757200,75.742,76.3365,75.2445,76.212
1338843600,76.212,76.9275,75.9555,76.721
1338930000,76.721,78.703,76.69,78.615
1339016400,78.615,79.7175,78.357,78.785
1339102800,78.785,79.0985,77.6985,78.814
1339362000,79.527,79.714,78.35,78.359
1339448400,78.359,79.269,78.094,79.195
1339534800,79.195,79.563,78.841,78.959
1339621200,78.959,79.609,78.714,79.537
1339707600,79.537,79.669,78.844,79.354
1339966800,79.722,80.278,79.3365,80.093
1340053200,80.093,80.6465,79.7755,80.441
1340139600,80.441,81.441,80.19,81.077
1340226000,81.077,81.5785,80.4935,80.556
1340312400,80.556,81.084,80.3515,80.941
1340571600,80.8,80.971,79.3165,79.75
1340658000,79.75,80.18,79.4635,80.028
1340744400,80.028,80.4765,79.7025,80.365
1340830800,80.365,80.566,79.3745,79.813
1340917200,79.813,81.935,79.434,81.696
1341176400,81.966,82.038,81.151,81.488
1341262800,81.488,82.1885,81.269,82.043
1341349200,82.043,82.223,81.8535,82.08
1341435600,82.08,82.3615,81.624,82.221
1341522000,82.221,82.251,81.0445,81.338
1341781200,81.1925,81.372,80.8535,81.211
1341867600,81.211,81.3905,80.6635,80.947
1341954000,80.947,81.795,80.6975,81.768
1342040400,81.768,81.768,80.053,80.409
1342126800,80.409,81.0855,80.2685,80.964
1342386000,81.255,81.266,80.4665,80.825
1342472400,80.825,81.645,80.687,81.568
1342558800,81.568,81.714,81.2525,81.666
1342645200,81.666,82.0335,81.51,81.945
1342731600,81.945,82.115,81.339,81.459
1342990800,81.269,81.393,80.1485,80.421
1343077200,80.421,80.721,79.8475,79.909
1343163600,79.909,80.76,79.5325,80.574
1343250000,80.574,81.52,80.388,81.314
1343336400,81.314,82.377,81.2445,82.228
1343595600,82.173,82.3205,81.728,82.111
1343682000,82.111,82.4705,81.9565,82.054
1343768400,82.054,82.422,81.569,82.054
1343854800,82.054,82.766,81.6535,81.876
1343941200,81.876,83.0995,81.5795,82.92
1344200400,83.1,83.157,82.544,82.701
1344286800,82.701,83.2295,82.5165,82.959
1344373200,82.959,83.026,82.5205,82.943
1344459600,82.943,83.3665,82.7445,83.124
1344546000,83.124,83.153,82.252,82.78
1344805200,82.57,82.8065,82.2285,82.37
1344891600,82.37,83.0895,82.3295,82.589
1344978000,82.589,82.986,82.487,82.983
1345064400,82.983,83.5075,82.8725,83.392
1345150800,83.392,83.4815,82.7485,82.902
1345410000,83.015,83.2715,82.8365,82.953
1345496400,82.953,83.5735,82.8995,83.144
1345582800,83.144,83.153,82.19,82.549
1345669200,82.549,82.8365,81.877,81.954
1345755600,81.954,82.1305,81.4965,81.851
1346014800,82.049,82.0865,81.6245,81.654
1346101200,81.654,81.694,81.233,81.465
1346187600,81.465,81.787,81.285,81.471
1346274000,81.471,81.498,80.7405,80.903
1346360400,80.903,81.3065,80.6555,80.918
1346619600,80.584,80.668,80.0745,80.181
1346706000,80.181,80.632,80.065,80.193
1346792400,80.193,80.238,79.6815,79.907
1346878800,79.907,81.305,79.759,81.103
1346965200,81.103,81.776,81.0105,81.25
1347224400,81.1505,81.266,80.882,80.91
1347310800,80.91,81.2895,80.7435,81.139
1347397200,81.139,81.8305,81.0845,81.484
1347483600,81.484,81.906,80.734,81.734
1347570000,81.734,83.09,81.687,82.685
1347829200,82.693,83.002,82.2485,82.457
1347915600,82.457,82.5115,81.7915,82.413
1348002000,82.413,82.9335,81.885,82.139
1348088400,82.139,82.164,80.966,81.656
1348174800,81.656,82.309,81.573,81.742
1348434000,81.655,81.77,80.9635,81.163
1348520400,81.163,81.508,80.7105,80.831
1348606800,80.831,80.863,80.2345,80.631
1348693200,80.631,81.2065,80.482,81.035
1348779600,81.035,81.2655,80.726,80.871
1349038800,80.823,81.2415,80.463,80.808
1349125200,80.808,81.0725,80.0615,80.238
1349211600,80.238,80.3365,79.737,80.181
1349298000,80.181,80.4945,79.9075,80.369
1349384400,80.369,80.9385,79.8925,80.126
1349643600,79.895,80.0865,79.4105,79.824
1349730000,79.824,80.3045,79.5915,79.862
1349816400,79.862,80.4075,79.6285,80.012
1349902800,80.012,80.7925,79.7345,80.404
1349989200,80.404,80.7535,79.9995,80.273
1350248400,80.4725,80.7985,79.9655,80.636
1350334800,80.636,81.1955,80.606,81.062
1350421200,81.062,82.096,81.029,81.963
1350507600,81.963,82.5215,81.904,82.174
1350594000,82.174,82.382,81.791,81.94
1350853200,81.793,82.5805,81.6365,82.502
1350939600,82.502,82.7035,81.656,81.97
1351026000,81.97,82.6675,81.903,82.608
1351112400,82.608,83.4855,82.547,83.085
1351198800,83.085,83.228,82.2825,82.623
1351458000,82.521,82.6795,82.2885,82.453
1351544400,82.453,82.922,81.9875,82.535
1351630800,82.535,83.01,82.44,82.762
1351717200,82.762,83.4235,82.75,83.335
1351803600,83.335,83.8345,83.061,83.148
1352066400,83.178,83.486,82.9515,83.22
1352152800,83.22,84.0335,83.145,83.85
1352239200,83.85,84.159,83.008,83.257
1352325600,83.257,83.446,82.5555,82.69
1352412000,82.69,82.9945,81.973,82.557
1352671200,82.67,82.956,82.483,82.894
1352757600,82.894,83.034,82.3745,82.832
1352844000,82.832,83.6705,82.832,83.264
1352930400,83.264,84.034,82.976,83.864
1353016800,83.864,84.166,83.4575,84.067
1353276000,84.26,84.79,84.1605,84.768
1353362400,84.768,84.8605,84.3505,84.839
1353448800,84.839,85.557,84.5385,85.549
1353535200,85.549,85.9585,85.445,85.6885
1353621600,85.6885,86.244,85.3385,86.181
1353880800,86.1195,86.4395,85.5945,85.895
1353967200,85.895,86.2655,85.6575,85.822
1354053600,85.822,86.001,85.2405,85.986
1354140000,85.986,86.1245,85.4695,85.695
1354226400,85.695,86.2535,85.5585,86.006
1354485600,86.006,86.006,85.3895,85.709
1354572000,85.709,85.9295,85.445,85.757
1354658400,85.757,86.2665,85.6775,86.227
1354744800,86.227,86.5785,85.9995,86.405
1354831200,86.405,86.7205,86.0975,86.516
1355090400,86.516,86.662,86.0525,86.376
1355176800,86.376,86.9435,86.1705,86.877
1355263200,86.877,88.0605,86.8435,87.8755
1355349600,87.8755,88.3015,87.6985,88.0645
1355436000,88.0645,88.5355,87.811,88.245
1355695200,88.9945,88.9965,88.0835,88.5025
1355781600,88.5025,88.7665,88.232,88.705
1355868000,88.705,88.881,88.3085,88.481
1355954400,88.481,88.5355,87.851,88.4405
1356040800,88.4405,88.5005,87.5415,87.6235
1356300000,87.7395,88.0035,87.666,87.874
1356472800,87.874,88.866,87.874,88.866
1356559200,88.866,89.3695,88.6325,89.327
1356645600,89.327,89.8305,89.053,89.0535
1356904800,88.96,90.1655,88.786,89.9105
1357077600,89.9105,91.748,89.9105,91.734
1357164000,91.734,91.7635,91.1225,91.3075
1357250400,91.3075,92.4805,91.301,92.3935
1357509600,92.319,92.845,91.772,92.2265
1357596000,92.2265,92.257,91.1945,91.435
1357682400,91.435,92.531,91.223,92.398
1357768800,92.398,94.099,92.35,94.081
1357855200,94.081,94.528,93.785,93.9575
1358114400,94.2255,94.6465,94.0695,94.542
1358200800,94.542,94.664,93.106,93.814
1358287200,93.814,93.8805,92.4735,93.441
1358373600,93.441,95.0155,92.553,94.7825
1358460000,94.7825,95.0235,94.168,94.6755
1358719200,94.6595,94.834,93.945,94.238
1358805600,94.238,94.9545,93.3075,93.7255
1358892000,93.7255,93.88,92.8085,93.523
1358978400,93.523,94.685,93.026,94.4075
1359064800,94.4075,95.098,94.351,94.7285
1359324000,94.84,95.027,94.0975,94.6465
1359410400,94.6465,95.044,94.1895,95.0335
1359496800,95.0335,95.465,94.678,94.884
1359583200,94.884,95.668,94.2705,95.6085
1359669600,95.6085,96.7315,95.414,96.598
1359928800,96.7325,97.078,96.178,96.427
1360015200,96.427,97.438,95.9585,97.28
1360101600,97.28,97.41,96.1075,96.614
1360188000,96.614,97.037,95.8295,96.261
1360274400,96.261,96.4585,95.1385,95.5905
1360533600,95.5905,96.893,95.185,96.7295
1360620000,96.7295,96.885,95.792,96.3365
1360706400,96.3365,96.8695,96.0685,96.8425
1360792800,96.8425,96.978,95.99,96.2145
1360879200,96.2145,96.6895,95.5345,96.355
1361138400,96.355,96.92,96.355,96.8355
1361224800,96.8355,96.95,96.474,96.909
1361311200,96.909,97.0815,95.853,95.965
1361397600,95.965,96.205,95.0645,95.4025
1361484000,95.4025,96.571,95.279,96.41
1361743200,96.41,97.445,93.557,94.1875
1361829600,94.1875,95.315,93.0465,94.086
1361916000,94.086,94.5785,92.9685,94.357
1362002400,94.357,95.1185,94.0975,94.5515
1362088800,94.5515,95.6195,94.4295,95.5095
1362348000,95.5095,95.542,94.4475,95.3135
1362434400,95.3135,95.7825,95.034,95.6985
1362520800,95.6985,96.393,95.6255,96.265
1362607200,96.265,97.6015,96.02,97.359
1362693600,97.359,99.062,97.3285,98.268
1362949200,98.268,99.015,97.959,98.984
1363035600,98.984,99.574,98.474,99.193
1363122000,99.193,99.2205,98.5505,98.992
1363208400,98.992,99.979,98.82,99.8005
1363294800,99.8005,99.845,98.9475,99.176
1363554000,99.176,99.3525,97.368,99.034
1363640400,99.034,99.4615,98.1745,98.6755
1363726800,98.6755,99.784,98.288,99.656
1363813200,99.656,99.6985,98.7095,99.077
1363899600,99.077,99.257,98.3515,98.658
1364158800,98.658,99.4025,97.727,98.5555
1364245200,98.5555,99.1895,98.2515,99.026
1364331600,99.026,99.2905,97.987,98.644
1364418000,98.644,98.6715,97.8165,98.0515
1364504400,98.0515,98.2145,97.8405,98.16
1364763600,98.16,98.257,97.0575,97.1795
1364850000,97.1795,97.8635,96.916,97.6375
1364936400,97.6375,98.108,96.9975,97.332
1365022800,97.332,100.5835,96.98,100.543
1365109200,100.543,101.737,99.804,101.295
1365368400,101.295,103.489,101.295,103.456
1365454800,103.456,104.3555,102.842,103.867
1365541200,103.867,105.2695,103.715,105.1915
1365627600,105.1915,105.432,104.4,105.105
1365714000,105.105,105.2165,103.078,103.406
1365973200,103.406,103.838,99.2055,99.797
1366059600,99.797,101.8745,98.7485,101.3355
1366146000,101.3355,102.077,99.917,101.03
1366232400,101.03,101.806,100.2725,101.13
1366318800,101.13,102.878,100.8905,102.276
1366578000,102.276,102.9405,101.338,101.956
1366664400,101.956,102.1405,100.7645,102.0475
1366750800,102.0475,102.5285,101.535,102.2205
1366837200,102.2205,102.66,102.0305,102.1425
1366923600,102.1425,102.462,100.312,100.734
1367182800,100.734,101.6185,100.3205,101.1825
1367269200,101.1825,101.552,100.5055,101.0695
1367355600,101.0695,101.127,99.7635,100.0715
1367442000,100.0715,100.911,99.2895,100.349
1367528400,100.349,102.3315,100.3145,102.1425
1367787600,102.1425,102.274,101.4305,101.8455
1367874000,101.8455,101.889,100.4435,100.8275
1367960400,100.8275,101.0205,100.408,100.6895
1368046800,100.6895,102.144,100.4815,101.5235
1368133200,101.5235,102.0695,101.325,101.8635
1368392400,101.8635,102.04,101.187,101.3395
1368478800,101.3395,101.4545,100.6815,101.2845
1368565200,101.2845,101.5885,100.899,101.203
1368651600,101.203,101.325,100.2585,100.3085
1368738000,100.3085,100.5655,99.5945,100.4585
1368997200,100.4585,100.568,99.435,100.316
1369083600,100.316,100.944,100.139,100.4605
1369170000,100.4605,100.9675,99.504,100.058
1369256400,100.058,100.077,97.302,99.466
1369342800,99.466,99.4875,97.1345,97.755
1369602000,97.755,97.7665,96.967,97.2635
1369688400,97.2635,99.0745,97.244,98.4335
1369774800,98.4335,98.457,97.051,97.453
1369861200,97.453,97.9675,96.967,97.3125
1369947600,97.3125,97.925,96.0665,96.158
1370206800,96.158,97.259,96.158,97.248
1370293200,97.248,97.371,96.1575,96.5265
1370379600,96.5265,96.8105,94.23,94.518
1370466000,94.518,94.6665,92.5695,93.056
1370552400,93.056,93.2705,90.5515,92.647
1370811600,92.647,93.8005,91.9295,93.4765
1370898000,93.4765,93.719,90.0135,90.525
1370984400,90.525,92.5065,90.4615,91.0705
1371070800,91.0705,92.186,88.938,91.9315
1371157200,91.9315,92.577,90.0175,90.0465
1371416400,90.0465,91.561,90.034,90.206
1371502800,90.206,90.7375,89.835,90.427
1371589200,90.427,91.197,89.303,89.6395
1371675600,89.6395,90.4425,89.103,89.4775
1371762000,89.4775,90.5425,89.159,90.2655
1372021200,90.2655,91.068,89.604,90.387
1372107600,90.387,90.7665,89.576,90.568
1372194000,90.568,91.1525,90.2155,90.663
1372280400,90.663,91.672,90.609,91.227
1372366800,91.227,91.694,90.469,90.6045
1372626000,90.6045,92.2395,90.4505,92.071
1372712400,92.071,92.1675,91.3095,92.04
1372798800,92.04,92.4205,90.1605,90.8025
1372885200,90.8025,91.852,90.535,91.4925
1372971600,91.4925,92.21,91.2465,91.7225
1373230800,91.7225,92.3545,91.3905,92.218
1373317200,92.218,93.075,91.777,92.8155
1373403600,92.8155,92.9215,91.1045,91.444
1373490000,91.444,92.0445,90.1025,90.918
1373576400,90.918,91.034,89.6985,89.769
1373835600,89.769,90.9635,89.769,90.853
1373922000,90.853,91.9,90.7905,91.693
1374008400,91.693,92.1935,91.45,91.986
1374094800,91.986,92.204,91.5955,92.0875
1374181200,92.0875,92.5625,91.6055,92.2935
1374440400,92.2935,92.5725,91.8645,92.1815
1374526800,92.1815,92.5795,91.8045,92.4215
1374613200,92.4215,92.7395,91.683,91.874
1374699600,91.874,91.9815,91.3495,91.806
1374786000,91.806,91.928,90.5715,90.966
1375045200,90.966,91.073,89.827,90.173
1375131600,90.173,90.3065,88.689,88.841
1375218000,88.841,89.0425,87.8305,87.9135
1375304400,87.9135,88.979,87.2485,88.8465
1375390800,88.8465,89.1025,87.9155,88.102
1375650000,88.102,88.292,87.479,87.7705
1375736400,87.7705,88.5765,87.288,87.8265
1375822800,87.8265,87.9305,86.412,86.7005
1375909200,86.7005,88.166,86.654,88.0165
1375995600,88.0165,88.773,87.792,88.564
1376254800,88.564,89.0365,88.0645,88.652
1376341200,88.652,89.6505,88.5155,89.5095
1376427600,89.5095,89.8195,89.0865,89.521
1376514000,89.521,90.0765,88.723,89.016
1376600400,89.016,89.8955,88.6255,89.57
1376859600,89.57,90.131,88.841,88.8685
1376946000,88.8685,89.223,87.597,88.2345
1377032400,88.2345,88.47,87.61,87.612
1377118800,87.612,89.2075,87.41,88.9345
1377205200,88.9345,89.4125,88.894,89.134
1377464400,89.134,89.27,88.719,88.9595
1377550800,88.9595,89.009,86.933,87.171
1377637200,87.171,87.513,86.47,87.2945
1377723600,87.2945,88.007,87.246,87.825
1377810000,87.825,87.9395,87.24,87.374
1378069200,87.374,89.523,87.374,89.177
1378155600,89.177,90.506,89.1295,90.2355
1378242000,90.2355,91.5655,89.992,91.497
1378328400,91.497,91.5805,91.07,91.3115
1378414800,91.3115,91.566,90.646,91.045
1378674000,91.045,92.0665,91.045,91.8875
1378760400,91.8875,93.5765,91.8595,93.4845
1378846800,93.4845,93.5635,92.937,93.1845
1378933200,93.1845,93.265,91.727,92.2795
1379019600,92.2795,92.4865,91.689,91.869
1379278800,91.869,92.815,91.869,92.3185
1379365200,92.3185,92.974,92.123,92.7395
1379451600,92.7395,93.3795,92.4195,93.227
1379538000,93.227,94.4485,93.058,93.8515
1379624400,93.8515,94.104,93.268,93.295
1379883600,93.295,93.581,92.9495,93.224
1379970000,93.224,93.3875,92.244,92.733
1380056400,92.733,92.776,91.9195,92.2055
1380142800,92.2055,93.0185,92.0505,92.7045
1380229200,92.7045,92.775,91.384,91.5395
1380488400,91.5395,91.9025,90.7375,91.5605
1380574800,91.5605,92.397,91.383,92.102
1380661200,92.102,92.248,90.7995,91.3695
1380747600,91.3695,91.88,90.936,91.372
1380834000,91.372,92.028,91.29,91.9505
1381093200,91.9505,91.9505,90.993,91.1825
1381179600,91.1825,92.2065,91.0465,91.301
1381266000,91.301,92.146,91.2,91.9395
1381352400,91.9395,93.013,91.7965,92.7815
1381438800,92.7815,93.4445,92.438,93.3215
1381698000,93.3215,93.676,92.541,93.5255
1381784400,93.5255,94.1065,93.259,93.509
1381870800,93.509,94.408,93.2675,94.3345
1381957200,94.3345,94.4945,93.781,94.345
1382043600,94.345,94.676,94.118,94.5905
1382302800,94.5905,94.9675,94.4805,94.7765
1382389200,94.7765,95.684,94.609,95.272
1382475600,95.272,95.6795,93.4315,93.714
1382562000,93.714,94.36,93.179,93.614
1382648400,93.614,93.7115,92.9995,93.3625
1382907600,93.3625,93.978,93.3625,93.505
1382994000,93.505,93.544,92.667,93.072
1383080400,93.072,93.517,92.8535,93.422
1383166800,93.422,93.6125,92.822,93.0055
1383253200,93.0055,93.374,92.74,93.1165
1383516000,93.1165,93.8495,93.1165,93.781
1383602400,93.781,93.869,92.984,93.6505
1383688800,93.6505,94.1635,93.395,93.9885
1383775200,93.9885,94.0905,92.341,92.752
1383861600,92.752,93.146,92.5805,92.9575
1384120800,92.9575,93.1445,92.7335,92.805
1384207200,92.805,93.0835,92.3625,92.6845
1384293600,92.6845,92.9005,92.31,92.8945
1384380000,92.8945,93.292,92.7275,93.1695
1384466400,93.1695,94.006,93.134,93.868
1384725600,93.868,94.199,93.474,93.768
1384812000,93.768,94.4775,93.3235,94.4765
1384898400,94.4765,94.6155,93.098,93.378
1384984800,93.378,93.763,92.929,93.414
1385071200,93.414,93.5555,92.5405,92.8955
1385330400,92.8955,93.3415,92.772,93.139
1385416800,93.139,93.4265,92.249,92.4405
1385503200,92.4405,92.9825,92.2735,92.755
1385589600,92.755,93.5095,92.7505,93.1295
1385676000,93.1295,93.579,92.7465,93.283
1385935200,93.283,94.0245,93.283,93.732
1386021600,93.732,94.011,93.13,93.6645
1386108000,93.6645,93.7145,91.7885,92.418
1386194400,92.418,92.625,91.913,92.255
1386280800,92.255,93.7065,92.1015,93.658
1386540000,93.658,94.155,93.506,94.1055
1386626400,94.1055,94.2295,93.6695,94.111
1386712800,94.111,94.143,92.639,92.696
1386799200,92.696,93.271,91.794,92.3805
1386885600,92.3805,92.9465,92.075,92.5345
1387144800,92.5345,92.5645,91.821,92.1775
1387231200,92.1775,92.3015,91.2245,91.3645
1387317600,91.3645,92.529,91.045,92.4035
1387404000,92.4035,92.463,91.7055,92.419
1387490400,92.419,93.0155,92.2855,92.864
1387749600,92.864,93.089,92.7775,93.0085
1387836000,93.0085,93.154,92.7995,93.0465
1388008800,93.0465,93.4255,92.9655,93.225
1388095200,93.225,93.5485,93.024,93.2315
1388354400,93.2315,93.772,93.078,93.5735
1388440800,93.5735,94.076,93.4405,93.944
1388613600,93.944,93.973,93.152,93.3945
1388700000,93.3945,94.0415,92.8985,93.8005
1388959200,93.8005,94.0765,93.199,93.4585
1389045600,93.4585,93.5425,92.9925,93.3795
1389132000,93.3795,93.8305,93.2255,93.333
1389218400,93.333,93.431,92.938,93.2745
1389304800,93.2745,93.721,93.039,93.703
1389564000,93.703,93.857,93.1895,93.2535
1389650400,93.2535,93.5615,92.976,93.4345
1389736800,93.4345,93.4395,92.7355,93.224
1389823200,93.224,93.268,91.628,92.0425
1389909600,92.0425,92.1435,91.4085,91.6095
1390168800,91.6095,91.869,91.055,91.7925
1390255200,91.7925,92.438,91.549,91.8475
1390341600,91.8475,92.695,91.688,92.518
1390428000,92.518,92.619,90.238,90.533
1390514400,90.533,90.8705,88.5405,88.912
1390773600,88.912,90.08,88.45,89.6215
1390860000,89.6215,90.9725,89.543,90.3715
1390946400,90.3715,91.1175,89.0305,89.3925
1391032800,89.3925,90.461,88.9765,90.3355
1391119200,90.3355,90.733,88.859,89.2785
1391378400,89.2785,89.8415,88.2425,88.3785
1391464800,88.3785,90.9035,88.2635,90.719
1391551200,90.719,90.799,89.833,90.4005
1391637600,90.4005,91.6505,90.3995,91.476
1391724000,91.476,91.8675,90.91,91.6865
1391983200,91.6865,91.8745,90.93,91.5085
1392069600,91.5085,92.9035,91.343,92.763
1392156000,92.763,92.979,92.303,92.553
1392242400,92.553,92.5595,91.12,91.735
1392328800,91.735,92.3015,91.3325,91.9815
1392588000,91.9815,92.1825,91.683,92.056
1392674400,92.056,92.985,92.013,92.4005
1392760800,92.4005,92.469,91.8525,92.094
1392847200,92.094,92.3445,91.0705,92.108
1392933600,92.108,92.409,91.836,91.983
1393192800,91.983,92.7535,91.5735,92.6045
1393279200,92.6045,92.7845,91.998,92.2105
1393365600,92.2105,92.3775,91.591,91.813
1393452000,91.813,91.841,90.7085,91.5605
1393538400,91.5605,91.633,90.688,90.8505
1393797600,90.8505,90.8505,90.058,90.6655
1393884000,90.6655,91.5735,90.4925,91.4775
1393970400,91.4775,92.0885,91.288,91.9255
1394056800,91.9255,93.876,91.874,93.6925
1394143200,93.6925,94.484,93.4505,93.657
1394398800,93.657,93.657,92.8965,93.1555
1394485200,93.1555,93.4545,92.2175,92.4725
1394571600,92.4725,92.4795,91.6545,92.35
1394658000,92.35,93.4135,91.551,91.9525
1394744400,91.9525,92.1105,91.296,91.5335
1395003600,91.5335,92.5545,91.166,92.472
1395090000,92.472,92.8195,91.9305,92.583
1395176400,92.583,92.8495,92.268,92.5045
1395262800,92.5045,92.7195,92.1295,92.554
1395349200,92.554,93.086,92.473,92.852
1395608400,92.852,93.5565,92.617,93.358
1395694800,93.358,93.834,93.2415,93.7375
1395781200,93.7375,94.698,93.6485,94.151
1395867600,94.151,94.6865,93.788,94.613
1395954000,94.613,95.245,94.5665,95.088
1396213200,95.088,95.74,94.788,95.6375
1396299600,95.6375,96.0595,95.3965,95.858
1396386000,95.858,96.082,95.6505,96.068
1396472400,96.068,96.136,95.663,95.95
1396558800,95.95,96.514,95.805,95.9695
1396818000,95.9695,96.06,95.337,95.567
1396904400,95.567,95.899,95.03,95.2995
1396990800,95.2995,95.7895,95.197,95.7735
1397077200,95.7735,96.229,95.453,95.571
1397163600,95.571,95.702,95.0565,95.461
1397422800,95.461,96.0005,95.116,95.9775
1397509200,95.9775,96.02,94.838,95.4115
1397595600,95.4115,96.0245,95.165,95.796
1397682000,95.796,95.9205,95.3405,95.557
1397768400,95.557,95.665,95.4495,95.611
1398027600,95.611,95.855,95.5815,95.704
1398114000,95.704,96.1855,95.665,96.122
1398200400,96.122,96.245,94.811,95.271
1398286800,95.271,95.323,94.563,94.765
1398373200,94.765,94.9925,94.529,94.7815
1398632400,94.7815,95.2425,94.5845,94.8835
1398718800,94.8835,95.282,94.587,95.128
1398805200,95.128,95.272,94.6275,94.953
1398891600,94.953,95.153,94.6945,94.885
1398978000,94.885,95.206,94.591,94.81
1399237200,94.81,94.934,94.267,94.724
1399323600,94.724,95.1765,94.5925,95.0885
1399410000,95.0885,95.1475,94.7385,95.0445
1399496400,95.0445,95.661,94.9215,95.3005
1399582800,95.3005,95.395,95.026,95.3365
1399842000,95.3365,95.7245,95.2625,95.6055
1399928400,95.6055,95.9035,95.4775,95.7205
1400014800,95.7205,96.1105,95.3505,95.5755
1400101200,95.5755,95.8075,94.726,95.044
1400187600,95.044,95.1745,94.808,95.05
1400446800,95.05,95.218,94.51,94.688
1400533200,94.688,94.744,93.568,93.648
1400619600,93.648,93.8055,93.0415,93.776
1400706000,93.776,94.364,93.479,93.856
1400792400,93.856,94.2525,93.828,94.138
1401051600,94.138,94.267,94.089,94.154
1401138000,94.154,94.555,94.154,94.42
1401224400,94.42,94.503,93.731,94.057
1401310800,94.057,94.755,93.692,94.7255
1401397200,94.7255,94.806,94.443,94.7105
1401656400,94.7105,94.876,94.2855,94.6635
1401742800,94.6635,95.072,94.508,94.984
1401829200,94.984,95.4605,94.926,95.3235
1401915600,95.3235,95.7045,94.951,95.662
1402002000,95.662,95.8045,95.4055,95.6525
1402261200,95.6525,95.9505,95.6525,95.923
1402347600,95.923,95.952,95.6865,95.9405
1402434000,95.9405,96.1275,95.671,95.7715
1402520400,95.7715,96.106,95.432,95.8645
1402606800,95.8645,96.1505,95.6195,95.945
1402866000,95.945,95.9525,95.487,95.731
1402952400,95.731,95.7695,95.2,95.367
1403038800,95.367,95.933,95.3315,95.892
1403125200,95.892,95.976,95.7425,95.815
1403211600,95.815,95.931,95.753,95.831
1403470800,95.831,96.3295,95.6975,96.031
1403557200,96.031,96.1005,95.5035,95.528
1403643600,95.528,95.84,95.313,95.8345
1403730000,95.8345,95.835,95.407,95.7725
1403816400,95.7725,95.78,95.393,95.669
1404075600,95.669,95.669,95.171,95.58
1404162000,95.58,96.5035,95.4325,96.4205
1404248400,96.4205,96.466,95.87,96.1125
1404334800,96.1125,96.137,95.325,95.5205
1404421200,95.5205,95.629,95.389,95.5905
1404680400,95.5905,95.618,95.338,95.47
1404766800,95.47,95.7045,95.3365,95.4805
1404853200,95.4805,95.7225,95.4245,95.668
1404939600,95.668,95.992,94.7155,95.206
1405026000,95.206,95.3325,94.978,95.137
1405285200,95.137,95.443,95.0695,95.384
1405371600,95.384,95.504,95.073,95.283
1405458000,95.283,95.3205,94.919,95.249
1405544400,95.249,95.28,94.5435,94.6125
1405630800,94.6125,95.312,94.3935,95.126
1405890000,95.126,95.2795,94.9425,95.0475
1405976400,95.0475,95.5625,94.9485,95.3185
1406062800,95.3185,96.0395,95.2255,95.964
1406149200,95.964,96.2075,95.6915,95.896
1406235600,95.896,95.934,95.607,95.6935
1406494800,95.6935,95.876,95.5375,95.8195
1406581200,95.8195,95.9015,95.6955,95.8245
1406667600,95.8245,96.126,95.713,95.9065
1406754000,95.9065,95.9535,95.4895,95.549
1406840400,95.549,95.8015,95.298,95.559
1407099600,95.559,95.764,95.427,95.743
1407186000,95.743,95.828,95.295,95.462
1407272400,95.462,95.575,95.133,95.509
1407358800,95.509,95.559,94.585,94.6615
1407445200,94.6615,94.7155,93.93,94.6505
1407704400,94.6505,94.87,94.537,94.649
1407790800,94.649,94.853,94.6,94.7835
1407877200,94.7835,95.4055,94.7315,95.2975
1407963600,95.2975,95.505,95.245,95.476
1408050000,95.476,95.7015,95.03,95.411
1408309200,95.411,95.7155,95.251,95.643
1408395600,95.643,95.9445,95.621,95.745
1408482000,95.745,96.445,95.6195,96.3825
1408568400,96.3825,96.619,96.0255,96.602
1408654800,96.602,96.8735,96.456,96.8355
1408914000,96.8355,97.1275,96.6105,96.745
1409000400,96.745,97.075,96.475,96.851
1409086800,96.851,97.1595,96.812,96.9895
1409173200,96.9895,97.253,96.785,97.0515
1409259600,97.0515,97.2685,96.9305,97.209
1409518800,97.209,97.454,97.1225,97.3865
1409605200,97.3865,97.5955,97.354,97.479
1409691600,97.479,98.134,97.4465,97.941
1409778000,97.941,98.5925,97.8835,98.418
1409864400,98.418,98.6815,98.253,98.5475
1410123600,98.5475,98.5955,98.0755,98.4165
1410210000,98.4165,98.655,97.6225,97.7425
1410296400,97.7425,97.9275,97.268,97.847
1410382800,97.847,98.3475,97.254,97.4485
1410469200,97.4485,97.501,96.929,97.0025
1410728400,97.0025,97.0025,96.397,96.771
1410814800,96.771,97.5305,96.368,97.419
1410901200,97.419,97.5515,96.994,97.094
1410987600,97.094,97.7345,97.007,97.71
1411074000,97.71,97.927,97.1995,97.3215
1411333200,97.3215,97.523,96.501,96.5645
1411419600,96.5645,96.985,96.1815,96.275
1411506000,96.275,96.9185,96.091,96.8905
1411592400,96.8905,96.949,95.4085,95.566
1411678800,95.566,95.997,95.3705,95.7925
1411938000,95.7925,95.835,95.134,95.453
1412024400,95.453,96.033,95.1265,95.9125
1412110800,95.9125,95.9535,95.097,95.1485
1412197200,95.1485,95.818,94.8865,95.4345
1412283600,95.4345,95.884,94.9545,95.214
1412542800,95.214,95.563,95.032,95.3245
1412629200,95.3245,95.5875,95.1,95.2485
1412715600,95.2485,95.7005,94.7115,95.543
1412802000,95.543,95.8405,94.442,94.707
1412888400,94.707,94.707,93.4455,93.494
1413147600,93.494,94.315,92.8705,93.721
1413234000,93.721,94.516,92.954,93.2825
1413320400,93.2825,94.018,92.192,93.5225
1413406800,93.5225,93.5285,91.763,93.1055
1413493200,93.1055,93.737,92.754,93.481
1413752400,93.481,94.2175,93.481,93.942
1413838800,93.942,94.198,93.563,93.9445
1413925200,93.9445,94.5725,93.582,94.0575
1414011600,94.0575,94.939,93.8025,94.867
1414098000,94.867,95.2875,94.125,95.139
1414357200,95.139,95.396,94.743,94.902
1414443600,94.902,95.841,94.84,95.7895
1414530000,95.7895,96.2855,95.5465,95.798
1414616400,95.798,96.6825,95.3845,96.4765
1414702800,96.4765,98.902,96.344,98.8195
1414965600,98.8195,99.3975,98.143,99.0025
1415052000,99.0025,99.3275,98.3105,99.2775
1415138400,99.2775,99.717,98.2275,98.5305
1415224800,98.5305,98.871,98.0615,98.61
1415311200,98.61,99.264,98.494,98.9375
1415570400,98.9375,99.156,98.782,99.0285
1415656800,99.0285,100.6985,98.978,100.5595
1415743200,100.5595,100.8465,100.067,100.6615
1415829600,100.6615,101.2105,100.276,100.94
1415916000,100.94,101.9195,100.778,101.732
1416175200,101.732,102.404,101.248,101.5835
1416261600,101.5835,102.239,101.3295,101.8955
1416348000,101.8955,101.9755,101.3385,101.6765
1416434400,101.6765,102.024,101.4495,101.9165
1416520800,101.9165,102.8465,101.487,102.1715
1416780000,102.1715,102.471,101.825,101.934
1416866400,101.934,102.0135,100.412,100.6115
1416952800,100.6115,100.881,99.927,100.682
1417039200,100.682,101.061,100.339,100.5745
1417125600,100.5745,101.354,100.3715,100.8905
1417384800,100.8905,100.8905,100.1005,100.496
1417471200,100.496,101.167,100.2735,100.6765
1417557600,100.6765,100.9065,99.989,100.691
1417644000,100.691,100.9505,100.226,100.4295
1417730400,100.4295,101.368,100.3555,101.108
1417989600,101.108,101.2015,99.869,100.098
1418076000,100.098,100.2085,98.5605,99.27
1418162400,99.27,99.4735,97.781,98.0125
1418248800,98.0125,98.784,97.4495,98.1615
1418335200,98.1615,98.4265,97.7015,97.9435
1418594400,97.9435,98.0265,96.621,96.737
1418680800,96.737,96.9695,95.2985,95.667
1418767200,95.667,96.6355,95.2235,96.369
1418853600,96.369,97.615,96.2575,97.0275
1418940000,97.0275,97.796,96.9465,97.331
1419199200,97.331,97.6875,97.105,97.6225
1419285600,97.6225,97.898,97.189,97.821
1419372000,97.821,97.9715,97.578,97.6785
1419544800,97.6785,97.8895,97.281,97.762
1419804000,97.762,98.3065,97.628,98.104
1419890400,98.104,98.218,97.307,97.752
1419976800,97.752,98.253,97.569,97.8455
1420149600,97.8455,98.1165,97.3565,97.473
1420408800,97.473,97.5495,96.5465,96.7095
1420495200,96.7095,97.227,95.691,95.702
1420581600,95.702,96.399,95.6585,96.3415
1420668000,96.3415,97.262,96.272,97.19
1420754400,97.19,97.6585,96.838,97.2385
1421013600,97.2385,97.609,96.385,96.5355
1421100000,96.5355,96.9935,95.816,96.299
1421186400,96.299,96.35,94.2575,95.618
1421272800,95.618,96.9535,95.1965,95.461
1421359200,95.461,96.919,94.984,96.633
1421618400,96.633,96.868,95.929,96.54
1421704800,96.54,97.3945,96.359,97.0925
1421791200,97.0925,97.095,95.23,95.375
1421877600,95.375,95.8655,94.842,95.1205
1421964000,95.1205,95.3675,93.055,93.179
1422223200,93.179,93.971,92.179,93.8495
1422309600,93.8495,94.095,93.1895,93.5505
1422396000,93.5505,94.625,92.6455,92.749
1422482400,92.749,93.2975,91.389,91.8285
1422568800,91.8285,92.232,90.869,91.294
1422828000,91.294,92.0405,90.7015,91.769
1422914400,91.769,92.0385,89.376,91.597
1423000800,91.597,92.3735,90.7295,90.9165
1423087200,90.9165,91.9355,90.751,91.6455
1423173600,91.6455,93.1075,91.5845,92.884
1423432800,92.884,92.9805,92.1175,92.558
1423519200,92.558,92.9715,92.248,92.799
1423605600,92.799,93.1045,92.47,92.9775
1423692000,92.9775,93.072,91.278,92.128
1423778400,92.128,92.488,91.854,92.261
1424037600,92.261,92.412,91.7545,92.091
1424124000,92.091,93.3745,91.589,93.229
1424210400,93.229,93.3085,92.6465,92.787
1424296800,92.787,92.9855,92.1795,92.686
1424383200,92.686,93.4575,92.4305,93.3285
1424642400,93.3285,93.474,92.629,92.6985
1424728800,92.6985,93.2255,92.433,93.172
1424815200,93.172,93.966,93.059,93.73
1424901600,93.73,93.922,92.9715,93.1445
1424988000,93.1445,93.652,92.7335,93.438
1425247200,93.438,93.548,92.998,93.279
1425333600,93.279,93.853,92.9855,93.6005
1425420000,93.6005,93.958,93.291,93.5615
1425506400,93.5615,93.898,93.184,93.4885
1425592800,93.4885,94.226,93.0675,93.218
1425848400,93.218,93.5985,92.934,93.3165
1425934800,93.3165,93.4255,92.178,92.3765
1426021200,92.3765,92.728,91.804,92.258
1426107600,92.258,93.586,92.121,93.482
1426194000,93.482,93.5485,92.304,92.71
1426453200,92.71,93.044,92.3755,92.7065
1426539600,92.7065,93.005,92.262,92.4555
1426626000,92.4555,93.8295,92.068,93.408
1426712400,93.408,93.539,92.0085,92.3835
1426798800,92.3835,93.6565,92.3545,93.349
1427058000,93.349,94.59,93.217,94.353
1427144400,94.353,94.677,93.855,94.337
1427230800,94.337,94.416,93.604,93.7255
1427317200,93.7255,93.8265,92.791,93.306
1427403600,93.306,93.404,92.2905,92.3315
1427662800,92.3315,92.3745,91.643,91.8995
1427749200,91.8995,92.07,91.1145,91.388
1427835600,91.388,91.6595,90.874,91.005
1427922000,91.005,91.037,90.2035,90.8915
1428008400,90.8915,91.668,90.6125,90.804
1428267600,90.804,91.2085,90.654,90.7265
1428354000,90.7265,92.1845,90.5395,91.809
1428440400,91.809,92.603,91.8035,92.312
1428526800,92.312,92.8555,92.167,92.751
1428613200,92.751,93.06,91.935,92.308
1428872400,92.308,92.367,90.8875,91.171
1428958800,91.171,91.384,90.473,91.062
1429045200,91.062,91.5585,90.4835,91.525
1429131600,91.525,93.0215,91.387,92.8615
1429218000,92.8615,93.042,92.3275,92.543
1429477200,92.543,93.189,91.9525,92.068
1429563600,92.068,92.667,91.747,92.2715
1429650000,92.2715,93.208,92.236,92.993
1429736400,92.993,93.1855,92.553,93.0135
1429822800,93.0135,93.2905,92.838,93.057
1430082000,93.057,93.7785,92.875,93.552
1430168400,93.552,95.4215,93.3375,95.3555
1430254800,95.3555,95.954,94.857,95.307
1430341200,95.307,95.405,94.0005,94.356
1430427600,94.356,94.6665,93.827,94.345
1430686800,94.345,94.345,93.7355,94.132
1430773200,94.132,95.4,93.627,95.198
1430859600,95.198,95.9405,94.9815,95.183
1430946000,95.183,95.647,94.5095,94.673
1431032400,94.673,95.323,94.322,95.054
1431291600,95.054,95.054,94.465,94.753
1431378000,94.753,95.933,94.7435,95.613
1431464400,95.613,96.7785,95.297,96.6695
1431550800,96.6695,97.2995,96.1395,96.298
1431637200,96.298,96.4425,95.775,95.886
1431896400,95.886,96.0975,95.6425,95.874
1431982800,95.874,96.0645,95.3885,95.5155
1432069200,95.5155,95.891,95.2695,95.573
1432155600,95.573,95.7685,95.3355,95.56
1432242000,95.56,95.771,94.9505,95.159
1432501200,95.159,95.299,94.9355,95.1125
1432587600,95.1125,95.7695,95.0725,95.233
1432674000,95.233,95.6855,95.131,95.5815
1432760400,95.5815,96.0045,94.5845,94.8185
1432846800,94.8185,95.148,94.629,94.9025
1433106000,94.9025,95.182,94.6135,94.9185
1433192400,94.9185,96.5885,94.9005,96.466
1433278800,96.466,96.993,96.2575,96.733
1433365200,96.733,96.7575,95.4275,95.619
1433451600,95.619,96.437,95.478,95.7865
1433710800,95.7865,95.9655,95.4335,95.8815
1433797200,95.8815,96.1065,95.175,95.6355
1433883600,95.6355,95.746,94.523,95.177
1433970000,95.177,95.827,94.421,95.7175
1434056400,95.7175,95.8225,95.007,95.35
1434315600,95.35,95.993,95.145,95.8265
1434402000,95.8265,96.0115,95.408,95.6345
1434488400,95.6345,95.7845,95.0455,95.665
1434574800,95.665,96.3145,94.9535,95.9035
1434661200,95.9035,96.0695,95.0905,95.351
1434920400,95.351,95.8375,95.282,95.344
1435006800,95.344,95.9635,95.193,95.889
1435093200,95.889,96.189,95.3975,95.4175
1435179600,95.4175,95.812,95.387,95.67
1435266000,95.67,95.6885,94.5635,94.826
1435525200,94.826,94.826,92.6875,94.1055
1435611600,94.1055,94.464,93.6175,94.3955
1435698000,94.3955,94.991,94.096,94.1685
1435784400,94.1685,94.4405,93.651,93.929
1435870800,93.929,94.019,92.091,92.319
1436130000,92.319,92.421,90.978,91.9225
1436216400,91.9225,92.0255,90.4405,91.332
1436302800,91.332,91.409,89.469,89.6735
1436389200,89.6735,91.024,89.168,90.359
1436475600,90.359,91.791,90.331,91.417
1436734800,91.417,91.887,90.617,91.41
1436821200,91.41,92.005,91.332,91.953
1436907600,91.953,92.433,91.11,91.322
1436994000,91.322,92.2185,91.026,91.9205
1437080400,91.9205,92.105,91.3765,91.4935
1437339600,91.4935,91.818,91.0055,91.613
1437426000,91.613,92.2675,91.3525,91.919
1437512400,91.919,92.028,91.206,91.434
1437598800,91.434,91.8185,91.062,91.1545
1437685200,91.1545,91.204,89.9385,90.1705
1437944400,90.1705,90.2215,89.5465,89.598
1438030800,89.598,90.7215,89.349,90.646
1438117200,90.646,90.843,90.294,90.4245
1438203600,90.4245,90.9,90.3205,90.5415
1438290000,90.5415,91.0275,89.936,90.4675
1438549200,90.4675,90.705,89.97,90.367
1438635600,90.367,92.041,90.0545,91.7885
1438722000,91.7885,91.912,91.2585,91.8495
1438808400,91.8495,92.235,91.35,91.6425
1438894800,91.6425,92.2155,91.567,92.1635
1439154000,92.1635,92.4435,91.7485,92.3835
1439240400,92.3835,92.696,90.966,91.3855
1439326800,91.3855,91.7335,90.36,91.6475
1439413200,91.6475,92.066,91.155,91.5765
1439499600,91.5765,91.9215,91.5505,91.7235
1439758800,91.7235,91.874,91.4815,91.6965
1439845200,91.6965,91.8995,91.0935,91.325
1439931600,91.325,91.489,90.7485,90.9745
1440018000,90.9745,91.3175,90.25,90.5575
1440104400,90.5575,90.615,89.207,89.304
1440363600,89.304,89.304,82.09,84.745
1440450000,84.745,87.1655,84.4865,84.75
1440536400,84.75,85.642,84.153,85.405
1440622800,85.405,86.9555,85.0575,86.7295
1440709200,86.7295,87.324,86.051,87.299
1440968400,87.299,87.299,85.795,86.237
1441054800,86.237,86.472,83.6855,83.7865
1441141200,83.7865,84.776,83.6505,84.7005
1441227600,84.7005,85.151,83.8375,84.2555
1441314000,84.2555,84.385,82.124,82.2495
1441573200,82.2495,83.0905,82.2235,82.5885
1441659600,82.5885,84.4215,82.5195,84.0795
1441746000,84.0795,85.492,84.07,84.582
1441832400,84.582,85.9105,83.3415,85.3115
1441918800,85.3115,85.609,84.7895,85.5035
1442178000,85.5035,86.103,84.939,85.822
1442264400,85.822,86.3275,84.954,85.9935
1442350800,85.9935,86.848,85.699,86.767
1442437200,86.767,87.5135,85.857,86.089
1442523600,86.089,86.868,85.7925,86.2335
1442782800,86.2335,86.394,85.7165,85.9735
1442869200,85.9735,86.12,84.6355,85.187
1442955600,85.187,85.21,84.0075,84.236
1443042000,84.236,84.55,82.9955,84.3375
1443128400,84.3375,85.0035,83.8785,84.726
1443387600,84.726,84.735,83.677,83.8175
1443474000,83.8175,84.3075,82.8235,83.6345
1443560400,83.6345,84.6715,83.6145,84.123
1443646800,84.123,85.056,83.9145,84.305
1443733200,84.305,84.718,83.2695,84.584
1443992400,84.584,85.522,84.513,85.3245
1444078800,85.3245,86.2565,85.1285,86.1465
1444165200,86.1465,86.894,85.947,86.509
1444251600,86.509,87.199,85.811,87.056
1444338000,87.056,88.335,86.906,88.1995
1444597200,88.1995,88.615,87.773,88.3735
1444683600,88.3735,88.4025,86.7535,86.7555
1444770000,86.7555,87.0925,86.088,86.7505
1444856400,86.7505,87.5075,86.296,87.1425
1444942800,87.1425,87.3275,86.3425,86.787
1445202000,86.787,87.207,86.279,86.6185
1445288400,86.6185,87.361,86.5645,87.0075
1445374800,87.0075,87.302,86.368,86.456
1445461200,86.456,87.1635,85.9965,86.9935
1445547600,86.9935,88.107,86.9125,87.668
1445806800,87.668,87.995,87.5045,87.7795
1445893200,87.7795,87.7865,86.484,86.638
1445979600,86.638,86.748,85.621,86.1205
1446066000,86.1205,86.2005,85.5205,85.666
1446152400,85.666,86.286,85.4325,86.088
1446415200,86.088,86.357,85.649,86.2835
1446501600,86.2835,87.1855,85.89,87.006
1446588000,87.006,87.587,86.7475,86.891
1446674400,86.891,87.3125,86.6115,86.9725
1446760800,86.9725,87.378,86.5135,86.7505
1447020000,86.7505,87.274,86.6305,86.81
1447106400,86.81,87.0955,86.469,86.598
1447192800,86.598,86.9945,86.5545,86.754
1447279200,86.754,87.9545,86.738,87.3815
1447365600,87.3815,87.688,87.1895,87.379
1447624800,87.379,87.619,86.829,87.416
1447711200,87.416,88.0205,87.252,87.7835
1447797600,87.7835,87.9225,87.393,87.918
1447884000,87.918,88.518,87.7835,88.3875
1447970400,88.3875,89.0165,88.292,88.8925
1448229600,88.8925,88.896,88.237,88.3515
1448316000,88.3515,88.9195,88.037,88.9195
1448402400,88.9195,89.1215,88.804,88.997
1448488800,88.997,89.089,88.3795,88.591
1448575200,88.591,88.7325,88.111,88.3345
1448834400,88.3345,89.4195,88.048,88.974
1448920800,88.974,90.111,88.9005,89.9865
1449007200,89.9865,90.4865,89.8115,90.091
1449093600,90.091,90.5875,89.704,89.996
1449180000,89.996,90.7285,89.612,90.364
1449439200,90.364,90.481,89.4755,89.6635
1449525600,89.6635,89.6675,88.27,88.706
1449612000,88.706,88.9945,87.303,87.815
1449698400,87.815,89.1395,87.815,88.5135
1449784800,88.5135,88.6295,86.8,86.962
1450044000,86.962,87.722,86.5125,87.6595
1450130400,87.6595,88.1335,87.143,87.508
1450216800,87.508,88.5165,87.4475,88.3775
1450303200,88.3775,88.657,87.117,87.3595
1450389600,87.3595,88.005,86.2185,86.938
1450648800,86.938,87.2075,86.6445,87.126
1450735200,87.126,87.7275,87.044,87.5875
1450821600,87.5875,87.665,87.151,87.462
1450908000,87.462,87.6585,87.355,87.39
1451253600,87.39,87.616,87.235,87.2775
1451340000,87.2775,87.9225,87.228,87.872
1451426400,87.872,87.981,87.6125,87.8255
1451512800,87.8255,88.216,87.439,87.6715
1451858400,87.6715,87.842,85.34,85.8855
1451944800,85.8855,86.348,84.892,85.262
1452031200,85.262,85.407,83.554,83.788
1452117600,83.788,84.128,81.993,82.5045
1452204000,82.5045,83.906,81.502,81.5145
1452463200,81.5145,83.027,80.908,82.352
1452549600,82.352,82.777,81.386,82.1895
1452636000,82.1895,83.402,81.78,81.8415
1452722400,81.8415,82.682,81.168,82.445
1452808800,82.445,82.802,79.568,80.317
1453068000,80.317,81.278,79.769,80.5685
1453154400,80.5685,82.162,80.193,81.2655
1453240800,81.2655,81.452,79.217,80.782
1453327200,80.782,82.641,80.092,82.3755
1453413600,82.3755,83.531,82.13,83.1695
1453672800,83.1695,83.497,82.22,82.269
1453759200,82.269,83.27,81.483,82.947
1453845600,82.947,84.218,82.706,83.3965
1453932000,83.3965,84.81,83.014,84.1695
1454018400,84.1695,86.369,84.045,85.8035
1454277600,85.8035,86.224,85.288,86.084
1454364000,86.084,86.167,84.384,84.4315
1454450400,84.4315,84.776,83.202,84.4995
1454536800,84.4995,85.06,83.914,84.092
1454623200,84.092,84.306,82.53,82.587
1454882400,82.587,83.486,81.606,82.098
1454968800,82.098,82.098,80.011,81.383
1455055200,81.383,81.94,80.392,80.411
1455141600,80.411,80.879,77.59,79.9245
1455228000,79.9245,80.654,79.287,80.489
1455487200,80.489,81.985,80.489,81.812
1455573600,81.812,82.432,80.468,81.122
1455660000,81.122,82.081,80.358,81.976
1455746400,81.976,82.032,80.844,81.055
1455832800,81.055,81.119,79.828,80.488
1456092000,80.488,82.028,80.268,81.6045
1456178400,81.6045,81.788,80.683,80.744
1456264800,80.744,80.825,79.612,80.709
1456351200,80.709,81.784,80.204,81.7655
1456437600,81.7655,82.018,81.013,81.2535
1456696800,81.2535,81.2535,80.334,80.48
1456783200,80.48,81.975,79.812,81.788
1456869600,81.788,82.918,81.553,82.777
1456956000,82.777,83.802,82.624,83.591
1457042400,83.591,84.938,83.252,84.6365
1457301600,84.6365,85.018,83.904,84.726
1457388000,84.726,84.767,83.6,83.78
1457474400,83.78,85.234,83.352,84.8455
1457560800,84.8455,85.625,83.711,84.3925
1457647200,84.3925,86.21,84.075,86.135
1457902800,86.135,86.41,85.23,85.52
1457989200,85.52,85.674,83.907,84.402
1458075600,84.402,85.128,84.264,85.016
1458162000,85.016,85.874,84.3,85.203
1458248400,85.203,85.368,84.676,84.804
1458507600,84.804,85.088,84.227,84.834
1458594000,84.834,85.655,84.134,85.634
1458680400,85.634,85.869,84.526,84.6345
1458766800,84.6345,84.993,84.33,84.98
1458853200,84.98,85.224,84.756,84.894
1459112400,84.894,85.64,84.894,85.584
1459198800,85.584,86.162,85.292,85.9875
1459285200,85.9875,86.673,85.624,86.2515
1459371600,86.2515,86.707,85.775,86.2075
1459458000,86.2075,86.482,85.26,85.793
1459717200,85.793,85.8,84.512,84.6565
1459803600,84.6565,84.688,82.806,83.246
1459890000,83.246,83.674,83.042,83.427
1459976400,83.427,83.737,80.68,81.222
1460062800,81.222,82.472,81.13,81.634
1460322000,81.634,82.454,81.084,82.002
1460408400,82.002,83.477,81.869,83.4015
1460494800,83.4015,84.012,83.234,83.674
1460581200,83.674,84.484,83.416,84.184
1460667600,84.184,84.775,83.62,84.006
1460926800,84.006,84.492,82.474,84.341
1461013200,84.341,85.465,84.287,85.336
1461099600,85.336,85.824,84.609,85.615
1461186000,85.615,85.926,84.651,84.7
1461272400,84.7,86.385,84.649,86.175
1461531600,86.175,86.242,85.504,85.79
1461618000,85.79,86.31,85.244,86.2425
1461704400,86.2425,86.304,84.229,84.595
1461790800,84.595,84.882,82.102,82.426
1461877200,82.426,82.527,80.822,80.8585
1462136400,80.8585,81.631,80.67,81.56
1462222800,81.56,81.958,79.537,79.764
1462309200,79.764,80.468,79.494,79.784
1462395600,79.784,80.444,79.754,80.066
1462482000,80.066,80.298,78.182,78.9245
1462741200,78.9245,79.528,78.76,79.248
1462827600,79.248,80.528,79.122,80.4555
1462914000,80.4555,80.656,79.717,79.9635
1463000400,79.9635,80.381,79.454,79.8455
1463086800,79.8455,79.889,78.9,78.967
1463346000,78.967,79.526,78.644,79.474
1463432400,79.474,80.564,79.298,79.955
1463518800,79.955,80.044,79.313,79.663
1463605200,79.663,79.752,79.026,79.476
1463691600,79.476,79.958,79.387,79.5465
1463950800,79.5465,79.753,78.781,78.908
1464037200,78.908,79.108,78.314,79.0095
1464123600,79.0095,79.512,78.988,79.3265
1464210000,79.3265,79.503,78.458,79.314
1464296400,79.314,79.494,78.897,79.226
1464555600,79.226,79.908,79.223,79.811
1464642000,79.811,80.695,79.718,80.092
1464728400,80.092,80.792,79.026,79.4955
1464814800,79.4955,79.53,78.316,78.708
1464901200,78.708,79.01,78.104,78.487
1465160400,78.487,79.356,78.04,79.2325
1465246800,79.2325,80.312,79.024,80.0925
1465333200,80.0925,80.0925,79.376,79.9305
1465419600,79.9305,80.556,78.984,79.5945
1465506000,79.5945,79.628,78.559,78.88
1465765200,78.88,78.88,78.094,78.497
1465851600,78.497,78.568,77.516,78.083
1465938000,78.083,78.742,77.752,78.5285
1466024400,78.5285,78.671,75.594,76.7595
1466110800,76.7595,77.541,76.7435,77.039
1466370000,77.039,78.16,77.039,77.5045
1466456400,77.5045,78.57,77.312,78.056
1466542800,78.056,78.758,77.778,78.3235
1466629200,78.3235,80.863,78.255,80.845
1466715600,80.845,81.608,72.506,76.363
1466974800,76.363,76.363,74.53,74.7535
1467061200,74.7535,75.92,74.714,75.9075
1467147600,75.9075,76.674,75.444,76.6165
1467234000,76.6165,77.044,75.566,76.886
1467320400,76.886,76.961,76.424,76.885
1467579600,76.885,77.408,76.416,77.3145
1467666000,77.3145,77.3145,75.67,75.924
1467752400,75.924,76.283,74.552,76.19
1467838800,76.19,76.279,75.19,75.3765
1467925200,75.3765,76.16,75.051,76.099
1468184400,76.099,77.603,75.943,77.427
1468270800,77.427,80.35,77.222,79.802
1468357200,79.802,80.002,78.856,79.482
1468443600,79.482,80.99,78.966,80.3905
1468530000,80.3905,81.512,79.174,79.433
1468789200,79.433,80.782,79.433,80.579
1468875600,80.579,80.602,79.344,79.6345
1468962000,79.6345,80.074,79.272,79.9195
1469048400,79.9195,80.46,79.054,79.3015
1469134800,79.3015,79.641,78.912,79.202
1469394000,79.202,79.722,78.96,79.036
1469480400,79.036,79.14,78.156,78.5055
1469566800,78.5055,79.578,78.5055,78.953
1469653200,78.953,79.154,78.612,78.9895
1469739600,78.9895,79.505,77.5,77.582
1469998800,77.582,78.19,77.068,77.1585
1470085200,77.1585,77.475,76.502,76.7735
1470171600,76.7735,77.087,76.511,76.8245
1470258000,76.8245,77.354,76.772,77.209
1470344400,77.209,77.675,77.138,77.576
1470603600,77.576,78.677,77.51,78.382
1470690000,78.382,78.496,78.02,78.1685
1470776400,78.1685,78.376,77.846,78.018
1470862800,78.018,78.629,77.868,78.502
1470949200,78.502,78.552,77.337,77.504
1471208400,77.504,77.81,77.378,77.702
1471294800,77.702,77.781,77.032,77.1835
1471381200,77.1835,77.566,76.298,76.77
1471467600,76.77,77.28,76.334,76.7755
1471554000,76.7755,76.968,76.07,76.435
1471813200,76.435,76.777,76.352,76.508
1471899600,76.508,76.682,76.288,76.336
1471986000,76.336,76.629,76.108,76.478
1472072400,76.478,76.724,76.421,76.5795
1472158800,76.5795,77.2,76.5595,77.013
1472418000,77.013,77.402,76.702,77.1425
1472504400,77.1425,77.468,77.086,77.3235
1472590800,77.3235,77.803,77.3235,77.7505
1472677200,77.7505,78.201,77.491,77.957
1472763600,77.957,78.792,77.868,78.716
1473022800,78.716,78.9,78.284,78.426
1473109200,78.426,79.132,78.312,78.42
1473195600,78.42,78.455,77.586,78.0635
1473282000,78.0635,78.605,77.921,78.3375
1473368400,78.3375,78.338,77.402,77.4425
1473627600,77.4425,77.458,76.421,77.052
1473714000,77.052,77.138,76.119,76.5465
1473800400,76.5465,77.423,76.393,76.4935
1473886800,76.4935,76.893,75.973,76.7175
1473973200,76.7175,76.84,76.318,76.626
1474232400,76.626,77.029,76.418,76.7815
1474318800,76.7815,77.002,76.671,76.845
1474405200,76.845,77.532,76.18,76.4775
1474491600,76.4775,77.293,76.313,77.0185
1474578000,77.0185,77.345,76.814,76.9955
1474837200,76.9955,76.997,76.454,76.618
1474923600,76.618,77.5,76.19,76.996
1475010000,76.996,77.513,76.852,77.4545
1475096400,77.4545,78.174,76.91,77.146
1475182800,77.146,77.758,76.5,77.62
1475442000,77.62,78.012,77.38,77.994
1475528400,77.994,78.714,77.912,78.4125
1475614800,78.4125,79.018,78.166,78.883
1475701200,78.883,78.997,78.469,78.8515
1475787600,78.8515,78.903,77.99,78.082
1476046800,78.082,78.98,78.082,78.815
1476133200,78.815,78.92,77.749,78.033
1476219600,78.033,79.034,77.984,78.8025
1476306000,78.8025,78.962,77.902,78.4895
1476392400,78.4895,79.732,78.385,79.342
1476651600,79.342,79.549,78.82,79.2455
1476738000,79.2455,80.018,79.144,79.6175
1476824400,79.6175,79.91,79.148,79.876
1476910800,79.876,80.008,79.228,79.2875
1476997200,79.2875,79.512,78.724,78.993
1477256400,78.993,79.394,78.882,79.2865
1477342800,79.2865,80.016,79.175,79.6825
1477429200,79.6825,80.314,79.429,79.932
1477515600,79.932,80.04,79.561,79.913
1477602000,79.913,80.019,79.278,79.572
1477861200,79.572,79.989,79.23,79.7605
1477947600,79.7605,80.638,79.467,79.7055
1478034000,79.7055,79.706,78.988,79.129
1478120400,79.129,79.32,78.48,79.121
1478206800,79.121,79.397,78.861,79.128
1478469600,79.128,80.79,79.128,80.726
1478556000,80.726,81.795,80.268,81.637
1478642400,81.637,81.938,76.79,80.6625
1478728800,80.6625,82.462,80.4,81.338
1478815200,81.338,81.429,80.259,80.489
1479074400,80.489,81.978,80.489,81.917
1479160800,81.917,82.598,81.546,82.548
1479247200,82.548,82.61,81.482,81.5795
1479333600,81.5795,81.845,81.118,81.5865
1479420000,81.5865,81.912,81.1115,81.345
1479679200,81.345,81.813,81.144,81.6465
1479765600,81.6465,82.289,81.42,82.2715
1479852000,82.2715,83.48,82.166,83.117
1479938400,83.117,84.033,82.928,83.961
1480024800,83.961,84.624,83.752,84.27
1480284000,84.27,84.27,83.173,83.7405
1480370400,83.7405,84.382,83.609,84.104
1480456800,84.104,84.527,83.972,84.52
1480543200,84.52,84.853,84.358,84.5925
1480629600,84.5925,84.816,84.332,84.643
1480888800,84.643,85.544,83.79,85.0655
1480975200,85.0655,85.177,84.57,85.0685
1481061600,85.0685,85.322,84.669,85.1125
1481148000,85.1125,85.282,84.796,85.1085
1481234400,85.1085,86.093,84.939,85.895
1481493600,85.895,86.616,85.742,86.2145
1481580000,86.2145,86.594,86.05,86.3805
1481666400,86.3805,86.88,86.172,86.6875
1481752800,86.6875,87.535,86.621,86.9565
1481839200,86.9565,87.143,85.767,86.128
1482098400,86.128,86.128,84.651,84.815
1482184800,84.815,85.721,84.804,85.5585
1482271200,85.5585,85.75,85.009,85.077
1482357600,85.077,85.298,84.63,84.8265
1482444000,84.8265,84.916,83.953,84.17
1482789600,84.17,84.606,84.137,84.369
1482876000,84.369,84.866,84.098,84.161
1482962400,84.161,84.222,83.748,84.1295
1483048800,84.1295,84.597,84.028,84.265
1483394400,84.265,85.484,84.265,85.011
1483480800,85.011,85.712,84.922,85.399
1483567200,85.399,85.457,84.559,84.6565
1483653600,84.6565,85.494,84.57,85.366
1483912800,85.366,85.921,85.296,85.3435
1483999200,85.3435,85.424,85.054,85.3195
1484085600,85.3195,86.102,85.231,85.883
1484172000,85.883,85.998,85.359,85.859
1484258400,85.859,86.284,85.684,85.883
1484517600,85.883,85.883,85.017,85.378
1484604000,85.378,85.602,85.006,85.2155
1484690400,85.2155,86.153,85.047,86.037
1484776800,86.037,87.074,85.95,86.8495
1484863200,86.8495,87.048,86.33,86.593
1485122400,86.593,86.593,85.336,85.4635
1485208800,85.4635,86.326,85.382,86.265
1485295200,86.265,86.51,85.388,85.7875
1485381600,85.7875,86.457,85.654,86.29
1485468000,86.29,87.092,86.162,86.881
1485727200,86.881,86.884,85.736,85.9575
1485813600,85.9575,86.086,85.2,85.555
1485900000,85.555,86.116,85.352,85.91
1485986400,85.91,86.523,85.835,86.382
1486072800,86.382,86.727,86.022,86.5145
1486332000,86.5145,86.5145,85.468,85.597
1486418400,85.597,85.897,85.24,85.726
1486504800,85.726,85.824,85.368,85.564
1486591200,85.564,86.45,85.365,86.3485
1486677600,86.3485,87.188,86.34,86.917
1486936800,86.917,87.497,86.835,86.9025
1487023200,86.9025,87.579,86.858,87.557
1487109600,87.557,88.153,87.52,88.0345
1487196000,88.0345,88.182,87.01,87.1455
1487282400,87.1455,87.46,86.304,86.457
1487541600,86.457,87.012,86.457,86.96
1487628000,86.96,87.322,86.847,87.258
1487714400,87.258,87.396,86.691,87.277
1487800800,87.277,87.337,86.774,86.893
1487887200,86.893,87.082,85.895,86.025
1488146400,86.025,86.642,85.852,86.478
1488232800,86.478,86.612,85.856,86.3585
1488319200,86.3585,87.323,86.266,87.2985
1488405600,87.2985,87.486,86.549,86.6355
1488492000,86.6355,86.714,86.199,86.621
1488751200,86.621,86.621,86.168,86.3385
1488837600,86.3385,86.918,86.274,86.479
1488924000,86.479,86.551,86.072,86.1015
1489010400,86.1015,86.415,85.852,86.2745
1489096800,86.2745,87.074,86.204,86.612
1489352400,86.612,87.036,86.502,86.977
1489438800,86.977,87.007,86.612,86.735
1489525200,86.735,87.49,86.688,87.411
1489611600,87.411,87.492,86.697,86.9975
1489698000,86.9975,87.215,86.608,86.8305
1489957200,86.8305,87.242,86.675,86.9985
1490043600,86.9985,87.107,85.81,85.919
1490130000,85.919,85.941,84.822,85.345
1490216400,85.345,85.505,84.42,84.608
1490302800,84.608,85.085,84.354,84.8805
1490562000,84.8805,84.8805,83.902,84.2935
1490648400,84.2935,84.927,83.826,84.8435
1490734800,84.8435,85.276,84.676,85.1655
1490821200,85.1655,85.614,84.895,85.521
1490907600,85.521,85.77,84.947,84.982
1491166800,84.982,85.088,84.238,84.338
1491253200,84.338,84.408,83.23,83.7645
1491339600,83.7645,84.414,83.584,83.7915
1491426000,83.7915,83.916,83.15,83.606
1491512400,83.606,83.711,82.8,83.301
1491771600,83.301,83.718,83.055,83.2205
1491858000,83.2205,83.258,81.963,82.201
1491944400,82.201,82.372,81.859,82.0005
1492030800,82.0005,82.9,81.915,82.563
1492117200,82.563,82.706,82.21,82.311
1492376400,82.311,82.758,82.002,82.6545
1492462800,82.6545,82.956,81.842,81.9785
1492549200,81.9785,82.165,81.489,81.61
1492635600,81.61,82.519,81.545,82.281
1492722000,82.281,82.44,81.982,82.307
1492981200,82.307,83.968,82.307,83.085
1493067600,83.085,83.812,82.847,83.7135
1493154000,83.7135,84.036,82.848,82.9985
1493240400,82.9985,83.41,82.735,83.0675
1493326800,83.0675,83.528,82.91,83.525
1493586000,83.525,84.268,83.149,84.1515
1493672400,84.1515,84.542,84.095,84.39
1493758800,84.39,84.516,83.6,83.695
1493845200,83.695,83.835,83.13,83.3225
1493931600,83.3225,83.689,82.678,83.62
1494190800,83.62,83.751,83.182,83.662
1494277200,83.662,84.037,83.204,83.7195
1494363600,83.7195,84.338,83.45,84.1835
1494450000,84.1835,84.246,83.527,84.0185
1494536400,84.0185,84.192,83.682,83.7345
1494795600,83.7345,84.51,83.631,84.356
1494882000,84.356,84.52,83.936,84.0075
1494968400,84.0075,84.018,82.342,82.365
1495054800,82.365,83.083,81.775,82.7175
1495141200,82.7175,83.425,82.344,82.9505
1495400400,82.9505,83.262,82.62,83.211
1495486800,83.211,83.671,82.82,83.587
1495573200,83.587,83.728,83.244,83.666
1495659600,83.666,83.884,83.302,83.371
1495746000,83.371,83.404,82.518,82.9045
1496005200,82.9045,82.97,82.636,82.777
1496091600,82.777,82.926,82.234,82.7475
1496178000,82.7475,82.952,82.112,82.3085
1496264400,82.3085,82.732,81.908,82.133
1496350800,82.133,82.548,81.912,82.1795
1496610000,82.1795,82.775,81.928,82.708
1496696400,82.708,82.738,81.784,82.128
1496782800,82.128,82.948,82.078,82.9165
1496869200,82.9165,83.212,82.574,83.036
1496955600,83.036,83.398,82.649,83.0635
1497214800,83.0635,83.181,82.592,82.913
1497301200,82.913,83.234,82.812,82.958
1497387600,82.958,83.667,82.854,83.1635
1497474000,83.1635,84.111,82.936,84.083
1497560400,84.083,84.812,84.028,84.481
1497819600,84.481,84.77,84.286,84.744
1497906000,84.744,85.088,84.362,84.4825
1497992400,84.4825,84.567,83.886,84.1165
1498078800,84.1165,84.368,83.73,83.9545
1498165200,83.9545,84.34,83.8815,84.222
1498424400,84.222,84.911,84.088,84.855
1498510800,84.855,85.333,84.796,85.199
1498597200,85.199,85.859,84.913,85.7905
1498683600,85.7905,86.539,85.685,86.1815
1498770000,86.1815,86.504,85.852,86.4145
1499029200,86.4145,86.938,86.128,86.8585
1499115600,86.8585,87.002,85.854,86.1325
1499202000,86.1325,86.554,85.672,86.117
1499288400,86.117,86.32,85.732,85.875
1499374800,85.875,86.774,85.731,86.624
1499634000,86.624,86.927,86.567,86.747
1499720400,86.747,87.264,86.728,87.026
1499806800,87.026,87.048,86.644,86.891
1499893200,86.891,87.658,86.835,87.5765
1499979600,87.5765,88.134,87.534,88.0975
1500238800,88.0975,88.284,87.741,87.8365
1500325200,87.8365,89.144,87.496,88.713
1500411600,88.713,89.034,88.617,89.0225
1500498000,89.0225,89.334,88.714,89.0505
1500584400,89.0505,89.0505,87.82,87.969
1500843600,87.969,88.272,87.654,88.0365
1500930000,88.0365,88.86,87.922,88.802
1501016400,88.802,89.08,88.188,89.002
1501102800,89.002,89.424,88.34,88.6385
1501189200,88.6385,88.832,88.276,88.3955
1501448400,88.3955,88.451,87.864,88.2385
1501534800,88.2385,88.704,87.826,87.955
1501621200,87.955,88.314,87.804,88.236
1501707600,88.236,88.238,87.377,87.4665
1501794000,87.4665,87.968,87.352,87.772
1502053200,87.772,88.019,87.518,87.63
1502139600,87.63,87.844,87.257,87.3115
1502226000,87.3115,87.352,86.291,86.815
1502312400,86.815,87.1,85.991,86.0075
1502398800,86.0075,86.247,85.454,86.183
1502658000,86.183,86.633,86.042,86.081
1502744400,86.081,86.789,86.054,86.5475
1502830800,86.5475,87.466,86.456,87.3305
1502917200,87.3305,87.56,86.335,86.4035
1503003600,86.4035,87.044,85.999,86.585
1503262800,86.585,86.754,86.185,86.526
1503349200,86.526,86.93,86.335,86.691
1503435600,86.691,86.871,86.074,86.1835
1503522000,86.1835,86.583,85.938,86.5655
1503608400,86.5655,86.977,86.446,86.746
1503867600,86.746,87.116,86.524,87.0055
1503954000,87.0055,87.394,85.706,87.2785
1504040400,87.2785,87.809,86.944,87.1355
1504126800,87.1355,87.49,87.044,87.385
1504213200,87.385,87.942,87.209,87.8595
1504472400,87.8595,87.8595,86.99,87.171
1504558800,87.171,87.616,86.732,87.007
1504645200,87.007,87.512,86.56,87.3885
1504731600,87.3885,87.506,86.888,87.2705
1504818000,87.2705,87.73,86.676,86.8505
1505077200,86.8505,87.901,86.8505,87.8365
1505163600,87.8365,88.482,87.487,88.351
1505250000,88.351,88.558,88.09,88.235
1505336400,88.235,88.743,87.996,88.239
1505422800,88.239,89.273,87.686,88.6965
1505682000,88.6965,89.344,88.56,88.8115
1505768400,88.8115,89.496,88.724,89.3775
1505854800,89.3775,90.177,89.232,90.108
1505941200,90.108,90.306,88.898,89.242
1506027600,89.242,89.378,88.466,89.1675
1506286800,89.1675,89.682,88.372,88.671
1506373200,88.671,88.774,88.252,88.521
1506459600,88.521,88.894,88.292,88.549
1506546000,88.549,88.676,88.016,88.267
1506632400,88.267,88.454,87.987,88.13
1506891600,88.13,88.486,88.037,88.2605
1506978000,88.2605,88.478,88.112,88.424
1507064400,88.424,88.704,88.33,88.671
1507150800,88.671,88.74,87.777,87.94
1507237200,87.94,87.989,87.403,87.567
1507496400,87.567,87.626,87.286,87.3715
1507582800,87.3715,87.774,87.25,87.459
1507669200,87.459,87.652,87.284,87.615
1507755600,87.615,87.997,87.542,87.824
1507842000,87.824,88.312,87.656,88.236
1508101200,88.236,88.29,87.778,88.081
1508187600,88.081,88.17,87.788,88.024
1508274000,88.024,88.633,87.958,88.61
1508360400,88.61,88.996,88.39,88.6755
1508446800,88.6755,88.992,88.6,88.724
1508706000,88.724,89.078,88.43,88.551
1508792400,88.551,88.695,88.387,88.577
1508878800,88.577,88.665,87.334,87.622
1508965200,87.622,87.824,87.248,87.32
1509051600,87.32,87.464,87.038,87.2825
1509310800,87.2825,87.331,86.778,87.011
1509397200,87.011,87.162,86.692,86.998
1509483600,86.998,87.728,86.947,87.642
1509570000,87.642,88.098,87.53,87.9975
1509656400,87.9975,88.03,87.196,87.264
1509919200,87.264,87.662,87.221,87.455
1510005600,87.455,87.697,86.94,87.1525
1510092000,87.1525,87.469,86.977,87.417
1510178400,87.417,87.671,86.79,87.14
1510264800,87.14,87.255,86.85,86.962
1510524000,86.962,87.092,86.517,86.6205
1510610400,86.6205,86.844,86.308,86.5945
1510696800,86.5945,86.5945,85.502,85.663
1510783200,85.663,86.024,85.486,85.78
1510869600,85.78,85.852,84.641,84.822
1511128800,84.822,85.082,84.504,85.0255
1511215200,85.0255,85.316,84.75,85.2095
1511301600,85.2095,85.259,84.601,84.7175
1511388000,84.7175,84.938,84.525,84.7985
1511474400,84.7985,85.046,84.743,84.9535
1511733600,84.9535,85.057,84.352,84.4655
1511820000,84.4655,84.824,84.394,84.6725
1511906400,84.6725,84.918,84.452,84.74
1511992800,84.74,85.212,84.65,85.147
1512079200,85.147,85.716,84.976,85.446
1512338400,85.446,85.962,85.371,85.4105
1512424800,85.4105,86.202,85.406,85.661
1512511200,85.661,85.822,84.834,84.93
1512597600,84.93,85.047,84.666,84.9395
1512684000,84.9395,85.376,84.916,85.221
1512943200,85.221,85.528,85.187,85.4715
1513029600,85.4715,85.992,85.321,85.8315
1513116000,85.8315,86.122,85.666,85.947
1513202400,85.947,86.494,85.932,86.1685
1513288800,86.1685,86.33,85.966,86.099
1513548000,86.099,86.436,85.979,86.273
1513634400,86.273,86.636,86.204,86.5025
1513720800,86.5025,86.978,86.43,86.9375
1513807200,86.9375,87.418,86.71,87.282
1513893600,87.282,87.528,87.27,87.388
1514239200,87.388,87.552,87.388,87.5135
1514325600,87.5135,88.152,87.432,88.0615
1514412000,88.0615,88.115,87.768,88.01
1514498400,88.01,88.16,87.76,87.95
1514844000,87.95,88.41,87.636,87.9175
1514930400,87.9175,88.233,87.698,88.149
1515016800,88.149,88.708,88.086,88.6675
1515103200,88.6675,89.091,88.444,88.9
1515362400,88.9,89.076,88.478,88.6775
1515448800,88.6775,88.849,87.866,88.132
1515535200,88.132,88.172,87.214,87.395
1515621600,87.395,88.091,87.3,87.808
1515708000,87.808,87.942,87.394,87.91
1515967200,87.91,88.168,87.673,88.0465
1516053600,88.0465,88.417,87.722,87.938
1516140000,87.938,89.003,87.836,88.706
1516226400,88.706,88.985,88.407,88.8765
1516312800,88.8765,89.022,88.374,88.584
1516572000,88.584,88.996,88.384,88.94
1516658400,88.94,89.071,87.912,88.242
1516744800,88.242,88.428,87.878,88.0625
1516831200,88.0625,88.338,87.709,87.7995
1516917600,87.7995,88.506,87.762,88.089
1517176800,88.089,88.338,87.929,88.2005
1517263200,88.2005,88.308,87.464,87.9345
1517349600,87.9345,88.498,87.662,87.9585
1517436000,87.9585,88.128,87.493,87.946
1517522400,87.946,88.006,87.243,87.266
1517781600,87.266,87.513,85.899,85.967
1517868000,85.967,86.674,84.993,86.617
1517954400,86.617,86.737,85.422,85.5295
1518040800,85.5295,85.988,84.522,84.618
1518127200,84.618,85.446,84.013,84.989
1518386400,84.989,85.44,84.758,85.426
1518472800,85.426,85.6,84.288,84.733
1518559200,84.733,84.898,83.32,84.8145
1518645600,84.8145,84.836,83.873,84.317
1518732000,84.317,84.663,83.91,84.073
1518991200,84.073,84.508,84.004,84.3475
1519077600,84.3475,84.814,84.212,84.619
1519164000,84.619,84.864,83.9955,84.1
1519250400,84.1,84.104,83.52,83.7575
1519336800,83.7575,83.858,83.274,83.801
1519596000,83.801,84.129,83.603,83.994
1519682400,83.994,84.166,83.58,83.6035
1519768800,83.6035,83.811,82.793,82.796
1519855200,82.796,83.179,82.132,82.3975
1519941600,82.3975,82.607,81.564,82.083
1520200800,82.083,82.492,81.491,82.4745
1520287200,82.4745,83.327,82.174,83.079
1520373600,83.079,83.092,82.018,82.986
1520460000,82.986,83.176,82.5,82.705
1520546400,82.705,83.904,82.652,83.826
1520802000,83.826,84.106,83.67,83.7755
1520888400,83.7755,84.53,83.547,83.766
1520974800,83.766,84.262,83.486,83.7585
1521061200,83.7585,83.77,82.701,82.9205
1521147600,82.9205,82.969,81.732,81.765
1521406800,81.765,82.011,81.258,81.89
1521493200,81.89,82.198,81.609,81.8515
1521579600,81.8515,82.58,81.475,82.3545
1521666000,82.3545,82.435,80.977,80.99
1521752400,80.99,81.464,80.501,80.622
1522011600,80.622,81.73,80.57,81.671
1522098000,81.671,81.895,80.864,80.8875
1522184400,80.8875,81.968,80.758,81.8525
1522270800,81.8525,81.922,81.472,81.7105
1522357200,81.7105,81.858,81.485,81.642
1522616400,81.642,81.806,80.829,81.13
1522702800,81.13,81.994,80.935,81.917
1522789200,81.917,82.4625,81.254,82.399
1522875600,82.399,82.65,82.131,82.5205
1522962000,82.5205,82.584,81.903,82.068
1523221200,82.068,82.583,81.968,82.204
1523307600,82.204,83.378,82.068,83.2095
1523394000,83.2095,83.288,82.67,82.841
1523480400,82.841,83.312,82.704,83.232
1523566800,83.232,84.08,83.139,83.356
1523826000,83.356,83.654,83.108,83.348
1523912400,83.348,83.389,83.062,83.118
1523998800,83.118,83.575,83.098,83.467
1524085200,83.467,83.946,82.861,82.986
1524171600,82.986,83.155,82.43,82.57
1524430800,82.57,82.82,82.504,82.662
1524517200,82.662,83.094,82.488,82.734
1524603600,82.734,82.803,82.454,82.776
1524690000,82.776,82.915,82.53,82.566
1524776400,82.566,82.712,82.377,82.68
1525035600,82.68,82.724,82.234,82.326
1525122000,82.326,82.536,82.035,82.296
1525208400,82.296,82.656,82.078,82.288
1525294800,82.288,82.58,81.75,82.245
1525381200,82.245,82.462,81.674,82.251
1525640400,82.251,82.306,81.825,82.008
1525726800,82.008,82.024,81.142,81.336
1525813200,81.336,82.008,81.136,81.876
1525899600,81.876,82.466,81.766,82.413
1525986000,82.413,82.674,82.24,82.498
1526245200,82.498,82.792,82.441,82.524
1526331600,82.524,82.706,82.193,82.459
1526418000,82.459,82.978,82.18,82.962
1526504400,82.962,83.378,82.842,83.19
1526590800,83.19,83.434,83.05,83.192
1526850000,83.192,84.22,83.192,84.198
1526936400,84.198,84.482,83.982,84.022
1527022800,84.022,84.046,82.485,83.213
1527109200,83.213,83.333,82.382,82.774
1527195600,82.774,83.165,82.412,82.576
1527454800,82.576,83.07,82.432,82.566
1527541200,82.566,82.61,81.102,81.64
1527627600,81.64,82.612,81.029,82.526
1527714000,82.526,82.672,81.996,82.349
1527800400,82.349,82.94,82.207,82.893
1528059600,82.893,84.024,82.817,83.982
1528146000,83.982,84.184,83.341,83.63
1528232400,83.63,84.502,83.6,84.484
1528318800,84.484,84.538,83.398,83.632
1528405200,83.632,83.781,82.588,83.221
1528664400,83.221,83.814,82.997,83.744
1528750800,83.744,84.159,83.52,83.599
1528837200,83.599,83.992,83.446,83.623
1528923600,83.623,83.653,82.692,82.713
1529010000,82.713,82.847,82.274,82.348
1529269200,82.348,82.404,81.892,82.073
1529355600,82.073,82.095,80.63,81.25
1529442000,81.25,81.666,80.994,81.31
1529528400,81.31,81.649,81.072,81.131
1529614800,81.131,81.936,81.03,81.837
1529874000,81.837,81.882,80.988,81.381
1529960400,81.381,81.459,80.97,81.338
1530046800,81.338,81.642,80.759,80.94
1530133200,80.94,81.304,80.696,81.25
1530219600,81.25,82.046,81.05,81.99
1530478800,81.99,82.112,80.984,81.383
1530565200,81.383,82.079,81.034,81.682
1530651600,81.682,81.972,81.436,81.578
1530738000,81.578,81.934,81.276,81.746
1530824400,81.746,82.264,81.591,82.074
1531083600,82.074,82.805,82.022,82.754
1531170000,82.754,83.162,82.65,82.806
1531256400,82.806,82.806,82.072,82.512
1531342800,82.512,83.409,82.396,83.359
1531429200,83.359,83.609,82.996,83.418
1531688400,83.418,83.688,83.225,83.324
1531774800,83.324,83.606,83.216,83.396
1531861200,83.396,83.552,82.842,83.473
1531947600,83.473,83.929,82.594,82.735
1532034000,82.735,82.996,82.21,82.638
1532293200,82.638,82.768,82.144,82.186
1532379600,82.186,82.558,81.81,82.484
1532466000,82.484,82.894,82.089,82.726
1532552400,82.726,82.797,81.996,82.055
1532638800,82.055,82.312,81.868,82.18
1532898000,82.18,82.308,82.046,82.274
1532984400,82.274,83.26,82.152,83.102
1533070800,83.102,83.127,82.484,82.718
1533157200,82.718,82.746,81.966,82.192
1533243600,82.192,82.625,82.116,82.324
1533502800,82.324,82.429,82.178,82.291
1533589200,82.291,82.762,82.182,82.653
1533675600,82.653,82.798,82.082,82.462
1533762000,82.462,82.648,81.901,81.915
1533848400,81.915,81.995,80.619,80.943
1534107600,80.943,80.943,79.988,80.532
1534194000,80.532,80.818,80.216,80.472
1534280400,80.472,80.576,79.704,80.17
1534366800,80.17,80.831,79.841,80.52
1534453200,80.52,80.972,80.106,80.828
1534712400,80.828,80.956,80.592,80.778
1534798800,80.778,81.488,80.593,81.232
1534885200,81.232,81.378,80.916,81.276
1534971600,81.276,81.343,80.575,80.67
1535058000,80.67,81.704,80.604,81.515
1535317200,81.515,81.748,81.184,81.609
1535403600,81.609,81.779,81.425,81.599
1535490000,81.599,81.798,81.052,81.641
1535576400,81.641,81.708,80.494,80.63
1535662800,80.63,80.704,79.64,79.848
1535922000,79.848,80.266,79.525,80.124
1536008400,80.124,80.446,79.734,80.004
1536094800,80.004,80.58,79.6,80.232
1536181200,80.232,80.29,79.567,79.701
1536267600,79.701,79.752,78.688,78.88
1536526800,78.88,79.266,78.768,79.052
1536613200,79.052,79.51,78.909,79.464
1536699600,79.464,80.01,79.08,79.774
1536786000,79.774,80.805,79.704,80.489
1536872400,80.489,80.71,80.082,80.159
1537131600,80.159,80.602,79.954,80.281
1537218000,80.281,81.128,79.78,81.116
1537304400,81.116,81.663,81.024,81.557
1537390800,81.557,82.032,81.31,82.022
1537477200,82.022,82.363,81.89,82.06
1537736400,82.06,82.06,81.591,81.793
1537822800,81.793,82.044,81.664,81.902
1537909200,81.902,82.508,81.773,81.827
1537995600,81.827,81.954,81.304,81.72
1538082000,81.72,82.21,81.634,82.066
1538341200,82.066,82.403,82.066,82.313
1538427600,82.313,82.48,81.376,81.712
1538514000,81.712,81.924,81.324,81.358
1538600400,81.358,81.426,80.381,80.645
1538686800,80.645,80.774,80,80.185
1538946000,80.185,80.426,79.76,80.143
1539032400,80.143,80.296,79.826,80.228
1539118800,80.228,80.599,79.098,79.194
1539205200,79.194,80.154,79.059,79.897
1539291600,79.897,80.165,79.498,79.839
1539550800,79.839,79.971,79.482,79.704
1539637200,79.704,80.212,79.693,80.17
1539723600,80.17,80.34,79.667,80.085
1539810000,80.085,80.45,79.501,79.642
1539896400,79.642,80.491,79.552,80.123
1540155600,80.123,80.316,79.648,79.897
1540242000,79.897,79.914,79.044,79.678
1540328400,79.678,80.032,79.164,79.271
1540414800,79.271,79.806,78.992,79.575
1540501200,79.575,79.618,78.564,79.341
1540760400,79.341,79.767,79.106,79.305
1540846800,79.305,80.364,79.266,80.35
1540933200,80.35,80.405,79.856,79.886
1541019600,79.886,81.262,79.842,81.219
1541106000,81.219,81.943,81.032,81.437
1541368800,81.437,81.717,81.247,81.62
1541455200,81.62,82.212,81.609,82.19
1541541600,82.19,82.7,81.876,82.588
1541628000,82.588,83.052,82.515,82.773
1541714400,82.773,82.878,82.113,82.23
1541973600,82.23,82.513,81.652,81.676
1542060000,81.676,82.375,81.388,82.14
1542146400,82.14,82.469,81.789,82.19
1542232800,82.19,82.898,82.089,82.692
1542319200,82.692,82.823,82.114,82.724
1542578400,82.724,82.724,81.877,82.104
1542664800,82.104,82.226,81.278,81.332
1542751200,81.332,82.238,81.201,82.115
1542837600,82.115,82.254,81.701,81.932
1542924000,81.932,81.982,81.429,81.7
1543183200,81.7,82.386,81.587,82.018
1543269600,82.018,82.57,81.828,82.212
1543356000,82.212,83.19,82.176,83.055
1543442400,83.055,83.222,82.747,83.058
1543528800,83.058,83.087,82.74,82.979
1543788000,82.979,83.926,82.979,83.62
1543874400,83.62,83.662,82.572,82.765
1543960800,82.765,82.998,82.174,82.279
1544047200,82.279,82.314,80.934,81.51
1544133600,81.51,81.69,81.1,81.222
1544392800,81.222,81.532,80.725,81.49
1544479200,81.49,81.814,81.239,81.685
1544565600,81.685,82.061,81.622,81.791
1544652000,81.791,82.21,81.694,82.085
1544738400,82.085,82.149,81.254,81.368
1544997600,81.368,81.502,80.832,80.988
1545084000,80.988,81.209,80.666,80.805
1545170400,80.805,81.016,79.562,79.962
1545256800,79.962,80.209,78.836,79.127
1545343200,79.127,79.267,78.194,78.256
1545602400,78.256,78.511,77.711,77.832
1545775200,77.832,78.744,77.536,78.71
1545861600,78.71,78.717,77.533,78.036
1545948000,78.036,78.128,77.538,77.671
1546207200,77.671,78.061,77.156,77.26
1546380000,77.26,77.359,75.99,76.06
1546466400,76.06,76.068,71.032,75.415
1546552800,75.415,77.296,75.24,77.213
1546812000,77.213,77.734,77.031,77.693
1546898400,77.693,77.841,77.298,77.63
1546984800,77.63,78.111,77.399,77.55
1547071200,77.55,77.998,77.081,77.914
1547157600,77.914,78.354,77.816,78.276
1547416800,78.276,78.315,77.566,77.836
1547503200,77.836,78.519,77.785,78.288
1547589600,78.288,78.378,77.908,78.202
1547676000,78.202,78.98,77.76,78.59
1547762400,78.59,79.106,78.392,78.652
1548021600,78.652,78.716,78.286,78.508
1548108000,78.508,78.53,77.736,77.92
1548194400,77.92,78.418,77.838,78.276
1548280800,78.276,78.541,77.638,77.765
1548367200,77.765,78.836,77.511,78.662
1548626400,78.662,78.824,78.197,78.351
1548712800,78.351,78.486,77.966,78.276
1548799200,78.276,79.288,78.187,79.032
1548885600,79.032,79.396,78.874,79.2
1548972000,79.2,79.606,78.735,79.38
1549231200,79.38,79.536,79.17,79.411
1549317600,79.411,79.844,79.096,79.552
1549404000,79.552,79.659,78.06,78.139
1549490400,78.139,78.248,77.751,77.994
1549576800,77.994,78.032,77.442,77.796
1549836000,77.796,78.156,77.786,77.948
1549922400,77.948,78.478,77.908,78.393
1550008800,78.393,78.948,78.35,78.694
1550095200,78.694,79.24,78.242,78.5
1550181600,78.5,78.938,78.098,78.868
1550440800,78.868,79.194,78.775,78.869
1550527200,78.869,79.354,78.517,79.254
1550613600,79.254,79.574,79.124,79.416
1550700000,79.416,79.82,78.336,78.495
1550786400,78.495,79.098,78.414,78.904
1551045600,78.904,79.778,78.904,79.612
1551132000,79.612,79.666,79.17,79.472
1551218400,79.472,79.572,78.946,79.255
1551304800,79.255,79.474,78.934,79.02
1551391200,79.02,79.65,79.017,79.229
1551650400,79.229,79.562,79.038,79.254
1551736800,79.254,79.372,79.012,79.27
1551823200,79.27,79.343,78.388,78.598
1551909600,78.598,78.761,78.157,78.282
1551996000,78.282,78.418,77.73,78.324
1552251600,78.324,78.721,77.914,78.629
1552338000,78.629,78.929,78.512,78.838
1552424400,78.838,78.925,78.375,78.87
1552510800,78.87,78.984,78.574,78.9
1552597200,78.9,79.245,78.86,78.995
1552856400,78.995,79.414,78.92,79.154
1552942800,79.154,79.196,78.87,78.968
1553029200,78.968,79.314,78.731,78.778
1553115600,78.778,79.36,78.584,78.815
1553202000,78.815,78.886,77.78,77.846
1553461200,77.846,78.347,77.543,78.21
1553547600,78.21,79.003,78.145,78.938
1553634000,78.938,78.95,78.01,78.294
1553720400,78.294,78.444,77.915,78.28
1553806800,78.28,78.706,78.266,78.666
1554066000,78.666,79.266,78.666,79.194
1554152400,79.194,79.41,78.513,78.718
1554238800,78.718,79.466,78.494,79.301
1554325200,79.301,79.466,79.152,79.426
1554411600,79.426,79.636,79.257,79.382
1554670800,79.382,79.508,78.952,79.459
1554757200,79.459,79.615,79.144,79.17
1554843600,79.17,79.612,79.008,79.611
1554930000,79.611,79.635,79.426,79.542
1555016400,79.542,80.487,79.462,80.353
1555275600,80.353,80.445,80.188,80.364
1555362000,80.364,80.389,79.892,80.372
1555448400,80.372,80.718,80.108,80.422
1555534800,80.422,80.605,79.912,80.041
1555621200,80.041,80.119,79.97,80.033
1555880400,80.033,80.081,79.776,79.862
1555966800,79.862,79.912,79.26,79.44
1556053200,79.44,79.44,78.394,78.638
1556139600,78.638,78.714,78.108,78.33
1556226000,78.33,78.801,78.178,78.606
1556485200,78.606,78.946,78.516,78.791
1556571600,78.791,78.93,78.29,78.566
1556658000,78.566,78.704,78.131,78.134
1556744400,78.134,79.788,77.962,78.062
1556830800,78.062,78.185,77.834,78.027
1557090000,78.027,78.027,76.792,77.419
1557176400,77.419,78.048,77.119,77.306
1557262800,77.306,77.382,76.898,76.948
1557349200,76.948,76.997,76.344,76.718
1557435600,76.718,77.236,76.572,76.972
1557694800,76.972,76.972,75.734,75.896
1557781200,75.896,76.361,75.79,76.114
1557867600,76.114,76.172,75.527,75.932
1557954000,75.932,76.002,75.403,75.703
1558040400,75.703,75.843,75.332,75.599
1558299600,75.599,76.392,75.599,76.03
1558386000,76.03,76.284,75.622,76.057
1558472400,76.057,76.187,75.834,75.954
1558558800,75.954,75.954,75.446,75.64
1558645200,75.64,75.832,75.394,75.714
1558904400,75.714,76.01,75.713,75.746
1558990800,75.746,75.955,75.55,75.728
1559077200,75.728,75.865,75.454,75.808
1559163600,75.808,76.165,75.63,75.772
1559250000,75.772,75.786,75.09,75.114
1559509200,75.114,75.486,74.969,75.407
1559595600,75.407,75.696,75.079,75.606
1559682000,75.606,75.904,75.404,75.586
1559768400,75.586,75.778,75.278,75.628
1559854800,75.628,75.818,75.49,75.738
1560114000,75.738,76.038,75.418,75.488
1560200400,75.488,75.68,75.398,75.544
1560286800,75.544,75.594,75.145,75.185
1560373200,75.185,75.287,74.774,74.957
1560459600,74.957,74.968,74.482,74.595
1560718800,74.595,74.782,74.358,74.381
1560805200,74.381,74.667,73.928,74.574
1560891600,74.574,74.774,74.31,74.404
1560978000,74.404,74.681,74.134,74.297
1561064400,74.297,74.539,74.144,74.342
1561323600,74.342,74.788,74.342,74.72
1561410000,74.72,74.857,74.339,74.607
1561496400,74.607,75.352,74.536,75.293
1561582800,75.293,75.62,75.229,75.546
1561669200,75.546,75.8,75.328,75.754
1561928400,75.754,76.288,75.428,75.526
1562014800,75.526,75.748,75.319,75.46
1562101200,75.46,75.908,75.134,75.794
1562187600,75.794,75.928,75.618,75.726
1562274000,75.726,75.9,75.553,75.716
1562533200,75.716,75.888,75.636,75.814
1562619600,75.814,75.914,75.301,75.415
1562706000,75.415,75.621,75.291,75.494
1562792400,75.494,75.7,75.185,75.68
1562878800,75.68,75.911,75.543,75.763
1563138000,75.763,76.024,75.622,75.963
1563224400,75.963,76.145,75.824,75.892
1563310800,75.892,76.006,75.664,75.666
1563397200,75.666,75.988,75.46,75.916
1563483600,75.916,76.112,75.817,75.866
1563742800,75.866,76.162,75.862,75.894
1563829200,75.894,76.074,75.616,75.813
1563915600,75.813,75.834,75.345,75.492
1564002000,75.492,75.59,75.254,75.512
1564088400,75.512,75.588,75.026,75.109
1564347600,75.109,75.194,74.905,75.074
1564434000,75.074,75.196,74.588,74.644
1564520400,74.644,74.895,74.352,74.461
1564606800,74.461,74.856,72.954,73.02
1564693200,73.02,73.164,72.219,72.476
1564952400,72.476,72.476,71.404,71.586
1565038800,71.586,72.722,71.238,71.97
1565125200,71.97,72.06,70.746,71.825
1565211600,71.825,72.362,71.571,72.146
1565298000,72.146,72.239,71.482,71.716
1565557200,71.716,71.716,70.902,71.076
1565643600,71.076,72.93,70.972,72.556
1565730000,72.556,72.584,71.252,71.463
1565816400,71.463,72.504,71.34,71.914
1565902800,71.914,72.238,71.812,72.095
1566162000,72.095,72.308,71.978,72.135
1566248400,72.135,72.36,71.908,71.999
1566334800,71.999,72.406,71.985,72.296
1566421200,72.296,72.362,71.838,71.914
1566507600,71.914,72.112,71.034,71.185
1566766800,71.185,72.076,69.964,71.908
1566853200,71.908,71.94,71.263,71.408
1566939600,71.408,71.592,71.22,71.452
1567026000,71.452,71.81,71.12,71.666
1567112400,71.666,71.758,71.338,71.585
1567371600,71.585,71.585,71.226,71.334
1567458000,71.334,71.728,71.096,71.635
1567544400,71.635,72.348,71.559,72.328
1567630800,72.328,73.149,72.256,72.878
1567717200,72.878,73.286,72.846,73.218
1567976400,73.218,73.666,73.039,73.604
1568062800,73.604,73.835,73.415,73.781
1568149200,73.781,74.202,73.672,73.999
1568235600,73.999,74.49,73.876,74.23
1568322000,74.23,74.498,74.158,74.383
1568581200,74.383,74.383,73.763,74.246
1568667600,74.246,74.297,73.898,74.231
1568754000,74.231,74.274,73.851,74.054
1568840400,74.054,74.07,73.128,73.392
1568926800,73.392,73.46,72.702,72.772
1569186000,72.772,73.042,72.622,72.838
1569272400,72.838,73.307,72.718,72.822
1569358800,72.822,73.084,72.481,72.75
1569445200,72.75,72.993,72.626,72.776
1569531600,72.776,73.32,72.624,73.017
1569790800,73.017,73.106,72.704,72.946
1569877200,72.946,73.382,72.046,72.239
1569963600,72.239,72.484,71.736,71.892
1570050000,71.892,72.165,71.742,72.077
1570136400,72.077,72.456,71.996,72.357
1570395600,72.357,72.421,71.921,72.21
1570482000,72.21,72.542,71.952,72.049
1570568400,72.049,72.49,71.922,72.274
1570654800,72.274,73.079,71.843,72.994
1570741200,72.994,73.959,72.866,73.599
1571000400,73.599,73.748,72.996,73.457
1571086800,73.457,73.686,73.082,73.527
1571173200,73.527,73.56,73.07,73.516
1571259600,73.516,74.402,73.401,74.152
1571346000,74.152,74.356,74.068,74.336
1571605200,74.336,74.727,74.1,74.591
1571691600,74.591,74.825,74.302,74.385
1571778000,74.385,74.516,74.018,74.497
1571864400,74.497,74.501,73.93,74.063
1571950800,74.063,74.314,73.968,74.14
1572210000,74.14,74.583,74.071,74.512
1572296400,74.512,74.824,74.488,74.756
1572382800,74.756,75.136,74.531,75.118
1572469200,75.118,75.295,74.32,74.477
1572555600,74.477,74.889,74.356,74.796
1572818400,74.796,75.008,74.709,74.748
1572904800,74.748,75.408,74.672,75.246
1572991200,75.246,75.31,74.822,75.022
1573077600,75.022,75.674,74.569,75.385
1573164000,75.385,75.561,74.746,74.944
1573423200,74.944,74.962,74.608,74.706
1573509600,74.706,74.944,74.525,74.586
1573596000,74.586,74.71,74.196,74.409
1573682400,74.409,74.431,73.357,73.57
1573768800,73.57,74.216,73.532,74.194
1574028000,74.194,74.32,73.891,74.01
1574114400,74.01,74.278,73.594,74.114
1574200800,74.114,74.16,73.63,73.874
1574287200,73.874,74.053,73.492,73.722
1574373600,73.722,73.92,73.59,73.724
1574632800,73.724,74,73.724,73.828
1574719200,73.828,74.109,73.72,74.009
1574805600,74.009,74.294,73.902,74.215
1574892000,74.215,74.254,73.914,74.14
1574978400,74.14,74.278,73.926,74.038
1575237600,74.038,74.52,74.038,74.307
1575324000,74.307,74.846,74.186,74.397
1575410400,74.397,74.644,73.898,74.566
1575496800,74.566,74.628,74.167,74.313
1575583200,74.313,74.538,74.17,74.279
1575842400,74.279,74.292,73.974,74.058
1575928800,74.058,74.276,73.827,74.054
1576015200,74.054,74.757,73.946,74.659
1576101600,74.659,75.6,74.54,75.524
1576188000,75.524,75.979,74.976,75.182
1576447200,75.182,75.63,75.127,75.438
1576533600,75.438,75.459,74.943,75.017
1576620000,75.017,75.209,74.85,75.101
1576706400,75.101,75.434,75.04,75.296
1576792800,75.296,75.614,75.222,75.529
1577052000,75.529,75.796,75.427,75.721
1577138400,75.721,75.786,75.598,75.699
1577311200,75.699,76.188,75.652,76.155
1577397600,76.155,76.546,76.03,76.459
1577656800,76.459,76.536,76.092,76.164
1577743200,76.164,76.438,76.058,76.254
1577916000,76.254,76.324,75.674,75.892
1578002400,75.892,75.935,74.855,75.113
1578261600,75.113,75.272,74.737,75.21
1578348000,75.21,75.264,74.349,74.507
1578434400,74.507,75.072,73.759,74.928
1578520800,74.928,75.204,74.845,75.116
1578607200,75.116,75.7,75.018,75.549
1578866400,75.549,76.01,75.508,75.897
1578952800,75.897,76.106,75.742,75.928
1579039200,75.928,76.037,75.582,75.904
1579125600,75.904,76.246,75.846,75.989
1579212000,75.989,76.168,75.692,75.713
1579471200,75.713,75.896,75.528,75.727
1579557600,75.727,75.815,75.111,75.209
1579644000,75.209,75.409,75.031,75.172
1579730400,75.172,75.492,74.652,74.99
1579816800,74.99,75.17,74.429,74.582
1580076000,74.582,74.582,73.544,73.621
1580162400,73.621,73.835,73.296,73.816
1580248800,73.816,74.011,73.446,73.629
1580335200,73.629,73.661,72.804,73.221
1580421600,73.221,73.441,72.445,72.463
1580680800,72.463,72.924,72.414,72.731
1580767200,72.731,73.847,72.502,73.801
1580853600,73.801,74.343,73.541,74.1
1580940000,74.1,74.391,73.98,74.044
1581026400,74.044,74.096,73.046,73.246
1581285600,73.246,73.674,73.056,73.405
1581372000,73.405,74.004,73.323,73.71
1581458400,73.71,74.293,73.69,74.172
1581544800,74.172,74.179,73.65,73.8
1581631200,73.8,73.986,73.61,73.697
1581890400,73.697,73.954,73.697,73.77
1581976800,73.77,73.787,73.192,73.49
1582063200,73.49,74.474,73.428,74.355
1582149600,74.355,74.418,73.792,74.139
1582236000,74.139,74.299,73.43,73.927
1582495200,73.927,73.927,72.999,73.127
1582581600,73.127,73.502,72.528,72.753
1582668000,72.753,73.013,72.224,72.254
1582754400,72.254,72.593,71.984,72.002
1582840800,72.002,72.204,69.375,70.359
1583100000,70.359,71.2,69.45,70.852
1583186400,70.852,71.515,70.308,70.522
1583272800,70.522,71.32,70.304,71.258
1583359200,71.258,71.427,69.954,70.205
1583445600,70.205,70.426,69.583,69.953
1583701200,69.953,70.004,64.323,67.439
1583787600,67.439,68.988,67.059,68.722
1583874000,68.722,68.792,67.628,67.78
1583960400,67.78,67.966,65.06,65.248
1584046800,65.248,67.744,65.201,66.778
1584306000,66.778,67.409,64.052,64.79
1584392400,64.79,65.832,63.925,64.608
1584478800,64.608,64.894,61.69,62.412
1584565200,62.412,65.544,59.882,63.59
1584651600,63.59,65.638,62.784,64.286
1584910800,64.286,64.948,62.926,64.94
1584997200,64.94,66.34,64.652,66.266
1585083600,66.266,67.71,65.934,66.272
1585170000,66.272,66.594,64.916,66.453
1585256400,66.453,66.936,65.488,66.534
1585515600,66.534,66.644,65.742,66.521
1585602000,66.521,67.273,65.585,65.963
1585688400,65.963,66.371,64.867,65.076
1585774800,65.076,65.63,64.4,65.378
1585861200,65.378,65.617,64.838,65.08
1586120400,65.08,66.604,65.014,66.484
1586206800,66.484,67.676,66.378,67.094
1586293200,67.094,67.935,66.482,67.798
1586379600,67.798,68.893,67.49,68.776
1586466000,68.776,69.035,68.49,68.89
1586725200,68.89,68.978,68.34,68.782
1586811600,68.782,69.264,68.504,69.069
1586898000,69.069,69.077,67.584,67.882
1586984400,67.882,68.268,67.592,68.246
1587070800,68.246,68.948,68.076,68.415
1587330000,68.415,68.898,68.179,68.181
1587416400,68.181,68.358,67.292,67.7
1587502800,67.7,68.491,67.633,68.115
1587589200,68.115,69.011,67.751,68.555
1587675600,68.555,68.79,68.216,68.718
1587934800,68.718,69.384,68.581,69.334
1588021200,69.334,69.566,69.034,69.371
1588107600,69.371,69.963,69.284,69.96
1588194000,69.96,70.172,69.244,69.786
1588280400,69.786,69.79,68.502,68.626
1588539600,68.626,68.716,67.996,68.586
1588626000,68.586,68.99,68.464,68.546
1588712400,68.546,68.629,67.864,67.948
1588798800,67.948,69.16,67.634,69.028
1588885200,69.028,69.731,69.017,69.651
1589144400,69.651,70.176,69.382,69.862
1589230800,69.862,70.156,69.14,69.342
1589317200,69.342,69.763,68.893,69.098
1589403600,69.098,69.397,68.55,69.297
1589490000,69.297,69.534,68.659,68.68
1589749200,68.68,70.074,68.666,70.012
1589835600,70.012,70.967,69.877,70.402
1589922000,70.402,71.034,70.272,70.956
1590008400,70.956,71.084,70.497,70.653
1590094800,70.653,70.798,69.942,70.359
1590354000,70.359,70.582,70.2,70.508
1590440400,70.508,71.786,70.415,71.573
1590526800,71.573,71.926,70.815,71.352
1590613200,71.352,71.778,71.017,71.439
1590699600,71.439,71.931,71.143,71.875
1590958800,71.875,73.194,71.615,73.135
1591045200,73.135,74.976,72.933,74.96
1591131600,74.96,75.768,74.41,75.386
1591218000,75.386,76.206,74.864,75.782
1591304400,75.782,76.75,75.594,76.374
1591563600,76.374,76.79,75.558,76.125
1591650000,76.125,76.272,74.472,75.006
1591736400,75.006,75.616,74.727,74.972
1591822800,74.972,75.038,73.089,73.248
1591909200,73.248,74.304,72.532,73.736
1592168400,73.736,74.345,72.648,74.266
1592254800,74.266,75.092,73.323,73.932
1592341200,73.932,74.31,73.47,73.666
1592427600,73.666,73.898,72.99,73.305
1592514000,73.305,73.827,72.977,73.054
1592773200,73.054,73.99,72.736,73.858
1592859600,73.858,74.422,73.208,73.827
1592946000,73.827,74.166,73.311,73.525
1593032400,73.525,73.873,73.316,73.826
1593118800,73.826,73.912,73.31,73.61
1593378000,73.61,73.991,73.352,73.87
1593464400,73.87,74.598,73.61,74.508
1593550800,74.508,74.7,73.919,74.312
1593637200,74.312,74.707,74.182,74.465
1593723600,74.465,74.686,74.328,74.616
1593982800,74.616,75.161,74.485,74.884
1594069200,74.884,75.063,74.563,74.691
1594155600,74.691,74.959,74.508,74.874
1594242000,74.874,75.062,74.57,74.658
1594328400,74.658,74.688,73.986,74.31
1594587600,74.31,75.006,74.194,74.459
1594674000,74.459,74.824,74.247,74.806
1594760400,74.806,75.28,74.748,74.942
1594846800,74.942,75.1,74.684,74.792
1594933200,74.792,74.97,74.754,74.87
1595192400,74.87,75.306,74.82,75.268
1595278800,75.268,76.316,75.214,76.136
1595365200,76.136,76.87,76.053,76.514
1595451600,76.514,76.71,75.776,75.856
1595538000,75.856,75.974,74.866,75.42
1595797200,75.42,75.426,75.007,75.34
1595883600,75.34,75.58,75.009,75.227
1595970000,75.227,75.518,75.156,75.413
1596056400,75.413,75.48,74.828,75.35
1596142800,75.35,75.925,75.016,75.618
1596402000,75.618,75.808,75.1,75.473
1596488400,75.473,75.784,75.388,75.706
1596574800,75.706,76.411,75.658,75.936
1596661200,75.936,76.439,75.664,76.373
1596747600,76.373,76.441,75.726,75.817
1597006800,75.817,76.02,75.688,75.748
1597093200,75.748,76.335,75.726,76.069
1597179600,76.069,76.718,75.86,76.556
1597266000,76.556,76.703,76.318,76.441
1597352400,76.441,76.544,76.151,76.444
1597611600,76.444,76.676,76.333,76.477
1597698000,76.477,76.55,76.12,76.346
1597784400,76.346,76.68,76.147,76.222
1597870800,76.222,76.314,75.613,76.096
1597957200,76.096,76.276,75.632,75.772
1598216400,75.772,76.149,75.639,75.903
1598302800,75.903,76.562,75.862,76.548
1598389200,76.548,76.769,76.43,76.668
1598475600,76.668,77.428,76.601,77.364
1598562000,77.364,77.96,77.093,77.612
1598821200,77.612,78.462,77.413,78.111
1598907600,78.111,78.362,78.01,78.112
1598994000,78.112,78.176,77.54,77.928
1599080400,77.928,77.936,77.068,77.238
1599166800,77.238,77.527,76.774,77.36
1599426000,77.36,77.606,77.242,77.332
1599512400,77.332,77.646,76.456,76.492
1599598800,76.492,77.427,76.118,77.332
1599685200,77.332,77.736,76.928,77.026
1599771600,77.026,77.589,76.995,77.334
1600030800,77.334,77.356,76.958,77.072
1600117200,77.072,77.509,76.787,76.997
1600203600,76.997,77.184,76.448,76.675
1600290000,76.675,76.788,76.106,76.602
1600376400,76.602,76.856,75.985,76.246
1600635600,76.246,76.394,75.266,75.602
1600722000,75.602,75.772,75.116,75.262
1600808400,75.262,75.392,74.497,74.531
1600894800,74.531,74.664,73.974,74.28
1600981200,74.28,74.629,74.016,74.23
1601240400,74.23,74.648,74.116,74.619
1601326800,74.619,75.429,74.597,75.329
1601413200,75.329,75.704,74.874,75.582
1601499600,75.582,76.054,75.466,75.812
1601586000,75.812,75.881,74.933,75.426
1601845200,75.426,76.038,75.409,75.953
1601931600,75.953,76.17,75.006,75.008
1602018000,75.008,75.757,74.95,75.635
1602104400,75.635,76.022,75.526,75.939
1602190800,75.939,76.522,75.929,76.474
1602450000,76.474,76.535,75.87,75.928
1602536400,75.928,76.018,75.442,75.524
1602622800,75.524,75.72,75.195,75.32
1602709200,75.32,75.369,74.258,74.801
1602795600,74.801,74.832,74.394,74.625
1603054800,74.625,74.954,74.41,74.587
1603141200,74.587,74.614,74.204,74.354
1603227600,74.354,74.613,74.206,74.436
1603314000,74.436,74.676,74.19,74.614
1603400400,74.614,74.926,74.372,74.736
1603659600,74.736,74.945,74.502,74.676
1603746000,74.676,74.786,74.426,74.438
1603832400,74.438,74.632,73.392,73.496
1603918800,73.496,73.854,73.138,73.529
1604005200,73.529,73.922,73.145,73.552
1604268000,73.552,73.96,73.186,73.887
1604354400,73.887,75.016,73.61,74.862
1604440800,74.862,75.476,74.079,75.05
1604527200,75.05,75.464,74.564,75.389
1604613600,75.389,75.39,74.902,75.033
1604872800,75.033,77.04,75.033,76.78
1604959200,76.78,76.826,76.247,76.7
1605045600,76.7,77.101,76.509,76.769
1605132000,76.769,76.826,75.92,76.026
1605218400,76.026,76.306,75.76,76.078
1605477600,76.078,76.775,76.02,76.552
1605564000,76.552,76.572,75.897,76.066
1605650400,76.066,76.16,75.698,75.846
1605736800,75.846,75.875,75.406,75.604
1605823200,75.604,75.978,75.408,75.855
1606082400,75.855,76.22,75.782,76.178
1606168800,76.178,76.936,76.105,76.887
1606255200,76.887,77.044,76.456,76.944
1606341600,76.944,76.944,76.665,76.76
1606428000,76.76,76.954,76.499,76.88
1606687200,76.88,77.116,76.576,76.593
1606773600,76.593,76.978,76.574,76.908
1606860000,76.908,77.482,76.846,77.429
1606946400,77.429,77.565,77.166,77.226
1607032800,77.226,77.503,77.034,77.366
1607292000,77.366,77.506,76.902,77.226
1607378400,77.226,77.37,77.066,77.206
1607464800,77.206,77.944,77.114,77.589
1607551200,77.589,78.586,77.418,78.556
1607637600,78.556,78.784,78.194,78.392
1607896800,78.392,78.706,78.278,78.404
1607983200,78.404,78.546,78.148,78.364
1608069600,78.364,78.434,78.127,78.389
1608156000,78.389,78.823,78.288,78.592
1608242400,78.592,78.828,78.438,78.743
1608501600,78.743,78.743,77.496,78.395
1608588000,78.395,78.42,77.852,77.962
1608674400,77.962,78.586,77.907,78.466
1608760800,78.466,78.848,78.383,78.768
1609106400,78.768,78.884,78.482,78.67
1609192800,78.67,78.96,78.596,78.802
1609279200,78.802,79.398,78.725,79.305
1609365600,79.305,79.793,79.215,79.477
1609711200,79.477,79.684,78.852,79.034
1609797600,79.034,79.839,79.014,79.712
1609884000,79.712,80.514,79.532,80.394
1609970400,80.394,80.688,80.164,80.652
1610056800,80.652,80.928,80.384,80.652
1610316000,80.652,80.679,79.995,80.256
1610402400,80.256,80.692,80.18,80.648
1610488800,80.648,80.698,80.266,80.339
1610575200,80.339,80.854,80.316,80.722
1610661600,80.722,80.79,79.722,80.016
1610920800,80.016,80.071,79.513,79.642
1611007200,79.642,80.318,79.562,79.958
1611093600,79.958,80.346,79.926,80.21
1611180000,80.21,80.518,80.153,80.369
1611266400,80.369,80.447,79.905,80.052
1611525600,80.052,80.34,79.764,80.034
1611612000,80.034,80.348,79.607,80.274
1611698400,80.274,80.444,79.63,79.777
1611784800,79.777,80.238,79.203,80.059
1611871200,80.059,80.65,79.81,80.038
1612130400,80.038,80.21,79.692,79.975
1612216800,79.975,80.37,79.54,79.864
1612303200,79.864,80.128,79.828,80.018
1612389600,80.018,80.332,79.986,80.228
1612476000,80.228,80.926,80.044,80.904
1612735200,80.904,81.192,80.768,81.042
1612821600,81.042,81.16,80.648,80.938
1612908000,80.938,81.102,80.757,80.769
1612994400,80.769,81.375,80.676,81.209
1613080800,81.209,81.486,81.088,81.433
1613340000,81.433,82.054,81.433,81.991
1613426400,81.991,82.415,81.882,82.222
1613512800,82.222,82.296,81.762,82.052
1613599200,82.052,82.302,81.826,82.095
1613685600,82.095,83.158,81.992,82.967
1613944800,82.967,83.433,82.959,83.179
1614031200,83.179,83.369,82.913,83.271
1614117600,83.271,84.422,83.159,84.338
1614204000,84.338,84.952,83.51,83.638
1614290400,83.638,83.826,81.99,82.107
1614549600,82.107,83.132,82.107,82.986
1614636000,82.986,83.639,82.627,83.434
1614722400,83.434,83.755,83.126,83.208
1614808800,83.208,84.04,83.01,83.38
1614895200,83.38,83.594,82.782,83.236
1615154400,83.236,83.744,82.929,83.306
1615240800,83.306,83.916,83.177,83.739
1615327200,83.739,83.924,83.482,83.846
1615413600,83.846,84.537,83.792,84.518
1615500000,84.518,84.779,84.212,84.62
1615755600,84.62,84.733,84.116,84.626
1615842000,84.626,84.688,84.192,84.438
1615928400,84.438,85.01,84.125,84.856
1616014800,84.856,85.452,84.356,84.498
1616101200,84.498,84.725,84.116,84.268
1616360400,84.268,84.379,83.738,84.307
1616446800,84.307,84.35,82.737,82.786
1616533200,82.786,83.041,82.288,82.436
1616619600,82.436,83.064,82.422,82.769
1616706000,82.769,83.846,82.722,83.761
1616965200,83.761,83.989,83.338,83.836
1617051600,83.836,84.287,83.696,83.832
1617138000,83.832,84.478,83.759,84.092
1617224400,84.092,84.275,83.434,84.244
1617310800,84.244,84.486,84.034,84.215
1617570000,84.215,84.39,84.079,84.314
1617656400,84.314,84.464,83.791,84.098
1617742800,84.098,84.246,83.492,83.62
1617829200,83.62,83.785,83.288,83.617
1617915600,83.617,83.788,83.039,83.555
1618174800,83.555,83.688,83.156,83.39
1618261200,83.39,83.466,83.034,83.364
1618347600,83.364,84.288,83.108,84.141
1618434000,84.141,84.414,83.884,84.3
1618520400,84.3,84.379,84.079,84.16
1618779600,84.16,84.16,83.752,83.927
1618866000,83.927,84.718,83.36,83.524
1618952400,83.524,83.925,83.221,83.773
1619038800,83.773,83.864,83.126,83.196
1619125200,83.196,83.744,83.094,83.562
1619384400,83.562,84.502,83.504,84.3
1619470800,84.3,84.514,84.08,84.429
1619557200,84.429,84.754,84.138,84.608
1619643600,84.608,85.008,84.364,84.585
1619730000,84.585,84.854,84.14,84.326
1619989200,84.326,84.752,84.32,84.663
1620075600,84.663,84.74,83.934,84.255
1620162000,84.255,84.691,84.255,84.61
1620248400,84.61,84.936,84.244,84.916
1620334800,84.916,85.318,84.724,85.179
1620594000,85.179,85.805,85.128,85.24
1620680400,85.24,85.445,84.822,85.185
1620766800,85.185,85.262,84.595,84.72
1620853200,84.72,84.955,84.295,84.624
1620939600,84.624,85.17,84.53,85.04
1621198800,85.04,85.14,84.458,84.844
1621285200,84.844,85.149,84.741,84.837
1621371600,84.837,84.958,84.046,84.394
1621458000,84.394,84.65,84.23,84.586
1621544400,84.586,84.656,84.11,84.298
1621803600,84.298,84.382,83.974,84.322
1621890000,84.322,84.669,84.242,84.344
1621976400,84.344,84.803,84.291,84.507
1622062800,84.507,85.068,84.338,85.052
1622149200,85.052,85.152,84.55,84.734
1622408400,84.734,84.908,84.598,84.751
1622494800,84.751,85.054,84.666,84.893
1622581200,84.893,85.194,84.764,84.943
1622667600,84.943,84.99,84.307,84.495
1622754000,84.495,84.846,84.324,84.781
1623013200,84.781,84.878,84.547,84.724
1623099600,84.724,84.855,84.637,84.719
1623186000,84.719,84.836,84.662,84.77
1623272400,84.77,85.02,84.628,84.772
1623358800,84.772,85.055,84.39,84.519
1623618000,84.519,84.94,84.475,84.886
1623704400,84.886,84.932,84.52,84.612
1623790800,84.612,84.756,84.07,84.249
1623877200,84.249,84.616,83.071,83.27
1623963600,83.27,83.382,82.426,82.438
1624222800,82.438,83.248,82.134,83.166
1624309200,83.166,83.657,82.79,83.6
1624395600,83.6,84.146,83.473,84.064
1624482000,84.064,84.17,83.874,84.088
1624568400,84.088,84.258,84.024,84.093
1624827600,84.093,84.202,83.596,83.7
1624914000,83.7,83.729,83.003,83.034
1625000400,83.034,83.352,82.816,83.321
1625086800,83.321,83.656,83.112,83.342
1625173200,83.342,83.64,83.042,83.558
1625432400,83.558,83.618,83.423,83.57
1625518800,83.57,84.195,82.754,82.912
1625605200,82.912,83.348,82.65,82.766
1625691600,82.766,82.975,81.322,81.574
1625778000,81.574,82.546,81.345,82.452
1626037200,82.452,82.673,82.018,82.534
1626123600,82.534,82.82,82.081,82.388
1626210000,82.388,82.53,82.124,82.255
1626296400,82.255,82.338,81.43,81.537
1626382800,81.537,81.946,81.348,81.447
1626642000,81.447,81.564,80.014,80.398
1626728400,80.398,80.604,79.843,80.522
1626814800,80.522,81.195,80.09,81.14
1626901200,81.14,81.474,80.86,81.306
1626987600,81.306,81.658,81.113,81.421
1627246800,81.421,81.518,80.772,81.478
1627333200,81.478,81.516,80.64,80.799
1627419600,80.799,81.146,80.637,81.06
1627506000,81.06,81.357,80.754,80.992
1627592400,80.992,81.082,80.455,80.558
1627851600,80.558,80.762,80.338,80.492
1627938000,80.492,80.917,80.157,80.622
1628024400,80.622,81.038,80.523,80.799
1628110800,80.799,81.356,80.746,81.3
1628197200,81.3,81.4,81.018,81.093
1628456400,81.093,81.207,80.83,80.887
1628542800,80.887,81.324,80.712,81.255
1628629200,81.255,81.582,81.112,81.442
1628715600,81.442,81.466,80.95,81.024
1628802000,81.024,81.137,80.751,80.809
1629061200,80.809,80.881,79.892,80.186
1629147600,80.186,80.25,79.337,79.499
1629234000,79.499,79.776,79.252,79.396
1629320400,79.396,79.598,78.246,78.448
1629406800,78.448,78.634,77.896,78.279
1629666000,78.279,79.188,78.141,79.097
1629752400,79.097,79.744,79.028,79.608
1629838800,79.608,80.104,79.396,80.031
1629925200,80.031,80.094,79.594,79.671
1630011600,79.671,80.351,79.416,80.34
1630270800,80.34,80.384,79.98,80.201
1630357200,80.201,80.642,80.074,80.467
1630443600,80.467,81.23,80.428,81.063
1630530000,81.063,81.527,80.886,81.356
1630616400,81.356,82.029,81.253,81.808
1630875600,81.808,81.897,81.546,81.738
1630962000,81.738,81.992,81.286,81.474
1631048400,81.474,81.648,80.971,81.218
1631134800,81.218,81.254,80.779,80.86
1631221200,80.86,81.432,80.754,80.836
1631480400,80.836,81.132,80.669,81.076
1631566800,81.076,81.15,80.173,80.304
1631653200,80.304,80.349,79.831,80.207
1631739600,80.207,80.371,79.749,80.006
1631826000,80.006,80.51,79.866,80.018
1632085200,80.018,80.018,79.054,79.334
1632171600,79.334,79.836,78.858,78.99
1632258000,78.99,79.948,78.849,79.522
1632344400,79.522,80.599,79.356,80.496
1632430800,80.496,80.77,80.009,80.305
1632690000,80.305,80.966,80.272,80.896
1632776400,80.896,81.314,80.487,80.71
1632862800,80.71,80.932,80.185,80.346
1632949200,80.346,80.908,80.296,80.423
1633035600,80.423,80.812,79.902,80.649
1633294800,80.649,81.18,80.494,80.783
1633381200,80.783,81.348,80.552,81.282
1633467600,81.282,81.411,80.572,81.016
1633554000,81.016,81.672,80.992,81.634
1633640400,81.634,82.077,81.56,82.02
1633899600,82.02,83.56,81.856,83.276
1633986000,83.276,83.804,83.013,83.489
1634072400,83.489,83.713,83.12,83.56
1634158800,83.56,84.403,83.5,84.298
1634245200,84.298,84.928,84.268,84.793
1634504400,84.793,85.024,84.278,84.739
1634590800,84.739,85.542,84.664,85.468
1634677200,85.468,85.972,85.42,85.944
1634763600,85.944,86.254,84.889,85.123
1634850000,85.123,85.546,84.608,84.762
1635109200,84.762,85.306,84.73,85.197
1635195600,85.197,85.925,85.122,85.63
1635282000,85.63,86.061,85.049,85.542
1635368400,85.542,85.711,85.116,85.676
1635454800,85.676,85.874,85.324,85.725
1635714000,85.725,86.062,85.61,85.799
1635800400,85.799,85.914,84.496,84.67
1635886800,84.67,84.986,84.501,84.904
1635973200,84.904,85.21,83.899,84.178
1636059600,84.178,84.348,83.82,83.903
1636322400,83.903,84.176,83.817,84.056
1636408800,84.056,84.079,83.122,83.285
1636495200,83.285,83.96,82.998,83.46
1636581600,83.46,83.664,83.118,83.184
1636668000,83.184,83.56,83.108,83.51
1636927200,83.51,83.93,83.435,83.852
1637013600,83.852,84.164,83.696,83.864
1637100000,83.864,83.916,82.82,82.924
1637186400,82.924,83.261,82.685,83.144
1637272800,83.144,83.36,82.16,82.474
1637532000,82.474,83.216,82.457,82.994
1637618400,82.994,83.252,82.656,83.205
1637704800,83.205,83.24,82.744,83.04
1637791200,83.04,83.198,82.798,82.944
1637877600,82.944,83.035,80.476,80.723
1638136800,80.723,81.411,80.652,81.102
1638223200,81.102,81.394,80.117,80.658
1638309600,80.658,81.479,80.036,80.164
1638396000,80.164,80.564,79.912,80.286
1638482400,80.286,80.41,78.788,78.952
1638741600,78.952,80.056,78.952,80.035
1638828000,80.035,80.929,79.858,80.852
1638914400,80.852,81.72,80.675,81.542
1639000800,81.542,81.67,80.924,81.092
1639087200,81.092,81.561,80.83,81.327
1639346400,81.327,81.49,80.703,81.042
1639432800,81.042,81.154,80.48,80.839
1639519200,80.839,81.864,80.744,81.822
1639605600,81.822,82.439,81.425,81.69
1639692000,81.69,81.752,80.939,81.024
1639951200,81.024,81.11,80.274,80.788
1640037600,80.788,81.671,80.626,81.619
1640124000,81.619,82.478,81.265,82.324
1640210400,82.324,82.988,82.122,82.884
1640296800,82.884,82.89,82.547,82.613
1640556000,82.613,83.228,82.576,83.182
1640642400,83.182,83.438,82.872,82.994
1640728800,82.994,83.5,82.798,83.344
1640815200,83.344,83.762,83.311,83.43
1640901600,83.43,83.75,83.358,83.665
1641160800,83.665,83.866,82.829,82.94
1641247200,82.94,84.178,82.866,84.085
1641333600,84.085,84.298,83.762,83.856
1641420000,83.856,83.888,82.686,82.982
1641506400,82.982,83.222,82.633,82.978
1641765600,82.978,83.364,82.331,82.64
1641852000,82.64,83.222,82.578,83.132
1641938400,83.132,83.678,83.036,83.505
1642024800,83.505,83.747,83.003,83.111
1642111200,83.111,83.18,82.094,82.309
1642370400,82.309,82.766,82.309,82.638
1642456800,82.638,82.964,82.162,82.34
1642543200,82.34,82.797,82.081,82.447
1642629600,82.447,82.974,82.418,82.49
1642716000,82.49,82.522,81.494,81.574
1642975200,81.574,81.832,80.696,81.443
1643061600,81.443,81.798,81.044,81.428
1643148000,81.428,82.152,81.224,81.609
1643234400,81.609,81.758,80.918,81.158
1643320800,81.158,81.34,80.369,80.59
1643580000,80.59,81.627,80.549,81.366
1643666400,81.366,81.788,80.905,81.766
1643752800,81.766,81.992,81.384,81.684
1643839200,81.684,82.286,81.387,82.098
1643925600,82.098,82.222,81.298,81.517
1644184800,81.517,82.052,81.414,82.012
1644271200,82.012,82.583,81.917,82.578
1644357600,82.578,83.056,82.464,82.962
1644444000,82.962,83.992,82.732,83.154
1644530400,83.154,83.255,81.979,82.343
1644789600,82.343,82.65,81.55,82.362
1644876000,82.362,82.731,81.892,82.673
1644962400,82.673,83.178,82.63,83.066
1645048800,83.066,83.343,82.34,82.603
1645135200,82.603,83.33,82.424,82.608
1645394400,82.608,83.054,82.346,82.475
1645480800,82.475,83.19,82.124,83.052
1645567200,83.052,83.836,83.049,83.191
1645653600,83.191,83.191,82.015,82.74
1645740000,82.74,83.62,82.43,83.544
1645999200,83.544,83.708,82.76,83.514
1646085600,83.514,83.862,83.098,83.364
1646172000,83.364,84.442,83.261,84.302
1646258400,84.302,84.937,84.125,84.608
1646344800,84.608,85.146,84.163,84.672
1646604000,84.672,85.508,84.314,84.35
1646690400,84.35,84.841,83.812,84.09
1646776800,84.09,84.986,84.036,84.832
1646863200,84.832,85.539,84.576,85.463
1646949600,85.463,85.893,85.268,85.522
1647205200,85.522,85.819,84.902,84.958
1647291600,84.958,85.366,84.596,85.106
1647378000,85.106,86.616,85.022,86.594
1647464400,86.594,87.593,86.49,87.478
1647550800,87.478,88.378,87.389,88.336
1647810000,88.336,88.5,87.836,88.412
1647896400,88.412,90.27,88.329,90.251
1647982800,90.251,90.937,89.936,90.853
1648069200,90.853,91.971,90.526,91.908
1648155600,91.908,92.014,91.062,91.756
1648414800,91.756,94.324,91.618,92.836
1648501200,92.836,93.128,91.445,92.266
1648587600,92.266,92.65,91.14,91.506
1648674000,91.506,92.094,90.761,91.071
1648760400,91.071,92.33,91.033,91.913
1649019600,91.913,92.749,91.576,92.624
1649106000,92.624,94.17,92.273,93.658
1649192400,93.658,94.138,92.717,92.962
1649278800,92.962,93.184,92.414,92.718
1649365200,92.718,92.9,92.465,92.724
1649624400,92.724,93.62,92.522,93.034
1649710800,93.034,93.808,92.834,93.468
1649797200,93.468,93.87,93.016,93.662
1649883600,93.662,93.704,93.126,93.372
1649970000,93.372,93.795,93.314,93.521
1650229200,93.521,93.724,93.08,93.358
1650315600,93.358,95.14,93.284,95.076
1650402000,95.076,95.745,94.756,95.282
1650488400,95.282,95.588,94.408,94.604
1650574800,94.604,94.74,92.992,93.157
1650834000,93.157,93.298,91.114,92.016
1650920400,92.016,92.59,90.596,90.626
1651006800,90.626,91.986,90.452,91.535
1651093200,91.535,93.528,91.338,92.887
1651179600,92.887,93.474,91.592,91.626
1651438800,91.626,92.154,91.501,91.8
1651525200,91.8,92.942,91.702,92.338
1651611600,92.338,93.836,92.266,93.678
1651698000,93.678,94.034,92.296,92.608
1651784400,92.608,93,91.995,92.372
1652043600,92.372,92.372,90.462,90.548
1652130000,90.548,91.162,89.75,90.526
1652216400,90.526,91.769,89.78,90.212
1652302800,90.212,90.314,87.307,87.962
1652389200,87.962,89.726,87.957,89.694
1652648400,89.694,90.18,88.464,89.985
1652734800,89.985,91.171,89.794,90.936
1652821200,90.936,91.174,89.092,89.171
1652907600,89.171,90.536,89,90.084
1652994000,90.084,90.698,89.371,90.173
1653253200,90.173,91.044,90.066,90.928
1653339600,90.928,90.929,89.244,90.167
1653426000,90.167,90.517,89.307,90.227
1653512400,90.227,90.658,89.651,90.216
1653598800,90.216,91.03,89.996,91.018
1653858000,91.018,91.858,90.899,91.856
1653944400,91.856,92.53,91.586,92.37
1654030800,92.37,93.62,92.325,93.388
1654117200,93.388,94.385,92.846,94.364
1654203600,94.364,94.574,94.108,94.298
1654462800,94.298,94.996,93.771,94.894
1654549200,94.894,96.159,94.816,95.915
1654635600,95.915,96.884,95.745,96.547
1654722000,96.547,96.778,95.298,95.353
1654808400,95.353,95.54,94.324,94.663
1655067600,94.663,94.992,92.623,93.093
1655154000,93.093,93.9,92.43,93.072
1655240400,93.072,93.938,92.944,93.713
1655326800,93.713,94.542,91.966,93.2
1655413200,93.2,94.574,93.007,93.638
1655672400,93.638,94.36,93.383,93.936
1655758800,93.936,95.328,93.787,95.288
1655845200,95.288,95.299,93.59,94.348
1655931600,94.348,94.36,92.648,93.046
1656018000,93.046,94.023,92.783,93.849
1656277200,93.849,94.069,92.976,93.816
1656363600,93.816,94.718,93.464,94.028
1656450000,94.028,94.308,93.47,93.978
1656536400,93.978,94.29,93.34,93.736
1656622800,93.736,93.792,91.426,92.186
1656882000,92.186,93.29,91.594,93.161
1656968400,93.161,93.988,91.738,92.369
1657054800,92.369,92.522,91.534,92.19
1657141200,92.19,93.168,91.9,93.047
1657227600,93.047,93.486,92.336,93.255
1657486800,93.255,93.694,92.309,92.55
1657573200,92.55,92.664,91.962,92.495
1657659600,92.495,93.38,92.234,92.872
1657746000,92.872,94.266,92.602,93.753
1657832400,93.753,94.272,93.156,94.114
1658091600,94.114,94.64,93.938,94.112
1658178000,94.112,95.414,94.003,95.348
1658264400,95.348,95.759,95.022,95.242
1658350800,95.242,95.601,94.952,95.25
1658437200,95.25,95.386,94.054,94.23
1658696400,94.23,95.189,93.896,95.07
1658782800,95.07,95.271,94.572,95
1658869200,95,95.695,94.75,95.541
1658955600,95.541,95.577,93.572,93.844
1659042000,93.844,94.274,92.872,93.122
1659301200,93.122,93.315,92.292,92.463
1659387600,92.463,92.6,90.524,92.12
1659474000,92.12,93.225,91.722,93.031
1659560400,93.031,93.808,92.534,92.65
1659646800,92.65,93.628,92.249,93.325
1659906000,93.325,94.43,93.208,94.308
1659992400,94.308,94.396,93.9,94.114
1660078800,94.114,94.3,93.478,94.086
1660165200,94.086,94.602,93.852,94.521
1660251600,94.521,95.152,94.385,95.094
1660510800,95.094,95.096,93.07,93.612
1660597200,93.612,94.478,93.08,94.29
1660683600,94.29,94.385,93.558,93.698
1660770000,93.698,94.19,93.374,93.968
1660856400,93.968,94.555,93.832,94.16
1661115600,94.16,94.842,94.002,94.601
1661202000,94.601,94.86,94.106,94.745
1661288400,94.745,94.8,94.198,94.732
1661374800,94.732,95.442,94.622,95.262
1661461200,95.262,95.776,94.626,94.78
1661720400,94.78,95.928,94.664,95.722
1661806800,95.722,96.206,94.98,95.132
1661893200,95.132,95.571,94.895,95.072
1661979600,95.072,95.376,94.766,95.174
1662066000,95.174,96.044,95.015,95.506
1662325200,95.506,95.608,95.023,95.571
1662411600,95.571,96.521,95.488,96.185
1662498000,96.185,97.402,96,97.31
1662584400,97.31,97.5,96.644,97.28
1662670800,97.28,97.92,97.074,97.618
1662930000,97.618,98.394,97.112,98.392
1663016400,98.392,99.013,97.198,97.308
1663102800,97.308,97.61,95.986,96.604
1663189200,96.604,97.134,96.1,96.152
1663275600,96.152,96.438,95.553,96.073
1663534800,96.073,96.36,95.72,96.332
1663621200,96.332,96.546,95.894,96.12
1663707600,96.12,96.269,95.442,95.531
1663794000,95.531,96.412,93.568,94.596
1663880400,94.596,94.722,93.387,93.666
1664139600,93.666,94.031,93.148,93.422
1664226000,93.422,93.964,92.914,93.192
1664312400,93.192,94.034,92.128,93.995
1664398800,93.995,94.046,93.126,93.858
1664485200,93.858,94.218,92.522,92.695
1664744400,92.695,94.358,92.616,94.209
1664830800,94.209,94.698,93.212,93.731
1664917200,93.731,94.09,92.93,93.903
1665003600,93.903,94.538,92.64,93.051
1665090000,93.051,93.232,92.412,92.531
1665349200,92.531,92.771,91.486,91.787
1665435600,91.787,92.335,91.079,91.492
1665522000,91.492,92.422,91.295,92.23
1665608400,92.23,92.83,90.846,92.717
1665694800,92.717,93.552,92.109,92.292
1665954000,92.292,93.871,92.128,93.789
1666040400,93.789,94.415,93.156,94.156
1666126800,94.156,94.402,93.697,93.984
1666213200,93.984,95.156,93.378,94.341
1666299600,94.341,95.744,93.094,94.249
1666558800,94.249,95.459,92.974,94.068
1666645200,94.068,94.67,93.872,94.596
1666731600,94.596,95.446,94.362,95.122
1666818000,95.122,95.164,94.236,94.415
1666904400,94.415,94.943,94.215,94.582
1667163600,94.582,95.169,94.436,95.144
1667250000,95.144,95.564,94.509,94.769
1667336400,94.769,94.854,93.893,93.922
1667422800,93.922,94.074,92.966,93.242
1667509200,93.242,95.083,93.097,94.897
1667772000,94.897,95.034,94.268,95.004
1667858400,95.004,95.201,94.374,94.748
1667944800,94.748,94.79,94.064,94.158
1668031200,94.158,94.37,92.922,93.296
1668117600,93.296,94.256,92.604,93.121
1668376800,93.121,94.295,92.917,93.753
1668463200,93.753,94.527,93.486,94.128
1668549600,94.128,94.658,93.821,94.066
1668636000,94.066,94.098,93.16,93.816
1668722400,93.816,94.098,93.234,93.702
1668981600,93.702,94.082,93.188,93.872
1669068000,93.872,94.025,93.57,93.876
1669154400,93.876,94.14,93.688,93.986
1669240800,93.986,94.01,93.121,93.791
1669327200,93.791,94.064,93.618,93.978
1669586400,93.978,93.978,92.148,92.416
1669672800,92.416,93.189,92.186,92.76
1669759200,92.76,93.851,92.57,93.744
1669845600,93.744,93.799,92.054,92.194
1669932000,92.194,92.242,91.138,91.276
1670191200,91.276,92.197,91.164,91.604
1670277600,91.604,92.341,91.428,91.664
1670364000,91.664,92.134,91.581,91.849
1670450400,91.849,92.583,91.621,92.533
1670536800,92.533,92.902,91.877,92.816
1670796000,92.816,92.976,92.394,92.868
1670882400,92.868,93.358,92.544,92.939
1670968800,92.939,93.108,92.389,92.998
1671055200,92.998,93.064,92.156,92.321
1671141600,92.321,92.4,91.218,91.426
1671400800,91.426,91.962,91.052,91.728
1671487200,91.728,92.023,87.024,87.977
1671573600,87.977,88.887,87.733,88.846
1671660000,88.846,89.274,88.072,88.298
1671746400,88.298,89.297,88.128,89.156
1672092000,89.156,90.138,89.156,89.906
1672178400,89.906,91.062,89.709,90.636
1672264800,90.636,90.636,89.63,90.152
1672351200,90.152,90.219,89.02,89.392
1672610400,89.392,89.392,88.834,88.879
1672696800,88.879,89.328,87.414,88.122
1672783200,88.122,90.884,88.028,90.733
1672869600,90.733,90.989,89.816,90.078
1672956000,90.078,90.954,90.028,90.822
1673215200,90.822,91.822,90.743,91.164
1673301600,91.164,91.306,90.786,91.15
1673388000,91.15,91.674,91.002,91.516
1673474400,91.516,91.542,89.932,90.106
1673560800,90.106,90.168,88.658,89.193
1673820000,89.193,89.596,89.066,89.394
1673906400,89.394,89.877,89.23,89.526
1673992800,89.526,91.919,89.341,89.468
1674079200,89.468,89.492,88.118,88.743
1674165600,88.743,90.438,88.69,90.288
1674424800,90.288,91.93,90.17,91.85
1674511200,91.85,91.933,91.259,91.722
1674597600,91.722,92.79,91.419,92.008
1674684000,92.008,92.818,91.644,92.656
1674770400,92.656,92.656,92.066,92.305
1675029600,92.305,92.662,91.612,92.088
1675116000,92.088,92.171,91.092,91.767
1675202400,91.767,92.24,91.254,92.011
1675288800,92.011,92.162,90.878,91.084
1675375200,91.084,91.49,90.384,90.821
1675634400,90.821,91.614,90.821,91.296
1675720800,91.296,91.958,90.724,91.198
1675807200,91.198,91.554,90.919,91.011
1675893600,91.011,91.602,90.928,91.229
1675980000,91.229,91.474,90.233,90.935
1676239200,90.935,92.49,90.83,92.246
1676325600,92.246,93.04,91.81,92.99
1676412000,92.99,93.048,91.923,92.619
1676498400,92.619,92.736,91.953,92.148
1676584800,92.148,92.403,91.941,92.278
1676844000,92.278,92.834,92.197,92.793
1676930400,92.793,93.013,92.37,92.57
1677016800,92.57,92.688,91.683,91.821
1677103200,91.821,92.292,91.426,91.676
1677189600,91.676,91.941,91.318,91.803
1677448800,91.803,91.928,91.331,91.798
1677535200,91.798,92.197,91.546,91.662
1677621600,91.662,92.225,91.282,92.066
1677708000,92.066,92.164,91.782,92.038
1677794400,92.038,92.248,91.778,91.942
1678053600,91.942,91.955,91.372,91.493
1678140000,91.493,91.742,90.211,90.318
1678226400,90.318,90.924,90.248,90.502
1678312800,90.502,90.557,89.547,89.694
1678399200,89.694,90.255,88.631,88.932
1678654800,88.932,89.83,87.798,88.851
1678741200,88.851,90.104,88.553,89.69
1678827600,89.69,90.198,87.356,88.324
1678914000,88.324,89.089,87.399,89.031
1679000400,89.031,89.509,88.084,88.343
1679259600,88.343,89.24,87.136,88.227
1679346000,88.227,88.508,87.714,88.347
1679432400,88.347,89.006,87.604,87.877
1679518800,87.877,88.381,86.927,87.508
1679605200,87.508,87.512,86.062,86.852
1679864400,86.852,87.543,86.658,87.504
1679950800,87.504,87.884,87.154,87.809
1680037200,87.809,88.834,87.696,88.812
1680123600,88.812,89.084,88.398,89.075
1680210000,89.075,89.686,88.63,88.794
1680469200,88.794,90.059,88.559,89.85
1680555600,89.85,90.172,88.584,88.933
1680642000,88.933,89.203,87.644,88.224
1680728400,88.224,88.258,87.596,87.89
1680814800,87.89,88.264,87.776,88.12
1681074000,88.12,88.758,87.92,88.748
1681160400,88.748,89.129,88.531,88.953
1681246800,88.953,89.364,88.839,89.136
1681333200,89.136,90.174,88.977,89.936
1681419600,89.936,90.093,89.512,89.754
1681678800,89.754,90.159,89.59,90.128
1681765200,90.128,90.515,89.976,90.224
1681851600,90.224,90.59,90.158,90.454
1681938000,90.454,90.782,90.252,90.516
1682024400,90.516,90.62,89.403,89.766
1682283600,89.766,90.05,89.426,89.882
1682370000,89.882,90.028,88.258,88.61
1682456400,88.61,88.772,87.872,88.272
1682542800,88.272,88.859,88.14,88.826
1682629200,88.826,90.219,88.446,90.175
1682888400,90.175,91.333,90.037,91.168
1682974800,91.168,92.438,90.857,91.007
1683061200,91.007,91.068,89.918,89.927
1683147600,89.927,90.123,89.164,89.875
1683234000,89.875,91.096,89.812,91.052
1683493200,91.052,91.877,90.928,91.62
1683579600,91.62,91.74,91.098,91.442
1683666000,91.442,91.691,90.508,91.102
1683752400,91.102,91.158,89.797,90.19
1683838800,90.19,90.41,89.912,90.162
1684098000,90.162,91.318,90.162,91.19
1684184400,91.19,91.26,90.574,90.762
1684270800,90.762,91.79,90.674,91.69
1684357200,91.69,91.897,91.088,91.852
1684443600,91.852,92.355,91.48,91.764
1684702800,91.764,92.229,91.382,92.189
1684789200,92.189,92.352,91.468,91.595
1684875600,91.595,91.674,90.766,91.263
1684962000,91.263,91.278,90.757,91.1
1685048400,91.1,91.718,90.804,91.646
1685307600,91.646,92.011,91.598,91.84
1685394000,91.84,91.948,90.888,91.106
1685480400,91.106,91.418,90.263,90.619
1685566800,90.619,91.35,90.297,91.237
1685653200,91.237,92.564,91.178,92.457
1685912400,92.457,92.662,92.138,92.356
1685998800,92.356,93.262,92.139,93.163
1686085200,93.163,93.527,92.78,93.256
1686171600,93.256,93.448,92.978,93.29
1686258000,93.29,94.099,93.164,93.982
1686517200,93.982,94.42,93.876,94.254
1686603600,94.254,95.054,93.976,94.888
1686690000,94.888,95.284,94.598,95.203
1686776400,95.203,96.729,95.12,96.548
1686862800,96.548,97.614,96.24,97.554
1687122000,97.554,97.676,96.73,97.265
1687208400,97.265,97.419,95.574,95.998
1687294800,95.998,96.472,95.782,96.437
1687381200,96.437,96.768,95.786,96.688
1687467600,96.688,96.848,95.258,95.948
1687726800,95.948,96.092,95.377,95.792
1687813200,95.792,96.5,95.664,96.335
1687899600,96.335,96.37,95.156,95.378
1687986000,95.378,96.013,95.17,95.806
1688072400,95.806,96.296,95.599,96.146
1688331600,96.146,96.62,95.998,96.528
1688418000,96.528,96.832,96.074,96.675
1688504400,96.675,96.834,96.052,96.261
1688590800,96.261,96.313,95.3,95.45
1688677200,95.45,95.592,94.74,95.126
1688936400,95.126,95.48,94.122,94.332
1689022800,94.332,94.615,93.476,93.824
1689109200,93.824,94.216,93.274,94.036
1689195600,94.036,95.312,93.858,95.115
1689282000,95.115,95.384,94.55,94.916
1689541200,94.916,94.998,94.02,94.558
1689627600,94.558,94.784,93.773,94.564
1689714000,94.564,94.834,94.206,94.577
1689800400,94.577,95.426,94.442,94.954
1689886800,94.954,95.788,94.654,95.488
1690146000,95.488,95.488,94.879,95.373
1690232400,95.373,95.86,95.178,95.711
1690318800,95.711,95.815,94.426,94.785
1690405200,94.785,95.42,92.964,93.561
1690491600,93.561,94.224,91.794,93.841
1690750800,93.841,95.834,93.71,95.572
1690837200,95.572,95.816,94.562,94.788
1690923600,94.788,94.903,93.592,93.724
1691010000,93.724,94.092,92.97,93.354
1691096400,93.354,93.934,93.058,93.1
1691355600,93.1,93.692,93.1,93.675
1691442000,93.675,93.982,92.902,93.838
1691528400,93.838,94.113,93.527,93.85
1691614800,93.85,94.939,93.779,94.318
1691701200,94.318,94.594,94.019,94.177
1691960400,94.177,94.44,93.578,94.418
1692046800,94.418,94.87,93.928,93.958
1692133200,93.958,94.29,93.639,94.016
1692219600,94.016,94.032,93.22,93.39
1692306000,93.39,93.56,92.792,93.116
1692565200,93.116,93.909,92.836,93.782
1692651600,93.782,94.064,93.506,93.696
1692738000,93.696,93.959,93.228,93.874
1692824400,93.874,94.178,93.51,93.584
1692910800,93.584,93.978,93.498,93.764
1693170000,93.764,94.341,93.764,94.215
1693256400,94.215,94.6,94.047,94.524
1693342800,94.524,95.067,94.173,94.699
1693429200,94.699,94.942,94.036,94.364
1693515600,94.364,94.424,93.858,94.311
1693774800,94.311,94.72,94.194,94.648
1693861200,94.648,94.708,93.592,94.217
1693947600,94.217,94.336,93.86,94.256
1694034000,94.256,94.32,93.71,93.91
1694120400,93.91,94.46,93.588,94.262
1694379600,94.262,94.461,93.642,94.274
1694466000,94.274,94.562,94.058,94.519
1694552400,94.519,94.83,94.184,94.702
1694638800,94.702,95.047,94.504,94.982
1694725200,94.982,95.551,94.81,95.088
1694984400,95.088,95.256,94.79,95.02
1695070800,95.02,95.638,94.973,95.434
1695157200,95.434,96.07,95.304,95.656
1695243600,95.656,95.68,94.539,94.676
1695330000,94.676,95.829,94.544,95.57
1695589200,95.57,95.715,95.18,95.643
1695675600,95.643,95.769,95.224,95.356
1695762000,95.356,95.464,94.724,95.069
1695848400,95.069,95.972,94.822,95.948
1695934800,95.948,96.924,95.839,96.08
1696194000,96.08,96.42,95.28,95.36
1696280400,95.36,95.408,93.065,93.952
1696366800,93.952,94.4,93.791,94.318
1696453200,94.318,94.697,94.183,94.61
1696539600,94.61,95.557,94.34,95.336
1696798800,95.336,95.336,94.626,95.231
1696885200,95.231,95.66,95.135,95.647
1696971600,95.647,95.736,95.368,95.676
1697058000,95.676,95.83,94.46,94.591
1697144400,94.591,94.888,94.053,94.162
1697403600,94.162,94.907,94.136,94.832
1697490000,94.832,95.507,94.583,95.363
1697576400,95.363,95.666,94.84,95.002
1697662800,95.002,95.167,94.32,94.799
1697749200,94.799,94.813,94.42,94.642
1698008400,94.642,95.023,94.322,94.84
1698094800,94.84,95.377,94.788,95.281
1698181200,95.281,95.9,94.575,94.77
1698267600,94.77,95.202,94.248,95.083
1698354000,95.083,95.37,94.677,94.781
1698613200,94.781,95.528,94.744,95.034
1698699600,95.034,96.164,94.848,96.133
1698786000,96.133,96.524,95.614,96.51
1698872400,96.51,96.934,96.45,96.825
1698958800,96.825,97.324,96.579,97.294
1699221600,97.294,97.51,97.176,97.387
1699308000,97.387,97.601,96.411,96.812
1699394400,96.812,97.098,96.634,96.667
1699480800,96.667,97.008,96.309,96.358
1699567200,96.358,96.448,96.039,96.378
1699826400,96.378,96.86,96.251,96.75
1699912800,96.75,97.942,96.478,97.862
1699999200,97.862,98.588,97.644,98.544
1700085600,98.544,98.577,97.247,97.556
1700172000,97.556,97.59,96.932,97.476
1700431200,97.476,97.73,97.024,97.299
1700517600,97.299,97.422,96.834,97.284
1700604000,97.284,97.931,97.083,97.852
1700690400,97.852,98.194,97.664,98.092
1700776800,98.092,98.544,97.958,98.402
1701036000,98.402,98.508,97.816,98.226
1701122400,98.226,98.38,97.883,98.046
1701208800,98.046,98.07,97.342,97.436
1701295200,97.436,98.108,97.24,97.903
1701381600,97.903,98.082,97.698,97.996
1701640800,97.996,97.996,97.2,97.46
1701727200,97.46,97.515,96.27,96.415
1701813600,96.415,97.178,96.337,96.482
1701900000,96.482,96.498,93.74,95.178
1701986400,95.178,95.6,94.172,95.384
1702245600,95.384,96.149,95.222,96
1702332000,96,96.016,95.296,95.432
1702418400,95.432,95.667,95.17,95.176
1702504800,95.176,95.51,94.607,95.034
1702591200,95.034,95.446,94.726,95.306
1702850400,95.306,96.144,95.161,95.772
1702936800,95.772,97.586,95.485,97.268
1703023200,97.268,97.405,96.62,96.637
1703109600,96.637,96.768,96.329,96.672
1703196000,96.672,97.018,96.361,96.832
1703541600,96.832,97.241,96.668,97.158
1703628000,97.158,97.594,96.889,97.116
1703714400,97.116,97.24,96.105,96.576
1703800800,96.576,96.865,96.009,96.04
1704146400,96.04,96.718,95.842,96.01
1704232800,96.01,96.6,95.876,96.464
1704319200,96.464,97.199,96.191,97.002
1704405600,97.002,97.394,96.88,97.14
1704664800,97.14,97.292,96.462,96.915
1704751200,96.915,96.944,96.146,96.63
1704837600,96.63,97.684,96.454,97.667
1704924000,97.667,97.8,97.08,97.176
1705010400,97.176,97.454,96.824,96.882
1705269600,96.882,97.238,96.867,97.084
1705356000,97.084,97.114,96.588,96.904
1705442400,96.904,97.144,96.646,97.076
1705528800,97.076,97.407,96.708,97.392
1705615200,97.392,97.768,97.282,97.768
1705874400,97.768,97.884,97.242,97.32
1705960800,97.32,97.816,97.098,97.625
1706047200,97.625,97.634,96.919,96.984
1706133600,96.984,97.362,96.939,97.22
1706220000,97.22,97.662,97.095,97.43
1706479200,97.43,97.698,97.284,97.508
1706565600,97.508,97.589,97.12,97.462
1706652000,97.462,97.474,96.439,96.517
1706738400,96.517,96.598,95.502,96.234
1706824800,96.234,96.925,96.193,96.629
1707084000,96.629,96.772,96.214,96.39
1707170400,96.39,96.803,96.278,96.506
1707256800,96.506,96.792,96.439,96.623
1707343200,96.623,97.04,96.528,96.944
1707429600,96.944,97.461,96.88,97.39
1707688800,97.39,97.676,97.136,97.539
1707775200,97.539,97.608,97.16,97.317
1707861600,97.317,97.788,97.068,97.76
1707948000,97.76,97.858,97.318,97.834
1708034400,97.834,98.26,97.702,98.118
1708293600,98.118,98.231,97.996,98.195
1708380000,98.195,98.616,98.044,98.234
1708466400,98.234,98.595,98.192,98.482
1708552800,98.482,99.024,98.37,98.709
1708639200,98.709,99.057,98.606,98.804
1708898400,98.804,98.834,98.471,98.566
1708984800,98.566,98.624,98.208,98.5
1709071200,98.5,98.55,97.815,97.891
1709157600,97.891,97.892,97.354,97.456
1709244000,97.456,98.086,97.422,97.977
1709503200,97.977,98.147,97.874,97.98
1709589600,97.98,98.054,97.43,97.604
1709676000,97.604,98.215,97.384,98.082
1709762400,98.082,98.082,97.436,98
1709848800,98,98.152,97.277,97.442
1710104400,97.442,97.538,96.899,97.182
1710190800,97.182,97.704,97.014,97.546
1710277200,97.546,97.962,97.244,97.839
1710363600,97.839,97.941,97.424,97.613
1710450000,97.613,97.97,97.272,97.79
1710709200,97.79,98.051,97.645,97.842
1710795600,97.842,98.614,97.571,98.536
1710882000,98.536,99.662,98.488,99.618
1710968400,99.618,100.172,99.292,99.62
1711054800,99.62,99.712,98.516,98.654
1711314000,98.654,99.09,98.479,99.032
1711400400,99.032,99.25,98.9,99.02
1711486800,99.02,99.026,98.484,98.818
1711573200,98.818,98.938,98.175,98.609
1711659600,98.609,98.808,98.472,98.668
1711918800,98.668,98.952,98.27,98.424
1712005200,98.424,98.826,98.258,98.784
1712091600,98.784,99.65,98.586,99.596
1712178000,99.596,100.4,99.476,99.7
1712264400,99.7,99.836,99.198,99.764
1712523600,99.764,100.322,99.515,100.289
1712610000,100.289,100.811,100.216,100.606
1712696400,100.606,100.645,99.389,99.75
1712782800,99.75,100.242,99.4,100.206
1712869200,100.206,100.243,98.737,99.06
1713128400,99.06,100.02,98.912,99.389
1713214800,99.389,99.42,98.646,99.05
1713301200,99.05,99.536,98.99,99.356
1713387600,99.356,99.586,99.208,99.307
1713474000,99.307,99.406,97.778,99.242
1713733200,99.242,99.909,99.118,99.854
1713819600,99.854,100.45,99.71,100.432
1713906000,100.432,101.019,100.286,100.882
1713992400,100.882,101.652,100.79,101.462
1714078800,101.462,103.481,101.412,103.464
1714338000,103.464,104.956,101.38,102.67
1714424400,102.67,102.903,102.112,102.154
1714510800,102.154,102.753,99.92,100.762
1714597200,100.762,102.05,100.464,100.908
1714683600,100.908,101.25,100.459,101.116
1714942800,101.116,102.051,100.982,101.97
1715029200,101.97,102.47,101.582,102.069
1715115600,102.069,102.388,101.826,102.328
1715202000,102.328,102.95,102.051,102.922
1715288400,102.922,103.072,102.774,102.87
1715547600,102.87,103.27,102.6,103.233
1715634000,103.233,103.7,103.109,103.668
1715720400,103.668,104.036,103.176,103.682
1715806800,103.682,103.815,102.804,103.789
1715893200,103.789,104.302,103.627,104.184
1716152400,104.184,104.566,103.913,104.19
1716238800,104.19,104.431,103.916,104.112
1716325200,104.112,104.446,103.488,103.806
1716411600,103.806,104.244,103.476,103.691
1716498000,103.691,104.138,103.506,104.049
1716757200,104.049,104.466,103.859,104.4
1716843600,104.4,104.626,104.348,104.524
1716930000,104.524,104.866,104.119,104.223
1717016400,104.223,104.258,103.362,104.02
1717102800,104.02,104.69,103.83,104.659
1717362000,104.659,104.726,104.005,104.392
1717448400,104.392,104.626,102.616,103.006
1717534800,103.006,104.006,102.908,103.777
1717621200,103.777,103.982,103.62,103.732
1717707600,103.732,103.969,102.981,103.146
1717966800,103.146,103.833,103.092,103.812
1718053200,103.812,103.949,103.532,103.808
1718139600,103.808,104.552,103.678,104.434
1718226000,104.434,104.687,103.852,104.195
1718312400,104.195,104.806,103.643,104.122
1718571600,104.122,104.355,103.591,104.302
1718658000,104.315,105.094,104.012,105.074
1718744400,105.07,105.5,105.043,105.484
1718830800,105.446,105.906,105.334,105.786
1718917200,105.752,106.166,105.466,106.133
1719176400,106.095,106.374,105.587,106.256
1719262800,106.264,106.398,105.926,106.142
1719349200,106.142,106.966,105.98,106.916
1719435600,106.887,107.068,106.647,106.87
1719522000,106.844,107.461,106.557,107.31
1719781200,107.418,107.825,107.252,107.536
1719867600,107.536,107.707,107.242,107.652
1719954000,107.638,108.51,107.602,108.43
1720040400,108.396,108.506,108.287,108.462
1720126800,108.498,108.598,108.019,108.53
1720386000,108.296,108.576,108.16,108.358
1720472400,108.317,108.759,108.303,108.738
1720558800,108.763,109.154,108.708,109.108
1720645200,109.056,109.373,107.003,107.406
1720731600,107.396,107.864,106.752,107.114
1720990800,107.112,107.239,106.56,106.886
1721077200,106.841,107.096,106.549,106.668
1721163600,106.616,106.829,104.98,105.124
1721250000,105.086,105.706,104.529,105.532
1721336400,105.505,105.774,105.173,105.276
1721595600,105.333,105.428,103.978,104.32
1721682000,104.269,104.36,102.902,102.938
1721768400,102.91,103.118,101.054,101.278
1721854800,101.27,101.28,99.214,100.628
1721941200,100.648,101.498,100.318,100.676
1722200400,100.686,101.236,100.377,100.882
1722286800,100.812,101.779,99.786,99.866
1722373200,99.862,100.156,97.396,98.108
1722459600,98.066,98.744,97.013,97.079
1722546000,97.071,97.458,95.338,95.397
1722805200,95.394,95.511,90.139,93.66
1722891600,93.687,95.511,93.422,94.076
1722978000,94.096,97.09,94.096,95.649
1723064400,95.624,97.142,94.73,97.096
1723150800,97.062,97.456,96.219,96.364
1723410000,96.22,97.855,96.22,96.952
1723496400,96.949,97.751,96.726,97.427
1723582800,97.412,97.872,96.766,97.179
1723669200,97.202,98.807,96.826,98.693
1723755600,98.729,98.908,97.813,98.446
1724014800,98.368,98.928,96.996,98.701
1724101200,98.625,99.036,97.872,98.007
1724187600,97.932,98.93,97.638,97.986
1724274000,97.906,98.428,97.604,98.106
1724360400,98.075,98.614,97.569,98.14
1724619600,97.959,98.055,97.267,97.864
1724706000,97.93,98.416,97.668,97.786
1724792400,97.772,98.282,97.578,98.108
1724878800,98.038,98.96,97.854,98.584
1724965200,98.572,98.974,98.256,98.899
1725224400,98.843,99.865,98.548,99.78
1725310800,99.758,99.844,97.612,97.634
1725397200,97.637,97.718,96.595,96.662
1725483600,96.605,97.05,96.11,96.698
1725570000,96.724,97.01,94.778,94.918
1725829200,94.916,95.708,94.672,95.356
1725915600,95.366,95.714,94.512,94.772
1726002000,94.768,95.104,93.594,95.012
1726088400,94.99,95.676,94.73,95.336
1726174800,95.352,95.394,94.168,94.424
1726434000,94.328,95.024,93.871,94.934
1726520400,94.939,96.255,94.707,96.209
1726606800,96.197,96.338,95.324,96.248
1726693200,96.22,97.878,95.99,97.195
1726779600,97.186,98.307,96.714,97.99
1727038800,97.987,98.718,97.628,98.182
1727125200,98.078,99.066,97.989,98.704
1727211600,98.724,99.356,98.489,98.774
1727298000,98.742,99.903,98.628,99.862
1727384400,99.859,100.723,98.028,98.178
1727643600,98.177,99.446,98.092,99.304
1727730000,99.266,100.102,98.346,98.824
1727816400,98.812,100.901,98.691,100.846
1727902800,100.768,101.276,100.24,100.52
1727989200,100.501,101.272,99.902,101.03
1728248400,101.027,101.422,99.842,100.128
1728334800,100.13,100.182,99.089,99.999
1728421200,100.014,100.412,99.703,100.322
1728507600,100.256,100.772,99.686,100.144
1728594000,100.165,100.785,100.038,100.7
1728853200,100.478,100.952,100.323,100.734
1728939600,100.739,100.78,99.844,100.038
1729026000,100.027,100.104,99.435,99.762
1729112400,99.676,100.688,99.62,100.592
1729198800,100.586,100.84,100.184,100.296
1729458000,100.241,100.46,99.946,100.428
1729544400,100.408,101.044,100.16,100.968
1729630800,100.94,101.694,100.904,101.341
1729717200,101.288,101.432,100.452,100.815
1729803600,100.818,101.122,100.299,100.598
1730062800,101.328,101.526,100.676,100.916
1730149200,100.94,100.972,100.269,100.624
1730235600,100.618,100.968,100.188,100.828
1730322000,100.808,100.977,99.542,100.06
1730408400,100.064,100.73,99.829,100.344
1730671200,100.707,100.78,100.012,100.184
1730757600,100.179,100.934,100.126,100.662
1730844000,100.622,101.812,100.264,101.618
1730930400,101.544,102.406,101.309,102.148
1731016800,102.014,102.294,100.145,100.45
1731276000,100.572,101.36,100.434,101.078
1731362400,101.094,101.271,100.502,101.029
1731448800,101.033,101.288,100.463,100.842
1731535200,100.842,101.177,100.69,100.871
1731621600,100.859,101.202,99.421,99.766
1731880800,99.814,100.688,99.569,100.668
1731967200,100.614,101.078,99.487,101.018
1732053600,100.992,101.56,100.571,101.121
1732140000,101.108,101.152,100.301,100.628
1732226400,100.626,100.809,100.053,100.69
1732485600,100.824,101.038,100.01,100.286
1732572000,100.298,100.325,98.866,99.134
1732658400,99.086,99.227,97.714,98.182
1732744800,98.152,98.756,98.041,98.504
1732831200,98.418,98.562,97.452,97.529
1733090400,97.417,98.022,96.274,96.874
1733176800,96.862,97.544,96.17,97.03
1733263200,96.988,97.152,95.912,96.855
1733349600,96.842,97.088,96.338,96.864
1733436000,96.864,96.922,95.524,95.874
1733695200,95.85,97.802,95.619,97.384
1733781600,97.365,97.485,96.455,96.92
1733868000,96.882,97.266,95.994,97.119
1733954400,97.092,98.068,96.968,97.212
1734040800,97.2,97.966,97.012,97.688
1734300000,97.614,98.284,97.561,98.206
1734386400,98.188,98.35,97.104,97.255
1734472800,97.276,97.424,96.176,96.267
1734559200,96.25,98.738,95.806,98.215
1734645600,98.182,98.414,97.436,97.804
1734904800,97.826,98.242,97.747,98.206
1734991200,98.216,98.216,97.752,98.099
1735164000,98.038,98.447,97.91,98.304
1735250400,98.274,98.332,97.786,98.128
1735509600,98.044,98.734,97.304,97.586
1735596000,97.582,97.695,96.936,97.268
1735768800,97.302,98.04,97.055,97.722
1735855200,97.686,97.898,97.497,97.806
1736114400,97.699,98.912,97.6,98.464
1736200800,98.43,99.17,98.264,98.49
1736287200,98.456,98.663,98.056,98.436
1736373600,98.399,98.433,97.67,97.968
1736460000,98.011,98.202,96.796,96.92
1736719200,97.095,97.298,96.384,97.276
1736805600,97.312,97.958,97.198,97.856
1736892000,97.842,97.924,97.227,97.438
1736978400,97.354,97.699,96.328,96.372
1737064800,96.379,97.166,96.064,96.778
1737324000,96.887,97.778,96.671,97.658
1737410400,97.596,97.7,96.78,97.56
1737496800,97.576,98.336,97.427,98.208
1737583200,98.176,98.318,97.804,98.076
1737669600,98.087,98.766,97.882,98.49
1737928800,98.198,98.252,96.768,97.228
1738015200,97.233,97.508,96.844,97.24
1738101600,97.236,97.34,96.482,96.752
1738188000,96.682,96.834,95.691,95.798
1738274400,95.769,96.936,95.606,96.404
1738533600,95.402,96.466,94.622,96.375
1738620000,96.311,96.758,95.574,96.554
1738706400,96.513,96.608,95.685,95.902
1738792800,95.878,95.982,94.97,95.174
1738879200,95.186,95.677,94.494,94.948
1739138400,94.435,95.682,94.435,95.424
1739224800,95.421,96.11,95.078,95.998
1739311200,95.928,97.334,95.858,96.974
1739397600,96.97,97.28,96.002,96.545
1739484000,96.521,96.994,96.326,96.736
1739743200,96.628,96.844,96.205,96.314
1739829600,96.304,96.791,96.066,96.598
1739916000,96.552,96.768,96.001,96.106
1740002400,96.078,96.151,95.327,95.773
1740088800,95.769,96.497,94.651,94.914
1740348000,94.932,95.456,94.694,95.058
1740434400,95.058,95.318,94.016,94.545
1740520800,94.534,94.744,93.779,94.003
1740607200,93.956,94.516,93.31,93.416
1740693600,93.437,93.864,92.73,93.504
1740952800,93.697,94.243,92.536,93.055
1741039200,93.027,93.994,91.857,93.954
1741125600,93.819,94.404,93.338,94.324
1741212000,94.254,94.72,93.296,93.725
1741298400,93.703,93.814,92.423,93.372
1741554000,93.389,93.42,92.15,92.469
1741640400,92.466,93.312,91.824,93.07
1741726800,93.074,93.841,92.912,93.702
1741813200,93.686,93.944,92.536,92.878
1741899600,92.895,94.106,92.794,94.03
1742158800,94.012,95.355,93.906,95.27
1742245200,95.273,95.75,94.774,94.966
1742331600,95.008,95.358,94.37,94.534
1742418000,94.562,94.669,93.165,93.784
1742504400,93.748,94.212,93.152,93.683
1742763600,93.726,94.745,93.652,94.727
1742850000,94.687,94.92,94.338,94.495
1742936400,94.492,95.194,94.266,94.834
1743022800,94.837,95.4,94.421,95.236
1743109200,95.241,95.261,94.098,94.226
1743368400,94.204,94.242,93.054,93.677
1743454800,93.634,94.011,93.15,93.93
1743541200,93.87,95.32,93.53,93.986
1743627600,93.878,93.926,92.286,92.436
1743714000,92.44,92.646,87.412,88.808
1743973200,87.27,90.487,86.138,88.54
1744059600,88.519,89.692,86.871,87.138
1744146000,87.15,91.324,86.048,90.94
1744232400,90.97,91.11,88.914,89.904
1744318800,89.917,90.516,88.287,90.249
1744578000,90.732,90.832,89.571,90.498
1744664400,90.5,91.41,90.375,90.879
1744750800,90.864,91.208,90.135,90.358
1744837200,90.35,91.173,90.246,91.046
1744923600,91.024,91.053,90.578,90.636
1745182800,90.54,90.714,89.974,90.378
1745269200,90.375,90.576,89.641,90.126
1745355600,90.109,91.608,90.046,91.207
1745442000,91.199,91.464,90.554,91.4
1745528400,91.399,92.222,91.321,91.918
1745787600,91.93,92.05,91.203,91.356
1745874000,91.344,91.683,90.59,90.887
1745960400,90.842,91.732,90.694,91.598
1746046800,91.541,93.056,91.514,92.818
1746133200,92.818,93.569,92.704,93.426
1746392400,93.304,93.518,92.935,92.956
1746478800,92.938,93.05,92.116,92.49
1746565200,92.525,93.352,92.22,92.404
1746651600,92.366,93.552,92.333,93.386
1746738000,93.346,93.44,92.806,93.204
1746997200,93.831,94.922,93.524,94.606
1747083600,94.589,95.648,94.066,95.426
1747170000,95.417,95.572,94.185,94.334
1747256400,94.361,94.377,93.12,93.344
1747342800,93.299,93.505,92.744,93.276
1747602000,93.065,93.682,92.876,93.543
1747688400,93.538,93.849,92.499,92.832
1747774800,92.855,92.939,92.376,92.476
1747861200,92.443,92.858,91.995,92.324
1747947600,92.338,92.698,91.652,92.624
1748206800,92.489,93.202,92.396,92.671
1748293200,92.705,93.102,92.14,93.006
1748379600,92.992,93.242,92.744,93.105
1748466000,93.053,93.878,92.784,92.891
1748552400,92.91,92.984,92.018,92.672
1748811600,92.583,92.854,92.381,92.708
1748898000,92.653,93.137,92.063,93.058
1748984400,93.08,93.597,92.659,92.692
1749070800,92.656,93.788,92.558,93.404
1749157200,93.402,94.132,93.294,94.046
1749416400,94.145,94.343,93.914,94.232
1749502800,94.184,94.602,93.898,94.508
1749589200,94.52,94.749,93.884,94.008
1749675600,93.961,94.018,93.24,93.742
1749762000,93.741,93.875,92.315,93.496
1750021200,93.358,94.555,93.348,94.452
1750107600,94.435,94.843,93.946,94.095
1750194000,94.096,94.492,93.944,94.456
1750280400,94.43,94.468,93.807,94.275
1750366800,94.259,94.558,94.068,94.215
1750626000,94.312,94.687,93.85,94.405
1750712400,94.382,94.562,93.97,94.036
1750798800,94.076,94.753,93.976,94.61
1750885200,94.568,94.638,94.062,94.528
1750971600,94.533,94.854,94.23,94.492
1751230800,94.365,94.892,93.994,94.784
1751317200,94.764,94.806,93.968,94.404
1751403600,94.372,94.687,94.125,94.583
1751490000,94.586,95.372,94.337,95.23
1751576400,95.254,95.277,94.572,94.714
1751835600,94.807,95.048,94.236,94.806
1751922000,94.819,95.965,94.724,95.709
1752008400,95.713,96.217,95.596,95.612
1752094800,95.602,96.391,95.392,96.367
1752181200,96.255,97.058,95.984,96.938
1752440400,96.644,96.932,96.45,96.702
1752526800,96.718,97.434,96.545,96.958
1752613200,97.008,97.323,96.114,96.53
1752699600,96.558,96.774,95.996,96.416
1752786000,96.387,96.968,96.342,96.86
1753045200,96.386,96.76,96.047,96.14
1753131600,96.156,96.382,95.631,96.134
1753218000,96.112,96.744,95.842,96.733
1753304400,96.703,97.044,96.394,96.872
1753390800,96.88,97.142,96.622,96.959
1753650000,97.152,97.29,96.564,96.868
1753736400,96.836,96.948,96.562,96.654
1753822800,96.696,96.752,95.961,96.202
1753909200,96.182,96.996,95.864,96.856
1753995600,96.86,97.072,95.104,95.362
1754254800,95.246,95.864,94.909,95.132
1754341200,95.145,95.606,94.944,95.51
1754427600,95.492,96.027,95.448,95.832
1754514000,95.814,96.208,95.662,95.988
1754600400,95.915,96.526,95.754,96.354
1754859600,96.263,96.535,95.998,96.49
1754946000,96.465,96.836,96.212,96.539
1755032400,96.481,96.753,96.316,96.478
1755118800,96.482,96.482,95.522,95.976
1755205200,95.936,96.075,95.522,95.77
1755464400,95.834,96.205,95.77,95.984
1755550800,96.008,96.104,95.126,95.308
1755637200,95.378,95.378,94.404,94.772
1755723600,94.768,95.344,94.576,95.274
1755810000,95.273,95.598,95.144,95.394
1756069200,95.362,95.954,95.318,95.793
1756155600,95.732,95.846,95.366,95.748
1756242000,95.671,96.008,95.626,95.904
1756328400,95.876,96.088,95.71,95.992
1756414800,95.9,96.245,95.872,96.17
1756674000,96.239,96.593,96.058,96.465
1756760400,96.426,96.873,96.408,96.726
1756846800,96.68,97.3,96.616,96.92
1756933200,96.84,97.02,96.559,96.765
1757019600,96.739,97.002,96.311,96.644
1757278800,97.11,97.432,96.945,97.26
1757365200,97.192,97.328,96.819,97.068
1757451600,97.072,97.746,97.026,97.528
1757538000,97.539,98.114,97.402,98.064
1757624400,98.035,98.426,98.009,98.2
1757883600,98.192,98.354,97.988,98.329
1757970000,98.272,98.392,97.704,97.908
1758056400,97.888,97.964,97.424,97.787
1758142800,97.741,98.1,97.53,97.864
1758229200,97.875,97.974,97.246,97.558
1758488400,97.566,97.86,97.312,97.5
1758574800,97.497,97.725,97.245,97.438
1758661200,97.389,98.184,97.278,98.034
1758747600,98.018,98.226,97.75,97.976
1758834000,97.934,98.038,97.732,97.883
1759093200,97.914,97.968,97.518,97.734
1759179600,97.758,98.152,97.426,97.838
1759266000,97.758,97.924,97.034,97.268
1759352400,97.264,97.464,96.858,97.136
1759438800,97.114,97.502,97.018,97.366
1759698000,98.382,99.542,98.23,99.502
1759784400,99.464,100.046,99.16,99.968
1759870800,100.005,100.619,99.89,100.576
1759957200,100.536,100.948,100.149,100.346
1760043600,100.28,100.53,97.851,97.88
1760302800,98.807,99.39,98.562,99.228
1760389200,99.18,99.486,97.862,98.472
1760475600,98.447,98.818,98.063,98.384
1760562000,98.286,98.491,97.243,97.552
1760648400,97.542,97.852,96.254,97.851
1760907600,97.69,98.481,97.614,98.191
1760994000,98.172,98.782,97.92,98.576
1761080400,98.555,98.871,98.206,98.613
1761166800,98.598,99.552,98.544,99.389
1761253200,99.334,99.598,99.215,99.589
1761512400,99.956,100.373,99.796,100.23
1761598800,100.169,100.357,99.414,100.174
1761685200,100.154,100.758,99.736,100.424
1761771600,100.317,101.211,100.28,101.034
1761858000,101.036,101.04,100.64,100.788
1762120800,100.8,101.14,100.399,100.82
1762207200,100.807,100.914,99.469,99.713
1762293600,99.718,100.395,98.826,100.272
1762380000,100.252,100.328,98.827,99.188
1762466400,99.178,99.76,98.968,99.638
1762725600,99.899,100.828,99.73,100.742
1762812000,100.668,100.876,100.402,100.618
1762898400,100.55,101.324,100.532,101.27
1762984800,101.246,101.826,100.692,100.926
1763071200,100.878,101.298,100.228,100.998
1763330400,101.009,101.154,100.611,100.822
1763416800,100.81,101.438,100.15,101.217
1763503200,101.176,101.867,100.596,101.83
1763589600,101.767,102.49,101.305,101.408
1763676000,101.472,101.663,100.358,100.962
1763935200,101.077,101.477,100.966,101.444
1764021600,101.36,101.512,100.347,100.974
1764108000,100.882,102.034,100.868,101.992
1764194400,101.977,102.139,101.643,102.131
1764280800,102.102,102.368,101.842,102.296
1764540000,102.117,102.277,101.512,101.744
1764626400,101.742,102.5,101.6,102.34
1764712800,102.307,102.526,102.02,102.469
1764799200,102.458,102.852,102.1,102.534
1764885600,102.518,103.191,102.292,103.162
1765144800,102.991,103.372,102.908,103.29
1765231200,103.21,104.396,102.992,104.211
1765317600,104.098,104.316,103.734,104.148
1765404000,104.123,104.134,103.186,103.68
1765490400,103.701,104.047,103.326,103.684
1765749600,103.564,103.697,102.884,103.074
1765836000,103.094,103.129,102.44,102.622
1765922400,102.6,103.062,102.324,102.832
1766008800,102.84,103.106,102.562,102.867
1766095200,102.822,104.318,102.81,104.28
1766354400,104.206,104.622,104.008,104.555
1766440800,104.496,104.718,103.894,104.687
1766527200,104.682,104.706,104.352,104.568
1766700000,104.479,105.168,104.4,105.139
1766959200,104.928,105.219,104.357,104.46
1767045600,104.466,104.84,104.389,104.747
1767132000,104.684,104.843,104.466,104.56
1767304800,104.58,105.282,104.507,105
1767564000,104.761,105.094,104.566,105.018
1767650400,104.973,105.602,104.96,105.564
1767736800,105.516,105.938,105.24,105.35
1767823200,105.372,105.534,104.724,105.096
1767909600,105.089,105.656,105.025,105.602
1768168800,105.575,106.283,105.549,106.127
1768255200,106.123,106.708,105.951,106.344
1768341600,106.374,106.718,105.59,105.888
1768428000,105.854,106.334,105.676,106.258
1768514400,106.246,106.324,105.53,105.668
1768773600,105.355,106.192,105.233,106.166
1768860000,106.094,106.826,105.916,106.543
1768946400,106.489,107.207,106.301,107.035
1769032800,107.032,108.404,106.944,108.371
1769119200,108.332,109.006,107.209,107.382
1769378400,107.221,107.402,106.078,106.658
1769464800,106.6,107.096,106.068,106.723
1769551200,106.725,108.056,106.602,108.008
1769637600,107.959,108.574,106.525,107.941
1769724000,107.824,108.587,107.298,107.777
1769983200,107.706,108.373,106.857,108.111
1770069600,108.23,109.558,108.068,109.396
1770156000,109.369,110.192,109.185,109.784
1770242400,109.727,109.964,108.67,108.793
1770328800,108.784,110.382,108.052,110.292
1770588000,110.591,110.794,109.659,110.594
1770674400,110.494,110.677,109.025,109.22
1770760800,109.185,109.646,108.574,109.236
1770847200,109.12,109.488,107.976,108.306
1770933600,108.28,108.794,107.697,108.02
1771192800,107.905,108.894,107.739,108.576
1771279200,108.524,108.743,107.848,108.628
1771365600,108.578,109.209,108.374,109.038
1771452000,109.002,109.768,108.859,109.399
1771538400,109.35,110.08,108.882,109.858
1771797600,109.669,109.832,108.808,109.132
1771884000,109.078,110.439,109.048,110.039
1771970400,110.068,111.476,109.978,111.388
1772056800,111.355,111.42,110.268,110.948
1772143200,110.914,111.3,110.512,111.058
1772402400,110.015,111.7,110.01,111.632
1772488800,111.602,112.094,109.531,110.926
1772575200,110.846,111.222,109.924,111.139
1772661600,111.09,111.182,110.07,110.416
1772748000,110.427,111.113,110.13,110.941
1773003600,110.442,111.762,110.239,111.576
1773090000,111.52,112.85,111.29,112.524
1773176400,112.522,113.962,112.477,113.694
1773262800,113.676,113.744,112.625,112.768
1773349200,112.79,112.894,111.496,111.51
1773608400,111.577,112.586,111.542,112.472
1773694800,112.482,113.086,112.291,112.972
1773781200,112.991,113.216,112.206,112.286
1773867600,112.291,112.614,111.164,111.774
1773954000,111.772,112.39,111.616,111.813
1774213200,111.491,111.78,110.283,111.065
1774299600,111.155,111.224,110.349,111.056
1774386000,110.956,111.16,110.524,110.784
1774472400,110.844,110.922,109.896,110.038
1774558800,110.055,110.41,109.628,110.186
1774818000,109.992,110.124,109.05,109.469
1774904400,109.39,109.875,108.782,109.528
1774990800,109.482,110.219,109.459,109.986
1775077200,109.949,110.296,109.406,110.282
1775163600,110.118,110.34,109.872,110.071
1775422800,109.959,110.596,109.81,110.476
1775509200,110.45,111.403,110.31,111.35
1775595600,111.27,112.378,111.258,111.688
1775682000,111.7,112.737,111.572,112.62
1775768400,112.542,112.866,112.394,112.504
1776027600,111.606,113.17,111.602,113.143
1776114000,113.086,113.418,112.619,113.172
1776200400,113.069,114.114,113.066,114.003
1776286800,113.972,114.248,113.757,113.982
1776373200,113.993,114.376,113.501,113.686
1776632400,113.18,114.078,113.093,114.007
1776718800,113.939,114.304,113.694,114.044
1776805200,113.966,114.26,113.849,114.198
1776891600,114.166,114.264,113.656,113.862
1776978000,113.883,114.014,113.687,113.896
1777237200,113.786,114.642,113.757,114.561
1777323600,114.528,114.718,114.082,114.632
1777410000,114.545,114.71,113.923,114.18
1777496400,114.116,114.445,111.324,112.789
1777582800,112.644,113.243,111.932,113.14
1777842000,113.121,113.328,112.286,112.697
1777928400,112.716,113.514,112.198,113.414
1778014800,113.378,114.318,112.376,113.176
1778101200,113.164,113.587,113.016,113.09
1778187600,113.108,113.599,112.954,113.555
1778446800,113.095,114.005,113.07,113.978
1778533200,113.934,114.13,113.392,114.118
1778619600,114.118,114.74,114.024,114.6
1778706000,114.608,114.662,113.744,114.358
1778792400,114.349,114.406,113.182,113.492
1779051600,113.5,113.982,113.128,113.882
1779138000,113.82,113.972,112.638,113.06
1779224400,113.082,113.818,112.728,113.685
1779310800,113.61,113.87,112.851,113.661
1779397200,113.68,113.728,113.268,113.482
1779656400,113.673,114.124,113.644,114.039
1779742800,113.965,114.284,113.782,114.179
1779829200,114.213,114.355,113.588,113.922
1779915600,113.903,114.117,113.275,114.066
1780002000,114.066,114.583,113.886,114.442
1780261200,114.298,114.656,113.964,114.338
1780347600,114.399,114.918,114.238,114.825
1780434000,114.793,114.864,114.089,114.11
1780520400,114.14,114.253,113.831,114.138
1780606800,114.196,114.25,112.75,112.935
1780866000,112.624,113.209,112.561,112.849
1780952400,112.791,113.182,112.394,112.7
1781038800,112.729,112.842,112.318,112.34
1781125200,112.318,112.828,112.038,112.808
1781211600,112.724,113.092,112.592,112.884
1781470800,112.802,113.516,112.76,113.379
1781557200,113.41,113.548,112.877,113.403
1781643600,113.379,113.435,112.476,112.69
1781730000,112.701,113.452,112.548,113.214
1781816400,113.28,113.352,112.804,113.136
1782075600,113.062,113.445,112.904,113.134
1782162000,113.158,113.176,111.592,111.754
1782248400,111.742,111.872,111.348,111.659
1782334800,111.588,111.998,111.376,111.818
1782421200,111.804,111.868,111.246,111.526
1782680400,111.473,111.714,111.312,111.526
1782766800,111.53,112.631,111.292,112.506
1782853200,112.434,112.522,111.988,112.092
1782939600,112.056,112.166,111.156,111.533
1783026000,111.44,111.994,111.402,111.989
1783285200,111.954,112.813,111.898,112.764
1783371600,112.706,112.796,112.212,112.333
1783458000,112.313,112.759,112.203,112.72
1783544400,112.667,112.768,112.559,112.726
1783630800,112.75,112.75,112.185,112.431
1783890000,112.382,112.653,112.233,112.382
1783976400,112.399,113.239,112.281,113.172
1784062800,113.167,113.688,113.07,113.638
1784149200,113.631,113.882,113.276,113.619
1784235600,113.591,113.718,113.106,113.385
1784494800,113.178,114.013,113.11,113.734
1784581200,113.739,114.348,113.638,114.214
1784667600,114.238,114.4,113.871,114.168
1784754000,114.132,114.484,113.973,114.182
1784840400,114.154,114.57,114.091,114.416
1785099600,114.532,114.678,114.388,114.452
1785186000,114.446,114.568,114.02,114.277
1785272400,114.274,114.34,113.43,113.667
1785358800,113.661,113.958,110.904,112.15
1785445200,112.072,112.986,110.518,110.646
1785704400,110.731,111.204,109.239,110.044
1785790800,110.042,111.218,110.003,111.154
1785877200,111.158,111.358,110.852,111.322