time,open,high,low,close
1254949200,21254.9,21585,21254.9,21585
1255035600,21585,21616.8,21443.6,21571.7
1255294800,21571.7,21646.1,21284.4,21437.6
1255381200,21437.6,21761.8,21389.5,21454.3
1255467600,21454.3,21948.4,21454.3,21932.4
1255554000,21932.4,22299.6,21932.4,22023.1
1255640400,22023.1,22195.2,21922.7,22020.7
1255899600,22020.7,22302.9,21748.8,22154.7
1255986000,22154.7,22468.6,22154.7,22356.5
1256072400,22356.5,22430.2,22218.3,22283
1256158800,22283,22283,21996.8,22181.6
1256245200,22181.6,22655.5,22181.6,22608.4
1256590800,22608.4,22608.4,21997.1,22199.8
1256677200,22199.8,22199.8,21686.4,21686.4
1256763600,21686.4,21686.4,21147.3,21223
1256850000,21223,21847,21223,21585.6
1257112800,21585.6,21585.6,21015.1,21348.9
1257199200,21348.9,21582.5,21075.6,21079.6
1257285600,21079.6,21654,21079.6,21523.2
1257372000,21523.2,21523.2,21254.5,21411.7
1257458400,21411.7,21897,21411.7,21819.4
1257717600,21819.4,22187,21819.4,22115.1
1257804000,22115.1,22496.6,22115.1,22233.3
1257890400,22233.3,22643.2,22233.3,22643.2
1257976800,22643.2,22682.2,22312.8,22444.8
1258063200,22444.8,22557.7,22314.9,22471.1
1258322400,22471.1,22973.8,22471.1,22830.9
1258408800,22830.9,22917.9,22733.2,22854.3
1258495200,22854.3,23095.2,22614.5,22744.7
1258581600,22744.7,22844.7,22526.2,22532.2
1258668000,22532.2,22590.4,22346.5,22410.5
1258927200,22410.5,22801.5,22410.5,22783.5
1259013600,22783.5,22816.5,22227.9,22466.9
1259100000,22466.9,22679.2,22352,22599.3
1259186400,22599.3,22642.3,22087.6,22172.7
1259272800,22172.7,22172.7,21374.4,21486.9
1259532000,21486.9,22214.5,21486.9,22026.7
1259618400,22026.7,22545.8,21960.1,22537.7
1259704800,22537.7,22726,22537.7,22680.9
1259791200,22680.9,22898.1,22617,22791.7
1259877600,22791.7,22823.8,22488.2,22679.8
1260136800,22679.8,22725.9,22463,22561
1260223200,22561,22588.3,22210.3,22272.8
1260309600,22272.8,22272.8,21827.8,22093.8
1260396000,22093.8,22200.9,21721.8,21879.7
1260482400,21879.7,22372.6,21879.7,22055.8
1260741600,22055.8,22412,21667.7,22059.9
1260828000,22059.9,22138.5,21887.5,21896.5
1260914400,21896.5,22083.9,21629,21765.5
1261000800,21765.5,21793.9,21310,21462.6
1261087200,21462.6,21462.6,21172.5,21231.3
1261346400,21231.3,21285.7,20977.4,20993.4
1261432800,20993.4,21286,20993.4,21109.9
1261519200,21109.9,21410.2,21064,21330.6
1261605600,21330.6,21665.1,21330.6,21595.7
1261951200,21595.7,21764.8,21448.5,21491.4
1262037600,21491.4,21620.7,21381.1,21453.3
1262124000,21453.3,21506.4,21353.9,21482.8
1262210400,21482.8,21847.8,21482.8,21842.8
1262556000,21842.8,21979.3,21640.8,21734.7
1262642400,21734.7,22256.9,21734.7,22204.1
1262728800,22204.1,22485.6,22204.1,22360.5
1262815200,22360.5,22483.2,22129.8,22222.7
1262901600,22222.7,22418.9,22187.1,22253.5
1263160800,22253.5,22656.3,22253.5,22458.5
1263247200,22458.5,22468.2,22157.3,22195.9
1263333600,22195.9,22195.9,21639.7,21739.6
1263420000,21739.6,21954.8,21582.6,21618.5
1263506400,21618.5,21746.4,21508.5,21536.4
1263765600,21536.4,21618.3,21274.3,21494.7
1263852000,21494.7,21633.2,21289.1,21585.3
1263938400,21585.3,21621.3,21118.4,21172.5
1264024800,21172.5,21274.4,20701.6,20731.5
1264111200,20731.5,20731.5,20193.2,20646.3
1264370400,20646.3,20646.3,20371.5,20589.1
1264456800,20589.1,20589.1,20010.8,20080.9
1264543200,20080.9,20323.9,19904.3,19976.4
1264629600,19976.4,20385.5,19976.4,20281.8
1264716000,20281.8,20350.6,19917.4,20248
1264975200,20248,20248,19835.5,20183.8
1265061600,20183.8,20536.2,20177.2,20196.1
1265148000,20196.1,20784.6,20196.1,20631.2
1265234400,20631.2,20631.2,20311,20375
1265320800,20375,20375,19563,19573
1265580000,19573,19692.7,19407.9,19538
1265666400,19538,19857.8,19451.6,19780.7
1265752800,19780.7,19989.3,19663.3,19983.3
1265839200,19983.3,20347,19983.3,20232.9
1265925600,20232.9,20445.5,20192.6,20360.3
1266357600,20360.3,20757.5,20360.3,20604.9
1266444000,20604.9,20604.9,20344,20357
1266530400,20357,20357,19829.1,19922.1
1266789600,19922.1,20475.7,19922.1,20404.2
1266876000,20404.2,20747.8,20096.8,20663.5
1266962400,20663.5,20663.5,20323.2,20528.8
1267048800,20528.8,20669.5,20385.3,20437
1267135200,20437,20772.4,20437,20632.9
1267394400,20632.9,21101,20632.9,21078.8
1267480800,21078.8,21078.8,20891.2,21024.5
1267567200,21024.5,21137.8,20889.8,20979.3
1267653600,20979.3,21077.5,20623,20694.2
1267740000,20694.2,20942.9,20694.2,20800.6
1267999200,20800.6,21308.3,20800.6,21193.8
1268085600,21193.8,21325.8,21145.4,21300
1268172000,21300,21372,21184.8,21255.8
1268258400,21255.8,21380.9,21048.8,21185.5
1268344800,21185.5,21301.4,21142.5,21243.6
1268600400,21243.6,21243.6,20896.4,21139.2
1268686800,21139.2,21277.2,20997.3,21058.9
1268773200,21058.9,21506.9,21058.9,21438.6
1268859600,21438.6,21490.4,21312.3,21323.3
1268946000,21323.3,21436.5,21308.8,21355.2
1269205200,21355.2,21355.2,20884.3,20901.4
1269291600,20901.4,21242.4,20901.4,21041.5
1269378000,21041.5,21262.4,20981.5,21048.4
1269464400,21048.4,21048.4,20635.8,20773.2
1269550800,20773.2,21175.5,20592.8,21133.3
1269810000,21133.3,21352.3,21133.3,21255.1
1269896400,21255.1,21411,21200.8,21411
1269982800,21411,21431,21224,21232
1270069200,21232,21574.9,21232,21530.9
1270587600,21530.9,21936.8,21530.9,21885.8
1270674000,21885.8,21961.7,21799.7,21888.7
1270760400,21888.7,22287.7,21888.7,22281.7
1271019600,22281.7,22416.6,22137.6,22144.6
1271106000,22144.6,22315.6,22036.6,22160.5
1271192400,22160.5,22243.5,22071.5,22121.5
1271278800,22121.5,22357.5,22100.5,22198.5
1271365200,22198.5,22198.5,21794.4,21889.4
1271624400,21889.4,21889.4,21312.3,21476.3
1271710800,21476.3,21633.3,21476.3,21600.3
1271797200,21600.3,21765.3,21413.3,21427.3
1271883600,21427.3,21499.2,21190.2,21490.2
1271970000,21490.2,21490.2,21228.2,21249.2
1272229200,21249.2,21650.1,21249.2,21518.1
1272315600,21518.1,21518.1,21210.1,21257.1
1272402000,21257.1,21257.1,20761,20888
1272488400,20888,20987,20841,20874.6
1272574800,20874.6,21263.5,20874.6,21258.5
1272834000,21258.5,21258.5,20824,20895.7
1272920400,20895.7,21081.9,20789.4,20842
1273006800,20842,20842,20338.3,20416.2
1273093200,20416.2,20416.2,19957,20306.1
1273179600,20306.1,20306.1,19700,19957
1273438800,19957,20529.7,19957,20426.4
1273525200,20426.4,20426.9,20003.1,20148.8
1273611600,20148.8,20351.4,20021.7,20345.3
1273698000,20345.3,20571.5,20285.2,20390.2
1273784400,20390.2,20390.2,20075.9,20098
1274043600,20098,20098,19558.8,19769.4
1274130000,19769.4,20005.1,19662.2,19935.2
1274216400,19935.2,19935.2,19468.2,19470.2
1274302800,19470.2,19793.7,19306,19546.5
1274648400,19546.5,19773.9,19388.8,19596
1274734800,19596,19596,18957.7,18957.7
1274821200,18957.7,19224.4,18957.7,19174.1
1274907600,19174.1,19555,18973.1,19424.3
1274994000,19424.3,19828.4,19424.3,19796
1275253200,19796,19868,19655.8,19796.2
1275339600,19796.2,19845.3,19502.5,19523.5
1275426000,19523.5,19745.4,19415,19557.1
1275512400,19557.1,19948.5,19557.1,19865.5
1275598800,19865.5,19889.1,19705,19872.9
1275858000,19872.9,19872.9,19106.5,19391.6
1275944400,19391.6,19564.5,19363.6,19550.5
1276030800,19550.5,19867.9,19409,19600
1276117200,19600,19773.3,19512.9,19736.8
1276203600,19736.8,20081.7,19736.8,19898.6
1276462800,19898.6,20161.9,19898.6,20129.1
1276549200,20129.1,20197,20004.4,20180.5
1276722000,20180.5,20249,20110.6,20224.3
1276808400,20224.3,20409.8,20159.6,20407.8
1277067600,20407.8,20998.4,20407.8,20994.3
1277154000,20994.3,21013.1,20847.6,20859.4
1277240400,20859.4,20950.7,20726.8,20950.7
1277326800,20950.7,20952.5,20743.8,20747.8
1277413200,20747.8,20810.8,20599.5,20727.1
1277672400,20727.1,20897.5,20713.5,20775.8
1277758800,20775.8,20775.8,20424,20424.9
1277845200,20424.9,20424.9,20223.9,20304.7
1278018000,20304.7,20408.2,19956.6,20082.8
1278277200,20082.8,20110.4,19942.4,19966.5
1278363600,19966.5,20243.4,19878.1,20207
1278450000,20207,20207,19907,19956
1278536400,19956,20379.8,19956,20193.3
1278622800,20193.3,20594.1,20193.3,20554.3
1278882000,20554.3,20688,20487.1,20666.2
1278968400,20666.2,20666.2,20498.5,20561.6
1279054800,20561.6,20910.9,20561.6,20674.3
1279141200,20674.3,20820.1,20288.2,20294.3
1279227600,20294.3,20407,20242.8,20287.4
1279486800,20287.4,20287.4,20014.8,20104.1
1279573200,20104.1,20507.1,20085.3,20280.9
1279659600,20280.9,20602.1,20280.9,20596.1
1279746000,20596.1,20678.4,20434.5,20642.2
1279832400,20642.2,20966,20642.2,20964
1280091600,20964,21054.9,20856.4,20856.4
1280178000,20856.4,21052.7,20841.6,20979.4
1280264400,20979.4,21233,20900.3,21059.3
1280350800,21059.3,21152.9,20972.2,21144.9
1280437200,21144.9,21144.9,20897.6,20956.7
1280696400,20956.7,21448.1,20956.7,21407.1
1280782800,21407.1,21587.4,21399.7,21468.7
1280869200,21468.7,21636.1,21421.2,21517.2
1280955600,21517.2,21613.6,21436.9,21518.8
1281042000,21518.8,21743.3,21455.4,21615.4
1281301200,21615.4,21784.1,21593.1,21773.1
1281387600,21773.1,21773.1,21432.9,21448.9
1281474000,21448.9,21650.3,21199.6,21297.6
1281560400,21297.6,21297.6,20849.4,20952.4
1281646800,20952.4,21135.8,20932.8,21017.9
1281906000,21017.9,21183.6,20848.6,20972.7
1281992400,20972.7,21116.3,20940.2,21087.3
1282078800,21087.3,21254.7,20924.9,20955.9
1282165200,20955.9,21286.4,20955.9,20996.5
1282251600,20996.5,20996.5,20799,20949.1
1282510800,20949.1,21026.7,20816.9,20860.9
1282597200,20860.9,20908.3,20570.5,20572.5
1282683600,20572.5,20640.1,20457.1,20632.1
1282770000,20632.1,20640.5,20542.5,20627.7
1282856400,20627.7,20676.2,20482.1,20533.3
1283115600,20533.3,20849.8,20533.3,20804.2
1283202000,20804.2,20804.2,20366.1,20449.4
1283288400,20449.4,20669.2,20449.4,20593.7
1283374800,20593.7,20996.7,20593.7,20954.3
1283461200,20954.3,21120.7,20904.3,21116.7
1283720400,21116.7,21471.6,21116.7,21464.4
1283806800,21464.4,21514,21386.3,21473.7
1283893200,21473.7,21473.7,21126.4,21129.4
1283979600,21129.4,21364.8,21129.4,21298.5
1284066000,21298.5,21442.7,21176.2,21289.7
1284325200,21289.7,21824.4,21289.7,21796.4
1284411600,21796.4,21869,21755.7,21765.5
1284498000,21765.5,21878.3,21720.8,21847.9
1284584400,21847.9,21847.9,21598.7,21801.9
1284670800,21801.9,22074.9,21774.3,22058.8
1284930000,22058.8,22081.5,21951.9,22005
1285016400,22005,22170.8,22005,22099.3
1285102800,22099.3,22290.7,22033.3,22064.3
1285275600,22064.3,22238.8,22009.8,22235.8
1285534800,22235.8,22443.9,22235.8,22370
1285621200,22370,22401.2,22078,22130
1285707600,22130,22415,22130,22359
1285794000,22359,22397.9,22219.9,22334.9
1286139600,22334.9,22737.5,22334.9,22630.5
1286226000,22630.5,22719.4,22521.4,22700.4
1286312400,22700.4,23018.4,22700.4,22922.3
1286398800,22922.3,22990.3,22853.2,22968.2
1286485200,22968.2,23105.2,22893.1,22896.1
1286744400,22896.1,23323.9,22896.1,23285.8
1286830800,23285.8,23285.8,23081.7,23128.7
1286917200,23128.7,23598.6,23067.6,23582.6
1287003600,23582.6,23898.5,23582.6,23866.5
1287090000,23866.5,23872.4,23683.5,23744.4
1287349200,23744.4,23744.4,23455.1,23489.1
1287435600,23489.1,23819,23489.1,23811
1287522000,23811,23811,23351.9,23553.9
1287608400,23553.9,23767.8,23464.8,23669.8
1287694800,23669.8,23689.7,23480.7,23482.7
1287954000,23482.7,23825.3,23482.7,23707.3
1288040400,23707.3,23707.3,23559.2,23616.2
1288126800,23616.2,23711.1,23096.1,23108.1
1288213200,23108.1,23265,23108.1,23171.9
1288299600,23171.9,23230.8,22861.9,23022.9
1288558800,23022.9,23698.3,23022.9,23683.2
1288645200,23683.2,23724.6,23540.7,23720.6
1288731600,23720.6,24185.8,23662.2,24114.6
1288818000,24114.6,24594.7,24114.6,24584.7
1288904400,24584.7,24931,24584.7,24837.4
1289167200,24837.4,24983.2,24738.3,24906
1289253600,24906,24947.7,24671.3,24722
1289340000,24722,24730.7,24433.1,24446.8
1289426400,24446.8,24882.7,24446.8,24731.4
1289512800,24731.4,24731.4,24186,24229
1289772000,24229,24410.3,23957.4,23978.4
1289858400,23978.4,24064.2,23538.3,23616.3
1289944800,23616.3,23618,23161.3,23210.3
1290031200,23210.3,23653,23210.3,23556.9
1290117600,23556.9,23696.3,23236.2,23669.2
1290376800,23669.2,23669.5,23429.3,23585
1290463200,23585,23585,22863,22959
1290549600,22959,23212.9,22937.4,22944.4
1290636000,22944.4,23300.9,22944.4,23041.7
1290722400,23041.7,23115.4,22771.1,22865
1290981600,22865,22966.4,22767.5,22955.6
1291068000,22955.6,22955.6,22566.9,22770.2
1291154400,22770.2,23112.9,22577.7,23017.1
1291240800,23017.1,23351.9,23017.1,23141.3
1291327200,23141.3,23394.3,23039,23040
1291586400,23040,23417.3,22957.5,22967.4
1291672800,22967.4,23301.5,22877.6,23257.5
1291759200,23257.5,23257.5,22782.8,22888.2
1291845600,22888.2,23081,22884.9,22965.1
1291932000,22965.1,23047.4,22766.3,23018.2
1292191200,23018.2,23396.2,23018.2,23171
1292277600,23171,23293.5,23171,23253.1
1292364000,23253.1,23253.1,22706.2,22823.1
1292450400,22823.1,22884,22413.7,22439.6
1292536800,22439.6,22629.8,22383.6,22561.3
1292796000,22561.3,22655.9,22289.8,22615.2
1292882400,22615.2,22985.8,22614.5,22882.7
1292968800,22882.7,23129.8,22882.7,23040.7
1293055200,23040.7,23112.9,22785.7,22828.8
1293141600,22828.8,22874,22688.6,22759.9
1293487200,22759.9,22759.9,22354.1,22613.2
1293573600,22613.2,23001.4,22613.2,22997.4
1293660000,22997.4,23166.6,22916.1,22995
1293746400,22995,23101.9,22992.2,23014.2
1294005600,23014.2,23427,23014.2,23344.5
1294092000,23344.5,23643.5,23344.5,23632.6
1294178400,23632.6,23757.9,23541.8,23718
1294264800,23718,23810,23686.3,23769.5
1294351200,23769.5,23886.6,23641.2,23692.2
1294610400,23692.2,23784.3,23462.1,23494.1
1294696800,23494.1,23867.1,23494.1,23754.3
1294783200,23754.3,24195.5,23754.3,24190.5
1294869600,24190.5,24359.5,24190.5,24242
1294956000,24242,24330.5,24176.3,24325.5
1295215200,24325.5,24377.9,24079.4,24192.4
1295301600,24192.4,24398.6,24074.1,24174
1295388000,24174,24447.4,24174,24375.5
1295474400,24375.5,24375.5,23953.2,24011.3
1295560800,24011.3,24144.5,23826,23854
1295820000,23854,24021.2,23757.7,23804.7
1295906400,23804.7,24017.9,23770.3,23777.3
1295992800,23777.3,24008.8,23651.5,23847.8
1296079200,23847.8,24039,23724,23778.4
1296165600,23778.4,23804.5,23565.6,23639
1296424800,23639,23639,23294.5,23407.3
1296511200,23407.3,23568.5,23407.3,23500.1
1296597600,23500.1,23990.6,23500.1,23990.6
1297029600,23990.6,24044.5,23492.6,23553.6
1297116000,23553.6,23648.3,23391.3,23414
1297202400,23414,23590.2,23092.3,23098.3
1297288800,23098.3,23098.3,22653.6,22739.6
1297375200,22739.6,22848.4,22435.1,22758.3
1297634400,22758.3,23176.5,22758.3,23094.4
1297720800,23094.4,23094.4,22866.8,22933.9
1297807200,22933.9,23186.7,22796.7,23105.6
1297893600,23105.6,23306.3,23050.4,23298.3
1297980000,23298.3,23625,23283.2,23590
1298239200,23590,23590,23439,23452.7
1298325600,23452.7,23452.7,22924.2,22945.2
1298412000,22945.2,23033.1,22837.9,22937.8
1298498400,22937.8,23047.8,22544.4,22651.4
1298584800,22651.4,22931,22651.4,22863.1
1298844000,22863.1,23325.6,22746.2,23269.7
1298930400,23269.7,23412.5,23162.7,23339.7
1299016800,23339.7,23339.7,22793.4,22913.3
1299103200,22913.3,23258.9,22913.3,22972.3
1299189600,22972.3,23442.7,22972.3,23292
1299448800,23292,23414.8,23056.2,23285.2
1299535200,23285.2,23726.8,23194.1,23715.9
1299621600,23715.9,23878.5,23715.9,23739.9
1299708000,23739.9,23773.7,23491.3,23617.2
1299794400,23617.2,23617.2,23016.7,23205.6
1300050000,23205.6,23290.8,22985.7,23243.8
1300136400,23243.8,23243.8,22152.4,22538.4
1300222800,22538.4,22763,22483.2,22600.4
1300309200,22600.4,22600.4,22084.4,22156.7
1300395600,22156.7,22431.3,22156.7,22239.7
1300654800,22239.7,22664.5,22239.7,22601.6
1300741200,22601.6,22873.5,22601.6,22800.5
1300827600,22800.5,22825.6,22675.5,22806.6
1300914000,22806.6,23173.3,22806.6,22924.6
1301000400,22924.6,23216.3,22924.6,23172.6
1301259600,23172.6,23291.5,22947.8,23069.8
1301346000,23069.8,23158.8,22970.6,23068.9
1301432400,23068.9,23434.8,23068.9,23394
1301518800,23394,23555.1,23394,23480.3
1301605200,23480.3,23802.2,23436.5,23802.2
1301864400,23802.2,24160,23802.2,24145
1302037200,24145,24306.6,24078.6,24261.8
1302123600,24261.8,24346.1,24179,24268.2
1302210000,24268.2,24449.3,24218.3,24394.5
1302469200,24394.5,24455.5,24214,24320
1302555600,24320,24320,23897.8,23937.9
1302642000,23937.9,24193,23828,24091.2
1302728400,24091.2,24091.2,23874.5,23994.7
1302814800,23994.7,24232.6,23851.2,23944.2
1303074000,23944.2,24142.1,23709.6,23759.7
1303160400,23759.7,23759.7,23405.2,23423.3
1303246800,23423.3,23870.5,23423.3,23870.5
1303333200,23870.5,24189.5,23870.5,24096.8
1303765200,24096.8,24096.8,23809.8,23955.1
1303851600,23955.1,24281.1,23790.5,23823.5
1303938000,23823.5,24160.6,23823.5,23923.5
1304024400,23923.5,23982.6,23766.2,23797.8
1304370000,23797.8,24062.6,23663.3,23664.3
1304456400,23664.3,23664.3,23289.6,23315.5
1304542800,23315.5,23399.6,23221.9,23352.1
1304629200,23352.1,23352.1,23042.8,23206.8
1304888400,23206.8,23442.8,23206.8,23369.9
1305061200,23369.9,23598.9,23268.8,23322.8
1305147600,23322.8,23322.8,23014.4,23042.9
1305234000,23042.9,23505.5,22980.9,23453.1
1305493200,23453.1,23453.1,22910.2,22916.2
1305579600,22916.2,23013.9,22789,22906.4
1305666000,22906.4,23159.1,22906.4,23079.6
1305752400,23079.6,23349.4,23079.6,23258.7
1305838800,23258.7,23337.7,23214.2,23243.8
1306098000,23243.8,23243.8,22690.7,22715.7
1306184400,22715.7,22823.4,22690.6,22762.2
1306270800,22762.2,22831.9,22518.7,22789.6
1306357200,22789.6,23012.4,22789.6,22904.1
1306443600,22904.1,23213.6,22904.1,23171.7
1306702800,23171.7,23257.3,23075,23251.3
1306789200,23251.3,23758.6,23251.3,23694.1
1306875600,23694.1,23737.5,23611.7,23640.8
1306962000,23640.8,23640.8,23261.2,23288.8
1307048400,23288.8,23362.8,22990.3,23066.7
1307394000,23066.7,23066.7,22790.3,22951.7
1307480400,22951.7,22951.7,22623.5,22660.6
1307566800,22660.6,22700.3,22386.5,22582.5
1307653200,22582.5,22691.5,22305.1,22364.9
1307912400,22364.9,22538.3,22163.3,22484.1
1307998800,22484.1,22688.2,22316.2,22566.6
1308085200,22566.6,22607.3,22298.1,22305.1
1308171600,22305.1,22305.1,21926.7,22001.5
1308258000,22001.5,22042.3,21653.1,21663
1308517200,21663,21917,21528.5,21663.3
1308603600,21663.3,21906.2,21663.3,21872.1
1308690000,21872.1,22079.1,21838.5,21862.5
1308776400,21862.5,21947.2,21645.7,21710.6
1308862800,21710.6,22196.6,21710.6,22169.5
1309122000,22169.5,22169.5,21853.7,22009.4
1309208400,22009.4,22216.1,21936.2,21994.7
1309294800,21994.7,22278.4,21994.7,22172.1
1309381200,22172.1,22539.6,22172.1,22484
1309726800,22484,22947.8,22484,22892.1
1309813200,22892.1,22929.8,22775.4,22831
1309899600,22831,22831,22512.5,22518.5
1309986000,22518.5,22781.4,22518.5,22589.7
1310072400,22589.7,22913.8,22589.7,22849.2
1310331600,22849.2,22849.2,22335.6,22402.7
1310418000,22402.7,22402.7,21573.6,21604.7
1310504400,21604.7,21972.3,21604.7,21909.2
1310590800,21909.2,22014.5,21743.5,22010.5
1310677200,22010.5,22010.5,21783.8,21868.4
1310936400,21868.4,22046.4,21712.2,21806.7
1311022800,21806.7,21933,21607.9,21855.9
1311109200,21855.9,22174.8,21855.9,22000.1
1311195600,22000.1,22126.4,21847.6,21973.2
1311282000,21973.2,22489.6,21973.2,22482.6
1311541200,22482.6,22482.6,22226.9,22325.8
1311627600,22325.8,22596,22268.4,22543.9
1311714000,22543.9,22654.2,22442.5,22560
1311800400,22560,22560,22233.5,22401.5
1311886800,22401.5,22402.9,22071,22136.8
1312146000,22136.8,22665.6,22136.8,22518.5
1312232400,22518.5,22518.5,22138.3,22236.6
1312318800,22236.6,22236.6,21664.1,21782.8
1312405200,21782.8,21876.3,21497,21556.2
1312491600,21556.2,21556.2,20422.1,20604.2
1312750800,20604.2,20604.2,19850.1,20271.6
1312837200,20271.6,20271.6,18681.5,19303.4
1312923600,19303.4,19902.9,19303.4,19521.4
1313010000,19521.4,19579,19107.2,19313.6
1313096400,19313.6,19769.3,19313.6,19440.1
1313355600,19440.1,20124.9,19440.1,20084.1
1313442000,20084.1,20283.3,19967.6,20042.6
1313528400,20042.6,20405,20042.6,20086.7
1313614800,20086.7,20210.3,19829.8,19870.8
1313701200,19870.8,19870.8,19182,19252.8
1313960400,19252.8,19584.1,18955.5,19449.7
1314046800,19449.7,19833.1,19312.8,19814.2
1314133200,19814.2,19904.8,19371.2,19381.1
1314219600,19381.1,19759.8,19381.1,19756.8
1314306000,19756.8,19908.5,19495.1,19505.3
1314565200,19505.3,19917.1,19505.3,19839.7
1314651600,19839.7,20332.6,19839.7,20258.1
1314738000,20258.1,20604.8,20184.2,20593.7
1314824400,20593.7,21071.4,20528.5,20534.6
1314910800,20534.6,20574.4,20167.5,20182.6
1315170000,20182.6,20182.6,19551.2,19644.6
1315256400,19644.6,19898.4,19278.5,19795.8
1315342800,19795.8,20111.2,19795.8,20072.7
1315429200,20072.7,20244.2,19826.9,19953.4
1315515600,19953.4,20166,19815.2,19815.2
1315774800,19815.2,19815.2,19000.2,19071.4
1315947600,19071.4,19350.9,18665.6,19052.5
1316034000,19052.5,19335.1,18953,19262.8
1316120400,19262.8,19730.7,19262.8,19391.7
1316379600,19391.7,19391.7,18885.1,18979.2
1316466000,18979.2,19117.1,18769.4,19046
1316552400,19046,19072,18715.1,18761
1316638800,18761,18761,17792.1,17855.2
1316725200,17855.2,17855.2,17399.4,17786.9
1316984400,17786.9,17786.9,17008.2,17437.2
1317070800,17437.2,18116.5,17437.2,18073.5
1317157200,18073.5,18076.5,17824.4,17956
1317330000,17956,17956.2,17423.6,17436.6
1317589200,17436.6,17436.6,16727.7,16908.8
1317675600,16908.8,16908.8,16149.8,16267.9
1317848400,16267.9,17229.6,16267.9,17219.5
1317934800,17219.5,17787.5,17219.5,17653.3
1318194000,17653.3,17914.1,17395.7,17742.9
1318280400,17742.9,18436.9,17742.9,18008.5
1318366800,18008.5,18453.2,17771.1,18453.2
1318453200,18453.2,18753.8,18390.8,18619.8
1318539600,18619.8,18673.4,18341.2,18439.2
1318798800,18439.2,18905.9,18439.2,18814.8
1318885200,18814.8,18814.8,17937,18144.1
1318971600,18144.1,18437.7,18144.1,18289.6
1319058000,18289.6,18289.6,17761,18068
1319144400,18068,18096.7,17916.5,17960.5
1319403600,17960.5,18868.1,17960.5,18853.1
1319490000,18853.1,19026.6,18768.7,19004.6
1319576400,19004.6,19131.1,18720.2,19033.1
1319662800,19033.1,19775.6,18973.7,19771.6
1319749200,19771.6,20242.2,19771.6,20179.3
1320008400,20179.3,20200.8,19724,19850.1
1320094800,19850.1,19850.1,19301.5,19356.7
1320181200,19356.7,19838,19036.3,19817
1320267600,19817,19817,19117.1,19343.7
1320354000,19343.7,20024.7,19343.7,19943.2
1320616800,19943.2,20008.8,19632.4,19640.4
1320703200,19640.4,19954.6,19640.4,19839.8
1320789600,19839.8,20209.1,19839.8,19976.1
1320876000,19976.1,19976.1,18922,19070.3
1320962400,19070.3,19221.7,19009.7,19106.4
1321221600,19106.4,19692,19106.4,19532.1
1321308000,19532.1,19532.1,19220.8,19322.8
1321394400,19322.8,19472.6,18734.2,18914.3
1321480800,18914.3,18942.6,18550.5,18898.3
1321567200,18898.3,18898.3,18355.9,18459.9
1321826400,18459.9,18459.9,18020.3,18124.9
1321912800,18124.9,18358.8,17980.3,18183.1
1321999200,18183.1,18183.1,17802,17820
1322085600,17820,18003.7,17617.6,17877.2
1322172000,17877.2,17877.2,17575.8,17652.3
1322431200,17652.3,18103.4,17652.3,18021.9
1322517600,18021.9,18236.2,18021.9,18098.1
1322604000,18098.1,18154.2,17809.5,18073.4
1322690400,18073.4,19063.1,18073.4,18916.3
1322776800,18916.3,19190.5,18873.5,19185.5
1323036000,19185.5,19185.5,18947.4,19093.5
1323122400,19093.5,19093.5,18778.8,19017.8
1323208800,19017.8,19260,18975,19182
1323295200,19182,19182,18932.4,19093.4
1323381600,19093.4,19093.4,18458.9,18537.9
1323640800,18537.9,18919.6,18459.8,18482.8
1323727200,18482.8,18482.8,18260.1,18434.1
1323813600,18434.1,18466.4,18245.5,18253.5
1323900000,18253.5,18253.5,17848.8,17955.9
1323986400,17955.9,18392,17955.9,18256.1
1324245600,18256.1,18256.1,17775,18066
1324332000,18066,18286.2,17963.3,17975.3
1324418400,17975.3,18505.5,17975.3,18387.6
1324504800,18387.6,18417.9,18224.8,18412.9
1324591200,18412.9,18646.2,18412.9,18588.2
1325023200,18588.2,18607.6,18383.7,18439.7
1325109600,18439.7,18439.7,18250.9,18331
1325196000,18331,18519.7,18331,18455.4
1325541600,18455.4,18898.3,18455.4,18828.2
1325628000,18828.2,18936.8,18712.4,18788.5
1325714400,18788.5,18855,18739.9,18824.8
1325800800,18824.8,18824.8,18487.9,18666
1326060000,18666,18942.2,18280.9,18934.2
1326146400,18934.2,19128.7,18886.7,19030.6
1326232800,19030.6,19205,18972,19181
1326319200,19181,19295.6,19083.3,19127.3
1326405600,19127.3,19289.7,19077.7,19285.7
1326664800,19285.7,19285.7,18977.7,19029.5
1326751200,19029.5,19706.2,19029.5,19696.2
1326837600,19696.2,19756.7,19605.4,19606.4
1326924000,19606.4,19984.9,19606.4,19972.9
1327010400,19972.9,20216.2,19954.3,20194.2
1327528800,20194.2,20507.2,20194.2,20416.9
1327615200,20416.9,20608.2,20369.4,20600.2
1327874400,20600.2,20600.2,20324.8,20413.5
1327960800,20413.5,20664.2,20413.5,20505.9
1328047200,20505.9,20716.4,20430.4,20521.7
1328133600,20521.7,20919.1,20521.7,20913
1328220000,20913,20953.4,20788.3,20890.5
1328479200,20890.5,21129.2,20769,20783.7
1328565600,20783.7,21040.2,20783.7,20895.9
1328652000,20895.9,21239.3,20875.9,21232.3
1328738400,21232.3,21232.3,20894.6,21057.9
1328824800,21057.9,21104.3,20797.3,20893.7
1329084000,20893.7,21091.8,20792.5,20975.8
1329170400,20975.8,21057.6,20887.4,21042.6
1329256800,21042.6,21516,21003.5,21487.6
1329343200,21487.6,21487.6,21248.9,21288.4
1329429600,21288.4,21636.5,21288.4,21505.5
1329688800,21505.5,21811,21399.6,21408.6
1329775200,21408.6,21537.3,21255,21478.2
1329861600,21478.2,21608.3,21301.9,21527.7
1329948000,21527.7,21527.7,21348.4,21416.9
1330034400,21416.9,21530.1,21321.7,21438.4
1330293600,21438.4,21623.3,21054.8,21210.6
1330380000,21210.6,21414.5,21210.6,21354.4
1330639200,21354.4,21354.4,21302.2,21302.2
1330898400,21302.2,21302.2,21302.2,21302.2
1330984800,21302.2,21302.2,20577.8,20584.2
1331071200,20584.2,20584.2,20386.1,20472.5
1331157600,20472.5,20765.3,20472.5,20750.4
1331244000,20750.4,21030.4,20719.5,20955.3
1331586000,20955.3,21335.1,20955.3,21206.2
1331672400,21206.2,21596.8,21193.1,21201.1
1331758800,21201.1,21315.8,21098.6,21230.4
1331845200,21230.4,21406.2,21230.4,21289.8
1332104400,21289.8,21426.5,20952.8,20965.1
1332190800,20965.1,21097.4,20716,20821.5
1332277200,20821.5,20984.5,20705.4,20877.5
1332363600,20877.5,20947.75,20747.65,20829.15
1332450000,20829.15,20829.15,20549.45,20607.25
1332709200,20607.25,20778.95,20546.2,20713.15
1332795600,20713.15,21147.1,20713.15,21147.1
1332882000,21147.1,21147.1,20785.3,20898.1
1332968400,20898.1,20898.1,20486,20527
1333054800,20527,20529.4,20354.8,20477.4
1333314000,20477.4,20636,20381.6,20450.1
1333400400,20450.1,20808.1,20450.1,20788.1
1333486800,20788.1,20788.1,20788.1,20788.1
1333573200,20788.1,20788.1,20366.3,20504.8
1333659600,20504.8,20504.8,20504.8,20504.8
1333918800,20504.8,20504.8,20504.8,20504.8
1334005200,20504.8,20504.8,20262.5,20307
1334091600,20307,20307,19990.8,20084.4
1334178000,20084.4,20375.1,20072.1,20362.6
1334264400,20362.6,20717.4,20362.6,20694.4
1334523600,20694.4,20694.4,20465.3,20578.4
1334610000,20578.4,20644.1,20366.2,20539.7
1334696400,20539.7,20864,20539.7,20759
1334782800,20759,21011.8,20711.8,21009.3
1334869200,21009.3,21088.1,20874.6,21013.7
1335128400,21013.7,21013.7,20540.2,20544.2
1335214800,20544.2,20781.4,20512.5,20620.5
1335301200,20620.5,20767.7,20562.8,20693.3
1335387600,20693.3,20858.7,20639.1,20854.2
1335474000,20854.2,20955.4,20627.3,20768.9
1335733200,20768.9,21155.7,20768.9,21115.3
1335819600,21115.3,21115.3,21115.3,21115.3
1335906000,21115.3,21407.7,21115.3,21352.2
1335992400,21352.2,21352.2,21148.7,21240.5
1336078800,21240.5,21240.5,21041.8,21051.4
1336338000,21051.4,21051.4,20412.4,20430.3
1336424400,20430.3,20596.9,20322.8,20386.5
1336510800,20386.5,20386.5,20172.9,20247.2
1336597200,20247.2,20289.8,19993.8,20041
1336683600,20041,20041,19797.2,19836
1336942800,19836,19941.4,19570.2,19619.8
1337029200,19619.8,19809.9,19503.5,19731.5
1337115600,19731.5,19731.5,19078.7,19257.8
1337202000,19257.8,19352.9,19039.3,19112
1337288400,19112,19112,18510.9,18864.5
1337547600,18864.5,18914.7,18736.9,18842.5
1337634000,18842.5,19112.4,18842.5,18916.5
1337720400,18916.5,18916.5,18549.7,18622.2
1337806800,18622.2,18780.7,18522.5,18566.6
1337893200,18566.6,18725.9,18490.5,18574.5
1338152400,18574.5,18798.1,18564.7,18692.8
1338238800,18692.8,18979.3,18618.7,18953.5
1338325200,18953.5,18953.5,18521.7,18524.8
1338411600,18524.8,18733.9,18322.4,18730.8
1338498000,18730.8,18730.8,18438.6,18611.8
1338757200,18611.8,18611.8,18028.5,18110.5
1338843600,18110.5,18374.6,18110.5,18271.9
1338930000,18271.9,18649.6,18271.9,18641.5
1339016400,18641.5,18905.6,18641.5,18664.4
1339102800,18664.4,18747.4,18453.6,18491.9
1339362000,18491.9,19096.3,18491.9,19074.7
1339448400,19074.7,19074.7,18734.2,18878.5
1339534800,18878.5,19069.8,18815.1,19042.1
1339621200,19042.1,19042.1,18845.1,18867.8
1339707600,18867.8,19418.7,18867.8,19417.7
1339966800,19417.7,19701.8,19417.7,19523.4
1340053200,19523.4,19564.1,19403.9,19406.9
1340139600,19406.9,19655,19406.9,19620
1340226000,19620,19620,19304.5,19326.5
1340312400,19326.5,19326.5,19004.6,19080.9
1340571600,19080.9,19107.9,18855.8,18977.9
1340658000,18977.9,19060.6,18858.5,19047
1340744400,19047,19237.7,18920.6,19181.7
1340830800,19181.7,19353.6,18971.8,19008.3
1340917200,19008.3,19552.8,19008.3,19434.2
1341176400,19434.2,19434.2,19434.2,19434.2
1341262800,19434.2,19790.9,19434.2,19768.3
1341349200,19768.3,19851.6,19689.5,19750.5
1341435600,19750.5,19905.3,19616.3,19883.3
1341522000,19883.3,19883.3,19704,19827
1341781200,19827,19827,19417.6,19438.6
1341867600,19438.6,19541.9,19358.3,19422.8
1341954000,19422.8,19466.6,19243.6,19393
1342040400,19393,19393,18987.7,19042.7
1342126800,19042.7,19174,19015,19054.9
1342386000,19054.9,19232.3,19038.2,19110.2
1342472400,19110.2,19507.5,19101,19482.5
1342558800,19482.5,19482.5,19115.7,19214.7
1342645200,19214.7,19621.5,19214.7,19561.9
1342731600,19561.9,19676.7,19494.7,19673.7
1342990800,19673.7,19673.7,18958.8,19013.8
1343077200,19013.8,19104.1,18821.1,18854.1
1343163600,18854.1,18927.8,18650.4,18858.8
1343250000,18858.8,18940.6,18764.6,18830.5
1343336400,18830.5,19342.55,18830.5,19237.2
1343595600,19237.2,19607.7,19237.2,19556.8
1343682000,19556.8,19868.1,19556.8,19762.2
1343768400,19762.2,19926.65,19644.7,19835.75
1343854800,19835.75,19835.75,19657.3,19681.7
1343941200,19681.7,19697.7,19425.5,19694.7
1344200400,19694.7,20125.6,19694.7,19997.45
1344286800,19997.45,20128.4,19991.25,20053.35
1344373200,20053.35,20227.55,19981.65,20078.25
1344459600,20078.25,20314.7,20078.25,20245.4
1344546000,20245.4,20245.4,20056.5,20195.2
1344805200,20195.2,20212.7,20032.45,20067.5
1344891600,20067.5,20337.2,20067.5,20277.7
1344978000,20277.7,20277.7,20026.7,20099.3
1345064400,20099.3,20200.2,19925.5,19946.5
1345150800,19946.5,20193.7,19946.5,20146.5
1345410000,20146.5,20150.1,19899.8,20101
1345496400,20101,20181.9,19966.7,20152.9
1345582800,20152.9,20152.9,19852.6,19872.1
1345669200,19872.1,20161.2,19872.1,20139.6
1345755600,20139.6,20139.6,19818.9,19861.3
1346014800,19861.3,20011.4,19753.5,19843.9
1346101200,19843.9,19848.1,19730.7,19799.6
1346187600,19799.6,19851.2,19755.8,19761.5
1346274000,19761.5,19761.5,19481.5,19493.1
1346360400,19493.1,19538.7,19398.9,19447.6
1346619600,19447.6,19600.8,19332.6,19503.9
1346706000,19503.9,19538.4,19369.1,19404.7
1346792400,19404.7,19404.7,19078.2,19119
1346878800,19119,19248.1,19084.2,19216.5
1346965200,19216.5,19933.8,19216.5,19920.8
1347224400,19920.8,19998.6,19830.7,19861.5
1347310800,19861.5,19974,19715.6,19899.2
1347397200,19899.2,20186.1,19899.2,20073.2
1347483600,20073.2,20219.8,20073.2,20084.8
1347570000,20084.8,20717.9,20084.8,20679.5
1347829200,20679.5,20779.5,20663.1,20739.6
1347915600,20739.6,20777.4,20632.5,20659
1348002000,20659,20958.2,20659,20899.8
1348088400,20899.8,20899.8,20610.5,20634.5
1348174800,20634.5,20868.1,20634.5,20724.6
1348434000,20724.6,20822.2,20518.8,20727.6
1348520400,20727.6,20808.4,20690.5,20757
1348606800,20757,20757,20522.3,20550.2
1348693200,20550.2,20898.9,20452.6,20812.3
1348779600,20812.3,20906.4,20703.8,20876.6
1349038800,20876.6,20876.6,20876.3,20876.3
1349125200,20876.3,20876.3,20876.3,20876.3
1349211600,20876.3,21028.5,20780.6,20906.8
1349298000,20906.8,20944.6,20824.7,20893.6
1349384400,20893.6,21043.05,20893.6,21001.55
1349643600,21001.55,21001.55,20781.55,20801.05
1349730000,20801.05,21108.75,20801.05,20955.55
1349816400,20955.55,20955.55,20720.45,20931.35
1349902800,20931.35,21005.8,20751.35,20990.8
1349989200,20990.8,21233,20964.3,21116.7
1350248400,21116.7,21168.9,21049.5,21130.4
1350334800,21130.4,21298.5,21099.9,21207.8
1350421200,21207.8,21435.3,21207.75,21398.2
1350507600,21398.2,21599.25,21398.2,21541.15
1350594000,21541.15,21571.05,21497.65,21561.05
1350853200,21561,21692.1,21389.3,21679.1
1350939600,21679.1,21679.1,21679.1,21679.1
1351026000,21679.1,21832.9,21548,21762.9
1351112400,21762.9,21856.4,21744.9,21846.7
1351198800,21846.7,21847.3,21519.6,21525.6
1351458000,21525.6,21589.65,21427.85,21536.15
1351544400,21536.15,21644.25,21329.25,21441.75
1351630800,21441.75,21682.3,21441.75,21661.3
1351717200,21661.3,21858.35,21475.3,21855.85
1351803600,21855.85,22162.4,21855.8,22108.9
1352066400,22108.9,22168.05,22011.55,22050.05
1352152800,22050.05,22050.05,21858.15,21956.15
1352239200,21956.15,22145.2,21816.2,22115.7
1352325600,22115.7,22115.7,21525.3,21539.8
1352412000,21539.8,21539.8,21295.8,21311.8
1352671200,21311.8,21457,21311.8,21399.5
1352757600,21399.5,21399.5,21142.6,21175.6
1352844000,21175.6,21439.55,21175.6,21425.05
1352930400,21425.05,21425.05,21089.7,21172.7
1353016800,21172.7,21219.2,21070.7,21124.2
1353276000,21124.2,21318.9,21124.2,21250.4
1353362400,21250.4,21475.5,21210,21264.5
1353448800,21264.5,21562,21217.5,21538
1353535200,21538,21805.1,21538,21747.1
1353621600,21747.1,21964.1,21746.6,21926.1
1353880800,21926.1,22044.8,21838.8,21872.3
1353967200,21872.3,22032.4,21809.9,21817.4
1354053600,21817.4,21817.4,21594.2,21689.2
1354140000,21689.2,22014,21689.2,21940.7
1354226400,21940.7,22114.8,21906.9,22003
1354485600,22003,22186.2,21684,21716.4
1354572000,21716.4,21830.1,21660.6,21724.8
1354658400,21724.8,22324.1,21724.8,22306.6
1354744800,22306.6,22359.7,22201.1,22223.1
1354831200,22223.1,22396.1,22212.5,22250.4
1355090400,22250.4,22401.7,22212.6,22240.1
1355176800,22240.1,22411.2,22225.8,22281
1355263200,22281,22519.2,22281,22509.2
1355349600,22509.2,22572.8,22393.1,22431.1
1355436000,22431.1,22665.8,22383.8,22616.9
1355695200,22616.9,22616.9,22424.1,22473.2
1355781600,22473.2,22614.3,22455.5,22512.1
1355868000,22512.1,22698.2,22512.1,22614.4
1355954400,22614.4,22660.3,22475.3,22638.3
1356040800,22638.3,22638.3,22409,22453.3
1356300000,22453.3,22579.9,22448.7,22537.6
1356472800,22537.6,22537.6,22537.6,22537.6
1356559200,22537.6,22776.9,22537.6,22664.8
1356645600,22664.8,22738.9,22646.3,22655.3
1356904800,22655.3,22712.8,22487.5,22668.4
1357077600,22668.4,23296.7,22668.4,23217.8
1357164000,23217.8,23423.5,23217.8,23421.5
1357250400,23421.5,23421.5,23176.5,23272.6
1357509600,23272.6,23361.2,23231.9,23294.5
1357596000,23294.5,23301.2,23081.1,23125.1
1357682400,23125.1,23242.7,23125.1,23198.5
1357768800,23198.5,23494.5,23137.7,23327.3
1357855200,23327.3,23467.9,23220.8,23276.8
1358114400,23276.8,23450.9,23276.8,23376.1
1358200800,23376.1,23542.2,23294,23362.1
1358287200,23362.1,23383.8,23172.6,23355.6
1358373600,23355.6,23511.2,23195,23324.1
1358460000,23324.1,23598.1,23324.1,23553.9
1358719200,23553.9,23633.5,23478,23581.3
1358805600,23581.3,23686.5,23491,23657.2
1358892000,23657.2,23710.4,23516.1,23620.7
1358978400,23620.7,23692.9,23507.9,23598.2
1359064800,23598.2,23689.4,23508,23592.7
1359324000,23592.7,23758.5,23592.7,23668.8
1359410400,23668.8,23720.2,23595.1,23681.3
1359496800,23681.3,23950.2,23681.3,23779.2
1359583200,23779.2,23786.8,23678,23743.2
1359669600,23743.2,23756.3,23543.6,23735.7
1359928800,23735.7,23960.6,23600.7,23634.2
1360015200,23634.2,23634.2,23060.2,23066.2
1360101600,23066.2,23361.2,23066.2,23227
1360188000,23227,23285.6,23141.3,23179.5
1360274400,23179.5,23280.7,23098.2,23206.4
1360792800,23206.4,23467.2,23206.4,23419
1360879200,23419,23439.4,23250.8,23419
1361138400,23419,23470.6,23292.2,23324.9
1361224800,23324.9,23439,23119.9,23154.4
1361311200,23154.4,23296.5,23127.3,23219.8
1361397600,23219.8,23219.8,22795.3,22860.4
1361484000,22860.4,22860.4,22632.6,22748.3
1361743200,22748.3,22838.1,22746.1,22832.1
1361829600,22832.1,22832.1,22480.1,22529.2
1361916000,22529.2,22620.8,22403.2,22503.3
1362002400,22503.3,23038.8,22503.3,23017.8
1362088800,23017.8,23017.8,22848.1,22901.7
1362348000,22901.7,22915,22402,22511
1362434400,22511,22624.7,22454.6,22467.1
1362520800,22467.1,22761.8,22467.1,22678
1362607200,22678,22791.6,22566.4,22709.2
1362693600,22709.2,23219.1,22709.2,23122.3
1362949200,23122.3,23240.6,23034.6,23080.1
1363035600,23080.1,23261.7,22818.5,22827.5
1363122000,22827.5,22899.6,22425.3,22446.8
1363208400,22446.8,22620.1,22245.1,22532.5
1363294800,22532.5,22737.6,22309,22356
1363554000,22356,22356,21936.8,22062.8
1363640400,22062.8,22179.8,21949.4,21973.9
1363726800,21973.9,22339.8,21939.4,22253.2
1363813200,22253.2,22400.3,22170.7,22271.9
1363899600,22271.9,22271.9,22050.1,22161.5
1364158800,22161.5,22399.9,22161.5,22264.5
1364245200,22264.5,22384,22087.4,22283
1364331600,22283,22556.9,22283,22468.9
1364418000,22468.9,22468.9,22126.9,22309.4
1364850000,22309.4,22472.2,22113.2,22392.7
1364936400,22392.7,22515.1,22282.1,22344.1
1365109200,22344.1,22344.1,21644,21679.5
1365368400,21679.5,21763.9,21621.4,21637.9
1365454800,21637.9,21956.9,21637.9,21824.8
1365541200,21824.8,22017.3,21824.8,21969.8
1365627600,21969.8,22249.3,21969.8,22128.3
1365714000,22128.3,22217.2,22042.7,22114.2
1365973200,22114.2,22114.2,21691.1,21769.1
1366059600,21769.1,21824,21456,21676.5
1366146000,21676.5,21780,21506,21520
1366232400,21520,21613.5,21309,21529
1366318800,21529,22036.9,21461.9,22006.9
1366578000,22006.9,22151.8,21942.3,22039.8
1366664400,22039.8,22104.3,21720.8,21820.3
1366750800,21820.3,22203.7,21820.3,22152.2
1366837200,22152.2,22507.7,22143.7,22428.7
1366923600,22428.7,22713.1,22428.7,22564.7
1367182800,22564.7,22648.4,22486.6,22603.8
1367269200,22603.8,22875.6,22603.8,22716.4
1367442000,22716.4,22716.4,22508.2,22674.5
1367528400,22674.5,22885.4,22642.7,22660.1
1367787600,22660.1,22981.6,22660.1,22844.1
1367874000,22844.1,23022.3,22815.5,23001.8
1367960400,23001.8,23237.2,23001.8,23115.2
1368046800,23115.2,23293.3,23104.2,23160.4
1368133200,23160.4,23291,23107.8,23251.3
1368392400,23251.3,23251.3,22889,22929.1
1368478800,22929.1,23140.1,22839,22910.6
1368565200,22910.6,23125.6,22910.6,22975.3
1368651600,22975.3,23125.4,22872.1,22999
1368997200,22999,23472.2,22999,23402.9
1369083600,23402.9,23402.9,23284.7,23318.3
1369170000,23318.3,23399.8,23136.3,23250.2
1369256400,23250.2,23250.2,22538.5,22539.5
1369342800,22539.5,22765.8,22431,22614.2
1369602000,22614.2,22726.7,22467,22658.1
1369688400,22658.1,22929.3,22601.1,22876.3
1369774800,22876.3,22876.3,22474.2,22514.6
1369861200,22514.6,22617,22247.8,22430.4
1369947600,22430.4,22569.4,22307.1,22423.7
1370206800,22423.7,22561.6,22183.6,22208
1370293200,22208,22328.2,22125.5,22222.1
1370379600,22222.1,22222.1,21864.7,22021.7
1370466000,22021.7,22021.7,21721.1,21748.8
1370552400,21748.8,21810.4,21468.9,21512.4
1370811600,21512.4,21685.4,21455.1,21536.1
1370898000,21536.1,21589,21249.2,21304.3
1371070800,21304.3,21304.3,20653.8,20928.1
1371157200,20928.1,21171.2,20928.1,20996.9
1371416400,20996.9,21364.2,20970.9,21223.4
1371502800,21223.4,21265.5,21018.8,21237.2
1371589200,21237.2,21276.2,20906.5,21000.7
1371675600,21000.7,21000.7,20327.1,20359.2
1371762000,20359.2,20392,19928.1,20251.6
1372021200,20251.6,20251.6,19732.6,19814.5
1372107600,19814.5,19995.9,19410.5,19843.3
1372194000,19843.3,20361.5,19843.3,20300.4
1372280400,20300.4,20746.9,20300.4,20476.2
1372366800,20476.2,20851.3,20476.2,20754.1
1372712400,20754.1,21046.6,20612.7,20646.2
1372798800,20646.2,20646.2,20110.5,20217.1
1372885200,20217.1,20560.8,20217.1,20427.9
1372971600,20427.9,20890.6,20427.9,20823.3
1373230800,20823.3,20823.3,20185.2,20530
1373317200,20530,20785.6,20530,20766.6
1373403600,20766.6,21075.6,20600.5,20884.1
1373490000,20884.1,21532.8,20884.1,21414.1
1373576400,21414.1,21547.4,21219.8,21232.3
1373835600,21232.3,21410.5,21188.6,21229.6
1373922000,21229.6,21387.7,21166.3,21292.6
1374008400,21292.6,21474.9,21240.3,21330
1374094800,21330,21470.4,21257.7,21356.5
1374181200,21356.5,21431.7,21151.1,21335.9
1374440400,21335.9,21535.5,21269.3,21412.7
1374526800,21412.7,21989.8,21412.7,21907.8
1374613200,21907.8,22001.2,21819.4,21974.7
1374699600,21974.7,21974.7,21832.3,21913.5
1374786000,21913.5,22042.2,21835.2,21965.9
1375045200,21965.9,21965.9,21747.9,21858.5
1375131600,21858.5,22054.2,21820.9,21986.3
1375218000,21986.3,22088.4,21824.9,21902.6
1375304400,21902.6,22180,21902.6,22055.4
1375390800,22055.4,22341.3,22055.4,22187.6
1375650000,22187.6,22306.2,22187.6,22234.1
1375736400,22234.1,22234.1,21791.8,21872
1375822800,21872,21872,21545.1,21569.6
1375909200,21569.6,21787.8,21569.6,21670.7
1375995600,21670.7,21812.6,21648.6,21735.8
1376254800,21735.8,22292.6,21688.7,22228.9
1376341200,22228.9,22569.9,22228.9,22563.8
1376514000,22563.8,22700.2,22473.1,22564.7
1376600400,22564.7,22662,22295.3,22517.1
1376859600,22517.1,22546.1,22367.8,22443.9
1376946000,22443.9,22473.8,21865,21872.5
1377032400,21872.5,22001.5,21579.2,21743.4
1377118800,21743.4,21959.1,21491.7,21906.5
1377205200,21906.5,22065.5,21724.1,21820.5
1377464400,21820.5,22120.9,21820.5,22017.5
1377550800,22017.5,22017.5,21733.7,21806.5
1377637200,21806.5,21806.5,21407.9,21496.4
1377723600,21496.4,21697.8,21496.4,21661
1377810000,21661,21749.8,21513.6,21676.9
1378069200,21676.9,22278.4,21676.9,22243.7
1378155600,22243.7,22499.3,22243.7,22409.5
1378242000,22409.5,22474.9,22155.3,22414.7
1378328400,22414.7,22795.1,22414.7,22711.5
1378414800,22711.5,22798.7,22641.5,22756.2
1378674000,22756.2,22983.8,22753.7,22818.2
1378760400,22818.2,23046.9,22818.2,23014.3
1378846800,23014.3,23202.5,22933.8,23033.9
1378933200,23033.9,23139.2,22991.5,23036.5
1379019600,23036.5,23045.7,22879.1,22989.4
1379278800,22989.4,23379.9,22989.4,23360.7
1379365200,23360.7,23360.7,23188.5,23227
1379451600,23227,23326.8,23132.9,23234.5
1379538000,23234.5,23651.7,23234.5,23585.5
1379883600,23585.5,23585.5,23306.7,23375.1
1379970000,23375.1,23375.1,23103,23206
1380056400,23206,23303.1,23172.9,23183.9
1380142800,23183.9,23262,23061.8,23156.2
1380229200,23156.2,23384.4,23153.3,23270.2
1380488400,23270.2,23270.2,22856.3,22883.7
1380661200,22883.7,23160.8,22883.7,23003.6
1380747600,23003.6,23269.7,23003.6,23201.6
1380834000,23201.6,23201.6,22987.5,23122.5
1381093200,23122.5,23170.4,22878.7,22933.6
1381179600,22933.6,23236.2,22875.1,23178.6
1381266000,23178.6,23178.6,22961.1,23038.4
1381352400,23038.4,23113.6,22700.3,22959.3
1381438800,22959.3,23395.1,22959.3,23239.4
1381784400,23239.4,23482.2,23239.4,23343.5
1381870800,23343.5,23372.1,23091.9,23224.4
1381957200,23224.4,23387.5,22949.7,22956.7
1382043600,22956.7,23344.8,22956.7,23307.2
1382302800,23307.2,23532.6,23307.2,23399.4
1382389200,23399.4,23399.4,23256.4,23314.3
1382475600,23314.3,23532.4,22953.1,22999.6
1382562000,22999.6,22999.6,22741.6,22800
1382648400,22800,22822.6,22614,22653.4
1382907600,22653.4,22848.7,22653.4,22780.7
1382994000,22780.7,22996.2,22726.2,22864.6
1383080400,22864.6,23317.6,22864.6,23289.1
1383166800,23289.1,23289.1,23108.3,23252.3
1383253200,23252.3,23349.5,23157,23272.5
1383516000,23272.5,23385,23154.5,23179.1
1383602400,23179.1,23333.2,22914.3,23005.3
1383688800,23005.3,23117.4,22912.9,23021
1383775200,23021,23097.6,22797.7,22818.2
1383861600,22818.2,22818.2,22649.9,22730.4
1384120800,22730.4,23145.4,22671.4,23024.4
1384207200,23024.4,23104,22826.1,22863.6
1384293600,22863.6,22863.6,22423.8,22495.8
1384380000,22495.8,22649.9,22483,22551.5
1384466400,22551.5,23038.1,22551.5,22991.6
1384725600,22991.6,23734.1,22991.6,23674.1
1384812000,23674.1,23903.7,23655.8,23741.8
1384898400,23741.8,23876.9,23714,23756
1384984800,23756,23756,23521.7,23594.7
1385071200,23594.7,23792.3,23594.7,23733.9
1385330400,23733.9,23808.9,23701.4,23745.9
1385416800,23745.9,23778,23672.6,23736.2
1385503200,23736.2,23886.8,23648.4,23836.4
1385589600,23836.4,24037.3,23715.9,23817.3
1385676000,23817.3,23913.3,23803.5,23894
1385935200,23894,24140.6,23848.4,24004.4
1386021600,24004.4,24004.4,23798.7,23894.9
1386108000,23894.9,23894.9,23511.8,23702.4
1386194400,23702.4,23706.7,23530.2,23675.3
1386280800,23675.3,23838.4,23590.4,23741
1386540000,23741,23994.1,23741,23749
1386626400,23749,23829.1,23711.7,23749.4
1386712800,23749.4,23749.4,23249,23340.5
1386799200,23340.5,23340.5,23139.7,23180.9
1386885600,23180.9,23312.5,22980.6,23226.7
1387144800,23226.7,23226.7,22973.1,23085.2
1387231200,23085.2,23244.7,23000,23042
1387317600,23042,23231.1,22977.6,23147.3
1387404000,23147.3,23403.8,22712.2,22840.2
1387490400,22840.2,22918.8,22686,22829
1387749600,22829,22989.7,22829,22915.9
1387836000,22915.9,23223,22915.9,23205.5
1388095200,23205.5,23292.9,23027.9,23267
1388354400,23267,23400.2,23158.5,23229
1388440800,23229,23385.9,23229,23284
1388613600,23284,23492.1,23145.9,23313.9
1388700000,23313.9,23313.9,22735.5,22772
1388959200,22772,22772,22535.9,22650.7
1389045600,22650.7,22766.9,22581.5,22741.8
1389132000,22741.8,23039,22704.1,22916.8
1389218400,22916.8,23011.6,22672.9,22779.6
1389304800,22779.6,22978.6,22669.4,22966.6
1389564000,22966.6,23149.6,22719.4,22817.6
1389650400,22817.6,22870.9,22580,22755.3
1389736800,22755.3,23016.5,22755.3,22965.9
1389823200,22965.9,23096.1,22900.3,22949
1389909600,22949,23282.8,22830.9,23128.6
1390168800,23128.6,23128.6,22852.4,22888.7
1390255200,22888.7,23162.5,22888.7,23064.8
1390341600,23064.8,23132.6,22907.1,23038.9
1390428000,23038.9,23141.7,22589.2,22604.2
1390514400,22604.2,22625,22111.9,22185.9
1390773600,22185.9,22185.9,21853.5,21994.8
1390860000,21994.8,22060.7,21879.2,21979.5
1390946400,21979.5,22206.4,21677.9,21729.95
1391032800,21729.95,21998.85,21717.25,21991.85
1391464800,21991.85,21991.85,21352.45,21511.35
1391551200,21511.35,21552.75,21146.35,21201.85
1391637600,21201.85,21493.05,21201.85,21492.55
1391724000,21492.55,21702.25,21379.35,21679.65
1391983200,21679.65,21679.65,21473.95,21522.85
1392069600,21522.85,22003.25,21516.25,21978.15
1392156000,21978.15,22377.35,21978.15,22376.85
1392242400,22376.85,22376.85,22072.4,22126.8
1392328800,22126.8,22415.25,22126.8,22397.5
1392588000,22397.5,22589.4,22397.5,22535.2
1392674400,22535.2,22608,22438.5,22564.8
1392760800,22564.8,22724,22508.1,22594.3
1392847200,22594.3,22750.2,22254.1,22372.4
1392933600,22372.4,22664.7,22372.4,22624
1393192800,22624,22641.4,22246.8,22428.2
1393279200,22428.2,22556.5,22237.4,22293.2
1393365600,22293.2,22515.5,22264,22328.9
1393452000,22328.9,22870.4,22328.9,22744.9
1393538400,22744.9,22994.6,22703.1,22910.8
1393797600,22910.8,22910.8,22352.6,22427.5
1393884000,22427.5,22819.4,22427.5,22787.3
1393970400,22787.3,22860,22477.8,22505.6
1394056800,22505.6,22763.4,22505.6,22721
1394143200,22721,22812.8,22511.6,22543.1
1394398800,22543.1,22543.1,22085.8,22101.8
1394485200,22101.8,22312.2,22101.8,22283.1
1394571600,22283.1,22283.1,21766.5,21827
1394658000,21827,22056.3,21707.8,21710.3
1394744400,21710.3,21710.3,21444.2,21468.6
1395003600,21468.6,21579,21412.8,21527.3
1395090000,21527.3,21677.5,21446.9,21641.5
1395176400,21641.5,21641.5,21468.9,21529.9
1395262800,21529.9,21529.9,21066.3,21170.7
1395349200,21170.7,21671.6,21157.8,21664.1
1395608400,21664.1,21867.9,21565.8,21708.3
1395694800,21708.3,21911.9,21707.9,21824.3
1395781200,21824.3,22013.1,21824.3,21972.8
1395867600,21972.8,21972.8,21719.7,21891.6
1395954000,21891.6,22216.8,21858.3,22200.8
1396213200,22200.8,22224.1,22027.6,22215.1
1396299600,22215.1,22510.7,22161.8,22456.2
1396386000,22456.2,22583.5,22413.3,22524.6
1396472400,22524.6,22762.5,22454.5,22466.5
1396558800,22466.5,22769.1,22466.5,22720.1
1396818000,22720.1,22720.1,22316.8,22386.1
1396904400,22386.1,22709.7,22349.4,22708.7
1396990800,22708.7,22974.6,22673.5,22809.2
1397077200,22809.2,23427.4,22751.9,23355.4
1397163600,23355.4,23355.4,22893.1,23000.6
1397422800,23000.6,23137.4,22895.6,23129.8
1397509200,23129.8,23129.8,22580.6,22584.6
1397595600,22584.6,22893.3,22584.6,22736.5
1397682000,22736.5,22841.8,22634.6,22799.4
1398114000,22799.4,22830.8,22617.8,22768.5
1398200400,22768.5,22824.2,22394.8,22433.8
1398286800,22433.8,22588.4,22409.3,22474.3
1398373200,22474.3,22571,22063.6,22063.6
1398632400,22063.6,22215.7,22063.6,22124.4
1398718800,22124.4,22551.6,22071.2,22497.5
1398805200,22497.5,22522.2,22021,22089.6
1398978000,22089.6,22288.9,22039.55,22221.6
1399237200,22221.6,22347.3,21853.7,21940.7
1399410000,21940.7,21940.7,21643.7,21740.3
1399496400,21740.3,21922,21703.5,21791.7
1399582800,21791.7,21894.1,21645.1,21818.4
1399842000,21818.4,22402.4,21731.3,22312.1
1399928400,22312.1,22370.2,22219.2,22344.6
1400014800,22344.6,22657.9,22312.6,22596.2
1400101200,22596.2,22782.6,22530.9,22546.7
1400187600,22546.7,22740.3,22494.2,22725.2
1400446800,22725.2,22743.1,22461.7,22697.8
1400533200,22697.8,22875.4,22665,22774.7
1400619600,22774.7,22936.3,22637.1,22935.3
1400706000,22935.3,23077.3,22876.9,22971
1400792400,22971,23024.6,22905.1,23007.7
1401051600,23007.7,23166.9,22892.3,22972.9
1401138000,22972.9,23020.5,22911.9,22986.1
1401224400,22986.1,23242.1,22966.9,23037.2
1401310800,23037.2,23223.6,22972.2,23078.7
1401397200,23078.7,23210.5,22995.3,23162
1401742800,23162,23351.7,23119.1,23233.1
1401829200,23233.1,23259.2,23089.3,23129.1
1401915600,23129.1,23223.2,23028.5,23172.5
1402002000,23172.5,23259,22902.5,23004.3
1402261200,23004.3,23203.1,23004.3,23193.3
1402347600,23193.3,23364.8,23036,23275.8
1402434000,23275.8,23275.8,23120.1,23153.9
1402520400,23153.9,23276,23070.5,23184.7
1402606800,23184.7,23454.7,23072.8,23352.4
1402866000,23352.4,23365.2,23229.6,23267.5
1402952400,23267.5,23273,23121.6,23208.5
1403038800,23208.5,23330,23156.8,23199.1
1403125200,23199.1,23394,23164.7,23274.9
1403211600,23274.9,23355.6,23173.8,23182.4
1403470800,23182.4,23486.3,22771,22830.9
1403557200,22830.9,22961.1,22830.9,22951.2
1403643600,22951.2,22967.7,22828.3,22915
1403730000,22915,23259.8,22915,23180.8
1403816400,23180.8,23322.9,23137.8,23233.6
1404075600,23233.6,23366,22915.6,23201.7
1404248400,23201.7,23711.55,23201.7,23686.5
1404334800,23686.5,23723.9,23597.9,23717.4
1404421200,23717.4,23735.7,23600.4,23657.9
1404680400,23657.9,23682.8,23519,23610
1404766800,23610,23661,23504.9,23531.5
1404853200,23531.5,23531.5,23189.8,23288.5
1404939600,23288.5,23359.6,23027.2,23123.8
1405026000,23123.8,23411.7,23123.8,23283.6
1405285200,23283.6,23548.2,23283.6,23506.1
1405371600,23506.1,23550,23426.2,23455.7
1405458000,23455.7,23676.7,23455.7,23631.9
1405544400,23631.9,23637.6,23452.8,23522.9
1405630800,23522.9,23529.6,23253.8,23516.7
1405890000,23516.7,23522.6,23333.8,23346.8
1405976400,23346.8,23913.3,23346.8,23901
1406062800,23901,24081.4,23831.8,24056.1
1406149200,24056.1,24237.4,24010.4,24218.9
1406235600,24218.9,24270.2,24096.1,24221.1
1406494800,24221.1,24509.1,24195.3,24433.1
1406581200,24433.1,24790.4,24414.8,24776.8
1406667600,24776.8,24926.4,24671,24764.4
1406754000,24764.4,24913.1,24629.9,24634.4
1406840400,24634.4,24755,24435.6,24569
1407099600,24569,24698.8,24523.9,24607.1
1407186000,24607.1,24708.2,24460.1,24555.3
1407272400,24555.3,24569.4,24372.4,24463.8
1407358800,24463.8,24495.3,24341.9,24356.9
1407445200,24356.9,24502.3,24152.6,24446.7
1407704400,24446.7,24725.1,24446.7,24715
1407790800,24715,24715,24503.2,24645.2
1407877200,24645.2,25020.7,24579.8,25004.6
1407963600,25004.6,25004.6,24689,24866.2
1408050000,24866.2,24990.5,24840.6,24851.9
1408309200,24851.9,24952.9,24710.4,24949.9
1408395600,24949.9,25194.1,24869.5,25141.2
1408482000,25141.2,25198.8,25063,25178.4
1408568400,25178.4,25178.4,24915.6,25033.5
1408654800,25033.5,25163.7,25016.1,25016.1
1408914000,25016.1,25264.2,24926.9,25204.1
1409000400,25204.1,25204.1,25066.6,25124.8
1409086800,25124.8,25182.7,24844.1,24948.3
1409173200,24948.3,25037.8,24590.4,24623.1
1409259600,24623.1,24805.4,24623.1,24661.1
1409518800,24661.1,24897.3,24642.3,24741.1
1409605200,24741.1,24813.7,24568.5,24713
1409691600,24713,25401.7,24674.3,25356
1409778000,25356,25390.5,25203.8,25364.9
1409864400,25364.9,25364.9,25141.2,25209.1
1410123600,25209.1,25273.3,25029.9,25171.3
1410296400,25171.3,25171.3,24627.5,24630
1410382800,24630,24769.4,24581.9,24635.5
1410469200,24635.5,24709.9,24464.6,24548.3
1410728400,24548.3,24548.3,24303.3,24392.1
1410814800,24392.1,24447.2,24159.8,24253.4
1410901200,24253.4,24502.9,24253.4,24392.5
1410987600,24392.5,24392.5,24089.3,24249.3
1411074000,24249.3,24433,24138.5,24193.8
1411333200,24193.8,24193.8,23888.6,23889.6
1411419600,23889.6,24015.2,23720.7,23815.1
1411506000,23815.1,23998.7,23783.8,23882.1
1411592400,23882.1,24050.5,23565,23569.5
1411678800,23569.5,23718.5,23561.4,23673.9
1411938000,23673.9,23673.9,22987.4,23043.5
1412024400,23043.5,23174.7,22831.4,22876.3
1412283600,22876.3,23126.4,22538.4,22884.3
1412542800,22884.3,23419.2,22884.3,23274.7
1412629200,23274.7,23485.3,23164.6,23284.7
1412715600,23284.7,23362.5,23131.5,23149.5
1412802000,23149.5,23548.9,23149.5,23324.1
1412888400,23324.1,23324.1,22772.7,22817.7
1413147600,22817.7,23289.6,22817.7,23203
1413234000,23203,23420.6,22842.4,23013.8
1413320400,23013.8,23241,22790.7,22864.7
1413406800,22864.7,23034.8,22558.1,22793.2
1413493200,22793.2,23190.4,22793.2,23184.4
1413752400,23184.4,23299.5,22978.4,23051.3
1413838800,23051.3,23247.4,22911.2,23230.9
1413925200,23230.9,23469.3,23176.9,23339.9
1414011600,23339.9,23458.9,23255.7,23457.9
1414098000,23457.9,23457.9,23087.8,23395.9
1414357200,23395.9,23395.9,22983.8,23133.7
1414443600,23133.7,23623.2,23133.7,23607.6
1414530000,23607.6,23896.6,23607.6,23881.4
1414616400,23881.4,23881.4,23573.6,23657.1
1414702800,23657.1,24077,23657.1,24034.4
1414965600,24034.4,24036.2,23787.9,23798
1415052000,23798,24036.9,23754.2,23786.7
1415138400,23786.7,23891.6,23598.4,23693.8
1415224800,23693.8,23803.2,23618.2,23667
1415311200,23667,23853.4,23392.8,23498.2
1415570400,23498.2,24201.7,23498.2,23781.4
1415656800,23781.4,23940.8,23731.3,23753.6
1415743200,23753.6,24017.9,23753.6,23851.8
1415829600,23851.8,24098.7,23815.7,24003.5
1415916000,24003.5,24271.3,23947.4,24261.3
1416175200,24261.3,24343.6,23729.4,23810.3
1416261600,23810.3,23872.2,23390.55,23470
1416348000,23470,23533.9,23291.2,23301.7
1416434400,23301.7,23433.1,23195.4,23275.9
1416520800,23275.9,23980.15,23256.8,23904.65
1416780000,23904.65,23979.5,23828.5,23911.65
1416866400,23911.65,23956.8,23829.1,23896.7
1416952800,23896.7,24218.5,23831,24199
1417039200,24199,24260.2,23972.55,24039.75
1417125600,24039.75,24144.9,23898.6,23945.8
1417384800,23945.8,23945.8,23183.9,23237
1417471200,23237,23790.5,23237,23701.25
1417557600,23701.25,23925.3,23340.3,23518.9
1417644000,23518.9,23980.1,23409.7,23816.3
1417730400,23816.3,24201.4,23816.3,24106.7
1417989600,24106.7,24210.5,23981.7,24000.9
1418076000,24000.9,24000.9,23259.8,23311.3
1418162400,23311.3,23661.5,23311.3,23322.8
1418248800,23322.8,23394.2,23118.6,23349.8
1418335200,23349.8,23417.1,23042.9,23060
1418594400,23060,23060,22803.9,22824.7
1418680800,22824.7,22898.4,22398.8,22548.3
1418767200,22548.3,22694,22490.6,22646.3
1418853600,22646.3,23032.25,22646.3,23002.25
1418940000,23002.25,23178.9,23002.25,23145.2
1419199200,23145.2,23492.3,23145.2,23431.6
1419285600,23431.6,23499.4,23283.7,23352.4
1419372000,23352.4,23456.1,23334.7,23384.2
1419804000,23384.2,23940,23384.2,23834
1419890400,23834,23902.2,23400,23433
1419976800,23433,23625.2,23433,23622.7
1420149600,23622.7,23830,23610.5,23670.8
1420408800,23670.8,24015.3,23509.5,23515
1420495200,23515,23565.2,23267.5,23381.3
1420581600,23381.3,23776.2,23286.6,23716.7
1420668000,23716.7,23980.2,23696.5,23971.7
1420754400,23971.7,24172,23831.3,23928
1421013600,23928,24111.8,23886.7,23949.5
1421100000,23949.5,24392,23901.3,24374
1421186400,24374,24374,23993.3,24056.8
1421272800,24056.8,24454.7,24056.8,24355.9
1421359200,24355.9,24355.9,23946.1,24060.2
1421618400,24060.2,24106.9,23598.2,23769.9
1421704800,23769.9,24084.4,23703.2,23973
1421791200,23973,24415.4,23953.8,24383.6
1421877600,24383.6,24719.2,24383.6,24680.8
1421964000,24680.8,24981.3,24680.8,24905.9
1422223200,24905.9,24944.6,24755.7,24943.1
1422309600,24943.1,25020.4,24612,24615
1422396000,24615,25007.6,24615,24743
1422482400,24743,24746.7,24516,24545.6
1422568800,24545.6,24755.7,24437.2,24450.7
1422828000,24450.7,24557.2,24337.6,24491.8
1422914400,24491.8,24678.7,24300.2,24673.2
1423000800,24673.2,25132.5,24610.7,25059.6
1423087200,25059.6,25146.8,24613.7,24828.8
1423173600,24828.8,24842,24559.8,24675.9
1423432800,24675.9,24675.9,24418.3,24475.6
1423519200,24475.6,24611.4,24388.3,24490.6
1423605600,24490.6,24565.3,24236.5,24279.7
1423692000,24279.7,24540.4,24226.9,24503.7
1423778400,24503.7,24771.5,24503.4,24750.6
1424037600,24750.6,24793.9,24701.1,24753.8
1424124000,24753.8,24887,24657,24799.8
1424210400,24799.8,24888.5,24799.8,24840.6
1424642400,24840.6,24969.2,24634.7,24728
1424728800,24728,24829,24692,24829
1424815200,24829,24905.7,24696.4,24773.1
1424901600,24773.1,25031.8,24722.2,24910.1
1424988000,24910.1,25102.2,24801.2,24878.3
1425247200,24878.3,25025.8,24641.5,24867.4
1425333600,24867.4,24917.3,24596.3,24629.7
1425420000,24629.7,24681.6,24255.8,24283.3
1425506400,24283.3,24381.3,24114.4,24199.5
1425592800,24199.5,24273.9,24021,24029.5
1425848400,24029.5,24204.3,23918.2,24104.5
1425934800,24104.5,24143.8,23688.7,23713.7
1426021200,23713.7,23900.7,23621,23693.5
1426107600,23693.5,23881.2,23658.3,23835.5
1426194000,23835.5,23912.8,23682.1,23696.1
1426453200,23696.1,24073.9,23688,24069.9
1426539600,24069.9,24069.9,23773.1,23888.5
1426626000,23888.5,24241.3,23888.5,24126.5
1426712400,24126.5,24543.2,24126.5,24449.6
1426798800,24449.6,24551.9,24382.2,24543.4
1427058000,24543.4,24580.2,24431.3,24464.1
1427144400,24464.1,24498.9,24309.7,24479.9
1427230800,24479.9,24655.2,24417.7,24507.7
1427317200,24507.7,24626.4,24399.4,24475.9
1427403600,24475.9,24701,24446.1,24653.6
1427662800,24653.6,25025.2,24653.6,25009.7
1427749200,25009.7,25034.4,24881.9,24974.8
1427835600,24974.8,25216.3,24847.2,25193.3
1427922000,25193.3,25382.8,25135.6,25346.8
1428354000,25346.8,25346.8,25346.8,25346.8
1428440400,25346.8,26951.6,25346.8,26786.3
1428526800,26786.3,28087,26705.7,27569.6
1428613200,27569.6,27569.6,26863.8,27403.9
1428872400,27403.9,28187.9,27182.1,28000.2
1428958800,28000.2,28000.2,27456.9,27571
1429045200,27571,27847.2,27443.5,27604.2
1429131600,27604.2,27831.1,27462,27708.8
1429218000,27708.8,27984,26926.7,26969.2
1429477200,26969.2,27787.1,26969.2,27309.2
1429563600,27309.2,28030.6,27309.2,27975.2
1429650000,27975.2,28087,27702.8,27990.9
1429736400,27990.9,28209.7,27748,27844.1
1429822800,27844.1,28181.1,27580,28140.8
1430082000,28140.8,28622.2,28090.9,28476
1430168400,28476,28514.5,28215.5,28457.3
1430254800,28457.3,28457.3,28170.2,28298.4
1430341200,28298.4,28320.5,27965.5,28117.5
1430686800,28117.5,28382.2,27989.8,28263.9
1430773200,28263.9,28323.5,27532.9,27691.1
1430859600,27691.1,28057.9,27539.3,27566.3
1430946000,27566.3,27598.8,27027.9,27304.9
1431032400,27304.9,27760.7,27304.9,27753.7
1431291600,27753.7,27829.9,27517.6,27668.1
1431378000,27668.1,27668.1,27178.9,27273.6
1431464400,27273.6,27491.2,27077.6,27214.4
1431550800,27214.4,27362.5,27122.1,27337.9
1431637200,27337.9,27939.5,27268.8,27831.5
1431896400,27831.5,27831.5,27356.7,27523.8
1431982800,27523.8,27706.1,27434.3,27649.7
1432069200,27649.7,27725.2,27417.9,27509
1432155600,27509,27648.6,27361.9,27643.8
1432242000,27643.8,28297.2,27643.8,28206.8
1432587600,28206.8,28560.7,28206.8,28293.85
1432674000,28293.85,28386.45,27998.4,28092.05
1432760400,28092.05,28162,27122.3,27319
1432846800,27319,27518.7,27150.6,27277.75
1433106000,27277.75,27735.8,27174.35,27354.3
1433192400,27354.3,27549.2,27257.45,27405.05
1433278800,27405.05,27686.95,27353.1,27651.1
1433365200,27651.1,27826.8,26813.8,27504.65
1433451600,27504.65,27596.45,27053.1,27144
1433710800,27144,27347.7,26948.3,27210
1433797200,27210,27234.45,26768.8,26850.8
1433883600,26850.8,27001.7,26407.6,26682.1
1433970000,26682.1,27031.9,26682.1,26924.3
1434056400,26924.3,27290.9,26861.1,27152.8
1434315600,27152.8,27152.8,26525.7,26564.9
1434402000,26564.9,26730.7,26248.5,26428.6
1434488400,26428.6,26762.7,26376.2,26531.1
1434574800,26531.1,26769.2,26411.8,26709.2
1434661200,26709.2,26854.6,26538.2,26715.9
1434920400,26715.9,27039.4,26659.6,27025.7
1435006800,27025.7,27371.5,26936.4,27316.2
1435093200,27316.2,27405.2,27163.2,27338.2
1435179600,27338.2,27338.2,27082.1,27094.6
1435266000,27094.6,27094.6,26425.5,26631.3
1435525200,26631.3,26665.8,25568.2,25901.2
1435611600,25901.2,26494.7,25878.1,26121.1
1435698000,26121.1,26121.1,26121.1,26121.1
1435784400,26121.1,26439,26118.5,26315
1435870800,26315,26416.5,25899.4,25994.4
1436130000,25994.4,26357.8,24729.1,25399.1
1436216400,25399.1,25464.1,24192,24242
1436302800,24242,24494.5,22716.9,23567.4
1436389200,23567.4,24683.95,23261.4,24434.9
1436475600,24434.9,25011.4,24423.9,24874.3
1436734800,24874.3,25240.65,24524.7,25174.15
1436821200,25174.15,25174.15,24842.6,25094.1
1436907600,25094.1,25180.1,24814,25004.5
1436994000,25004.5,25184.4,24802.5,25174.9
1437080400,25174.9,25484.85,25130.9,25392.35
1437339600,25392.35,25531.75,25261.7,25382.2
1437426000,25382.2,25618.1,25286.6,25430.1
1437512400,25430.1,25430.1,25144.6,25191.5
1437598800,25191.5,25506.5,25191.5,25275.5
1437685200,25275.5,25275.5,24943.4,24975.4
1437944400,24975.4,24975.4,24017.7,24322.3
1438030800,24322.3,24997.5,24176.8,24555.1
1438117200,24555.1,24761.3,24454.4,24755.7
1438203600,24755.7,24881.8,24416.9,24491.4
1438290000,24491.4,24735.3,24459.3,24712.3
1438549200,24712.3,24712.3,24165.9,24283.1
1438635600,24283.1,24519,24186.2,24382.6
1438722000,24382.6,24655.9,24334.3,24626.2
1438808400,24626.2,24626.2,24209.3,24219.8
1438894800,24219.8,24624,24172.6,24395.4
1439154000,24395.4,24625.5,24015.2,24624.5
1439240400,24624.5,24854,24204.4,24237.8
1439326800,24237.8,24292.6,23642.9,23661.4
1439413200,23661.4,24148.1,23661.4,24032.1
1439499600,24032.1,24142.5,23924.7,24006.9
1439758800,24006.9,24016.3,23681.9,23811.6
1439845200,23811.6,24008,23407.6,23491.7
1439931600,23491.7,23540.5,22822.6,22835.6
1440018000,22835.6,22989,22436.3,22457.3
1440104400,22457.3,22515.2,22021.5,22055
1440363600,22055,22055,20094.4,20687.9
1440450000,20687.9,22440.1,20687.9,21994.7
1440536400,21994.7,21994.7,20941.35,20965.3
1440622800,20965.3,22106.9,20965.3,22052.65
1440709200,22052.65,22216.75,21466,21683.55
1440968400,21683.55,21692.7,21304.7,21611.4
1441054800,21611.4,21611.4,20708.9,20815.6
1441141200,20815.6,21258.1,20624.5,20716.7
1441314000,20716.7,21061.7,20445.4,20472.5
1441573200,20472.5,21041.5,20410,20536.7
1441659600,20536.7,21579.8,20420.6,21573.8
1441746000,21573.8,22228.1,21423.3,21905
1441832400,21905,21905,21380.4,21550.5
1441918800,21550.5,21889,21294.05,21506.3
1442178000,21506.3,21724.8,21345.8,21391.7
1442264400,21391.7,21621,21327.7,21587.9
1442350800,21587.9,22228.8,21579.9,22226.8
1442437200,22226.8,22226.8,21641.3,21831.5
1442523600,21831.5,22129.1,21639.8,21792.3
1442782800,21792.3,21886,21478.6,21825.9
1442869200,21825.9,22145.6,21354.5,21401.9
1442955600,21401.9,21580,20961.6,21280.7
1443042000,21280.7,21392.2,20801.6,20846.9
1443128400,20846.9,21378.7,20846.9,21221
1443474000,21221,21221,20340,20693.3
1443560400,20693.3,21087,20693.3,21036.5
1443733200,21036.5,21735.05,21036.5,21566.25
1443992400,21566.25,22195.8,21566.25,22192.2
1444078800,22192.2,22225.4,21768.8,21959.5
1444165200,21959.5,22730.9,21839.1,22467.7
1444251600,22467.7,22681.4,22232,22551.65
1444338000,22551.65,22865.85,22403,22639.1
1444597200,22639.1,22825,22514.5,22671.1
1444683600,22671.1,22831.9,22484.1,22592.5
1444770000,22592.5,22650.1,22375.9,22560.6
1444856400,22560.6,23046.7,22560.6,22960.7
1444942800,22960.7,23213.8,22960.7,23204.8
1445202000,23204.8,23204.8,22915.4,23020.1
1445288400,23020.1,23064.5,22841.4,22999.6
1445461200,22999.6,23195.2,22740.8,23168
1445547600,23168,23559.2,23115.2,23470.3
1445806800,23470.3,23470.3,23027.1,23103.5
1445893200,23103.5,23167.8,22909.7,23077.6
1445979600,23077.6,23139.9,22932.7,23084.1
1446066000,23084.1,23084.1,22649,22737
1446152400,22737,22857.3,22618.5,22631
1446415200,22631,22631,22302.7,22523.7
1446501600,22523.7,22687,22508.8,22663.8
1446588000,22663.8,23357.4,22663.8,23138.1
1446674400,23138.1,23172.35,22910,22926.5
1446760800,22926.5,22926.5,22560.4,22650
1447020000,22650,22957.5,22489.1,22494.6
1447106400,22494.6,22494.6,22208.1,22211.6
1447192800,22211.6,22496.3,22211.6,22339.2
1447279200,22339.2,22993.1,22326,22653.9
1447365600,22653.9,22653.9,21972.3,22045.8
1447624800,22045.8,22152.1,21823.2,22061
1447711200,22061,22490.9,22061,22381.7
1447797600,22381.7,22381.7,22106.3,22247.2
1447884000,22247.2,22600.9,22247.2,22514.8
1447970400,22514.8,22882.4,22427.1,22827.9
1448229600,22827.9,22827.9,22618.3,22720.1
1448316000,22720.1,22720.1,22308.8,22432.7
1448402400,22432.7,22633.2,22430,22558.4
1448488800,22558.4,22925.4,22435.3,22606.9
1448575200,22606.9,22606.9,21911.7,22038.2
1448834400,22038.2,22152.3,21843.4,22094
1448920800,22094,22474.6,22086.7,22434.3
1449007200,22434.3,22562.5,22350,22439.2
1449093600,22439.2,22507.1,22210.3,22229.3
1449180000,22229.3,22274.8,22035.65,22255.3
1449439200,22255.3,22374.8,22108.2,22108.2
1449525600,22108.2,22108.2,21543.4,21663.9
1449612000,21663.9,21885.7,21632.2,21869.7
1449698400,21869.7,21869.7,21564.2,21682.7
1449784800,21682.7,21732.9,21068.9,21160.9
1450044000,21160.9,21366,20978,21113.7
1450130400,21113.7,21557.5,21113.7,21530
1450216800,21530,21837.8,21482.2,21733.9
1450303200,21733.9,22003,21728.6,21825.8
1450389600,21825.8,21953.5,21587.1,21671.8
1450648800,21671.8,21906,21565.9,21857.6
1450735200,21857.6,21857.6,21700.8,21824.1
1450821600,21824.1,22214.5,21816.7,22211.5
1450908000,22211.5,22271.6,22129.2,22136.2
1451253600,22136.2,22184.5,21792.7,21850.3
1451340000,21850.3,22132.2,21822.1,22093.7
1451426400,22093.7,22149.5,21856.8,21928.6
1451512800,21928.6,21965.3,21816.4,21876.4
1451858400,21876.4,21876.4,21006.5,21030
1451944800,21030,21393,21017.5,21126.1
1452031200,21126.1,21233.2,20649.5,20700
1452117600,20700,20817.7,20038.85,20461.75
1452204000,20461.75,20603.4,20114.55,20154.55
1452463200,20154.55,20154.55,19810.25,19990.95
1452549600,19990.95,20099.65,19646.55,19962.6
1452636000,19962.6,20217.2,19808,19916.2
1452722400,19916.2,19916.2,19458.6,19761.9
1452808800,19761.9,19812.6,19043.65,19135.15
1453068000,19135.15,19436.1,19135.15,19210.4
1453154400,19210.4,19715.75,19153.2,19501.45
1453240800,19501.45,19501.45,18562.75,18595.15
1453327200,18595.15,19252.8,18527.1,18874.75
1453413600,18874.75,19381.2,18750.55,19345.7
1453672800,19345.7,19465.6,19122.4,19143
1453759200,19143,19261.9,18786.3,19237.4
1453845600,19237.4,19259.3,18924.5,19079.4
1453932000,19079.4,19388.7,18979.6,19174.5
1454018400,19174.5,19757.6,19045.3,19611.4
1454277600,19611.4,19725.9,19333,19425
1454364000,19425,19617.4,19148.4,19191.5
1454450400,19191.5,19191.5,18723.3,18770.3
1454536800,18770.3,19366.4,18770.3,19263.6
1454623200,19263.6,19417.5,19105.2,19180.2
1455141600,19180.2,19180.2,18044.4,18129.3
1455228000,18129.3,18489.7,18129.3,18408
1455487200,18408,18977,18408,18973.9
1455573600,18973.9,19273.3,18896.8,19008.5
1455660000,19008.5,19309.4,18899.2,19235.7
1455746400,19235.7,19454.5,19235.7,19338.8
1455832800,19338.8,19357.9,19147.8,19237.3
1456092000,19237.3,19580.1,19237.3,19555.1
1456178400,19555.1,19555.1,19313.3,19417.7
1456264800,19417.7,19417.7,18819.4,18882.1
1456351200,18882.1,19199.6,18840.3,19043.3
1456437600,19043.3,19580.8,19043.3,19432
1456696800,19432,19432,19037.65,19293.2
1456783200,19293.2,19594.3,19068.35,19586.2
1456869600,19586.2,20069.4,19586.2,19952.4
1456956000,19952.4,20136.5,19831.3,20004
1457042400,20004,20357,19995.9,20354.5
1457301600,20354.5,20359.4,20089.1,20252
1457388000,20252,20252,19940.9,19984
1457474400,19984,20143.7,19869.6,20134.3
1457560800,20134.3,20281.7,19951,20048.4
1457647200,20048.4,20403.6,19891.4,20399.1
1457902800,20399.1,20542.1,20360.9,20468.55
1457989200,20468.55,20468.55,20249.5,20296.4
1458075600,20296.4,20468.6,20209.8,20378.9
1458162000,20378.9,20672.3,20339.15,20602.55
1458248400,20602.55,20883.75,20526.25,20858.65
1458507600,20858.65,20858.65,20637.1,20806.7
1458594000,20806.7,20806.7,20586.4,20673.8
1458680400,20673.8,20708.2,20475.9,20483.3
1458766800,20483.3,20522.7,20170,20201.4
1459198800,20201.4,20429.05,20201.4,20345.3
1459285200,20345.3,21025.75,20345.3,20933.75
1459371600,20933.75,20933.75,20709.1,20843
1459458000,20843,20843,20311.2,20535.7
1459803600,20535.7,20535.7,20067.4,20143.4
1459890000,20143.4,20237.3,20050.3,20227.7
1459976400,20227.7,20370.7,20091.5,20112.5
1460062800,20112.5,20512.9,19980.4,20358.3
1460322000,20358.3,20621.8,20177.8,20518.8
1460408400,20518.8,20652.6,20402.7,20648.6
1460494800,20648.6,21401.5,20648.6,21400.5
1460581200,21400.5,21548.4,21301.9,21463.3
1460667600,21463.3,21463.3,21261.7,21340.1
1460926800,21340.1,21408,21024,21404.5
1461013200,21404.5,21599.8,21279.4,21594.3
1461099600,21594.3,21594.3,21124.6,21432.55
1461186000,21432.55,21663.95,21353.45,21473.9
1461272400,21473.9,21559.65,21335.8,21435.15
1461531600,21435.15,21448.65,21268.15,21315.55
1461618000,21315.55,21458.4,21082.45,21378.3
1461704400,21378.3,21445.2,21281.1,21351.7
1461790800,21351.7,21665.8,21220.2,21459.7
1461877200,21459.7,21459.7,20848.1,20848.1
1462222800,20848.1,21064.6,20415.1,20464.6
1462309200,20464.6,20536.2,20216.4,20222.9
1462395600,20222.9,20462.4,20222.9,20331.45
1462482000,20331.45,20331.45,19917.6,20113.9
1462741200,20113.9,20264.6,19938,19970.1
1462827600,19970.1,20256,19914.8,20203.9
1462914000,20203.9,20305.6,19907.6,20022.7
1463000400,20022.7,20060.1,19769.3,19798.3
1463086800,19798.3,19798.3,19494.8,19668.7
1463346000,19668.7,19924.5,19556,19924.5
1463432400,19924.5,20051.4,19757.4,19899.2
1463518800,19899.2,19899.2,19672.4,19818.8
1463605200,19818.8,19818.8,19524.1,19526.1
1463691600,19526.1,19975,19526.1,19927.9
1463950800,19927.9,19956.2,19727,19807
1464037200,19807,20105,19707.2,20080.4
1464123600,20080.4,20518.1,20080.4,20460.9
1464210000,20460.9,20474.8,20256.5,20428.2
1464296400,20428.2,20668.5,20281.8,20592.65
1464555600,20592.65,20769.9,20446.9,20593.25
1464642000,20593.25,20983.85,20561,20690.8
1464728400,20690.8,20901.4,20666.3,20739.4
1464814800,20739.4,20913.9,20676.5,20879.1
1464901200,20879.1,21075.2,20820.8,20887.6
1465160400,20887.6,21154.8,20799,21145
1465246800,21145,21388.1,21138.7,21352.3
1465333200,21352.3,21381,21189.9,21345.5
1465419600,21345.5,21345.5,21345.5,21345.5
1465506000,21345.5,21345.5,20798.7,20832.3
1465765200,20832.3,20832.3,20374.3,20435.4
1465851600,20435.4,20497.5,20157.3,20165.7
1465938000,20165.7,20498.5,20039,20387.8
1466024400,20387.8,20387.8,19828.7,19956
1466110800,19956,20260.2,19956,20033.2
1466370000,20033.2,20572.3,20033.2,20567
1466456400,20567,20597.5,20405.4,20546
1466542800,20546,20902.7,20485.6,20819.3
1466629200,20819.3,21151,20744.2,21135.5
1466715600,21135.5,21135.5,19610,20213.9
1466974800,20213.9,20295.5,19654.6,19732
1467061200,19732,20249.2,19732,20102.5
1467147600,20102.5,20623.4,20102.5,20603.4
1467234000,20603.4,20966.5,20603.4,20905.6
1467579600,20905.6,21188,20836.1,20953.7
1467666000,20953.7,20958.4,20629.1,20665.1
1467752400,20665.1,20665.1,20272.8,20429.4
1467838800,20429.4,20741,20429.4,20606.7
1467925200,20606.7,20824.9,20444.4,20819.9
1468184400,20819.9,21038.2,20819.9,21023.2
1468270800,21023.2,21427.9,20967.8,21426.4
1468357200,21426.4,21460,21286.2,21291.7
1468443600,21291.7,21682.9,21255.4,21662.4
1468530000,21662.4,21768.6,21526.6,21613.7
1468789200,21613.7,21851.5,21613.7,21776.1
1468875600,21776.1,21776.1,21632.8,21701.4
1468962000,21701.4,21981.1,21626,21946.2
1469048400,21946.2,22134.4,21904.8,21952.5
1469134800,21952.5,22062.7,21858.6,21991.3
1469394000,21991.3,22106,21885.7,21895.7
1469480400,21895.7,22326.5,21869.8,22144.9
1469566800,22144.9,22297.8,22020.3,22135.1
1469653200,22135.1,22214.3,21999,22010.1
1469739600,22010.1,22163.9,21806.2,21944.1
1469998800,21944.1,22268.9,21944.1,22050.3
1470171600,22050.3,22050.3,21680.8,21807.3
1470258000,21807.3,21955.2,21754.4,21929.6
1470344400,21929.6,22297.6,21920.2,22292.1
1470603600,22292.1,22497.5,22217.5,22435.6
1470690000,22435.6,22589.4,22388.8,22558.4
1470776400,22558.4,22616,22363.2,22418.9
1470862800,22418.9,22762.3,22339,22749.8
1470949200,22749.8,22832.5,22697.4,22750.4
1471208400,22750.4,23042,22717.8,23026.5
1471294800,23026.5,23159.9,22844,22952.5
1471381200,22952.5,23041.2,22744.8,22758.1
1471467600,22758.1,23214.3,22758.1,23098.3
1471554000,23098.3,23157,22844.9,22946.4
1471813200,22946.4,23024.8,22779.2,22880.7
1471899600,22880.7,23120,22862.9,23078.9
1471986000,23078.9,23078.9,22691.2,22812.5
1472072400,22812.5,22909,22733.6,22848.6
1472158800,22848.6,23135.3,22801.2,23063.3
1472418000,23063.3,23063.3,22747.1,22891.6
1472504400,22891.6,23090,22879.8,23025.1
1472590800,23025.1,23027.4,22883,22884.9
1472677200,22884.9,23244.3,22817.5,23091.1
1472763600,23091.1,23481.5,23091.1,23481.5
1473022800,23481.5,23687.4,23465.5,23630.6
1473109200,23630.6,23790.2,23566.7,23699.4
1473195600,23699.4,23808.7,23680.4,23723
1473282000,23723,23989.1,23681.1,23948.5
1473368400,23948.5,24413.6,23828.4,23838.9
1473627600,23838.9,23838.9,23171.1,23497.1
1473714000,23497.1,23664.1,23065.2,23101.2
1473800400,23101.2,23408.3,23101.2,23300.1
1473886800,23300.1,23569,23212.7,23555.5
1474232400,23555.5,23641.3,23424.9,23569.4
1474318800,23569.4,23591.2,23406,23565.5
1474405200,23565.5,23745.9,23439.1,23661.2
1474491600,23661.2,24102.1,23661.2,23925.4
1474578000,23925.4,23925.4,23640,23719.9
1474837200,23719.9,23719.9,23283.7,23351.6
1474923600,23351.6,23669,23201.3,23527
1475010000,23527,23687.9,23355.4,23566.3
1475096400,23566.3,23847.3,23566.3,23718.2
1475182800,23718.2,23718.2,23205.1,23561.1
1475442000,23561.1,23734.3,23498.2,23555.2
1475528400,23555.2,23722.6,23504.6,23662.1
1475614800,23662.1,23846,23512.5,23827.5
1475701200,23827.5,24003.9,23788.9,23878.3
1475787600,23878.3,23927.2,23755.2,23784.2
1476133200,23784.2,24078.8,23319.1,23321.1
1476219600,23321.1,23450.5,23257.6,23365.5
1476306000,23365.5,23400.5,22848.3,23002.8
1476392400,23002.8,23365.3,23002.8,23279.7
1476651600,23279.7,23279.7,22924.9,23069.8
1476738000,23069.8,23438.8,23069.8,23394.7
1476824400,23394.7,23430.7,23188.6,23384.6
1476910800,23384.6,23503.1,23332.5,23351.5
1476997200,23351.5,23359.4,23351.5,23359.4
1477256400,23359.4,23642,23219.5,23561
1477342800,23561,23652.9,23462.8,23491.8
1477429200,23491.8,23491.8,23253.6,23357.6
1477515600,23357.6,23357.6,22968.8,23083.8
1477602000,23083.8,23145.7,22819.5,22972.5
1477861200,22972.5,23060.9,22768.3,22915.2
1477947600,22915.2,23292.2,22915.2,23098.5
1478034000,23098.5,23098.5,22751.1,22751.1
1478120400,22751.1,22864.6,22660.5,22731.9
1478206800,22731.9,22771.8,22460.6,22479.6
1478469600,22479.6,22962.5,22479.6,22951.9
1478556000,22951.9,23002.9,22805.8,22901.2
1478642400,22901.2,23125.6,21909.3,22667.4
1478728800,22667.4,22942.2,22563.6,22579.1
1478815200,22579.1,22710.5,22177.8,22226.8
1479074400,22226.8,22381.2,22104.2,22235.1
1479160800,22235.1,22413.5,22213.4,22309.8
1479247200,22309.8,22487.3,22079.1,22177.1
1479333600,22177.1,22370,22115,22303.9
1479420000,22303.9,22366.2,22117.7,22246.6
1479679200,22246.6,22487,22209,22362.4
1479765600,22362.4,22735.3,22362.4,22649.2
1479852000,22649.2,22820.1,22543.9,22611.4
1479938400,22611.4,22652.8,22468.3,22621.7
1480024800,22621.7,22814.5,22562.1,22755.4
1480284000,22755.4,22980.2,22704.3,22797.9
1480370400,22797.9,22858.6,22688.6,22790.3
1480456800,22790.3,22915.9,22765,22853.7
1480543200,22853.7,23007.3,22815.1,22828.6
1480629600,22828.6,22828.6,22498,22682.6
1480888800,22682.6,22682.6,22367.2,22627.3
1480975200,22627.3,22785.4,22627.3,22743.1
1481061600,22743.1,22878.9,22722.3,22878.9
1481148000,22878.9,23136,22764.3,22856.8
1481234400,22856.8,22865,22671.2,22767.3
1481493600,22767.3,22854.7,22315,22372.6
1481580000,22372.6,22558.4,22278.3,22527.4
1481666400,22527.4,22640.5,22421.2,22496.3
1481752800,22496.3,22496.3,21976.7,22081.3
1481839200,22081.3,22130,21889.6,21966.2
1482098400,21966.2,22003.1,21738.3,21813.9
1482184800,21813.9,21870.5,21658.6,21799.2
1482271200,21799.2,21923.5,21728.9,21746.1
1482357600,21746.1,21816.3,21520,21523
1482444000,21523,21591.3,21474.7,21479.9
1482876000,21479.9,21784.7,21479.9,21639
1482962400,21639,21799.7,21546.2,21757.3
1483048800,21757.3,22041.9,21757.3,21907.7
1483394400,21907.7,22187.3,21850.8,22155.4
1483480800,22155.4,22220,22045.7,22182.3
1483567200,22182.3,22530.6,22182.3,22523.1
1483653600,22523.1,22613.2,22453.9,22474.1
1483912800,22474.1,22627.6,22462.7,22538.4
1483999200,22538.4,22821.3,22518.6,22812.3
1484085600,22812.3,22988.1,22771,22916.7
1484172000,22916.7,23002.4,22778.1,22821.2
1484258400,22821.2,22989.4,22821.2,22960.6
1484517600,22960.6,22960.6,22665.5,22804.6
1484604000,22804.6,22931.5,22725.3,22919
1484690400,22919,23180.7,22877.7,23139.5
1484776800,23139.5,23139.5,22952.2,23036.4
1484863200,23036.4,23036.4,22860.2,22969.9
1485122400,22969.9,23099.6,22850.6,22896.4
1485208800,22896.4,23004.8,22896.4,22992.3
1485295200,22992.3,23152,22943.8,23151
1485381600,23151,23434.1,23145.9,23340
1485468000,23340,23399.4,23278.3,23393.9
1485900000,23393.9,23456.7,23063.3,23323.4
1485986400,23323.4,23436.5,23081.8,23201.4
1486072800,23201.4,23229.9,22946.9,23175
1486332000,23175,23330.5,23100.2,23248.6
1486418400,23248.6,23368.7,23195,23309.9
1486504800,23309.9,23497.7,23118.1,23381.6
1486591200,23381.6,23579.2,23381.6,23511.4
1486677600,23511.4,23688.5,23511.4,23597.1
1486936800,23597.1,23696.1,23553.8,23682.6
1487023200,23682.6,23700.9,23579,23617.7
1487109600,23617.7,24014.2,23617.7,23988.6
1487196000,23988.6,24105.1,23948.5,24066.3
1487282400,24066.3,24091.2,23931.1,23947.8
1487541600,23947.8,24177.3,23947.8,24108.8
1487628000,24108.8,24175.7,23898.3,24005.3
1487714400,24005.3,24133.9,23969.3,24109
1487800800,24109,24219.4,24038.9,24153.6
1487887200,24153.6,24153.6,23838.5,23921
1488146400,23921,24087.5,23837.5,23893.5
1488232800,23893.5,24010.5,23725,23788
1488319200,23788,23967.5,23738.5,23944.5
1488405600,23944.5,24085.5,23602.5,23659.5
1488492000,23659.5,23689,23488,23638
1488751200,23638,23687.5,23552.5,23557.5
1488837600,23557.5,23711.5,23557.5,23686
1488924000,23686,23803,23535,23740.5
1489010400,23740.5,23740.5,23385,23463
1489096800,23463,23642.5,23424.5,23570.5
1489352400,23570.5,23857,23557.5,23827.5
1489438800,23827.5,23905,23710.5,23740
1489525200,23740,23833,23619.5,23827.5
1489611600,23827.5,24446.5,23827.5,24343.5
1489698000,24343.5,24410,24257,24292
1489957200,24292,24594.5,24292,24578.5
1490043600,24578.5,24686.5,24408.5,24416.5
1490130000,24416.5,24449.5,24228,24449.5
1490216400,24449.5,24464,24293.5,24428.5
1490302800,24428.5,24448.5,24283,24433.5
1490562000,24433.5,24454,24149,24324.5
1490648400,24324.5,24473.4,24306.8,24470.9
1490734800,24470.9,24498.1,24359.3,24400.5
1490821200,24400.5,24453.2,24229.5,24333.1
1490907600,24333.1,24333.1,24080.1,24164.3
1491166800,24164.3,24258.9,24160.2,24196.5
1491339600,24196.5,24469,24131.9,24446.5
1491426000,24446.5,24446.5,24174.4,24302.7
1491512400,24302.7,24313.2,23942.6,24307.7
1491771600,24307.7,24359.6,24175.4,24210.5
1491858000,24210.5,24296.2,23963.6,23987.6
1491944400,23987.6,24304.4,23968.4,24182.1
1492030800,24182.1,24370.4,24090.4,24269.7
1492462800,24269.7,24296.7,23777.5,23814.6
1492549200,23814.6,23864.6,23702.4,23829.7
1492635600,23829.7,24068.2,23750.9,24059.7
1492722000,24059.7,24210.4,23974.6,24022.3
1492981200,24022.3,24244.9,23932.7,24223.5
1493067600,24223.5,24562.5,24199.2,24540.5
1493154000,24540.5,24645.6,24513.8,24620.4
1493240400,24620.4,24724.9,24455.5,24619.9
1493326800,24619.9,24689.5,24577.2,24634.5
1493672400,24634.5,24780.7,24547.9,24660.4
1493845200,24660.4,24673.2,24515.1,24603.7
1493931600,24603.7,24603.7,24296.1,24479.8
1494190800,24479.8,24568.8,24428.9,24533.9
1494277200,24533.9,24946.5,24471.9,24927.9
1494363600,24927.9,25130.7,24865.1,25085.2
1494450000,25085.2,25159,24976.6,25009
1494536400,25009,25240.9,25009,25240.9
1494795600,25240.9,25422.9,25182.3,25418.4
1494882000,25418.4,25418.4,25250.7,25386.2
1494968400,25386.2,25392.8,25147.8,25185.8
1495054800,25185.8,25276.6,25064.5,25178.7
1495141200,25178.7,25332.5,25143.8,25320.3
1495400400,25320.3,25447.3,25220.2,25402.5
1495486800,25402.5,25467.2,25321,25439.4
1495573200,25439.4,25469.3,25324,25464.3
1495659600,25464.3,25718.9,25464.3,25679.3
1495746000,25679.3,25736,25570.8,25628.8
1496005200,25628.8,25750.5,25574.2,25685.8
1496178000,25685.8,25806.4,25581.6,25584.7
1496264400,25584.7,25789.3,25584.7,25780.7
1496350800,25780.7,25953.2,25780.7,25906.7
1496610000,25906.7,25943.7,25789.2,25827.7
1496696400,25827.7,25997.4,25773.4,25994.9
1496782800,25994.9,26018.3,25874,25877.4
1496869200,25877.4,26075.5,25877.4,26065.5
1496955600,26065.5,26084.7,25923.4,26080.7
1497214800,26080.7,26080.7,25661.6,25692.8
1497301200,25692.8,25866.9,25692.8,25825.1
1497387600,25825.1,25879.8,25654.6,25805.2
1497474000,25805.2,25805.2,25432.5,25508.8
1497560400,25508.8,25651.2,25508.8,25538.7
1497819600,25538.7,25877.7,25538.7,25874.6
1497906000,25874.6,25932.2,25626.8,25643.8
1497992400,25643.8,25785.8,25463.3,25634.5
1498078800,25634.5,25861.2,25559.3,25779.4
1498165200,25779.4,25780.8,25619,25692.4
1498424400,25692.4,25910.9,25692.4,25839.5
1498510800,25839.5,25893,25747.9,25806.4
1498597200,25806.4,25806.4,25562.9,25777.7
1498683600,25777.7,25944.4,25762.6,25781.6
1498770000,25781.6,25788.7,25563,25750.4
1499029200,25750.4,25866.7,25627.2,25862.1
1499115600,25862.1,25862.1,25234,25410.4
1499202000,25410.4,25577.2,25204.9,25556.9
1499288400,25556.9,25682.7,25432.5,25469
1499374800,25469,25470.9,25346.9,25434.9
1499634000,25434.9,25679.7,25381,25632.9
1499720400,25632.9,26037.1,25616.2,25982.7
1499806800,25982.7,26388.6,25982.7,26380.1
1499893200,26380.1,26462.1,26351.2,26443.1
1499979600,26443.1,26624.3,26382.2,26620.3
1500238800,26620.3,26687.7,26438.2,26492.4
1500325200,26492.4,26603.6,26458.4,26534.7
1500411600,26534.7,26816.7,26534.7,26779.4
1500498000,26779.4,26816.1,26694.5,26791.1
1500584400,26791.1,26817.1,26689.8,26699.8
1500843600,26699.8,26921.7,26699.8,26856.7
1500930000,26856.7,26969.8,26828.1,26956.6
1501016400,26956.6,27006.2,26813.5,26944.6
1501102800,26944.6,27172.7,26944.6,27128.2
1501189200,27128.2,27128.2,26953.4,27061.5
1501448400,27061.5,27333.6,27026.5,27273.6
1501534800,27273.6,27682.1,27273.6,27596.5
1501621200,27596.5,27725.4,27532.3,27546.3
1501707600,27546.3,27646.4,27432.9,27624
1501794000,27624,27641,27530.7,27592.4
1502053200,27592.4,27778.7,27592.4,27630.9
1502139600,27630.9,27935,27617.8,27931
1502226000,27931,27931,27604.1,27708.5
1502312400,27708.5,27816.7,27242.3,27274.7
1502398800,27274.7,27274.7,26853.1,27004.7
1502658000,27004.7,27354.3,27004.7,27348.8
1502744400,27348.8,27412.3,27060.1,27136
1502830800,27136,27626.8,27077.9,27598.1
1502917200,27598.1,27612.6,27179.2,27218.1
1503003600,27218.1,27247.7,26955.3,27115.5
1503262800,27115.5,27257.7,27044.5,27247.2
1503349200,27247.2,27566.4,27247.2,27553.9
1503522000,27553.9,27632.1,27480.7,27551.3
1503608400,27551.3,28050,27445.8,27955
1503867600,27955,28076.8,27827.2,27877.7
1503954000,27877.7,27877.7,27664.5,27872.7
1504040400,27872.7,28156.6,27872.7,28024.1
1504126800,28024.1,28110.9,27957.9,28082.5
1504213200,28082.5,28183.9,27984.5,28086.1
1504472400,28086.1,28086.1,27728.7,27921.6
1504558800,27921.6,27937.6,27741.9,27757.1
1504645200,27757.1,27798.9,27457.5,27761.2
1504731600,27761.2,27891.3,27532.4,27684.1
1504818000,27684.1,27851,27617.4,27750.5
1505077200,27750.5,28107.4,27750.5,28104.9
1505163600,28104.9,28115.5,27935.6,28039.8
1505250000,28039.8,28059.9,27786.4,27851.4
1505336400,27851.4,27939,27735.3,27823.4
1505422800,27823.4,27976.8,27522.1,27887.7
1505682000,27887.7,28217.4,27887.7,28186.5
1505768400,28186.5,28269.6,28057.8,28079.4
1505854800,28079.4,28184.3,28033.8,28137.5
1505941200,28137.5,28210.5,28069.9,28091.5
1506027600,28091.5,28091.5,27799.3,27843.3
1506286800,27843.3,27900.6,27364.3,27385.8
1506373200,27385.8,27617.8,27307.4,27517.6
1506459600,27517.6,27693.8,27460.8,27508.8
1506546000,27508.8,27666.7,27269,27421.5
1506632400,27421.5,27613.3,27362.1,27608.8
1506978000,27608.8,28262.7,27608.8,28252.2
1507064400,28252.2,28533.5,28221.3,28358.4
1507237200,28358.4,28642.5,28321.8,28380.3
1507496400,28380.3,28489.4,28273.6,28348.3
1507582800,28348.3,28562.2,28260.4,28523.6
1507669200,28523.6,28621.9,28241.3,28391.7
1507755600,28391.7,28555.9,28376.4,28462
1507842000,28462,28622.7,28370.6,28622.2
1508101200,28622.2,28822.8,28615.7,28733.8
1508187600,28733.8,28772.5,28621,28641.9
1508274000,28641.9,28760.2,28631.6,28759.2
1508360400,28759.2,28783.8,28065.4,28292.7
1508446800,28292.7,28539.2,28292.7,28466.4
1508706000,28466.4,28552,28219.9,28253.9
1508792400,28253.9,28344.5,28077.9,28306.1
1508878800,28306.1,28366.7,28035.8,28065.8
1508965200,28065.8,28370.5,28065.8,28339
1509051600,28339,28535.1,28289.7,28531.1
1509310800,28531.1,28630.9,28192.8,28197.8
1509397200,28197.8,28344.8,28161.8,28264.2
1509483600,28264.2,28641.2,28264.2,28582.7
1509570000,28582.7,28615.1,28445.6,28495.6
1509656400,28495.6,28612.6,28488,28502.5
1509919200,28502.5,28647.3,28088.8,28642.3
1510005600,28642.3,29024.8,28642.3,28854.2
1510092000,28854.2,29129.7,28854.2,28926.6
1510178400,28926.6,29171.6,28926.6,28942.1
1510264800,28942.1,29179.5,28942.1,29047
1510524000,29047,29226.8,28985.8,29176.7
1510610400,29176.7,29275.7,29103.2,29111.2
1510696800,29111.2,29111.2,28863.6,28999.6
1510783200,28999.6,29225,28891,29224.5
1510869600,29224.5,29310,29118.9,29141.4
1511128800,29141.4,29343.2,29063.2,29342.2
1511215200,29342.2,30209.6,29285.2,30101.6
1511301600,30101.6,30207.1,29933.1,30036
1511388000,30036,30168,29607.5,29881
1511474400,29881,30044.9,29737.4,30031.9
1511733600,30031.9,30031.9,29649.6,29750.5
1511820000,29750.5,29773.9,29385.3,29763.9
1511906400,29763.9,29839.2,29407.6,29433.6
1511992800,29433.6,29452.4,29115.4,29342.6
1512079200,29342.6,29359.4,28784.9,28809.4
1512338400,28809.4,29332.1,28807.4,29066.8
1512424800,29066.8,29149.1,28773.2,28959.8
1512511200,28959.8,28959.8,28148.4,28269.6
1512597600,28269.6,28458.8,28131.5,28414.3
1512684000,28414.3,28701.9,28314.2,28652.1
1512943200,28652.1,28965.1,28573.6,28930.5
1513029600,28930.5,29031.3,28713,28757.5
1513116000,28757.5,29336.1,28722.8,29334.1
1513202400,29334.1,29426.3,29033.2,29082.6
1513288800,29082.6,29082.6,28711.8,28896
1513548000,28896,29271,28824.6,29258.5
1513634400,29258.5,29372.4,29084.4,29090.9
1513720800,29090.9,29330.9,29090.9,29232.8
1513807200,29232.8,29540.6,29127.6,29533.6
1513893600,29533.6,29633.6,29415.5,29615.3
1514325600,29615.3,29720.2,29537.4,29666.8
1514412000,29666.8,29907.5,29666.8,29848.6
1514498400,29848.6,29973.6,29820.2,29941.6
1514844000,29941.6,30543.7,29941.6,30477.4
1514930400,30477.4,30704.7,30466.8,30681.7
1515016800,30681.7,30849.1,30547.1,30823.7
1515103200,30823.7,30867.8,30651.1,30857.4
1515362400,30857.4,30901.8,30693.3,30835
1515448800,30835,31022,30800.1,30976.5
1515535200,30976.5,31264.4,30917.2,31016.2
1515621600,31016.2,31169.2,30948.4,31161.2
1515708000,31161.2,31586.5,31161.2,31558.5
1515967200,31558.5,31694.8,31253.3,31326.9
1516053600,31326.9,31990.5,31326.9,31834.2
1516140000,31834.2,32122.8,31649.5,32097.8
1516226400,32097.8,32179.4,31814.9,31976.1
1516312800,31976.1,32294.1,31969.8,32264.7
1516572000,32264.7,32485.9,31997,32468.4
1516658400,32468.4,32916.4,32468.4,32860.1
1516744800,32860.1,33085.2,32722.9,32850.4
1516831200,32850.4,33006.5,32607.1,32795.2
1516917600,32795.2,33261.7,32791.9,33250.1
1517176800,33250.1,33495.3,32740.1,32830.5
1517263200,32830.5,32990.3,32352.7,32416.7
1517349600,32416.7,33008.4,32309.9,32741.7
1517436000,32741.7,32994.1,32430.4,32558
1517522400,32558,32757.2,32085.7,32129.7
1517781600,32129.7,32340.6,31649.5,32010.3
1517868000,32010.3,32010.3,30417.1,30896.7
1517954400,30896.7,31389.2,30078.5,30708
1518040800,30708,30708,29844.7,29982.7
1518127200,29982.7,29982.7,29010.8,29031.8
1518386400,29031.8,29715.6,29031.8,29597.3
1518472800,29597.3,30095.7,29526.3,29839.3
1518559200,29839.3,30592.6,29839.3,30412.4
1518645600,30412.4,31043.7,30412.4,31007.7
1519077600,31007.7,31279.8,30611.8,30977.9
1519164000,30977.9,31520.9,30818.7,31488.4
1519250400,31488.4,31488.4,30892.1,31279.3
1519336800,31279.3,31373.5,31116.5,31275.7
1519596000,31275.7,31642.5,31275.7,31606.4
1519682400,31606.4,31790.4,31104.1,31111.6
1519768800,31111.6,31134,30608.2,30632.7
1519855200,30632.7,31090.7,30364,30908.5
1519941600,30908.5,30908.5,30004.1,30289.6
1520200800,30289.6,30679.6,29796.4,30287.9
1520287200,30287.9,30663.2,30123.2,30477.2
1520373600,30477.2,30638.1,30065.9,30270.9
1520460000,30270.9,30832.7,30270.9,30675.2
1520546400,30675.2,31315,30675.2,31296
1520802000,31296,31643.9,31296,31491.8
1520888400,31491.8,31718.2,31298,31387
1520974800,31387,31582.8,31116.4,31206.2
1521061200,31206.2,31654.6,31055.6,31497.5
1521147600,31497.5,31580.4,31272.4,31555.3
1521406800,31555.3,31679.7,31117,31168.5
1521493200,31168.5,31688.3,31151.4,31613.2
1521579600,31613.2,32007.2,31201.5,31456.5
1521666000,31456.5,31706.4,30261.2,30440.7
1521752400,30440.7,30440.7,29857.5,30063.9
1522011600,30063.9,30623.7,29968.3,30473.7
1522098000,30473.7,30948.6,30473.7,30829.4
1522184400,30829.4,30829.4,29893.6,30142
1522270800,30142,30397.6,29834.1,30364.3
1522702800,30364.3,30364.3,29815.7,30190.8
1522789200,30190.8,30378.7,29210.2,29982.6
1522962000,29982.6,30215.8,29621.1,30026.1
1523221200,30026.1,30624.8,29963.9,30410.4
1523307600,30410.4,30864.4,30185.5,30736.5
1523394000,30736.5,31130.3,30734.5,31012.6
1523480400,31012.6,31196.8,30648.9,31109.3
1523566800,31109.3,31109.3,30708.2,30805.5
1523826000,30805.5,30974,30190.5,30392.5
1523912400,30392.5,30556.6,30020,30452.3
1523998800,30452.3,30510.8,29984.2,30453.4
1524085200,30453.4,30814.6,30453.4,30574.7
1524171600,30574.7,30899.3,30204.3,30277.2
1524430800,30277.2,30512.6,30158.4,30296.7
1524517200,30296.7,30792.7,30275.7,30523.7
1524603600,30523.7,30527.1,30095.3,30215.3
1524690000,30215.3,30453.9,29828.7,30208.6
1524776400,30208.6,30337.6,30015.6,30337.6
1525035600,30337.6,30866.8,30337.6,30614.2
1525208400,30614.2,30793.5,30429.1,30488.2
1525294800,30488.2,30488.2,29810.5,30055.1
1525381200,30055.1,30292.4,29695.7,30101.6
1525640400,30101.6,30152.3,29689.6,29958.6
1525726800,29958.6,30369.5,29908.8,30172.7
1525813200,30172.7,30549.7,30172.7,30515.6
1525899600,30515.6,31077.6,30515.6,31042.4
1525986000,31042.4,31288,30962.4,31202.1
1526245200,31202.1,31575.4,31202.1,31522.3
1526331600,31522.3,31522.3,30787.3,30922
1526418000,30922,31251.9,30710.7,31249.9
1526504400,31249.9,31384.5,30878.9,30948.9
1526590800,30948.9,31139.1,30803.9,30828.4
1526850000,30828.4,31452.2,30828.4,31224.5
1527022800,31224.5,31224.5,30518,30698.2
1527109200,30698.2,30796.4,30403.2,30610.4
1527195600,30610.4,30786.8,30507.7,30604.6
1527454800,30604.6,30871.5,30529.3,30774.9
1527541200,30774.9,30774.9,30166.4,30242.1
1527627600,30242.1,30263.8,29908.3,30261.3
1527714000,30261.3,30622.1,30085.7,30466.6
1527800400,30466.6,30704.6,30363.8,30667.4
1528059600,30667.4,31069.6,30667.4,30977.5
1528146000,30977.5,31244.7,30899.9,31087.9
1528232400,31087.9,31386.2,31087.9,31374.7
1528318800,31374.7,31625.8,31374.7,31444.8
1528405200,31444.8,31483.6,30878.3,31136
1528664400,31136,31187.4,30902.6,31164.1
1528750800,31164.1,31300.4,30937.6,30971.2
1528837200,30971.2,31062.5,30696.2,30846.5
1528923600,30846.5,30846.5,30325.4,30543.5
1529010000,30543.5,30543.5,30072.2,30117.4
1529355600,30117.4,30117.4,29300,29538.8
1529442000,29538.8,29996.8,29374.8,29708.6
1529528400,29708.6,29886.8,29032.7,29042.8
1529614800,29042.8,29457.9,29042.8,29406.8
1529874000,29406.8,29461.4,28657.8,28747.7
1529960400,28747.7,29041.8,28484.2,28945.9
1530046800,28945.9,29053.1,28260.3,28521.9
1530133200,28521.9,28571.3,28143.1,28476.9
1530219600,28476.9,28943.5,28426.2,28829.4
1530565200,28829.4,28829.4,27927.9,28329.4
1530651600,28329.4,28592.7,28073.4,28221.7
1530738000,28221.7,28481.5,27860.5,28349.7
1530824400,28349.7,28644.9,27956.4,28642.9
1531083600,28642.9,28973.9,28642.9,28959.6
1531170000,28959.6,29127.8,28674.9,28726
1531256400,28726,28726,28000.7,28324.7
1531342800,28324.7,28734.8,28265.5,28722
1531429200,28722,28867,28408.5,28695.2
1531688400,28695.2,28783.5,28381,28502.5
1531774800,28502.5,28549.1,28178.8,28395.1
1531861200,28395.1,28467.3,28080.8,28270.6
1531947600,28270.6,28377.3,27904.9,27975.3
1532034000,27975.3,28393.4,27788.9,28358
1532293200,28358,28421.3,28102.1,28302.5
1532379600,28302.5,28975.6,28250.4,28919
1532466000,28919,29026.3,28777.8,29013.3
1532552400,29013.3,29137.4,28636,28736.1
1532638800,28736.1,28862.1,28603.4,28674.2
1532898000,28674.2,28860.5,28555.3,28674.4
1532984400,28674.4,28863.4,28460.9,28840.9
1533070800,28840.9,28840.9,28154.8,28183.8
1533157200,28183.8,28213.4,27477.6,27740
1533243600,27740,27968.9,27560.3,27832.4
1533502800,27832.4,28045.8,27659.1,27866.3
1533589200,27866.3,28381.1,27799.3,28371.6
1533675600,28371.6,28401.2,28087.2,28185.7
1533762000,28185.7,28685,28110.2,28604.8
1533848400,28604.8,28605.9,28000.2,28040.6
1534107600,28040.6,28042.1,27725.8,27774.7
1534194000,27774.7,27909.9,27463.9,27722.5
1534280400,27722.5,27722.5,26661.3,26888.2
1534366800,26888.2,27382.6,26804.3,27213.7
1534453200,27213.7,27348.4,26890.6,27054
1534712400,27054,27566.6,27054,27471.6
1534798800,27471.6,27799.5,27451.1,27799
1534885200,27799,27989.1,27508.4,27921.8
1534971600,27921.8,27989.4,27497.1,27611.5
1535058000,27611.5,27903.4,27455.5,27875.4
1535317200,27875.4,28518.9,27875.4,28463.8
1535403600,28463.8,28551.8,28193.7,28219.2
1535490000,28219.2,28540.5,28219.2,28526
1535576400,28526,28574.2,27853.5,27914
1535662800,27914,27948.3,27625.4,27680.5
1535922000,27680.5,27845.1,27575.4,27746.4
1536008400,27746.4,28006,27508,27692.3
1536094800,27692.3,27871.8,26993.3,27121.8
1536181200,27121.8,27273.3,26818.5,26854.5
1536267600,26854.5,27211.2,26577,26724.4
1536526800,26724.4,26880.1,26396.4,26534.6
1536613200,26534.6,26698.5,26057.1,26366.1
1536699600,26366.1,26794.8,26206.5,26761.8
1536786000,26761.8,27367.5,26638.9,27260
1536872400,27260,27375.3,26974.4,26976.3
1537131600,26976.3,27054.8,26735.9,26954.2
1537218000,26954.2,27303.2,26627.1,27215.1
1537304400,27215.1,27617,27080.6,27600.4
1537390800,27600.4,27695.9,27311.5,27668.6
1537477200,27668.6,27995.3,27528,27873.2
1537736400,27873.2,27873.2,27395.8,27448.3
1537909200,27448.3,28044.9,27448.3,27893.9
1537995600,27893.9,27957,27629.5,27901.5
1538082000,27901.5,27932,27640.1,27705.6
1538427600,27705.6,27727.9,26891.4,27110.9
1538514000,27110.9,27250,26868.5,27081
1538600400,27081,27081,26241.2,26307.7
1538686800,26307.7,26616.7,26262.7,26307.7
1538946000,26307.7,26768.9,25970,26001
1539032400,26001,26340.5,25947,26113
1539118800,26113,26468,25784.1,25818.6
1539205200,25818.6,25818.6,25081.7,25462.7
1539291600,25462.7,25786.2,25261.2,25574.8
1539550800,25574.8,25646.4,25329.5,25485.5
1539637200,25485.5,25766.5,25207.5,25766.5
1539810000,25766.5,25766.5,25047.2,25088.7
1539896400,25088.7,25721.2,25057.7,25463.3
1540155600,25463.3,26220.4,25463.3,25989
1540242000,25989,25989,25048.5,25262
1540328400,25262,25654.1,25037.6,25137.6
1540414800,25137.6,25146.7,24601.1,25136.2
1540501200,25136.2,25136.2,24455.2,24841.2
1540760400,24841.2,25030.4,24576.4,24776.9
1540846800,24776.9,24958.9,24473.5,24564.5
1540933200,24564.5,25025,24564.5,25016
1541019600,25016,25840.5,25016,25840
1541106000,25840,26756,25768.1,25852.1
1541368800,25852.1,26137.3,25717.3,25931.3
1541455200,25931.3,26163.8,25797.4,26017.9
1541541600,26017.9,26521.9,25859.4,26377.4
1541628000,26377.4,26586,26054,26095
1541714400,26095,26095,25311.1,25341.1
1541973600,25341.1,25751.8,25173.4,25232.9
1542060000,25232.9,25989.9,25006.4,25958.4
1542146400,25958.4,26011,25429.5,25791
1542232800,25791,26135,25553.5,26089
1542319200,26089,26237.6,25788.6,26135.1
1542578400,26135.1,26376.8,25946.8,25979.8
1542664800,25979.8,26115.3,25437.9,25617.9
1542751200,25617.9,26203.5,25414.4,26133.5
1542837600,26133.5,26133.5,25810,25876.5
1542924000,25876.5,26035.6,25755.1,25862.1
1543183200,25862.1,26511.8,25862.1,26450.8
1543269600,26450.8,26450.8,26138.3,26368
1543356000,26368,26724.6,26301.7,26582.8
1543442400,26582.8,26942.3,26313.1,26548.1
1543528800,26548.1,26720.2,26408.8,26567.5
1543788000,26567.5,27320.2,26567.5,27116.3
1543874400,27116.3,27289.4,27033.5,27112.6
1543960800,27112.6,27112.6,26718.8,26772
1544047200,26772,26772,25807.6,25914.6
1544133600,25914.6,26361.3,25914.6,26107.4
1544392800,26107.4,26107.4,25398,25508
1544479200,25508,26040.6,25508,25896.2
1544565600,25896.2,26481.9,25896.2,26473.4
1544652000,26473.4,26620.5,26308.1,26399.7
1544738400,26399.7,26399.7,25916.6,26164.6
1544997600,26164.6,26225.9,25888.1,26095.6
1545084000,26095.6,26189.2,25697.3,25910.9
1545170400,25910.9,26081.7,25798.6,26080.7
1545256800,26080.7,26080.7,25371.5,25525.6
1545343200,25525.6,25804.9,25304.7,25655.4
1545602400,25655.4,25655.4,25398.2,25608.3
1545861600,25608.3,25944.1,25179.7,25204.2
1545948000,25204.2,25717.9,25204.2,25603.6
1546207200,25603.6,25935.5,25603.6,25854.7
1546380000,25854.7,25854.7,24956.2,25304.1
1546466400,25304.1,25304.1,24851.6,25082.3
1546552800,25082.3,25955.9,24887.3,25921.4
1546812000,25921.4,26074.1,25712.7,25877.9
1546898400,25877.9,26159.5,25692.4,26030.7
1546984800,26030.7,26630.7,26030.7,26570.2
1547071200,26570.2,26679.6,26208.4,26648.2
1547157600,26648.2,26717.3,26493.1,26635.7
1547416800,26635.7,26635.7,26149.3,26432.2
1547503200,26432.2,26857.9,26420.1,26709.1
1547589600,26709.1,26986.4,26545.5,26974.4
1547676000,26974.4,27027.8,26653.9,26876
1547762400,26876,27337.8,26876,27337.8
1548021600,27337.8,27338.2,27003.7,27230.3
1548108000,27230.3,27262.2,26827.5,26882.4
1548194400,26882.4,27156.7,26868.3,26936.9
1548280800,26936.9,27254.8,26866.8,27252.8
1548367200,27252.8,27792.7,27203.7,27785.2
1548626400,27785.2,27812.2,27360.8,27386.4
1548712800,27386.4,27676.3,27337.2,27612.4
1548799200,27612.4,27780.5,27380.6,27706.2
1548885600,27706.2,28163.4,27706.2,28162.9
1548972000,28162.9,28236,27765.2,27966.8
1549231200,27966.8,27981.1,27812.9,27922.4
1549576800,27922.4,28026.2,27477.1,27847
1549836000,27847,28245.2,27781.7,28110.1
1549922400,28110.1,28211.5,27937.5,28166.3
1550008800,28166.3,28528.2,28123.3,28372
1550095200,28372,28461.8,28124.6,28216.6
1550181600,28216.6,28252.6,27797.9,28140.1
1550440800,28140.1,28396.4,28140.1,28335
1550527200,28335,28459.1,28050.8,28313.6
1550613600,28313.6,28680.9,28307,28677.9
1550700000,28677.9,28796.1,28373.8,28507.4
1550786400,28507.4,28898.4,28424.4,28865.6
1551045600,28865.6,29115.9,28743.6,29073.3
1551132000,29073.3,29073.3,28683.5,28836.1
1551218400,28836.1,29014.9,28657.3,28751.5
1551304800,28751.5,28890.7,28539.6,28641.8
1551391200,28641.8,28817.5,28621.6,28636.1
1551650400,28636.1,29235.2,28598,28617.5
1551736800,28617.5,29000.5,28617.5,28960.6
1551823200,28960.6,29074.2,28851.9,28977.8
1551909600,28977.8,28993.1,28472.4,28515.4
1551996000,28515.4,28515.4,28000.9,28097.4
1552251600,28097.4,28696.4,28097.4,28645.5
1552338000,28645.5,28977.8,28645.5,28915.1
1552424400,28915.1,28982.8,28699.5,28934.9
1552510800,28934.9,28949.7,28663.4,28788.3
1552597200,28788.3,29238.9,28788.3,29169.9
1552856400,29169.9,29483.6,29053.3,29372.3
1552942800,29372.3,29622.3,29328.1,29513.5
1553029200,29513.5,29513.5,29146.9,29187.4
1553115600,29187.4,29470.2,28922.6,29136.7
1553202000,29136.7,29264.5,28626.1,28663.1
1553461200,28663.1,28680,28421,28638.4
1553547600,28638.4,28752.7,28407.9,28611.2
1553634000,28611.2,28777.9,28519.7,28639.5
1553720400,28639.5,28829,28535.2,28736.7
1553806800,28736.7,29155.7,28731.1,29148.9
1554066000,29148.9,29642.8,29148.9,29625.1
1554152400,29625.1,29753.5,29547.8,29690.4
1554238800,29690.4,30097.2,29690.4,30031.8
1554325200,30031.8,30084,29779.1,30084
1554670800,30084,30191.4,29937.8,30154.2
1554757200,30154.2,30266.7,30044.8,30065.6
1554843600,30065.6,30166.3,29918.7,30096.9
1554930000,30096.9,30207.3,29772.4,29810.5
1555016400,29810.5,30194.2,29681,30139.5
1555275600,30139.5,30317.1,29667.7,29676.8
1555362000,29676.8,30170.3,29676.8,30117.3
1555448400,30117.3,30217.9,29993,30089.7
1555534800,30089.7,30093.5,29868.1,30071.5
1555966800,30071.5,30071.5,29734.8,30048.1
1556053200,30048.1,30121,29627,29627
1556139600,29627,29841,29408.2,29522.3
1556226000,29522.3,29720.6,29463.8,29694.1
1556485200,29694.1,29906.9,29605.4,29857.2
1556571600,29857.2,29857.2,29548.5,29655.5
1556744400,29655.5,29905.4,29559.9,29691.7
1556830800,29691.7,30208.5,29575.3,30178.4
1557090000,30178.4,30178.4,28829.1,29250.2
1557176400,29250.2,29378.4,28755.7,28803.2
1557262800,28803.2,29109.7,28647.2,28773.3
1557349200,28773.3,28773.3,27871.3,28229.2
1557435600,28229.2,28704.5,28010.1,28296.3
1557781200,28296.3,28296.3,27715.8,28025.1
1557867600,28025.1,28254.6,27913.8,28039
1557954000,28039,28394.6,27873.5,28332.6
1558040400,28332.6,28335.1,27692.9,27828.6
1558299600,27828.6,27893,27388.6,27502.6
1558386000,27502.6,27878.9,27502.6,27608.7
1558472400,27608.7,27763.3,27509.5,27564.1
1558558800,27564.1,27564.1,27157.7,27214
1558645200,27214,27471.8,27195.1,27265.1
1558904400,27265.1,27369.5,27085.1,27246.9
1558990800,27246.9,27460.2,27191.5,27339.5
1559077200,27339.5,27408.4,27146.4,27236.9
1559163600,27236.9,27318.4,27001.4,27167.6
1559250000,27167.6,27167.6,26758.4,26857.5
1559509200,26857.5,27004.1,26707.5,26931.9
1559595600,26931.9,27010.4,26629.4,26963.7
1559682000,26963.7,27123,26780.3,26830.2
1559768400,26830.2,26991.2,26814.7,26916.2
1560114000,26916.2,27696.6,26916.2,27657.8
1560200400,27657.8,27857.2,27576.5,27696.4
1560286800,27696.4,27696.4,27052.1,27086.6
1560373200,27086.6,27316.5,26778.6,27177.9
1560459600,27177.9,27239.1,26976.6,27003.6
1560718800,27003.6,27500.8,27003.6,27214.8
1560805200,27214.8,28048.2,27156.7,27950.6
1560891600,27950.6,28242.2,27950.6,28143.9
1560978000,28143.9,28724.7,28143.9,28547.8
1561064400,28547.8,28569.3,28332.4,28442
1561323600,28442,28621.4,28332.5,28451.9
1561410000,28451.9,28501.4,28087.4,28131.6
1561496400,28131.6,28432.1,27995.6,28385.4
1561582800,28385.4,28660.5,28311.7,28578.1
1561669200,28578.1,28627.6,28423.1,28569.4
1562014800,28569.4,29108,28569.4,28948.1
1562101200,28948.1,29011,28813.3,29004.5
1562187600,29004.5,29125,28867.5,28885.6
1562274000,28885.6,29004.5,28584.5,28701
1562533200,28701,28701,28252.3,28428
1562619600,28428,28448.4,28119,28256.1
1562706000,28256.1,28487.9,28172.3,28398
1562792400,28398,28645.7,28335.9,28406.9
1562878800,28406.9,28639.8,28394.7,28502.2
1563138000,28502.2,28622.7,28078.8,28554.6
1563224400,28554.6,28685.9,28497.9,28557.9
1563310800,28557.9,28667.9,28381.7,28527.2
1563397200,28527.2,28543.6,28332,28446.9
1563483600,28446.9,28859.5,28446.9,28761.4
1563742800,28761.4,28761.4,28294.2,28422.1
1563829200,28422.1,28547.3,28301.9,28475.4
1563915600,28475.4,28784.3,28475.4,28567.7
1564002000,28567.7,28672.3,28365.1,28405.4
1564088400,28405.4,28485.7,28318.8,28371.2
1564347600,28371.2,28371.2,27937.8,28108.1
1564434000,28108.1,28282.1,27868,27892.2
1564520400,27892.2,27981.8,27685.6,27810.1
1564606800,27810.1,27810.1,27451.8,27690.2
1564693200,27690.2,27690.2,26608.7,26659.1
1564952400,26659.1,26659.1,25510.6,25518.1
1565038800,25518.1,26123.2,25341.2,25784.8
1565125200,25784.8,26038,25631.1,25867.2
1565211600,25867.2,26282.7,25867.2,26211
1565298000,26211,26240.4,25677.8,25808.8
1565557200,25808.8,26039,25241.4,25356.2
1565643600,25356.2,25932.3,25078.5,25632.3
1565730000,25632.3,25681.8,24855,24864.4
1565816400,24864.4,25509.2,24864.4,25289
1565902800,25289,25754.6,25257.5,25703.2
1566162000,25703.2,26397.6,25703.2,26178.4
1566248400,26178.4,26300.2,26048.5,26099.1
1566334800,26099.1,26318.4,26028.6,26235
1566421200,26235,26277.1,25826.9,25979.2
1566507600,25979.2,26196.4,25454.9,25497.3
1566766800,25497.3,25881,25161.4,25675.3
1566853200,25675.3,25874.4,25535.9,25753.7
1566939600,25753.7,25865.8,25519.4,25683.3
1567026000,25683.3,25956.7,25355.6,25915
1567112400,25915,26025,25499.5,25609.8
1567371600,25609.8,25660.8,25414.2,25414.2
1567458000,25414.2,25738.8,25414.2,25553
1567544400,25553,26708.6,25553,26457.4
1567630800,26457.4,26695.9,26457.4,26545.6
1567717200,26545.6,26829.1,26545.6,26721.5
1567976400,26721.5,26855.4,26645.3,26780.8
1568062800,26780.8,26944.8,26660.5,26819.1
1568149200,26819.1,27222.1,26728,27145.9
1568235600,27145.9,27377,26995.6,27219.7
1568322000,27219.7,27439.3,27134,27396.2
1568581200,27396.2,27396.2,26996.8,27029.1
1568667600,27029.1,27062.8,26709.7,26878.6
1568754000,26878.6,26940.7,26592.5,26631
1568840400,26631,26857.4,26372.1,26546.2
1568926800,26546.2,26620.8,26239.4,26334.2
1569186000,26334.2,26537.5,26140.7,26278.5
1569272400,26278.5,26440.1,26074.8,26147.2
1569358800,26147.2,26247.6,25865.8,26059.4
1569445200,26059.4,26115.3,25908.1,25953
1569531600,25953,26052.9,25663.6,25666.6
1569790800,25666.6,26166.1,25666.6,26005.4
1569963600,26005.4,26095,25700.8,25770.8
1570050000,25770.8,26226.8,25702.7,26136.1
1570136400,26136.1,26181.5,25573.3,25849.2
1570482000,25849.2,26207.9,25628.6,25699.6
1570568400,25699.6,25874.5,25641.4,25791.3
1570654800,25791.3,25993.1,25513.2,25908
1570741200,25908,26680.5,25908,26612.4
1571000400,26612.4,26666.7,26378.2,26490
1571086800,26490,26722.8,26437.4,26643.7
1571173200,26643.7,26765,26386.6,26738
1571259600,26738,27020.3,26712.4,26893.2
1571346000,26893.2,27018.1,26607.4,26691.4
1571605200,26691.4,26844.7,26649.7,26751
1571691600,26751,26897.4,26715.9,26814.7
1571778000,26814.7,26822.6,26459.1,26621.9
1571864400,26621.9,26836.8,26558.3,26763.1
1571950800,26763.1,26817.3,26596.5,26799.8
1572210000,26799.8,27092.6,26763.2,27088.1
1572296400,27088.1,27088.1,26717.3,26803.2
1572382800,26803.2,26833.1,26571.8,26692.8
1572469200,26692.8,27049.4,26684.5,26689.5
1572555600,26689.5,27292.4,26689.5,27258.4
1572818400,27258.4,27660.2,27244.2,27558.1
1572904800,27558.1,27769.5,27464.5,27709.8
1572991200,27709.8,27802.2,27549.2,27705
1573077600,27705,27954.9,27547.9,27935.3
1573164000,27935.3,27935.3,27583.5,27613.4
1573423200,27613.4,27613.4,26813.5,27187.4
1573509600,27187.4,27187.4,26781.3,26920.6
1573596000,26920.6,26920.6,26356.3,26451.7
1573682400,26451.7,26628.7,26182,26300.4
1573768800,26300.4,26621.4,26229.7,26386.6
1574028000,26386.6,26707.4,26317.5,26591.3
1574114400,26591.3,27124.6,26504.2,26946
1574200800,26946,26962.9,26643.2,26680.2
1574287200,26680.2,26680.2,26269.6,26531.9
1574373600,26531.9,26676.8,26474.8,26563.1
1574632800,26563.1,27141.5,26563.1,27071.8
1574719200,27071.8,27268.2,26910.5,26912
1574805600,26912,27034.5,26882.1,27026
1574892000,27026,27026,26743.4,26855.4
1574978400,26855.4,26855.4,26275.3,26326.5
1575237600,26326.5,26529.3,26260.3,26310.3
1575324000,26310.3,26427.2,25907.3,26027.9
1575410400,26027.9,26253.3,25920.4,26234.1
1575496800,26234.1,26285.9,26086.9,26226.7
1575583200,26226.7,26565,26226.7,26550.3
1575842400,26550.3,26626.3,26398.9,26422.1
1575928800,26422.1,26535.7,26258.3,26451
1576015200,26451,26653.4,26327.6,26629.8
1576101600,26629.8,27508,26629.8,27145.4
1576188000,27145.4,27856,27145.4,27483.6
1576447200,27483.6,27720.2,27483.1,27692.1
1576533600,27692.1,27896.6,27538,27861.2
1576620000,27861.2,28006.7,27762.6,27901.4
1576706400,27901.4,27951.5,27669.9,27850.7
1576792800,27850.7,27991.7,27735.2,27931.4
1577052000,27931.4,28046.1,27823.1,27866
1577138400,27866,27937.8,27813.2,27865.6
1577397600,27865.6,28299.8,27865.6,28266.3
1577656800,28266.3,28469,28203.9,28236.4
1577743200,28236.4,28343.2,28135.2,28218.2
1577916000,28218.2,28758.6,28152.9,28749.9
1578002400,28749.9,28897.1,28230.8,28370.1
1578261600,28370.1,28394.2,28036.8,28262
1578348000,28262,28490.6,28202.5,28269
1578434400,28269,28414.7,27834.2,28374.5
1578520800,28374.5,28597.8,28334.6,28544.6
1578607200,28544.6,28744.6,28507,28733.6
1578866400,28733.6,29142.7,28689.9,29127.7
1578952800,29127.7,29193.2,28778.3,28942.4
1579039200,28942.4,28997.6,28638,28782.8
1579125600,28782.8,29017.8,28718.5,28960.7
1579212000,28960.7,29140,28787.1,29075.4
1579471200,29075.4,29194.6,28631.4,28659.9
1579557600,28659.9,28659.9,27828.7,27986.8
1579644000,27986.8,28365.4,27926.6,28106.6
1579730400,28106.6,28120,27545.3,27679.5
1579816800,27679.5,27955.6,27679.5,27916.2
1580248800,27916.2,27916.2,26950.3,27015.9
1580335200,27015.9,27121.9,26299.2,26432.9
1580421600,26432.9,26798.7,25919.6,25947.6
1580680800,25947.6,26495,25947.6,26353.7
1580767200,26353.7,26970.1,26343.8,26956.3
1580853600,26956.3,27222.2,26564.5,26969.5
1580940000,26969.5,27608.8,26956.3,27326.4
1581026400,27326.4,27383.9,27028.2,27038.1
1581285600,27038.1,27289.3,26959.8,27179.3
1581372000,27179.3,27748,27179.3,27715
1581458400,27715,27952,27590.3,27951.3
1581544800,27951.3,27951.3,27550.1,27715.8
1581631200,27715.8,27964.3,27633.3,27643.3
1581890400,27643.3,28071.4,27643.3,27930.6
1581976800,27930.6,27930.6,27402.3,27404.5
1582063200,27404.5,27708.7,27404.5,27645.3
1582149600,27645.3,27776,27278,27330.4
1582236000,27330.4,27457.8,27221.3,27332.2
1582495200,27332.2,27332.2,26380,26504.2
1582581600,26504.2,26875.3,26388.8,26388.8
1582668000,26388.8,26854.2,26370.4,26617.6
1582754400,26617.6,26839.4,26152.8,26421.9
1582840800,26421.9,26421.9,25582.4,25802
1583100000,25802,26360.9,25802,26203.4
1583186400,26203.4,26605.4,26068.2,26081.2
1583272800,26081.2,26360,25971,26338.4
1583359200,26338.4,26771.2,26243.2,26438.9
1583445600,26438.9,26438.9,25657.2,25671.2
1583701200,25671.2,25671.2,24366,24779.9
1583787600,24779.9,25748.2,24779.9,25497.5
1583874000,25497.5,25497.5,24847,24872.4
1583960400,24872.4,24872.4,22860.9,22882.3
1584046800,22882.3,24741.1,22109.9,23712.2
1584306000,23712.2,23712.2,21580,22243.6
1584392400,22243.6,23410.6,22202.3,23218.8
1584478800,23218.8,23362.3,21505.6,21863.8
1584565200,21863.8,22350.8,20957.2,22187.9
1584651600,22187.9,23151.3,22059.1,22181.5
1584910800,22181.5,22529.5,21393.3,21883.6
1584997200,21883.6,23293.9,21883.6,23081.6
1585083600,23081.6,23871.1,23009.8,23823.3
1585170000,23823.3,23999.4,23051.8,23986.2
1585256400,23986.2,23986.2,22765.2,23016
1585515600,23016,23483.8,22775.4,23364.3
1585602000,23364.3,23718.4,23179.5,23515.7
1585688400,23515.7,23522.5,22532.5,22593.4
1585774800,22593.4,23253.8,22593.4,23052.4
1585861200,23052.4,23335.8,22945.1,23031.6
1586120400,23031.6,23975.2,23031.6,23945.2
1586206800,23945.2,24578.7,23722.9,24059.4
1586293200,24059.4,24196,23755.7,24128.4
1586379600,24128.4,24420.4,23937.6,24193.6
1586811600,24193.6,24583,24193.6,24457.6
1586898000,24457.6,24595.8,23779.6,23989.4
1586984400,23989.4,24111.2,23813.2,23892.8
1587070800,23892.8,24673.4,23892.8,24277.6
1587330000,24277.6,24466,24058.8,24080.3
1587416400,24080.3,24237.6,23411.5,23425.3
1587502800,23425.3,23955.4,23425.3,23900.7
1587589200,23900.7,24233.4,23754.9,24036
1587675600,24036,24036,23659.8,23977.8
1587934800,23977.8,24417.4,23977.8,24400.7
1588021200,24400.7,24876.9,24157.3,24635.9
1588107600,24635.9,24883.8,24548.9,24843
1588539600,24843,24843,23357.1,23522
1588626000,23522,23940.6,23522,23940.6
1588712400,23940.6,24247.5,23753,23998.1
1588798800,23998.1,24085.5,23887,23943.2
1588885200,23943.2,24384.5,23943.2,24274.8
1589144400,24274.8,24792.6,24274.8,24411.8
1589230800,24411.8,24445.6,24096.2,24341.7
1589317200,24341.7,24395.6,23926.1,23934.2
1589403600,23934.2,24057.4,23516,23799.6
1589490000,23799.6,23996.4,23475.3,23540
1589749200,23540,24472.1,23540,24452.7
1589835600,24452.7,24590.6,24289.9,24350.4
1589922000,24350.4,24677.2,24304.2,24530.5
1590008400,24530.5,24530.5,23753.8,23791.7
1590094800,23791.7,23791.7,22738.9,22836
1590354000,22836,22947.9,22503.4,22899.3
1590440400,22899.3,23471.2,22899.3,23375.7
1590526800,23375.7,23504.9,22874.3,23003.3
1590613200,23003.3,23438.2,22734.6,23234.8
1590699600,23234.8,23234.8,22590.2,23039
1590958800,23039,23837.2,23039,23794.9
1591045200,23794.9,24436.9,23692,24300.4
1591131600,24300.4,24758.5,24225.6,24744.9
1591218000,24744.9,24744.9,24220.7,24261.2
1591304400,24261.2,25172.9,24261.2,25082.4
1591563600,25082.4,25082.6,24697.6,24975.4
1591650000,24975.4,25275,24812.9,24963.8
1591736400,24963.8,25341,24897.3,25003.6
1591822800,25003.6,25097.3,23946.4,23951.8
1591909200,23951.8,24465.4,23867.4,24156.9
1592168400,24156.9,24238.4,23638,24168
1592254800,24168,24715,24168,24355.3
1592341200,24355.3,24556.5,24160.7,24461.2
1592427600,24461.2,24570.6,24087.7,24439.5
1592514000,24439.5,24802.4,24303.2,24495.1
1592773200,24495.1,24679.1,24359,24661
1592859600,24661,25042.6,24135.7,24929.6
1592946000,24929.6,25125.7,24373.9,24485.8
1593118800,24485.8,24778.4,24385.7,24439.6
1593378000,24439.6,24622,24132.8,24430
1593464400,24430,24599.6,24251.3,24340.2
1593637200,24340.2,25295,24340.2,25192.6
1593723600,25192.6,25485.9,25186.6,25305.4
1593982800,25305.4,26651,25305.4,26567.8
1594069200,26567.8,26784.6,25867.6,26058
1594155600,26058,26321,25872.2,26255.5
1594242000,26255.5,26382.4,25860.5,26032.4
1594328400,26032.4,26160.9,25542.9,25755.6
1594587600,25755.6,26104,25711.6,25841.3
1594674000,25841.3,25841.3,25248.6,25671.6
1594760400,25671.6,25892.6,25302.2,25548.6
1594846800,25548.6,25622,24841.6,25084.4
1594933200,25084.4,25271,25004,25161.1
1595192400,25161.1,25247,24719,25233.6
1595278800,25233.6,25705,25233.6,25527.6
1595365200,25527.6,25786.4,24977,25095.7
1595451600,25095.7,25323,24906.6,24947.4
1595538000,24947.4,25105.2,24572.8,24818.4
1595797200,24818.4,24970.8,24539.3,24750.8
1595883600,24750.8,25017.8,24677.2,24747.7
1595970000,24747.7,25007.6,24695.6,24951.4
1596056400,24951.4,25241.7,24426,24701.9
1596142800,24701.9,24980.8,24328.2,24420.2
1596402000,24420.2,24636.2,24239.2,24596.2
1596488400,24596.2,25121.6,24542.4,24969.1
1596574800,24969.1,25222,24894.7,25088.8
1596661200,25088.8,25282.1,24643.6,24929.3
1596747600,24929.3,24946.4,24172.3,24371.1
1597006800,24371.1,24540.3,24245.7,24532.8
1597093200,24532.8,25051.5,24532.8,24874
1597179600,24874,25452.4,24675.9,25383.3
1597266000,25383.3,25480.4,25116.8,25138.9
1597352400,25138.9,25407.4,25062.1,25209.7
1597611600,25209.7,25620,25194.7,25477.4
1597698000,25477.4,25486.4,25244.1,25301.9
1597784400,25301.9,25385.1,25088.6,25164.7
1597870800,25164.7,25164.7,24573,24880.3
1597957200,24880.3,25213,24864.2,25161.2
1598216400,25161.2,25606.8,25161.2,25427
1598302800,25427,25647.2,25355.8,25501.2
1598389200,25501.2,25647.4,25354.6,25515.3
1598475600,25515.3,25549.6,25121,25256.6
1598562000,25256.6,25817,25228.2,25526.2
1598821200,25526.2,25894.8,24979.8,25059.7
1598907600,25059.7,25286.3,24937.6,25049.2
1598994000,25049.2,25261.8,24902.4,25093
1599080400,25093,25235.4,24620.1,24673.3
1599166800,24673.3,24852.5,24366,24719.9
1599426000,24719.9,24917.2,24471.8,24655.7
1599512400,24655.7,24796.6,24270,24370.6
1599598800,24370.6,24665,24180.6,24664.8
1599685200,24664.8,24664.8,24185.6,24253.2
1599771600,24253.2,24561.6,24253.2,24367
1600030800,24367,24756.8,24367,24556.9
1600117200,24556.9,24924.9,24452.2,24853.7
1600203600,24853.7,24853.7,24607.9,24688.3
1600290000,24688.3,24692.7,24207.6,24429.4
1600376400,24429.4,24495.8,24257,24357.6
1600635600,24357.6,24583.2,23620,23812.4
1600722000,23812.4,23883,23540.4,23596.3
1600808400,23596.3,23776.6,23488.6,23491.6
1600894800,23491.6,23571.6,23167.6,23358.6
1600981200,23358.6,23467.1,22954.7,23146.6
1601240400,23146.6,23566.2,23146.6,23563
1601326800,23563,23583,23195.4,23427.5
1601413200,23427.5,23774.8,23324.2,23747.3
1601845200,23747.3,23954.4,23624.4,23840.6
1601931600,23840.6,24105.9,23788,23995.9
1602018000,23995.9,24284.7,23880.5,24244.8
1602104400,24244.8,24252.9,23993.8,24216.6
1602190800,24216.6,24374.2,24017.4,24208.2
1602450000,24208.2,24745.3,24157.8,24701.8
1602622800,24701.8,24758.2,24460.8,24482
1602709200,24482,24560,23977,24161.7
1602795600,24161.7,24437.8,24161.7,24417.3
1603054800,24417.3,24761.8,24401.6,24404.8
1603141200,24404.8,24640.4,24404.8,24563.6
1603227600,24563.6,24887.8,24563.6,24700.8
1603314000,24700.8,24873.4,24519.6,24842
1603400400,24842,24964.3,24645.3,24950.2
1603746000,24950.2,24950.2,24551.4,24804.6
1603832400,24804.6,24809.6,24267,24376
1603918800,24376,24624,24220.8,24566.2
1604005200,24566.2,24566.2,23960.8,24144.8
1604268000,24144.8,24569,24144.8,24417.3
1604354400,24417.3,25168.8,24417.3,24851
1604440800,24851,25606.4,24640.9,25498.6
1604527200,25498.6,26039.7,25312.7,25905.4
1604613600,25905.4,25911.2,25559,25891
1604872800,25891,26873.4,25891,26524.9
1604959200,26524.9,26524.9,26069.9,26386.4
1605045600,26386.4,26449.4,26183.2,26412.5
1605132000,26412.5,26498.8,26079.6,26184.6
1605218400,26184.6,26296.4,25927,26296.1
1605477600,26296.1,26578.4,26210.7,26451.1
1605564000,26451.1,26527.8,26296.1,26461.7
1605650400,26461.7,26650.2,26373.6,26569
1605736800,26569,26569,26225.2,26400.5
1605823200,26400.5,26572.4,26332.6,26546
1606082400,26546,26708,26352.7,26439.4
1606168800,26439.4,26719.8,26412.6,26686.2
1606255200,26686.2,27083.9,26566,26700.2
1606341600,26700.2,26831.8,26631.3,26752.2
1606428000,26752.2,27041.2,26723.6,26955.5
1606687200,26955.5,26955.5,26286.4,26343.2
1606773600,26343.2,26697.7,26343.2,26697.7
1606860000,26697.7,26697.7,26332.1,26599.1
1606946400,26599.1,26822.6,26542.2,26719.4
1607032800,26719.4,26928.2,26651.9,26828.5
1607292000,26828.5,26828.5,26254.6,26511.8
1607378400,26511.8,26535.6,26277.7,26403.5
1607464800,26403.5,26694.5,26231.5,26234.6
1607551200,26234.6,26537.9,26234.6,26526.6
1607637600,26526.6,26725.3,26303.1,26358.2
1607896800,26358.2,26569.8,26298,26399.4
1607983200,26399.4,26405.8,26097.7,26364.4
1608069600,26364.4,26566.6,26304.3,26496.4
1608156000,26496.4,26706.5,26396.4,26619
1608242400,26619,26669,26343,26448.2
1608501600,26448.2,26515.2,25955.8,26295.6
1608588000,26295.6,26378.7,25990.4,26120.6
1608674400,26120.6,26395,26010.4,26384.9
1608760800,26384.9,26469.6,26244.8,26434.8
1609106400,26434.8,26561.2,26212,26431
1609192800,26431,26694,26431,26658.8
1609279200,26658.8,27302,26640.6,27176.3
1609365600,27176.3,27391.4,27176.3,27279.8
1609711200,27279.8,27569.2,27104,27163.2
1609797600,27163.2,27769,27163.2,27752.4
1609884000,27752.4,27842.6,27400.6,27821.8
1609970400,27821.8,27821.8,27408.3,27534.2
1610056800,27534.2,27993,27534.2,27852.1
1610316000,27852.1,28187,27756.1,27835.8
1610402400,27835.8,28324.4,27803.6,28251.8
1610488800,28251.8,28405.5,28167.7,28305
1610575200,28305,28604.7,28269.5,28474.8
1610661600,28474.8,28672.8,28312.6,28485.1
1610920800,28485.1,28954.8,28377.6,28925.9
1611007200,28925.9,29902.6,28925.9,29524.4
1611093600,29524.4,29976.4,29524.4,29956.9
1611180000,29956.9,30141.4,29777.1,29847.6
1611266400,29847.6,29885.6,29322.6,29506.6
1611525600,29506.6,30156.2,29506.6,29894.2
1611612000,29894.2,29954.7,29346.9,29641.4
1611698400,29641.4,29646.4,28943.4,29126.4
1611784800,29126.4,29185.9,28328.7,28960.2
1611871200,28960.2,28960.2,28034.2,28180.8
1612130400,28180.8,28930.8,28180.8,28778.8
1612216800,28778.8,29432.8,28778.8,29166.3
1612303200,29166.3,29298.1,28882.3,29153.6
1612389600,29153.6,29342.1,28684.6,29116.9
1612476000,29116.9,29430.9,29095.4,29380.2
1612735200,29380.2,29656.2,29167,29265
1612821600,29265,29621.5,29234.5,29577
1612908000,29577,30050.5,29577,29846.5
1612994400,29846.5,30090.5,29782,30085
1613426400,30085,30801.9,30085,30572.4
1613512800,30572.4,31088.6,30420.9,30924.6
1613599200,30924.6,31118.1,30167.4,30311.4
1613685600,30311.4,30855.1,30019.9,30716.2
1613944800,30716.2,30989.1,30051.2,30245.8
1614031200,30245.8,30911,30069.7,30437
1614117600,30437,30779.7,29552.5,29944.6
1614204000,29944.6,30366.7,29495.5,29522
1614290400,29522,29522,28829.5,29057.6
1614549600,29057.6,29507.1,29057.6,29485.6
1614636000,29485.6,29681.6,28871.4,29162.6
1614722400,29162.6,29882.5,29097.4,29489.3
1614808800,29489.3,29514.3,28819.3,28825
1614895200,28825,29357.3,28454.8,29130.6
1615154400,29130.6,29419.8,28405,28749
1615240800,28749,29176.8,28347.8,29168.6
1615327200,29168.6,29214.6,28701.1,28905.6
1615413600,28905.6,29501.5,28854,29435
1615500000,29435,29567.5,28563.9,28748.7
1615755600,28748.7,29129.4,28603.1,28997.1
1615842000,28997.1,29118.1,28838.1,29038.2
1615928400,29038.2,29233,28737.4,29194.6
1616014800,29194.6,29574.5,29126,29154.8
1616101200,29154.8,29240.5,28704.8,29040
1616360400,29040,29111,28721,29000
1616446800,29000,29030.5,28306.8,28436.6
1616533200,28436.6,28446,27760.4,27763.6
1616619600,27763.6,27980.9,27501.2,27959.4
1616706000,27959.4,28379.5,27951.6,28247.8
1616965200,28247.8,28544.5,28088.3,28467.5
1617051600,28467.5,28717.7,28371,28671.6
1617138000,28671.6,28794.7,28287.8,28556.5
1617224400,28556.5,29017.2,28460,28956
1617742800,28956,29140.8,28189,28355
1617829200,28355,29114,28355,28994.2
1617915600,28994.2,29131.5,28568,28671
1618174800,28671,28813.5,28243,28471.3
1618261200,28471.3,28860.8,28425,28637.8
1618347600,28637.8,28987,28637.8,28789.8
1618434000,28789.8,28932.7,28496,28929.4
1618520400,28929.4,29085.7,28686.7,29072.6
1618779600,29072.6,29339.5,28770.5,28878.6
1618866000,28878.6,29230.3,28716.6,28726.2
1618952400,28726.2,28771.6,28469.1,28708.2
1619038800,28708.2,28814,28541.6,28712
1619125200,28712,29186.2,28709.3,29181.2
1619384400,29181.2,29247.7,28771.2,28908
1619470800,28908,29048.4,28801,28975.4
1619557200,28975.4,29147.5,28849.2,29137.6
1619643600,29137.6,29421.5,29061.3,29194.2
1619730000,29194.2,29194.2,28596.5,28601
1619989200,28601,28700.7,28192.7,28482.4
1620075600,28482.4,28617.5,28162.5,28270.2
1620162000,28270.2,28688,28270.2,28526
1620248400,28526,28835.2,28354,28560.2
1620334800,28560.2,28890,28560.2,28789
1620594000,28789,28881.5,28399,28420.5
1620680400,28420.5,28420.5,27757.6,28063.3
1620766800,28063.3,28209.9,27843.8,27885.2
1620853200,27885.2,28051.4,27622.9,27874.4
1620939600,27874.4,28244.4,27701.4,28240.4
1621198800,28240.4,28276,28038,28260.8
1621285200,28260.8,28632.4,28260.8,28504.4
1621458000,28504.4,28543,28246.2,28505
1621544400,28505,28618.7,28266,28383.2
1621803600,28383.2,28505.6,28158.1,28502.8
1621890000,28502.8,29017.1,28436.5,28967.2
1621976400,28967.2,29325.1,28967.2,29218.2
1622062800,29218.2,29246.4,28971.9,29222.4
1622149200,29222.4,29390.7,29077.7,29202
1622408400,29202,29267.2,28930.8,29105.5
1622494800,29105.5,29535.3,29058.8,29444.8
1622581200,29444.8,29532.3,29217.1,29313.4
1622667600,29313.4,29394,28883,28919
1622754000,28919,29090.3,28735.3,29081.8
1623013200,29081.8,29081.8,28633.8,28868.2
1623099600,28868.2,29019.9,28656.2,28793.1
1623186000,28793.1,28898.1,28706.4,28763.4
1623272400,28763.4,28982.8,28669.8,28832.4
1623358800,28832.4,28995.1,28740.1,28795.1
1623704400,28795.1,28978.2,28435.6,28552.4
1623790800,28552.4,28652.8,28246.5,28292.5
1623877200,28292.5,28615.2,28171.5,28605.8
1623963600,28605.8,28842.5,28493.2,28603
1624222800,28603,28627,28306.1,28626.6
1624309200,28626.6,28626.6,28228,28387
1624395600,28387,28920.5,28387,28775.2
1624482000,28775.2,29002,28746.1,28970.3
1624568400,28970.3,29324.8,28948.8,29314.3
1624827600,29314.3,29337.9,29210.7,29278.5
1624914000,29278.5,29278.5,28851.2,28979.2
1625000400,28979.2,29099.2,28683.5,28740.5
1625173200,28740.5,28858.5,28184.8,28426.5
1625432400,28426.5,28426.5,27996.9,28134.8
1625518800,28134.8,28208,27827.5,27884.6
1625605200,27884.6,28013.7,27704.5,27881.8
1625691600,27881.8,27882.7,26942.7,27206.8
1625778000,27206.8,27714.2,26855.7,27702
1626037200,27702,27702,27351.5,27601.2
1626123600,27601.2,28018.1,27594.6,27853.8
1626210000,27853.8,27931,27665.6,27780.8
1626296400,27780.8,28185,27654.5,27881.5
1626382800,27881.5,28217.2,27781.2,27781.2
1626642000,27781.2,27781.2,27178,27223.4
1626728400,27223.4,27531.9,27045.7,27297.4
1626814800,27297.4,27412,26916.5,27399
1626901200,27399,27766.5,27399,27644.2
1626987600,27644.2,27698.7,27003.2,27055.2
1627246800,27055.2,27055.2,26106.7,26138.8
1627333200,26138.8,26339.7,24747.2,25228.8
1627419600,25228.8,26234,24867.5,26171
1627506000,26171,26349,25816,26127.6
1627592400,26127.6,26150.5,25624.3,25928
1627851600,25928,26306,25733.5,26196.2
1627938000,26196.2,26257.5,25768,26153.8
1628024400,26153.8,26647.5,25993.5,26422.5
1628110800,26422.5,26540.5,26113,26294.8
1628197200,26294.8,26294.8,25956,26075.6
1628456400,26075.6,26519,25859,26357.8
1628542800,26357.8,26556.9,26067.9,26460.9
1628629200,26460.9,26774.4,26339.9,26592.9
1628715600,26592.9,26659.4,26267.4,26298.9
1628802000,26298.9,26493.6,26131.6,26404.2
1629061200,26404.2,26442.8,26050.5,26168.8
1629147600,26168.8,26260.5,25611.5,25674.8
1629234000,25674.8,26014,25674.8,25862.8
1629320400,25862.8,25862.8,25161.8,25342.4
1629406800,25342.4,25394.6,24591.4,25028.4
1629666000,25028.4,25479.4,25028.4,25374.4
1629752400,25374.4,25810,25344.1,25756
1629838800,25756,25953.6,25531.6,25606.6
1629925200,25606.6,25681.1,25229.5,25392.6
1630011600,25392.6,25647.5,25295.5,25432
1630270800,25432,25611,25224.5,25559.8
1630357200,25559.8,25908.8,25131.1,25803.4
1630443600,25803.4,26228.1,25691.6,26223.8
1630530000,26223.8,26342.2,25976.8,25996.8
1630616400,25996.8,26067,25809.3,25945.2
1630875600,25945.2,26225,25774,26211.6
1630962000,26211.6,26448,26097.5,26384
1631048400,26384,26527.1,26120.9,26158.4
1631134800,26158.4,26158.4,25610.5,25823.2
1631221200,25823.2,26215,25796.7,25984.5
1631480400,25984.5,25984.5,25555.4,25850.9
1631566800,25850.9,25897.8,25312.1,25322.6
1631653200,25322.6,25423.1,24947.6,25060.4
1631739600,25060.4,25068.7,24490.5,24739
1631826000,24739,24941.7,24418.8,24803.2
1632085200,24803.2,24803.2,23683.2,23683.2
1632171600,23683.2,24271.5,23683.2,24137
1632344400,24137,24804,24137,24472.8
1632430800,24472.8,24608.5,23936,24003.5
1632690000,24003.5,24502.5,24003.5,24299.2
1632776400,24299.2,24653.5,24169.5,24268.2
1632862800,24268.2,24669,24002.5,24424.2
1632949200,24424.2,24624,24283,24561.2
1633294800,24561.2,24561.2,23785.3,23948.6
1633381200,23948.6,24281.9,23642.3,24277
1633467600,24277,24277,23743.9,24097.2
1633554000,24097.2,24873.7,24097.2,24808.7
1633640400,24808.7,25036.7,24558.7,25019.7
1633899600,25019.7,25381.2,24995.2,25036.2
1633986000,25036.2,25139.2,24817.2,24966.2
1634245200,24966.2,25478.3,24864.2,25458.4
1634504400,25458.4,25580.6,25078.1,25537.9
1634590800,25537.9,25988.7,25444.7,25988.7
1634677200,25988.7,26216,25862.5,26139.5
1634763600,26139.5,26222.5,25817.5,26020.6
1634850000,26020.6,26226,25951.5,26006.5
1635109200,26006.5,26192.7,25886.5,26142
1635195600,26142,26254,25807.5,25817.5
1635282000,25817.5,25822.2,25504.5,25623.5
1635368400,25623.5,25750,25412.5,25543
1635454800,25543,25543,25161.3,25191.6
1635714000,25191.6,25502.5,24944.5,25490
1635800400,25490,25647,24944,24974.8
1635886800,24974.8,25169.5,24771,25103.8
1635973200,25103.8,25248,24906,24926
1636059600,24926,25034,24688.5,24730
1636322400,24730,24905.4,24626,24883
1636408800,24883,24982.7,24653.7,24682.8
1636495200,24682.8,25041.8,24441.3,24833.2
1636581600,24833.2,25430.8,24777.3,25424.3
1636668000,25424.3,25536.3,25190.3,25362.3
1636927200,25362.3,25482.3,25188.3,25364.8
1637013600,25364.8,25753,25364.8,25597.6
1637100000,25597.6,25649,25367,25387
1637186400,25387,25387,24868,24938.5
1637272800,24938.5,25069,24787,24914.6
1637532000,24914.6,25100.5,24677,24772
1637618400,24772,24803,24537.5,24556
1637704800,24556,24857.5,24442.5,24593.6
1637791200,24593.6,24763.5,24509.5,24679
1637877600,24679,24679,23689.5,23807
1638136800,23807,24155.5,23654.5,23721.5
1638223200,23721.5,23877,23116,23480
1638309600,23480,23880.5,23449.5,23608.2
1638396000,23608.2,23845.4,23444.3,23576.4
1638482400,23576.4,23842.5,23317.5,23367
1638741600,23367,23715,23240.5,23705.6
1638828000,23705.6,24148.5,23500,24063
1638914400,24063,24187,23900,24155.5
1639000800,24155.5,24331,24015.5,24102.6
1639087200,24102.6,24219.5,23909,24056.6
1639346400,24056.6,24389,23684,23738.6
1639432800,23738.6,23811,23444.5,23638.5
1639519200,23638.5,23744.5,23069,23111.6
1639605600,23111.6,23692.6,23111.6,23467.6
1639692000,23467.6,23551.1,22989.1,23224.2
1639951200,23224.2,23224.2,22663.7,22775.7
1640037600,22775.7,23198.7,22743.2,23184.2
1640124000,23184.2,23246.7,22979.2,23194.6
1640210400,23194.6,23378.2,23024.7,23350.2
1640296800,23350.2,23407.2,23190.7,23247.7
1640642400,23247.7,23380,23103.7,23299
1640728800,23299,23314,22939,23057.5
1640815200,23057.5,23532,22971.5,23531
1640901600,23531,23608.5,23377.5,23416.5
1641160800,23416.5,23624,23136.5,23354
1641247200,23354,23437.5,23142.5,23263.6
1641333600,23263.6,23325.5,22861,23083
1641420000,23083,23247.1,22707.1,23192
1641506400,23192,23642,23138.1,23560
1641765600,23560,23790,23397.5,23565.5
1641852000,23565.5,23991.5,23521,23985.5
1641938400,23985.5,24564.9,23948.9,24490.4
1642024800,24490.4,24519.9,24293.5,24360
1642111200,24360,24465,24144.5,24371.5
1642370400,24371.5,24391,24086,24233.6
1642456800,24233.6,24380,23925.1,24099.6
1642543200,24099.6,24399.1,23940.1,24326.6
1642629600,24326.6,25240.1,24215.1,25079.6
1642716000,25079.6,25079.6,24681.4,24686.4
1642975200,24686.4,24788.9,23994.9,24187.4
1643061600,24187.4,24400.2,23995.7,24371.2
1643148000,24371.2,24506.7,24120.7,24318.2
1643234400,24318.2,24318.2,23565.5,23871.6
1643320800,23871.6,23902,23296.5,23514.6
1643580000,23514.6,23982.5,23451.5,23847.5
1643925600,23847.5,24599.2,23847.5,24575.8
1644184800,24575.8,24578.2,24329.7,24565.8
1644271200,24565.8,24757.2,24128.2,24699.8
1644357600,24699.8,25085.7,24671.2,25019.8
1644444000,25019.8,25147.2,24644.7,24951.7
1644530400,24951.7,25006.7,24722.7,24764.7
1644789600,24764.7,24764.7,24327.1,24347.2
1644876000,24347.2,24660.1,24212.6,24643.1
1644962400,24643.1,24743.1,24524.6,24712.6
1645048800,24712.6,24869.6,24513.6,24701.6
1645135200,24701.6,24762.6,24073.1,24139.6
1645394400,24139.6,24227.1,23954.6,23964.6
1645480800,23964.6,23964.6,23343.6,23494.6
1645567200,23494.6,23740.6,23378.1,23399.6
1645653600,23399.6,23403.6,22496.5,22770
1645740000,22770,23065,22660.5,23044.5
1645999200,23044.5,23044.5,22420,22721
1646085600,22721,22950.5,22415.5,22479
1646172000,22479,22704,22290.5,22492
1646258400,22492,22514.5,22080.5,22160
1646344800,22160,22160,21522.5,21591
1646604000,21591,21591,20797.9,21011.4
1646690400,21011.4,21311.4,20625.5,20910
1646776800,20910,21002.6,20096.6,20904.1
1646863200,20904.1,21086.9,20242.4,20358.4
1646949600,20358.4,20781,20046.5,20063.6
1647205200,20063.6,20224,19034.5,19067
1647291600,19067,19401.5,18134.1,18876.2
1647378000,18876.2,21123.7,18565.2,21106.8
1647464400,21106.8,21541.7,20756.2,21247.8
1647550800,21247.8,22206.7,20913.2,22115.8
1647810000,22115.8,22115.8,21068.2,21386.8
1647896400,21386.8,22256.7,21260.7,22063.8
1647982800,22063.8,22396.2,21688.5,21987.6
1648069200,21987.6,22221.5,21682,21804
1648155600,21804,21937.8,21281.3,21629.4
1648414800,21629.4,21891.3,21199.8,21819.4
1648501200,21819.4,22369.5,21710.8,22199.6
1648587600,22199.6,22427,22053,22200
1648674000,22200,22285.4,21741,21756
1648760400,21756,22446,21544,22174.6
1649019600,22174.6,22668,22118,22588
1649192400,22588,22588,21768,21966.5
1649278800,21966.5,22211.5,21553.8,21713.8
1649365200,21713.8,21942.8,21562.8,21867.8
1649624400,21867.8,21867.8,21103.2,21409.2
1649710800,21409.2,21509.5,20958,21221.5
1649797200,21221.5,21521.8,21118.5,21420.8
1649883600,21420.8,21590,21293,21347.6
1650315600,21347.6,21347.6,20787,20980.5
1650402000,20980.5,21213.8,20747.4,20767.4
1650488400,20767.4,20916.3,20264.7,20277.8
1650574800,20277.8,20708.7,20164.2,20348.8
1650834000,20348.8,20348.8,19651.3,19951.4
1650920400,19951.4,20271.6,19624.2,19708.2
1651006800,19708.2,20146.5,19675.1,20023.6
1651093200,20023.6,20304,19929,20226.6
1651179600,20226.6,21193.8,20021.3,20825.4
1651525200,20825.4,21313.8,20638.8,21113.4
1651611600,21113.4,21113.4,20709.5,21050
1651698000,21050,21311,20122,20255.6
1651784400,20255.6,20305,19687,19781.6
1652130000,19781.6,19781.6,19158,19479
1652216400,19479,20067.7,19428,19487.2
1652302800,19487.2,19702.7,19180.6,19225.6
1652389200,19225.6,20110.8,19225.6,20060.8
1652648400,20060.8,20207.9,19749.4,20177
1652734800,20177,20777.4,20135.9,20594.4
1652821200,20594.4,20710.8,20189.3,20189.8
1652907600,20189.8,20517.6,19898.1,20488.2
1652994000,20488.2,20820.1,20290.1,20392.2
1653253200,20392.2,20715,20292.4,20564
1653339600,20564,20564,19942.8,20005.8
1653426000,20005.8,20394.3,20005.8,20183.8
1653512400,20183.8,20684,19880.3,20663
1653598800,20663,20901.2,20518.7,20890.7
1653858000,20890.7,21270.2,20890.7,21112.2
1653944400,21112.2,21597,21037.1,21325.6
1654030800,21325.6,21456.7,20976,21125.6
1654117200,21125.6,21454,20879.2,21409
1654462800,21409,21891,21019.2,21626
1654549200,21626,21771.4,21401.9,21763
1654635600,21763,22153,21720.2,22114
1654722000,22114,22290.8,21577.7,21638.2
1654808400,21638.2,21935.2,21271.2,21434.2
1655067600,21434.2,21434.2,20583,20709.6
1655154000,20709.6,21159.5,20683.5,21002.6
1655240400,21002.6,21481.1,21002.6,21364.6
1655326800,21364.6,21572.7,20594.7,20618.2
1655413200,20618.2,21407.4,20618.2,20995.4
1655672400,20995.4,21303.6,20837.5,21259.6
1655758800,21259.6,21623.4,21160.2,21539
1655845200,21539,21539,20970.9,21248
1655931600,21248,21503.3,21006.4,21257.3
1656018000,21257.3,21871.2,21257.3,21851.8
1656277200,21851.8,22435.4,21851.8,22083
1656363600,22083,22589.5,21970.9,22221.5
1656450000,22221.5,22278.2,21823.7,22013.7
1656536400,22013.7,22105.2,21626.3,21879.4
1656882000,21879.4,22008.4,21432.1,21990.4
1656968400,21990.4,22204.4,21386.2,21675.2
1657054800,21675.2,21818.4,21266.9,21519.9
1657141200,21519.9,21991.6,21193.3,21946.6
1657227600,21946.6,22029.6,21565.6,21727.6
1657486800,21727.6,21727.6,20901.6,20996.6
1657573200,20996.6,21075.1,20774.6,20886.2
1657659600,20886.2,21037.6,20533.1,20839.6
1657746000,20839.6,20879.1,20394.6,20493.6
1657832400,20493.6,20650.1,20052.1,20310.2
1658091600,20310.2,20953.1,20269.1,20742.6
1658178000,20742.6,20916.6,20524.1,20889.1
1658264400,20889.1,21111.1,20678.2,20736.8
1658350800,20736.8,20834.7,20494,20705
1658437200,20705,20799,20388.5,20412.6
1658696400,20412.6,20672.5,20335.5,20647
1658782800,20647,20973,20598.5,20616.6
1658869200,20616.6,20794.5,20567,20754
1658955600,20754,20789.5,20340.5,20593.5
1659042000,20593.5,20687,19951,20053.6
1659301200,20053.6,20261.2,19849.2,19943.2
1659387600,19943.2,19981.8,19468.2,19825.2
1659474000,19825.2,19977,19660.7,19954.6
1659560400,19954.6,20383,19948,20237.6
1659646800,20237.6,20332.5,19939,20040.6
1659906000,20040.6,20194.5,19938.5,19986.6
1659992400,19986.6,20273.2,19847,19934.8
1660078800,19934.8,19958.2,19467.9,19821.4
1660165200,19821.4,20372.8,19802.1,20083.4
1660251600,20083.4,20239,19910,20161
1660510800,20161,20291,19968.6,20102.6
1660597200,20102.6,20201.5,19688,19966
1660683600,19966,20096.5,19795.5,19987
1660770000,19987,19996,19627.4,19706
1660856400,19706,19894.4,19534.9,19544.4
1661115600,19544.4,19814.4,19468.4,19582
1661202000,19582,19672.9,19347.2,19494.2
1661288400,19494.2,19528.8,19167.8,19265.3
1661374800,19265.3,20187.8,19265.3,20144.2
1661461200,20144.2,20673.3,20051.3,20154.8
1661720400,20154.8,20219.7,19859.2,20054.8
1661806800,20054.8,20103.2,19496.1,19506
1661893200,19506,20154.5,19503.5,19829.6
1661979600,19829.6,19829.6,19418.8,19530.8
1662066000,19530.8,19607,19296,19315.6
1662325200,19315.6,19364.2,19025.7,19263.8
1662411600,19263.8,19330.6,18909.1,18953.1
1662498000,18953.1,19116.8,18788.3,19111.2
1662584400,19111.2,19111.2,18727.1,18849.6
1662670800,18849.6,19399.6,18849.6,19256.2
1663016400,19256.2,19478.1,18835,18863.6
1663102800,18863.6,18965.9,18738.5,18799
1663189200,18799,18980.8,18766.8,18807.8
1663275600,18807.8,18897.8,18614.3,18665.3
1663534800,18665.3,18755.8,18479.8,18683.8
1663621200,18683.8,18852,18541,18587
1663707600,18587,18615,18225.5,18422
1663794000,18422,18422,17941.5,18089
1663880400,18089,18142,17688,17695
1664139600,17695,18069.5,17695,17832.4
1664226000,17832.4,17897.5,17508,17593.4
1664312400,17593.4,17661,17152,17640
1664398800,17640,17640,17004,17117.6
1664485200,17117.6,17336.5,17020.5,17161
1664744400,17161,17316,16894,17314
1664917200,17314,18170.5,17314,18008
1665003600,18008,18125.9,17832.9,17861.4
1665090000,17861.4,17866.4,17515.4,17518.9
1665349200,17518.9,17518.9,17038.4,17085.4
1665435600,17085.4,17213.9,16614.8,16668.2
1665522000,16668.2,17029.8,16416.3,16612.8
1665608400,16612.8,16707.3,16110.7,16665.2
1665694800,16665.2,17012.2,16360.2,16371.2
1665954000,16371.2,16888.7,16296.7,16849.8
1666040400,16849.8,16961,16522.2,16673
1666126800,16673,16918.6,16206.1,16212.6
1666213200,16212.6,16586.1,15995.1,16324.2
1666299600,16324.2,16371.6,16065.1,16358.2
1666558800,16358.2,16358.2,14777.1,15082.2
1666645200,15082.2,15426.6,14937.6,15160.6
1666731600,15160.6,15727.5,15030.6,15642.6
1666818000,15642.6,15828.5,15381,15442.6
1666904400,15442.6,15460,14787,15006
1667163600,15006,15127,14599,14764.6
1667250000,14764.6,15629.5,14764.6,15392.6
1667336400,15392.6,15862.5,15268.5,15808
1667422800,15808,15808,15187.7,15522.2
1667509200,15522.2,16515.2,15384.7,16439.2
1667772000,16439.2,16805.8,15894.8,16541.8
1667858400,16541.8,16701.3,16405.8,16569.6
1667944800,16569.6,16728.5,16071.5,16093
1668031200,16093,16847.5,15910.4,16798.6
1668117600,16798.6,17592.5,16798.6,17516
1668376800,17516,18169,17513.5,17733
1668463200,17733,18467.3,17546,18228.4
1668549600,18228.4,18409.8,17989.2,18035.8
1668636000,18035.8,18380.7,17699.7,18350.2
1668722400,18350.2,18441.2,17862.7,17915.8
1668981600,17915.8,17915.8,17366.3,17576.8
1669068000,17576.8,17753.8,17293.3,17510.8
1669154400,17510.8,17719.3,17373.8,17633.4
1669240800,17633.4,17763.3,17511.3,17710.8
1669327200,17710.8,17710.8,17396.8,17452.4
1669586400,17452.4,17643.3,16807.8,17501.3
1669672800,17501.3,18260.5,17467.8,18134
1669759200,18134,18912.5,17988.5,18900.6
1669845600,18900.6,19158.2,18605.7,18724.8
1669932000,18724.8,19121.6,18394.6,19049.2
1670191200,19049.2,19467.1,18953.1,18987.6
1670277600,18987.6,19503.1,18987.6,19301
1670364000,19301,19686.1,18629.6,18951.6
1670450400,18951.6,19549.5,18848.1,19489.6
1670536800,19489.6,19913,19346,19611
1670796000,19611,19706.5,19194.5,19281.6
1670882400,19281.6,20102,19281.6,19601.6
1670968800,19601.6,19866,19511,19651
1671055200,19651,19778,19195.5,19228.5
1671141600,19228.5,19612,19097,19305
1671400800,19305,19765.5,19168,19221.6
1671487200,19221.6,19265.5,18857.5,19084
1671573600,19084,19365.5,19021,19354
1671660000,19354,19777.5,19219.5,19229
1671746400,19229,19683,19229,19392.6
1672178400,19392.6,20109.5,19392.6,19666.6
1672264800,19666.6,20027,19507.5,19960.6
1672351200,19960.6,20079,19599.5,19609.6
1672696800,19609.6,20387.5,19239,20261.6
1672783200,20261.6,21337,20227,21237.6
1672869600,21237.6,21403,20969,21324
1672956000,21324,21397.5,20878.5,21340.6
1673215200,21340.6,21534,21216.5,21393
1673301600,21393,21529,21191,21528
1673388000,21528,21725,21357.5,21715.6
1673474400,21715.6,21736.5,21250.5,21692.6
1673560800,21692.6,21863,21479,21830.6
1673820000,21830.6,21956,21593,21624
1673906400,21624,21799.5,21418.5,21586.5
1673992800,21586.5,21807.5,21420,21505.6
1674079200,21505.6,21823,21369.5,21794.6
1674165600,21794.6,22199.5,21736.5,22198.5
1674684000,22198.5,22664,22198.5,22626.6
1674770400,22626.6,22701,22480.5,22650
1675029600,22650,22650,21976,22093
1675116000,22093,22261,21624,21851.5
1675202400,21851.5,22144.5,21691,21982
1675288800,21982,22300.5,21771,21879.6
1675375200,21879.6,21879.6,21448.1,21508.6
1675634400,21508.6,21508.6,21026.6,21216.2
1675720800,21216.2,21508.6,21076.2,21117.2
1675807200,21117.2,21457.2,21049.2,21126.2
1675893600,21126.2,21709.2,21100.7,21581.2
1675980000,21581.2,21581.2,20990.7,21027.2
1676239200,21027.2,21310.2,20777.7,21298.8
1676325600,21298.8,21298.8,20941.2,21083.7
1676412000,21083.7,21124.7,20696.7,20813.8
1676498400,20813.8,21296.7,20762.2,21004.2
1676584800,21004.2,21049.2,20465.7,20473.8
1676844000,20473.8,20955.2,20473.8,20868.2
1676930400,20868.2,20931.2,20458.7,20468.8
1677016800,20468.8,20609.2,20269.2,20269.2
1677103200,20269.2,20582.2,20035.7,20070.8
1677189600,20070.8,20222.2,19650.5,19691
1677448800,19691,20058.5,19691,19958.6
1677535200,19958.6,20168,19704.5,19847
1677621600,19847,20649.5,19787,20427
1677708000,20427,20628.5,20276,20622
1677794400,20622,20751,20468,20628
1678053600,20628,20719.5,20316,20623
1678140000,20623,21022.5,20280,20293
1678226400,20293,20293,19948.9,20022.4
1678312800,20022.4,20146,19609.5,19647.5
1678399200,19647.5,19648.5,19234,19287
1678654800,19287,19787.5,19287,19530
1678741200,19530,19631.5,19106.5,19516
1678827600,19516,19749.4,18994.9,19204.4
1678914000,19204.4,19376.9,19023.9,19339
1679000400,19339,19607,19151.9,19210
1679259600,19210,19396.9,18831.5,19159
1679346000,19159,19479,19015,19398
1679432400,19398,19840.9,19398,19746.4
1679518800,19746.4,20216.3,19506.9,19863.8
1679605200,19863.8,20120.3,19649.3,19859.2
1679864400,19859.2,19939.3,19489.8,19627.2
1679950800,19627.2,20166.3,19542.3,20133.8
1680037200,20133.8,20533.8,20113.5,20302
1680123600,20302,20581,19993,20519.5
1680210000,20519.5,20732.5,20296.5,20299
1680469200,20299,20495,20193.5,20403
1680555600,20403,20419.4,20090.8,20381.4
1680728400,20381.4,20554.4,20029.9,20525.9
1681160400,20525.9,20771.9,20305.8,20506.8
1681246800,20506.8,20546.8,20037.8,20051.2
1681333200,20051.2,20460.8,19869.8,20443.3
1681419600,20443.3,20521.3,20220.3,20293.8
1681678800,20293.8,20872.8,20259.8,20645.8
1681765200,20645.8,20759.7,20546.2,20571.2
1681851600,20571.2,20615.7,20275.7,20378.2
1681938000,20378.2,20469.9,20240.9,20260.4
1682024400,20260.4,20377.4,19903.4,20003.4
1682283600,20003.4,20139.4,19731.4,19828
1682370000,19828,19922.4,19368.9,19390.4
1682456400,19390.4,19925.4,19390.4,19729.4
1682542800,19729.4,20018.9,19653.9,20007.4
1682629200,20007.4,20185.4,19838.9,20052.4
1682974800,20052.4,20307.4,19607.9,19681
1683061200,19681,19733.6,19517.6,19701.2
1683147600,19701.2,20014.1,19650.1,19949.2
1683234000,19949.2,20215.6,19948.6,20181.6
1683493200,20181.6,20335.6,20066.1,20269.6
1683579600,20269.6,20307.1,19772.6,19915.1
1683666000,19915.1,19936.6,19689.1,19787.2
1683752400,19787.2,19933.1,19569.4,19891.4
1683838800,19891.4,19902.4,19444.4,19467.4
1684098000,19467.4,20235.4,19459.4,20226.4
1684184400,20226.4,20229.4,19860.3,19938.8
1684270800,19938.8,19999.9,19496.4,19726
1684357200,19726,19893.3,19451.1,19510.2
1684443600,19510.2,19607,19339,19448
1684702800,19448,19847.9,19408.4,19769
1684789200,19769,19769,19256.5,19287
1684875600,19287,19295.2,18834.1,18876.1
1684962000,18876.1,18950.1,18511.6,18536.2
1685307600,18536.2,18865.3,18492.3,18518.3
1685394000,18518.3,18670.2,18262.5,18328
1685480400,18328,18401.5,18028.5,18250
1685566800,18250,18618,18156.5,18560
1685653200,18560,19223.3,18520.8,19179.4
1685912400,19179.4,19179.4,18885.9,19147
1685998800,19147,19461,19035.3,19426
1686085200,19426,19440.5,19199,19235.6
1686171600,19235.6,19458.8,19091.9,19420.8
1686258000,19420.8,19480.9,19222.4,19368.4
1686517200,19368.4,19468.9,19243.9,19368.4
1686603600,19368.4,19663.8,19256.8,19556.8
1686690000,19556.8,19730.5,19359,19696.6
1686776400,19696.6,19973.7,19507.7,19955.8
1686862800,19955.8,20205.8,19872.3,19991.3
1687122000,19991.3,20028.3,19722.8,19912.3
1687208400,19912.3,19912.3,19290.1,19341.2
1687294800,19341.2,19371.1,19133.6,19231.2
1687467600,19231.2,19231.2,18651.3,18741.4
1687726800,18741.4,18993,18716,18857
1687813200,18857,19197.5,18787,19163
1687899600,19163,19202,18991.5,19095
1687986000,19095,19186.5,18785.5,18848
1688072400,18848,19073.5,18802,19001.6
1688331600,19001.6,19368.6,18978.1,19241.6
1688418000,19241.6,19455.6,19219.6,19358.2
1688504400,19358.2,19384,18999.5,19023.6
1688590800,19023.6,19023.6,18280.9,18359.4
1688677200,18359.4,18763.6,18222.8,18718.2
1688936400,18718.2,18785.1,18398.6,18626.2
1689022800,18626.2,18813.6,18545.1,18722.2
1689109200,18722.2,19202.4,18716.9,19182
1689195600,19182,19550.4,19125.4,19547
1689282000,19547,19547,19237.9,19279.4
1689627600,19279.4,19339.4,18777.9,18867.4
1689714000,18867.4,19115.4,18674.9,18939.9
1689800400,18939.9,19214.4,18837.5,18922
1689886800,18922,19183.5,18880.5,18939.6
1690146000,18939.6,19296.5,18529.5,19170.6
1690232400,19170.6,19601.5,19116.5,19383
1690318800,19383,19577.5,19253,19539
1690405200,19539,19720.2,19325.2,19356.2
1690491600,19356.2,20163.7,19356.2,20122.8
1690750800,20122.8,20381.2,20054.7,20307.2
1690837200,20307.2,20364.2,19821.6,19855.2
1690923600,19855.2,20000.6,19318.6,19364.6
1691010000,19364.6,19753,19354.1,19675
1691096400,19675,19873,19414.5,19434.6
1691355600,19434.6,19571.5,19278.5,19388.6
1691442000,19388.6,19388.6,18878.6,19057.2
1691528400,19057.2,19268.1,18995.6,19149.2
1691614800,19149.2,19481.3,18997.3,19252.4
1691701200,19252.4,19319.9,18717.4,18825.9
1691960400,18825.9,18825.9,18472.6,18642.2
1692046800,18642.2,18712.6,18295.6,18333.6
1692133200,18333.6,18416.6,18014.1,18043.6
1692219600,18043.6,18391.6,17863.6,18142.2
1692306000,18142.2,18309.6,17673.6,17779.6
1692565200,17779.6,17850.1,17531.6,17663.2
1692651600,17663.2,17959.3,17548.3,17651.8
1692738000,17651.8,18007.6,17651.8,17965.2
1692824400,17965.2,18259.9,17919.6,18047.4
1692910800,18047.4,18141.6,17792.6,17968.6
1693170000,17968.6,18539.3,17968.6,18299.4
1693256400,18299.4,18706.5,18237.7,18675.5
1693342800,18675.5,18749.7,18409.7,18579.8
1693429200,18579.8,18653.5,18259.1,18393.1
1693515600,18393.1,18393.1,18366,18366
1693774800,18366,18877.6,18366,18702.6
1693861200,18702.6,18702.6,18392.9,18454
1693947600,18454,18585.4,18232.4,18466.4
1694034000,18466.4,18466.4,17920.6,17975.2
1694379600,17975.2,18161,17815.5,18023
1694466000,18023,18162.6,17852.8,18131.2
1694552400,18131.2,18204.6,17931.1,18020.6
1694638800,18020.6,18202.6,17915.9,18151.2
1694725200,18151.2,18391.5,18027,18050.6
1694984400,18050.6,18101.5,17828.5,17936.6
1695070800,17936.6,18036,17808.5,17964
1695157200,17964,18051.2,17822.2,17950.2
1695243600,17950.2,17950.2,17533.3,17567.8
1695330000,17567.8,18162,17502.5,18030
1695589200,18030,18062.8,17601.8,17721.8
1695675600,17721.8,17721.8,17375.1,17464.2
1695762000,17464.2,17679.6,17452.6,17576.6
1695848400,17576.6,17636.1,17315.2,17479.2
1695934800,17479.2,17928.2,17431.2,17686.7
1696280400,17686.7,17686.7,17179.2,17261.2
1696366800,17261.2,17319.6,17081.3,17178.6
1696453200,17178.6,17321.6,17134.6,17297.6
1696539600,17297.6,17699.6,17297.6,17681.2
1696798800,17681.2,17686.6,17421.6,17604.6
1696885200,17604.6,17968.5,17604.6,17943.6
1696971600,17943.6,18184,17873.5,18095
1697058000,18095,18348.5,17855.5,17872.5
1697144400,17872.5,18004.5,17646,17710.5
1697403600,17710.5,17876,17588,17855.5
1697490000,17855.5,17855.5,17649.1,17753.6
1697576400,17753.6,17840.2,17530,17538.6
1697662800,17538.6,17544,17225.5,17264.6
1697749200,17264.6,17288,16990.5,17022
1698094800,17022,17482.8,16856.5,17462.8
1698181200,17462.8,17538.3,16992.7,17143.8
1698267600,17143.8,17165.2,16909.7,17125
1698354000,17125,17508.4,17079.9,17180
1698613200,17180,17562.4,17180,17364.4
1698699600,17364.4,17364.4,16959.9,17085.4
1698786000,17085.4,17194.9,16973.4,17134.2
1698872400,17134.2,17469.9,17134.2,17437.3
1698958800,17437.3,17871.8,17381.8,17851.4
1699221600,17851.4,18054.3,17829.8,17849.8
1699308000,17849.8,17901.3,17586.6,17719.1
1699394400,17719.1,17768.6,17545.8,17620.4
1699480800,17620.4,17625,17402.7,17413.2
1699567200,17413.2,17413.2,17147.7,17286.7
1699826400,17286.7,17624.2,17107.7,17556.2
1699912800,17556.2,17859.7,17353.7,17824.8
1699999200,17824.8,18400.2,17774.7,18267.2
1700085600,18267.2,18267.2,17533.9,17570
1700172000,17570,17701.3,17416.8,17647.4
1700431200,17647.4,17977.8,17539.3,17926.3
1700517600,17926.3,18077.3,17616.8,17682.8
1700604000,17682.8,17809.3,17604.6,17683.6
1700690400,17683.6,17953.8,17574.8,17845.4
1700776800,17845.4,17845.4,17528.3,17663.4
1701036000,17663.4,17685.8,17344.3,17503.8
1701122400,17503.8,17547.7,17281.7,17321.7
1701208800,17321.7,17390.1,16866.1,17009.6
1701295200,17009.6,17053.2,16849.7,16971.8
1701381600,16971.8,17062.8,16699.8,16898.4
1701640800,16898.4,17052.7,16631.7,16647.2
1701727200,16647.2,16685.7,16244.7,16388.2
1701813600,16388.2,16620.7,16256.7,16456.2
1701900000,16456.2,16456.2,16164.7,16424.6
1701986400,16424.6,16486.2,16238.2,16303.2
1702245600,16303.2,16344.7,15964.2,16334.2
1702332000,16334.2,16442.4,16165.7,16386
1702418400,16386,16386,16115.9,16154.4
1702504800,16154.4,16714.4,16154.4,16635.4
1702591200,16635.4,16990.4,16630.4,16690.4
1702850400,16690.4,16721.9,16476.9,16541
1702936800,16541,16758.9,16409.4,16720.4
1703023200,16720.4,16764.7,16496.2,16499.8
1703109600,16499.8,16712.6,16365.7,16672.2
1703196000,16672.2,16862.1,16263.6,16522.6
1703541600,16522.6,16523.2,16522.6,16523.2
1703628000,16523.2,16718.1,16432.1,16633.2
1703714400,16633.2,17138.3,16629.6,17025.4
1703800800,17025.4,17133.5,16982.5,17096
1704146400,17096,17192.5,16572,16626
1704232800,16626,16724.5,16512,16708
1704319200,16708,16708,16515,16547
1704405600,16547,16759.5,16449.5,16543.7
1704664800,16543.7,16610.2,16140.7,16331.2
1704751200,16331.2,16419.7,16080.1,16107.1
1704837600,16107.1,16257.6,16033.7,16116.7
1704924000,16116.7,16459.7,16090.7,16196.7
1705010400,16196.7,16389.7,16147.7,16277.8
1705269600,16277.8,16342.3,16071.3,16134.3
1705356000,16134.3,16196.3,15738.3,15764.3
1705442400,15764.3,15764.3,15149.3,15256.8
1705528800,15256.8,15451.1,15171.3,15370.1
1705615200,15370.1,15529.1,15200.1,15442.6
1705874400,15442.6,15448.1,14777.6,15122.6
1705960800,15122.6,15682.6,14980.6,15622.6
1706047200,15622.6,16243.1,15405.6,16077.6
1706133600,16077.6,16303.6,15818.1,16071.6
1706220000,16071.6,16242.1,15883.1,16067.6
1706479200,16067.6,16277.6,15761.2,15816.2
1706565600,15816.2,15925.7,15564.2,15648.7
1706652000,15648.7,15749.7,15409.7,15577.2
1706738400,15577.2,15808.7,15418.7,15640.9
1706824800,15640.9,15923.4,15295.9,15372.9
1707084000,15372.9,15683.4,15255.4,15599.9
1707170400,15599.9,16275.3,15527.4,16236.8
1707256800,16236.8,16419.8,15955.3,15993.3
1707343200,15993.3,16091.8,15703.8,15735.3
1707429600,15735.3,15751.8,15515.8,15726.8
1707861600,15726.8,15991.8,15422.8,15914.3
1707948000,15914.3,16060.3,15723.8,15995.8
1708034400,15995.8,16407.8,15926.3,16349.3
1708293600,16349.3,16359.8,16128.3,16190.3
1708380000,16190.3,16352.9,16043.8,16180.4
1708466400,16180.4,16766.9,16147.4,16445.9
1708552800,16445.9,16789.9,16408.9,16646.9
1708639200,16646.9,16889.9,16609.4,16713.4
1708898400,16713.4,16762.4,16570.9,16650.4
1708984800,16650.4,16858.4,16433.9,16848.9
1709071200,16848.9,16869.9,16369.9,16409.9
1709157600,16409.9,16685.4,16375,16420
1709244000,16420,16656.5,16160.5,16613.5
1709503200,16613.5,16669.5,16365.5,16391.5
1709589600,16391.5,16453.7,16074.7,16170.2
1709676000,16170.2,16559.7,16134.7,16477.2
1709762400,16477.2,16522.6,16126.7,16310.2
1709848800,16310.2,16504.9,16260.4,16355.4
1710104400,16355.4,16742.4,16355.4,16694.4
1710190800,16694.4,17186.4,16614.2,17056.9
1710277200,17056.9,17229.9,17023.2,17129.9
1710363600,17129.9,17212.4,16752.9,16770.4
1710450000,16770.4,16819.4,16534.9,16718.9
1710709200,16718.9,16799.4,16621.9,16654.4
1710795600,16654.4,16676.9,16459.9,16614.4
1710882000,16614.4,16701.5,16416,16685
1710968400,16685,16992.5,16685,16737.7
1711054800,16737.7,16770.2,16328.2,16499.2
1711314000,16499.2,16626.7,16405.2,16498.2
1711400400,16498.2,16764.1,16476.1,16566.6
1711486800,16566.6,16619.6,16371.6,16481.6
1711573200,16481.6,16770.1,16378.1,16647.6
1712005200,16647.6,17053.6,16647.6,16931.1
1712091600,16931.1,16940.4,16673.4,16822.9
1712264400,16822.9,16831.3,16457.8,16729.8
1712523600,16729.8,16895.8,16551.8,16785.3
1712610000,16785.3,17017.3,16785.3,16910.3
1712696400,16910.3,17203.3,16833.8,16846.3
1712782800,16846.3,17143.6,16761.8,16972.1
1712869200,16972.1,17012.6,16441.1,16449.1
1713128400,16449.1,16637.6,16369.6,16393.6
1713214800,16393.6,16428.6,16131.6,16222.6
1713301200,16222.6,16288.6,16130.6,16186.6
1713387600,16186.6,16487.1,16171.6,16334.6
1713474000,16334.6,16359.6,16006.6,16311.1
1713733200,16311.1,16671.1,16311.1,16663.6
1713819600,16663.6,16922.1,16590.6,16914.1
1713906000,16914.1,17243.1,16914.1,17166.6
1713992400,17166.6,17458.1,17086.6,17310.5
1714078800,17310.5,17767,17310.5,17607.5
1714338000,17607.5,18041.5,17607.5,17751
1714424400,17751,17895,17604.7,17613.2
1714597200,17613.2,18661.3,17613.2,18602.8
1714683600,18602.8,18776.8,18384.8,18607.8
1714942800,18607.8,18720.8,18416.8,18620.8
1715029200,18620.8,18661.8,18444.7,18498.7
1715115600,18498.7,18642,18239,18368.5
1715202000,18368.5,18713.7,18297.4,18683.2
1715288400,18683.2,19105.7,18644.2,18964.7
1715547600,18964.7,19314.6,18825.6,19248.6
1715634000,19248.6,19324.8,18975.8,19084.3
1715806800,19084.3,19623.5,19084.3,19602
1715893200,19602,19794.9,19361.9,19726.4
1716152400,19726.4,19732.4,19495.4,19522.4
1716238800,19522.4,19531.2,19163.7,19242.2
1716325200,19242.2,19378.3,19038.3,19053.8
1716411600,19053.8,19082.2,18647.6,18660.1
1716498000,18660.1,18870.9,18535.2,18693.2
1716757200,18693.2,18865.1,18509.1,18823.6
1716843600,18823.6,18983.1,18680.1,18705.1
1716930000,18705.1,18705.1,18373.8,18404.8
1717016400,18404.8,18505,18141,18426
1717102800,18426,18510.5,18034.5,18161.5
1717362000,18161.5,18561.5,18161.5,18269
1717448400,18269,18548.1,18247.6,18460.1
1717534800,18460.1,18736.6,18374.6,18498.1
1717621200,18498.1,18700.4,18377.9,18567.9
1717707600,18567.9,18602.4,18120.9,18139.9
1718053200,18139.9,18278,17967.3,18077.5
1718139600,18077.5,18161.1,17832.6,18069.1
1718226000,18069.1,18185.2,17919.2,17974.2
1718312400,17974.2,18102.5,17763,17805
1718571600,17805,18127.9,17701.9,18022.9
1718658000,17977.5,18072.5,17840.5,18035
1718744400,18067.7,18467.9,18029.2,18401.4
1718830800,18433.4,18522.4,18153.4,18209.9
1718917200,18139.9,18214.9,17960.4,17992.4
1719176400,17894.4,18272.9,17786.9,18163.4
1719262800,18152.6,18242.6,17925.1,17965.6
1719349200,17911.5,18162.8,17901.5,17965.3
1719435600,17887.8,17939.3,17613.7,17646.7
1719522000,17585.7,17890.2,17552.2,17687.8
1719867600,17632,18011,17625.5,17895.5
1719954000,17869.6,18173.6,17818.1,18125.6
1720040400,18089.2,18148.7,17945.3,18038.8
1720126800,18042.8,18108.3,17598.3,17724.8
1720386000,17599.2,17720.2,17431.2,17486.2
1720472400,17492.2,17629.7,17360.2,17604.2
1720558800,17628.2,17774.2,17444.2,17585.2
1720645200,17618.2,18010.4,17603.2,17944.4
1720731600,17997.5,18392.6,17982.5,18234.6
1720990800,18211.7,18235.7,17808.2,17842.2
1721077200,17819.2,17882.2,17626.7,17814.2
1721163600,17736.2,17812.7,17624.2,17652.2
1721250000,17638.2,17870,17555,17562
1721336400,17550.5,17616,17357.5,17426.5
1721595600,17482,17748,17296.5,17720.5
1721682000,17711.5,17719,17396.5,17462.5
1721768400,17433.5,17518,17220,17230.5
1721854800,17247.5,17293.5,16966.3,17081.8
1721941200,17090.8,17222.8,16920.3,17136.8
1722200400,17208.8,17369.3,17142.3,17181.3
1722286800,17150.8,17194.3,16974.5,17034.5
1722373200,17121.1,17434.1,17017.1,17363.1
1722459600,17309.6,17416.6,17027.1,17032.6
1722546000,16973.1,17065.1,16810.6,16891.1
1722805200,16632.1,16943.6,16424.1,16767.6
1722891600,16873.6,16921.1,16506.5,16710.5
1722978000,16656,17007.5,16640,16736.5
1723064400,16770.5,17159.5,16653.5,17150.5
1723150800,17117.5,17267.5,16978.5,17059
1723410000,17132,17189,16999.5,17153
1723496400,17112.7,17299.2,17066.2,17295.7
1723582800,17275.4,17288.9,16954.9,17014.9
1723669200,17000.1,17326.7,16913.1,17302.2
1723755600,17297.2,17592.4,17255.2,17574.9
1724014800,17570.4,17769.9,17557.9,17741.9
1724101200,17724.9,17730.4,17319.4,17355.4
1724187600,17309.9,17524.4,17247.9,17514.4
1724274000,17504.4,17678.6,17393.6,17481.6
1724360400,17477.4,17786.4,17474.4,17728.9
1724619600,17758.1,17841.1,17628.6,17683.6
1724706000,17630.6,17933.8,17627.1,17871.3
1724792400,17818,17903.5,17606.5,17670
1724878800,17632.8,17872.1,17522.6,17814.6
1724965200,17797.1,18234.1,17784.1,17854.6
1725224400,17846.3,17851.8,17634.3,17724.8
1725310800,17684.9,17727.9,17500.8,17534.8
1725397200,17468.1,17576.1,17328.1,17495.6
1725483600,17511,17566,17331,17455
1725829200,17276.5,17308,17056,17216
1725915600,17183,17285.5,17010.5,17066
1726002000,16989.4,17231.1,16933.4,17210.6
1726088400,17164.5,17344.8,17118.5,17281.3
1726174800,17313.1,17558.6,17300.1,17335.6
1726434000,17255.2,17456.7,17171.7,17407.7
1726520400,17405.2,17725.7,17377.7,17638.7
1726693200,17704.2,18190,17584.2,18161
1726779600,18065.6,18367.1,18037.6,18193.3
1727038800,18239.8,18529.3,18213.3,18448.8
1727125200,18545,19759.7,18515,19748.2
1727211600,19637.2,19671.2,19084.2,19336.2
1727298000,19343.2,20685.2,19166.7,20566.7
1727384400,20367.7,20948.7,20240.7,20804.2
1727643600,21191.7,21473.7,20590.2,20650.2
1727816400,21276.7,22743.2,21224.2,22302.2
1727902800,22575.7,22577.2,21472.2,22045.7
1727989200,21936.2,22830.2,21820.7,22551.2
1728248400,22876.2,23277.2,22732.2,23134.2
1728334800,22920.7,23022.7,20593.2,20913.7
1728421200,21193.7,21417.2,20199.2,21021.7
1728507600,21126.2,21610.2,20957.2,21224.7
1728853200,20982.7,21385.2,20686.7,21083.2
1728939600,21039.2,21102.7,20051.2,20055.7
1729026000,20181.2,20553,20112.2,20455.5
1729112400,20410,20776.5,19838.9,19951.4
1729198800,20042.9,20951.4,20029.4,20754.4
1729458000,20798.9,20839.4,20255.9,20378.9
1729544400,20296.4,20718.9,20295.9,20595.4
1729630800,20542.4,20925.4,20428.4,20488.9
1729717200,20575.9,20667.4,20258.9,20387.4
1729803600,20459.4,20762.4,20445.4,20488.9
1730062800,20555.7,20783.7,20388.7,20711.2
1730149200,20661.2,21094.2,20527.2,20713.7
1730235600,20684.2,20696.7,20209.2,20433.2
1730322000,20401,20517,20148.5,20362.5
1730408400,20377.2,20661.7,20298.2,20462.2
1730671200,20585.2,20731.7,20430.7,20532.7
1730757600,20480,21045,20350.5,20938
1730844000,20825.5,20858.5,20206,20503
1730930400,20400.8,21317.3,20322.3,21274.3
1731016800,21245.3,21348.8,20154.3,20259.8
1731276000,20262.3,20483.3,20126.3,20282.3
1731362400,20261.3,20510.8,19547.3,19613.3
1731448800,19600.8,19953.3,19563.3,19585.8
1731535200,19604.6,19833.6,19341.3,19444.3
1731621600,19502.8,19608.3,19321.3,19429.8
1731880800,19595.7,19774.2,19462.7,19739.7
1731967200,19729.2,19770.2,19397.4,19598.9
1732053600,19587.4,19761.9,19568.4,19602.4
1732140000,19588.9,19769.9,19479.9,19578.4
1732226400,19627.9,19708.4,19032.9,19193.4
1732485600,19339.4,19374.4,19101.4,19241.9
1732572000,19004.9,19303.6,18955.4,19150.6
1732658400,19174.5,19697.5,19077.5,19648
1732744800,19601.7,19613.2,19312.7,19396.2
1732831200,19345.7,19667.7,19307.7,19599.2
1733090400,19525.1,19693.1,19389.1,19559.6
1733176800,19552.6,19785.5,19371.6,19731
1733263200,19701.5,19835.5,19533,19574
1733349600,19578.5,19664,19444.5,19602
1733436000,19632.5,19964.5,19572.5,19772.5
1733695200,19739.5,21339,19688.5,21317
1733781600,21129.4,21189.4,20212.9,20408.4
1733868000,20410.9,20522.9,20087.4,20165.4
1733954400,20203.4,20572.4,20048.4,20181.9
1734040800,20208.4,20247.9,19850.9,19931.9
1734300000,19945.9,20061.9,19670.9,19724.4
1734386400,19682.9,19941.4,19607.9,19841.4
1734472800,19900.9,19966.4,19748.4,19827.4
1734559200,19576.9,19848.8,19553.4,19697.8
1734645600,19664.3,19902.2,19629.8,19864.7
1734904800,19872.7,19944.7,19739.2,19897.7
1734991200,19874.2,20149.5,19868.7,20141
1735250400,20156.5,20166.5,19974.5,20062
1735509600,20039,20161,19829,19923.5
1735596000,19935.5,20130.5,19913,20043.5
1735768800,19940.8,19956.8,19449.8,19535
1735855200,19641.5,19896.5,19583,19789
1736114400,19850.5,20148.5,19593.5,19634
1736200800,19597.5,19667,19251.5,19416
1736287200,19456,19497,19095.5,19233.5
1736373600,19264,19412,19227,19294
1736460000,19316,19378.5,18888,18947.5
1736719200,18920.1,18944.1,18662.6,18871.2
1736805600,18905.7,19341.7,18901.7,19190.7
1736892000,19186.2,19471.7,19150.2,19403.2
1736978400,19427.2,19685.2,19343.7,19460.7
1737064800,19486.7,19988.6,19413.2,19820.1
1737324000,19873.1,20394.7,19799.6,20279.2
1737410400,20204.7,20248.2,19886.2,20018.7
1737496800,20001.2,20059.2,19751.7,19909.2
1737583200,19938.7,20068.7,19657.1,19792.1
1737669600,19813.1,20193,19778.1,20129.5
1737928800,20116.5,20488.5,20061,20387
1738015200,20390,20409.5,20185.5,20265.5
1738533600,19895.5,20643.5,19743,20466
1738620000,20453.5,21032,20290.5,20948
1738706400,20909.5,20914.5,20425,20651.5
1738792800,20608.5,20960.5,20540,20876
1738879200,20897.5,21399.5,20812,21113
1739138400,21206.5,21629,21192,21541
1739224800,21583.5,21690,21280.3,21526.8
1739311200,21566.8,22131.3,21428.8,22041.3
1739397600,22024.8,22539.3,21631.8,21922.3
1739484000,22002.8,22670.3,21975.8,22502.8
1739743200,22650.8,22969.3,22328.3,22680.8
1739829600,22641.3,23143.8,22609.8,22743.8
1739916000,22776.3,22964.3,22624.3,22725.8
1740002400,22692.8,23297.8,22428.8,23011.3
1740088800,23062.3,23707.3,22885.3,23404.3
1740348000,23400,23672,22758.5,22814.5
1740434400,22783.5,23223.5,22708,23122
1740520800,23205.5,23974.5,23195.5,23641
1740607200,23733,24034.5,23389.5,23697
1740693600,23497.5,23604.5,22758,22908
1740952800,23073.5,23355,22819,22883.5
1741039200,22723.6,22985,22502.6,22983
1741125600,23173.4,23919.9,23023.9,23919.9
1741212000,23972.8,24406.3,23885.8,24007.3
1741298400,24111.8,24649.3,23932.8,24090.3
1741554000,24018.3,24279.3,23263.3,23274.3
1741640400,23202.8,23912.8,23196.3,23717.3
1741726800,23840.7,23914.7,23325.2,23561.7
1741813200,23634.2,23775.2,23180.2,23755.2
1741899600,23737.5,24251,23468.5,24185
1742158800,24205.5,24695.5,24060.5,24658.5
1742245200,24660.5,24848,24483.5,24699.5
1742331600,24735,24905.5,24571,24695
1742418000,24726,24760,23962.5,24037.5
1742504400,24081,24230,23508.1,23640.1
1742763600,23710.6,23961.1,23533.1,23593.6
1742850000,23615.6,23739.6,23312.1,23465
1742936400,23490.5,23603,23357,23421
1743022800,23484.5,23886.5,23392.5,23758.5
1743109200,23724,23762,23169.5,23222.5
1743368400,23131,23376.5,22933,23187.5
1743454800,23210,23463.5,23042,23123.5
1743541200,23168,23375,22945,23062
1743627600,22536.3,22947.3,22513.8,22747.8
1743973200,20679,21040,19272.5,19583
1744059600,19544.5,20393.5,19255,19261.5
1744146000,19123.5,20433.5,19079.5,20156
1744232400,20660,21169.5,20134,20588
1744318800,20470.5,21126.7,20392.5,21045.2
1744578000,21384.7,21668.7,21205.2,21579.2
1744664400,21560.2,21603.2,21281.7,21445.2
1744750800,21302.2,21357.7,20840.7,20994.2
1744837200,21133.7,21475.2,21019.7,21272.7
1745269200,21224.2,21853.2,21164.2,21748.7
1745355600,22098.2,22380.2,21854.7,22060.2
1745442000,22048.2,22180.5,21712.5,22154.5
1745528400,22144,22275,21914.5,22046
1745787600,22089.5,22110.5,21792,21988
1745874000,22070,22194.5,21899.5,21997
1745960400,21947.7,22110.2,21789.7,21947.2
1746133200,22217.2,22646.7,21998.2,22607.7
1746478800,22598.2,22954.2,22366.7,22856.7
1746565200,23184.9,23192.4,22449.4,22527.9
1746651600,22561,22930.3,22506,22814.8
1746738000,22855.8,22981.8,22676.8,22840.3
1746997200,23244.5,23705,22972.5,23476
1747083600,23440,23481,23037,23369
1747170000,23295.1,23709.6,23265.1,23621.6
1747256400,23618.5,23697,23176.5,23272.5
1747342800,23228.3,23382.6,23162.8,23316.6
1747602000,23172.6,23440.1,23043.1,23426.6
1747688400,23422.6,23770.6,23335.6,23701.6
1747774800,23703.7,23927.2,23671.2,23678.7
1747861200,23762.4,23774.4,23447.1,23537.1
1747947600,23545.1,23749.6,23303.6,23505.1
1748206800,23587,23592,23214.5,23239
1748293200,23181.5,23394.5,23147,23354.5
1748379600,23344.5,23442,23062.8,23098.3
1748466000,23264.6,23607,23165.6,23339
1748552400,23291.7,23355.2,22946.7,23047.7
1748811600,23020.1,23280.6,22650.6,23274.6
1748898000,23241.2,23548.7,23222.7,23533.2
1748984400,23523.4,23825.9,23478.4,23791.4
1749070800,23816.6,24087.1,23734.1,23949.6
1749157200,23931.4,23958.4,23749.9,23901.4
1749416400,23932.8,24219.8,23931.8,24205.8
1749502800,24206.2,24306.2,24012.7,24201.2
1749589200,24213.6,24455.6,24169.1,24303.1
1749675600,24262.2,24293.2,23998.2,24204.2
1749762000,23902.2,24093.2,23744.1,23769.1
1750021200,23823.8,24272.3,23703.8,24134.3
1750107600,24070.2,24123.2,23794.7,23821.7
1750194000,23885.6,23892.1,23535.1,23552.6
1750280400,23540.1,23634.6,23113.1,23189.1
1750366800,23262.6,23624.1,23261.1,23413.6
1750626000,23305.1,23738.1,23242.1,23726.6
1750712400,23852.6,24364.1,23818.6,24352.1
1750798800,24325.8,24526.8,24259.8,24332.8
1750885200,24318.3,24424.8,24203.8,24347.8
1750971600,24370.8,24435.8,24135.3,24155.8
1751230800,24255,24260,23970.5,24145
1751403600,24228.7,24349.7,24056.4,24163.4
1751490000,24188.2,24234.2,23882.7,23945.7
1751576400,23824.7,24043.2,23651.7,23853.7
1751835600,23793.2,23977.2,23666.2,23831.2
1751922000,23895.2,24139.7,23850.2,24074.7
1752008400,24034.7,24053.2,23790.2,23842.7
1752094800,23837.2,24066.2,23786.2,24018.7
1752181200,24021.2,24513.2,23992.7,24073.7
1752440400,24052.7,24268.2,24028.7,24246.7
1752526800,24277.2,24627.7,24106.7,24607.2
1752613200,24603.2,24860.2,24391.2,24557.7
1752699600,24565.2,24669.2,24394.7,24664.7
1752786000,24702.7,25064.2,24600.7,24880.7
1753045200,24972.7,25117.7,24828.2,25032.7
1753131600,25034.7,25340.7,24897.2,25304.2
1753218000,25391.2,25574.7,25214.2,25538.7
1753304400,25499.2,25738.2,25473.7,25523.7
1753390800,25522.7,25575.7,25251.4,25390.9
1753650000,25430.9,25644.4,25357.9,25363.9
1753736400,25386.4,25521.1,25215.4,25335.6
1753822800,25287.7,25450.7,24895.2,24899.7
1753909200,24915.7,24959.3,24665.3,24716.3
1753995600,24741.3,24840.8,24246,24281.5
1754254800,24445.5,24763,24351.5,24714
1754341200,24708,24911,24640.5,24814
1754427600,24830.5,24957,24740,24907
1754514000,24966,25089.7,24794.7,24880.7
1754600400,24916.2,24965.7,24785.7,24942.2
1754859600,24905.7,24947.7,24725.2,24769.2
1754946000,24802.7,25191.2,24763.2,25152.7
1755032400,25129.3,25860.9,25125.8,25753.9
1755118800,25773.3,25777.8,25243.3,25318.8
1755205200,25273.8,25336.8,25141.7,25211.2
1755464400,25263.7,25460.2,25149.7,25224.7
1755550800,25224.7,25251,24963.5,24974.5
1755637200,24943,25218.5,24858.5,25168.5
1755723600,25206.5,25209.5,24989.5,25188
1755810000,25213,25754,25140.5,25722.5
1756069200,25668.1,25946.1,25605.6,25703.6
1756155600,25713.9,25832.9,25479.4,25608.9
1756242000,25649.7,25673.2,24915.7,24992.7
1756328400,25052.2,25205.2,24818.2,25186.2
1756414800,25153.4,25435.9,24961.4,25408.9
1756674000,25447,25648.5,25433.5,25512.5
1756760400,25525.8,25722.3,25225.3,25479.3
1756846800,25627.3,25787.3,25245.8,25360.3
1756933200,25424,25499.5,24918,25056.5
1757019600,25108.7,25509.7,25072.2,25370.2
1757278800,25408.2,25675.7,25382.7,25675.2
1757365200,25677.1,26042.1,25664.6,25965.6
1757451600,26013.4,26313.4,25973.9,25992.9
1757538000,25977.8,26476.8,25877.8,26448.3
1757624400,26462.8,26583.3,26273.3,26372.3
1757883600,26325.1,26649.6,26283.6,26491.1
1757970000,26542.1,26606.6,26324.6,26594.1
1758056400,26579.6,26965.1,26535.6,26792.1
1758142800,26847.6,27054.6,26333.6,26592.6
1758229200,26550.6,26675.6,26396.6,26508.6
1758488400,26466.7,26480.2,26199.7,26381.7
1758574800,26382.2,26424.7,26023.7,26163.7
1758661200,26160.3,26570.1,26055.8,26376.1
1758747600,26419.1,26644.6,26299.1,26356.1
1758834000,26319.6,26417.8,26082.3,26285.8
1759093200,26343.2,26767.7,26340.7,26714.7
1759179600,26692.7,26937.2,26568.7,26796.7
1759352400,26876.2,27401.1,26872.2,27238.6
1759438800,27240.1,27260.6,26961.1,27108.6
1759698000,27051.7,27148.2,26861.2,27125.2
1759870800,26858.2,26915.7,26487.2,26816.7
1759957200,26863.2,26965.2,26294.7,26308.7
1760043600,26413.2,26532.2,24918.7,24924.2
1760302800,25533.2,25874.7,25292.7,25724.2
1760389200,25860.2,26040.2,25278.2,25710.7
1760475600,25735.2,25977.2,25564.2,25829.2
1760562000,25826.2,26051.2,25682.2,25836.7
1760648400,25809.4,25880.9,25123.9,25846.9
1760907600,25884.9,26215.4,25720.9,26210.9
1760994000,26196.4,26381.9,25844.9,25893.4
1761080400,25861.4,25938.4,25503.4,25621.4
1761166800,25692.4,26186.7,25578.4,26147.2
1761253200,26171.7,26311.2,26055.7,26245.7
1761512400,26444.2,26572.2,26334.7,26536.7
1761598800,26556.2,26648.7,26268.2,26645.2
1761771600,26682.3,26694.8,26083.1,26236.6
1761858000,26283.8,26290.3,25767.8,25959.3
1762120800,25998.8,26215.8,25912.8,26115.3
1762207200,26067.8,26278.3,25727.3,25899.8
1762293600,25612.8,26142.9,25466.8,26132.4
1762380000,26083,26559.4,26028,26400.4
1762466400,26371.4,26373.4,25938.4,26098.4
1762725600,26345,26663,26270,26621.5
1762812000,26651,26845.4,26508.4,26837.4
1762898400,26812.7,27027.2,26747.2,26870.7
1762984800,26793.2,27175.1,26613.1,26670.6
1763071200,26645.1,26860.1,26359.6,26483.1
1763330400,26481.5,26525,26139.5,26141.5
1763416800,26134,26163,25807,26016.5
1763503200,25985.5,26023,25662,25778
1763589600,25988,26037.5,25418.3,25455.8
1763676000,25534.3,25572.8,25028.8,25542.8
1763935200,25520.8,25869.3,25359.8,25859.8
1764021600,25866.8,26109.5,25744,25968
1764108000,26103.5,26165.5,25751.5,25929
1764194400,25849.5,26132.5,25832.5,25949.5
1764280800,25983,26095,25826,26054
1764540000,25876.5,26250,25866.5,26245.5
1764626400,26198.4,26274.9,25922.5,25970.5
1764712800,25983.7,26002.2,25659.2,25808.7
1764799200,25806.6,25999.6,25648.1,25869.1
1764885600,25893.6,26156.1,25766.6,26079.6
1765144800,26074.1,26161.6,25644.6,25702.6
1765231200,25767.1,25807.6,25311.4,25371.9
1765317600,25383.9,25621.4,25238.4,25572.9
1765404000,25644.4,25792.9,25457.4,25770.4
1765490400,25813.4,26012.5,25578.5,25712
1765749600,25735.8,25809.8,25489.8,25536.3
1765836000,25526.8,25545.8,25087.4,25225.4
1765922400,25240.9,25574.9,25163.4,25285.4
1766008800,25281.9,25706.3,25242.4,25658.3
1766095200,25630.8,25894.3,25544.8,25822.8
1766354400,25873.3,25918.8,25677.8,25899.3
1766440800,25903.8,25942.8,25659.2,25805.2
1766527200,25796.2,25901.2,25778.7,25820.7
1766959200,26048.7,26101.2,25516.9,25579.4
1767045600,25641.9,25918.9,25595.4,25834.9
1767132000,25798.9,25800.9,25531.9,25567.9
1767304800,25682.4,26499.4,25676.9,26394.4
1767564000,26501.9,26519.9,26197.4,26511.4
1767650400,26479.9,26872.4,26462.4,26643.4
1767736800,26647.4,26648.4,26232.4,26301.4
1767823200,26285.4,26332.5,25971,26300
1767909600,26300,26404.5,26105,26390
1768168800,26310,26981,26177.5,26973
1768255200,26941,27155,26730.5,26905
1768341600,26915.5,27112,26785.5,26866
1768428000,26922.5,27226.5,26822.7,27123.7
1768514400,27116.7,27238.2,26512.7,26612.7
1768773600,26549.2,26705.2,26496.2,26615.7
1768860000,26547.7,26633.5,26285.5,26335.5
1768946400,26408,26726.5,26381,26617
1769032800,26725,26922.2,26488,26898.2
1769119200,26893.2,26938.2,26619.7,26761.2
1769378400,26800.7,26916.7,26612.7,26871.7
1769464800,26856.7,27263.7,26814.7,27187.2
1769551200,27266.2,27812.9,27238.2,27537.4
1769637600,27535.4,28065.4,27446.9,27731.9
1769724000,27716.4,27836.9,26974.4,27227.4
1769983200,27060.4,27105.4,26436.4,26841.9
1770069600,26919.9,27051.4,26352.4,26578.5
1770156000,26720.5,27000,26444,26544
1770242400,26596.5,26905,26376.5,26510
1770328800,26370,27047.5,26258,27025
1770588000,26996,27259.5,26878,27198.5
1770674400,27195,27393.5,27097.5,27252.5
1770760800,27279,27334.5,26988,27206
1770847200,27197.5,27227.5,26583.5,26676.5
1770933600,26672,26754,26226.7,26532.2
1771192800,26505.7,26721.2,26373.2,26710.2
1771538400,26794.2,26852.2,26328.7,26837.7
1771797600,26789.2,27156.7,26775.2,26841.7
1771884000,26904.2,26905.7,26454.5,26764
1771970400,26753,26932.5,26617.5,26932.5
1772056800,26927,27085.5,26263,26426.5
1772143200,26421,26723,26369,26522
1772402400,26372.5,26415,25855,26170.5
1772488800,26161,26223.5,24989.8,25510.8
1772575200,25445.3,25591.8,24942.8,25560.3
1772661600,25613.3,25730.3,25054.3,25102.3
1772748000,25324.8,25801.3,25092.3,25384.8
1773003600,24865.8,25567.3,24822.8,25433.8
1773090000,25717.3,26236.4,25590.3,25990.4
1773176400,26043.3,26132.3,25682.8,25779.3
1773262800,25665.8,25901.3,25383.5,25462
1773349200,25531.9,25747.9,25334.9,25457.4
1773608400,25529.1,25951.6,25284.1,25871.6
1773694800,25889.6,26224.6,25805.1,25870.1
1773781200,25978.6,26098.1,25451.6,25459.1
1773867600,25411.1,25691.6,25075.6,25291.1
1773954000,25337.6,25511.6,24671.6,24674.1
1774213200,24711.1,25204.6,24153.6,24995.6
1774299600,24772.6,25063,24509.1,24961
1774386000,25237.5,25390.5,25004,25256.5
1774472400,25196.5,25235,24651.9,24759.9
1774558800,24753.4,25098.7,24634.2,24645.2
1774818000,24423.7,24899.7,24321.7,24708.7
1774904400,24738.2,25220,24543.5,25203.5
1774990800,25306.5,25471.5,25203.5,25301
1775077200,25244.6,25291,24889.5,25233.5
1775595600,25955.1,26077.6,25680.2,25840.2
1775682000,25778.7,25950.7,25636.2,25904.7
1775768400,25898.5,26084,25852,25957.8
1776027600,25735.8,25923.8,25515.3,25916.8
1776114000,25961.3,26197.3,25684.3,26154.3
1776200400,26201.8,26237.3,25884.1,26125.1
1776286800,26144.1,26419.1,26122.1,26225.1
1776373200,26205.1,26649.6,26029.1,26504.1
1776632400,26298.6,26512.6,26102.6,26486.1
1776718800,26473.1,26531.5,26136,26196
1776805200,26246,26277.5,26073,26162
1776891600,26113,26129,25654.7,25807.2
1776978000,25811.7,26085.2,25620.2,26034.7
1777237200,25983.2,26077.7,25825.2,25861.2
1777323600,25785.2,25912.2,25570.7,25792.7
1777410000,25794.2,26139.7,25792.2,25857.2
1777496400,25886.3,26124.7,25707.2,26117.2
1777842000,26128.8,26324.3,25851.3,25965.8
1777928400,25980.8,25982.3,25659.8,25948.8
1778014800,26027.7,26530.7,25861.2,26517.7
1778101200,26496.2,26673.7,26308.7,26361.7
1778187600,26364.2,26515.1,26247.1,26337.1
1778446800,26283.6,26593.1,26205.6,26519.1
1778533200,26461.7,26600.3,26207.3,26368.8
1778619600,26368.3,26918.8,26140.8,26900.8
1778706000,26915.3,26935.8,26222.8,26404.8
1778792400,26266.3,26343.3,25697.8,25773.3
1779051600,25682.3,25819.3,25485.3,25594.8
1779138000,25668.3,25834.3,25584.2,25656.7
1779224400,25626.9,25835.9,25520.9,25823.9
1779310800,25856.7,25862.7,25299,25601.5
1779397200,25632.7,25737.2,25165.2,25478.7
1779742800,25674.3,25775.3,25424.8,25566.8
1779829200,25657,25695.5,25187.5,25317
1779915600,25234,25243,24722.9,25114.9
1780002000,25130.8,25327.8,25050.8,25216.8
1780261200,25179.3,25489.3,25095.3,25333.3
1780347600,25235.6,26081.6,25222.1,25954.1
1780434000,25914.9,25947.4,25383.4,25413.4
1780520400,25354.1,25478.6,25106.4,25259.9
1780606800,25067.6,25192.6,24600.6,24609.1
1780866000,24582.6,24824.8,24438.6,24616.8
1780952400,24577.4,24750.4,24246.9,24495.9
1781038800,24417.8,24515.3,24181.8,24340.8
1781125200,24371.1,24477.8,23969.8,24411.8
1781211600,24530.3,24786.3,24385.3,24722.8
1781470800,24967.8,25047.3,24794.8,24813.3
1781557200,24774.8,24839.8,24385.3,24515.8
1781643600,24517.8,24557.8,24169.3,24197.3
1781730000,24203.8,24212.8,23752.7,23861.7
1782075600,23801.2,23970.9,23437.7,23845.9
1782162000,23812.8,23831.8,23266.3,23511.3
1782248400,23482.2,23556.6,23260.6,23331.6
1782334800,23396.6,23463.6,22923.1,22999.6
1782421200,22962.6,23011.5,22521.9,22903.5
1782680400,22869.2,23168.5,22757.7,23011.5
1782766800,22851,23067,22655,23022.5
1782939600,22920,23308,22820,23022
1783026000,23146.5,23484,23130.5,23214.5
1783285200,23249,23645.8,23176,23544.8
1783371600,23517.3,23771.8,23351.8,23455.3
1783458000,23439.8,24270.8,23400.3,23947.8
1783544400,24030.3,24299.8,23828.9,24031.9
1783630800,24133.9,24467.4,24014.9,24203.9
1783890000,24166.4,24410.9,24050.9,24108.4
1783976400,24084.9,24617.6,23856.4,24386.1
1784062800,24525.6,24938.1,24419.6,24809.1
1784149200,24761.1,25217.1,24761.1,24912.1
1784235600,24902.6,25138.1,24333.6,24587.6
1784494800,24775.1,25232.1,24725.6,25097.1
1784581200,25227.1,25245.6,24943.2,24967.7
1784667600,25049.7,25052.2,24804.7,24991.7
1784754000,24995.8,25278.8,24836.3,24865.3
1784840400,24923.3,25101.3,24816.8,25008.8
1785099600,25091.8,25369.6,24910.8,25305.6
1785186000,25233.6,25570.7,25077.2,25520.2
1785272400,25534.2,25956.5,25510.2,25952
1785358800,25861.5,26011.2,25631.2,25995.7
1785445200,26034.2,26034.2,25611.7,25905.4
1785704400,25911.1,26132.1,25804.5,25961
1785790800,25959,26185.5,25681.2,25907.7
1785877200,25799.3,25968.3,25632.8,25665.3