time,open,high,low,close
1256158800,0.23039,0.23039,0.22022,0.2208
1256245200,0.2208,0.22534,0.21866,0.21973
1256504400,0.21973,0.22742,0.21775,0.22187
1256590800,0.22187,0.22336,0.21667,0.21687
1256677200,0.21687,0.21687,0.20888,0.21004
1256763600,0.21004,0.21922,0.21004,0.21798
1256850000,0.21798,0.21975,0.21296,0.21863
1257112800,0.21863,0.22662,0.21863,0.22405
1257199200,0.22405,0.23066,0.22218,0.2296
1257285600,0.2296,0.23071,0.22641,0.22747
1257372000,0.22747,0.23032,0.21591,0.21995
1257458400,0.21995,0.22192,0.21463,0.21512
1257717600,0.21512,0.22052,0.21467,0.21534
1257804000,0.21534,0.21867,0.20983,0.21243
1257890400,0.21243,0.22039,0.21243,0.21857
1257976800,0.21857,0.2218,0.21564,0.21952
1258063200,0.21952,0.22033,0.21668,0.21844
1258322400,0.21844,0.22522,0.21844,0.22436
1258408800,0.22436,0.22436,0.22036,0.22328
1258495200,0.22328,0.22866,0.22293,0.22422
1258581600,0.22422,0.22504,0.218,0.21841
1258668000,0.21841,0.22232,0.21489,0.21693
1258927200,0.21693,0.22158,0.21329,0.21426
1259013600,0.21426,0.21857,0.21296,0.21433
1259100000,0.21433,0.21915,0.21245,0.21847
1259272800,0.21847,0.22172,0.20667,0.22065
1259532000,0.22065,0.22308,0.21699,0.22021
1259618400,0.22021,0.22279,0.21853,0.22125
1259704800,0.22125,0.22492,0.21937,0.22444
1259791200,0.22444,0.22885,0.22014,0.22413
1259877600,0.22413,0.22525,0.21691,0.2176
1260136800,0.2176,0.22071,0.21731,0.21734
1260223200,0.21734,0.21962,0.21605,0.21663
1260309600,0.21663,0.22038,0.21496,0.21505
1260396000,0.21505,0.22759,0.21505,0.2273
1260482400,0.2273,0.23468,0.22512,0.23458
1260741600,0.23458,0.24759,0.23391,0.24594
1260828000,0.24594,0.25077,0.23958,0.24154
1260914400,0.24154,0.25507,0.24154,0.25391
1261000800,0.25391,0.26151,0.24842,0.26024
1261087200,0.26024,0.26293,0.25163,0.25477
1261346400,0.25477,0.25794,0.24878,0.25005
1261432800,0.25005,0.2605,0.24532,0.25962
1261519200,0.25962,0.26113,0.25528,0.25931
1261605600,0.25931,0.26507,0.25927,0.26458
1261951200,0.26458,0.26837,0.26446,0.26584
1262037600,0.26584,0.26932,0.26162,0.26269
1262124000,0.26269,0.26856,0.2602,0.26386
1262210400,0.26386,0.26765,0.26052,0.26091
1262556000,0.26091,0.27324,0.26091,0.27041
1262642400,0.27041,0.27864,0.26853,0.27109
1262728800,0.27109,0.28051,0.26821,0.27934
1262815200,0.27934,0.28452,0.27432,0.2756
1262901600,0.2756,0.27873,0.26852,0.26901
1263160800,0.26901,0.27289,0.26279,0.26545
1263247200,0.26545,0.27547,0.26452,0.27194
1263333600,0.27194,0.27853,0.26983,0.27637
1263420000,0.27637,0.27919,0.27292,0.27341
1263506400,0.27341,0.27428,0.26925,0.274
1263852000,0.274,0.28681,0.274,0.28592
1263938400,0.28592,0.29073,0.28206,0.28918
1264024800,0.28918,0.2945,0.28326,0.28464
1264111200,0.28464,0.28927,0.28126,0.28296
1264370400,0.28296,0.29769,0.28123,0.29393
1264456800,0.29393,0.29706,0.28879,0.28909
1264543200,0.28909,0.29095,0.2787,0.27989
1264629600,0.27989,0.29107,0.27989,0.29087
1264716000,0.29087,0.30037,0.28915,0.29295
1264975200,0.29295,0.30134,0.28949,0.29018
1265061600,0.29018,0.29571,0.28641,0.29257
1265148000,0.29257,0.29411,0.28225,0.28304
1265234400,0.28304,0.2832,0.27371,0.27401
1265320800,0.27401,0.27845,0.25513,0.26249
1265580000,0.26249,0.26948,0.26145,0.26823
1265666400,0.26823,0.27277,0.26553,0.26713
1265752800,0.26713,0.27056,0.26263,0.26613
1265839200,0.26613,0.27527,0.26409,0.27378
1265925600,0.27378,0.27811,0.26591,0.2682
1266271200,0.2682,0.27394,0.2682,0.27049
1266357600,0.27049,0.27188,0.2576,0.26053
1266444000,0.26053,0.26272,0.25242,0.26201
1266530400,0.26201,0.26369,0.25651,0.26348
1266789600,0.26348,0.2663,0.24283,0.24586
1266876000,0.24586,0.24867,0.23745,0.23885
1266962400,0.23885,0.24781,0.23821,0.24659
1267048800,0.24659,0.24659,0.23645,0.23918
1267135200,0.23918,0.24349,0.2349,0.23934
1267394400,0.23934,0.24237,0.22236,0.22468
1267480800,0.22468,0.22919,0.21324,0.22717
1267567200,0.22717,0.23016,0.22138,0.22198
1267653600,0.22198,0.22499,0.21438,0.21953
1267740000,0.21953,0.22454,0.21829,0.22454
1267999200,0.22454,0.22596,0.21394,0.21827
1268085600,0.21827,0.21827,0.20392,0.20422
1268172000,0.20422,0.20551,0.18998,0.19592
1268258400,0.19592,0.20235,0.19216,0.19266
1268344800,0.19266,0.20151,0.19266,0.19979
1268600400,0.19979,0.20051,0.19254,0.19294
1268686800,0.19294,0.19514,0.18153,0.18465
1268773200,0.18465,0.18604,0.17788,0.18492
1268859600,0.18492,0.19205,0.18459,0.19144
1268946000,0.19144,0.19584,0.18355,0.18808
1269205200,0.18808,0.18971,0.17702,0.17742
1269291600,0.17742,0.17912,0.16502,0.16733
1269378000,0.16733,0.17998,0.16269,0.17908
1269464400,0.17908,0.18016,0.1711,0.17211
1269550800,0.17211,0.17551,0.16514,0.17027
1269810000,0.17027,0.17642,0.17027,0.17611
1269896400,0.17611,0.18344,0.17448,0.18061
1269982800,0.18061,0.18079,0.16531,0.16611
1270069200,0.16611,0.16981,0.15534,0.16759
1270414800,0.16759,0.17251,0.16316,0.16397
1270501200,0.16397,0.16736,0.15862,0.16043
1270587600,0.16043,0.16362,0.1578,0.16261
1270674000,0.16261,0.1651,0.15847,0.15847
1270760400,0.15847,0.16476,0.15847,0.16396
1271019600,0.16396,0.17421,0.16396,0.16749
1271106000,0.16749,0.17298,0.16647,0.17228
1271192400,0.17228,0.17837,0.17045,0.17586
1271278800,0.17586,0.17734,0.1652,0.16981
1271365200,0.16981,0.1729,0.15946,0.16097
1271624400,0.16097,0.17101,0.1604,0.16893
1271710800,0.16893,0.17171,0.1642,0.16638
1271797200,0.16638,0.16738,0.16204,0.16541
1271883600,0.16541,0.1673,0.15949,0.15998
1271970000,0.15998,0.16297,0.15406,0.15792
1272229200,0.15792,0.15977,0.15571,0.1569
1272315600,0.1569,0.1578,0.15117,0.15226
1272402000,0.15226,0.15336,0.14683,0.14732
1272488400,0.14732,0.1522,0.14732,0.15191
1272574800,0.15191,0.1537,0.14974,0.15084
1272834000,0.15084,0.15159,0.14782,0.14871
1272920400,0.14871,0.15031,0.14298,0.14417
1273006800,0.14417,0.14527,0.13734,0.14191
1273093200,0.14191,0.14252,0.13448,0.13498
1273179600,0.13498,0.13877,0.12904,0.13708
1273438800,0.13708,0.14448,0.13708,0.14171
1273525200,0.14171,0.14171,0.13567,0.13676
1273611600,0.13676,0.14602,0.13676,0.14542
1273698000,0.14542,0.14723,0.14355,0.14624
1273784400,0.14624,0.14635,0.13791,0.14039
1274043600,0.14039,0.14442,0.13727,0.13737
1274130000,0.13737,0.14743,0.13737,0.14614
1274216400,0.14614,0.15004,0.14327,0.14984
1274302800,0.14984,0.15164,0.14667,0.14807
1274389200,0.14807,0.15624,0.14807,0.15535
1274648400,0.15535,0.1567,0.15004,0.15024
1274734800,0.15024,0.15523,0.14597,0.15155
1274821200,0.15155,0.15545,0.14988,0.15257
1274907600,0.15257,0.15397,0.14741,0.1501
1274994000,0.1501,0.1501,0.14096,0.14136
1275339600,0.14136,0.14542,0.14034,0.14492
1275426000,0.14492,0.14492,0.13767,0.13867
1275512400,0.13867,0.14286,0.13867,0.14008
1275598800,0.14008,0.14687,0.1395,0.14548
1275858000,0.14548,0.14548,0.14155,0.14305
1275944400,0.14305,0.14985,0.14266,0.14915
1276030800,0.14915,0.15366,0.14915,0.15077
1276117200,0.15077,0.15557,0.14918,0.15328
1276203600,0.15328,0.15908,0.1517,0.15719
1276462800,0.15719,0.16125,0.15719,0.16115
1276549200,0.16115,0.16267,0.15837,0.16227
1276635600,0.16227,0.16349,0.15879,0.16099
1276722000,0.16099,0.16232,0.15743,0.15844
1276808400,0.15844,0.16005,0.15192,0.15598
1277067600,0.15598,0.16353,0.15317,0.16017
1277154000,0.16017,0.16249,0.15944,0.16147
1277240400,0.16147,0.16602,0.1587,0.15952
1277326800,0.15952,0.16477,0.15909,0.16477
1277413200,0.16477,0.16728,0.16282,0.16617
1277672400,0.16617,0.16924,0.15949,0.1599
1277758800,0.1599,0.161,0.15339,0.15521
1277845200,0.15521,0.1635,0.15489,0.16228
1277931600,0.16228,0.1653,0.15861,0.1648
1278018000,0.1648,0.16954,0.16325,0.16832
1278363600,0.16832,0.17207,0.1669,0.16751
1278450000,0.16751,0.17376,0.16627,0.17315
1278536400,0.17315,0.17526,0.17151,0.17292
1278622800,0.17292,0.17635,0.16763,0.16945
1278882000,0.16945,0.17363,0.16806,0.17282
1278968400,0.17282,0.17472,0.17006,0.1737
1279054800,0.1737,0.17409,0.17024,0.17206
1279141200,0.17206,0.17668,0.17154,0.17658
1279227600,0.17658,0.17818,0.17059,0.17271
1279486800,0.17271,0.17901,0.17264,0.17829
1279573200,0.17829,0.17899,0.17453,0.17483
1279659600,0.17483,0.17794,0.17483,0.17743
1279746000,0.17743,0.18579,0.17711,0.18569
1279832400,0.18569,0.18861,0.18284,0.18506
1280091600,0.18506,0.18821,0.18438,0.1881
1280178000,0.1881,0.19243,0.18535,0.18565
1280264400,0.18565,0.19188,0.18522,0.19158
1280350800,0.19158,0.19862,0.19136,0.1969
1280437200,0.1969,0.19829,0.19375,0.19738
1280696400,0.19738,0.20062,0.19295,0.19476
1280782800,0.19476,0.19576,0.18576,0.18706
1280869200,0.18706,0.19128,0.18109,0.19047
1280955600,0.19047,0.19296,0.18358,0.18459
1281042000,0.18459,0.1876,0.18194,0.18486
1281301200,0.18486,0.18851,0.17742,0.17853
1281387600,0.17853,0.18817,0.17649,0.18797
1281474000,0.18797,0.18797,0.18321,0.18421
1281560400,0.18421,0.19205,0.18349,0.19144
1281646800,0.19144,0.19615,0.1887,0.19494
1281906000,0.19494,0.19858,0.18941,0.18991
1281992400,0.18991,0.19633,0.18838,0.19552
1282078800,0.19552,0.19791,0.19087,0.1963
1282165200,0.1963,0.19778,0.19376,0.19627
1282251600,0.19627,0.20198,0.19575,0.19966
1282510800,0.19966,0.20259,0.19937,0.20178
1282597200,0.20178,0.20316,0.192,0.20175
1282683600,0.20175,0.20484,0.1984,0.1996
1282770000,0.1996,0.2015,0.19334,0.19364
1282856400,0.19364,0.20427,0.19362,0.20055
1283115600,0.20055,0.20238,0.19593,0.19895
1283202000,0.19895,0.20344,0.19691,0.19852
1283288400,0.19852,0.20632,0.19852,0.20491
1283374800,0.20491,0.21031,0.20358,0.2081
1283461200,0.2081,0.20998,0.20616,0.20796
1283806800,0.20796,0.21596,0.20775,0.21546
1283893200,0.21546,0.21825,0.21343,0.21473
1283979600,0.21473,0.22744,0.21391,0.22593
1284066000,0.22593,0.23372,0.22289,0.2267
1284325200,0.2267,0.23562,0.2265,0.23542
1284411600,0.23542,0.24581,0.23439,0.2436
1284498000,0.2436,0.24939,0.23364,0.23745
1284584400,0.23745,0.24744,0.23381,0.24433
1284670800,0.24433,0.24746,0.24032,0.24566
1284930000,0.24566,0.25092,0.24021,0.24303
1285016400,0.24303,0.24373,0.23481,0.23825
1285102800,0.23825,0.24416,0.23727,0.243
1285189200,0.243,0.24817,0.24158,0.2468
1285275600,0.2468,0.25605,0.2454,0.25594
1285534800,0.25594,0.26252,0.25397,0.26168
1285621200,0.26168,0.26495,0.25701,0.2639
1285707600,0.2639,0.26427,0.25621,0.26069
1285794000,0.26069,0.26106,0.24286,0.24662
1285880400,0.24662,0.24865,0.2379,0.24352
1286139600,0.24352,0.24396,0.23466,0.23851
1286226000,0.23851,0.24856,0.23847,0.24856
1286312400,0.24856,0.24872,0.24297,0.24452
1286398800,0.24452,0.26489,0.24452,0.26301
1286485200,0.26301,0.27805,0.26171,0.27304
1286744400,0.27304,0.28366,0.27304,0.27697
1286830800,0.27697,0.28834,0.26952,0.28771
1286917200,0.28771,0.29182,0.28119,0.28545
1287003600,0.28545,0.29504,0.27977,0.289
1287090000,0.289,0.29197,0.27956,0.28091
1287349200,0.28091,0.28763,0.2754,0.28535
1287435600,0.28535,0.29815,0.28237,0.29129
1287522000,0.29129,0.30275,0.29129,0.29982
1287608400,0.29982,0.30348,0.29237,0.29559
1287694800,0.29559,0.29875,0.28876,0.29207
1287954000,0.29207,0.30026,0.29207,0.29618
1288040400,0.29618,0.29654,0.28573,0.28935
1288126800,0.28935,0.29963,0.28411,0.29953
1288213200,0.29953,0.30662,0.29665,0.29737
1288299600,0.29737,0.3087,0.29245,0.30215
1288558800,0.30215,0.30679,0.29933,0.30541
1288645200,0.30541,0.31704,0.30541,0.31215
1288731600,0.31215,0.31582,0.30597,0.31289
1288818000,0.31289,0.32893,0.31289,0.32821
1288904400,0.32821,0.33394,0.31717,0.32687
1289167200,0.32687,0.33361,0.32414,0.3301
1289253600,0.3301,0.34406,0.3301,0.34177
1289340000,0.34177,0.34233,0.32992,0.33806
1289426400,0.33806,0.34461,0.29978,0.30081
1289512800,0.30081,0.30107,0.26369,0.27132
1289772000,0.27132,0.28079,0.26463,0.278
1289858400,0.278,0.28639,0.2671,0.27122
1289944800,0.27122,0.28053,0.26066,0.27248
1290031200,0.27248,0.29765,0.27248,0.29094
1290117600,0.29094,0.30036,0.26748,0.26975
1290376800,0.26975,0.28292,0.26643,0.27723
1290463200,0.27723,0.28219,0.26174,0.28126
1290549600,0.28126,0.28993,0.27762,0.28848
1290722400,0.28848,0.29182,0.28299,0.29078
1290981600,0.29078,0.29467,0.289,0.29135
1291068000,0.29135,0.29602,0.27743,0.28203
1291154400,0.28203,0.29448,0.28203,0.29344
1291240800,0.29344,0.29678,0.28476,0.291
1291327200,0.291,0.30424,0.291,0.30332
1291586400,0.30332,0.30332,0.29507,0.29814
1291672800,0.29814,0.30473,0.28955,0.2914
1291759200,0.2914,0.29911,0.28551,0.29827
1291845600,0.29827,0.3017,0.29185,0.29327
1291932000,0.29327,0.29872,0.28655,0.29841
1292191200,0.29841,0.31216,0.29829,0.31216
1292277600,0.31216,0.31966,0.31156,0.31248
1292364000,0.31248,0.31913,0.30762,0.31913
1292450400,0.31913,0.3208,0.31507,0.31843
1292536800,0.31843,0.33672,0.31843,0.33529
1292796000,0.33529,0.34188,0.33287,0.33388
1292882400,0.33388,0.34328,0.33154,0.33205
1292968800,0.33205,0.3396,0.32685,0.33878
1293055200,0.33878,0.34726,0.33842,0.34511
1293400800,0.34511,0.34606,0.33842,0.34298
1293487200,0.34298,0.35226,0.34298,0.35072
1293573600,0.35072,0.35389,0.34156,0.34268
1293660000,0.34268,0.34954,0.30016,0.3088
1293746400,0.3088,0.32804,0.30773,0.32519
1294092000,0.32519,0.33988,0.30837,0.31608
1294178400,0.31608,0.32919,0.30932,0.32553
1294264800,0.32553,0.327,0.30534,0.30828
1294351200,0.30828,0.32587,0.30031,0.31996
1294610400,0.31996,0.32427,0.3126,0.32192
1294696800,0.32192,0.3339,0.32116,0.33095
1294783200,0.33095,0.33808,0.31343,0.32417
1294869600,0.32417,0.32713,0.31638,0.32549
1294956000,0.32549,0.32676,0.30748,0.31203
1295301600,0.31203,0.31926,0.30885,0.31359
1295388000,0.31359,0.32171,0.31239,0.31542
1295474400,0.31542,0.31756,0.30382,0.31755
1295560800,0.31755,0.32747,0.31477,0.32717
1295820000,0.32717,0.32985,0.32367,0.32587
1295906400,0.32587,0.32587,0.31459,0.32214
1295992800,0.32214,0.33508,0.32017,0.33427
1296079200,0.33427,0.34861,0.33078,0.34558
1296165600,0.34558,0.34822,0.33842,0.34235
1296424800,0.34235,0.34381,0.32856,0.34125
1296511200,0.34125,0.3467,0.33735,0.34216
1296597600,0.34216,0.36353,0.34216,0.35546
1296684000,0.35546,0.35882,0.3203,0.32353
1296770400,0.32353,0.33473,0.32074,0.33219
1297029600,0.33219,0.33605,0.32758,0.32778
1297116000,0.32778,0.33054,0.31201,0.3126
1297202400,0.3126,0.32109,0.30599,0.31955
1297288800,0.31955,0.33264,0.31919,0.32338
1297375200,0.32338,0.32813,0.30982,0.31313
1297634400,0.31313,0.31779,0.30073,0.30744
1297720800,0.30744,0.31219,0.30315,0.31096
1297807200,0.31096,0.32345,0.3098,0.31761
1297893600,0.31761,0.32254,0.31049,0.31613
1297980000,0.31613,0.31613,0.30607,0.31073
1298325600,0.31073,0.31707,0.30622,0.30791
1298412000,0.30791,0.3091,0.29244,0.2954
1298498400,0.2954,0.30263,0.29108,0.30056
1298584800,0.30056,0.3124,0.29456,0.31164
1298844000,0.31164,0.31804,0.30958,0.31781
1298930400,0.31781,0.31781,0.3073,0.31592
1299016800,0.31592,0.32867,0.31377,0.32691
1299103200,0.32691,0.32967,0.3205,0.32758
1299189600,0.32758,0.32953,0.31061,0.32001
1299448800,0.32001,0.32436,0.31696,0.32171
1299535200,0.32171,0.33095,0.31721,0.32867
1299621600,0.32867,0.32981,0.31754,0.3238
1299708000,0.3238,0.3238,0.30364,0.30512
1299794400,0.30512,0.30911,0.29562,0.30698
1300050000,0.30698,0.30698,0.29005,0.29518
1300136400,0.29518,0.29518,0.26914,0.27178
1300222800,0.27178,0.28108,0.27178,0.27282
1300309200,0.27282,0.28464,0.27282,0.28176
1300395600,0.28176,0.29216,0.28176,0.29142
1300654800,0.29142,0.29589,0.28586,0.28899
1300741200,0.28899,0.28899,0.27632,0.28612
1300827600,0.28612,0.2879,0.27729,0.27729
1300914000,0.27729,0.29058,0.27518,0.28636
1301000400,0.28636,0.29231,0.28243,0.29196
1301259600,0.29196,0.29196,0.27881,0.28288
1301346000,0.28288,0.28755,0.27867,0.27952
1301432400,0.27952,0.28406,0.27269,0.28333
1301518800,0.28333,0.28658,0.27683,0.28111
1301605200,0.28111,0.28733,0.27897,0.28408
1301864400,0.28408,0.29013,0.2836,0.2884
1301950800,0.2884,0.2892,0.28249,0.28331
1302037200,0.28331,0.28541,0.27331,0.27535
1302123600,0.27535,0.27715,0.2692,0.27204
1302210000,0.27204,0.27492,0.26176,0.26452
1302469200,0.26452,0.26851,0.26368,0.26559
1302555600,0.26559,0.26953,0.26008,0.26047
1302642000,0.26047,0.26447,0.2519,0.25281
1302728400,0.25281,0.25527,0.24809,0.24863
1302814800,0.24863,0.25529,0.24815,0.24944
1303074000,0.24944,0.24944,0.23905,0.24329
1303160400,0.24329,0.24737,0.24031,0.2419
1303246800,0.2419,0.25213,0.2419,0.24936
1303333200,0.24936,0.25371,0.24493,0.25328
1303678800,0.25328,0.25414,0.2472,0.24772
1303765200,0.24772,0.24859,0.24229,0.2458
1303851600,0.2458,0.24653,0.23934,0.23955
1303938000,0.23955,0.24197,0.23209,0.23902
1304024400,0.23902,0.23902,0.22991,0.23458
1304283600,0.23458,0.23458,0.22609,0.23217
1304370000,0.23217,0.23621,0.22826,0.23112
1304456400,0.23112,0.23152,0.22439,0.2246
1304542800,0.2246,0.2248,0.21552,0.21862
1304629200,0.21862,0.22444,0.21423,0.21443
1304888400,0.21443,0.22142,0.21443,0.22099
1304974800,0.22099,0.23284,0.22046,0.22707
1305061200,0.22707,0.23093,0.21736,0.21955
1305147600,0.21955,0.22656,0.21533,0.22604
1305234000,0.22604,0.23068,0.22188,0.22396
1305493200,0.22396,0.22889,0.22196,0.227
1305579600,0.227,0.22919,0.21945,0.22909
1305666000,0.22909,0.23845,0.22835,0.23616
1305752400,0.23616,0.23616,0.22526,0.22681
1305838800,0.22681,0.23378,0.22463,0.23252
1306098000,0.23252,0.23252,0.22057,0.22394
1306184400,0.22394,0.23123,0.22383,0.22746
1306270800,0.22746,0.23636,0.22538,0.23304
1306357200,0.23304,0.23567,0.22884,0.23428
1306443600,0.23428,0.23873,0.23394,0.23582
1306789200,0.23582,0.2401,0.23468,0.23879
1306875600,0.23879,0.2414,0.22934,0.23067
1306962000,0.23067,0.24328,0.23067,0.24318
1307048400,0.24318,0.2481,0.24096,0.24348
1307307600,0.24348,0.24588,0.24018,0.24201
1307394000,0.24201,0.24996,0.24158,0.24874
1307480400,0.24874,0.25679,0.24606,0.25351
1307566800,0.25351,0.25557,0.24983,0.2541
1307653200,0.2541,0.26161,0.25284,0.261
1307912400,0.261,0.26563,0.25656,0.25858
1307998800,0.25858,0.26107,0.25269,0.25368
1308085200,0.25368,0.25855,0.25346,0.25417
1308171600,0.25417,0.26286,0.24903,0.26113
1308258000,0.26113,0.26293,0.25624,0.26138
1308517200,0.26138,0.27167,0.25972,0.27166
1308603600,0.27166,0.27166,0.26396,0.27013
1308690000,0.27013,0.27013,0.26417,0.26881
1308776400,0.26881,0.26966,0.25069,0.26873
1308862800,0.26873,0.26897,0.26215,0.26658
1309122000,0.26658,0.26757,0.25944,0.26643
1309208400,0.26643,0.28046,0.26643,0.27788
1309294800,0.27788,0.28112,0.27122,0.27553
1309381200,0.27553,0.28102,0.26248,0.26999
1309467600,0.26999,0.28246,0.26428,0.28122
1309813200,0.28122,0.29107,0.27937,0.28652
1309899600,0.28652,0.28652,0.27741,0.28469
1309986000,0.28469,0.30504,0.28469,0.3038
1310072400,0.3038,0.30536,0.2951,0.29755
1310331600,0.29755,0.30118,0.29381,0.29747
1310418000,0.29747,0.31399,0.29146,0.31204
1310504400,0.31204,0.32118,0.30754,0.30877
1310590800,0.30877,0.30963,0.29545,0.29617
1310677200,0.29617,0.30684,0.29201,0.29536
1310936400,0.29536,0.29796,0.28865,0.29753
1311022800,0.29753,0.30116,0.28977,0.29519
1311109200,0.29519,0.29839,0.29258,0.29407
1311195600,0.29407,0.31088,0.29407,0.30482
1311282000,0.30482,0.32252,0.30482,0.32149
1311541200,0.32149,0.32358,0.31231,0.31486
1311627600,0.31486,0.32132,0.30945,0.31853
1311714000,0.31853,0.321,0.31306,0.31843
1311800400,0.31843,0.31918,0.30375,0.30538
1311886800,0.30538,0.30838,0.29806,0.30293
1312146000,0.30293,0.31184,0.29451,0.29552
1312232400,0.29552,0.29658,0.28585,0.29084
1312318800,0.29084,0.29089,0.27721,0.28403
1312405200,0.28403,0.28662,0.27478,0.28475
1312491600,0.28475,0.28475,0.27764,0.27957
1312750800,0.27957,0.27957,0.26825,0.27362
1312837200,0.27362,0.28808,0.26939,0.27861
1312923600,0.27861,0.28649,0.27244,0.27985
1313010000,0.27985,0.29145,0.27632,0.28504
1313096400,0.28504,0.28608,0.27675,0.28373
1313355600,0.28373,0.28564,0.27809,0.2786
1313442000,0.2786,0.28896,0.27601,0.28581
1313528400,0.28581,0.29941,0.28413,0.2987
1313614800,0.2987,0.29895,0.29031,0.29455
1313701200,0.29455,0.31594,0.29055,0.31209
1313960400,0.31209,0.32043,0.30957,0.31078
1314046800,0.31078,0.318,0.30989,0.3117
1314133200,0.3117,0.32224,0.30098,0.30179
1314219600,0.30179,0.30416,0.29252,0.29866
1314306000,0.29866,0.30585,0.29484,0.30392
1314565200,0.30392,0.30558,0.30091,0.30313
1314651600,0.30313,0.30702,0.2956,0.30021
1314738000,0.30021,0.30508,0.29679,0.30042
1314824400,0.30042,0.30204,0.29379,0.29891
1314910800,0.29891,0.29966,0.29106,0.29478
1315256400,0.29478,0.29478,0.28314,0.28474
1315342800,0.28474,0.29222,0.28474,0.28596
1315429200,0.28596,0.29272,0.2847,0.28959
1315515600,0.28959,0.29628,0.2871,0.29293
1315774800,0.29293,0.30383,0.28917,0.29858
1315861200,0.29858,0.30072,0.29487,0.29618
1315947600,0.29618,0.2993,0.2916,0.2983
1316034000,0.2983,0.30096,0.29298,0.29298
1316120400,0.29298,0.29522,0.27561,0.27661
1316379600,0.27661,0.28133,0.27393,0.27945
1316466000,0.27945,0.28387,0.27665,0.27937
1316552400,0.27937,0.28068,0.26832,0.27019
1316638800,0.27019,0.27019,0.25508,0.25988
1316725200,0.25988,0.26098,0.25094,0.25353
1316984400,0.25353,0.25961,0.25106,0.25332
1317070800,0.25332,0.26058,0.25332,0.25983
1317157200,0.25983,0.26511,0.25318,0.2536
1317243600,0.2536,0.27586,0.2536,0.27074
1317330000,0.27074,0.27074,0.2613,0.26598
1317589200,0.26598,0.26598,0.25441,0.26034
1317675600,0.26034,0.26034,0.2533,0.25849
1317762000,0.25849,0.26552,0.25593,0.25884
1317848400,0.25884,0.26451,0.25523,0.25731
1317934800,0.25731,0.26745,0.25611,0.26286
1318194000,0.26286,0.277,0.26286,0.272
1318280400,0.272,0.27352,0.26601,0.26995
1318366800,0.26995,0.27395,0.2674,0.26956
1318453200,0.26956,0.28146,0.26956,0.27915
1318539600,0.27915,0.29145,0.27754,0.28967
1318798800,0.28967,0.29433,0.28684,0.28756
1318885200,0.28756,0.29144,0.2845,0.28707
1318971600,0.28707,0.29324,0.27848,0.27869
1319058000,0.27869,0.28111,0.27107,0.27892
1319144400,0.27892,0.28363,0.27304,0.27459
1319403600,0.27459,0.28287,0.27439,0.28131
1319490000,0.28131,0.28696,0.27824,0.27926
1319576400,0.27926,0.2818,0.27174,0.27349
1319662800,0.27349,0.28046,0.27349,0.27983
1319749200,0.27983,0.28123,0.27013,0.27168
1320008400,0.27168,0.27168,0.26608,0.26711
1320094800,0.26711,0.26901,0.26166,0.26414
1320181200,0.26414,0.26865,0.2615,0.26417
1320267600,0.26417,0.26639,0.26217,0.26555
1320354000,0.26555,0.26808,0.2629,0.26392
1320616800,0.26392,0.26683,0.2603,0.26081
1320703200,0.26081,0.27013,0.25994,0.26982
1320789600,0.26982,0.26982,0.26108,0.26118
1320876000,0.26118,0.26505,0.26021,0.26214
1320962400,0.26214,0.26323,0.25569,0.26042
1321221600,0.26042,0.26219,0.25444,0.25454
1321308000,0.25454,0.25748,0.25232,0.25457
1321394400,0.25457,0.25544,0.25172,0.25182
1321480800,0.25182,0.2523,0.24702,0.24784
1321567200,0.24784,0.25036,0.24592,0.24808
1321826400,0.24808,0.25006,0.24532,0.24849
1321912800,0.24849,0.24958,0.2398,0.24061
1321999200,0.24061,0.24171,0.23644,0.23787
1322172000,0.23787,0.23787,0.23325,0.23436
1322431200,0.23436,0.24022,0.23436,0.23754
1322517600,0.23754,0.24251,0.23484,0.24158
1322604000,0.24158,0.24563,0.23744,0.24316
1322690400,0.24316,0.24485,0.24035,0.24196
1322776800,0.24196,0.24539,0.23985,0.24118
1323036000,0.24118,0.24765,0.2408,0.2463
1323122400,0.2463,0.24828,0.2443,0.24828
1323208800,0.24828,0.24828,0.23532,0.23654
1323295200,0.23654,0.24785,0.23654,0.24661
1323381600,0.24661,0.24687,0.23693,0.24112
1323640800,0.24112,0.2442,0.23683,0.23683
1323727200,0.23683,0.24118,0.23683,0.24003
1323813600,0.24003,0.2404,0.2317,0.23312
1323900000,0.23312,0.23736,0.23102,0.23214
1323986400,0.23214,0.23626,0.23214,0.23575
1324245600,0.23575,0.23648,0.23242,0.23637
1324332000,0.23637,0.24172,0.23572,0.23875
1324418400,0.23875,0.24085,0.23553,0.23665
1324504800,0.23665,0.23954,0.23649,0.23933
1324591200,0.23933,0.24315,0.23933,0.24171
1324936800,0.24171,0.24278,0.24014,0.24124
1325023200,0.24124,0.24424,0.23212,0.23578
1325109600,0.23578,0.24009,0.23249,0.23917
1325196000,0.23917,0.23917,0.23394,0.23718
1325541600,0.23718,0.24941,0.23718,0.2486
1325628000,0.2486,0.25037,0.2454,0.24711
1325714400,0.24711,0.249,0.23252,0.23536
1325800800,0.23536,0.23907,0.23398,0.23651
1326060000,0.23651,0.23817,0.23146,0.2351
1326146400,0.2351,0.2381,0.23322,0.23635
1326232800,0.23635,0.24075,0.23346,0.24054
1326319200,0.24054,0.24172,0.2348,0.23572
1326405600,0.23572,0.24274,0.23404,0.24112
1326751200,0.24112,0.24511,0.23802,0.24308
1326837600,0.24308,0.24455,0.2413,0.24332
1326924000,0.24332,0.25164,0.24287,0.25124
1327010400,0.25124,0.2526,0.24623,0.25117
1327269600,0.25117,0.25329,0.24986,0.25086
1327356000,0.25086,0.25463,0.24988,0.25008
1327442400,0.25008,0.25226,0.24628,0.24749
1327528800,0.24749,0.25208,0.24743,0.24954
1327615200,0.24954,0.2506,0.24372,0.24432
1327874400,0.24432,0.24586,0.23999,0.24019
1327960800,0.24019,0.24407,0.23801,0.23972
1328047200,0.23972,0.23972,0.23614,0.23844
1328133600,0.23844,0.2398,0.23586,0.23727
1328220000,0.23727,0.24335,0.23693,0.24093
1328479200,0.24093,0.24747,0.24093,0.24747
1328565600,0.24747,0.24811,0.24219,0.2469
1328652000,0.2469,0.24916,0.24392,0.24623
1328738400,0.24623,0.25029,0.24516,0.24566
1328824800,0.24566,0.24861,0.24299,0.2478
1329084000,0.2478,0.24952,0.24559,0.24589
1329170400,0.24589,0.24655,0.24171,0.24281
1329256800,0.24281,0.24656,0.24195,0.24615
1329343200,0.24615,0.24795,0.24196,0.24566
1329429600,0.24566,0.24721,0.24494,0.24668
1329775200,0.24668,0.25343,0.24636,0.25343
1329861600,0.25343,0.2559,0.25115,0.25589
1329948000,0.25589,0.25753,0.25248,0.25721
1330034400,0.25721,0.26101,0.2554,0.26101
1330293600,0.26101,0.26621,0.26018,0.26372
1330380000,0.26372,0.26466,0.26013,0.26133
1330466400,0.26133,0.26198,0.25369,0.2579
1330552800,0.2579,0.2579,0.25182,0.25613
1330639200,0.25613,0.259,0.25355,0.25785
1330898400,0.25785,0.25802,0.25285,0.25295
1330984800,0.25295,0.25329,0.24666,0.24718
1331071200,0.24718,0.24966,0.2446,0.24521
1331157600,0.24521,0.24859,0.24442,0.24663
1331244000,0.24663,0.24821,0.2416,0.2422
1331499600,0.2422,0.24482,0.23829,0.2443
1331586000,0.2443,0.24767,0.24103,0.24562
1331672400,0.24562,0.25052,0.24409,0.24949
1331758800,0.24949,0.26164,0.24901,0.26082
1331845200,0.26082,0.26258,0.256,0.25988
1332104400,0.25988,0.26245,0.25739,0.26235
1332190800,0.26235,0.26736,0.25896,0.25947
1332277200,0.25947,0.26507,0.25802,0.25904
1332363600,0.25904,0.26605,0.25775,0.264
1332450000,0.264,0.26625,0.2598,0.26021
1332709200,0.26021,0.2611,0.25128,0.25219
1332795600,0.25219,0.25383,0.24668,0.24841
1332882000,0.24841,0.24962,0.24508,0.24768
1332968400,0.24768,0.2504,0.24565,0.24949
1333054800,0.24949,0.25288,0.24797,0.25058
1333314000,0.25058,0.25124,0.24821,0.2488
1333400400,0.2488,0.24944,0.24514,0.24563
1333486800,0.24563,0.25039,0.24463,0.24693
1333573200,0.24693,0.25036,0.24656,0.24843
1333918800,0.24843,0.25119,0.24623,0.24754
1334005200,0.24754,0.24828,0.24035,0.24045
1334091600,0.24045,0.24287,0.24025,0.24195
1334178000,0.24195,0.24548,0.24117,0.24405
1334264400,0.24405,0.24499,0.23465,0.23525
1334523600,0.23525,0.23597,0.23008,0.23068
1334610000,0.23068,0.23337,0.22725,0.23121
1334696400,0.23121,0.23454,0.22459,0.2251
1334782800,0.2251,0.22915,0.22166,0.22237
1334869200,0.22237,0.22437,0.21904,0.22128
1335128400,0.22128,0.22325,0.21873,0.22056
1335214800,0.22056,0.22285,0.21977,0.2209
1335301200,0.2209,0.22534,0.2209,0.22379
1335387600,0.22379,0.22416,0.21647,0.21698
1335474000,0.21698,0.21803,0.21314,0.21762
1335733200,0.21762,0.21866,0.21365,0.21446
1335819600,0.21446,0.21542,0.21167,0.21388
1335906000,0.21388,0.21497,0.20882,0.20913
1335992400,0.20913,0.21163,0.20887,0.21059
1336078800,0.21059,0.2138,0.20994,0.21215
1336338000,0.21215,0.21532,0.21054,0.21459
1336424400,0.21459,0.21459,0.20649,0.2067
1336510800,0.2067,0.20878,0.20463,0.20754
1336597200,0.20754,0.21033,0.20628,0.20717
1336683600,0.20717,0.20905,0.20508,0.20518
1336942800,0.20518,0.2059,0.20368,0.20569
1337029200,0.20569,0.2099,0.20569,0.20684
1337115600,0.20684,0.21165,0.20478,0.21144
1337202000,0.21144,0.21219,0.20896,0.21127
1337288400,0.21127,0.21185,0.20675,0.20705
1337547600,0.20705,0.20921,0.20554,0.20554
1337634000,0.20554,0.20641,0.20001,0.20163
1337720400,0.20163,0.20163,0.1959,0.19741
1337806800,0.19741,0.19989,0.19667,0.19735
1337893200,0.19735,0.20074,0.19732,0.19789
1338238800,0.19789,0.20019,0.19593,0.19815
1338325200,0.19815,0.19961,0.19639,0.19657
1338411600,0.19657,0.19864,0.1956,0.19641
1338498000,0.19641,0.19678,0.19121,0.19322
1338757200,0.19322,0.19322,0.19011,0.19122
1338843600,0.19122,0.19338,0.19047,0.19317
1338930000,0.19317,0.20228,0.19264,0.20026
1339016400,0.20026,0.20575,0.19808,0.19919
1339102800,0.19919,0.20175,0.19734,0.20084
1339362000,0.20084,0.20628,0.20084,0.20507
1339448400,0.20507,0.20734,0.2025,0.2042
1339534800,0.2042,0.2042,0.19912,0.20102
1339621200,0.20102,0.20328,0.19907,0.20066
1339707600,0.20066,0.20963,0.20066,0.20863
1339966800,0.20863,0.20905,0.20498,0.20714
1340053200,0.20714,0.21599,0.20565,0.21506
1340139600,0.21506,0.21768,0.21284,0.21674
1340226000,0.21674,0.21916,0.21138,0.21231
1340312400,0.21231,0.21536,0.20364,0.20622
1340571600,0.20622,0.20727,0.20404,0.20589
1340658000,0.20589,0.21068,0.20589,0.20923
1340744400,0.20923,0.21776,0.20795,0.21557
1340830800,0.21557,0.2212,0.20899,0.21167
1340917200,0.21167,0.21831,0.21167,0.21779
1341176400,0.21779,0.22294,0.21718,0.22106
1341262800,0.22106,0.22759,0.22106,0.22718
1341435600,0.22718,0.23404,0.22485,0.22567
1341522000,0.22567,0.23075,0.22364,0.2292
1341781200,0.2292,0.23555,0.22919,0.23307
1341867600,0.23307,0.23733,0.23113,0.23164
1341954000,0.23164,0.23652,0.23057,0.23619
1342040400,0.23619,0.23707,0.22799,0.23168
1342126800,0.23168,0.2347,0.22999,0.23355
1342386000,0.23355,0.23545,0.2293,0.23535
1342472400,0.23535,0.23535,0.23067,0.23434
1342558800,0.23434,0.2359,0.22791,0.23497
1342645200,0.23497,0.23889,0.23244,0.23797
1342731600,0.23797,0.24609,0.23677,0.24568
1342990800,0.24568,0.24596,0.24062,0.24315
1343077200,0.24315,0.24503,0.23754,0.24051
1343163600,0.24051,0.24198,0.23746,0.2397
1343250000,0.2397,0.2397,0.22775,0.22948
1343336400,0.22948,0.23217,0.22717,0.23022
1343595600,0.23022,0.23477,0.22949,0.23385
1343682000,0.23385,0.23501,0.22836,0.23141
1343768400,0.23141,0.23299,0.22541,0.2298
1343854800,0.2298,0.23037,0.2241,0.2241
1343941200,0.2241,0.22597,0.2223,0.22412
1344200400,0.22412,0.22532,0.22092,0.22153
1344286800,0.22153,0.22464,0.21758,0.21819
1344373200,0.21819,0.21966,0.21444,0.21546
1344459600,0.21546,0.21684,0.21162,0.21304
1344546000,0.21304,0.21574,0.21022,0.21245
1344805200,0.21245,0.21256,0.20704,0.20866
1344891600,0.20866,0.21115,0.20574,0.20594
1344978000,0.20594,0.20976,0.20496,0.20658
1345064400,0.20658,0.20776,0.20458,0.20488
1345150800,0.20488,0.20918,0.20421,0.2046
1345410000,0.2046,0.20996,0.2046,0.20762
1345496400,0.20762,0.20789,0.20025,0.20086
1345582800,0.20086,0.20455,0.20072,0.2017
1345669200,0.2017,0.20538,0.19818,0.1998
1345755600,0.1998,0.19993,0.1973,0.19973
1346014800,0.19973,0.20205,0.19749,0.19819
1346101200,0.19819,0.20409,0.19674,0.20389
1346187600,0.20389,0.20616,0.19886,0.19906
1346274000,0.19906,0.20315,0.1988,0.2002
1346360400,0.2002,0.20196,0.19821,0.19982
1346706000,0.19982,0.20108,0.19479,0.1957
1346792400,0.1957,0.19746,0.1914,0.19402
1346878800,0.19402,0.19428,0.18961,0.19042
1346965200,0.19042,0.19751,0.19042,0.19539
1347224400,0.19539,0.19871,0.1943,0.19568
1347310800,0.19568,0.19773,0.1942,0.19551
1347397200,0.19551,0.20038,0.19551,0.19785
1347483600,0.19785,0.2006,0.19738,0.19778
1347570000,0.19778,0.20354,0.19778,0.20002
1347829200,0.20002,0.20182,0.19933,0.2006
1347915600,0.2006,0.20067,0.19344,0.19393
1348002000,0.19393,0.1956,0.18991,0.19155
1348088400,0.19155,0.19352,0.19022,0.19265
1348174800,0.19265,0.19713,0.19152,0.19424
1348434000,0.19424,0.19717,0.19242,0.19553
1348520400,0.19553,0.20079,0.19535,0.19982
1348606800,0.19982,0.20198,0.19434,0.19609
1348693200,0.19609,0.19913,0.19457,0.19749
1348779600,0.19749,0.1985,0.1951,0.19811
1349038800,0.19811,0.20491,0.19725,0.20415
1349125200,0.20415,0.21049,0.20415,0.20826
1349211600,0.20826,0.21024,0.20558,0.20898
1349298000,0.20898,0.21105,0.20476,0.2099
1349384400,0.2099,0.21002,0.20383,0.20897
1349643600,0.20897,0.20909,0.2058,0.20716
1349730000,0.20716,0.21098,0.20716,0.20789
1349816400,0.20789,0.20859,0.20249,0.20463
1349902800,0.20463,0.20563,0.19623,0.19895
1349989200,0.19895,0.19994,0.19277,0.19559
1350248400,0.19559,0.19569,0.1925,0.1928
1350334800,0.1928,0.19662,0.1928,0.19595
1350421200,0.19595,0.19723,0.19453,0.19502
1350507600,0.19502,0.19621,0.19126,0.1937
1350594000,0.1937,0.19908,0.19169,0.19724
1350853200,0.19724,0.19948,0.19395,0.19454
1350939600,0.19454,0.19505,0.1903,0.19176
1351026000,0.19176,0.19325,0.18936,0.19209
1351112400,0.19209,0.19426,0.1897,0.19087
1351198800,0.19087,0.19138,0.18779,0.18925
1351458000,0.18925,0.18994,0.18781,0.18966
1351544400,0.18966,0.19185,0.1893,0.19116
1351630800,0.19116,0.19168,0.18701,0.18974
1351717200,0.18974,0.19065,0.18793,0.18959
1351803600,0.18959,0.19029,0.18865,0.18933
1352066400,0.18933,0.19043,0.18808,0.18907
1352152800,0.18907,0.193,0.18801,0.19106
1352239200,0.19106,0.19176,0.18475,0.18524
1352325600,0.18524,0.18633,0.18254,0.1842
1352412000,0.1842,0.18834,0.18228,0.18727
1352671200,0.18727,0.19032,0.18601,0.18856
1352757600,0.18856,0.19202,0.18809,0.1889
1352844000,0.1889,0.19176,0.18766,0.18806
1352930400,0.18806,0.18838,0.18545,0.18604
1353016800,0.18604,0.18784,0.185,0.18696
1353276000,0.18696,0.19579,0.18696,0.19511
1353362400,0.19511,0.19612,0.19317,0.19446
1353448800,0.19446,0.19448,0.19146,0.19196
1353621600,0.19196,0.19486,0.18723,0.18812
1353880800,0.18812,0.1896,0.18666,0.18784
1353967200,0.18784,0.19092,0.18729,0.18906
1354053600,0.18906,0.18987,0.18703,0.18753
1354140000,0.18753,0.1903,0.18753,0.18943
1354226400,0.18943,0.19052,0.18824,0.18948
1354485600,0.18948,0.19573,0.18948,0.19347
1354572000,0.19347,0.19537,0.19025,0.19124
1354658400,0.19124,0.19313,0.18945,0.19195
1354744800,0.19195,0.19259,0.18927,0.18957
1354831200,0.18957,0.19058,0.18727,0.18882
1355090400,0.18882,0.189125,0.18402,0.18442
1355176800,0.18442,0.18619,0.18396,0.18573
1355263200,0.18573,0.18595,0.18213,0.18228
1355349600,0.18228,0.18325,0.1801,0.18296
1355436000,0.18296,0.18748,0.18296,0.18679
1355695200,0.18679,0.19148,0.18679,0.19089
1355781600,0.19089,0.19133,0.1878,0.18998
1355868000,0.18998,0.19165,0.18875,0.18957
1355954400,0.18957,0.18993,0.18552,0.18949
1356040800,0.18949,0.19066,0.18851,0.18884
1356300000,0.18884,0.19017,0.18736,0.18743
1356472800,0.18743,0.18947,0.18743,0.18815
1356559200,0.18815,0.19287,0.18773,0.19238
1356645600,0.19238,0.1932,0.19143,0.19168
1356904800,0.19168,0.19333,0.19046,0.19234
1357077600,0.19234,0.19509,0.19234,0.19457
1357164000,0.19457,0.19472,0.18673,0.18846
1357250400,0.18846,0.18888,0.18563,0.18673
1357509600,0.18673,0.18837,0.18474,0.18689
1357596000,0.18689,0.1881,0.18416,0.18416
1357682400,0.18416,0.18608,0.18331,0.18603
1357768800,0.18603,0.1879,0.18532,0.18754
1357855200,0.18754,0.18992,0.18662,0.18948
1358114400,0.18948,0.18989,0.18635,0.18675
1358200800,0.18675,0.18709,0.18414,0.18513
1358287200,0.18513,0.18564,0.1817,0.18328
1358373600,0.18328,0.18421,0.18223,0.18233
1358460000,0.18233,0.18454,0.18197,0.18282
1358805600,0.18282,0.18351,0.17943,0.18014
1358892000,0.18014,0.18449,0.17927,0.18395
1358978400,0.18395,0.18452,0.18185,0.18379
1359064800,0.18379,0.18379,0.18134,0.18224
1359324000,0.18224,0.18836,0.18224,0.18648
1359410400,0.18648,0.18655,0.18199,0.18215
1359496800,0.18215,0.1864,0.18161,0.18512
1359583200,0.18512,0.18734,0.1834,0.1866
1359669600,0.1866,0.18906,0.18589,0.18604
1359928800,0.18604,0.18868,0.18604,0.18634
1360015200,0.18634,0.18793,0.18445,0.1847
1360101600,0.1847,0.18518,0.18091,0.18156
1360188000,0.18156,0.18234,0.18045,0.18072
1360274400,0.18072,0.18188,0.17959,0.18077
1360533600,0.18077,0.18419,0.18077,0.18404
1360620000,0.18404,0.18431,0.18004,0.18014
1360706400,0.18014,0.18297,0.18014,0.18192
1360792800,0.18192,0.18249,0.17822,0.17942
1360879200,0.17942,0.18171,0.17906,0.17946
1361224800,0.17946,0.18331,0.17946,0.18161
1361311200,0.18161,0.18493,0.18088,0.18335
1361397600,0.18335,0.18368,0.18062,0.18158
1361484000,0.18158,0.18494,0.18158,0.18433
1361743200,0.18433,0.18707,0.1827,0.18283
1361829600,0.18283,0.18347,0.18146,0.18286
1361916000,0.18286,0.18424,0.18213,0.18289
1362002400,0.18289,0.18818,0.18181,0.18592
1362088800,0.18592,0.18621,0.18111,0.18123
1362348000,0.18123,0.18365,0.18123,0.18293
1362434400,0.18293,0.18492,0.18293,0.18391
1362520800,0.18391,0.18449,0.18327,0.18407
1362607200,0.18407,0.1902,0.18334,0.18993
1362693600,0.18993,0.19259,0.18794,0.18945
1362949200,0.18945,0.19153,0.18867,0.19115
1363035600,0.19115,0.19115,0.1868,0.1899
1363122000,0.1899,0.19077,0.18836,0.18971
1363208400,0.18971,0.19073,0.18781,0.1905
1363294800,0.1905,0.19302,0.18908,0.19019
1363554000,0.19019,0.19019,0.18411,0.18416
1363640400,0.18416,0.1857,0.18416,0.18483
1363726800,0.18483,0.18646,0.18483,0.18484
1363813200,0.18484,0.18643,0.18289,0.18389
1363899600,0.18389,0.18528,0.18313,0.1833
1364158800,0.1833,0.18355,0.18072,0.18092
1364245200,0.18092,0.1814,0.17907,0.17957
1364331600,0.17957,0.18071,0.17884,0.18071
1364418000,0.18071,0.18072,0.17688,0.17758
1364763600,0.17758,0.17895,0.17758,0.17786
1364850000,0.17786,0.17841,0.17609,0.17689
1364936400,0.17689,0.17808,0.17578,0.17593
1365022800,0.17593,0.17832,0.17593,0.17792
1365109200,0.17792,0.1785,0.17719,0.17817
1365368400,0.17817,0.1797,0.17653,0.17795
1365454800,0.17795,0.17873,0.17685,0.17863
1365541200,0.17863,0.18002,0.17832,0.17929
1365627600,0.17929,0.17973,0.17753,0.1784
1365714000,0.1784,0.1806,0.17829,0.17944
1365973200,0.17944,0.17956,0.17622,0.17664
1366059600,0.17664,0.17965,0.17651,0.17934
1366146000,0.17934,0.17984,0.17792,0.17808
1366232400,0.17808,0.17942,0.1752,0.17666
1366318800,0.17666,0.18008,0.17542,0.17976
1366578000,0.17976,0.17976,0.17696,0.17827
1366664400,0.17827,0.17906,0.17715,0.17715
1366750800,0.17715,0.17804,0.17412,0.17425
1366837200,0.17425,0.17512,0.17331,0.17431
1366923600,0.17431,0.17551,0.17393,0.17455
1367182800,0.17455,0.17607,0.17336,0.17597
1367269200,0.17597,0.17807,0.17566,0.17723
1367355600,0.17723,0.17746,0.17364,0.17384
1367442000,0.17384,0.17694,0.17252,0.17694
1367528400,0.17694,0.17694,0.17512,0.17653
1367787600,0.17653,0.1796,0.17589,0.17887
1367874000,0.17887,0.17899,0.17628,0.17688
1367960400,0.17688,0.17747,0.17516,0.17521
1368046800,0.17521,0.17696,0.17448,0.17535
1368133200,0.17535,0.17674,0.17443,0.17463
1368392400,0.17463,0.17606,0.17289,0.17345
1368478800,0.17345,0.17345,0.17057,0.17067
1368565200,0.17067,0.17157,0.16976,0.16983
1368651600,0.16983,0.17026,0.16865,0.16875
1368738000,0.16875,0.17049,0.16875,0.16961
1368997200,0.16961,0.17041,0.1685,0.1687
1369083600,0.1687,0.16959,0.16749,0.16906
1369170000,0.16906,0.17008,0.16647,0.16652
1369256400,0.16652,0.16927,0.16611,0.16801
1369342800,0.16801,0.16946,0.16766,0.16895
1369688400,0.16895,0.17032,0.1674,0.16766
1369774800,0.16766,0.1685,0.16648,0.16673
1369861200,0.16673,0.16768,0.16646,0.16717
1369947600,0.16717,0.16761,0.16594,0.16648
1370206800,0.16648,0.16723,0.16522,0.16535
1370293200,0.16535,0.16572,0.16406,0.16475
1370379600,0.16475,0.16595,0.16408,0.16428
1370466000,0.16428,0.16538,0.16361,0.16519
1370552400,0.16519,0.16586,0.16373,0.16521
1370811600,0.16521,0.16556,0.16478,0.16488
1370898000,0.16488,0.16559,0.16305,0.16377
1370984400,0.16377,0.16474,0.16318,0.16318
1371070800,0.16318,0.16412,0.16248,0.16273
1371157200,0.16273,0.16871,0.16269,0.16861
1371416400,0.16861,0.17052,0.16601,0.16927
1371502800,0.16927,0.16971,0.16712,0.16762
1371589200,0.16762,0.17165,0.16694,0.17026
1371675600,0.17026,0.17026,0.16411,0.16424
1371762000,0.16424,0.16759,0.16424,0.16759
1372021200,0.16759,0.17009,0.16567,0.16943
1372107600,0.16943,0.17261,0.16934,0.17057
1372194000,0.17057,0.17142,0.16947,0.17101
1372280400,0.17101,0.17147,0.16693,0.16841
1372366800,0.16841,0.16931,0.16665,0.16712
1372626000,0.16712,0.16827,0.16386,0.16442
1372712400,0.16442,0.16535,0.16252,0.16329
1372798800,0.16329,0.16397,0.16222,0.16222
1372971600,0.16222,0.16265,0.16058,0.16075
1373230800,0.16075,0.16193,0.16054,0.16124
1373317200,0.16124,0.16225,0.16096,0.16146
1373403600,0.16146,0.16283,0.16023,0.1603
1373490000,0.1603,0.16149,0.15913,0.15952
1373576400,0.15952,0.16013,0.15868,0.15885
1373835600,0.15885,0.1603,0.15871,0.15981
1373922000,0.15981,0.16062,0.15775,0.15815
1374008400,0.15815,0.15985,0.15815,0.15926
1374094800,0.15926,0.16284,0.15907,0.16056
1374181200,0.16056,0.16197,0.16018,0.16158
1374440400,0.16158,0.16322,0.16143,0.16233
1374526800,0.16233,0.16391,0.16136,0.16199
1374613200,0.16199,0.16217,0.1595,0.1602
1374699600,0.1602,0.16299,0.1602,0.1623
1374786000,0.1623,0.16341,0.16152,0.16324
1375045200,0.16324,0.16804,0.16247,0.16804
1375131600,0.16804,0.16835,0.16697,0.16783
1375218000,0.16783,0.16934,0.1655,0.16788
1375304400,0.16788,0.16889,0.16652,0.16701
1375390800,0.16701,0.16743,0.16594,0.16614
1375650000,0.16614,0.167,0.16395,0.16455
1375736400,0.16455,0.16521,0.16404,0.16431
1375822800,0.16431,0.16675,0.16406,0.16675
1375909200,0.16675,0.16736,0.16588,0.16707
1375995600,0.16707,0.16918,0.16689,0.16881
1376254800,0.16881,0.17113,0.16798,0.17054
1376341200,0.17054,0.17174,0.17026,0.17119
1376427600,0.17119,0.17167,0.17038,0.17106
1376514000,0.17106,0.17169,0.16921,0.17117
1376600400,0.17117,0.17151,0.16794,0.16824
1376859600,0.16824,0.16824,0.16366,0.1647
1376946000,0.1647,0.16516,0.16376,0.16395
1377032400,0.16395,0.16446,0.16219,0.16255
1377118800,0.16255,0.1633,0.16181,0.16186
1377205200,0.16186,0.16442,0.16186,0.16345
1377464400,0.16345,0.16588,0.16345,0.16511
1377550800,0.16511,0.16539,0.16281,0.16401
1377637200,0.16401,0.16482,0.16341,0.16383
1377723600,0.16383,0.16434,0.16246,0.16276
1377810000,0.16276,0.16327,0.16251,0.16293
1378155600,0.16293,0.16475,0.16293,0.16406
1378242000,0.16406,0.16444,0.16298,0.16309
1378328400,0.16309,0.1651,0.16309,0.1651
1378414800,0.1651,0.16848,0.16501,0.16732
1378674000,0.16732,0.16984,0.16732,0.16933
1378760400,0.16933,0.17112,0.16887,0.17091
1378846800,0.17091,0.17227,0.1706,0.17089
1378933200,0.17089,0.17223,0.17076,0.17213
1379019600,0.17213,0.17235,0.17041,0.17158
1379278800,0.17158,0.17158,0.16984,0.17012
1379365200,0.17012,0.17033,0.16869,0.16921
1379451600,0.16921,0.17005,0.16861,0.16986
1379538000,0.16986,0.17293,0.16986,0.17283
1379624400,0.17283,0.1739,0.17179,0.17228
1379883600,0.17228,0.17295,0.17042,0.17293
1379970000,0.17293,0.17464,0.17287,0.17425
1380056400,0.17425,0.1772,0.17349,0.17703
1380142800,0.17703,0.17742,0.17605,0.17716
1380229200,0.17716,0.17716,0.17181,0.17181
1380488400,0.17181,0.17687,0.1715,0.17628
1380574800,0.17628,0.17894,0.17592,0.17839
1380661200,0.17839,0.18072,0.17754,0.18012
1380747600,0.18012,0.18057,0.17948,0.18054
1380834000,0.18054,0.1806,0.17894,0.1805
1381093200,0.1805,0.18174,0.18029,0.18154
1381179600,0.18154,0.18199,0.17994,0.1818
1381266000,0.1818,0.1818,0.18016,0.18125
1381352400,0.18125,0.18294,0.1801,0.18294
1381438800,0.18294,0.18482,0.18266,0.18443
1381698000,0.18443,0.18643,0.18393,0.18638
1381784400,0.18638,0.1869,0.18114,0.1829
1381870800,0.1829,0.18591,0.18198,0.18557
1381957200,0.18557,0.18587,0.18435,0.18551
1382043600,0.18551,0.19686,0.18494,0.19023
1382302800,0.19023,0.19234,0.18896,0.19004
1382389200,0.19004,0.19046,0.1882,0.19036
1382475600,0.19036,0.19036,0.18795,0.18825
1382562000,0.18825,0.18825,0.18407,0.18407
1382648400,0.18407,0.18645,0.1839,0.18599
1382907600,0.18599,0.18644,0.18459,0.18538
1382994000,0.18538,0.18538,0.18042,0.18101
1383080400,0.18101,0.18151,0.17906,0.18001
1383166800,0.18001,0.18035,0.17881,0.1795
1383253200,0.1795,0.17982,0.17826,0.17836
1383516000,0.17836,0.18002,0.17815,0.17973
1383602400,0.17973,0.18073,0.17878,0.17881
1383688800,0.17881,0.17909,0.17734,0.17737
1383775200,0.17737,0.17776,0.17579,0.17737
1383861600,0.17737,0.1778,0.17603,0.17741
1384120800,0.17741,0.17785,0.17603,0.17613
1384207200,0.17613,0.17683,0.17511,0.1755
1384293600,0.1755,0.17588,0.17462,0.17494
1384380000,0.17494,0.17513,0.17298,0.17318
1384466400,0.17318,0.17349,0.17186,0.17301
1384725600,0.17301,0.17484,0.17289,0.17448
1384812000,0.17448,0.17528,0.17333,0.1736
1384898400,0.1736,0.17434,0.1727,0.17326
1384984800,0.17326,0.17328,0.17201,0.17211
1385071200,0.17211,0.1723,0.17037,0.1717
1385330400,0.1717,0.17184,0.17025,0.17025
1385416800,0.17025,0.17109,0.16981,0.17069
1385503200,0.17069,0.17167,0.16935,0.16941
1385676000,0.16941,0.1729,0.16876,0.16921
1385935200,0.16921,0.16975,0.16654,0.16684
1386021600,0.16684,0.16705,0.16549,0.16549
1386108000,0.16549,0.1661,0.16417,0.16424
1386194400,0.16424,0.16502,0.16308,0.16496
1386280800,0.16496,0.16586,0.16321,0.16341
1386540000,0.16341,0.16526,0.16289,0.163
1386626400,0.163,0.16593,0.16223,0.16385
1386712800,0.16385,0.16483,0.16257,0.16279
1386799200,0.16279,0.16308,0.16072,0.16085
1386885600,0.16085,0.16143,0.16005,0.16016
1387144800,0.16016,0.16141,0.16016,0.16039
1387231200,0.16039,0.16056,0.15711,0.15731
1387317600,0.15731,0.15861,0.15663,0.15684
1387404000,0.15684,0.1602,0.15684,0.15973
1387490400,0.15973,0.16273,0.15973,0.1624
1387749600,0.1624,0.1628,0.16034,0.16034
1387836000,0.16034,0.16917,0.16017,0.16917
1388008800,0.16917,0.16917,0.16035,0.16119
1388095200,0.16119,0.16302,0.16119,0.16283
1388354400,0.16283,0.1634,0.16163,0.16183
1388440800,0.16183,0.16402,0.16135,0.16297
1388613600,0.16297,0.16297,0.1609,0.16112
1388700000,0.16112,0.16203,0.15907,0.15927
1388959200,0.15927,0.16014,0.15825,0.15945
1389045600,0.15945,0.16036,0.15839,0.15933
1389132000,0.15933,0.15939,0.15554,0.15587
1389218400,0.15587,0.15625,0.15282,0.15289
1389304800,0.15289,0.15461,0.15289,0.15461
1389564000,0.15461,0.15557,0.15323,0.15509
1389650400,0.15509,0.1554,0.15316,0.15372
1389736800,0.15372,0.15372,0.15013,0.15107
1389823200,0.15107,0.15404,0.14989,0.15395
1389909600,0.15395,0.15395,0.15043,0.15076
1390255200,0.15076,0.15222,0.15043,0.15093
1390341600,0.15093,0.15164,0.1488,0.14944
1390428000,0.14944,0.15108,0.14909,0.1497
1390514400,0.1497,0.15081,0.14921,0.15075
1390773600,0.15075,0.15075,0.14736,0.14752
1390860000,0.14752,0.1501,0.14654,0.15006
1390946400,0.15006,0.15006,0.14674,0.14729
1391032800,0.14729,0.14977,0.14681,0.14918
1391119200,0.14918,0.15648,0.14918,0.1552
1391378400,0.1552,0.15692,0.15405,0.15677
1391464800,0.15677,0.16299,0.15547,0.15941
1391551200,0.15941,0.16224,0.159095,0.160425
1391637600,0.160425,0.16167,0.15745,0.15863
1391724000,0.15863,0.15873,0.15604,0.15739
1391983200,0.15739,0.15739,0.15444,0.15681
1392069600,0.15681,0.1577,0.15468,0.15468
1392156000,0.15468,0.15961,0.1534,0.15941
1392242400,0.15941,0.15963,0.15618,0.15767
1392328800,0.15767,0.1578,0.15642,0.15729
1392674400,0.15729,0.16315,0.15729,0.16315
1392760800,0.16315,0.16644,0.16179,0.16548
1392847200,0.16548,0.16617,0.164,0.16462
1392933600,0.16462,0.169,0.16462,0.16877
1393192800,0.16877,0.17558,0.16877,0.1747
1393279200,0.1747,0.17848,0.17358,0.17444
1393365600,0.17444,0.17467,0.16824,0.17457
1393452000,0.17457,0.17905,0.174,0.17855
1393538400,0.17855,0.17855,0.17305,0.17401
1393797600,0.17401,0.1777,0.17216,0.17615
1393884000,0.17615,0.17615,0.17249,0.17557
1393970400,0.17557,0.18074,0.17549,0.18067
1394056800,0.18067,0.18265,0.1785,0.18147
1394143200,0.18147,0.18199,0.17686,0.17797
1394398800,0.17797,0.18171,0.17269,0.18033
1394485200,0.18033,0.18184,0.1765,0.17838
1394571600,0.17838,0.17838,0.17416,0.17472
1394658000,0.17472,0.17677,0.17356,0.17568
1394744400,0.17568,0.17568,0.16917,0.17086
1395003600,0.17086,0.17174,0.16798,0.16898
1395090000,0.16898,0.1701,0.16791,0.17008
1395176400,0.17008,0.17202,0.16924,0.17195
1395262800,0.17195,0.17207,0.16868,0.16918
1395349200,0.16918,0.16918,0.16564,0.16735
1395608400,0.16735,0.16851,0.16553,0.16693
1395694800,0.16693,0.16884,0.16645,0.16855
1395781200,0.16855,0.17404,0.16855,0.17275
1395867600,0.17275,0.17765,0.17275,0.17739
1395954000,0.17739,0.17974,0.1754,0.17855
1396213200,0.17855,0.17877,0.17581,0.17693
1396299600,0.17693,0.17693,0.16968,0.16968
1396386000,0.16968,0.17016,0.16702,0.16921
1396472400,0.16921,0.17104,0.16794,0.17096
1396558800,0.17096,0.17296,0.1693,0.17254
1396818000,0.17254,0.17265,0.16838,0.16861
1396904400,0.16861,0.1713,0.16751,0.17097
1396990800,0.17097,0.17262,0.16887,0.16977
1397077200,0.16977,0.17203,0.16947,0.17047
1397163600,0.17047,0.17107,0.168,0.16848
1397422800,0.16848,0.17037,0.16646,0.16743
1397509200,0.16743,0.169175,0.1672,0.16859
1397595600,0.16859,0.17337,0.16852,0.17036
1397682000,0.17036,0.17082,0.16611,0.16824
1398027600,0.16824,0.17039,0.16761,0.1699
1398114000,0.1699,0.17134,0.16879,0.17059
1398200400,0.17059,0.17471,0.17059,0.17345
1398286800,0.17345,0.17475,0.17149,0.17191
1398373200,0.17191,0.17408,0.17128,0.17306
1398632400,0.17306,0.173445,0.17035,0.17061
1398718800,0.17061,0.1714,0.16858,0.17118
1398805200,0.17118,0.1738,0.17118,0.17238
1398891600,0.17238,0.17359,0.17154,0.17351
1398978000,0.17351,0.17365,0.1694,0.1695
1399237200,0.1695,0.1709,0.16836,0.17041
1399323600,0.17041,0.17105,0.16726,0.16769
1399410000,0.16769,0.16959,0.16693,0.16842
1399496400,0.16842,0.16938,0.16663,0.16831
1399582800,0.16831,0.16886,0.1676,0.1678
1399842000,0.1678,0.1693,0.16751,0.1692
1399928400,0.1692,0.17446,0.16915,0.17443
1400014800,0.17443,0.17885,0.17443,0.17863
1400101200,0.17863,0.17863,0.17442,0.17776
1400187600,0.17776,0.17851,0.17502,0.17507
1400446800,0.17507,0.17639,0.17386,0.17436
1400533200,0.17436,0.17531,0.17208,0.17289
1400619600,0.17289,0.17289,0.17038,0.17137
1400706000,0.17137,0.17223,0.17057,0.17057
1400792400,0.17057,0.17114,0.16964,0.17111
1401138000,0.17111,0.17111,0.16691,0.16749
1401224400,0.16749,0.16915,0.16749,0.16887
1401310800,0.16887,0.17307,0.16887,0.1724
1401397200,0.1724,0.17284,0.1701,0.17139
1401656400,0.17139,0.17306,0.169435,0.169825
1401742800,0.169825,0.171025,0.169685,0.170045
1401829200,0.170045,0.170735,0.168795,0.168885
1401915600,0.168885,0.169415,0.166405,0.166615
1402002000,0.166615,0.167495,0.165745,0.167455
1402261200,0.167455,0.169265,0.167305,0.168035
1402347600,0.168035,0.168885,0.166775,0.167785
1402434000,0.167785,0.167785,0.166045,0.166875
1402520400,0.166875,0.166975,0.165645,0.165725
1402606800,0.165725,0.170185,0.165425,0.168985
1402866000,0.168985,0.170915,0.168985,0.170515
1402952400,0.170515,0.170515,0.169255,0.170065
1403038800,0.170065,0.174325,0.169445,0.173655
1403125200,0.173655,0.177805,0.172765,0.177545
1403211600,0.177545,0.17849,0.176555,0.178035
1403470800,0.178035,0.17894,0.176915,0.177535
1403557200,0.177535,0.17799,0.17578,0.17799
1403643600,0.17799,0.17804,0.17541,0.17732
1403730000,0.17732,0.17864,0.1771,0.178505
1403816400,0.178505,0.178505,0.173915,0.17454
1404075600,0.17454,0.17459,0.171725,0.17222
1404162000,0.17222,0.17222,0.16925,0.17028
1404248400,0.17028,0.17125,0.16875,0.17122
1404334800,0.17122,0.1714,0.16961,0.17019
1404680400,0.17019,0.17019,0.16621,0.16823
1404766800,0.16823,0.17042,0.16685,0.16965
1404853200,0.16965,0.170015,0.16567,0.16744
1404939600,0.16744,0.16744,0.16463,0.16589
1405026000,0.16589,0.16589,0.16328,0.1636
1405285200,0.1636,0.1666,0.1636,0.16564
1405371600,0.16564,0.16625,0.16502,0.16573
1405458000,0.16573,0.16655,0.16388,0.164245
1405544400,0.164245,0.16471,0.16252,0.16317
1405630800,0.16317,0.16565,0.16315,0.16357
1405890000,0.16357,0.16825,0.16357,0.16661
1405976400,0.16661,0.16724,0.16382,0.165775
1406062800,0.165775,0.16646,0.16349,0.16369
1406149200,0.16369,0.1674,0.16369,0.1648
1406235600,0.1648,0.16655,0.16421,0.16569
1406494800,0.16569,0.166315,0.1637,0.16423
1406581200,0.16423,0.16423,0.16079,0.16098
1406667600,0.16098,0.16212,0.160155,0.16136
1406754000,0.16136,0.1621,0.15921,0.1593
1406840400,0.1593,0.15996,0.15727,0.15832
1407099600,0.15832,0.16761,0.15826,0.15826
1407186000,0.15826,0.158885,0.15666,0.15679
1407272400,0.15679,0.15988,0.15625,0.15897
1407358800,0.15897,0.16188,0.15617,0.156255
1407445200,0.156255,0.1577,0.15592,0.15714
1407704400,0.15714,0.15953,0.15635,0.15833
1407790800,0.15833,0.16025,0.15639,0.15639
1407877200,0.15639,0.15838,0.15592,0.15635
1407963600,0.15635,0.1565,0.15475,0.15574
1408050000,0.15574,0.15681,0.15492,0.15589
1408309200,0.15589,0.15661,0.15299,0.15314
1408395600,0.15314,0.153555,0.1513,0.15132
1408482000,0.15132,0.15444,0.15069,0.15373
1408568400,0.15373,0.15726,0.15341,0.15648
1408654800,0.15648,0.15731,0.15322,0.15342
1408914000,0.15342,0.15452,0.15031,0.1507
1409000400,0.1507,0.15471,0.1507,0.15461
1409086800,0.15461,0.15691,0.15302,0.15331
1409173200,0.15331,0.15457,0.15228,0.15319
1409259600,0.15319,0.15442,0.15169,0.15209
1409605200,0.15209,0.15643,0.15209,0.15634
1409691600,0.15634,0.15634,0.15355,0.15412
1409778000,0.15412,0.15518,0.14877,0.14926
1409864400,0.14926,0.15034,0.14817,0.14841
1410123600,0.14841,0.14976,0.14771,0.14783
1410210000,0.14783,0.14915,0.1456,0.14732
1410296400,0.14732,0.14733,0.14291,0.1433
1410382800,0.1433,0.14477,0.14209,0.14209
1410469200,0.14209,0.14253,0.13626,0.13636
1410728400,0.13636,0.13834,0.13503,0.13625
1410814800,0.13625,0.13712,0.13538,0.13595
1410901200,0.13595,0.13696,0.1335,0.13671
1410987600,0.13671,0.137155,0.13374,0.133895
1411074000,0.133895,0.13479,0.13279,0.13315
1411333200,0.13315,0.13387,0.13132,0.13198
1411419600,0.13198,0.1358,0.13119,0.132925
1411506000,0.132925,0.13503,0.13235,0.134985
1411592400,0.134985,0.13887,0.134985,0.1367
1411678800,0.1367,0.14104,0.1367,0.140195
1411938000,0.140195,0.143665,0.138495,0.142965
1412024400,0.142965,0.144185,0.139645,0.139985
1412110800,0.139985,0.140165,0.135625,0.136895
1412197200,0.136895,0.138745,0.135885,0.137115
1412283600,0.137115,0.140775,0.136765,0.140715
1412542800,0.140715,0.145605,0.140715,0.145175
1412629200,0.145175,0.146865,0.144945,0.146015
1412715600,0.146015,0.146015,0.143495,0.145095
1412802000,0.145095,0.147855,0.142955,0.142975
1412888400,0.142975,0.144225,0.142225,0.142525
1413147600,0.142525,0.144365,0.142525,0.143755
1413234000,0.143755,0.145645,0.143275,0.145555
1413320400,0.145555,0.146775,0.142065,0.142595
1413406800,0.142595,0.144735,0.141075,0.144155
1413493200,0.144155,0.145155,0.142535,0.143885
1413752400,0.143885,0.146875,0.143885,0.144925
1413838800,0.144925,0.145625,0.142535,0.143075
1413925200,0.143075,0.145325,0.143075,0.144125
1414011600,0.144125,0.144725,0.140845,0.141235
1414098000,0.141235,0.144055,0.141235,0.143095
1414357200,0.143095,0.143095,0.13954,0.140575
1414443600,0.140575,0.14213,0.13989,0.14183
1414530000,0.14183,0.144005,0.14183,0.143075
1414616400,0.143075,0.143875,0.142035,0.143315
1414702800,0.143315,0.143605,0.140915,0.141095
1414965600,0.141095,0.141695,0.140565,0.140755
1415052000,0.140755,0.140945,0.138435,0.138875
1415138400,0.138875,0.139965,0.137255,0.137495
1415224800,0.137495,0.138405,0.136705,0.137195
1415311200,0.137195,0.140525,0.137195,0.138985
1415570400,0.138985,0.140245,0.138325,0.139145
1415656800,0.139145,0.145615,0.138995,0.144725
1415743200,0.144725,0.146415,0.14349,0.145415
1415829600,0.145415,0.145825,0.142355,0.143255
1415916000,0.143255,0.143705,0.140695,0.141795
1416175200,0.141795,0.143175,0.140425,0.14122
1416261600,0.14122,0.142445,0.14052,0.140965
1416348000,0.140965,0.143455,0.140615,0.142375
1416434400,0.142375,0.145825,0.142375,0.144265
1416520800,0.144265,0.145645,0.142895,0.145025
1416780000,0.145025,0.145385,0.144175,0.144585
1416866400,0.144585,0.146405,0.143825,0.144855
1416952800,0.144855,0.145985,0.144475,0.145955
1417125600,0.145955,0.145955,0.14087,0.14115
1417384800,0.14115,0.143275,0.139705,0.142215
1417471200,0.142215,0.142775,0.138625,0.138725
1417557600,0.138725,0.139115,0.13742,0.137745
1417644000,0.137745,0.139105,0.137165,0.138655
1417730400,0.138655,0.139295,0.13767,0.138375
1417989600,0.138375,0.141425,0.138375,0.140415
1418076000,0.140415,0.141775,0.13958,0.141445
1418162400,0.141445,0.14341,0.141445,0.142115
1418248800,0.142115,0.142585,0.138955,0.139215
1418335200,0.139215,0.139965,0.137805,0.138095
1418594400,0.138095,0.139875,0.137605,0.138075
1418680800,0.138075,0.138345,0.135725,0.135785
1418767200,0.135785,0.137615,0.135375,0.136215
1418853600,0.136215,0.139165,0.136215,0.139075
1418940000,0.139075,0.140065,0.138125,0.139035
1419199200,0.139035,0.141345,0.137805,0.137995
1419285600,0.137995,0.138765,0.137465,0.137955
1419372000,0.137955,0.138455,0.137635,0.137655
1419544800,0.137655,0.138325,0.137445,0.137465
1419804000,0.137465,0.139275,0.136305,0.136875
1419890400,0.136875,0.138115,0.136805,0.137185
1419976800,0.137185,0.138895,0.136035,0.136585
1420149600,0.136585,0.136915,0.133315,0.133785
1420408800,0.133785,0.135065,0.132965,0.134695
1420495200,0.134695,0.142475,0.134695,0.140745
1420581600,0.140745,0.141875,0.138465,0.139315
1420668000,0.139315,0.143745,0.138885,0.140925
1420754400,0.140925,0.142095,0.140425,0.141625
1421013600,0.141625,0.14307,0.14005,0.14027
1421100000,0.14027,0.1425,0.139725,0.14169
1421186400,0.14169,0.14417,0.14118,0.14241
1421272800,0.14241,0.14693,0.14238,0.14636
1421359200,0.14636,0.14812,0.14591,0.14642
1421704800,0.14642,0.15213,0.14642,0.15175
1421791200,0.15175,0.15528,0.151675,0.152185
1421877600,0.152185,0.15341,0.15019,0.15313
1421964000,0.15313,0.15313,0.14585,0.14607
1422223200,0.14607,0.14981,0.14607,0.14896
1422309600,0.14896,0.14896,0.14443,0.14696
1422396000,0.14696,0.14834,0.14501,0.14676
1422482400,0.14676,0.14676,0.14326,0.1444
1422568800,0.1444,0.14567,0.14234,0.14339
1422828000,0.14339,0.14395,0.13745,0.13839
1422914400,0.13839,0.1436,0.13839,0.14108
1423000800,0.14108,0.14325,0.14001,0.14133
1423087200,0.14133,0.14222,0.14001,0.14096
1423173600,0.14096,0.14561,0.14096,0.14231
1423432800,0.14231,0.14581,0.14231,0.14529
1423519200,0.14529,0.14738,0.14368,0.14413
1423605600,0.14413,0.14532,0.14254,0.14406
1423692000,0.14406,0.14805,0.14406,0.14775
1423778400,0.14775,0.1479,0.14576,0.14673
1424124000,0.14673,0.15092,0.14533,0.1501
1424210400,0.1501,0.15036,0.1482,0.14928
1424296800,0.14928,0.14928,0.14444,0.1456
1424383200,0.1456,0.14604,0.14187,0.14255
1424642400,0.14255,0.14278,0.14039,0.1406
1424728800,0.1406,0.1425,0.13964,0.14122
1424815200,0.14122,0.1424,0.13693,0.13743
1424901600,0.13743,0.13953,0.13743,0.1389
1424988000,0.1389,0.13904,0.13645,0.13765
1425247200,0.13765,0.13785,0.13519,0.13529
1425333600,0.13529,0.13529,0.1333,0.1339
1425420000,0.1339,0.13471,0.13132,0.13321
1425506400,0.13321,0.13601,0.13312,0.13372
1425592800,0.13372,0.13594,0.13363,0.13391
1425848400,0.13391,0.13505,0.13196,0.13207
1425934800,0.13207,0.13207,0.12937,0.12972
1426021200,0.12972,0.13129,0.12932,0.13121
1426107600,0.13121,0.13259,0.13055,0.13189
1426194000,0.13189,0.13189,0.12533,0.12719
1426453200,0.12719,0.12934,0.12719,0.12842
1426539600,0.12842,0.12855,0.12646,0.12795
1426626000,0.12795,0.12926,0.12607,0.12687
1426712400,0.12687,0.12867,0.12528,0.12558
1426798800,0.12558,0.12738,0.12359,0.12638
1427058000,0.12638,0.12811,0.12571,0.12731
1427144400,0.12731,0.12879,0.1234,0.12343
1427230800,0.12343,0.12543,0.12284,0.1251
1427317200,0.1251,0.1251,0.12292,0.12325
1427403600,0.12325,0.12325,0.12074,0.12094
1427662800,0.12094,0.12188,0.11919,0.11929
1427749200,0.11929,0.12089,0.1189,0.11963
1427835600,0.11963,0.1235,0.1195,0.12311
1427922000,0.12311,0.1272,0.1231,0.1271
1428267600,0.1271,0.12833,0.12484,0.12544
1428354000,0.12544,0.12822,0.12278,0.12759
1428440400,0.12759,0.13103,0.12733,0.12975
1428526800,0.12975,0.13003,0.12613,0.12826
1428613200,0.12826,0.12883,0.12702,0.12863
1428872400,0.12863,0.12942,0.1267,0.12881
1428958800,0.12881,0.13101,0.12841,0.13054
1429045200,0.13054,0.13111,0.1291,0.12953
1429131600,0.12953,0.13381,0.12889,0.13351
1429218000,0.13351,0.1338,0.13099,0.1313
1429477200,0.1313,0.13188,0.12686,0.12766
1429563600,0.12766,0.12766,0.12395,0.12475
1429650000,0.12475,0.12665,0.12404,0.12615
1429736400,0.12615,0.13126,0.12504,0.13089
1429822800,0.13089,0.13286,0.12995,0.13205
1430082000,0.13205,0.13424,0.12943,0.13394
1430168400,0.13394,0.13514,0.13153,0.13263
1430254800,0.13263,0.13263,0.12962,0.13202
1430341200,0.13202,0.13533,0.12891,0.13192
1430427600,0.13192,0.13331,0.1285,0.1293
1430686800,0.1293,0.1293,0.12497,0.12507
1430773200,0.12507,0.12837,0.12447,0.12767
1430859600,0.12767,0.12987,0.12767,0.12897
1430946000,0.12897,0.13077,0.12696,0.13027
1431032400,0.13027,0.13467,0.12956,0.1339
1431291600,0.1339,0.13576,0.13295,0.13502
1431378000,0.13502,0.13615,0.13365,0.13605
1431464400,0.13605,0.13624,0.12965,0.12985
1431550800,0.12985,0.13135,0.12764,0.12871
1431637200,0.12871,0.13144,0.12871,0.12888
1431896400,0.12888,0.12922,0.12711,0.12791
1431982800,0.12791,0.12994,0.12764,0.12911
1432069200,0.12911,0.12911,0.1261,0.1265
1432155600,0.1265,0.1275,0.12489,0.12529
1432242000,0.12529,0.12689,0.12308,0.12331
1432587600,0.12331,0.12331,0.12005,0.12125
1432674000,0.12125,0.12145,0.11854,0.11912
1432760400,0.11912,0.12154,0.11874,0.11991
1432846800,0.11991,0.12084,0.11943,0.12013
1433106000,0.12013,0.12312,0.11885,0.12259
1433192400,0.12259,0.12512,0.12259,0.12312
1433278800,0.12312,0.12321,0.12061,0.12091
1433365200,0.12091,0.1224,0.1204,0.1212
1433451600,0.1212,0.1219,0.11909,0.12097
1433710800,0.12097,0.12268,0.12078,0.12168
1433797200,0.12168,0.12267,0.12026,0.12099
1433883600,0.12099,0.12236,0.12016,0.12018
1433970000,0.12018,0.12018,0.11626,0.11636
1434056400,0.11636,0.11775,0.11636,0.11711
1434315600,0.11711,0.11711,0.11459,0.11488
1434402000,0.11488,0.11597,0.11327,0.11346
1434488400,0.11346,0.11485,0.11319,0.11466
1434574800,0.11466,0.115215,0.11343,0.11353
1434661200,0.11353,0.11384,0.11191,0.1121
1434920400,0.1121,0.11618,0.1121,0.11589
1435006800,0.11589,0.1164,0.11379,0.11382
1435093200,0.11382,0.11724,0.11382,0.11712
1435179600,0.11712,0.11783,0.11541,0.1156
1435266000,0.1156,0.11786,0.114445,0.11571
1435525200,0.11571,0.11875,0.11523,0.1177
1435611600,0.1177,0.12161,0.1177,0.12151
1435698000,0.12151,0.12243,0.11988,0.12133
1435784400,0.12133,0.123525,0.119335,0.120215
1435870800,0.120215,0.12022,0.120215,0.12022
1436130000,0.12022,0.1226,0.11856,0.12166
1436216400,0.12166,0.1238,0.11902,0.12019
1436302800,0.12019,0.12198,0.11924,0.11995
1436389200,0.11995,0.12134,0.11567,0.11587
1436475600,0.11587,0.12147,0.11587,0.12105
1436734800,0.12105,0.12343,0.12059,0.12255
1436821200,0.12255,0.12512,0.12255,0.12337
1436907600,0.12337,0.12337,0.12145,0.12164
1436994000,0.12164,0.12196,0.11903,0.11952
1437080400,0.11952,0.11992,0.11672,0.11675
1437339600,0.11675,0.11675,0.11128,0.1125
1437426000,0.1125,0.11486,0.11156,0.11202
1437512400,0.11202,0.11315,0.11148,0.11157
1437598800,0.11157,0.11309,0.11135,0.11309
1437685200,0.11309,0.11429,0.10989,0.11028
1437944400,0.11028,0.11203,0.10971,0.11038
1438030800,0.11038,0.11158,0.10962,0.10975
1438117200,0.10975,0.11407,0.10975,0.1125
1438203600,0.1125,0.11429,0.11057,0.11065
1438290000,0.11065,0.11138,0.10935,0.10968
1438549200,0.10968,0.10997,0.10666,0.10674
1438635600,0.10674,0.10863,0.1062,0.10856
1438722000,0.10856,0.10888,0.10574,0.10594
1438808400,0.10594,0.10666,0.10479,0.10556
1438894800,0.10556,0.10797,0.10473,0.10502
1439154000,0.10502,0.10502,0.10225,0.10432
1439240400,0.10432,0.10552,0.10228,0.10481
1439326800,0.10481,0.10575,0.10299,0.10427
1439413200,0.10427,0.10499,0.10323,0.10392
1439499600,0.10392,0.10572,0.10365,0.10553
1439758800,0.10553,0.10561,0.10422,0.10542
1439845200,0.10542,0.108015,0.103855,0.105745
1439931600,0.105745,0.10666,0.10449,0.10479
1440018000,0.10479,0.1052,0.10323,0.10511
1440104400,0.10511,0.10523,0.10287,0.10312
1440363600,0.10312,0.10326,0.10028,0.10326
1440450000,0.10326,0.10625,0.10326,0.10517
1440536400,0.10517,0.10559,0.1036,0.10414
1440622800,0.10414,0.10985,0.10414,0.10981
1440709200,0.10981,0.1106,0.10733,0.10833
1440968400,0.10833,0.10872,0.10475,0.10594
1441054800,0.10594,0.10705,0.10517,0.10597
1441141200,0.10597,0.11003,0.1055,0.10658
1441227600,0.10658,0.11298,0.10651,0.11281
1441314000,0.11281,0.11549,0.11076,0.11165
1441659600,0.11165,0.11353,0.10986,0.11009
1441746000,0.11009,0.11406,0.11009,0.11406
1441832400,0.11406,0.11406,0.11081,0.11231
1441918800,0.11231,0.11631,0.11231,0.115835
1442178000,0.115835,0.116535,0.114155,0.114925
1442264400,0.114925,0.115955,0.112995,0.113925
1442350800,0.113925,0.115085,0.112755,0.114725
1442437200,0.114725,0.116245,0.113275,0.113465
1442523600,0.113465,0.114985,0.108675,0.109115
1442782800,0.109115,0.110435,0.108435,0.108885
1442869200,0.108885,0.109415,0.107095,0.107845
1442955600,0.107845,0.110655,0.107695,0.108015
1443042000,0.108015,0.110825,0.107365,0.110455
1443128400,0.110455,0.116105,0.110455,0.115545
1443387600,0.115545,0.116625,0.11476,0.115725
1443474000,0.115725,0.119305,0.113405,0.116025
1443560400,0.116025,0.121595,0.116025,0.120105
1443646800,0.120105,0.124185,0.120105,0.124025
1443733200,0.124025,0.126855,0.123965,0.126665
1443992400,0.126665,0.128145,0.125605,0.128055
1444078800,0.128055,0.128195,0.125945,0.127485
1444165200,0.127485,0.131545,0.127025,0.130795
1444251600,0.130795,0.131855,0.128705,0.131295
1444338000,0.131295,0.135515,0.130885,0.133555
1444597200,0.133555,0.134725,0.131345,0.134095
1444683600,0.134095,0.134095,0.129535,0.130135
1444770000,0.130135,0.133075,0.128815,0.132985
1444856400,0.132985,0.135475,0.130705,0.133235
1444942800,0.133235,0.134705,0.130635,0.134675
1445202000,0.134675,0.135805,0.133265,0.134375
1445288400,0.134375,0.134945,0.131635,0.132765
1445374800,0.132765,0.134515,0.131965,0.133985
1445461200,0.133985,0.138075,0.133985,0.137985
1445547600,0.137985,0.139115,0.134435,0.134675
1445806800,0.134675,0.138695,0.134235,0.138105
1445893200,0.138105,0.139135,0.136015,0.136555
1445979600,0.136555,0.140145,0.135865,0.138745
1446066000,0.138745,0.139165,0.136695,0.138025
1446152400,0.138025,0.139495,0.136095,0.137705
1446415200,0.137705,0.143775,0.137705,0.143755
1446501600,0.143755,0.147435,0.142895,0.147165
1446588000,0.147165,0.14727,0.13849,0.13849
1446674400,0.13849,0.1431,0.13757,0.139755
1446760800,0.139755,0.14182,0.136535,0.13747
1447020000,0.13747,0.13747,0.1327,0.13355
1447106400,0.13355,0.141535,0.13302,0.1399
1447192800,0.1399,0.143445,0.13958,0.14006
1447279200,0.14006,0.14298,0.13914,0.14295
1447365600,0.14295,0.14548,0.141725,0.14345
1447624800,0.14345,0.14533,0.14159,0.14504
1447711200,0.14504,0.14504,0.13927,0.14109
1447797600,0.14109,0.14109,0.13636,0.1386
1447884000,0.1386,0.14351,0.13832,0.14284
1447970400,0.14284,0.147755,0.14269,0.146465
1448229600,0.146465,0.14797,0.14549,0.14788
1448316000,0.14788,0.15119,0.14351,0.14392
1448402400,0.14392,0.14507,0.14062,0.14353
1448575200,0.14353,0.14534,0.14334,0.14347
1448834400,0.14347,0.144245,0.1416,0.14353
1448920800,0.14353,0.14869,0.14176,0.14862
1449007200,0.14862,0.15017,0.1449,0.14789
1449093600,0.14789,0.15055,0.14639,0.15007
1449180000,0.15007,0.15234,0.14867,0.1489
1449439200,0.1489,0.1505,0.14714,0.14744
1449525600,0.14744,0.149775,0.14422,0.145025
1449612000,0.145025,0.14678,0.144455,0.14554
1449698400,0.14554,0.14626,0.14001,0.14049
1449784800,0.14049,0.14209,0.14015,0.14094
1450044000,0.14094,0.14168,0.13765,0.14112
1450130400,0.14112,0.14456,0.140965,0.14121
1450216800,0.14121,0.14173,0.13872,0.14144
1450303200,0.14144,0.14349,0.14091,0.14227
1450389600,0.14227,0.14766,0.141495,0.14592
1450648800,0.14592,0.14747,0.1429,0.14456
1450735200,0.14456,0.14647,0.14431,0.14543
1450821600,0.14543,0.14731,0.14543,0.14682
1450908000,0.14682,0.14756,0.14611,0.14614
1451253600,0.14614,0.14635,0.14345,0.143685
1451340000,0.143685,0.14475,0.14312,0.143975
1451426400,0.143975,0.14794,0.143725,0.14747
1451512800,0.14747,0.15035,0.147355,0.14821
1451858400,0.14821,0.14874,0.14445,0.14597
1451944800,0.14597,0.14735,0.14199,0.14245
1452031200,0.14245,0.14295,0.14069,0.14098
1452117600,0.14098,0.14602,0.14004,0.14373
1452204000,0.14373,0.14637,0.1412,0.14172
1452463200,0.14172,0.14352,0.13738,0.13914
1452549600,0.13914,0.13968,0.13645,0.13761
1452636000,0.13761,0.14268,0.13761,0.14218
1452722400,0.14218,0.14677,0.14107,0.14571
1452808800,0.14571,0.1482,0.14475,0.14597
1453154400,0.14597,0.14825,0.14422,0.14493
1453240800,0.14493,0.14493,0.138995,0.13959
1453327200,0.13959,0.14428,0.13874,0.1422
1453413600,0.1422,0.14523,0.14088,0.14175
1453672800,0.14175,0.14175,0.13871,0.1394
1453759200,0.1394,0.14147,0.13759,0.13849
1453845600,0.13849,0.1392,0.1336,0.13371
1453932000,0.13371,0.13382,0.12962,0.13125
1454018400,0.13125,0.13252,0.12901,0.12968
1454277600,0.12968,0.13231,0.1259,0.12679
1454364000,0.12679,0.12961,0.12516,0.12823
1454450400,0.12823,0.13074,0.1263,0.1271
1454536800,0.1271,0.13021,0.12685,0.12765
1454623200,0.12765,0.13204,0.12765,0.13154
1454882400,0.13154,0.13399,0.13103,0.13332
1454968800,0.13332,0.13436,0.13199,0.13209
1455055200,0.13209,0.13371,0.13045,0.13271
1455141600,0.13271,0.13327,0.12961,0.12962
1455228000,0.12962,0.13146,0.12916,0.13084
1455573600,0.13084,0.1333,0.12971,0.13178
1455660000,0.13178,0.13235,0.12996,0.13086
1455746400,0.13086,0.13147,0.12701,0.12737
1455832800,0.12737,0.12737,0.12448,0.1249
1456092000,0.1249,0.12655,0.12452,0.12649
1456178400,0.12649,0.13717,0.12649,0.13608
1456264800,0.13608,0.13857,0.13453,0.1367
1456351200,0.1367,0.14028,0.13524,0.14005
1456437600,0.14005,0.14179,0.13674,0.13814
1456696800,0.13814,0.14179,0.13773,0.14169
1456783200,0.14169,0.14309,0.13945,0.14231
1456869600,0.14231,0.14501,0.14138,0.14454
1456956000,0.14454,0.14711,0.14454,0.14563
1457042400,0.14563,0.14744,0.14505,0.1469
1457301600,0.1469,0.14694,0.14368,0.14457
1457388000,0.14457,0.14698,0.14314,0.14691
1457474400,0.14691,0.14769,0.14401,0.14451
1457560800,0.14451,0.14694,0.14416,0.14684
1457647200,0.14684,0.15172,0.14684,0.15021
1457902800,0.15021,0.15291,0.14875,0.15266
1457989200,0.15266,0.15266,0.14918,0.15116
1458075600,0.15116,0.15337,0.14901,0.15337
1458162000,0.15337,0.15866,0.1533,0.15757
1458248400,0.15757,0.15948,0.15571,0.1577
1458507600,0.1577,0.16177,0.1564,0.16157
1458594000,0.16157,0.16458,0.16051,0.16445
1458680400,0.16445,0.16604,0.1619,0.16598
1458766800,0.16598,0.16598,0.1566,0.15704
1459112400,0.15704,0.16132,0.15505,0.15831
1459198800,0.15831,0.15831,0.15529,0.15768
1459285200,0.15768,0.16039,0.15701,0.15762
1459371600,0.15762,0.15876,0.15228,0.15318
1459458000,0.15318,0.15318,0.14893,0.15142
1459717200,0.15142,0.15142,0.14536,0.14628
1459803600,0.14628,0.14757,0.14536,0.14638
1459890000,0.14638,0.14701,0.14472,0.14544
1459976400,0.14544,0.14644,0.14326,0.14326
1460062800,0.14326,0.14678,0.14169,0.14621
1460322000,0.14621,0.14621,0.14073,0.141
1460408400,0.141,0.14262,0.14003,0.14013
1460494800,0.14013,0.14143,0.13957,0.13987
1460581200,0.13987,0.1432,0.13973,0.14099
1460667600,0.14099,0.14934,0.14091,0.14846
1460926800,0.14846,0.15368,0.14841,0.15175
1461013200,0.15175,0.15284,0.14951,0.15098
1461099600,0.15098,0.15602,0.147,0.15455
1461186000,0.15455,0.15592,0.15087,0.15418
1461272400,0.15418,0.15648,0.15033,0.15092
1461531600,0.15092,0.15635,0.15092,0.15567
1461618000,0.15567,0.15771,0.15394,0.15764
1461704400,0.15764,0.15781,0.1537,0.15517
1461790800,0.15517,0.15517,0.15265,0.15416
1461877200,0.15416,0.16095,0.15353,0.1605
1462136400,0.1605,0.16178,0.15755,0.15901
1462222800,0.15901,0.16033,0.15613,0.15997
1462309200,0.15997,0.16495,0.15951,0.16373
1462395600,0.16373,0.16586,0.15478,0.15518
1462482000,0.15518,0.15774,0.15372,0.15539
1462741200,0.15539,0.15926,0.15315,0.15631
1462827600,0.15631,0.15915,0.15603,0.15781
1462914000,0.15781,0.16547,0.15781,0.16498
1463000400,0.16498,0.16749,0.16335,0.16697
1463086800,0.16697,0.16752,0.16122,0.16455
1463346000,0.16455,0.1669,0.16172,0.1667
1463432400,0.1667,0.16725,0.16362,0.16547
1463518800,0.16547,0.1665,0.16156,0.1659
1463605200,0.1659,0.16714,0.1632,0.16498
1463691600,0.16498,0.17075,0.16393,0.16838
1463950800,0.16838,0.1699,0.16507,0.16584
1464037200,0.16584,0.16729,0.16384,0.16473
1464123600,0.16473,0.17022,0.16249,0.16953
1464210000,0.16953,0.17293,0.16878,0.17254
1464296400,0.17254,0.17408,0.17071,0.17349
1464642000,0.17349,0.17536,0.17072,0.17204
1464728400,0.17204,0.17367,0.17009,0.17198
1464814800,0.17198,0.18034,0.17189,0.17997
1464901200,0.17997,0.18635,0.17969,0.18625
1465160400,0.18625,0.19285,0.18547,0.18615
1465246800,0.18615,0.19001,0.18146,0.18883
1465333200,0.18883,0.19636,0.18849,0.19507
1465419600,0.19507,0.19797,0.19296,0.19533
1465506000,0.19533,0.19658,0.19158,0.19645
1465765200,0.19645,0.19742,0.19297,0.19416
1465851600,0.19416,0.19416,0.18924,0.19283
1465938000,0.19283,0.19707,0.19199,0.19649
1466024400,0.19649,0.2006,0.19224,0.1964
1466110800,0.1964,0.20036,0.19601,0.19616
1466370000,0.19616,0.19763,0.19415,0.19611
1466456400,0.19611,0.1964,0.19103,0.19136
1466542800,0.19136,0.19223,0.1897,0.1897
1466629200,0.1897,0.19388,0.18576,0.1911
1466715600,0.1911,0.1911,0.18372,0.18983
1466974800,0.18983,0.19714,0.18983,0.19575
1467061200,0.19575,0.19974,0.19559,0.19759
1467147600,0.19759,0.2093,0.19681,0.20883
1467234000,0.20883,0.21031,0.20042,0.20187
1467320400,0.20187,0.20874,0.20133,0.20548
1467666000,0.20548,0.20922,0.20295,0.20756
1467752400,0.20756,0.20785,0.20024,0.20332
1467838800,0.20332,0.20477,0.19408,0.19508
1467925200,0.19508,0.19728,0.19291,0.19452
1468184400,0.19452,0.20239,0.19428,0.2023
1468270800,0.2023,0.20427,0.19457,0.19598
1468357200,0.19598,0.20035,0.19238,0.1933
1468443600,0.1933,0.20163,0.19292,0.19808
1468530000,0.19808,0.19808,0.19036,0.19227
1468789200,0.19227,0.19406,0.19001,0.19339
1468875600,0.19339,0.19527,0.19092,0.19249
1468962000,0.19249,0.19362,0.19035,0.19164
1469048400,0.19164,0.19722,0.19164,0.19414
1469134800,0.19414,0.19545,0.19148,0.19515
1469394000,0.19515,0.1998,0.19441,0.19779
1469480400,0.19779,0.19944,0.19224,0.19371
1469566800,0.19371,0.19415,0.18878,0.18958
1469653200,0.18958,0.19049,0.18642,0.18708
1469739600,0.18708,0.1923,0.18601,0.18875
1469998800,0.18875,0.19186,0.18654,0.18659
1470085200,0.18659,0.19098,0.1863,0.18974
1470171600,0.18974,0.19169,0.18765,0.18971
1470258000,0.18971,0.19738,0.18763,0.19702
1470344400,0.19702,0.20357,0.19511,0.2029
1470603600,0.2029,0.2081,0.20253,0.2041
1470690000,0.2041,0.20766,0.20176,0.20225
1470776400,0.20225,0.20436,0.19483,0.1958
1470862800,0.1958,0.19801,0.19443,0.1951
1470949200,0.1951,0.1985,0.19414,0.19632
1471208400,0.19632,0.19988,0.1946,0.19978
1471294800,0.19978,0.2035,0.1994,0.20149
1471381200,0.20149,0.202,0.19573,0.19616
1471467600,0.19616,0.201,0.19614,0.19974
1471554000,0.19974,0.20044,0.19617,0.19694
1471813200,0.19694,0.2039,0.19582,0.2036
1471899600,0.2036,0.2073,0.2013,0.20668
1471986000,0.20668,0.20861,0.19865,0.20264
1472072400,0.20264,0.20684,0.20136,0.20473
1472158800,0.20473,0.20641,0.20256,0.20524
1472418000,0.20524,0.20752,0.20313,0.20573
1472504400,0.20573,0.20733,0.20375,0.20415
1472590800,0.20415,0.20536,0.19918,0.19992
1472677200,0.19992,0.20141,0.19481,0.19591
1472763600,0.19591,0.20378,0.19552,0.20164
1473109200,0.20164,0.20266,0.1971,0.20206
1473195600,0.20206,0.2048,0.19951,0.20211
1473282000,0.20211,0.20225,0.19926,0.20171
1473368400,0.20171,0.20361,0.19905,0.19955
1473627600,0.19955,0.2025,0.19781,0.20201
1473714000,0.20201,0.20542,0.20167,0.20372
1473800400,0.20372,0.20413,0.20024,0.20144
1473886800,0.20144,0.20582,0.20063,0.20456
1473973200,0.20456,0.22166,0.20427,0.21791
1474232400,0.21791,0.22264,0.21664,0.22059
1474318800,0.22059,0.22273,0.21789,0.22127
1474405200,0.22127,0.22256,0.21896,0.22153
1474491600,0.22153,0.23445,0.22023,0.22073
1474578000,0.22073,0.22355,0.21747,0.22148
1474837200,0.22148,0.22593,0.21996,0.22549
1474923600,0.22549,0.23058,0.22363,0.22958
1475010000,0.22958,0.23346,0.22894,0.23346
1475096400,0.23346,0.23602,0.22771,0.22923
1475182800,0.22923,0.23077,0.22411,0.22463
1475442000,0.22463,0.22658,0.22077,0.22143
1475528400,0.22143,0.22996,0.22118,0.22816
1475614800,0.22816,0.23389,0.22796,0.23093
1475701200,0.23093,0.23343,0.22393,0.22692
1475787600,0.22692,0.23227,0.2248,0.22952
1476046800,0.22952,0.22952,0.22393,0.22641
1476133200,0.22641,0.22955,0.22239,0.22827
1476219600,0.22827,0.23144,0.22445,0.22713
1476306000,0.22713,0.22838,0.2246,0.22483
1476392400,0.22483,0.2288,0.22316,0.2253
1476651600,0.2253,0.22865,0.22306,0.22738
1476738000,0.22738,0.2276,0.22426,0.22548
1476824400,0.22548,0.22685,0.2241,0.22489
1476910800,0.22489,0.22569,0.21957,0.22258
1476997200,0.22258,0.22348,0.22052,0.22328
1477256400,0.22328,0.22914,0.22328,0.2276
1477342800,0.2276,0.22801,0.22379,0.22537
1477429200,0.22537,0.22555,0.22251,0.22252
1477515600,0.22252,0.22316,0.2207,0.22201
1477602000,0.22201,0.22269,0.2176,0.21792
1477861200,0.21792,0.21832,0.21208,0.21236
1477947600,0.21236,0.21236,0.20778,0.20835
1478034000,0.20835,0.21483,0.2075,0.21393
1478120400,0.21393,0.215,0.21019,0.21137
1478206800,0.21137,0.21462,0.20965,0.21415
1478469600,0.21415,0.22241,0.21404,0.21877
1478556000,0.21877,0.2198,0.21592,0.21681
1478642400,0.21681,0.21865,0.21032,0.21758
1478728800,0.21758,0.22161,0.21295,0.21295
1478815200,0.21295,0.21485,0.21189,0.21436
1479074400,0.21436,0.21583,0.21276,0.21319
1479160800,0.21319,0.21493,0.20565,0.20757
1479247200,0.20757,0.2086,0.2004,0.2004
1479333600,0.2004,0.20242,0.19908,0.19935
1479420000,0.19935,0.20213,0.1978,0.19928
1479679200,0.19928,0.20194,0.19928,0.20064
1479765600,0.20064,0.20174,0.19395,0.19455
1479852000,0.19455,0.19625,0.19317,0.19378
1480024800,0.19378,0.19788,0.19336,0.19618
1480284000,0.19618,0.19875,0.19569,0.1973
1480370400,0.1973,0.20062,0.19352,0.19362
1480456800,0.19362,0.19604,0.19271,0.19555
1480543200,0.19555,0.19734,0.19113,0.19113
1480629600,0.19113,0.19144,0.18659,0.18982
1480888800,0.18982,0.18982,0.18678,0.18711
1480975200,0.18711,0.19625,0.18594,0.19307
1481061600,0.19307,0.19544,0.19007,0.19435
1481148000,0.19435,0.19595,0.19117,0.1926
1481234400,0.1926,0.19362,0.18893,0.19047
1481493600,0.19047,0.19626,0.18973,0.18986
1481580000,0.18986,0.19069,0.18332,0.18424
1481666400,0.18424,0.18424,0.17788,0.1785
1481752800,0.1785,0.18496,0.1766,0.18359
1481839200,0.18359,0.18529,0.17778,0.18095
1482098400,0.18095,0.18357,0.17959,0.18063
1482184800,0.18063,0.18161,0.17934,0.18122
1482271200,0.18122,0.18273,0.17956,0.18006
1482357600,0.18006,0.18137,0.17968,0.17975
1482444000,0.17975,0.18139,0.17975,0.17999
1482789600,0.17999,0.18774,0.17999,0.18359
1482876000,0.18359,0.18957,0.18359,0.18876
1482962400,0.18876,0.19556,0.18857,0.19334
1483048800,0.19334,0.19535,0.19248,0.19456
1483394400,0.19456,0.2039,0.19443,0.20382
1483480800,0.20382,0.20769,0.20253,0.20769
1483567200,0.20769,0.21017,0.20506,0.20556
1483653600,0.20556,0.2068,0.20159,0.20656
1483912800,0.20656,0.20656,0.20227,0.20324
1483999200,0.20324,0.20428,0.20021,0.20347
1484085600,0.20347,0.20759,0.20347,0.20424
1484172000,0.20424,0.2074,0.20424,0.20563
1484258400,0.20563,0.20784,0.20358,0.20395
1484604000,0.20395,0.20706,0.20395,0.20587
1484690400,0.20587,0.20879,0.20441,0.20829
1484776800,0.20829,0.21253,0.19946,0.20023
1484863200,0.20023,0.20426,0.19949,0.20108
1485122400,0.20108,0.20616,0.20108,0.20557
1485208800,0.20557,0.20882,0.20441,0.20478
1485295200,0.20478,0.20641,0.20172,0.20294
1485381600,0.20294,0.20553,0.20174,0.20279
1485468000,0.20279,0.20446,0.20217,0.20264
1485727200,0.20264,0.20384,0.20056,0.20275
1485813600,0.20275,0.20444,0.20178,0.20397
1485900000,0.20397,0.20798,0.20382,0.20725
1485986400,0.20725,0.2112,0.20281,0.20395
1486072800,0.20395,0.21143,0.20325,0.21143
1486332000,0.21143,0.2142,0.20982,0.21049
1486418400,0.21049,0.21251,0.20616,0.20666
1486504800,0.20666,0.20885,0.20559,0.20719
1486591200,0.20719,0.2097,0.20575,0.20612
1486677600,0.20612,0.2068,0.20265,0.20385
1486936800,0.20385,0.20572,0.19877,0.19981
1487023200,0.19981,0.20478,0.19981,0.20466
1487109600,0.20466,0.20798,0.20394,0.204635
1487196000,0.204635,0.205105,0.20022,0.203885
1487282400,0.203885,0.203885,0.20134,0.202965
1487628000,0.202965,0.2089,0.202965,0.208585
1487714400,0.208585,0.21,0.20686,0.207085
1487800800,0.207085,0.20766,0.20156,0.201785
1487887200,0.201785,0.20272,0.19814,0.198745
1488146400,0.198745,0.19892,0.1916,0.191695
1488232800,0.191695,0.1958,0.19158,0.193895
1488319200,0.193895,0.19578,0.191575,0.195685
1488405600,0.195685,0.19738,0.194075,0.195875
1488492000,0.195875,0.19818,0.19474,0.196165
1488751200,0.196165,0.19886,0.19174,0.192285
1488837600,0.192285,0.192285,0.18418,0.184205
1488924000,0.184205,0.186,0.18188,0.184795
1489010400,0.184795,0.1878,0.18024,0.180575
1489096800,0.180575,0.18388,0.18006,0.183275
1489352400,0.183275,0.18426,0.18094,0.182615
1489438800,0.182615,0.18362,0.18144,0.181735
1489525200,0.181735,0.18324,0.18172,0.182435
1489611600,0.182435,0.18564,0.18212,0.183125
1489698000,0.183125,0.18412,0.1754,0.182915
1489957200,0.182915,0.18386,0.17688,0.177405
1490043600,0.177405,0.177405,0.17086,0.173365
1490130000,0.173365,0.1745,0.17064,0.173555
1490216400,0.173555,0.17676,0.17184,0.176705
1490302800,0.176705,0.179945,0.17574,0.177875
1490562000,0.177875,0.17922,0.17472,0.177665
1490648400,0.177665,0.1818,0.17504,0.176105
1490734800,0.176105,0.176105,0.1708,0.170795
1490821200,0.170795,0.170795,0.166,0.168765
1490907600,0.168765,0.17008,0.167175,0.168505
1491166800,0.168505,0.17196,0.16502,0.165045
1491253200,0.165045,0.16576,0.16146,0.161735
1491339600,0.161735,0.16974,0.16072,0.161225
1491426000,0.161225,0.165525,0.16102,0.165525
1491512400,0.165525,0.16852,0.165,0.167515
1491771600,0.167515,0.16944,0.1658,0.165895
1491858000,0.165895,0.16866,0.1623,0.167885
1491944400,0.167885,0.16934,0.16596,0.167055
1492030800,0.167055,0.17168,0.1658,0.166865
1492376400,0.166865,0.169345,0.16428,0.165135
1492462800,0.165135,0.16888,0.16188,0.168485
1492549200,0.168485,0.16902,0.16412,0.164125
1492635600,0.164125,0.16708,0.16322,0.163265
1492722000,0.163265,0.166005,0.1627,0.163755
1492981200,0.163755,0.16578,0.16094,0.162155
1493067600,0.162155,0.16394,0.16156,0.161855
1493154000,0.161855,0.1633,0.1545,0.155195
1493240400,0.155195,0.1578,0.15282,0.153415
1493326800,0.153415,0.161585,0.153415,0.161585
1493586000,0.161585,0.16332,0.15864,0.161275
1493672400,0.161275,0.164125,0.15734,0.158205
1493758800,0.158205,0.15838,0.15538,0.157215
1493845200,0.157215,0.157215,0.15222,0.153025
1493931600,0.153025,0.156,0.152,0.153155
1494190800,0.153155,0.15464,0.15224,0.153415
1494277200,0.153415,0.1566,0.15306,0.154255
1494363600,0.154255,0.1582,0.153955,0.158195
1494450000,0.158195,0.15872,0.15534,0.156365
1494536400,0.156365,0.15778,0.15408,0.154365
1494795600,0.154365,0.15934,0.154365,0.155565
1494882000,0.155565,0.15932,0.155565,0.159315
1494968400,0.159315,0.16282,0.15822,0.162585
1495054800,0.162585,0.162585,0.1555,0.159215
1495141200,0.159215,0.16368,0.15864,0.163665
1495400400,0.163665,0.16544,0.1619,0.163975
1495486800,0.163975,0.163975,0.1574,0.157855
1495573200,0.157855,0.159005,0.15332,0.155525
1495659600,0.155525,0.15692,0.154035,0.156695
1495746000,0.156695,0.156695,0.14984,0.149855
1496091600,0.149855,0.15114,0.147,0.149635
1496178000,0.149635,0.151205,0.1473,0.148115
1496264400,0.148115,0.1495,0.14174,0.141775
1496350800,0.141775,0.143145,0.13606,0.136985
1496610000,0.136985,0.142185,0.136985,0.138255
1496696400,0.138255,0.142,0.1366,0.139695
1496782800,0.139695,0.14272,0.13722,0.141705
1496869200,0.141705,0.14382,0.14052,0.143585
1496955600,0.143585,0.144,0.14162,0.142725
1497214800,0.142725,0.14516,0.13966,0.140465
1497301200,0.140465,0.140465,0.137275,0.137275
1497387600,0.137275,0.13788,0.13348,0.136415
1497474000,0.136415,0.13646,0.1342,0.134575
1497560400,0.134575,0.1364,0.132815,0.133905
1497819600,0.133905,0.1354,0.133435,0.135385
1497906000,0.135385,0.13682,0.13354,0.136145
1497992400,0.136145,0.13652,0.13026,0.130585
1498078800,0.130585,0.131065,0.12812,0.128295
1498165200,0.128295,0.130185,0.1275,0.130035
1498424400,0.130035,0.13028,0.12612,0.126195
1498510800,0.126195,0.12742,0.12574,0.127215
1498597200,0.127215,0.12838,0.1253,0.125445
1498683600,0.125445,0.13358,0.125395,0.133485
1498770000,0.133485,0.13834,0.13332,0.135845
1499029200,0.135845,0.1376,0.13074,0.137245
1499202000,0.137245,0.13754,0.13282,0.135085
1499288400,0.135085,0.13728,0.133395,0.136665
1499374800,0.136665,0.14084,0.13444,0.139115
1499634000,0.139115,0.1418,0.13322,0.133225
1499720400,0.133225,0.13496,0.1303,0.132415
1499806800,0.132415,0.1349,0.1309,0.133105
1499893200,0.133105,0.1398,0.133105,0.138475
1499979600,0.138475,0.1411,0.1365,0.140425
1500238800,0.140425,0.14178,0.13726,0.139025
1500325200,0.139025,0.14086,0.13736,0.139785
1500411600,0.139785,0.1441,0.13906,0.143805
1500498000,0.143805,0.14444,0.14156,0.142085
1500584400,0.142085,0.14508,0.14124,0.142475
1500843600,0.142475,0.143045,0.14024,0.142225
1500930000,0.142225,0.14298,0.13714,0.137485
1501016400,0.137485,0.14172,0.13592,0.140425
1501102800,0.140425,0.14476,0.140425,0.143225
1501189200,0.143225,0.143825,0.13976,0.142055
1501448400,0.142055,0.14826,0.142055,0.147575
1501534800,0.147575,0.14994,0.1463,0.146635
1501621200,0.146635,0.14802,0.14474,0.147155
1501707600,0.147155,0.147155,0.1388,0.142755
1501794000,0.142755,0.143,0.13944,0.140325
1502053200,0.140325,0.14132,0.13706,0.138085
1502139600,0.138085,0.13968,0.13628,0.136475
1502226000,0.136475,0.13766,0.13472,0.135195
1502312400,0.135195,0.13594,0.13088,0.131265
1502398800,0.131265,0.13268,0.13002,0.132395
1502658000,0.132395,0.13452,0.13008,0.134515
1502744400,0.134515,0.134515,0.13014,0.130775
1502830800,0.130775,0.1331,0.12824,0.128315
1502917200,0.128315,0.13258,0.128275,0.131945
1503003600,0.131945,0.134445,0.13088,0.133735
1503262800,0.133735,0.1355,0.133455,0.133995
1503349200,0.133995,0.134545,0.13188,0.134315
1503435600,0.134315,0.13676,0.132975,0.136285
1503522000,0.136285,0.13966,0.13618,0.139265
1503608400,0.139265,0.14018,0.13818,0.139735
1503867600,0.139735,0.142645,0.13766,0.142325
1503954000,0.142325,0.14246,0.1365,0.137895
1504040400,0.137895,0.139,0.1357,0.138345
1504126800,0.138345,0.14362,0.13734,0.142115
1504213200,0.142115,0.14314,0.136475,0.136875
1504558800,0.136875,0.1407,0.13616,0.139555
1504645200,0.139555,0.142565,0.13838,0.141875
1504731600,0.141875,0.142385,0.1392,0.140205
1504818000,0.140205,0.14212,0.13942,0.139535
1505077200,0.139535,0.1431,0.13764,0.142495
1505163600,0.142495,0.14342,0.1393,0.140125
1505250000,0.140125,0.143045,0.13944,0.142825
1505336400,0.142825,0.14306,0.14038,0.142335
1505422800,0.142335,0.145385,0.140795,0.144925
1505682000,0.144925,0.14506,0.14068,0.142975
1505768400,0.142975,0.1432,0.137,0.137855
1505854800,0.137855,0.141325,0.13762,0.140355
1505941200,0.140355,0.14084,0.13892,0.140745
1506027600,0.140745,0.142265,0.13916,0.139775
1506286800,0.139775,0.14102,0.136275,0.137495
1506373200,0.137495,0.13824,0.13217,0.133165
1506459600,0.133165,0.13528,0.13118,0.132055
1506546000,0.132055,0.133805,0.1317,0.133425
1506632400,0.133425,0.13528,0.13164,0.134965
1506891600,0.134965,0.13828,0.13262,0.13663
1506978000,0.13663,0.13754,0.1342,0.134695
1507064400,0.134695,0.1374,0.134515,0.136155
1507150800,0.136155,0.1395,0.1357,0.137635
1507237200,0.137635,0.13824,0.13262,0.134125
1507496400,0.134125,0.13596,0.13284,0.134595
1507582800,0.134595,0.13688,0.1335,0.135985
1507669200,0.135985,0.13778,0.13568,0.137105
1507755600,0.137105,0.13759,0.13408,0.137245
1507842000,0.137245,0.13854,0.13538,0.138025
1508101200,0.138025,0.13864,0.13565,0.136255
1508187600,0.136255,0.13764,0.134555,0.134945
1508274000,0.134945,0.13672,0.134875,0.135495
1508360400,0.135495,0.137905,0.13523,0.135825
1508446800,0.135825,0.1369,0.1338,0.134515
1508706000,0.134515,0.13594,0.13336,0.133925
1508792400,0.133925,0.13762,0.13366,0.137375
1508878800,0.137375,0.13844,0.13636,0.136895
1508965200,0.136895,0.1379,0.135,0.136045
1509051600,0.136045,0.1417,0.13532,0.140615
1509310800,0.140615,0.1429,0.140615,0.142115
1509397200,0.142115,0.14268,0.1409,0.142415
1509483600,0.142415,0.1432,0.14076,0.141305
1509570000,0.141305,0.141305,0.13671,0.137315
1509656400,0.137315,0.1418,0.13724,0.138995
1509919200,0.138995,0.14106,0.13766,0.140555
1510005600,0.140555,0.14274,0.139635,0.142095
1510092000,0.142095,0.14376,0.141515,0.142945
1510178400,0.142945,0.144565,0.142715,0.144085
1510264800,0.144085,0.1451,0.14336,0.144905
1510524000,0.144905,0.14706,0.144055,0.14653
1510610400,0.14653,0.147105,0.14498,0.146305
1510696800,0.146305,0.146565,0.14452,0.146375
1510783200,0.146375,0.14816,0.14498,0.147975
1510869600,0.147975,0.14992,0.147515,0.148885
1511128800,0.148885,0.148885,0.14492,0.145395
1511215200,0.145395,0.14634,0.14312,0.144785
1511301600,0.144785,0.14872,0.144785,0.148235
1511474400,0.148235,0.15054,0.14804,0.150265
1511733600,0.150265,0.150675,0.148835,0.149715
1511820000,0.149715,0.149715,0.146155,0.146935
1511906400,0.146935,0.14844,0.1454,0.146585
1511992800,0.146585,0.148965,0.146535,0.146925
1512079200,0.146925,0.14814,0.1457,0.145995
1512338400,0.145995,0.147675,0.14474,0.146605
1512424800,0.146605,0.14772,0.14508,0.145185
1512511200,0.145185,0.145185,0.140935,0.141295
1512597600,0.141295,0.14234,0.13854,0.140095
1512684000,0.140095,0.14042,0.136435,0.137215
1512943200,0.137215,0.13802,0.13586,0.136225
1513029600,0.136225,0.13726,0.13386,0.135125
1513116000,0.135125,0.137,0.13448,0.135395
1513202400,0.135395,0.13628,0.134215,0.134685
1513288800,0.134685,0.13632,0.13348,0.133675
1513548000,0.133675,0.13662,0.133675,0.135165
1513634400,0.135165,0.14128,0.134995,0.140395
1513720800,0.140395,0.142985,0.140395,0.142475
1513807200,0.142475,0.14524,0.14136,0.144765
1513893600,0.144765,0.14502,0.14198,0.143065
1514239200,0.143065,0.144705,0.143035,0.143945
1514325600,0.143945,0.14662,0.14326,0.146225
1514412000,0.146225,0.14774,0.145955,0.147315
1514498400,0.147315,0.14906,0.14652,0.148865
1514844000,0.148865,0.150805,0.14794,0.150585
1514930400,0.150585,0.15114,0.14938,0.150655
1515016800,0.150655,0.15086,0.14616,0.149485
1515103200,0.149485,0.14996,0.147495,0.148575
1515362400,0.148575,0.148575,0.14332,0.144965
1515448800,0.144965,0.1455,0.14214,0.145205
1515535200,0.145205,0.146325,0.14324,0.143965
1515621600,0.143965,0.143965,0.139175,0.139675
1515708000,0.139675,0.14088,0.137735,0.139985
1516053600,0.139985,0.139985,0.13404,0.134145
1516140000,0.134145,0.13566,0.13192,0.132905
1516226400,0.132905,0.13422,0.12878,0.129825
1516312800,0.129825,0.13292,0.12872,0.131005
1516572000,0.131005,0.1332,0.13022,0.130525
1516658400,0.130525,0.13134,0.129655,0.130365
1516744800,0.130365,0.1311,0.129115,0.130435
1516831200,0.130435,0.13252,0.12964,0.131335
1516917600,0.131335,0.13314,0.13088,0.132365
1517176800,0.132365,0.13584,0.132365,0.135285
1517263200,0.135285,0.13628,0.1336,0.136155
1517349600,0.136155,0.136155,0.13068,0.131265
1517436000,0.131265,0.13328,0.1312,0.132995
1517522400,0.132995,0.135515,0.132615,0.135415
1517781600,0.135415,0.13822,0.1324,0.138145
1517868000,0.138145,0.13952,0.13624,0.137295
1517954400,0.137295,0.13948,0.1354,0.138925
1518040800,0.138925,0.13942,0.13476,0.135355
1518127200,0.135355,0.13808,0.134925,0.135965
1518386400,0.135965,0.1377,0.13542,0.136225
1518472800,0.136225,0.13634,0.13286,0.133885
1518559200,0.133885,0.1354,0.133,0.133775
1518645600,0.133775,0.13702,0.133775,0.135735
1518732000,0.135735,0.13642,0.132575,0.133325
1519077600,0.133325,0.134945,0.13294,0.133015
1519164000,0.133015,0.1344,0.13276,0.133895
1519250400,0.133895,0.1372,0.1338,0.136605
1519336800,0.136605,0.137545,0.13572,0.136535
1519596000,0.136535,0.13728,0.13484,0.135645
1519682400,0.135645,0.13614,0.130055,0.130255
1519768800,0.130255,0.13658,0.1299,0.135185
1519855200,0.135185,0.1388,0.134455,0.138505
1519941600,0.138505,0.139585,0.13484,0.136145
1520200800,0.136145,0.137885,0.13506,0.137175
1520287200,0.137175,0.13796,0.13544,0.135935
1520373600,0.135935,0.135935,0.12904,0.129665
1520460000,0.129665,0.13246,0.129515,0.130925
1520546400,0.130925,0.13102,0.128915,0.130425
1520802000,0.130425,0.13094,0.129115,0.130525
1520888400,0.130525,0.1308,0.12658,0.127465
1520974800,0.127465,0.129465,0.12694,0.129005
1521061200,0.129005,0.12984,0.126815,0.128595
1521147600,0.128595,0.128595,0.127195,0.127895
1521406800,0.127895,0.13004,0.124095,0.129535
1521493200,0.129535,0.130125,0.126485,0.126655
1521579600,0.126655,0.129385,0.126655,0.127635
1521666000,0.127635,0.12902,0.12704,0.128625
1521752400,0.128625,0.12964,0.126,0.127015
1522011600,0.127015,0.12856,0.12502,0.125325
1522098000,0.125325,0.1267,0.124435,0.126505
1522184400,0.126505,0.126505,0.122655,0.122835
1522270800,0.122835,0.12454,0.122735,0.124245
1522616400,0.124245,0.12616,0.123345,0.125455
1522702800,0.125455,0.125725,0.12292,0.125095
1522789200,0.125095,0.125095,0.12278,0.123185
1522875600,0.123185,0.12438,0.122975,0.124305
1522962000,0.124305,0.12474,0.12344,0.123945
1523221200,0.123945,0.124675,0.12346,0.123975
1523307600,0.123975,0.124025,0.12012,0.121535
1523394000,0.121535,0.12312,0.11984,0.121005
1523480400,0.121005,0.1219,0.12012,0.120915
1523566800,0.120915,0.12338,0.12056,0.121465
1523826000,0.12146,0.1229,0.12008,0.12008
1523912400,0.12008,0.12008,0.11684,0.11686
1523998800,0.11686,0.11784,0.11634,0.11756
1524085200,0.11756,0.11832,0.11674,0.11802
1524171600,0.11802,0.11802,0.11594,0.11696
1524430800,0.11696,0.11696,0.1119,0.11246
1524517200,0.11246,0.11296,0.11012,0.11192
1524603600,0.11192,0.1121,0.10748,0.10966
1524690000,0.10966,0.11264,0.10906,0.11244
1524776400,0.11244,0.11494,0.1102,0.1149
1525035600,0.1149,0.1161,0.11362,0.11518
1525122000,0.11518,0.11622,0.11356,0.11524
1525208400,0.11524,0.11714,0.11132,0.1152
1525294800,0.1152,0.11608,0.1144,0.1153
1525381200,0.1153,0.11584,0.11326,0.11356
1525640400,0.11356,0.11404,0.11156,0.11232
1525726800,0.11232,0.11436,0.11178,0.11426
1525813200,0.11426,0.11426,0.11102,0.11172
1525899600,0.11172,0.11172,0.11006,0.11136
1525986000,0.11136,0.11136,0.10998,0.11078
1526245200,0.11078,0.11146,0.11038,0.11126
1526331600,0.11126,0.11402,0.11098,0.11386
1526418000,0.11386,0.11488,0.1126,0.11448
1526504400,0.11448,0.1162,0.11382,0.11442
1526590800,0.11442,0.11582,0.11334,0.11544
1526850000,0.11544,0.12116,0.11544,0.11968
1526936400,0.11968,0.12168,0.1194,0.1206
1527022800,0.1206,0.1232,0.12012,0.12222
1527109200,0.12222,0.12502,0.12134,0.12234
1527195600,0.12234,0.12366,0.12078,0.12326
1527541200,0.12326,0.1247,0.12298,0.1234
1527627600,0.1234,0.1252,0.12152,0.1244
1527714000,0.1244,0.12752,0.1244,0.1269
1527800400,0.1269,0.12874,0.12348,0.1242
1528059600,0.1242,0.12456,0.118,0.11808
1528146000,0.11808,0.12122,0.11808,0.11964
1528232400,0.11964,0.12194,0.11886,0.12164
1528318800,0.12164,0.12266,0.11644,0.1171
1528405200,0.1171,0.122,0.11554,0.122
1528664400,0.122,0.12498,0.1209,0.1236
1528750800,0.1236,0.1249,0.12174,0.12296
1528837200,0.12296,0.12484,0.12196,0.1245
1528923600,0.1245,0.12474,0.1216,0.12206
1529010000,0.12206,0.12222,0.11894,0.11982
1529269200,0.11982,0.1215,0.11912,0.11962
1529355600,0.11962,0.11962,0.11676,0.11874
1529442000,0.11874,0.12098,0.11828,0.11888
1529528400,0.11888,0.1199,0.1183,0.11852
1529614800,0.11852,0.12124,0.11852,0.12008
1529874000,0.12008,0.12142,0.11952,0.11998
1529960400,0.11998,0.12324,0.11982,0.1209
1530046800,0.1209,0.1219,0.11722,0.11752
1530133200,0.11752,0.12028,0.11752,0.1193
1530219600,0.1193,0.11974,0.11758,0.11902
1530478800,0.11902,0.11942,0.11244,0.1127
1530565200,0.1127,0.1141,0.1098,0.11156
1530738000,0.11156,0.11318,0.11034,0.1123
1530824400,0.1123,0.11282,0.11086,0.11254
1531083600,0.11254,0.11356,0.11126,0.11162
1531170000,0.11162,0.11264,0.1107,0.11168
1531256400,0.11168,0.11168,0.11014,0.11024
1531342800,0.11024,0.11036,0.10734,0.10896
1531429200,0.10896,0.10902,0.10706,0.10706
1531688400,0.10706,0.11156,0.10646,0.10958
1531774800,0.10958,0.10982,0.10796,0.10924
1531861200,0.10924,0.10966,0.10828,0.10858
1531947600,0.10858,0.1089,0.10724,0.10784
1532034000,0.10784,0.1104,0.10736,0.10904
1532293200,0.10904,0.11088,0.10814,0.10874
1532379600,0.10874,0.1106,0.10874,0.10994
1532466000,0.10994,0.11144,0.10902,0.10968
1532552400,0.10968,0.11028,0.10646,0.10872
1532638800,0.10872,0.10924,0.1066,0.10688
1532898000,0.10688,0.10816,0.10628,0.10658
1532984400,0.10658,0.1067,0.10288,0.10396
1533070800,0.10396,0.10504,0.1023,0.10378
1533157200,0.10378,0.10628,0.10214,0.1046
1533243600,0.1046,0.10878,0.10404,0.10684
1533502800,0.10684,0.10964,0.10684,0.10826
1533589200,0.10826,0.10928,0.10692,0.1075
1533675600,0.1075,0.1075,0.10586,0.10658
1533762000,0.10658,0.10856,0.10638,0.10668
1533848400,0.10668,0.1068,0.10296,0.10414
1534107600,0.10414,0.10414,0.10086,0.10166
1534194000,0.10166,0.10356,0.10138,0.10208
1534280400,0.10208,0.1033,0.10102,0.10112
1534366800,0.10112,0.10302,0.10112,0.10152
1534453200,0.10152,0.10236,0.10008,0.10078
1534712400,0.10078,0.10144,0.09878,0.09998
1534798800,0.09998,0.10108,0.0989,0.1009
1534885200,0.1009,0.10132,0.09814,0.10082
1534971600,0.10082,0.10104,0.09934,0.10016
1535058000,0.10016,0.10374,0.09998,0.10158
1535317200,0.10158,0.10462,0.10158,0.10462
1535403600,0.10462,0.10462,0.10138,0.10228
1535490000,0.10228,0.10368,0.1016,0.103
1535576400,0.103,0.10596,0.10262,0.10452
1535662800,0.10452,0.10642,0.10374,0.10554
1536008400,0.10554,0.10644,0.10446,0.1061
1536094800,0.1061,0.10896,0.10428,0.10826
1536181200,0.10826,0.10848,0.1067,0.1071
1536267600,0.1071,0.10958,0.1071,0.10932
1536526800,0.10932,0.1121,0.10932,0.1115
1536613200,0.1115,0.11212,0.11022,0.11114
1536699600,0.11114,0.11656,0.11086,0.1159
1536786000,0.1159,0.11742,0.11498,0.11624
1536872400,0.11624,0.11628,0.10968,0.11002
1537131600,0.11002,0.1107,0.10572,0.10662
1537218000,0.10662,0.10786,0.1041,0.10512
1537304400,0.10512,0.10858,0.10498,0.10786
1537390800,0.10786,0.1107,0.10724,0.10808
1537477200,0.10808,0.10954,0.10706,0.10842
1537736400,0.10842,0.10854,0.10262,0.104
1537822800,0.104,0.10536,0.1029,0.1035
1537909200,0.1035,0.10428,0.10022,0.10068
1537995600,0.10068,0.10127,0.0998,0.10083
1538082000,0.10083,0.10402,0.1004,0.10273
1538341200,0.10273,0.10909,0.10214,0.10696
1538427600,0.10696,0.1135,0.10696,0.11232
1538514000,0.11232,0.11466,0.11039,0.1133
1538600400,0.1133,0.11454,0.11174,0.11436
1538686800,0.11436,0.11775,0.1143,0.11689
1538946000,0.11689,0.12054,0.11689,0.1202
1539032400,0.1202,0.12069,0.11836,0.12041
1539118800,0.12041,0.12205,0.11733,0.11936
1539205200,0.11936,0.12165,0.11754,0.12017
1539291600,0.12017,0.12354,0.12017,0.12215
1539550800,0.12215,0.12628,0.12153,0.12501
1539637200,0.12501,0.12534,0.12308,0.12368
1539723600,0.12368,0.12838,0.12341,0.12819
1539810000,0.12819,0.1302,0.12638,0.12956
1539896400,0.12956,0.12982,0.12765,0.12956
1540155600,0.12956,0.13047,0.12869,0.12946
1540242000,0.12946,0.13017,0.12809,0.12924
1540328400,0.12924,0.13333,0.12844,0.13109
1540414800,0.13109,0.13325,0.12997,0.12997
1540501200,0.12997,0.13103,0.12888,0.12925
1540760400,0.12925,0.13188,0.12635,0.12682
1540846800,0.12682,0.12682,0.12378,0.12567
1540933200,0.12567,0.12567,0.1235,0.12385
1541019600,0.12385,0.12723,0.12306,0.12408
1541106000,0.12408,0.12701,0.12408,0.12636
1541368800,0.12636,0.12651,0.12389,0.12389
1541455200,0.12389,0.1247,0.12159,0.1227
1541541600,0.1227,0.12423,0.12221,0.12295
1541628000,0.12295,0.12368,0.12059,0.12106
1541714400,0.12106,0.1212,0.11952,0.12059
1541973600,0.12059,0.12442,0.12059,0.12233
1542060000,0.12233,0.12233,0.11901,0.11955
1542146400,0.11955,0.12105,0.11867,0.12002
1542232800,0.12002,0.12197,0.11923,0.11967
1542319200,0.11967,0.12108,0.11945,0.12014
1542578400,0.12014,0.12316,0.11996,0.12149
1542664800,0.12149,0.12228,0.11744,0.11839
1542751200,0.11839,0.1214,0.11786,0.12052
1542924000,0.12052,0.12052,0.11728,0.11874
1543183200,0.11874,0.12028,0.11808,0.11896
1543269600,0.11896,0.1191,0.11748,0.11774
1543356000,0.11774,0.12262,0.11774,0.12228
1543442400,0.12228,0.126,0.12136,0.1228
1543528800,0.1228,0.12434,0.12052,0.12266
1543788000,0.12266,0.1249,0.12241,0.1233
1543874400,0.1233,0.1244,0.12142,0.12168
1543960800,0.12168,0.1232,0.1211,0.12186
1544047200,0.12186,0.12242,0.11966,0.12132
1544133600,0.12132,0.1251,0.12036,0.1232
1544392800,0.1232,0.1232,0.12114,0.12202
1544479200,0.12202,0.12362,0.12158,0.12294
1544565600,0.12294,0.12386,0.12166,0.12244
1544652000,0.12244,0.12298,0.1195,0.1223
1544738400,0.1223,0.12284,0.121,0.1219
1544997600,0.1219,0.12312,0.12012,0.12024
1545084000,0.12024,0.12024,0.11818,0.11858
1545170400,0.11858,0.12392,0.11832,0.12028
1545256800,0.12028,0.12052,0.11898,0.11998
1545343200,0.11998,0.12038,0.1181,0.11876
1545602400,0.11876,0.12076,0.11876,0.1202
1545775200,0.1202,0.12098,0.11934,0.11976
1545861600,0.11976,0.12042,0.11844,0.11844
1545948000,0.11844,0.12054,0.11802,0.11998
1546207200,0.11998,0.12032,0.11674,0.11684
1546380000,0.11684,0.11752,0.11482,0.11544
1546466400,0.11544,0.11574,0.11362,0.11376
1546552800,0.11376,0.1164,0.11376,0.11592
1546812000,0.11592,0.1233,0.11592,0.12298
1546898400,0.12298,0.12512,0.12268,0.12444
1546984800,0.12444,0.12596,0.12312,0.12538
1547071200,0.12538,0.12552,0.123,0.12356
1547157600,0.12356,0.1259,0.12356,0.12446
1547416800,0.12446,0.1254,0.12344,0.12434
1547503200,0.12434,0.12886,0.12434,0.12886
1547589600,0.12886,0.12974,0.12778,0.1285
1547676000,0.1285,0.1286,0.1256,0.1257
1547762400,0.1257,0.12802,0.1257,0.12802
1548108000,0.12802,0.12802,0.12582,0.127
1548194400,0.127,0.12756,0.1263,0.12746
1548280800,0.12746,0.12832,0.12716,0.12762
1548367200,0.12762,0.12782,0.1216,0.12278
1548626400,0.12278,0.12728,0.12278,0.12592
1548712800,0.12592,0.12646,0.12392,0.1252
1548799200,0.1252,0.12592,0.1229,0.1234
1548885600,0.1234,0.1266,0.1234,0.12532
1548972000,0.12532,0.12596,0.124,0.1247
1549231200,0.1247,0.12726,0.1236,0.12688
1549317600,0.12688,0.12772,0.12614,0.12648
1549404000,0.12648,0.1276,0.12638,0.1275
1549490400,0.1275,0.12754,0.12548,0.12628
1549576800,0.12628,0.12712,0.12564,0.12594
1549836000,0.12594,0.1263,0.12464,0.12568
1549922400,0.12568,0.12808,0.12568,0.1273
1550008800,0.1273,0.12784,0.12626,0.12646
1550095200,0.12646,0.127,0.12424,0.12524
1550181600,0.12524,0.13154,0.12524,0.13106
1550527200,0.13106,0.13312,0.13102,0.13302
1550613600,0.13302,0.1344,0.13116,0.13372
1550700000,0.13372,0.13376,0.13106,0.13168
1550786400,0.13168,0.13382,0.13156,0.13312
1551045600,0.13312,0.13376,0.13024,0.13096
1551132000,0.13096,0.13174,0.12882,0.12942
1551218400,0.12942,0.13062,0.12882,0.13032
1551304800,0.13032,0.13042,0.1274,0.1288
1551391200,0.1288,0.1294,0.12688,0.12694
1551650400,0.12694,0.12804,0.12422,0.12442
1551736800,0.12442,0.12632,0.12442,0.12502
1551823200,0.12502,0.12532,0.1222,0.1223
1551909600,0.1223,0.12318,0.1215,0.12228
1551996000,0.12228,0.12308,0.12176,0.12236
1552251600,0.12236,0.12526,0.12236,0.12344
1552338000,0.12344,0.12514,0.12232,0.12434
1552424400,0.12434,0.12442,0.12302,0.12422
1552510800,0.12422,0.12742,0.1233,0.12462
1552597200,0.12462,0.12638,0.12322,0.12618
1552856400,0.12618,0.12928,0.12618,0.12898
1552942800,0.12898,0.12898,0.12696,0.12826
1553029200,0.12826,0.12846,0.12734,0.12806
1553115600,0.12806,0.12806,0.12502,0.12566
1553202000,0.12566,0.12742,0.1248,0.12642
1553461200,0.12642,0.1266,0.12378,0.12538
1553547600,0.12538,0.12678,0.12446,0.12628
1553634000,0.12628,0.12766,0.12536,0.12636
1553720400,0.12636,0.12646,0.12514,0.12574
1553806800,0.12574,0.12684,0.12534,0.1254
1554066000,0.1254,0.12718,0.12328,0.127
1554152400,0.127,0.128,0.12612,0.12702
1554238800,0.12702,0.12728,0.12418,0.12488
1554325200,0.12488,0.12828,0.12436,0.12736
1554411600,0.12736,0.12866,0.12716,0.12782
1554670800,0.12782,0.12782,0.12524,0.12612
1554757200,0.12612,0.1282,0.12612,0.128
1554843600,0.128,0.1285,0.1273,0.12822
1554930000,0.12822,0.12828,0.12678,0.12708
1555016400,0.12708,0.12788,0.12638,0.1276
1555275600,0.1276,0.12804,0.12664,0.12684
1555362000,0.12684,0.12684,0.1245,0.12526
1555448400,0.12526,0.12648,0.1233,0.1235
1555534800,0.1235,0.128,0.1235,0.1279
1555880400,0.1279,0.12806,0.12504,0.12562
1555966800,0.12562,0.12744,0.12488,0.12694
1556053200,0.12694,0.12722,0.12532,0.12682
1556139600,0.12682,0.12702,0.1236,0.12432
1556226000,0.12432,0.1245,0.1219,0.1227
1556485200,0.1227,0.12276,0.11948,0.12006
1556571600,0.12006,0.1238,0.11954,0.11992
1556658000,0.11992,0.12036,0.11764,0.11882
1556744400,0.11882,0.11986,0.11818,0.11888
1556830800,0.11888,0.11912,0.11654,0.11658
1557176400,0.11658,0.1173,0.11556,0.11684
1557262800,0.11684,0.11684,0.1135,0.11368
1557349200,0.11368,0.11616,0.11368,0.11528
1557435600,0.11528,0.11858,0.11436,0.11456
1557694800,0.11456,0.116,0.11404,0.11542
1557781200,0.11542,0.11734,0.11486,0.11672
1557867600,0.11672,0.11796,0.11524,0.11572
1557954000,0.11572,0.11626,0.1146,0.1151
1558040400,0.1151,0.11514,0.11202,0.11338
1558299600,0.11338,0.11514,0.11338,0.11394
1558386000,0.11394,0.11618,0.11154,0.11616
1558472400,0.11616,0.1173,0.11376,0.11426
1558558800,0.11426,0.11558,0.11234,0.11432
1558645200,0.11432,0.11566,0.11366,0.11496
1558990800,0.11496,0.11636,0.11448,0.11616
1559077200,0.11616,0.1183,0.1159,0.11656
1559163600,0.11656,0.11772,0.11568,0.11588
1559250000,0.11588,0.11956,0.11446,0.11918
1559509200,0.11918,0.12066,0.11806,0.12046
1559595600,0.12046,0.123,0.11932,0.123
1559682000,0.123,0.12384,0.12018,0.12068
1559768400,0.12068,0.1238,0.12012,0.1236
1559854800,0.1236,0.12386,0.12294,0.1237
1560114000,0.1237,0.12372,0.12244,0.12326
1560200400,0.12326,0.1243,0.1217,0.1243
1560286800,0.1243,0.12526,0.12366,0.12526
1560373200,0.12526,0.12652,0.12514,0.12622
1560459600,0.12622,0.12688,0.12596,0.12668
1560718800,0.12668,0.12696,0.12546,0.12606
1560805200,0.12606,0.12606,0.1245,0.12554
1560891600,0.12554,0.12554,0.12358,0.1243
1560978000,0.1243,0.12446,0.12374,0.12396
1561064400,0.12396,0.12402,0.12136,0.12138
1561323600,0.12138,0.12392,0.12088,0.12226
1561410000,0.12226,0.1238,0.12224,0.1232
1561496400,0.1232,0.12374,0.12032,0.12052
1561582800,0.12052,0.12516,0.12044,0.12516
1561669200,0.12516,0.12568,0.12312,0.12342
1561928400,0.12342,0.12554,0.12252,0.123
1562014800,0.123,0.12358,0.1201,0.12088
1562101200,0.12088,0.12366,0.1206,0.12306
1562274000,0.12306,0.124,0.12096,0.1211
1562533200,0.1211,0.1231,0.1211,0.12222
1562619600,0.12222,0.12222,0.12038,0.1213
1562706000,0.1213,0.12306,0.1209,0.12238
1562792400,0.12238,0.12388,0.12142,0.12142
1562878800,0.12142,0.12194,0.12066,0.12086
1563138000,0.12086,0.12102,0.1175,0.11838
1563224400,0.11838,0.1186,0.11704,0.11792
1563310800,0.11792,0.11942,0.11568,0.11604
1563397200,0.11604,0.11638,0.11344,0.11398
1563483600,0.11398,0.11504,0.11376,0.11396
1563742800,0.11396,0.11472,0.11364,0.11382
1563829200,0.11382,0.118,0.1122,0.11762
1563915600,0.11762,0.1204,0.11674,0.11922
1564002000,0.11922,0.1201,0.11756,0.11816
1564088400,0.11816,0.11926,0.11758,0.11838
1564347600,0.11838,0.12034,0.11838,0.11896
1564434000,0.11896,0.12124,0.1189,0.11958
1564520400,0.11958,0.12058,0.11884,0.1202
1564606800,0.1202,0.1205,0.11854,0.11972
1564693200,0.11972,0.11972,0.1174,0.11846
1564952400,0.11846,0.1188,0.11548,0.11688
1565038800,0.11688,0.11858,0.11562,0.116
1565125200,0.116,0.11642,0.1113,0.11168
1565211600,0.11168,0.11358,0.11168,0.1133
1565298000,0.1133,0.11748,0.1132,0.11746
1565557200,0.11746,0.11826,0.1135,0.11458
1565643600,0.11458,0.11698,0.1137,0.116
1565730000,0.116,0.1168,0.11454,0.11532
1565816400,0.11532,0.11614,0.11386,0.11486
1565902800,0.11486,0.11576,0.11448,0.11528
1566162000,0.11528,0.11528,0.11308,0.1134
1566248400,0.1134,0.11448,0.11272,0.1133
1566334800,0.1133,0.11432,0.11274,0.11302
1566421200,0.11302,0.11544,0.11292,0.11516
1566507600,0.11516,0.11546,0.1135,0.1136
1566766800,0.1136,0.11524,0.11324,0.11356
1566853200,0.11356,0.11384,0.1108,0.11172
1566939600,0.11172,0.1137,0.11012,0.113
1567026000,0.113,0.11362,0.11074,0.11134
1567112400,0.11134,0.11216,0.1098,0.11058
1567458000,0.11058,0.11336,0.11012,0.1112
1567544400,0.1112,0.11198,0.1094,0.1096
1567630800,0.1096,0.11062,0.10804,0.10934
1567717200,0.10934,0.11006,0.10856,0.10956
1567976400,0.10956,0.1104,0.10854,0.10854
1568062800,0.10854,0.11014,0.10806,0.10816
1568149200,0.10816,0.10868,0.10688,0.10768
1568235600,0.10768,0.10782,0.10642,0.10688
1568322000,0.10688,0.10932,0.10684,0.1087
1568581200,0.1087,0.113,0.1087,0.11066
1568667600,0.11066,0.11192,0.10884,0.1094
1568754000,0.1094,0.11042,0.10854,0.10968
1568840400,0.10968,0.11066,0.10898,0.11018
1568926800,0.11018,0.1108,0.1094,0.1107
1569186000,0.1107,0.11228,0.1107,0.11184
1569272400,0.11184,0.11552,0.11182,0.11472
1569358800,0.11472,0.11846,0.11472,0.11837
1569445200,0.11837,0.11868,0.11748,0.11776
1569531600,0.11776,0.11855,0.11688,0.11775
1569790800,0.11775,0.12012,0.11758,0.11853
1569877200,0.11853,0.12065,0.11812,0.12055
1569963600,0.12055,0.12105,0.11967,0.12061
1570050000,0.12061,0.12065,0.11791,0.11925
1570136400,0.11925,0.12016,0.11891,0.11959
1570395600,0.11959,0.11959,0.11552,0.1175
1570482000,0.1175,0.11801,0.11612,0.11699
1570568400,0.11699,0.11774,0.11629,0.11629
1570654800,0.11629,0.11717,0.11577,0.11643
1570741200,0.11643,0.11722,0.11488,0.11648
1571000400,0.11648,0.11842,0.11648,0.11777
1571086800,0.11777,0.11876,0.1163,0.11838
1571173200,0.11838,0.11838,0.1157,0.11639
1571259600,0.11639,0.11735,0.11522,0.11522
1571346000,0.11522,0.11628,0.11498,0.11609
1571605200,0.11609,0.11689,0.1152,0.11596
1571691600,0.11596,0.116,0.11431,0.11507
1571778000,0.11507,0.11568,0.11388,0.11512
1571864400,0.11512,0.11649,0.11506,0.11612
1571950800,0.11612,0.11714,0.11568,0.11655
1572210000,0.11655,0.11916,0.11655,0.1185
1572296400,0.1185,0.11891,0.11637,0.11685
1572382800,0.11685,0.11785,0.11604,0.11775
1572469200,0.11775,0.11866,0.11675,0.1179
1572555600,0.1179,0.1187,0.1171,0.11814
1572818400,0.11814,0.11936,0.11814,0.11884
1572904800,0.11884,0.12102,0.11884,0.12072
1572991200,0.12072,0.12072,0.11926,0.11936
1573077600,0.11936,0.11936,0.11749,0.1175
1573164000,0.1175,0.11995,0.1169,0.11936
1573423200,0.11936,0.12066,0.11874,0.11982
1573509600,0.11982,0.12042,0.11928,0.12024
1573596000,0.12024,0.1231,0.1199,0.1223
1573682400,0.1223,0.12292,0.12186,0.12198
1573768800,0.12198,0.1226,0.12108,0.12146
1574028000,0.12146,0.12228,0.12046,0.1219
1574114400,0.1219,0.12193,0.12108,0.1213
1574200800,0.1213,0.1225,0.12124,0.12192
1574287200,0.12192,0.12209,0.12034,0.12092
1574373600,0.12092,0.12328,0.12086,0.1227
1574632800,0.1227,0.12324,0.12218,0.12286
1574719200,0.12286,0.12349,0.12136,0.12234
1574805600,0.12234,0.12306,0.12208,0.12258
1574978400,0.12258,0.1249,0.12258,0.12432
1575237600,0.12432,0.1246,0.12246,0.12256
1575324000,0.12256,0.12424,0.12253,0.12398
1575410400,0.12398,0.12604,0.12398,0.12538
1575496800,0.12538,0.12678,0.1252,0.12572
1575583200,0.12572,0.12722,0.12572,0.12712
1575842400,0.12712,0.1294,0.12712,0.12854
1575928800,0.12854,0.13014,0.12848,0.12986
1576015200,0.12986,0.13038,0.12834,0.12924
1576101600,0.12924,0.13082,0.12882,0.13046
1576188000,0.13046,0.13206,0.13022,0.13032
1576447200,0.13032,0.13134,0.12798,0.12856
1576533600,0.12856,0.12978,0.12812,0.12852
1576620000,0.12852,0.1307,0.12848,0.13002
1576706400,0.13002,0.13192,0.12978,0.13124
1576792800,0.13124,0.13168,0.13062,0.13128
1577052000,0.13128,0.13166,0.13022,0.13082
1577138400,0.13082,0.13094,0.1298,0.12988
1577311200,0.12988,0.13146,0.12988,0.13058
1577397600,0.13058,0.13218,0.13052,0.13156
1577656800,0.13156,0.13226,0.13101,0.1318
1577743200,0.1318,0.13202,0.13048,0.13088
1577916000,0.13088,0.13186,0.12778,0.12826
1578002400,0.12826,0.13064,0.12826,0.12988
1578261600,0.12988,0.13436,0.12988,0.134
1578348000,0.134,0.13468,0.13236,0.13284
1578434400,0.13284,0.13426,0.13114,0.13184
1578520800,0.13184,0.1345,0.13108,0.13366
1578607200,0.13366,0.13808,0.13344,0.13782
1578866400,0.13782,0.13948,0.13708,0.1386
1578952800,0.1386,0.14248,0.13854,0.14012
1579039200,0.14012,0.14284,0.13948,0.14244
1579125600,0.14244,0.14306,0.14058,0.14142
1579212000,0.14142,0.14228,0.14078,0.14188
1579557600,0.14188,0.1434,0.14154,0.14312
1579644000,0.14312,0.14542,0.14292,0.14406
1579730400,0.14406,0.14658,0.14274,0.14314
1579816800,0.14314,0.144565,0.14034,0.14144
1580076000,0.14144,0.14144,0.13904,0.14004
1580162400,0.14004,0.1454,0.13868,0.14316
1580248800,0.14316,0.14666,0.14224,0.14274
1580335200,0.14274,0.14524,0.14178,0.14418
1580421600,0.14418,0.1462,0.14346,0.14356
1580680800,0.14356,0.14846,0.14266,0.14718
1580767200,0.14718,0.14954,0.144895,0.145
1580853600,0.145,0.14702,0.14446,0.14576
1580940000,0.14576,0.1465,0.14402,0.14632
1581026400,0.14632,0.14854,0.14556,0.14804
1581285600,0.14804,0.14974,0.14804,0.14916
1581372000,0.14916,0.15338,0.1488,0.1524
1581458400,0.1524,0.15782,0.1524,0.15662
1581544800,0.15662,0.15738,0.15024,0.1508
1581631200,0.1508,0.15274,0.148015,0.14902
1581976800,0.14902,0.15256,0.14902,0.15246
1582063200,0.15246,0.15692,0.15246,0.15482
1582149600,0.15482,0.15596,0.15308,0.1535
1582236000,0.1535,0.1554,0.15264,0.15516
1582495200,0.15516,0.15516,0.15082,0.15098
1582581600,0.15098,0.1529,0.15036,0.15096
1582668000,0.15096,0.15096,0.14754,0.14916
1582754400,0.14916,0.14916,0.14358,0.14552
1582840800,0.14552,0.14552,0.1419,0.14516
1583100000,0.14516,0.14716,0.14082,0.14132
1583186400,0.14132,0.142,0.13924,0.14096
1583272800,0.14096,0.14096,0.13724,0.13734
1583359200,0.13734,0.1383,0.13636,0.13726
1583445600,0.13726,0.13746,0.13224,0.13328
1583701200,0.13328,0.13328,0.12432,0.12948
1583787600,0.12948,0.13166,0.12622,0.1286
1583874000,0.1286,0.12894,0.12476,0.12476
1583960400,0.12476,0.12476,0.11738,0.1191
1584046800,0.1191,0.12312,0.11876,0.11906
1584306000,0.11906,0.11906,0.1114,0.11314
1584392400,0.11314,0.11352,0.11034,0.11054
1584478800,0.11054,0.11154,0.10816,0.1095
1584565200,0.1095,0.11028,0.10614,0.10824
1584651600,0.10824,0.11358,0.10824,0.11084
1584910800,0.11084,0.11304,0.1089,0.11222
1584997200,0.11222,0.11706,0.11222,0.11412
1585083600,0.11412,0.11834,0.11412,0.1163
1585170000,0.1163,0.11738,0.11416,0.11484
1585256400,0.11484,0.11562,0.11206,0.11266
1585515600,0.11266,0.11304,0.1083,0.1083
1585602000,0.1083,0.10894,0.10524,0.10576
1585688400,0.10576,0.10576,0.10134,0.10154
1585774800,0.10154,0.10974,0.10154,0.10352
1585861200,0.10352,0.10784,0.1035,0.1045
1586120400,0.1045,0.10652,0.1038,0.10508
1586206800,0.10508,0.10678,0.10402,0.10444
1586293200,0.10444,0.10542,0.10308,0.1046
1586379600,0.1046,0.10686,0.10346,0.10518
1586725200,0.10518,0.10634,0.1019,0.1022
1586811600,0.1022,0.10308,0.10056,0.10128
1586898000,0.10128,0.10252,0.10026,0.1024
1586984400,0.1024,0.10346,0.10158,0.10238
1587070800,0.10238,0.10514,0.10206,0.10426
1587330000,0.10426,0.10426,0.10072,0.10122
1587416400,0.10122,0.10122,0.09588,0.09856
1587502800,0.09856,0.10008,0.09712,0.09836
1587589200,0.09836,0.0997,0.09726,0.09854
1587675600,0.09854,0.09854,0.09532,0.096
1587934800,0.096,0.09648,0.09168,0.09178
1588021200,0.09178,0.09446,0.09042,0.09426
1588107600,0.09426,0.0985,0.09426,0.09792
1588194000,0.09792,0.10246,0.09792,0.10236
1588280400,0.10236,0.10806,0.1008,0.10614
1588539600,0.10614,0.107,0.1016,0.10194
1588626000,0.10194,0.10684,0.10194,0.10528
1588712400,0.10528,0.1056,0.10078,0.10128
1588798800,0.10128,0.10376,0.1011,0.10144
1588885200,0.10144,0.10222,0.09956,0.10134
1589144400,0.10134,0.1029,0.09958,0.09974
1589230800,0.09974,0.10214,0.09908,0.10116
1589317200,0.10116,0.1018,0.0996,0.10128
1589403600,0.10128,0.10466,0.10128,0.10316
1589490000,0.10316,0.10528,0.10156,0.1025
1589749200,0.1025,0.10686,0.1025,0.10614
1589835600,0.10614,0.10838,0.10592,0.10688
1589922000,0.10688,0.11158,0.10688,0.11056
1590008400,0.11056,0.11176,0.10746,0.108
1590094800,0.108,0.1086,0.1054,0.1086
1590440400,0.1086,0.11078,0.10772,0.1097
1590526800,0.1097,0.11008,0.10616,0.10686
1590613200,0.10686,0.10768,0.1045,0.10758
1590699600,0.10758,0.10848,0.1058,0.10812
1590958800,0.10812,0.11024,0.1073,0.1091
1591045200,0.1091,0.11172,0.1091,0.11162
1591131600,0.11162,0.11538,0.11136,0.11498
1591218000,0.11498,0.11644,0.11356,0.11604
1591304400,0.11604,0.11932,0.11604,0.11918
1591563600,0.11918,0.12114,0.11808,0.1183
1591650000,0.1183,0.12016,0.1175,0.12016
1591736400,0.12016,0.12226,0.11956,0.12216
1591822800,0.12216,0.12216,0.11862,0.11958
1591909200,0.11958,0.1207,0.11654,0.1187
1592168400,0.1187,0.11976,0.11562,0.11944
1592254800,0.11944,0.12164,0.11944,0.1208
1592341200,0.1208,0.12136,0.1189,0.12078
1592427600,0.12078,0.12138,0.11812,0.11856
1592514000,0.11856,0.1216,0.11856,0.11992
1592773200,0.11992,0.12096,0.1181,0.11898
1592859600,0.11898,0.11948,0.1177,0.1178
1592946000,0.1178,0.12008,0.11614,0.11716
1593032400,0.11716,0.11794,0.11598,0.11776
1593118800,0.11776,0.11844,0.114,0.11478
1593378000,0.11478,0.117,0.11268,0.1164
1593464400,0.1164,0.11958,0.1164,0.11798
1593550800,0.11798,0.12108,0.11798,0.12032
1593637200,0.12032,0.1211,0.11892,0.121
1593982800,0.121,0.12136,0.11782,0.11826
1594069200,0.11826,0.12098,0.11662,0.12
1594155600,0.12,0.12158,0.11854,0.1199
1594242000,0.1199,0.12024,0.11704,0.1174
1594328400,0.1174,0.11804,0.11558,0.1164
1594587600,0.1164,0.1164,0.11426,0.11434
1594674000,0.11434,0.11444,0.11166,0.11242
1594760400,0.11242,0.11782,0.11242,0.11772
1594846800,0.11772,0.11848,0.11576,0.11636
1594933200,0.11636,0.11756,0.11578,0.11656
1595192400,0.11656,0.11658,0.11422,0.11582
1595278800,0.11582,0.1183,0.11526,0.11554
1595365200,0.11554,0.11772,0.11548,0.1174
1595451600,0.1174,0.11774,0.11636,0.11646
1595538000,0.11646,0.11646,0.1139,0.114
1595797200,0.114,0.12078,0.114,0.12078
1595883600,0.12078,0.12176,0.1186,0.11918
1595970000,0.11918,0.11992,0.11754,0.11932
1596056400,0.11932,0.12092,0.11808,0.12042
1596142800,0.12042,0.1262,0.12036,0.1252
1596402000,0.1252,0.12704,0.12304,0.12598
1596488400,0.12598,0.12706,0.1246,0.12676
1596574800,0.12676,0.12866,0.12408,0.12452
1596661200,0.12452,0.12888,0.1243,0.12878
1596747600,0.12878,0.12908,0.12562,0.12562
1597006800,0.12562,0.12734,0.1234,0.12484
1597093200,0.12484,0.12736,0.12358,0.12646
1597179600,0.12646,0.12848,0.12618,0.12758
1597266000,0.12758,0.13054,0.12758,0.13016
1597352400,0.13016,0.13198,0.12988,0.1302
1597611600,0.1302,0.13174,0.12944,0.130145
1597698000,0.13014,0.13046,0.12678,0.12816
1597784400,0.12816,0.13186,0.12816,0.13174
1597870800,0.13174,0.13174,0.1291,0.12932
1597957200,0.12932,0.13016,0.12742,0.127515
1598216400,0.12752,0.12906,0.12598,0.1264
1598302800,0.1264,0.128,0.12548,0.12686
1598389200,0.12686,0.1281,0.12494,0.1252
1598475600,0.1252,0.12762,0.12452,0.12722
1598562000,0.12722,0.12782,0.12534,0.12574
1598821200,0.12574,0.12688,0.12518,0.12618
1598907600,0.12618,0.1275,0.1249,0.1253
1598994000,0.1253,0.126,0.12382,0.12382
1599080400,0.12382,0.12404,0.11866,0.12054
1599166800,0.12054,0.12096,0.11826,0.11896
1599512400,0.11896,0.12072,0.11752,0.12052
1599598800,0.12052,0.12134,0.11894,0.1199
1599685200,0.1199,0.12004,0.11828,0.11948
1599771600,0.11948,0.11948,0.11738,0.11903
1600030800,0.11903,0.11961,0.11764,0.11827
1600117200,0.11827,0.12033,0.11785,0.12025
1600203600,0.12025,0.12304,0.12006,0.12201
1600290000,0.12201,0.12571,0.12096,0.12475
1600376400,0.12475,0.12679,0.12404,0.12651
1600635600,0.12651,0.12719,0.12351,0.12436
1600722000,0.12436,0.12781,0.12431,0.12723
1600808400,0.12723,0.12861,0.12584,0.12677
1600894800,0.12677,0.12781,0.12561,0.12709
1600981200,0.12709,0.12841,0.12701,0.12832
1601240400,0.12832,0.12968,0.12371,0.12409
1601326800,0.12409,0.1285,0.12288,0.12754
1601413200,0.12754,0.12864,0.12568,0.1279
1601499600,0.1279,0.13086,0.12714,0.12904
1601586000,0.12904,0.13006,0.12662,0.12912
1601845200,0.12912,0.13082,0.12848,0.12941
1601931600,0.12941,0.13232,0.12916,0.13192
1602018000,0.13192,0.13506,0.13123,0.13464
1602104400,0.13464,0.13564,0.13422,0.1349
1602190800,0.1349,0.13636,0.13378,0.1357
1602450000,0.1357,0.13888,0.13154,0.13192
1602536400,0.13192,0.13502,0.13192,0.13368
1602622800,0.13368,0.13612,0.13306,0.13607
1602709200,0.13607,0.13836,0.13386,0.1356
1602795600,0.1356,0.13812,0.13514,0.1381
1603054800,0.1381,0.14104,0.13728,0.14104
1603141200,0.14104,0.14104,0.13878,0.13886
1603227600,0.13886,0.1395,0.1369,0.13854
1603314000,0.13854,0.14308,0.13854,0.14166
1603400400,0.14166,0.14246,0.13986,0.14112
1603659600,0.14112,0.1424,0.13782,0.14206
1603746000,0.14206,0.1442,0.14084,0.14296
1603832400,0.14296,0.14332,0.1403,0.1424
1603918800,0.1424,0.1424,0.13766,0.13794
1604005200,0.13794,0.13856,0.13386,0.13856
1604268000,0.13856,0.14452,0.13683,0.14392
1604354400,0.14392,0.14636,0.14098,0.14129
1604440800,0.14129,0.14244,0.13872,0.14122
1604527200,0.14122,0.1426,0.13838,0.13845
1604613600,0.13845,0.1443,0.13736,0.1436
1604872800,0.1436,0.14492,0.1405,0.14324
1604959200,0.14324,0.14369,0.14006,0.14148
1605045600,0.14148,0.14148,0.13907,0.13998
1605132000,0.13998,0.1446,0.13994,0.14307
1605218400,0.14307,0.1454,0.14268,0.14386
1605477600,0.14386,0.15038,0.14386,0.14947
1605564000,0.14947,0.1512,0.14706,0.1481
1605650400,0.1481,0.1503,0.1481,0.14884
1605736800,0.14884,0.14994,0.14713,0.14764
1605823200,0.14764,0.14884,0.14392,0.14757
1606082400,0.14757,0.14986,0.146,0.1461
1606168800,0.1461,0.14652,0.1445,0.14592
1606255200,0.14592,0.14658,0.14202,0.14317
1606428000,0.14317,0.14706,0.14307,0.14373
1606687200,0.14373,0.14458,0.13984,0.14052
1606773600,0.14052,0.14408,0.1398,0.1413
1606860000,0.1413,0.14304,0.13916,0.14234
1606946400,0.14234,0.14454,0.14162,0.143
1607032800,0.143,0.14339,0.13974,0.14062
1607292000,0.14062,0.14258,0.1391,0.14064
1607378400,0.14064,0.14138,0.13952,0.13994
1607464800,0.13994,0.14578,0.13994,0.14546
1607551200,0.14546,0.1466,0.14216,0.14236
1607637600,0.14236,0.14316,0.14004,0.14036
1607896800,0.14036,0.1405,0.13738,0.13786
1607983200,0.13786,0.13954,0.13742,0.13882
1608069600,0.13882,0.14176,0.13882,0.14106
1608156000,0.14106,0.14358,0.14102,0.14328
1608242400,0.14328,0.14402,0.1405,0.1408
1608501600,0.1408,0.14296,0.13956,0.1424
1608588000,0.1424,0.14296,0.14076,0.14186
1608674400,0.14186,0.14562,0.14186,0.14492
1608760800,0.14492,0.14664,0.14422,0.14564
1609106400,0.14564,0.14818,0.14528,0.14684
1609192800,0.14684,0.14764,0.14552,0.14748
1609279200,0.14748,0.15136,0.14674,0.14982
1609365600,0.14982,0.15216,0.14856,0.15172
1609711200,0.15172,0.15828,0.15172,0.15466
1609797600,0.15466,0.1585,0.1536,0.15794
1609884000,0.15794,0.16024,0.1573,0.16016
1609970400,0.16016,0.16016,0.15284,0.15392
1610056800,0.15392,0.15594,0.1528,0.1528
1610316000,0.1528,0.15492,0.15156,0.15486
1610402400,0.15486,0.15682,0.15202,0.15244
1610488800,0.15244,0.1573,0.15244,0.15634
1610575200,0.15634,0.16492,0.15634,0.16492
1610661600,0.16492,0.16492,0.16034,0.16202
1611007200,0.16202,0.16472,0.1585,0.1587
1611093600,0.1587,0.16338,0.15814,0.16058
1611180000,0.16058,0.16156,0.15622,0.1586
1611266400,0.1586,0.1586,0.1554,0.15646
1611525600,0.15646,0.1592,0.15548,0.15586
1611612000,0.15586,0.15676,0.15466,0.1563
1611698400,0.1563,0.16012,0.15496,0.15662
1611784800,0.15662,0.15824,0.15412,0.15452
1611871200,0.15452,0.1586,0.15396,0.15686
1612130400,0.15686,0.16124,0.15686,0.16038
1612216800,0.16038,0.1633,0.15938,0.16212
1612303200,0.16212,0.16232,0.1583,0.15916
1612389600,0.15916,0.16022,0.15696,0.15908
1612476000,0.15908,0.16388,0.15908,0.1632
1612735200,0.1632,0.16498,0.16156,0.16186
1612821600,0.16186,0.16468,0.16112,0.1641
1612908000,0.1641,0.16942,0.16264,0.16626
1612994400,0.16626,0.16718,0.16449,0.1645
1613080800,0.1645,0.16508,0.1628,0.1628
1613426400,0.1628,0.1663,0.1628,0.16596
1613512800,0.16596,0.1685,0.16596,0.16776
1613599200,0.16776,0.17288,0.16776,0.17232
1613685600,0.17232,0.17718,0.17232,0.17586
1613944800,0.17586,0.18162,0.17358,0.1804
1614031200,0.1804,0.18184,0.17592,0.1761
1614117600,0.1761,0.17869,0.17515,0.17858
1614204000,0.17858,0.1799,0.17294,0.17506
1614290400,0.17506,0.17506,0.17004,0.17086
1614549600,0.17086,0.17268,0.16726,0.16736
1614636000,0.16736,0.17038,0.16564,0.17038
1614722400,0.17038,0.1707,0.16596,0.16636
1614808800,0.16636,0.16936,0.16484,0.16708
1614895200,0.16708,0.17079,0.166,0.16908
1615154400,0.16908,0.17033,0.1664,0.16658
1615240800,0.16658,0.16658,0.16325,0.16402
1615327200,0.16402,0.16595,0.1638,0.16446
1615413600,0.16446,0.16864,0.16446,0.16798
1615500000,0.16798,0.16798,0.16532,0.16566
1615755600,0.16566,0.16708,0.1633,0.16566
1615842000,0.16566,0.16968,0.16488,0.16676
1615928400,0.16676,0.16686,0.16342,0.16384
1616014800,0.16384,0.16488,0.16204,0.1622
1616101200,0.1622,0.16266,0.15926,0.1614
1616360400,0.1614,0.16208,0.15858,0.15868
1616446800,0.15868,0.15872,0.1538,0.15734
1616533200,0.15734,0.16,0.1561,0.15898
1616619600,0.15898,0.15946,0.1532,0.1535
1616706000,0.1535,0.15598,0.1535,0.15464
1616965200,0.15464,0.15464,0.15114,0.15306
1617051600,0.15306,0.154,0.15146,0.15198
1617138000,0.15198,0.1528,0.14924,0.1498
1617224400,0.1498,0.15182,0.14926,0.14942
1617570000,0.14942,0.15166,0.14904,0.1505
1617656400,0.1505,0.15408,0.14998,0.15282
1617742800,0.15282,0.15534,0.15192,0.15332
1617829200,0.15332,0.15578,0.15326,0.15426
1617915600,0.15426,0.1591,0.15422,0.15698
1618174800,0.15698,0.15788,0.1548,0.15512
1618261200,0.15512,0.15786,0.15512,0.15644
1618347600,0.15644,0.16064,0.15644,0.16022
1618434000,0.16022,0.16504,0.15992,0.16366
1618520400,0.16366,0.16734,0.16292,0.16652
1618779600,0.16652,0.1671,0.16288,0.16324
1618866000,0.16324,0.1691,0.16324,0.16806
1618952400,0.16806,0.1704,0.16664,0.16966
1619038800,0.16966,0.1716,0.16874,0.17008
1619125200,0.17008,0.17156,0.16906,0.17008
1619384400,0.17008,0.17282,0.1687,0.17194
1619470800,0.17194,0.17892,0.17162,0.17844
1619557200,0.17844,0.17844,0.17108,0.17262
1619643600,0.17262,0.1749,0.16564,0.17056
1619730000,0.17056,0.17172,0.16732,0.1717
1619989200,0.1717,0.17422,0.16788,0.16856
1620075600,0.16856,0.1737,0.16856,0.17228
1620162000,0.17228,0.1767,0.17228,0.1764
1620248400,0.1764,0.1798,0.17426,0.17664
1620334800,0.17664,0.17778,0.17414,0.17576
1620594000,0.17576,0.1783,0.17354,0.1757
1620680400,0.1757,0.18222,0.17482,0.1822
1620766800,0.1822,0.18332,0.1786,0.17966
1620853200,0.17966,0.17966,0.17094,0.17214
1620939600,0.17214,0.17526,0.17002,0.17034
1621198800,0.17034,0.17198,0.16876,0.17046
1621285200,0.17046,0.17426,0.17036,0.1725
1621371600,0.1725,0.1725,0.16926,0.17004
1621458000,0.17004,0.17194,0.16962,0.17062
1621544400,0.17062,0.17082,0.16668,0.16792
1621803600,0.16792,0.16976,0.16604,0.16888
1621890000,0.16888,0.17326,0.16888,0.17096
1621976400,0.17096,0.17184,0.16692,0.16884
1622062800,0.16884,0.17246,0.16854,0.17242
1622149200,0.17242,0.17742,0.17242,0.1743
1622494800,0.1743,0.17932,0.1743,0.17786
1622581200,0.17786,0.17972,0.17542,0.17742
1622667600,0.17742,0.17758,0.1734,0.1743
1622754000,0.1743,0.1786,0.1743,0.17766
1623013200,0.17766,0.17846,0.17364,0.17394
1623099600,0.17394,0.17792,0.17352,0.17792
1623186000,0.17792,0.17932,0.17592,0.17758
1623272400,0.17758,0.1787,0.1762,0.17726
1623358800,0.17726,0.17728,0.17444,0.17684
1623618000,0.17684,0.17684,0.1706,0.1737
1623704400,0.1737,0.17544,0.17058,0.1713
1623790800,0.1713,0.1742,0.17082,0.1715
1623877200,0.1715,0.1715,0.16672,0.1673
1623963600,0.1673,0.1691,0.16542,0.16582
1624222800,0.16582,0.17172,0.16422,0.17042
1624309200,0.17042,0.17042,0.16592,0.16738
1624395600,0.16738,0.17108,0.16738,0.16952
1624482000,0.16952,0.17262,0.16772,0.17262
1624568400,0.17262,0.17352,0.17064,0.17342
1624827600,0.17342,0.17612,0.17142,0.176
1624914000,0.176,0.176,0.17332,0.17546
1625000400,0.17546,0.17902,0.17442,0.17882
1625086800,0.17882,0.18462,0.17716,0.17902
1625173200,0.17902,0.1831,0.17902,0.1819
1625518800,0.1819,0.18404,0.17804,0.1781
1625605200,0.1781,0.18084,0.17434,0.17744
1625691600,0.17744,0.17794,0.17306,0.17312
1625778000,0.17312,0.17436,0.17152,0.17216
1626037200,0.17216,0.17216,0.16916,0.17046
1626123600,0.17046,0.17168,0.16716,0.1707
1626210000,0.1707,0.17216,0.16828,0.16838
1626296400,0.16838,0.17348,0.1682,0.17326
1626382800,0.17326,0.17756,0.17228,0.17624
1626642000,0.17624,0.17762,0.17038,0.17144
1626728400,0.17144,0.17508,0.17144,0.17396
1626814800,0.17396,0.17668,0.17248,0.17648
1626901200,0.17648,0.17718,0.17452,0.17618
1626987600,0.17618,0.18258,0.17618,0.181
1627246800,0.181,0.18608,0.17768,0.18598
1627333200,0.18598,0.18708,0.18256,0.18358
1627419600,0.18358,0.18668,0.18084,0.18626
1627506000,0.18626,0.18798,0.18222,0.18322
1627592400,0.18322,0.18426,0.17798,0.17896
1627851600,0.17896,0.1813,0.1789,0.1798
1627938000,0.1798,0.1822,0.17734,0.18008
1628024400,0.18008,0.1817,0.17898,0.17922
1628110800,0.17922,0.18662,0.17812,0.1862
1628197200,0.1862,0.189,0.1851,0.1863
1628456400,0.1863,0.18682,0.18372,0.18492
1628542800,0.18492,0.19612,0.18492,0.19554
1628629200,0.19554,0.19634,0.19292,0.19396
1628715600,0.19396,0.19622,0.19322,0.19562
1628802000,0.19562,0.20056,0.19522,0.20044
1629061200,0.20044,0.20152,0.19882,0.19982
1629147600,0.19982,0.20352,0.19922,0.2003
1629234000,0.2003,0.20294,0.1998,0.20206
1629320400,0.20206,0.20206,0.19704,0.19794
1629406800,0.19794,0.19974,0.19464,0.19464
1629666000,0.19464,0.19778,0.19464,0.19608
1629752400,0.19608,0.19864,0.19506,0.19596
1629838800,0.19596,0.19812,0.19416,0.19808
1629925200,0.19808,0.19858,0.19486,0.19678
1630011600,0.19678,0.20086,0.1962,0.20056
1630270800,0.20056,0.20286,0.20008,0.20256
1630357200,0.20256,0.20264,0.1972,0.19834
1630443600,0.19834,0.20026,0.19608,0.19686
1630530000,0.19686,0.1991,0.19618,0.19868
1630616400,0.19868,0.19898,0.19548,0.19578
1630962000,0.19578,0.19698,0.19438,0.19438
1631048400,0.19438,0.19748,0.19438,0.19486
1631134800,0.19486,0.1955,0.191,0.19184
1631221200,0.19184,0.1922,0.1873,0.18832
1631480400,0.18832,0.1901,0.1857,0.1901
1631566800,0.1901,0.19162,0.18852,0.1895
1631653200,0.1895,0.1962,0.1895,0.1959
1631739600,0.1959,0.19604,0.1925,0.19424
1631826000,0.19424,0.19482,0.18986,0.19118
1632085200,0.19118,0.19118,0.18802,0.1893
1632171600,0.1893,0.1925,0.18872,0.1906
1632258000,0.1906,0.19438,0.1906,0.19342
1632344400,0.19342,0.19626,0.19342,0.19568
1632430800,0.19568,0.19592,0.19148,0.19264
1632690000,0.19264,0.1943,0.18996,0.18996
1632776400,0.18996,0.1923,0.18796,0.192
1632862800,0.192,0.19266,0.18956,0.19051
1632949200,0.19051,0.19697,0.18902,0.19578
1633035600,0.19578,0.1967,0.1936,0.1941
1633294800,0.1941,0.19442,0.18998,0.19046
1633381200,0.19046,0.19388,0.1899,0.19204
1633467600,0.19204,0.19224,0.19026,0.1912
1633554000,0.1912,0.19378,0.1912,0.19216
1633640400,0.19216,0.19692,0.19216,0.1965
1633899600,0.1965,0.19966,0.19597,0.19688
1633986000,0.19688,0.19748,0.19418,0.19474
1634072400,0.19474,0.1953,0.1923,0.19242
1634158800,0.19242,0.19398,0.18894,0.18994
1634245200,0.18994,0.19364,0.18994,0.19187
1634504400,0.19187,0.19206,0.18572,0.18718
1634590800,0.18718,0.18866,0.18274,0.1838
1634677200,0.1838,0.1855,0.18298,0.18444
1634763600,0.18444,0.18632,0.18332,0.18432
1634850000,0.18432,0.18596,0.18384,0.18502
1635109200,0.18502,0.18892,0.18456,0.18854
1635195600,0.18854,0.1914,0.18788,0.19068
1635282000,0.19068,0.19318,0.18996,0.19144
1635368400,0.19144,0.19294,0.18974,0.19088
1635454800,0.19088,0.1916,0.18696,0.18746
1635714000,0.18746,0.19022,0.18678,0.18854
1635800400,0.18854,0.1913,0.18782,0.18984
1635886800,0.18984,0.18998,0.18824,0.18892
1635973200,0.18892,0.19314,0.18884,0.1911
1636059600,0.1911,0.19467,0.19064,0.19464
1636322400,0.19464,0.19594,0.1939,0.19408
1636408800,0.19408,0.196,0.19316,0.194
1636495200,0.194,0.19496,0.19048,0.19186
1636581600,0.19186,0.19658,0.19148,0.19658
1636668000,0.19658,0.1968,0.19436,0.19536
1636927200,0.19536,0.19646,0.19197,0.19266
1637013600,0.19266,0.19544,0.1921,0.19534
1637100000,0.19534,0.20036,0.19506,0.20016
1637186400,0.20016,0.20216,0.1965,0.19708
1637272800,0.19708,0.19838,0.19444,0.19576
1637532000,0.19576,0.19656,0.19256,0.19324
1637618400,0.19324,0.1971,0.19172,0.19574
1637704800,0.19574,0.19754,0.19382,0.1951
1637877600,0.1951,0.1951,0.18754,0.1899
1638136800,0.1899,0.19256,0.18768,0.18788
1638223200,0.18788,0.188,0.18184,0.18194
1638309600,0.18194,0.18494,0.18194,0.18226
1638396000,0.18226,0.18408,0.18102,0.1828
1638482400,0.1828,0.18588,0.1828,0.18412
1638741600,0.18412,0.18886,0.18412,0.18796
1638828000,0.18796,0.19144,0.18796,0.1909
1638914400,0.1909,0.19532,0.1901,0.19454
1639000800,0.19454,0.19506,0.19182,0.19364
1639087200,0.19364,0.1948,0.19176,0.19334
1639346400,0.19334,0.19504,0.1925,0.19318
1639432800,0.19318,0.1945,0.19282,0.19292
1639519200,0.19292,0.19292,0.1886,0.18924
1639605600,0.18924,0.19202,0.18878,0.1906
1639692000,0.1906,0.19068,0.18706,0.18814
1639951200,0.18814,0.18814,0.18236,0.18304
1640037600,0.18304,0.18476,0.18288,0.18452
1640124000,0.18452,0.19082,0.18452,0.18944
1640210400,0.18944,0.19084,0.18828,0.18928
1640556000,0.18928,0.19014,0.18786,0.18926
1640642400,0.18926,0.19086,0.18664,0.18742
1640728800,0.18742,0.18914,0.18574,0.1879
1640815200,0.1879,0.18828,0.18376,0.18524
1640901600,0.18524,0.18734,0.18496,0.18558
1641160800,0.18558,0.18766,0.18452,0.1853
1641247200,0.1853,0.18622,0.18396,0.18486
1641333600,0.18486,0.18546,0.18104,0.18118
1641420000,0.18118,0.18176,0.1794,0.1802
1641506400,0.1802,0.18224,0.17786,0.17866
1641765600,0.17866,0.18004,0.17412,0.1767
1641852000,0.1767,0.1801,0.17662,0.1792
1641938400,0.1792,0.1827,0.1792,0.18142
1642024800,0.18142,0.18224,0.17784,0.17928
1642111200,0.17928,0.1818,0.17852,0.1813
1642456800,0.1813,0.18612,0.1813,0.18454
1642543200,0.18454,0.18974,0.18454,0.18914
1642629600,0.18914,0.19116,0.1871,0.1876
1642716000,0.1876,0.18926,0.18524,0.18724
1642975200,0.18724,0.18834,0.1837,0.18648
1643061600,0.18648,0.188,0.18482,0.18602
1643148000,0.18602,0.18664,0.18248,0.18358
1643234400,0.18358,0.18386,0.18184,0.18284
1643320800,0.18284,0.18364,0.17968,0.18098
1643580000,0.18098,0.18248,0.17792,0.1819
1643666400,0.1819,0.18452,0.18074,0.18354
1643752800,0.18354,0.18386,0.17766,0.1777
1643839200,0.1777,0.18014,0.17674,0.17884
1643925600,0.17884,0.18206,0.17876,0.18098
1644184800,0.18098,0.18208,0.1789,0.1795
1644271200,0.1795,0.18052,0.17764,0.17998
1644357600,0.17998,0.18596,0.17946,0.18342
1644444000,0.18342,0.18468,0.18152,0.1826
1644530400,0.1826,0.18264,0.17996,0.182
1644789600,0.182,0.18336,0.17952,0.18112
1644876000,0.18112,0.182,0.17912,0.18092
1644962400,0.18092,0.18194,0.17952,0.17992
1645048800,0.17992,0.18242,0.17926,0.1812
1645135200,0.1812,0.1833,0.1796,0.18036
1645480800,0.18036,0.18326,0.18036,0.18284
1645567200,0.18284,0.1836,0.18216,0.18268
1645653600,0.18268,0.18722,0.18232,0.1824
1645740000,0.1824,0.1835,0.17938,0.1802
1645999200,0.1802,0.18128,0.17932,0.18022
1646085600,0.18022,0.18792,0.18022,0.18628
1646172000,0.18628,0.1903,0.18628,0.1898
1646258400,0.1898,0.1934,0.1881,0.19278
1646344800,0.19278,0.19844,0.19172,0.1972
1646604000,0.1972,0.20242,0.19558,0.19588
1646690400,0.19588,0.20072,0.1935,0.19734
1646776800,0.19734,0.1996,0.1923,0.19352
1646863200,0.19352,0.19916,0.19276,0.19422
1646949600,0.19422,0.19604,0.19188,0.19552
1647205200,0.19552,0.19552,0.193,0.1938
1647291600,0.1938,0.1938,0.18858,0.1903
1647378000,0.1903,0.19116,0.1879,0.1883
1647464400,0.1883,0.19242,0.18826,0.19016
1647550800,0.19016,0.19264,0.1884,0.19224
1647810000,0.19224,0.1959,0.19224,0.19518
1647896400,0.19518,0.19542,0.19372,0.194
1647982800,0.194,0.19606,0.1928,0.19454
1648069200,0.19454,0.19732,0.19454,0.19474
1648155600,0.19474,0.19876,0.19444,0.19876
1648414800,0.19876,0.19876,0.1958,0.19832
1648501200,0.19832,0.19832,0.19042,0.19334
1648587600,0.19334,0.19784,0.19334,0.19672
1648674000,0.19672,0.1972,0.19426,0.19716
1648760400,0.19716,0.19716,0.19442,0.19528
1649019600,0.19528,0.19932,0.19528,0.1978
1649106000,0.1978,0.19968,0.19704,0.19794
1649192400,0.19794,0.1991,0.19606,0.19776
1649278800,0.19776,0.20184,0.19742,0.20032
1649365200,0.20032,0.2059,0.19988,0.20488
1649624400,0.20488,0.20498,0.20184,0.20428
1649710800,0.20428,0.20594,0.20276,0.20374
1649797200,0.20374,0.20658,0.20194,0.20294
1649883600,0.20294,0.20484,0.2006,0.20282
1650229200,0.20282,0.20424,0.20112,0.20364
1650315600,0.20364,0.20364,0.19816,0.19826
1650402000,0.19826,0.19936,0.19712,0.19744
1650488400,0.19744,0.20024,0.19662,0.19992
1650574800,0.19992,0.19992,0.19336,0.19346
1650834000,0.19346,0.19346,0.18966,0.19036
1650920400,0.19036,0.19286,0.18984,0.19074
1651006800,0.19074,0.19404,0.1888,0.19036
1651093200,0.19036,0.19442,0.18898,0.19362
1651179600,0.19362,0.1954,0.19258,0.19298
1651438800,0.19298,0.19298,0.18818,0.1897
1651525200,0.1897,0.19038,0.18726,0.18786
1651611600,0.18786,0.19036,0.18674,0.18734
1651698000,0.18734,0.19002,0.18734,0.18948
1651784400,0.18948,0.19332,0.187,0.19232
1652043600,0.19232,0.19232,0.18682,0.18732
1652130000,0.18732,0.18882,0.1863,0.1865
1652216400,0.1865,0.18838,0.18556,0.18658
1652302800,0.18658,0.18816,0.18414,0.18716
1652389200,0.18716,0.19306,0.18716,0.19306
1652648400,0.19306,0.19802,0.19306,0.19802
1652734800,0.19802,0.20342,0.1967,0.20112
1652821200,0.20112,0.2023,0.19848,0.19938
1652907600,0.19938,0.19976,0.19614,0.199
1652994000,0.199,0.20184,0.19844,0.20074
1653253200,0.20074,0.20178,0.19816,0.19826
1653339600,0.19826,0.20076,0.19542,0.19858
1653426000,0.19858,0.20018,0.1962,0.19756
1653512400,0.19756,0.19756,0.19358,0.19618
1653598800,0.19618,0.19806,0.19474,0.1972
1653944400,0.1972,0.19988,0.19406,0.19456
1654030800,0.19456,0.19744,0.19344,0.19494
1654117200,0.19494,0.19652,0.193,0.1939
1654203600,0.1939,0.19474,0.19318,0.19368
1654462800,0.19368,0.19812,0.19368,0.19632
1654549200,0.19632,0.19632,0.18998,0.18998
1654635600,0.18998,0.19216,0.18896,0.19016
1654722000,0.19016,0.19494,0.18874,0.19372
1654808400,0.19372,0.19394,0.18878,0.18888
1655067600,0.18888,0.18888,0.18614,0.18714
1655154000,0.18714,0.18794,0.18536,0.18744
1655240400,0.18744,0.18744,0.18324,0.18378
1655326800,0.18378,0.18568,0.1831,0.1854
1655413200,0.1854,0.18908,0.1854,0.1857
1655758800,0.1857,0.18962,0.18566,0.18646
1655845200,0.18646,0.18646,0.18328,0.18348
1655931600,0.18348,0.1836,0.18136,0.18192
1656018000,0.18192,0.18232,0.18024,0.18162
1656277200,0.18162,0.18316,0.18008,0.18128
1656363600,0.18128,0.18456,0.18128,0.18356
1656450000,0.18356,0.18418,0.18248,0.18418
1656536400,0.18418,0.18628,0.1829,0.18344
1656622800,0.18344,0.18406,0.17944,0.17944
1656968400,0.17944,0.18172,0.17602,0.1776
1657054800,0.1776,0.1791,0.17632,0.1788
1657141200,0.1788,0.18468,0.17872,0.18424
1657227600,0.18424,0.19016,0.1834,0.18936
1657486800,0.18936,0.19,0.18732,0.18792
1657573200,0.18792,0.18792,0.18496,0.18614
1657659600,0.18614,0.19084,0.1858,0.19028
1657746000,0.19028,0.19074,0.18706,0.18876
1657832400,0.18876,0.19264,0.18818,0.19036
1658091600,0.19036,0.19488,0.19036,0.19264
1658178000,0.19264,0.1928,0.18704,0.18784
1658264400,0.18784,0.18834,0.18546,0.18576
1658350800,0.18576,0.18636,0.1817,0.18248
1658437200,0.18248,0.1825,0.17782,0.17792
1658696400,0.17792,0.17792,0.17358,0.17378
1658782800,0.17378,0.17728,0.1726,0.1737
1658869200,0.1737,0.1753,0.17242,0.17302
1658955600,0.17302,0.1788,0.17302,0.17662
1659042000,0.17662,0.17802,0.17444,0.17484
1659301200,0.17484,0.17566,0.17128,0.17546
1659387600,0.17546,0.17698,0.1729,0.17588
1659474000,0.17588,0.17948,0.1743,0.17718
1659560400,0.17718,0.1778,0.17462,0.1752
1659646800,0.1752,0.179,0.1752,0.1787
1659906000,0.1787,0.18064,0.17744,0.1787
1659992400,0.1787,0.18006,0.17706,0.17896
1660078800,0.17896,0.18326,0.17886,0.18156
1660165200,0.18156,0.18426,0.18118,0.18406
1660251600,0.18406,0.18578,0.18334,0.18568
1660510800,0.18568,0.18632,0.18372,0.18502
1660597200,0.18502,0.18502,0.18154,0.18194
1660683600,0.18194,0.1836,0.18086,0.1818
1660770000,0.1818,0.18196,0.17698,0.17748
1660856400,0.17748,0.18138,0.1756,0.1799
1661115600,0.1799,0.18032,0.17694,0.17874
1661202000,0.17874,0.17984,0.17754,0.17884
1661288400,0.17884,0.18184,0.17876,0.17986
1661374800,0.17986,0.18146,0.17672,0.17842
1661461200,0.17842,0.18438,0.17808,0.18408
1661720400,0.18408,0.18472,0.18162,0.18366
1661806800,0.18366,0.18468,0.18024,0.18088
1661893200,0.18088,0.18204,0.17816,0.17866
1661979600,0.17866,0.18026,0.17716,0.17982
1662066000,0.17982,0.18276,0.17982,0.18108
1662411600,0.18108,0.18242,0.17904,0.17944
1662498000,0.17944,0.18304,0.17894,0.1806
1662584400,0.1806,0.18206,0.17826,0.17876
1662670800,0.17876,0.18226,0.17876,0.18196
1662930000,0.18196,0.185,0.1811,0.1837
1663016400,0.1837,0.18566,0.18202,0.18372
1663102800,0.18372,0.18522,0.18224,0.18278
1663189200,0.18278,0.18364,0.18144,0.18154
1663275600,0.18154,0.18176,0.17856,0.17892
1663534800,0.17892,0.17892,0.1749,0.17676
1663621200,0.17676,0.18252,0.17652,0.18152
1663707600,0.18152,0.18332,0.18072,0.18222
1663794000,0.18222,0.18504,0.18178,0.1847
1663880400,0.1847,0.18534,0.18036,0.1827
1664139600,0.1827,0.1874,0.18164,0.18346
1664226000,0.18346,0.18654,0.18288,0.1836
1664312400,0.1836,0.18554,0.1816,0.1845
1664398800,0.1845,0.18528,0.18364,0.18486
1664485200,0.18486,0.18624,0.18326,0.18388
1664744400,0.18388,0.18542,0.18062,0.18144
1664830800,0.18144,0.18702,0.1811,0.18586
1664917200,0.18586,0.18812,0.18586,0.18654
1665003600,0.18654,0.19222,0.18654,0.19096
1665090000,0.19096,0.19456,0.19072,0.19434
1665349200,0.19434,0.19492,0.19244,0.19351
1665435600,0.19351,0.19456,0.19057,0.19434
1665522000,0.19434,0.19648,0.19264,0.19388
1665608400,0.19388,0.19528,0.19104,0.19476
1665694800,0.19476,0.19596,0.19452,0.19512
1665954000,0.19512,0.19602,0.19354,0.19404
1666040400,0.19404,0.19432,0.19202,0.19373
1666126800,0.19373,0.19384,0.19114,0.19268
1666213200,0.19268,0.19318,0.19016,0.19062
1666299600,0.19062,0.19228,0.18908,0.1902
1666558800,0.1902,0.1902,0.18726,0.18736
1666645200,0.18736,0.18816,0.1868,0.18722
1666731600,0.18722,0.18722,0.18448,0.18468
1666818000,0.18468,0.18526,0.18288,0.18308
1666904400,0.18308,0.18326,0.18138,0.182
1667163600,0.182,0.18578,0.182,0.18562
1667250000,0.18562,0.1909,0.18562,0.18976
1667336400,0.18976,0.19074,0.18724,0.19064
1667422800,0.19064,0.19068,0.1878,0.19068
1667509200,0.19068,0.19404,0.19068,0.1926
1667772000,0.1926,0.19368,0.18988,0.19244
1667858400,0.19244,0.1961,0.19148,0.196
1667944800,0.196,0.20006,0.1942,0.19872
1668031200,0.19872,0.2,0.19662,0.1997
1668117600,0.1997,0.20428,0.1997,0.2016
1668376800,0.2016,0.20546,0.20064,0.2037
1668463200,0.2037,0.209,0.20306,0.20868
1668549600,0.20868,0.21038,0.20792,0.20832
1668636000,0.20832,0.20832,0.2023,0.20257
1668722400,0.20257,0.20904,0.2013,0.20616
1668981600,0.20616,0.20616,0.20262,0.20414
1669068000,0.20414,0.20596,0.20204,0.20256
1669154400,0.20256,0.20298,0.19964,0.20066
1669327200,0.20066,0.20324,0.19788,0.19788
1669586400,0.19788,0.19926,0.19528,0.19896
1669672800,0.19896,0.2026,0.19532,0.19982
1669759200,0.19982,0.20418,0.19968,0.20084
1669845600,0.20084,0.20198,0.1988,0.20114
1669932000,0.20114,0.2012,0.19814,0.19946
1670191200,0.19946,0.20392,0.19946,0.20022
1670277600,0.20022,0.2012,0.19802,0.19832
1670364000,0.19832,0.1997,0.19704,0.1992
1670450400,0.1992,0.20282,0.1992,0.20128
1670536800,0.20128,0.20298,0.1999,0.20032
1670796000,0.20032,0.20078,0.1972,0.1978
1670882400,0.1978,0.2024,0.19716,0.20122
1670968800,0.20122,0.20832,0.19996,0.2073
1671055200,0.2073,0.21144,0.20264,0.20336
1671141600,0.20336,0.20698,0.20206,0.20494
1671400800,0.20494,0.20814,0.20412,0.2057
1671487200,0.2057,0.21084,0.2057,0.21006
1671573600,0.21006,0.21376,0.20988,0.21118
1671660000,0.21118,0.21414,0.20982,0.21286
1671746400,0.21286,0.21558,0.2119,0.21362
1672092000,0.21362,0.21362,0.20586,0.20596
1672178400,0.20596,0.20816,0.20438,0.2049
1672264800,0.2049,0.2077,0.20466,0.20646
1672351200,0.20646,0.20756,0.20336,0.20366
1672696800,0.20366,0.20366,0.1994,0.2002
1672783200,0.2002,0.2002,0.19802,0.19832
1672869600,0.19832,0.199,0.19604,0.19614
1672956000,0.19614,0.19652,0.19214,0.19234
1673215200,0.19234,0.19532,0.1918,0.194
1673301600,0.194,0.20084,0.19392,0.19852
1673388000,0.19852,0.20298,0.19826,0.19898
1673474400,0.19898,0.20054,0.197,0.19852
1673560800,0.19852,0.20048,0.19704,0.19972
1673906400,0.19972,0.20412,0.19898,0.2031
1673992800,0.2031,0.20468,0.199,0.20062
1674079200,0.20062,0.202,0.19794,0.19916
1674165600,0.19916,0.20022,0.19708,0.1991
1674424800,0.1991,0.20108,0.19786,0.19874
1674511200,0.19874,0.20122,0.1976,0.20046
1674597600,0.20046,0.20338,0.19916,0.20258
1674684000,0.20258,0.21028,0.20254,0.20912
1674770400,0.20912,0.21204,0.20732,0.21204
1675029600,0.21204,0.2149,0.21054,0.21368
1675116000,0.21368,0.21978,0.2133,0.21968
1675202400,0.21968,0.22014,0.21478,0.21518
1675288800,0.21518,0.21916,0.21464,0.2184
1675375200,0.2184,0.2184,0.21326,0.21436
1675634400,0.21436,0.21492,0.20706,0.20776
1675720800,0.20776,0.21162,0.2062,0.20996
1675807200,0.20996,0.21293,0.20766,0.21202
1675893600,0.21202,0.2163,0.21133,0.2135
1675980000,0.2135,0.21606,0.21155,0.21247
1676239200,0.21247,0.21319,0.20845,0.20977
1676325600,0.20977,0.21273,0.20871,0.21199
1676412000,0.21199,0.21199,0.20811,0.20884
1676498400,0.20884,0.21137,0.20806,0.20962
1676584800,0.20962,0.21182,0.20825,0.20998
1676930400,0.20998,0.2128,0.20925,0.21067
1677016800,0.21067,0.21242,0.20961,0.20986
1677103200,0.20986,0.21496,0.20964,0.21496
1677189600,0.21496,0.21517,0.20678,0.20725
1677448800,0.20725,0.21394,0.20649,0.21278
1677535200,0.21278,0.21488,0.20958,0.20998
1677621600,0.20998,0.21654,0.20998,0.21542
1677708000,0.21542,0.2161,0.21166,0.21268
1677794400,0.21268,0.22026,0.21268,0.21915
1678053600,0.21915,0.21915,0.21556,0.21804
1678140000,0.21804,0.22174,0.21726,0.21952
1678226400,0.21952,0.21952,0.21666,0.21758
1678312800,0.21758,0.22222,0.2159,0.22016
1678399200,0.22016,0.22086,0.21518,0.22024
1678654800,0.22024,0.2209,0.21506,0.2168
1678741200,0.2168,0.2181,0.21434,0.21444
1678827600,0.21444,0.21464,0.21146,0.2127
1678914000,0.2127,0.21596,0.21092,0.21492
1679000400,0.21492,0.21676,0.21258,0.21392
1679259600,0.21392,0.21392,0.2109,0.21184
1679346000,0.21184,0.21587,0.2115,0.2146
1679432400,0.2146,0.22038,0.21428,0.21818
1679518800,0.21818,0.21975,0.21442,0.21594
1679605200,0.21594,0.21604,0.21262,0.21434
1679864400,0.21434,0.21718,0.21402,0.2155
1679950800,0.2155,0.22,0.21529,0.21928
1680037200,0.21928,0.21958,0.21584,0.21806
1680123600,0.21806,0.2253,0.21806,0.22506
1680210000,0.22506,0.22888,0.22294,0.22856
1680469200,0.22856,0.23088,0.22658,0.22896
1680555600,0.22896,0.23048,0.22676,0.22938
1680642000,0.22938,0.23448,0.2285,0.23374
1680728400,0.23374,0.24108,0.23136,0.24056
1681074000,0.24056,0.24174,0.23796,0.24014
1681160400,0.24014,0.2479,0.23956,0.24728
1681246800,0.24728,0.25182,0.24244,0.24354
1681333200,0.24354,0.25004,0.24216,0.24232
1681419600,0.24232,0.2456,0.24046,0.24414
1681678800,0.24414,0.2469,0.24338,0.24654
1681765200,0.24654,0.24958,0.24316,0.24776
1681851600,0.24776,0.25166,0.24584,0.24656
1681938000,0.24656,0.2573,0.24472,0.25715
1682024400,0.25715,0.25878,0.25026,0.25175
1682283600,0.25175,0.26265,0.2487,0.26124
1682370000,0.26124,0.27067,0.25784,0.26923
1682456400,0.26923,0.27238,0.26494,0.266
1682542800,0.266,0.27678,0.26396,0.27247
1682629200,0.27247,0.27332,0.26773,0.27198
1682888400,0.27198,0.27264,0.26186,0.26282
1682974800,0.26282,0.26818,0.25806,0.25822
1683061200,0.25822,0.26156,0.25609,0.25841
1683147600,0.25841,0.26378,0.2566,0.2627
1683234000,0.2627,0.27178,0.2627,0.27166
1683493200,0.27166,0.27172,0.26698,0.26753
1683579600,0.26753,0.27116,0.26596,0.26858
1683666000,0.26858,0.27408,0.26674,0.27316
1683752400,0.27316,0.27398,0.26636,0.26718
1683838800,0.26718,0.27024,0.26638,0.26864
1684098000,0.26864,0.27024,0.26424,0.2683
1684184400,0.2683,0.27228,0.26592,0.2669
1684270800,0.2669,0.26712,0.26368,0.26436
1684357200,0.26436,0.2652,0.26006,0.26138
1684443600,0.26138,0.26628,0.2613,0.26308
1684702800,0.26308,0.26546,0.2608,0.26464
1684789200,0.26464,0.2671,0.26258,0.26308
1684875600,0.26308,0.26398,0.25928,0.2594
1684962000,0.2594,0.2594,0.25052,0.25342
1685048400,0.25342,0.26078,0.25154,0.25842
1685394000,0.25842,0.26222,0.25584,0.25716
1685480400,0.25716,0.25812,0.25388,0.25404
1685566800,0.25404,0.2576,0.25098,0.2524
1685653200,0.2524,0.2524,0.2491,0.25096
1685912400,0.25096,0.25388,0.2463,0.2473
1685998800,0.2473,0.2504,0.24514,0.24946
1686085200,0.24946,0.25168,0.24666,0.24792
1686171600,0.24792,0.25946,0.24694,0.25914
1686258000,0.25914,0.26387,0.25612,0.25642
1686517200,0.25642,0.26282,0.25478,0.25686
1686603600,0.25686,0.25898,0.25302,0.25342
1686690000,0.25342,0.26024,0.25338,0.25946
1686776400,0.25946,0.2655,0.25804,0.26248
1686862800,0.26248,0.26758,0.26248,0.26606
1687208400,0.26606,0.26786,0.26226,0.26642
1687294800,0.26642,0.26772,0.26342,0.26432
1687381200,0.26432,0.26432,0.2549,0.25592
1687467600,0.25592,0.25592,0.24698,0.24944
1687726800,0.24944,0.2525,0.24134,0.24144
1687813200,0.24144,0.24254,0.23282,0.23598
1687899600,0.23598,0.23722,0.22868,0.23102
1687986000,0.23102,0.2317,0.22342,0.22678
1688072400,0.22678,0.23562,0.22634,0.2327
1688331600,0.2327,0.24076,0.23236,0.23786
1688504400,0.23786,0.24178,0.23506,0.23932
1688590800,0.23932,0.24032,0.23652,0.23682
1688677200,0.23682,0.2428,0.23552,0.23962
1688936400,0.23962,0.23962,0.23632,0.23856
1689022800,0.23856,0.24136,0.23586,0.23952
1689109200,0.23952,0.24426,0.23734,0.24332
1689195600,0.24332,0.24674,0.24186,0.24464
1689282000,0.24464,0.24822,0.24426,0.24718
1689541200,0.24718,0.24786,0.24032,0.24164
1689627600,0.24164,0.24454,0.23992,0.2425
1689714000,0.2425,0.24764,0.24094,0.24584
1689800400,0.24584,0.25092,0.24546,0.25052
1689886800,0.25052,0.25482,0.24732,0.25468
1690146000,0.25468,0.2568,0.25242,0.25252
1690232400,0.25252,0.25258,0.24912,0.25074
1690318800,0.25074,0.2517,0.2451,0.24734
1690405200,0.24734,0.24934,0.24374,0.24774
1690491600,0.24774,0.24774,0.2421,0.24236
1690750800,0.24236,0.24514,0.2417,0.24472
1690837200,0.24472,0.24894,0.24316,0.2472
1690923600,0.2472,0.24924,0.24412,0.24542
1691010000,0.24542,0.24736,0.24022,0.24314
1691096400,0.24314,0.24372,0.2387,0.2397
1691355600,0.2397,0.24312,0.23686,0.23958
1691442000,0.23958,0.2397,0.23568,0.2374
1691528400,0.2374,0.24064,0.2374,0.24054
1691614800,0.24054,0.24464,0.23934,0.24186
1691701200,0.24186,0.24686,0.2399,0.24654
1691960400,0.24654,0.2466,0.24184,0.24274
1692046800,0.24274,0.24524,0.23946,0.24026
1692133200,0.24026,0.24532,0.23872,0.24446
1692219600,0.24446,0.24986,0.24178,0.24182
1692306000,0.24182,0.24224,0.239,0.2404
1692565200,0.2404,0.24368,0.2359,0.23652
1692651600,0.23652,0.2391,0.23516,0.2358
1692738000,0.2358,0.24428,0.2328,0.2416
1692824400,0.2416,0.24564,0.2383,0.24482
1692910800,0.24482,0.25082,0.24298,0.25072
1693170000,0.25072,0.2582,0.24976,0.258
1693256400,0.258,0.25866,0.25402,0.25664
1693342800,0.25664,0.26072,0.25406,0.2542
1693429200,0.2542,0.25788,0.25188,0.2525
1693515600,0.2525,0.26024,0.25216,0.26024
1693861200,0.26024,0.27086,0.25806,0.26754
1693947600,0.26754,0.27036,0.2613,0.26316
1694034000,0.26316,0.27014,0.26074,0.26978
1694120400,0.26978,0.2723,0.26238,0.2652
1694379600,0.2652,0.26594,0.26066,0.26508
1694466000,0.26508,0.2736,0.26196,0.26852
1694552400,0.26852,0.27,0.2654,0.26726
1694638800,0.26726,0.27226,0.26702,0.2696
1694725200,0.2696,0.27674,0.2685,0.2688
1694984400,0.2688,0.27334,0.26522,0.27172
1695070800,0.27172,0.27688,0.27088,0.2749
1695157200,0.2749,0.2749,0.26856,0.27034
1695243600,0.27034,0.2715,0.26766,0.27056
1695330000,0.27056,0.27424,0.26878,0.27132
1695589200,0.27132,0.27132,0.26334,0.26384
1695675600,0.26384,0.2656,0.26022,0.26048
1695762000,0.26048,0.26432,0.25998,0.26162
1695848400,0.26162,0.26904,0.26044,0.2682
1695934800,0.2682,0.26924,0.262,0.26344
1696194000,0.26344,0.2662,0.26094,0.26178
1696280400,0.26178,0.26274,0.25438,0.25474
1696366800,0.25474,0.261,0.25172,0.25792
1696453200,0.25792,0.2625,0.2562,0.26028
1696539600,0.26028,0.26664,0.25978,0.26614
1696798800,0.26614,0.27116,0.26528,0.271
1696885200,0.271,0.271,0.2663,0.26938
1696971600,0.26938,0.27018,0.26162,0.26172
1697058000,0.26172,0.26592,0.26094,0.26224
1697144400,0.26224,0.2702,0.26204,0.26946
1697403600,0.26946,0.26946,0.26656,0.26854
1697490000,0.26854,0.27412,0.2681,0.27318
1697576400,0.27318,0.27508,0.27026,0.27304
1697662800,0.27304,0.27304,0.26718,0.27106
1697749200,0.27106,0.27106,0.2666,0.26684
1698008400,0.26684,0.2743,0.26354,0.2738
1698094800,0.2738,0.276,0.27182,0.2745
1698181200,0.2745,0.2785,0.27148,0.27526
1698267600,0.27526,0.27642,0.26866,0.26876
1698354000,0.26876,0.27364,0.26866,0.27254
1698613200,0.27254,0.27338,0.26526,0.26562
1698699600,0.26562,0.2701,0.26558,0.2698
1698786000,0.2698,0.27548,0.2698,0.2744
1698872400,0.2744,0.2758,0.26972,0.2738
1698958800,0.2738,0.2769,0.27202,0.2766
1699221600,0.2766,0.27938,0.27544,0.27828
1699308000,0.27828,0.28008,0.27396,0.27412
1699394400,0.27412,0.27452,0.2706,0.27098
1699480800,0.27098,0.27782,0.2708,0.27652
1699567200,0.27652,0.27738,0.27082,0.2719
1699826400,0.2719,0.27622,0.2705,0.27592
1699912800,0.27592,0.27682,0.27016,0.2708
1699999200,0.2708,0.27246,0.26908,0.27082
1700085600,0.27082,0.27296,0.26904,0.27078
1700172000,0.27078,0.27198,0.2689,0.27084
1700431200,0.27084,0.2748,0.26962,0.2745
1700517600,0.2745,0.27662,0.27372,0.27606
1700604000,0.27606,0.27642,0.27054,0.27064
1700776800,0.27064,0.2727,0.26708,0.26788
1701036000,0.26788,0.2719,0.26702,0.27046
1701122400,0.27046,0.2714,0.26702,0.26858
1701208800,0.26858,0.27022,0.26708,0.26734
1701295200,0.26734,0.26734,0.25808,0.25868
1701381600,0.25868,0.26028,0.24862,0.24988
1701640800,0.24988,0.25882,0.24496,0.25742
1701727200,0.25742,0.25778,0.24728,0.24876
1701813600,0.24876,0.24876,0.22864,0.23044
1701900000,0.23044,0.23832,0.22776,0.22926
1701986400,0.22926,0.23514,0.22926,0.23326
1702245600,0.23326,0.23402,0.22098,0.22472
1702332000,0.22472,0.22582,0.21416,0.22442
1702418400,0.22442,0.2304,0.21756,0.21834
1702504800,0.21834,0.22204,0.21098,0.2219
1702591200,0.2219,0.22514,0.21698,0.21926
1702850400,0.21926,0.21926,0.21202,0.21316
1702936800,0.21316,0.21552,0.20788,0.21346
1703023200,0.21346,0.21602,0.2077,0.20834
1703109600,0.20834,0.20834,0.20078,0.20352
1703196000,0.20352,0.21016,0.20178,0.20526
1703541600,0.20526,0.20714,0.19976,0.20426
1703628000,0.20426,0.2087,0.20102,0.20576
1703714400,0.20576,0.21848,0.20406,0.21814
1703800800,0.21814,0.21818,0.20278,0.20418
1704146400,0.20418,0.21324,0.20418,0.20816
1704232800,0.20816,0.21344,0.20666,0.20852
1704319200,0.20852,0.21196,0.20816,0.21102
1704405600,0.21102,0.21156,0.20558,0.21048
1704664800,0.21048,0.21738,0.21048,0.21708
1704751200,0.21708,0.21908,0.215,0.21564
1704837600,0.21564,0.2188,0.21322,0.21356
1704924000,0.21356,0.2187,0.21282,0.21792
1705010400,0.21792,0.21902,0.21522,0.21598
1705356000,0.21598,0.22594,0.21598,0.2253
1705442400,0.2253,0.22644,0.22176,0.2232
1705528800,0.2232,0.23126,0.22262,0.23066
1705615200,0.23066,0.23704,0.23006,0.2353
1705874400,0.2353,0.23698,0.23398,0.23464
1705960800,0.23464,0.23838,0.2322,0.23688
1706047200,0.23688,0.24498,0.23426,0.24428
1706133600,0.24428,0.2458,0.2388,0.23926
1706220000,0.23926,0.24276,0.23612,0.23806
1706479200,0.23806,0.24264,0.23396,0.23466
1706565600,0.23466,0.23986,0.23266,0.23976
1706652000,0.23976,0.24146,0.23736,0.24032
1706738400,0.24032,0.24202,0.23432,0.23462
1706824800,0.23462,0.23988,0.23298,0.23918
1707084000,0.23918,0.2396,0.23406,0.23516
1707170400,0.23516,0.23892,0.23008,0.23552
1707256800,0.23552,0.24392,0.23552,0.23788
1707343200,0.23788,0.24034,0.23534,0.23924
1707429600,0.23924,0.24394,0.2384,0.23976
1707688800,0.23976,0.23978,0.23508,0.23574
1707775200,0.23574,0.23624,0.2322,0.2326
1707861600,0.2326,0.2354,0.2278,0.23338
1707948000,0.23338,0.23344,0.22776,0.22808
1708034400,0.22808,0.23456,0.22752,0.23138
1708380000,0.23138,0.23138,0.22452,0.2281
1708466400,0.2281,0.22976,0.22452,0.22862
1708552800,0.22862,0.22862,0.22068,0.22712
1708639200,0.22712,0.22902,0.22254,0.22284
1708898400,0.22284,0.22988,0.22116,0.22654
1708984800,0.22654,0.23444,0.2264,0.23026
1709071200,0.23026,0.2336,0.23026,0.23134
1709157600,0.23134,0.2314,0.22004,0.22188
1709244000,0.22188,0.22336,0.21404,0.21454
1709503200,0.21454,0.21842,0.20964,0.20984
1709589600,0.20984,0.21558,0.20938,0.21262
1709676000,0.21262,0.2209,0.21114,0.21846
1709762400,0.21846,0.2187,0.21264,0.21696
1709848800,0.21696,0.2179,0.21404,0.2157
1710104400,0.2157,0.22378,0.21516,0.22348
1710190800,0.22348,0.22474,0.22138,0.223
1710277200,0.223,0.22548,0.21724,0.22362
1710363600,0.22362,0.22592,0.2201,0.22156
1710450000,0.22156,0.225,0.22076,0.22494
1710709200,0.22494,0.22682,0.22274,0.22496
1710795600,0.22496,0.22502,0.2179,0.21864
1710882000,0.21864,0.22106,0.21438,0.22096
1710968400,0.22096,0.22494,0.22096,0.22336
1711054800,0.22336,0.22528,0.2205,0.22162
1711314000,0.22162,0.22398,0.22,0.2225
1711400400,0.2225,0.22748,0.22224,0.22678
1711486800,0.22678,0.22678,0.22024,0.22458
1711573200,0.22458,0.22844,0.22356,0.22774
1711918800,0.22774,0.23136,0.22764,0.22878
1712005200,0.22878,0.23134,0.22496,0.22532
1712091600,0.22532,0.22848,0.22252,0.22424
1712178000,0.22424,0.2267,0.22316,0.22466
1712264400,0.22466,0.22682,0.21996,0.22126
1712523600,0.22126,0.22392,0.2172,0.21724
1712610000,0.21724,0.21864,0.21542,0.21612
1712696400,0.21612,0.21924,0.21514,0.21534
1712782800,0.21534,0.21674,0.20966,0.20986
1712869200,0.20986,0.21094,0.2053,0.20572
1713128400,0.20572,0.20728,0.20226,0.20238
1713214800,0.20238,0.20254,0.19558,0.19894
1713301200,0.19894,0.19932,0.19482,0.19614
1713387600,0.19614,0.20108,0.19614,0.19934
1713474000,0.19934,0.20156,0.19694,0.1996
1713733200,0.1996,0.203,0.19912,0.19942
1713819600,0.19942,0.20182,0.19886,0.20018
1713906000,0.20018,0.20154,0.19882,0.19992
1713992400,0.19992,0.19992,0.19326,0.19498
1714078800,0.19498,0.19972,0.1936,0.19472
1714338000,0.19472,0.20156,0.19426,0.20106
1714424400,0.20106,0.20174,0.19592,0.19754
1714510800,0.19754,0.19792,0.19418,0.19546
1714597200,0.19546,0.19806,0.19418,0.1957
1714683600,0.1957,0.1983,0.19496,0.1961
1714942800,0.1961,0.19812,0.19438,0.19792
1715029200,0.19792,0.20294,0.19676,0.20248
1715115600,0.20248,0.20248,0.19802,0.19912
1715202000,0.19912,0.20146,0.19684,0.19856
1715288400,0.19856,0.19878,0.19526,0.19546
1715547600,0.19546,0.19602,0.1883,0.1885
1715634000,0.1885,0.192,0.18552,0.19114
1715720400,0.19114,0.19166,0.1874,0.1887
1715806800,0.1887,0.1887,0.18188,0.1853
1715893200,0.1853,0.1867,0.18282,0.18312
1716152400,0.18312,0.1899,0.18264,0.18884
1716238800,0.18884,0.1897,0.18636,0.18768
1716325200,0.18768,0.18794,0.18398,0.18398
1716411600,0.18398,0.18758,0.18398,0.18464
1716498000,0.18464,0.1866,0.18216,0.1861
1716843600,0.1861,0.18962,0.1861,0.18872
1716930000,0.18872,0.18892,0.18382,0.18492
1717016400,0.18492,0.18514,0.18306,0.18326
1717102800,0.18326,0.18604,0.18182,0.18462
1717362000,0.18462,0.1898,0.18372,0.1891
1717448400,0.1891,0.19026,0.18774,0.19004
1717534800,0.19004,0.19292,0.1885,0.19282
1717621200,0.19282,0.19448,0.19196,0.19376
1717707600,0.19376,0.19484,0.18878,0.19068
1717966800,0.19068,0.19396,0.187,0.1871
1718053200,0.1871,0.19038,0.18692,0.18836
1718139600,0.18836,0.19274,0.18836,0.19188
1718226000,0.19188,0.19724,0.19148,0.19674
1718312400,0.19674,0.19694,0.19392,0.19492
1718571600,0.19492,0.19492,0.1887,0.1911
1718658000,0.1899,0.1928,0.1895,0.1901
1718830800,0.19228,0.1957,0.19008,0.19098
1718917200,0.19088,0.19274,0.19018,0.19228
1719176400,0.19172,0.19788,0.19146,0.19768
1719262800,0.19778,0.19778,0.19276,0.19586
1719349200,0.19576,0.19716,0.19346,0.19576
1719435600,0.19556,0.20388,0.19536,0.20288
1719522000,0.20298,0.20522,0.20006,0.20348
1719781200,0.2036,0.20466,0.20116,0.20226
1719867600,0.2015,0.20826,0.19984,0.20666
1719954000,0.2064,0.20786,0.20506,0.20556
1720126800,0.20504,0.20714,0.20152,0.20152
1720386000,0.20092,0.20412,0.1988,0.20252
1720472400,0.20306,0.20332,0.1966,0.197
1720558800,0.1965,0.2016,0.1957,0.1983
1720645200,0.1988,0.1994,0.19438,0.19438
1720731600,0.19498,0.19568,0.19228,0.19268
1720990800,0.19206,0.19856,0.19136,0.19796
1721077200,0.19882,0.19886,0.19576,0.19646
1721163600,0.1953,0.19546,0.19194,0.19394
1721250000,0.19334,0.19414,0.18844,0.19024
1721336400,0.18948,0.19014,0.18592,0.18702
1721595600,0.1867,0.18772,0.1829,0.1835
1721682000,0.1837,0.1844,0.1812,0.182
1721768400,0.18234,0.1834,0.17894,0.17968
1721854800,0.18094,0.1873,0.18078,0.187
1721941200,0.1877,0.1877,0.18358,0.18498
1722200400,0.18648,0.19078,0.18648,0.19032
1722286800,0.19008,0.19168,0.18848,0.19158
1722373200,0.19288,0.19348,0.18776,0.19026
1722459600,0.19066,0.19242,0.18426,0.18616
1722546000,0.1865,0.187,0.18034,0.18144
1722805200,0.18012,0.18374,0.17682,0.18052
1722891600,0.18098,0.18138,0.17802,0.17882
1722978000,0.17906,0.18282,0.17832,0.18132
1723064400,0.18062,0.18872,0.17972,0.18572
1723150800,0.18522,0.18896,0.18342,0.18522
1723410000,0.1854,0.1875,0.1826,0.1838
1723496400,0.1848,0.1872,0.1833,0.1838
1723582800,0.18364,0.18458,0.17938,0.18018
1723669200,0.18032,0.18108,0.17838,0.17872
1723755600,0.17878,0.18362,0.17868,0.18108
1724014800,0.17986,0.18142,0.17946,0.18036
1724101200,0.1805,0.18056,0.17544,0.17604
1724187600,0.17574,0.17754,0.17544,0.17724
1724274000,0.17694,0.1808,0.1767,0.17844
1724360400,0.17944,0.18444,0.17934,0.18414
1724619600,0.18734,0.19184,0.18724,0.19084
1724706000,0.19174,0.19674,0.18618,0.19674
1724792400,0.19578,0.19632,0.19142,0.19602
1724878800,0.19532,0.19982,0.19492,0.19862
1724965200,0.19882,0.19962,0.19302,0.19442
1725310800,0.1913,0.1977,0.1911,0.194
1725397200,0.194,0.19554,0.19088,0.19274
1725483600,0.19428,0.19578,0.19168,0.19278
1725570000,0.19328,0.19618,0.18852,0.18898
1725829200,0.19026,0.19042,0.18616,0.18826
1725915600,0.1879,0.18876,0.18446,0.18446
1726002000,0.1847,0.1898,0.18464,0.18744
1726088400,0.1877,0.19244,0.18704,0.19054
1726174800,0.19074,0.1943,0.18934,0.18944
1726434000,0.19002,0.19442,0.18852,0.19202
1726520400,0.19272,0.20162,0.19072,0.20014
1726606800,0.19972,0.2136,0.19868,0.21086
1726693200,0.21092,0.21766,0.2095,0.21726
1726779600,0.21894,0.22494,0.21758,0.22288
1727038800,0.22064,0.22698,0.21976,0.22228
1727125200,0.22126,0.22858,0.22126,0.2275
1727211600,0.22746,0.23072,0.22492,0.23068
1727298000,0.23088,0.23216,0.2277,0.22804
1727384400,0.2256,0.2257,0.22022,0.22258
1727643600,0.2218,0.22304,0.21774,0.22146
1727730000,0.22006,0.2267,0.21898,0.22632
1727816400,0.22638,0.22766,0.22088,0.22274
1727902800,0.22228,0.2294,0.22016,0.22832
1727989200,0.23022,0.2305,0.22354,0.2261
1728248400,0.22508,0.22734,0.21958,0.22106
1728334800,0.2191,0.2231,0.21846,0.22074
1728421200,0.22154,0.22154,0.21422,0.21692
1728507600,0.21644,0.21966,0.21502,0.21788
1728594000,0.21804,0.22312,0.21564,0.2189
1728853200,0.21876,0.22222,0.21694,0.22016
1728939600,0.21968,0.2251,0.2184,0.225
1729026000,0.22462,0.2259,0.21636,0.21666
1729112400,0.21682,0.21974,0.21382,0.21856
1729198800,0.21886,0.2229,0.2177,0.21828
1729458000,0.21904,0.22012,0.21314,0.2152
1729544400,0.21498,0.21714,0.21242,0.21414
1729630800,0.21614,0.22096,0.2154,0.22028
1729717200,0.22124,0.22246,0.21804,0.21824
1729803600,0.21874,0.22004,0.216,0.21796
1730062800,0.21794,0.21824,0.21374,0.21686
1730149200,0.21708,0.21914,0.2159,0.21796
1730235600,0.21936,0.22114,0.21562,0.21908
1730322000,0.21856,0.22502,0.2181,0.22482
1730408400,0.22538,0.22662,0.21676,0.21746
1730671200,0.21746,0.2184,0.21308,0.21614
1730757600,0.21566,0.21716,0.2139,0.21568
1730844000,0.21392,0.21808,0.21324,0.21768
1730930400,0.21908,0.22194,0.21858,0.21958
1731016800,0.2194,0.22038,0.21472,0.21496
1731276000,0.21562,0.2168,0.20862,0.2103
1731362400,0.2104,0.21352,0.20932,0.21102
1731448800,0.21078,0.2128,0.2061,0.2093
1731535200,0.20948,0.2155,0.20612,0.21362
1731621600,0.2129,0.21652,0.21162,0.21346
1731880800,0.21426,0.22054,0.21426,0.2195
1731967200,0.21912,0.22156,0.21544,0.21732
1732053600,0.21708,0.21832,0.2125,0.21408
1732140000,0.2137,0.21512,0.21024,0.21142
1732226400,0.2111,0.21362,0.21026,0.2115
1732485600,0.21132,0.21186,0.20886,0.20926
1732572000,0.20946,0.2153,0.20896,0.21412
1732658400,0.21468,0.2176,0.21306,0.21404
1732831200,0.2135,0.2135,0.20796,0.2087
1733090400,0.20896,0.2104,0.20496,0.20902
1733176800,0.20974,0.2137,0.20884,0.21142
1733263200,0.21124,0.21194,0.20956,0.20972
1733349600,0.20938,0.21048,0.20622,0.21048
1733436000,0.21118,0.21644,0.20932,0.21556
1733695200,0.21548,0.21702,0.21156,0.21296
1733781600,0.21188,0.21238,0.20634,0.20882
1733868000,0.20824,0.21162,0.20632,0.21132
1733954400,0.21114,0.21224,0.2054,0.20748
1734040800,0.2069,0.2078,0.20394,0.20542
1734300000,0.20504,0.20716,0.20262,0.205
1734386400,0.2053,0.20542,0.196,0.1965
1734472800,0.197,0.1975,0.19394,0.19454
1734559200,0.1933,0.19514,0.19108,0.19258
1734645600,0.19318,0.19438,0.1915,0.19338
1734904800,0.19468,0.19632,0.19266,0.19376
1734991200,0.19396,0.19664,0.19358,0.19358
1735164000,0.19286,0.19322,0.19034,0.19124
1735250400,0.19076,0.19314,0.1904,0.19226
1735509600,0.19256,0.1952,0.18924,0.18984
1735596000,0.18994,0.19214,0.18916,0.19164
1735768800,0.19138,0.19804,0.19088,0.19546
1735855200,0.19598,0.19628,0.193,0.19498
1736114400,0.1959,0.19674,0.19188,0.19198
1736200800,0.19218,0.19558,0.1919,0.19388
1736287200,0.19414,0.1942,0.19062,0.19062
1736373600,0.19104,0.19134,0.18736,0.19016
1736460000,0.19066,0.19364,0.18858,0.19106
1736719200,0.19052,0.19088,0.18646,0.18756
1736805600,0.18786,0.18816,0.1815,0.1819
1736892000,0.18098,0.18342,0.17834,0.17934
1736978400,0.18074,0.18612,0.18034,0.18304
1737064800,0.18326,0.1833,0.17938,0.18108
1737410400,0.1793,0.18164,0.17498,0.17668
1737496800,0.17688,0.18198,0.17668,0.18098
1737583200,0.18128,0.18688,0.18128,0.18658
1737669600,0.1861,0.19068,0.186,0.18978
1737928800,0.19014,0.19502,0.18914,0.19054
1738015200,0.19096,0.19326,0.18922,0.19196
1738101600,0.19268,0.19426,0.19148,0.19368
1738188000,0.1941,0.1949,0.1914,0.194
1738274400,0.19382,0.19422,0.19044,0.19342
1738533600,0.19424,0.19468,0.1892,0.1917
1738620000,0.19142,0.1965,0.19136,0.1965
1738706400,0.19672,0.19722,0.19512,0.19692
1738792800,0.1969,0.20134,0.19466,0.19476
1738879200,0.19546,0.19722,0.19258,0.19278
1739138400,0.19354,0.19744,0.1927,0.19514
1739224800,0.19506,0.19924,0.19486,0.19908
1739311200,0.19863,0.20098,0.19698,0.19909
1739397600,0.19983,0.2044,0.19928,0.2038
1739484000,0.20356,0.20779,0.20307,0.20733
1739829600,0.20772,0.20837,0.20613,0.20634
1739916000,0.20599,0.2096,0.20594,0.20881
1740002400,0.20852,0.21279,0.20846,0.21268
1740088800,0.21184,0.2145,0.21082,0.21407
1740348000,0.21332,0.21396,0.20921,0.20921
1740434400,0.20865,0.21381,0.20811,0.21359
1740520800,0.21356,0.21356,0.20868,0.20941
1740607200,0.20938,0.21066,0.20067,0.20203
1740693600,0.20168,0.20242,0.19659,0.19744
1740952800,0.19604,0.19743,0.193,0.19426
1741039200,0.19328,0.1943,0.19068,0.19278
1741125600,0.19286,0.19647,0.19243,0.19316
1741212000,0.19298,0.19403,0.1892,0.19332
1741298400,0.19479,0.19546,0.19304,0.19407
1741554000,0.19517,0.20056,0.19363,0.19874
1741640400,0.20024,0.20082,0.19591,0.19631
1741726800,0.19728,0.20138,0.19691,0.19853
1741813200,0.1986,0.20274,0.19754,0.20253
1741899600,0.20134,0.20312,0.19729,0.20189
1742158800,0.20164,0.20952,0.20164,0.2089
1742245200,0.20844,0.21026,0.20684,0.20846
1742331600,0.20854,0.20966,0.2044,0.2051
1742418000,0.20486,0.20952,0.20444,0.20866
1742504400,0.20783,0.2094,0.2052,0.20525
1742763600,0.20482,0.20488,0.20008,0.20058
1742850000,0.20082,0.2036,0.1996,0.20334
1742936400,0.20366,0.20388,0.19956,0.2009
1743022800,0.19977,0.20072,0.19636,0.19783
1743109200,0.19722,0.19896,0.19592,0.19674
1743368400,0.19568,0.19939,0.1934,0.19466
1743454800,0.19444,0.20002,0.19444,0.19992
1743541200,0.19938,0.20218,0.19666,0.20156
1743627600,0.1986,0.20112,0.1951,0.1962
1743714000,0.19531,0.19594,0.19294,0.19446
1743973200,0.19228,0.1953,0.19092,0.19138
1744059600,0.1912,0.19314,0.18698,0.18718
1744146000,0.1862,0.18762,0.1828,0.1828
1744232400,0.1841,0.1885,0.1841,0.185
1744318800,0.18534,0.18682,0.18284,0.18362
1744578000,0.18318,0.18436,0.18124,0.18182
1744664400,0.18246,0.18246,0.17898,0.1793
1744750800,0.17884,0.18252,0.17864,0.18252
1744837200,0.18278,0.1839,0.18196,0.18276
1745182800,0.18276,0.18526,0.18146,0.18166
1745269200,0.1812,0.18498,0.18058,0.18426
1745355600,0.18452,0.18534,0.18194,0.18358
1745442000,0.18369,0.18394,0.18168,0.1831
1745528400,0.18326,0.18652,0.18262,0.18615
1745787600,0.18602,0.18622,0.18078,0.18252
1745874000,0.18238,0.1837,0.17866,0.17988
1745960400,0.17892,0.1826,0.17604,0.17634
1746046800,0.1762,0.17762,0.17476,0.17556
1746133200,0.17592,0.17672,0.17356,0.17652
1746392400,0.17652,0.17908,0.17592,0.17826
1746478800,0.1778,0.18016,0.17748,0.17788
1746565200,0.17702,0.17744,0.17426,0.17496
1746651600,0.17512,0.17898,0.17394,0.17878
1746738000,0.17934,0.18248,0.1779,0.18166
1746997200,0.1826,0.18422,0.17952,0.17982
1747083600,0.1806,0.18618,0.17938,0.18526
1747170000,0.18552,0.18612,0.18256,0.18396
1747256400,0.1829,0.18312,0.17882,0.17982
1747342800,0.17938,0.1809,0.17722,0.17844
1747602000,0.17812,0.17978,0.17694,0.17742
1747688400,0.17728,0.17818,0.17522,0.17664
1747774800,0.1767,0.18044,0.17618,0.17994
1747861200,0.17868,0.17958,0.17582,0.17632
1747947600,0.17526,0.17606,0.17464,0.17564
1748293200,0.17576,0.17692,0.17296,0.17476
1748379600,0.17438,0.17462,0.17066,0.17106
1748466000,0.17092,0.17348,0.1702,0.1724
1748552400,0.17248,0.17438,0.17206,0.17306
1748811600,0.17298,0.1756,0.17024,0.17064
1748898000,0.1704,0.17138,0.16836,0.17118
1748984400,0.17104,0.17254,0.169,0.1692
1749070800,0.16906,0.16906,0.16622,0.16802
1749157200,0.16672,0.16718,0.16474,0.16674
1749416400,0.16618,0.16878,0.16556,0.16838
1749502800,0.16794,0.16944,0.16548,0.1658
1749589200,0.16536,0.16714,0.16454,0.16566
1749675600,0.16588,0.16598,0.16362,0.1647
1749762000,0.1658,0.16658,0.16276,0.16286
1750021200,0.16292,0.16774,0.16144,0.16764
1750107600,0.16638,0.16668,0.16176,0.16186
1750194000,0.16152,0.16316,0.1597,0.161
1750366800,0.16404,0.16488,0.16212,0.16302
1750626000,0.16396,0.16544,0.16268,0.16298
1750712400,0.1631,0.16488,0.16054,0.16112
1750798800,0.16124,0.1642,0.16084,0.16402
1750885200,0.16368,0.16374,0.16028,0.16176
1750971600,0.16248,0.16574,0.16178,0.16466
1751230800,0.16516,0.16516,0.15938,0.15968
1751317200,0.1596,0.1599,0.15348,0.15536
1751403600,0.15606,0.15764,0.15252,0.1535
1751490000,0.15362,0.16192,0.15254,0.16192
1751835600,0.1617,0.1626,0.15886,0.16054
1751922000,0.16034,0.16174,0.15918,0.15936
1752008400,0.15908,0.16424,0.15898,0.16364
1752094800,0.16302,0.16302,0.1604,0.1608
1752181200,0.16066,0.16408,0.16022,0.16388
1752440400,0.16394,0.16484,0.16098,0.16128
1752526800,0.1614,0.16428,0.1612,0.16378
1752613200,0.1639,0.16488,0.16232,0.1637
1752699600,0.16422,0.16698,0.16412,0.1658
1752786000,0.16626,0.1684,0.16532,0.16612
1753045200,0.16628,0.16672,0.16194,0.16214
1753131600,0.16244,0.16344,0.15948,0.16102
1753218000,0.16048,0.16178,0.1588,0.16108
1753304400,0.1618,0.16478,0.161,0.16408
1753390800,0.1647,0.1647,0.16084,0.16124
1753650000,0.1614,0.16378,0.1608,0.16298
1753736400,0.1631,0.16598,0.16236,0.1641
1753822800,0.16402,0.16432,0.16234,0.16318
1753909200,0.16324,0.16474,0.16146,0.16216
1753995600,0.16228,0.16288,0.1599,0.1604
1754254800,0.16056,0.16334,0.16046,0.16126
1754341200,0.16128,0.16128,0.158,0.1596
1754427600,0.1602,0.1604,0.15882,0.15922
1754514000,0.15924,0.16152,0.15844,0.15914
1754600400,0.15936,0.16224,0.15906,0.16164
1754859600,0.1629,0.1646,0.162,0.1644
1754946000,0.16442,0.16928,0.16422,0.1684
1755032400,0.1684,0.16902,0.16672,0.16722
1755118800,0.16664,0.16664,0.16406,0.16486
1755205200,0.16458,0.16518,0.1625,0.1637
1755464400,0.16266,0.16396,0.16108,0.16148
1755550800,0.16178,0.16348,0.1614,0.162
1755637200,0.1622,0.1659,0.1622,0.1649
1755723600,0.16506,0.16512,0.16264,0.16284
1755810000,0.16246,0.1642,0.16186,0.16356
1756069200,0.16392,0.16482,0.16222,0.16302
1756155600,0.16274,0.16424,0.16234,0.1635
1756242000,0.16386,0.16446,0.16276,0.16386
1756328400,0.16318,0.16448,0.1624,0.1643
1756414800,0.1642,0.1643,0.16262,0.16272
1756760400,0.1636,0.1641,0.16062,0.16072
1756846800,0.16094,0.16164,0.15954,0.15994
1756933200,0.15996,0.16006,0.15608,0.15638
1757019600,0.156,0.1566,0.1546,0.1552
1757278800,0.15536,0.15646,0.15348,0.1559
1757365200,0.15606,0.15834,0.15602,0.15824
1757451600,0.15836,0.15952,0.15682,0.15866
1757538000,0.15858,0.15926,0.15706,0.15802
1757624400,0.15796,0.15902,0.15695,0.15869
1757883600,0.15952,0.16184,0.15866,0.1602
1757970000,0.15931,0.1607,0.1586,0.1589
1758056400,0.15902,0.1594,0.15596,0.15606
1758142800,0.15608,0.15618,0.15262,0.15494
1758229200,0.15501,0.1568,0.15392,0.15541
1758488400,0.15556,0.15662,0.1524,0.1524
1758574800,0.15295,0.1557,0.15166,0.1556
1758661200,0.15587,0.1566,0.15506,0.15506
1758747600,0.15528,0.15694,0.15374,0.15684
1758834000,0.15648,0.15832,0.156,0.15726
1759093200,0.15776,0.15892,0.1565,0.15796
1759179600,0.1577,0.1608,0.15712,0.15992
1759266000,0.16014,0.16024,0.15466,0.15562
1759352400,0.15584,0.15942,0.15584,0.15818
1759438800,0.15878,0.16004,0.1582,0.15908
1759698000,0.15971,0.16238,0.15928,0.162
1759784400,0.16182,0.16288,0.15826,0.16078
1759870800,0.1607,0.16158,0.15706,0.15744
1759957200,0.15756,0.15828,0.15612,0.1571
1760043600,0.1573,0.1579,0.15432,0.15568
1760302800,0.15593,0.15608,0.15018,0.15058
1760389200,0.14992,0.15414,0.14858,0.15342
1760475600,0.15306,0.15354,0.15026,0.15152
1760562000,0.15202,0.15354,0.15078,0.1533
1760648400,0.15312,0.15334,0.14956,0.15014
1760907600,0.15039,0.15278,0.15024,0.15238
1760994000,0.15314,0.15314,0.14632,0.14748
1761080400,0.14798,0.14954,0.14568,0.14664
1761166800,0.14769,0.14954,0.14716,0.14756
1761253200,0.14778,0.14806,0.14478,0.14508
1761512400,0.14516,0.14526,0.13916,0.14052
1761598800,0.14132,0.14152,0.13852,0.13968
1761685200,0.1399,0.14126,0.13796,0.14
1761771600,0.13906,0.13994,0.13674,0.1384
1761858000,0.13948,0.14066,0.13794,0.13988
1762120800,0.13964,0.1431,0.13958,0.14262
1762207200,0.14274,0.14292,0.1374,0.13788
1762293600,0.1381,0.13923,0.13664,0.13724
1762380000,0.13678,0.14038,0.13658,0.13806
1762466400,0.13768,0.13974,0.13682,0.1374
1762725600,0.1375,0.14032,0.1375,0.13878
1762812000,0.1383,0.14084,0.13802,0.139
1762898400,0.13902,0.14176,0.13814,0.14176
1762984800,0.14208,0.14382,0.13994,0.14062
1763071200,0.14036,0.1466,0.13986,0.14572
1763330400,0.14514,0.14544,0.1428,0.14418
1763416800,0.1445,0.14508,0.14264,0.14344
1763503200,0.14278,0.14678,0.14268,0.14308
1763589600,0.14354,0.14448,0.14234,0.14312
1763676000,0.14378,0.14472,0.14216,0.14422
1763935200,0.1446,0.14608,0.14364,0.14512
1764021600,0.14514,0.14616,0.14456,0.14564
1764108000,0.14576,0.1484,0.14526,0.14772
1764280800,0.14798,0.14946,0.1474,0.14858
1764540000,0.14808,0.14848,0.14418,0.14438
1764626400,0.1445,0.1474,0.14406,0.14648
1764712800,0.1463,0.14778,0.14554,0.14612
1764799200,0.14584,0.14682,0.14482,0.14586
1764885600,0.14558,0.14706,0.14432,0.14522
1765144800,0.1453,0.1463,0.14422,0.14552
1765231200,0.14538,0.14592,0.14242,0.14388
1765317600,0.14416,0.14726,0.1437,0.14618
1765404000,0.1463,0.1469,0.14542,0.14582
1765490400,0.14624,0.14968,0.14624,0.1482
1765749600,0.14782,0.1485,0.14518,0.14664
1765836000,0.14648,0.14796,0.14512,0.1458
1765922400,0.14552,0.14622,0.14466,0.14496
1766008800,0.14518,0.14546,0.14136,0.14224
1766095200,0.1424,0.1461,0.14226,0.1461
1766354400,0.1464,0.14838,0.1461,0.14768
1766440800,0.14772,0.1499,0.14732,0.1493
1766527200,0.14932,0.15092,0.14912,0.15052
1766700000,0.15052,0.15052,0.14912,0.14932
1766959200,0.1495,0.1511,0.14892,0.15022
1767045600,0.14974,0.15034,0.1459,0.1464
1767132000,0.14632,0.14998,0.14594,0.14752
1767304800,0.1471,0.14832,0.14376,0.14404
1767564000,0.14434,0.14652,0.14424,0.14534
1767650400,0.14486,0.14636,0.14438,0.14576
1767736800,0.14524,0.14846,0.14524,0.14778
1767823200,0.1473,0.1489,0.14726,0.14772
1767909600,0.14788,0.14804,0.14606,0.14706
1768168800,0.14706,0.1477,0.14548,0.14668
1768255200,0.14656,0.1483,0.14612,0.14682
1768341600,0.14714,0.14812,0.14476,0.14486
1768428000,0.1445,0.14518,0.14262,0.14432
1768514400,0.14482,0.1484,0.14454,0.1483
1768860000,0.14804,0.14834,0.14568,0.14588
1768946400,0.1461,0.1476,0.1453,0.1462
1769032800,0.14614,0.14842,0.14604,0.14822
1769119200,0.14824,0.14844,0.14598,0.14608
1769378400,0.14668,0.14748,0.14558,0.14658
1769464800,0.14652,0.1489,0.14632,0.14722
1769551200,0.14704,0.14754,0.14566,0.14616
1769637600,0.14618,0.14698,0.145,0.1461
1769724000,0.14592,0.14592,0.14058,0.14166
1769983200,0.14066,0.14256,0.14048,0.14148
1770069600,0.1418,0.14608,0.1413,0.14548
1770156000,0.14502,0.1459,0.14324,0.14334
1770242400,0.14306,0.14306,0.14118,0.14188
1770328800,0.1417,0.1422,0.14002,0.14022
1770588000,0.1414,0.1446,0.14092,0.14252
1770674400,0.14224,0.14284,0.14052,0.14072
1770760800,0.1407,0.1408,0.13802,0.13844
1770847200,0.13806,0.13872,0.13656,0.1383
1770933600,0.13836,0.13878,0.13724,0.13846
1771279200,0.1407,0.14158,0.13758,0.13758
1771365600,0.13806,0.1407,0.13774,0.14054
1771452000,0.14026,0.14138,0.13914,0.14004
1771538400,0.1391,0.14308,0.1391,0.14154
1771797600,0.14174,0.14376,0.1406,0.14294
1771884000,0.14292,0.14402,0.14198,0.14264
1771970400,0.14216,0.14338,0.14154,0.14254
1772056800,0.14242,0.14454,0.142,0.1421
1772143200,0.14238,0.14258,0.14042,0.14164
1772402400,0.14438,0.1454,0.14132,0.14152
1772488800,0.14262,0.14444,0.14158,0.14178
1772575200,0.14226,0.14318,0.1394,0.1394
1772661600,0.13938,0.14058,0.13846,0.13946
1772748000,0.13994,0.144,0.13914,0.14318
1773003600,0.1454,0.14864,0.145,0.14824
1773090000,0.14496,0.1479,0.144,0.14566
1773176400,0.14704,0.14746,0.14398,0.1445
1773262800,0.14578,0.147,0.14334,0.14648
1773349200,0.14624,0.14736,0.14512,0.14602
1773608400,0.14592,0.14632,0.14346,0.14376
1773694800,0.14424,0.14698,0.14414,0.14656
1773781200,0.14624,0.15028,0.14542,0.14996
1773867600,0.15024,0.1568,0.15004,0.156
1773954000,0.15526,0.15918,0.15496,0.15828
1774213200,0.15866,0.15916,0.15556,0.15692
1774299600,0.15658,0.16082,0.15578,0.16072
1774386000,0.15948,0.15988,0.15492,0.15692
1774472400,0.15832,0.16144,0.157,0.16002
1774558800,0.16028,0.1609,0.15826,0.15926
1774818000,0.15904,0.16246,0.1567,0.1569
1774904400,0.15662,0.15876,0.15274,0.15644
1774990800,0.15404,0.1548,0.15186,0.15398
1775077200,0.15546,0.15632,0.1504,0.1509
1775422800,0.1509,0.15254,0.14952,0.15092
1775509200,0.15126,0.1518,0.14676,0.14696
1775595600,0.1435,0.14602,0.1429,0.1434
1775682000,0.14366,0.14386,0.13992,0.14052
1775768400,0.1405,0.1414,0.13798,0.13858
1776027600,0.13984,0.1403,0.1378,0.13796
1776114000,0.13792,0.14096,0.13732,0.1409
1776200400,0.1415,0.142,0.13642,0.13652
1776286800,0.13752,0.13882,0.13672,0.13782
1776373200,0.13792,0.13842,0.1335,0.13464
1776632400,0.1352,0.13686,0.13386,0.13596
1776718800,0.13536,0.13806,0.13476,0.13666
1776805200,0.13646,0.13916,0.13636,0.13776
1776891600,0.13756,0.13936,0.13696,0.13866
1776978000,0.13866,0.14116,0.13856,0.14056
1777237200,0.14088,0.14258,0.13918,0.13958
1777323600,0.13998,0.14258,0.13988,0.14208
1777410000,0.14268,0.14758,0.14208,0.14738
1777496400,0.14698,0.14808,0.14454,0.14578
1777582800,0.14648,0.14968,0.1439,0.14928
1777842000,0.14928,0.1529,0.1482,0.1528
1777928400,0.1532,0.1546,0.1518,0.1534
1778014800,0.1531,0.1531,0.14438,0.14792
1778101200,0.14756,0.14782,0.14344,0.14532
1778187600,0.14524,0.14712,0.14434,0.14664
1778446800,0.1478,0.14954,0.1458,0.14894
1778533200,0.14994,0.15184,0.14786,0.14954
1778619600,0.14956,0.15374,0.14956,0.15354
1778706000,0.15326,0.1533,0.14896,0.14966
1778792400,0.14936,0.15036,0.14648,0.14768
1779051600,0.14848,0.14888,0.14554,0.14698
1779138000,0.1471,0.15098,0.1466,0.15
1779224400,0.14944,0.1512,0.1465,0.1473
1779310800,0.1482,0.1502,0.1476,0.1488
1779397200,0.1483,0.1488,0.14572,0.14662
1779742800,0.14564,0.14624,0.14424,0.14504
1779829200,0.1444,0.14454,0.14116,0.14116
1779915600,0.14136,0.14136,0.13846,0.13906
1780002000,0.13916,0.14326,0.13916,0.14056
1780261200,0.14148,0.14558,0.14138,0.14408
1780347600,0.14348,0.14448,0.14238,0.14358
1780434000,0.14478,0.14618,0.142,0.1421
1780520400,0.1423,0.1443,0.1413,0.1427
1780606800,0.1417,0.14484,0.1408,0.1411
1780866000,0.14296,0.14342,0.14102,0.14142
1780952400,0.14132,0.14212,0.13962,0.14122
1781038800,0.14054,0.14074,0.13854,0.13904
1781125200,0.13904,0.14004,0.13764,0.13794
1781211600,0.13754,0.1396,0.13674,0.13704
1781470800,0.13686,0.13886,0.13606,0.13636
1781557200,0.1361,0.13814,0.13524,0.13756
1781643600,0.13768,0.13962,0.13692,0.13848
1781730000,0.13875,0.13966,0.13592,0.13622
1782075600,0.13648,0.13726,0.13264,0.1336
1782162000,0.13316,0.1354,0.13276,0.13442
1782248400,0.13398,0.13602,0.1334,0.13544
1782334800,0.1347,0.13694,0.13392,0.13636
1782421200,0.1363,0.14182,0.13552,0.14046
1782680400,0.14136,0.1441,0.14002,0.14314
1782766800,0.14336,0.14452,0.14296,0.14328
1782853200,0.1439,0.14758,0.1437,0.14488
1782939600,0.1454,0.14686,0.14348,0.14358
1783285200,0.14439,0.14776,0.1425,0.14708
1783371600,0.1472,0.14838,0.14609,0.14664
1783458000,0.14726,0.1493,0.1464,0.1467
1783544400,0.14624,0.14752,0.1446,0.14704
1783630800,0.14668,0.14678,0.1429,0.14438
1783890000,0.14485,0.145,0.14218,0.14346
1783976400,0.14368,0.14584,0.14262,0.14506
1784062800,0.1451,0.14578,0.14316,0.14454
1784149200,0.14408,0.14408,0.1398,0.1403
1784235600,0.14024,0.14542,0.14004,0.14424
1784494800,0.14511,0.14526,0.1436,0.1444
1784581200,0.1453,0.14592,0.14396,0.14514
1784667600,0.14526,0.14566,0.14314,0.14392
1784754000,0.14438,0.14532,0.143,0.14328
1784840400,0.14312,0.14432,0.14196,0.14422
1785099600,0.14366,0.14406,0.1421,0.14232
1785186000,0.14216,0.14352,0.14178,0.14226
1785272400,0.1427,0.14456,0.14164,0.14184
1785358800,0.14176,0.14304,0.1406,0.1413
1785445200,0.14104,0.14456,0.14074,0.1433
1785704400,0.14382,0.14746,0.14334,0.14688
1785790800,0.1474,0.15016,0.14712,0.14752
1785877200,0.14804,0.14972,0.14766,0.1487