time,open,high,low,close
1262296800,133.269,133.497,133.269,133.347
1262556000,133.008,133.794,132.388,133.336
1262642400,133.336,133.474,131.4555,131.744
1262728800,131.744,133.488,131.265,133.013
1262815200,133.013,133.663,132.392,133.595
1262901600,133.595,134.135,132.336,133.501
1263160800,133.597,134.378,133.433,133.65
1263247200,133.65,133.818,131.637,131.793
1263333600,131.793,133.217,131.516,132.586
1263420000,132.586,133.645,131.72,132.256
1263506400,132.256,132.413,130.304,130.589
1263765600,130.305,130.9485,130.0905,130.585
1263852000,130.585,130.717,129.642,130.234
1263938400,130.234,130.326,128.408,128.693
1264024800,128.693,129.497,127.049,127.374
1264111200,127.374,128.2045,126.543,126.985
1264370400,127.752,128.136,127.0745,127.746
1264456800,127.746,128.365,125.6795,126.16
1264543200,126.16,126.3955,125.2405,126.238
1264629600,126.238,127.088,125.108,125.625
1264716000,125.625,126.751,124.824,125.135
1264975200,124.617,126.52,124.556,126.229
1265061600,126.229,126.697,125.8245,126.212
1265148000,126.212,126.982,125.975,126.414
1265234400,126.414,126.471,121.5705,122.183
1265320800,122.183,123.319,120.7,122.076
1265580000,122.253,122.783,121.566,121.824
1265666400,121.824,124.1825,121.653,123.749
1265752800,123.749,124.2755,122.6885,123.556
1265839200,123.556,124.162,122.055,122.911
1265925600,122.911,123.0965,121.3875,122.618
1266184800,122.788,122.891,122.2565,122.39
1266271200,122.39,124.473,122.309,124.125
1266357600,124.125,124.8425,123.4015,124.166
1266444000,124.166,124.4565,122.7585,124.189
1266530400,124.189,124.793,123.5465,124.575
1266789600,124.76,125.2475,123.64,123.916
1266876000,123.916,124.54,121.576,121.864
1266962400,121.864,122.621,121.62,122.047
1267048800,122.047,122.299,119.6575,120.689
1267135200,120.689,121.6565,120.5125,121.281
1267394400,121.066,121.9035,120.0695,120.858
1267480800,120.858,121.341,119.773,120.967
1267567200,120.967,121.7355,120.6125,121.168
1267653600,121.168,121.829,120.295,120.906
1267740000,120.906,123.3355,120.886,123.004
1267999200,123.328,123.9045,122.8285,123.127
1268085600,123.127,123.159,121.4655,122.357
1268172000,122.357,124.0085,121.8895,123.614
1268258400,123.614,123.9145,123.0255,123.818
1268344800,123.818,125.21,123.6915,124.69
1268600400,125.152,125.164,123.3215,123.825
1268686800,123.825,124.6225,123.2365,124.308
1268773200,124.308,125.0755,123.9265,124.064
1268859600,124.064,124.2675,122.6565,122.994
1268946000,122.994,123.3515,122.2585,122.508
1269205200,122.471,122.6295,121.0605,122.209
1269291600,122.209,122.6165,121.7565,122.024
1269378000,122.024,123.035,121.4215,122.889
1269464400,122.889,123.9015,122.2745,123.075
1269550800,123.075,124.2005,122.9875,124.061
1269810000,124.574,125.0805,124.1105,124.665
1269896400,124.665,125.4735,124.1815,124.433
1269982800,124.433,126.5715,124.416,126.265
1270069200,126.265,127.565,125.9655,127.501
1270155600,127.501,127.923,126.855,127.761
1270414800,127.795,127.928,126.938,127.25
1270501200,127.25,127.3705,125.3575,125.681
1270587600,125.681,126.1575,124.4875,124.567
1270674000,124.567,124.8425,123.4425,124.758
1270760400,124.758,125.826,124.691,125.784
1271019600,126.968,127.4615,126.587,126.738
1271106000,126.738,127.076,125.694,126.874
1271192400,126.874,127.6815,126.778,127.287
1271278800,127.287,127.6665,125.818,126.274
1271365200,126.274,126.425,123.869,124.452
1271624400,123.759,124.67,123.15,124.641
1271710800,124.641,125.627,124.487,125.231
1271797200,125.231,125.5385,124.2805,124.774
1271883600,124.774,125.1835,123.3195,124.285
1271970000,124.285,126.058,123.423,125.807
1272229200,125.499,126.3055,125.0525,125.737
1272315600,125.737,125.975,122.5725,122.878
1272402000,122.878,124.9245,122.373,124.309
1272488400,124.309,124.8815,123.7555,124.439
1272574800,124.439,125.9555,124.319,124.781
1272834000,125.342,125.443,123.986,124.731
1272920400,124.731,125.4485,122.6395,122.777
1273006800,122.777,123.3865,119.9565,120.23
1273093200,120.23,120.7245,110.547,114.335
1273179600,114.335,118.822,113.637,116.808
1273438800,119.317,122.2975,118.074,119.283
1273525200,119.283,119.432,116.905,117.308
1273611600,117.308,118.4345,116.5755,117.617
1273698000,117.617,118.7315,116.05,116.261
1273784400,116.261,117.0285,113.5075,114.357
1274043600,113.831,114.9095,112.4685,114.772
1274130000,114.772,115.4925,112.099,112.556
1274216400,112.556,113.967,110.858,113.85
1274302800,113.85,114.131,109.4725,111.992
1274389200,111.992,114.4145,111.027,113.111
1274648400,113.271,113.4,111.233,111.706
1274734800,111.706,111.715,108.834,111.384
1274821200,111.384,111.977,109.418,109.504
1274907600,109.504,112.7745,109.205,112.549
1274994000,112.549,113.684,111.3595,111.757
1275253200,111.676,112.9275,111.5515,112.3215
1275339600,112.3215,112.866,109.762,111.211
1275426000,111.211,113.0635,110.993,112.845
1275512400,112.845,114.1515,112.1295,112.747
1275598800,112.747,113.372,109.4015,109.985
1275858000,109.494,110.31,108.069,108.95
1275944400,108.95,110.063,108.3285,109.509
1276030800,109.509,110.5945,108.8595,109.369
1276117200,109.369,110.858,108.9805,110.728
1276203600,110.728,111.3905,110.292,111.007
1276462800,111.448,112.8725,111.104,111.919
1276549200,111.919,113.056,110.868,112.784
1276635600,112.784,113.3265,111.726,112.571
1276722000,112.571,113.1885,111.649,112.747
1276808400,112.747,112.8075,111.9265,112.383
1277067600,112.429,113.413,111.8475,112.175
1277154000,112.175,112.4755,110.8685,111.148
1277240400,111.148,111.3725,109.8965,110.564
1277326800,110.564,111.0165,109.5405,110.526
1277413200,110.526,110.8865,109.5825,110.402
1277672400,110.521,110.8145,109.5945,109.705
1277758800,109.705,109.8675,107.3185,107.984
1277845200,107.984,109.1255,107.6915,108.217
1277931600,108.217,109.822,107.5025,109.738
1278018000,109.738,110.726,109.47,110.247
1278277200,110.211,110.4325,109.7125,110.043
1278363600,110.043,110.8505,109.1495,110.509
1278450000,110.509,110.955,109.3165,110.842
1278536400,110.842,112.5135,110.728,112.179
1278622800,112.179,112.6725,111.5375,112.014
1278882000,112.134,112.415,111.1395,111.628
1278968400,111.628,112.931,110.6845,112.899
1279054800,112.899,113.2845,112.0265,112.662
1279141200,112.662,113.386,111.8285,113.174
1279227600,113.174,113.3585,111.5435,111.974
1279486800,111.7,113.063,111.442,112.187
1279573200,112.187,113.3495,111.4585,112.708
1279659600,112.708,112.8385,110.7845,111.025
1279746000,111.025,112.74,110.0135,112.1
1279832400,112.1,113.007,111.59,112.922
1280091600,112.781,113.4725,112.2165,112.892
1280178000,112.892,114.428,112.7845,114.232
1280264400,114.232,114.7405,113.2155,113.6625
1280350800,113.6625,114.2345,113.1855,113.506
1280437200,113.506,113.805,112.0325,112.851
1280696400,112.804,114.1875,112.7325,114.015
1280782800,114.015,114.1465,113.1075,113.501
1280869200,113.501,113.6695,112.7105,113.537
1280955600,113.537,113.9095,112.7675,113.196
1281042000,113.196,113.7055,112.5735,113.554
1281301200,113.522,113.9415,113.2875,113.63
1281387600,113.63,113.7435,112.2865,112.577
1281474000,112.577,112.618,109.6565,109.742
1281560400,109.742,110.8905,109.2335,110.19
1281646800,110.19,111.1195,109.5505,109.916
1281906000,110.013,110.2815,109.1635,109.452
1281992400,109.452,110.4335,109.0785,110.198
1282078800,110.198,110.3415,109.593,109.841
1282165200,109.841,110.1335,109.2095,109.49
1282251600,109.49,109.6245,108.2515,108.828
1282510800,108.733,108.866,107.7145,107.796
1282597200,107.796,107.817,105.435,105.974
1282683600,105.974,107.6405,105.902,107.058
1282770000,107.058,108.0095,107.032,107.392
1282856400,107.392,108.8975,106.9995,108.749
1283115600,108.887,109.5625,107.029,107.146
1283202000,107.146,107.7755,106.1755,106.759
1283288400,106.759,108.6255,106.5845,108.156
1283374800,108.156,108.3105,107.4525,108.074
1283461200,108.074,109.569,107.925,108.726
1283720400,108.528,108.9645,108.2835,108.423
1283806800,108.423,108.457,106.261,106.318
1283893200,106.318,107.1215,105.7985,106.699
1283979600,106.699,106.955,105.9695,106.365
1284066000,106.365,107.3795,106.2585,106.719
1284325200,107.109,107.9355,106.975,107.83
1284411600,107.83,108.2495,106.771,107.928
1284498000,107.928,111.6055,107.7315,111.564
1284584400,111.564,112.3935,110.6585,112.178
1284670800,112.178,112.9835,111.6025,112.046
1284930000,112.018,112.3615,111.7045,111.925
1285016400,111.925,112.9295,111.4665,112.865
1285102800,112.865,113.5275,112.5615,113.276
1285189200,113.276,113.4265,112.167,112.354
1285275600,112.354,113.7795,112.279,113.615
1285534800,113.616,113.788,113.0695,113.404
1285621200,113.404,114.0255,112.6785,113.94
1285707600,113.94,114.1865,113.4915,114.064
1285794000,114.064,114.2215,112.9785,113.88
1285880400,113.88,114.8665,113.7625,114.776
1286139600,114.91,115.2885,113.7555,114.08
1286226000,114.08,115.35,113.8915,115.163
1286312400,115.163,115.6475,114.6915,115.528
1286398800,115.528,115.6855,114.2525,114.753
1286485200,114.753,114.9485,113.6695,114.211
1286744400,114.685,114.7435,113.8385,113.89
1286830800,113.89,114.1815,112.8515,113.794
1286917200,113.794,114.6975,113.737,114.202
1287003600,114.202,114.7855,114.0005,114.754
1287090000,114.754,114.765,113.553,113.839
1287349200,113.855,113.905,112.4035,113.248
1287435600,113.248,113.6575,111.8125,111.99
1287522000,111.99,113.378,111.5625,113.233
1287608400,113.233,113.9355,112.8135,113.222
1287694800,113.222,113.565,112.5965,113.535
1287954000,113.614,113.7865,112.5485,112.854
1288040400,112.854,113.2755,112.4165,112.862
1288126800,112.862,113.1905,112.2265,112.566
1288213200,112.566,112.9765,112.1915,112.872
1288299600,112.872,112.9815,111.5325,112.14
1288558800,112.127,113.355,111.7965,111.849
1288645200,111.849,113.4815,111.78,113.145
1288731600,113.145,114.947,112.8305,114.639
1288818000,114.639,115.4235,114.0445,114.71
1288904400,114.71,115.0455,113.9055,114.031
1289167200,114.212,114.302,112.6665,113.006
1289253600,113.006,113.099,111.7225,112.511
1289340000,112.511,113.7945,112.2325,113.403
1289426400,113.403,113.5395,112.5215,112.732
1289512800,112.732,113.3895,111.048,112.992
1289772000,113.0645,113.6375,112.605,112.881
1289858400,112.881,113.448,112.277,112.374
1289944800,112.374,112.792,112.322,112.54
1290031200,112.54,114.095,112.515,113.943
1290117600,113.943,114.314,113.5335,114.24
1290376800,114.593,114.9455,113.2555,113.561
1290463200,113.561,113.67,110.7525,111.162
1290549600,111.162,111.78,110.321,111.395
1290636000,111.395,111.9285,111.0165,111.691
1290722400,111.691,111.8335,110.5645,111.371
1290981600,111.639,111.776,110.261,110.597
1291068000,110.597,110.6945,108.349,108.648
1291154400,108.648,110.7625,108.4215,110.617
1291240800,110.617,111.194,109.985,110.727
1291327200,110.727,111.113,109.88,110.721
1291586400,110.555,111.09,109.6315,109.999
1291672800,109.999,111.115,109.5715,110.717
1291759200,110.717,111.479,110.52,111.435
1291845600,111.435,111.6515,110.588,110.883
1291932000,110.883,111.137,110.4885,111.034
1292191200,110.855,112.0735,110.6585,111.665
1292277600,111.665,112.1955,111.5365,111.922
1292364000,111.922,112.138,111.233,111.317
1292450400,111.317,111.6235,111.082,111.141
1292536800,111.141,111.9485,110.4035,110.763
1292796000,110.682,110.72,109.581,110.0085
1292882400,110.0085,110.4925,109.6175,109.704
1292968800,109.704,110.1105,109.2015,109.472
1293055200,109.472,109.619,108.4555,108.737
1293141600,108.737,109.048,108.5685,108.776
1293400800,108.621,109.069,108.4255,109.019
1293487200,109.019,109.5215,107.623,108.052
1293573600,108.052,108.1755,107.627,107.942
1293660000,107.942,108.925,107.61,108.362
1293746400,108.362,108.9215,108.294,108.482
1294005600,108.434,109.2675,107.7985,109.204
1294092000,109.204,110.245,108.627,109.173
1294178400,109.173,109.755,108.519,109.472
1294264800,109.472,109.6635,108.1115,108.351
1294351200,108.351,108.5565,106.947,107.331
1294610400,107.169,107.676,106.8255,107.118
1294696800,107.118,108.2735,107.058,108
1294783200,108,109.0255,107.8605,108.99
1294869600,108.99,110.68,108.6915,110.667
1294956000,110.667,110.986,110.077,110.936
1295215200,110.83,110.944,109.581,109.908
1295301600,109.908,111.1605,109.5935,110.518
1295388000,110.518,111.0595,110.333,110.5
1295474400,110.5,111.923,110.324,111.826
1295560800,111.826,112.494,111.6335,112.476
1295820000,112.602,112.9035,112.231,112.541
1295906400,112.541,112.825,111.829,112.536
1295992800,112.536,112.9265,112.1585,112.6795
1296079200,112.6795,114.013,112.451,113.889
1296165600,113.889,113.908,111.5105,111.779
1296424800,111.431,112.6985,111.413,112.339
1296511200,112.339,112.6995,111.879,112.507
1296597600,112.507,112.9185,112.207,112.633
1296684000,112.633,112.872,111.048,111.293
1296770400,111.293,112.067,110.772,111.618
1297029600,111.456,112.1975,111.243,111.828
1297116000,111.828,112.3155,111.5965,112.225
1297202400,112.225,113.205,112.064,113.095
1297288800,113.095,113.4085,112.6135,113.198
1297375200,113.198,113.4425,112.7735,113.114
1297634400,112.777,112.995,112.0945,112.396
1297720800,112.396,113.4005,112.319,112.981
1297807200,112.981,113.6465,112.905,113.548
1297893600,113.548,113.6755,113.0605,113.377
1297980000,113.377,113.929,112.9505,113.899
1298239200,113.838,113.972,113.567,113.73
1298325600,113.73,114.238,112.237,112.991
1298412000,112.991,113.8285,112.985,113.442
1298498400,113.442,113.543,112.196,113.017
1298584800,113.017,113.4595,112.232,112.346
1298844000,112.378,113.353,111.9625,112.914
1298930400,112.914,113.7265,112.739,112.772
1299016800,112.772,113.571,112.5335,113.5245
1299103200,113.5245,115.167,113.1055,115.16
1299189600,115.16,115.994,114.8725,115.134
1299448800,115.218,115.279,114.5585,114.877
1299535200,114.877,115.221,114.5585,114.943
1299621600,114.943,115.2575,114.7565,115.078
1299708000,115.078,115.2515,114.2095,114.497
1299794400,114.497,115.017,112.933,113.833
1300050000,114.051,114.848,112.5045,114.218
1300136400,114.218,114.666,111.97,112.995
1300222800,112.995,113.488,110.574,110.627
1300309200,110.627,111.2675,106.644,110.614
1300395600,110.614,115.564,110.5285,114.281
1300654800,114.845,115.4145,114.461,115.262
1300741200,115.262,115.5455,114.8335,114.947
1300827600,114.947,115.0525,113.863,113.9905
1300914000,113.9905,114.9675,113.5545,114.791
1301000400,114.791,115.217,114.481,114.619
1301259600,114.304,115.311,114.187,115.084
1301346000,115.084,116.392,114.8155,116.392
1301432400,116.392,117.2795,116.221,117.1
1301518800,117.1,117.9855,116.741,117.691
1301605200,117.691,119.7975,117.691,119.674
1301864400,119.805,120.059,119.19,119.536
1301950800,119.536,120.723,119.3295,120.703
1302037200,120.703,122.6175,120.699,122.523
1302123600,122.523,122.554,120.7585,121.494
1302210000,121.494,123.0855,121.3415,122.777
1302469200,122.832,123.3275,122.02,122.122
1302555600,122.122,122.4055,120.1635,120.993
1302642000,120.993,122.1685,120.7705,121.089
1302728400,121.089,121.369,119.264,120.9695
1302814800,120.9695,121.4805,119.692,119.96
1303074000,119.953,120.065,116.478,117.6595
1303160400,117.6595,118.431,117.0925,118.382
1303246800,118.382,120.3925,118.2765,119.8985
1303333200,119.8985,120.267,118.6345,119.116
1303419600,119.116,119.7205,118.829,119.251
1303678800,119.16,120.0395,119.069,119.315
1303765200,119.315,119.9035,118.5055,119.425
1303851600,119.425,121.473,119.358,121.463
1303938000,121.463,121.8365,120.402,120.833
1304024400,120.833,121.1435,120.06,120.215
1304283600,120.171,121.034,120.0615,120.444
1304370000,120.444,120.5865,119.2115,119.982
1304456400,119.982,120.829,119.261,119.545
1304542800,119.545,119.789,116.1525,116.437
1304629200,116.437,117.5995,115.2165,115.417
1304888400,115.826,116.48,115.031,115.446
1304974800,115.446,116.5605,114.8005,116.5385
1305061200,116.5385,116.899,114.5705,115.032
1305147600,115.032,115.6305,114.1885,115.304
1305234000,115.304,115.542,113.515,114.063
1305493200,113.958,115.2325,113.415,114.367
1305579600,114.367,116.2295,114.2945,115.914
1305666000,115.914,116.409,115.2275,116.386
1305752400,116.386,117.2395,116.204,116.793
1305838800,116.793,117.1755,115.5225,115.699
1306098000,115.567,115.636,113.8785,115.201
1306184400,115.201,116.1775,114.7295,115.553
1306270800,115.553,115.7915,114.7285,115.475
1306357200,115.475,116.3845,114.473,114.981
1306443600,114.981,115.996,114.6865,115.681
1306702800,115.649,115.698,115.2075,115.595
1306789200,115.595,117.8025,115.581,117.371
1306875600,117.371,117.7095,115.8865,115.996
1306962000,115.996,117.3495,115.775,117.2275
1307048400,117.2275,117.5845,115.9225,117.485
1307307600,117.232,117.703,116.5895,116.754
1307394000,116.754,117.8995,116.718,117.665
1307480400,117.665,117.8595,116.3025,116.512
1307566800,116.512,117.4645,115.9275,116.613
1307653200,116.613,116.868,114.953,115.24
1307912400,115.06,115.7565,115.019,115.653
1307998800,115.653,116.7075,115.2695,116.225
1308085200,116.225,116.476,114.5585,114.802
1308171600,114.802,114.9755,113.502,114.516
1308258000,114.516,114.8055,113.7295,114.554
1308517200,114.438,114.984,113.5995,114.817
1308603600,114.817,115.6155,114.6575,115.5975
1308690000,115.5975,115.809,115.142,115.282
1308776400,115.282,115.421,113.8485,114.786
1308862800,114.786,114.9015,113.7765,114.127
1309122000,114.011,115.6165,113.842,115.576
1309208400,115.576,116.6765,115.1345,116.579
1309294800,116.579,117.1765,115.9105,116.609
1309381200,116.609,117.205,116.129,116.838
1309467600,116.838,117.484,116.739,117.409
1309726800,117.484,117.744,117.035,117.472
1309813200,117.472,117.6105,116.693,116.965
1309899600,116.965,117.0495,115.5535,115.86
1309986000,115.86,116.8045,115.535,116.707
1310072400,116.707,116.8135,114.666,115.006
1310331600,114.431,114.773,112.354,112.601
1310418000,112.601,112.952,109.5805,110.746
1310504400,110.746,112.0745,109.641,111.871
1310590800,111.871,112.946,111.643,111.921
1310677200,111.921,112.3485,111.356,112.024
1310936400,111.646,111.866,110.6545,111.547
1311022800,111.547,112.3155,111.1745,112.079
1311109200,112.079,112.3535,111.6685,111.989
1311195600,111.989,113.148,111.4595,112.941
1311282000,112.941,113.5655,112.263,112.782
1311541200,112.689,113.0215,112.035,112.546
1311627600,112.546,113.5525,112.262,113.021
1311714000,113.021,113.225,111.946,112.044
1311800400,112.044,112.105,110.83,111.344
1311886800,111.344,111.5655,110.385,110.498
1312146000,110.98,112.252,108.714,110.038
1312232400,110.038,111.0245,109.211,109.576
1312318800,109.576,110.611,109.065,110.371
1312405200,110.371,114.177,110.255,111.177
1312491600,111.177,112.3105,110.3535,112.073
1312750800,112.426,112.684,109.722,110.247
1312837200,110.247,110.777,109.0965,110.628
1312923600,110.628,111.253,108.3125,108.9725
1313010000,108.9725,109.9245,108.028,109.425
1313096400,109.425,109.611,108.526,109.298
1313355600,109.671,111.035,109.508,110.973
1313442000,110.973,111.0525,110.107,110.656
1313528400,110.656,110.973,109.797,110.508
1313614800,110.508,110.723,109.2485,109.749
1313701200,109.749,110.273,109.021,110.204
1313960400,110.394,110.9305,110.0235,110.261
1314046800,110.261,111.0975,110.0795,110.711
1314133200,110.711,111.1545,110.1525,110.959
1314219600,110.959,111.6465,110.608,111.38
1314306000,111.38,111.5905,110.111,111.184
1314565200,111.279,111.9415,111.0155,111.492
1314651600,111.492,111.804,110.4465,110.822
1314738000,110.822,110.889,109.9015,110.16
1314824400,110.16,110.9735,109.5335,109.697
1314910800,109.697,109.8875,108.8605,109.1
1315170000,108.926,109.017,108.142,108.398
1315256400,108.398,109.9615,107.8435,108.705
1315342800,108.705,109.0955,108.2785,108.897
1315429200,108.897,109.0315,107.553,107.59
1315515600,107.59,108.0045,105.3025,105.933
1315774800,105.254,105.745,103.893,105.626
1315861200,105.626,105.649,104.4095,105.26
1315947600,105.26,105.589,104.5545,105.393
1316034000,105.393,106.995,105.0925,106.431
1316120400,106.431,106.59,105.5435,105.979
1316379600,105.366,105.544,103.9685,104.82
1316466000,104.82,105.1855,103.9905,104.748
1316552400,104.748,105.339,103.7,103.763
1316638800,103.763,104.374,102.212,102.639
1316725200,102.639,103.736,102.2485,103.373
1316984400,103.408,103.779,101.939,103.337
1317070800,103.337,104.9675,102.8495,104.335
1317157200,104.335,104.518,103.5085,103.751
1317243600,103.751,104.9335,103.3135,104.4795
1317330000,104.4795,104.4845,103.0325,103.125
1317589200,102.891,103.235,100.9555,100.9725
1317675600,100.9725,102.787,100.7685,102.529
1317762000,102.529,102.7285,101.6195,102.508
1317848400,102.508,103.1,101.68,103.087
1317934800,103.087,103.863,102.584,102.64
1318194000,102.8485,104.99,102.741,104.588
1318280400,104.588,104.899,104.0195,104.55
1318366800,104.55,107.055,104.2025,106.557
1318453200,106.557,106.5755,105.131,105.954
1318539600,105.954,107.4475,105.5975,107.173
1318798800,106.891,107.6805,105.3665,105.546
1318885200,105.546,106.21,104.7765,105.651
1318971600,105.651,106.538,105.3285,105.686
1319058000,105.686,106.2995,104.8905,105.843
1319144400,105.843,106.102,104.981,105.923
1319403600,105.505,106.4655,105.1525,106
1319490000,106,106.3285,105.274,105.83
1319576400,105.83,106.1775,104.7525,105.936
1319662800,105.936,108.138,105.6795,107.762
1319749200,107.762,107.8935,107.095,107.272
1320008400,106.975,111.603,106.961,108.325
1320094800,108.325,109.2585,106.498,107.392
1320181200,107.392,107.893,106.8875,107.289
1320267600,107.289,108.067,106.5805,107.904
1320354000,107.904,108.258,107.224,107.886
1320616800,108.132,108.132,106.8535,107.523
1320703200,107.523,107.6425,107.1135,107.523
1320789600,107.523,107.604,105.253,105.378
1320876000,105.378,105.984,104.737,105.653
1320962400,105.653,106.38,105.368,106.04
1321221600,106.721,106.723,104.768,105.074
1321308000,105.074,105.5725,103.9855,104.297
1321394400,104.297,104.387,103.4115,103.748
1321480800,103.748,104.168,103.4045,103.611
1321567200,103.611,104.2915,103.517,104.025
1321826400,103.881,104.222,103.233,103.712
1321912800,103.712,104.356,103.692,103.956
1321999200,103.956,104.1325,103.0635,103.148
1322085600,103.148,103.459,102.711,102.928
1322172000,102.928,103.255,102.493,102.917
1322431200,103.36,104.52,103.071,103.878
1322517600,103.878,104.4095,103.442,103.77
1322604000,103.77,104.732,103.3415,104.37
1322690400,104.37,105.069,104.2095,104.6
1322776800,104.6,105.71,104.127,104.442
1323036000,104.775,104.9955,104.01,104.274
1323122400,104.274,104.3405,103.6395,104.168
1323208800,104.168,104.5255,103.7805,104.183
1323295200,104.183,104.236,103.011,103.575
1323381600,103.575,104.403,103.148,103.881
1323640800,103.953,103.967,102.631,102.767
1323727200,102.767,102.9875,101.469,101.689
1323813600,101.689,101.8275,101.1,101.365
1323900000,101.365,101.615,101.047,101.334
1323986400,101.334,101.799,101.13,101.454
1324245600,101.445,101.6345,101.2735,101.442
1324332000,101.442,102.178,101.381,101.897
1324418400,101.897,102.5395,101.451,101.857
1324504800,101.857,102.3595,101.7305,102.016
1324591200,102.016,102.2135,101.738,101.878
1324850400,101.878,101.985,101.703,101.837
1324936800,101.837,101.908,101.662,101.783
1325023200,101.783,101.809,100.72,100.857
1325109600,100.857,100.931,100.0545,100.626
1325196000,100.626,100.6935,99.494,99.685
1325455200,99.595,99.915,99.371,99.464
1325541600,99.464,100.3095,99.427,100.138
1325628000,100.138,100.252,99.0485,99.293
1325714400,99.293,99.3555,98.4765,98.624
1325800800,98.624,98.853,97.888,97.906
1326060000,97.637,98.2535,97.2875,98.092
1326146400,98.092,98.4655,97.9705,98.195
1326232800,98.195,98.3845,97.4355,97.657
1326319200,97.657,98.5625,97.657,98.364
1326405600,98.364,98.8095,97.1945,97.577
1326664800,97.399,97.44,97.0395,97.259
1326751200,97.259,98.334,97.153,97.857
1326837600,97.857,98.882,97.6935,98.832
1326924000,98.832,100.06,98.5535,99.997
1327010400,99.997,100.3335,99.4225,99.619
1327269600,99.109,100.4935,99.109,100.257
1327356000,100.257,101.2975,100.0275,101.249
1327442400,101.249,101.964,100.981,101.945
1327528800,101.945,102.212,101.4165,101.529
1327615200,101.529,101.58,100.6,101.382
1327874400,101.415,101.455,99.9925,100.348
1327960800,100.348,100.887,99.5425,99.784
1328047200,99.784,100.7,99.2485,100.287
1328133600,100.287,100.462,99.625,100.183
1328220000,100.183,100.882,99.9315,100.789
1328479200,100.488,100.611,99.86,100.509
1328565600,100.509,101.988,100.3735,101.793
1328652000,101.793,102.4505,101.657,102.159
1328738400,102.159,103.2905,101.856,103.188
1328824800,103.188,103.228,102.164,102.427
1329084000,102.461,103.1845,102.258,102.291
1329170400,102.291,103.1915,101.8255,103.019
1329256800,103.019,103.493,102.1925,102.486
1329343200,102.486,103.837,101.9315,103.648
1329429600,103.648,104.671,103.439,104.533
1329688800,104.934,105.751,104.658,105.449
1329775200,105.449,106.0075,105.0485,105.528
1329861600,105.528,106.568,105.446,106.388
1329948000,106.388,107.022,106.1645,106.978
1330034400,106.978,109.255,106.844,109.205
1330293600,109.418,109.9595,107.1945,107.992
1330380000,107.992,108.7415,107.2985,108.291
1330466400,108.291,108.73,107.888,108.128
1330552800,108.128,108.461,107.693,107.978
1330639200,107.978,108.4625,107.582,107.978
1330898400,107.8825,108.047,106.923,107.789
1330984800,107.789,107.8675,105.6485,106.077
1331071200,106.077,106.8,105.7105,106.632
1331157600,106.632,108.465,106.5985,108.262
1331244000,108.262,108.653,107.698,108.245
1331499600,108.12,108.291,107.5165,108.176
1331586000,108.176,108.7265,107.89,108.529
1331672400,108.529,109.3755,108.3835,109.125
1331758800,109.125,109.637,108.59,109.317
1331845200,109.317,109.992,109.0145,109.935
1332104400,109.887,110.5675,109.1885,110.343
1332190800,110.343,110.8275,110.28,110.699
1332277200,110.699,111.4355,110.0505,110.232
1332363600,110.232,110.4685,108.491,108.953
1332450000,108.953,109.831,108.588,109.264
1332709200,109.37,110.723,109.1825,110.646
1332795600,110.646,111.2575,110.3545,110.744
1332882000,110.744,110.9145,109.873,110.399
1332968400,110.399,110.5165,108.767,109.681
1333054800,109.681,110.611,109.0385,110.555
1333314000,110.938,111.1405,108.956,109.326
1333400400,109.326,109.8155,108.6955,109.591
1333486800,109.591,109.7045,107.905,108.369
1333573200,108.369,108.4145,106.8965,107.614
1333659600,107.614,107.84,106.548,106.914
1333918800,106.8,107.245,106.118,106.803
1334005200,106.803,107.4735,105.488,105.536
1334091600,105.536,106.689,105.4535,106
1334178000,106,106.807,105.962,106.676
1334264400,106.676,107.103,105.747,105.821
1334523600,105.641,105.82,104.6235,105.675
1334610000,105.675,106.315,105.2895,106.112
1334696400,106.112,106.894,106.107,106.627
1334782800,106.627,107.3545,106.513,107.208
1334869200,107.208,108.006,107.112,107.782
1335128400,107.472,107.8035,106.326,106.804
1335214800,106.804,107.402,106.3165,107.319
1335301200,107.319,107.6525,107.1255,107.513
1335387600,107.513,107.6565,106.4885,107.071
1335474000,107.071,107.4805,106.1635,106.403
1335733200,106.244,106.442,105.4645,105.673
1335819600,105.673,106.211,105.5485,106.021
1335906000,106.021,106.5485,105.135,105.46
1335992400,105.46,106.128,105.3155,105.46
1336078800,105.46,105.5715,104.408,104.485
1336338000,103.909,104.4495,103.233,104.287
1336424400,104.287,104.4385,103.532,103.882
1336510800,103.882,103.9445,102.7585,102.967
1336597200,102.967,103.778,102.912,103.395
1336683600,103.395,103.596,102.976,103.257
1336942800,103.197,103.3715,102.2315,102.383
1337029200,102.383,102.875,102.057,102.073
1337115600,102.073,102.7145,101.9135,102.15
1337202000,102.15,102.3875,100.5605,100.669
1337288400,100.669,101.099,100.212,100.999
1337547600,101.006,101.709,100.871,101.655
1337634000,101.655,102.123,101.133,101.425
1337720400,101.425,101.479,99.5365,100.018
1337806800,100.018,100.271,99.3675,99.758
1337893200,99.758,100.331,99.48,99.76
1338152400,100.239,100.239,99.5125,99.672
1338238800,99.672,99.9455,98.9445,99.387
1338325200,99.387,99.471,97.7625,97.79
1338411600,97.79,98.0315,96.5145,96.848
1338498000,96.848,97.5275,95.592,97.014
1338757200,96.977,98.0065,96.768,97.93
1338843600,97.93,98.34,97.0475,98.067
1338930000,98.067,99.7255,97.9285,99.626
1339016400,99.626,100.6285,99.4165,100.02
1339102800,100.02,100.2685,98.5445,99.457
1339362000,100.642,100.914,99.107,99.162
1339448400,99.162,99.7905,98.716,99.432
1339534800,99.432,100.1035,99.299,99.808
1339621200,99.808,100.303,99.4695,100.238
1339707600,100.238,100.3565,99.0875,99.494
1339966800,100.0505,100.853,99.125,99.495
1340053200,99.495,100.488,99.189,100.157
1340139600,100.157,101.4125,99.8315,101.07
1340226000,101.07,101.625,100.5185,100.674
1340312400,100.674,101.232,100.3835,101.096
1340571600,100.931,101.116,99.1635,99.62
1340658000,99.62,99.8865,98.7525,99.329
1340744400,99.329,99.6135,99.077,99.395
1340830800,99.395,99.476,98.333,98.867
1340917200,98.867,101.396,98.536,101.051
1341176400,101.243,101.304,99.765,100.009
1341262800,100.009,100.836,99.896,100.609
1341349200,100.609,100.67,99.796,100.066
1341435600,100.066,100.343,98.796,99.031
1341522000,99.031,99.1035,97.6435,97.8845
1341781200,97.6435,98.1335,97.488,97.957
1341867600,97.957,98.0585,97.2255,97.299
1341954000,97.299,97.739,97.0035,97.625
1342040400,97.625,97.881,96.4255,96.799
1342126800,96.799,97.1035,96.4445,96.9815
1342386000,97.252,97.281,96.1725,96.789
1342472400,96.789,97.378,96.4105,97.204
1342558800,97.204,97.31,96.4755,96.799
1342645200,96.799,96.8315,96.136,96.514
1342731600,96.514,96.7115,95.3515,95.4185
1342990800,95.0825,95.271,94.2415,94.997
1343077200,94.997,95.028,94.1195,94.303
1343163600,94.303,95.2075,94.1405,95.034
1343250000,95.034,96.4315,94.6655,96.062
1343336400,96.062,97.3365,95.6465,96.6595
1343595600,96.4695,96.663,95.5385,95.846
1343682000,95.846,96.2835,95.75,96.124
1343768400,96.124,96.4625,95.7045,95.888
1343854800,95.888,96.9885,94.9285,95.303
1343941200,95.303,97.3965,95.0295,97.1815
1344200400,97.449,97.8015,96.7015,97.029
1344286800,97.029,97.8155,96.8365,97.462
1344373200,97.462,97.488,96.5805,96.98
1344459600,96.98,97.283,96.332,96.689
1344546000,96.689,96.741,95.7195,96.2075
1344805200,96.153,96.9115,95.9445,96.582
1344891600,96.582,97.4705,96.5475,97.019
1344978000,97.019,97.426,96.5335,97.088
1345064400,97.088,98.1815,96.964,98.033
1345150800,98.033,98.4085,97.728,98.1305
1345410000,98.2755,98.3575,97.7345,98.053
1345496400,98.053,99.1835,97.9635,98.889
1345582800,98.889,99.0245,98.085,98.454
1345669200,98.454,98.8185,98.276,98.621
1345755600,98.621,98.8305,97.9755,98.3995
1346014800,98.48,98.717,98.321,98.427
1346101200,98.427,98.831,97.8905,98.643
1346187600,98.643,98.828,98.386,98.62
1346274000,98.62,98.79,98.039,98.333
1346360400,98.333,99.0305,97.9855,98.5735
1346619600,98.488,98.6995,98.2255,98.544
1346706000,98.544,99.0185,98.4045,98.56
1346792400,98.56,98.914,97.9875,98.774
1346878800,98.774,99.8065,98.762,99.606
1346965200,99.606,100.4345,99.606,100.2565
1347224400,100.232,100.273,99.8295,99.877
1347310800,99.877,100.2445,99.5235,99.968
1347397200,99.968,100.6425,99.765,100.428
1347483600,100.428,100.775,99.545,100.658
1347570000,100.658,103.0255,100.595,102.9345
1347829200,102.798,103.8635,102.5795,103.242
1347915600,103.242,103.282,102.4015,102.832
1348002000,102.832,103.634,102.111,102.276
1348088400,102.276,102.3965,100.941,101.471
1348174800,101.471,102.105,101.2565,101.4525
1348434000,101.435,101.536,100.3625,100.667
1348520400,100.667,101.049,100.166,100.359
1348606800,100.359,100.4705,99.7145,100.08
1348693200,100.08,100.36,99.642,100.209
1348779600,100.209,100.6765,99.9255,100.1835
1349038800,100.171,101.0305,99.7915,100.521
1349125200,100.521,101.1965,100.486,100.972
1349211600,100.972,101.4735,100.7225,101.299
1349298000,101.299,102.2085,101.279,102.166
1349384400,102.166,102.8015,101.8625,102.6245
1349643600,102.456,102.504,101.1275,101.587
1349730000,101.587,101.845,100.5945,100.83
1349816400,100.83,101.1675,100.4435,100.655
1349902800,100.655,101.7175,100.1545,101.268
1349989200,101.268,101.9175,101.2435,101.6165
1350248400,101.628,102.2915,101.0385,101.837
1350334800,101.837,103.083,101.808,102.979
1350421200,102.979,103.7465,102.9165,103.56
1350507600,103.56,104.143,103.3005,103.576
1350594000,103.576,103.8015,103.1425,103.2985
1350853200,103.2395,104.4555,103.1425,104.406
1350939600,104.406,104.5925,103.2825,103.702
1351026000,103.702,103.8275,102.9885,103.534
1351112400,103.534,104.4265,103.465,103.859
1351198800,103.859,104.045,102.6875,103.0355
1351458000,103.027,103.1585,102.524,102.977
1351544400,102.977,103.407,102.182,103.189
1351630800,103.189,103.943,103.077,103.376
1351717200,103.376,103.997,103.3365,103.705
1351803600,103.705,103.866,103.0565,103.2635
1352066400,103.1015,103.342,102.445,102.737
1352152800,102.737,103.155,102.1835,102.969
1352239200,102.969,103.4205,101.8035,102.167
1352325600,102.167,102.1985,101.0275,101.294
1352412000,101.294,101.7475,100.431,101.0565
1352671200,101.055,101.2925,100.8745,101.032
1352757600,101.032,101.2535,100.3305,100.847
1352844000,100.847,102.411,100.838,102.198
1352930400,102.198,103.9915,102.0135,103.746
1353016800,103.746,103.8935,103.0505,103.5995
1353276000,103.7725,104.33,103.518,104.316
1353362400,104.316,104.771,103.675,104.689
1353448800,104.689,105.886,104.099,105.881
1353535200,105.881,106.5825,105.722,106.256
1353621600,106.256,106.979,105.7225,106.9305
1353880800,106.784,107.1345,106.0925,106.471
1353967200,106.471,106.9635,106.1165,106.33
1354053600,106.33,106.362,105.285,106.31
1354140000,106.31,106.813,106.1545,106.577
1354226400,106.577,107.6755,106.4425,107.1025
1354485600,107.1025,107.5865,106.8575,107.357
1354572000,107.357,107.3955,106.9315,107.246
1354658400,107.246,107.9615,107.1395,107.775
1354744800,107.775,107.8925,106.6125,106.869
1354831200,106.869,107.079,106.1255,106.6605
1355090400,106.6605,106.6605,105.978,106.576
1355176800,106.576,107.425,106.4805,107.3175
1355263200,107.3175,109.042,107.2665,108.8535
1355349600,108.8535,109.5395,108.6435,109.387
1355436000,109.387,109.9835,109.051,109.9165
1355695200,111.061,111.1825,109.9345,110.431
1355781600,110.431,111.477,110.3475,111.389
1355868000,111.389,112.5005,111.3285,111.6465
1355954400,111.6465,112.1495,110.7345,111.7545
1356040800,111.7545,111.787,110.6275,111.0835
1356300000,111.1675,112.0065,111.102,111.797
1356472800,111.797,113.3905,111.797,113.246
1356559200,113.246,114.3255,113.0275,113.9985
1356645600,113.9985,114.699,113.3015,113.5225
1356904800,113.3995,114.443,113.209,114.3155
1357077600,114.3155,115.9935,114.3155,115.1695
1357164000,115.1695,115.21,113.655,113.834
1357250400,113.834,115.4145,113.8335,115.2085
1357509600,115.2225,115.5545,114.1155,115.151
1357596000,115.151,115.241,113.6395,113.866
1357682400,113.866,115.0305,113.5545,114.8085
1357768800,114.8085,117.8435,114.772,117.83
1357855200,117.83,119.351,117.631,118.9965
1358114400,119.3165,120.128,118.8845,119.7395
1358200800,119.7395,119.9865,117.5925,118.143
1358287200,118.143,118.2525,116.4705,117.452
1358373600,117.452,120.606,117.013,120.214
1358460000,120.214,120.7205,119.345,119.986
1358719200,119.924,120.24,118.883,119.2965
1358805600,119.2965,120.1655,117.328,118.185
1358892000,118.185,118.3355,117.0565,118.0195
1358978400,118.0195,121.074,117.585,120.8345
1359064800,120.8345,122.777,120.666,122.3565
1359324000,122.606,122.9165,121.6275,122.248
1359410400,122.248,122.5705,121.22,122.4085
1359496800,122.4085,123.8655,122.2885,123.574
1359583200,123.574,124.603,122.9885,124.5265
1359669600,124.5265,126.974,124.4135,126.6205
1359928800,126.6505,126.861,124.6355,124.8405
1360015200,124.8405,127.222,124.021,127.177
1360101600,127.177,127.7115,125.929,126.5995
1360188000,126.5995,127.4705,124.4955,125.4435
1360274400,125.4435,125.5775,123.431,123.8195
1360533600,123.8195,126.6405,123.511,126.443
1360620000,126.443,126.9485,125,125.7795
1360706400,125.7795,126.567,124.778,125.632
1360792800,125.632,125.969,123.8135,124.11
1360879200,124.11,125.284,122.903,124.926
1361138400,124.926,125.8995,124.926,125.4355
1361224800,125.4355,125.4695,124.557,125.2745
1361311200,125.2745,125.9,124.1775,124.2805
1361397600,124.2805,124.7095,122.26,122.809
1361484000,122.809,123.7835,122.548,123.221
1361743200,123.221,125.221,118.7345,119.9425
1361829600,119.9425,121.3635,118.968,120.1375
1361916000,120.1375,121.461,119.2175,121.1855
1362002400,121.1855,121.8315,120.52,120.8515
1362088800,120.8515,122.18,120.356,121.849
1362348000,121.849,121.9865,121.127,121.768
1362434400,121.768,121.874,121.1405,121.758
1362520800,121.758,122.28,121.4945,121.979
1362607200,121.979,124.5845,121.778,124.281
1362693600,124.281,125.9805,123.806,124.848
1362949200,124.848,125.6695,124.644,125.606
1363035600,125.606,126.038,124.3885,125.2305
1363122000,125.2305,125.2315,124.181,124.585
1363208400,124.585,125.243,124.057,124.99
1363294800,124.99,125.7975,124.209,124.5785
1363554000,124.5785,124.5785,121.589,123.3585
1363640400,123.3585,124.1315,121.8325,122.594
1363726800,122.594,124.5055,122.0355,124.171
1363813200,124.171,124.3785,122.0295,122.4125
1363899600,122.4125,123.4665,121.472,122.701
1364158800,122.701,123.854,120.0795,121.03
1364245200,121.03,121.6435,120.73,121.473
1364331600,121.473,121.8735,119.95,120.71
1364418000,120.71,120.9485,119.75,120.6595
1364504400,120.6595,120.861,120.3055,120.76
1364763600,120.76,120.877,119.5055,119.7925
1364850000,119.7925,120.1515,119.1425,119.7875
1364936400,119.7875,120.18,119.113,119.545
1365022800,119.545,124.642,119.158,124.6215
1365109200,124.6215,127.2905,123.869,126.745
1365368400,126.745,129.278,126.745,129.259
1365454800,129.259,130.094,128.436,129.5525
1365541200,129.5525,130.549,129.4075,130.4005
1365627600,130.4005,131.1285,129.707,130.565
1365714000,130.565,130.812,128.61,129.041
1365973200,129.041,129.3215,125.5675,126.132
1366059600,126.132,129.0415,124.958,128.5195
1366146000,128.5195,129.746,126.439,127.863
1366232400,127.863,128.791,127.161,128.12
1366318800,128.12,130.254,128.06,129.895
1366578000,129.895,130.669,128.9135,129.66
1366664400,129.66,129.8265,127.867,129.288
1366750800,129.288,129.7965,128.8165,129.514
1366837200,129.514,129.905,129.029,129.1415
1366923600,129.1415,129.3855,127.1435,127.742
1367182800,127.742,128.598,127.0575,128.051
1367269200,128.051,128.52,127.2075,128.3195
1367355600,128.3195,128.929,127.8545,128.363
1367442000,128.363,129.913,127.51,127.954
1367528400,127.954,130.344,127.8765,129.8355
1367787600,129.8355,130.411,129.6105,129.8795
1367874000,129.8795,130.3695,129.236,129.4775
1367960400,129.4775,130.4235,128.9845,130.2125
1368046800,130.2125,131.77,129.5945,131.204
1368133200,131.204,132.26,131.0745,131.993
1368392400,131.993,132.4,131.576,132.119
1368478800,132.119,132.7735,131.5365,132.317
1368565200,132.317,132.443,131.184,131.764
1368651600,131.764,132.2065,131.2855,131.7345
1368738000,131.7345,132.55,131.2935,132.512
1368997200,132.512,132.512,130.956,131.75
1369083600,131.75,132.4095,131.683,132.284
1369170000,132.284,133.8145,131.96,132.634
1369256400,132.634,132.872,129.9655,131.947
1369342800,131.947,132.5675,130.093,130.995
1369602000,130.995,131.0665,130.2695,130.5455
1369688400,130.5455,132.1495,130.526,131.6055
1369774800,131.6055,131.7095,130.3945,130.9245
1369861200,130.9245,131.954,130.198,131.4425
1369947600,131.4425,132.077,130.2685,130.58
1370206800,130.58,130.9875,129.51,130.1465
1370293200,130.1465,131.4105,129.927,130.8375
1370379600,130.8375,131.4125,129.601,129.695
1370466000,129.695,130.73,127.4725,128.443
1370552400,128.443,129.1825,126.166,128.961
1370811600,128.961,131.1115,128.961,130.9325
1370898000,130.9325,131.3105,127.0905,127.844
1370984400,127.844,129.3475,127.027,128.0665
1371070800,128.0665,128.116,124.957,127.559
1371157200,127.559,128.123,125.1755,125.582
1371416400,125.582,126.9255,125.582,126.322
1371502800,126.322,128.0825,126.2125,127.6775
1371589200,127.6775,128.7665,127.06,128.221
1371675600,128.221,129.913,127.8275,128.606
1371762000,128.606,129.6985,127.788,128.461
1372021200,128.461,129.208,127.285,128.218
1372107600,128.218,128.675,127.2925,127.936
1372194000,127.936,128.453,126.572,127.1705
1372280400,127.1705,128.383,127.046,128.2275
1372366800,128.2275,129.6555,128.201,128.9765
1372626000,128.9765,130.2515,128.9765,130.1865
1372712400,130.1865,131.122,129.844,130.6035
1372798800,130.6035,130.865,128.649,129.9795
1372885200,129.9795,130.201,128.8405,129.1775
1372971600,129.1775,129.8945,128.5875,129.8195
1373230800,129.8195,130.1905,129.4035,129.9515
1373317200,129.9515,130.563,128.7125,129.2815
1373403600,129.2815,129.528,128.02,129.369
1373490000,129.369,130.4375,128.6445,129.607
1373576400,129.607,129.9565,128.908,129.655
1373835600,129.655,130.71,129.4025,130.44
1373922000,130.44,130.818,130.0425,130.4415
1374008400,130.4415,131.359,130.292,130.6985
1374094800,130.6985,131.8925,130.538,131.644
1374181200,131.644,132.293,131.2185,132.241
1374440400,132.241,132.244,131.147,131.413
1374526800,131.413,132.0255,130.769,131.4725
1374613200,131.4725,132.7445,131.3815,132.3535
1374699600,132.3535,132.489,131.461,131.821
1374786000,131.821,131.978,130.0875,130.464
1375045200,130.464,130.6125,129.591,129.9075
1375131600,129.9075,130.5225,129.7665,130.019
1375218000,130.019,130.792,129.338,130.2
1375304400,130.2,131.5545,129.941,131.4615
1375390800,131.4615,131.988,131.0765,131.384
1375650000,131.384,131.5645,130.154,130.325
1375736400,130.325,130.734,129.805,130.0475
1375822800,130.0475,130.186,128.454,128.474
1375909200,128.474,129.4515,128.2175,129.359
1375995600,129.359,129.7155,128.285,128.382
1376254800,128.382,128.93,127.975,128.879
1376341200,128.879,130.472,128.8065,130.245
1376427600,130.245,130.662,129.8425,130.0865
1376514000,130.0865,130.725,129.425,129.9495
1376600400,129.9495,130.432,129.5805,129.988
1376859600,129.988,131.0365,129.857,130.0935
1376946000,130.0935,130.808,129.2915,130.5045
1377032400,130.5045,131.0165,130.3325,130.452
1377118800,130.452,131.965,130.2965,131.842
1377205200,131.842,132.431,131.809,132.14
1377464400,132.14,132.3135,131.5435,131.693
1377550800,131.693,131.748,129.846,129.9465
1377637200,129.9465,130.559,129.6605,130.241
1377723600,130.241,130.54,129.9905,130.2245
1377810000,130.2245,130.34,129.306,129.795
1378069200,129.795,131.387,129.7875,131.044
1378155600,131.044,131.483,130.648,131.139
1378242000,131.139,131.824,130.811,131.723
1378328400,131.723,132.147,131.0325,131.345
1378414800,131.345,131.4815,129.896,130.635
1378674000,130.635,132.2145,130.635,131.992
1378760400,131.992,133.3075,131.913,133.191
1378846800,133.191,133.377,132.7695,132.9705
1378933200,132.9705,133.101,131.728,132.37
1379019600,132.37,132.645,131.6645,132.0945
1379278800,132.0945,132.3985,131.693,132.1115
1379365200,132.1115,132.6445,132.042,132.4225
1379451600,132.4225,132.686,131.8675,132.4225
1379538000,132.4225,134.9485,132.345,134.554
1379624400,134.554,134.738,134.1645,134.357
1379883600,134.357,134.493,133.093,133.3765
1379970000,133.3765,134.0025,132.701,133.0455
1380056400,133.0455,133.5625,132.688,133.1425
1380142800,133.1425,133.941,132.8885,133.5165
1380229200,133.5165,133.5825,132.631,132.864
1380488400,132.864,133.2345,131.643,132.935
1380574800,132.935,133.486,132.3275,132.546
1380661200,132.546,132.6425,131.4195,132.1995
1380747600,132.1995,133.215,132.136,132.4535
1380834000,132.4535,132.695,131.7725,132.143
1381093200,132.143,132.143,131.275,131.3285
1381179600,131.3285,132.04,131.139,131.4975
1381266000,131.4975,132.18,131.247,131.645
1381352400,131.645,132.9655,131.626,132.712
1381438800,132.712,133.602,132.448,133.526
1381698000,133.526,133.727,133.074,133.668
1381784400,133.668,133.8345,132.6295,132.758
1381870800,132.758,133.7515,132.7245,133.6705
1381957200,133.6705,133.948,133.332,133.9035
1382043600,133.9035,134.186,133.6115,133.742
1382302800,133.742,134.3745,133.742,134.3305
1382389200,134.3305,135.507,134.2,135.255
1382475600,135.255,135.2845,133.6045,134.1485
1382562000,134.1485,134.7965,133.8965,134.254
1382648400,134.254,134.5265,133.888,134.4365
1382907600,134.4365,134.9785,134.4365,134.6505
1382994000,134.6505,135.1735,134.266,134.9605
1383080400,134.9605,135.4535,134.7665,135.308
1383166800,135.308,135.3615,133.3385,133.602
1383253200,133.602,133.679,132.606,133.084
1383516000,133.084,133.3615,132.852,133.263
1383602400,133.263,133.3375,132.3725,132.715
1383688800,132.715,133.73,132.5515,133.32
1383775200,133.32,133.531,131.22,131.633
1383861600,131.633,132.537,131.3145,132.4405
1384120800,132.4405,133.1565,132.2045,132.9355
1384207200,132.9355,134.0095,132.911,133.8635
1384293600,133.8635,133.961,133.2285,133.8535
1384380000,133.8535,134.704,133.687,134.6105
1384466400,134.6105,135.318,134.492,135.2155
1384725600,135.2155,135.36,134.752,135.0475
1384812000,135.0475,135.722,134.613,135.574
1384898400,135.574,135.948,134.112,134.43
1384984800,134.43,136.4125,134.379,136.377
1385071200,136.377,137.343,136.0195,137.306
1385330400,137.306,137.991,137.019,137.426
1385416800,137.426,137.6805,137.1345,137.457
1385503200,137.457,138.796,137.286,138.7315
1385589600,138.7315,139.254,138.312,139.1855
1385676000,139.1855,139.7095,138.9675,139.199
1385935200,139.199,139.705,139.0345,139.3985
1386021600,139.3985,140.029,138.6915,139.2895
1386108000,139.2895,139.6095,138.428,139.1345
1386194400,139.1345,139.5735,138.467,139.1195
1386280800,139.1195,141.0545,138.9495,141.043
1386540000,141.043,141.9525,140.994,141.8845
1386626400,141.8845,142.172,141.283,141.5235
1386712800,141.5235,141.69,140.921,141.2065
1386799200,141.2065,142.2485,141.1535,142.181
1386885600,142.181,142.8275,141.42,141.909
1387144800,141.909,142.129,141.222,141.753
1387231200,141.753,141.9545,140.9805,141.3565
1387317600,141.3565,142.9055,141.23,142.72
1387404000,142.72,142.831,141.8685,142.401
1387490400,142.401,142.7465,142.102,142.313
1387749600,142.313,142.711,142.097,142.579
1387836000,142.579,142.8835,142.465,142.618
1388008800,142.618,143.5415,142.618,143.482
1388095200,143.482,145.6955,143.415,144.562
1388354400,144.562,145.172,144.5575,145.0995
1388440800,145.0995,145.1765,144.419,145.1345
1388613600,145.1345,145.1345,142.849,143.2975
1388700000,143.2975,143.314,141.963,142.4695
1388959200,142.4695,142.783,141.5015,142.0435
1389045600,142.0435,142.592,141.9405,142.413
1389132000,142.413,143.173,142.1195,142.3605
1389218400,142.3605,143.0365,142.0415,142.657
1389304800,142.657,143.0775,142.058,142.415
1389564000,142.415,142.415,140.499,140.805
1389650400,140.805,142.6325,140.772,142.557
1389736800,142.557,142.6165,141.795,142.2565
1389823200,142.2565,142.913,141.7085,142.1165
1389909600,142.1165,142.175,140.9785,141.259
1390168800,141.259,141.384,140.324,141.181
1390255200,141.181,141.8595,141.0375,141.431
1390341600,141.431,141.8345,141.0555,141.606
1390428000,141.606,142.417,141.03,141.4325
1390514400,141.4325,141.773,139.759,140.024
1390773600,140.024,140.698,139.181,140.224
1390860000,140.224,140.9875,140.155,140.728
1390946400,140.728,141.273,139.0425,139.7445
1391032800,139.7445,139.9475,138.8935,139.232
1391119200,139.232,139.507,137.5085,137.607
1391378400,137.607,138.106,136.3565,136.575
1391464800,136.575,137.4425,136.23,137.4085
1391551200,137.4085,137.5455,136.557,137.2905
1391637600,137.2905,138.831,136.7515,138.757
1391724000,138.757,139.6075,138.168,139.577
1391983200,139.577,139.8035,139.1685,139.5415
1392069600,139.5415,140.3145,139.28,139.961
1392156000,139.961,140.047,138.6775,139.375
1392242400,139.375,139.918,138.8805,139.775
1392328800,139.775,140.067,138.9905,139.3975
1392588000,139.3975,139.758,138.957,139.6885
1392674400,139.6885,141.0385,139.503,140.828
1392760800,140.828,140.919,139.999,140.4945
1392847200,140.4945,140.623,139.196,140.304
1392933600,140.304,141.2705,140.304,140.807
1393192800,140.807,141.046,140.3465,140.775
1393279200,140.775,140.967,140.1355,140.5205
1393365600,140.5205,140.786,139.6565,140.1125
1393452000,140.1125,140.224,138.7905,140.005
1393538400,140.005,141.1205,139.1205,140.488
1393797600,140.488,140.488,139.1545,139.337
1393884000,139.337,140.5355,139.273,140.451
1393970400,140.451,140.7835,140.1965,140.5065
1394056800,140.5065,142.923,140.483,142.858
1394143200,142.858,143.794,142.5385,143.297
1394398800,143.297,143.6195,142.8525,143.2965
1394485200,143.2965,143.4465,142.6245,142.777
1394571600,142.777,142.9715,142.24,142.874
1394658000,142.874,143.384,140.7145,141.2415
1394744400,141.2415,141.514,140.448,140.989
1395003600,140.989,141.9775,140.801,141.6825
1395090000,141.6825,141.965,140.746,141.3475
1395176400,141.3475,141.926,141.0655,141.546
1395262800,141.546,141.731,140.823,141.0715
1395349200,141.0715,141.298,140.439,141.0265
1395608400,141.0265,141.8865,140.7285,141.4915
1395694800,141.4915,141.5965,140.696,141.3875
1395781200,141.3875,141.508,140.5025,140.6545
1395867600,140.6545,141.0405,140.179,140.3945
1395954000,140.3945,141.653,139.96,141.407
1396213200,141.407,142.6065,141.3205,142.129
1396299600,142.129,143.0705,142.0085,142.9735
1396386000,142.9735,143.4805,142.725,143.009
1396472400,143.009,143.447,142.3065,142.604
1396558800,142.604,142.6245,141.388,141.5595
1396818000,141.5595,141.898,141.1215,141.667
1396904400,141.667,141.7195,140.081,140.469
1396990800,140.469,141.3365,140.422,141.3105
1397077200,141.3105,141.5545,140.598,140.984
1397163600,140.984,141.5585,140.649,141.0925
1397422800,141.0925,141.0925,140.427,140.7615
1397509200,140.7615,140.907,140.235,140.79
1397595600,140.79,141.7645,140.6485,141.229
1397682000,141.229,141.6245,140.987,141.4405
1397768400,141.4405,141.656,141.3385,141.463
1398027600,141.463,141.8285,141.4125,141.528
1398114000,141.528,141.7785,141.2165,141.67
1398200400,141.67,142.001,141.1865,141.6745
1398286800,141.6745,141.7985,141.0495,141.4955
1398373200,141.4955,141.7495,141.035,141.375
1398632400,141.375,142.1485,140.9955,141.9505
1398718800,141.9505,142.477,141.592,141.768
1398805200,141.768,142.169,141.129,141.7705
1398891600,141.7705,142.0135,141.6735,141.918
1398978000,141.918,142.425,141.642,141.805
1399237200,141.805,141.8775,141.293,141.719
1399323600,141.719,142.097,141.3595,141.6175
1399410000,141.6175,142.008,141.1555,141.7515
1399496400,141.7515,142.3695,140.522,140.695
1399582800,140.695,140.8125,139.8855,140.114
1399842000,140.114,140.635,140.0515,140.491
1399928400,140.491,140.944,139.9875,140.133
1400014800,140.133,140.2825,139.4665,139.7485
1400101200,139.7485,139.871,138.9765,139.2645
1400187600,139.2645,139.44,138.781,139.0065
1400446800,139.0065,139.2715,138.614,139.153
1400533200,139.153,139.3135,138.545,138.8325
1400619600,138.8325,138.937,138.1465,138.7355
1400706000,138.7355,139.13,138.645,138.9285
1400792400,138.9285,139.0835,138.5965,138.966
1401051600,138.966,139.1085,138.7325,139.1
1401138000,139.1,139.3675,138.823,139.0225
1401224400,139.0225,139.112,138.2995,138.414
1401310800,138.414,138.521,137.974,138.4375
1401397200,138.4375,138.881,138.0775,138.682
1401656400,138.682,139.3245,138.669,139.21
1401742800,139.21,139.783,139.079,139.6785
1401829200,139.6785,139.964,139.5605,139.734
1401915600,139.734,139.9875,138.6745,139.8985
1402002000,139.8985,139.9725,139.39,139.848
1402261200,139.848,140.093,139.2665,139.375
1402347600,139.375,139.421,138.4505,138.6565
1402434000,138.6565,138.6635,137.8725,138.113
1402520400,138.113,138.343,137.7245,137.812
1402606800,137.812,138.558,137.751,138.175
1402866000,138.175,138.2805,137.709,138.2345
1402952400,138.2345,138.543,138.1865,138.378
1403038800,138.378,138.789,138.344,138.575
1403125200,138.575,138.8895,138.43,138.7335
1403211600,138.7335,138.8945,138.5455,138.817
1403470800,138.817,138.8245,138.287,138.671
1403557200,138.671,138.9285,138.4595,138.732
1403643600,138.732,138.9035,138.5675,138.831
1403730000,138.831,138.8505,137.922,138.4655
1403816400,138.4655,138.4925,137.985,138.419
1404075600,138.419,138.7585,138.1075,138.7395
1404162000,138.7395,139.1355,138.6855,138.873
1404248400,138.873,139.069,138.548,139.0165
1404334800,139.0165,139.299,138.959,139.0885
1404421200,139.0885,139.124,138.588,138.769
1404680400,138.769,138.833,138.4395,138.577
1404766800,138.577,138.639,138.115,138.253
1404853200,138.253,138.766,138.1475,138.643
1404939600,138.643,138.6865,137.499,137.9195
1405026000,137.9195,138.052,137.6785,137.895
1405285200,137.895,138.4535,137.826,138.2775
1405371600,138.2775,138.432,137.891,137.953
1405458000,137.953,138.093,137.493,137.498
1405544400,137.498,137.552,136.8205,136.852
1405630800,136.852,137.294,136.713,137.064
1405890000,137.064,137.163,136.893,137.1245
1405976400,137.1245,137.344,136.5845,136.624
1406062800,136.624,136.7625,136.411,136.636
1406149200,136.636,137.1945,136.3675,137.0755
1406235600,137.0755,137.254,136.655,136.7755
1406494800,136.7755,136.919,136.6415,136.888
1406581200,136.888,137.106,136.76,136.93
1406667600,136.93,137.863,136.835,137.71
1406754000,137.71,137.8485,137.5125,137.645
1406840400,137.645,138.052,137.568,137.808
1407099600,137.808,137.9095,137.4275,137.677
1407186000,137.677,137.7245,137.077,137.228
1407272400,137.228,137.241,136.166,136.641
1407358800,136.641,137.1235,136.268,136.4335
1407445200,136.4335,136.952,135.73,136.839
1407704400,136.839,137.038,136.597,136.7855
1407790800,136.7855,136.8935,136.3685,136.7115
1407877200,136.7115,137.18,136.615,136.871
1407963600,136.871,137.249,136.7955,136.9255
1408050000,136.9255,137.623,136.769,137.134
1408309200,137.134,137.271,136.9075,137.071
1408395600,137.071,137.1605,136.814,137.082
1408482000,137.082,137.667,137.0175,137.5785
1408568400,137.5785,137.947,137.4685,137.917
1408654800,137.917,138.0015,137.318,137.6495
1408914000,137.6495,137.671,137.0985,137.2695
1409000400,137.2695,137.4205,137.0105,137.026
1409086800,137.026,137.297,136.745,137.048
1409173200,137.048,137.2225,136.42,136.732
1409259600,136.732,137.191,136.5855,136.692
1409518800,136.692,137.0455,136.6685,136.9965
1409605200,136.9965,138.1055,136.932,138.0215
1409691600,138.0215,138.2845,137.6875,137.8085
1409778000,137.8085,138.0145,135.9655,136.243
1409864400,136.243,136.6175,135.8205,136.112
1410123600,136.112,136.9965,135.8855,136.7235
1410210000,136.7235,137.5075,136.6245,137.4025
1410296400,137.4025,138.1725,137.3135,138.0325
1410382800,138.0325,138.525,137.7375,138.434
1410469200,138.434,139.201,138.247,139.1625
1410728400,139.1625,139.1835,138.4665,138.7005
1410814800,138.7005,138.9685,138.5265,138.844
1410901200,138.844,139.6425,138.7755,139.4185
1410987600,139.4185,140.534,139.1525,140.4505
1411074000,140.4505,141.2265,139.6835,139.881
1411333200,139.881,140.2075,139.6365,139.848
1411419600,139.848,140.22,139.2705,139.881
1411506000,139.881,139.9445,139.0005,139.3615
1411592400,139.3615,139.7075,138.4335,138.665
1411678800,138.665,139.0885,138.385,138.627
1411938000,138.627,139.14,138.571,138.8885
1412024400,138.8885,138.9335,137.942,138.492
1412110800,138.492,138.808,137.4,137.4605
1412197200,137.4605,137.7235,136.8725,137.3505
1412283600,137.3505,137.8845,137.111,137.3535
1412542800,137.3535,137.7755,137.048,137.6625
1412629200,137.6625,137.769,136.5625,136.8635
1412715600,136.8635,137.9405,136.658,137.627
1412802000,137.627,137.8715,136.65,136.856
1412888400,136.856,137.0785,135.844,135.986
1413147600,135.986,136.3155,135.5515,136.242
1413234000,136.242,136.552,135.0375,135.506
1413320400,135.506,136.063,135.135,135.9885
1413406800,135.9885,136.2945,134.139,136.1905
1413493200,136.1905,136.7175,135.7565,136.369
1413752400,136.369,137.0155,136.2775,136.8895
1413838800,136.8895,136.9385,135.696,136.0565
1413925200,136.0565,136.211,135.438,135.5365
1414011600,135.5365,137.0085,135.2095,136.925
1414098000,136.925,137.084,136.4955,137.035
1414357200,137.035,137.3615,136.588,136.9105
1414443600,136.9105,137.803,136.8755,137.743
1414530000,137.743,138.031,137.4015,137.5545
1414616400,137.5545,138.0645,137.0435,137.757
1414702800,137.757,140.796,137.6845,140.6765
1414965600,140.6765,142.562,140.396,142.367
1415052000,142.367,142.62,141.699,142.518
1415138400,142.518,143.4465,142.364,143.162
1415224800,143.162,144.221,142.189,142.566
1415311200,142.566,143.085,142.2565,142.741
1415570400,142.741,142.8835,142.091,142.657
1415656800,142.657,144.51,142.591,144.4335
1415743200,144.4335,144.695,143.353,143.6125
1415829600,143.6125,144.59,143.5735,144.4255
1415916000,144.4255,145.8455,144.3065,145.629
1416175200,145.629,146.533,144.791,145.203
1416261600,145.203,146.703,145.151,146.467
1416348000,146.467,148.1265,146.369,148.0885
1416434400,148.0885,149.139,147.8885,148.243
1416520800,148.243,148.438,145.6835,146.012
1416780000,146.012,147.327,145.5865,147.1495
1416866400,147.1495,147.392,146.3,147.1665
1416952800,147.1665,147.42,146.505,147.252
1417039200,147.252,147.252,146.427,146.757
1417125600,146.757,147.977,146.757,147.686
1417384800,147.686,148.1585,147.0935,147.6465
1417471200,147.6465,148.199,147.4615,147.6225
1417557600,147.6225,147.9155,147.037,147.4735
1417644000,147.4735,148.9505,147.2895,148.287
1417730400,148.287,149.5165,148.2615,149.2725
1417989600,149.2725,149.7805,148.1945,148.658
1418076000,148.658,148.8795,146.8,148.115
1418162400,148.115,148.253,146.512,146.6645
1418248800,146.6645,148.0585,146.428,147.259
1418335200,147.259,148.1815,146.955,148.049
1418594400,148.049,148.244,146.272,146.531
1418680800,146.531,147.03,144.963,145.643
1418767200,145.643,146.775,145.344,146.4215
1418853600,146.4215,146.748,145.5985,146.0065
1418940000,146.0065,146.7455,145.939,146.179
1419199200,146.179,147.1215,145.9555,146.8015
1419285600,146.8015,147.1395,146.711,146.8885
1419372000,146.8885,147.1445,146.4475,146.8825
1419544800,146.8825,147.118,146.4815,146.621
1419804000,146.621,147.223,146.5105,146.6415
1419890400,146.6415,146.752,144.77,145.239
1419976800,145.239,145.5775,144.8235,145.0745
1420149600,145.0745,145.323,144.126,144.612
1420408800,144.612,144.612,142.301,142.771
1420495200,142.771,142.8075,140.745,140.769
1420581600,140.769,141.6735,140.572,141.1935
1420668000,141.1935,141.722,140.716,141.1065
1420754400,141.1065,141.3645,140.1935,140.373
1421013600,140.373,140.8845,139.7505,140.0615
1421100000,140.0615,140.517,138.3195,138.828
1421186400,138.828,138.9065,137.009,138.325
1421272800,138.325,138.7915,135.0005,135.124
1421359200,135.124,136.185,134.7085,135.929
1421618400,135.929,136.8275,135.1355,136.4515
1421704800,136.4515,137.6435,136.4415,137.25
1421791200,137.25,137.3035,135.8035,136.9605
1421877600,136.9605,137.313,134.223,134.688
1421964000,134.688,135.061,130.9145,131.981
1422223200,131.981,133.7155,130.1565,133.114
1422309600,133.114,134.2185,132.498,134.1415
1422396000,134.1415,134.359,132.451,132.69
1422482400,132.69,134.078,132.3955,133.8865
1422568800,133.8865,134.184,132.372,132.666
1422828000,132.666,133.602,132.292,133.375
1422914400,133.375,135.1945,132.3955,134.932
1423000800,134.932,135.36,132.542,133.05
1423087200,133.05,135.1625,132.5685,134.8915
1423173600,134.8915,135.195,134.014,134.832
1423432800,134.832,134.994,133.6815,134.3515
1423519200,134.3515,135.29,134.047,135.2075
1423605600,135.2075,136.6935,135.0305,136.563
1423692000,136.563,136.715,134.7165,135.819
1423778400,135.819,136.0315,135.1635,135.384
1424037600,135.384,135.5585,134.002,134.536
1424124000,134.536,136.235,133.9405,136.064
1424210400,136.064,136.129,135.0795,135.38
1424296800,135.38,135.949,134.9515,135.226
1424383200,135.226,135.905,133.552,135.411
1424642400,135.411,135.7215,134.4475,134.6665
1424728800,134.6665,135.664,134.521,134.9085
1424815200,134.9085,135.2255,134.571,135.0335
1424901600,135.0335,135.3725,133.546,133.732
1424988000,133.732,134.2715,133.4415,133.943
1425247200,133.943,134.597,133.678,134.3475
1425333600,134.3475,134.4405,133.681,133.8055
1425420000,133.8055,133.852,132.406,132.607
1425506400,132.607,133.594,132.1045,132.489
1425592800,132.489,132.5685,130.8925,130.995
1425848400,130.995,131.8095,130.7085,131.467
1425934800,131.467,131.875,129.477,129.5985
1426021200,129.5985,129.957,127.6225,128.104
1426107600,128.104,129.026,127.658,128.984
1426194000,128.984,129.068,126.9085,127.416
1426453200,127.416,128.794,127.092,128.239
1426539600,128.239,129.1575,128.085,128.625
1426626000,128.625,131.798,128.267,130.507
1426712400,130.507,130.8495,128.367,128.7345
1426798800,128.7345,130.704,128.6445,129.94
1427058000,129.94,131.3595,129.2925,131.049
1427144400,131.049,131.5165,130.352,130.817
1427230800,130.817,131.416,130.587,131.078
1427317200,131.078,131.112,129.5325,129.728
1427403600,129.728,130.418,129.0335,129.7305
1427662800,129.7305,130.1995,129.301,130.0915
1427749200,130.0915,130.265,128.611,128.933
1427835600,128.933,129.4545,128.402,128.8885
1427922000,128.8885,130.496,128.6145,130.2515
1428008400,130.2515,130.9755,130.0175,130.564
1428267600,130.564,131.297,130.4165,130.5595
1428354000,130.5595,131.0445,130.0175,130.075
1428440400,130.075,130.3555,129.4015,129.5155
1428526800,129.5155,129.7665,128.2455,128.529
1428613200,128.529,128.783,127.205,127.456
1428872400,127.456,127.8305,126.508,126.9475
1428958800,126.9475,127.633,126.097,127.213
1429045200,127.213,127.491,126.2865,127.289
1429131600,127.289,128.5805,126.749,128.0635
1429218000,128.0635,128.745,127.763,128.496
1429477200,128.496,128.811,127.598,127.973
1429563600,127.973,128.7755,127.4565,128.463
1429650000,128.463,128.966,128.183,128.6025
1429736400,128.6025,129.6725,127.8755,129.4325
1429822800,129.4325,130.1175,128.84,129.39
1430082000,129.39,129.9885,129.0155,129.625
1430168400,129.625,130.6785,129.3565,130.541
1430254800,130.541,132.903,130.267,132.441
1430341200,132.441,134.521,131.31,133.9715
1430427600,133.9715,135.2945,133.903,134.592
1430686800,134.592,134.729,133.7005,133.919
1430773200,133.919,134.4965,133.109,134.0745
1430859600,134.0745,135.695,134.033,135.5575
1430946000,135.5575,135.998,134.198,134.91
1431032400,134.91,135.417,134.0805,134.229
1431291600,134.229,134.2385,133.489,133.9555
1431378000,133.9555,135.294,133.7585,134.41
1431464400,134.41,135.502,134.21,135.289
1431550800,135.289,136.421,135.2025,135.971
1431637200,135.971,136.82,135.704,136.615
1431896400,136.615,136.9625,135.5895,135.7545
1431982800,135.7545,135.8325,133.945,134.5535
1432069200,134.5535,134.8705,133.9195,134.64
1432155600,134.64,135.3505,134.2235,134.4845
1432242000,134.4845,135.344,133.7275,133.843
1432501200,133.843,133.843,133.2575,133.439
1432587600,133.439,134.5185,133.1025,133.863
1432674000,133.863,135.02,133.785,134.851
1432760400,134.851,135.8565,134.752,135.706
1432846800,135.706,136.484,135.434,136.452
1433106000,136.452,136.5965,135.134,136.3475
1433192400,136.3475,138.8795,136.109,138.39
1433278800,138.39,140.1445,138.051,140.0725
1433365200,140.0725,141.057,139.5545,139.769
1433451600,139.769,140.6985,139.0315,139.61
1433710800,139.61,140.745,139.038,140.5775
1433797200,140.5775,141.014,139.3675,140.288
1433883600,140.288,140.6715,138.4345,138.918
1433970000,138.918,139.62,138.5805,138.9425
1434056400,138.9425,139.3215,137.983,139.01
1434315600,139.01,139.3485,138.1215,139.228
1434402000,139.228,140.0025,138.2555,138.7585
1434488400,138.7585,140.012,138.6935,139.941
1434574800,139.941,140.6715,139.4935,139.7265
1434661200,139.7265,140.169,138.9265,139.246
1434920400,139.246,140.6345,139.246,139.9105
1435006800,139.9105,140.0305,138.2085,138.4145
1435093200,138.4145,139.172,138.265,138.7795
1435179600,138.7795,138.897,137.6665,138.519
1435266000,138.519,138.682,137.802,138.354
1435525200,138.354,138.354,133.7875,137.6905
1435611600,137.6905,137.751,135.886,136.444
1435698000,136.444,137.422,136.038,136.1485
1435784400,136.1485,136.9155,136.045,136.395
1435870800,136.395,136.8495,135.9175,136.443
1436130000,136.443,136.443,133.912,135.514
1436216400,135.514,135.6735,133.5155,134.933
1436302800,134.933,134.977,133.311,133.7025
1436389200,133.7025,135.074,133.3115,133.9125
1436475600,133.9125,137.286,133.819,136.944
1436734800,136.944,137.803,135.5855,135.7885
1436821200,135.7885,136.424,135.285,135.8305
1436907600,135.8305,136.3825,135.3595,135.49
1436994000,135.49,135.8765,134.7535,134.9955
1437080400,134.9955,135.276,134.353,134.395
1437339600,134.395,135.051,134.351,134.5325
1437426000,134.5325,135.767,134.48,135.529
1437512400,135.529,135.63,134.8505,135.484
1437598800,135.484,136.4435,135.419,136.082
1437685200,136.082,136.2885,135.5355,135.966
1437944400,135.966,137.1065,135.753,136.654
1438030800,136.654,136.982,136.374,136.6495
1438117200,136.6495,136.9635,135.979,136.1415
1438203600,136.1415,136.4925,135.5425,135.72
1438290000,135.72,137.3475,135.5815,136.048
1438549200,136.048,136.446,135.5945,135.819
1438635600,135.819,136.171,135.28,135.343
1438722000,135.343,136.2045,134.9975,136.181
1438808400,136.181,136.494,135.8065,136.277
1438894800,136.277,136.73,135.557,136.234
1439154000,136.234,137.42,136.06,137.3245
1439240400,137.3245,138.3725,136.7895,138.1575
1439326800,138.1575,138.8655,138.0245,138.618
1439413200,138.618,138.857,138.082,138.7455
1439499600,138.7455,138.857,137.9355,138.096
1439758800,138.096,138.4,137.5885,137.781
1439845200,137.781,137.903,137.0615,137.1625
1439931600,137.1625,137.847,137.0685,137.667
1440018000,137.667,138.7315,137.6475,138.7185
1440104400,138.7185,139.0145,138.1735,138.959
1440363600,138.959,138.9615,136.01,137.607
1440450000,137.607,138.6165,136.487,136.8975
1440536400,136.8975,137.625,135.452,135.668
1440622800,135.668,136.418,135.2635,136.116
1440709200,136.116,136.6205,135.302,136.124
1440968400,136.124,136.3615,135.678,135.9075
1441054800,135.9075,136.24,134.6785,135.0775
1441141200,135.0775,135.805,134.728,135.0955
1441227600,135.0955,135.3735,133.1305,133.5525
1441314000,133.5525,133.67,132.2305,132.702
1441573200,132.702,133.355,132.6545,133.238
1441659600,133.238,134.41,132.975,134.2275
1441746000,134.2275,135.1935,134.2115,135.049
1441832400,135.049,136.1985,134.755,136.0605
1441918800,136.0605,136.926,135.727,136.7095
1442178000,136.7095,137.0525,135.495,136.0645
1442264400,136.0645,136.4115,134.999,135.6905
1442350800,135.6905,136.633,135.1585,136.144
1442437200,136.144,137.446,136.071,137.2265
1442523600,137.2265,137.31,135.25,135.561
1442782800,135.561,136.1445,134.771,134.9015
1442869200,134.9015,134.979,133.322,133.7105
1442955600,133.7105,134.6905,133.158,134.5295
1443042000,134.5295,134.8655,134.0105,134.86
1443128400,134.86,135.3905,134.119,135.028
1443387600,135.028,135.028,133.9465,134.8385
1443474000,134.8385,134.963,134.241,134.698
1443560400,134.698,135.118,133.5795,133.9915
1443646800,133.9915,134.245,133.44,134.239
1443733200,134.239,134.88,133.99,134.482
1443992400,134.482,135.717,134.4205,134.773
1444078800,134.773,135.6075,134.406,135.529
1444165200,135.529,135.6315,134.6185,134.8695
1444251600,134.8695,135.59,134.7285,135.236
1444338000,135.236,136.957,135.06,136.5945
1444597200,136.5945,136.938,136.238,136.3425
1444683600,136.3425,136.597,136.011,136.2545
1444770000,136.2545,136.616,136.153,136.3425
1444856400,136.3425,136.7415,134.8,135.3515
1444942800,135.3515,135.9885,134.961,135.575
1445202000,135.575,135.9485,135.0735,135.358
1445288400,135.358,136.225,135.265,135.9715
1445374800,135.9715,136.3895,135.887,135.9855
1445461200,135.9855,136.0675,134.0535,134.074
1445547600,134.074,134.267,133.375,133.818
1445806800,133.818,133.913,133.148,133.913
1445893200,133.913,133.913,132.734,133.0485
1445979600,133.0485,133.551,131.973,132.2775
1446066000,132.2775,133.031,131.591,132.96
1446152400,132.96,133.3965,132.219,132.758
1446415200,132.758,133.2085,132.6265,133.0155
1446501600,133.0155,133.1235,132.5455,132.748
1446588000,132.748,132.9105,131.8475,132.0795
1446674400,132.0795,132.7295,131.864,132.509
1446760800,132.509,132.7135,131.486,132.266
1447020000,132.266,133.192,132.1825,132.427
1447106400,132.427,132.787,131.627,132.085
1447192800,132.085,132.4105,131.658,131.9885
1447279200,131.9885,132.758,131.4825,132.5925
1447365600,132.5925,132.6205,131.5625,132.077
1447624800,132.077,132.213,130.6495,131.6285
1447711200,131.6285,131.8025,131.2025,131.3775
1447797600,131.3775,131.7875,131.1195,131.785
1447884000,131.785,132.2775,131.431,131.8905
1447970400,131.8905,131.9635,130.7055,130.745
1448229600,130.745,131.046,130.354,130.6575
1448316000,130.6575,130.797,130.198,130.4085
1448402400,130.4085,130.7655,129.7785,130.369
1448488800,130.369,130.406,129.8925,130.0735
1448575200,130.0735,130.249,129.6715,130.073
1448834400,130.073,130.298,129.8175,130.0645
1448920800,130.0645,130.81,129.7595,130.647
1449007200,130.647,130.9795,130.3035,130.8225
1449093600,130.8225,134.5035,129.886,134.1165
1449180000,134.1165,134.593,133.3285,133.98
1449439200,133.98,134.123,133.296,133.7055
1449525600,133.7055,134.0055,133.4835,133.9015
1449612000,133.9015,134.221,133.5245,133.8875
1449698400,133.8875,134.125,132.778,133.022
1449784800,133.022,133.7845,132.63,132.974
1450044000,132.974,133.239,132.44,133.0555
1450130400,133.0555,133.5295,132.7065,133.0075
1450216800,133.0075,133.785,132.8885,133.351
1450303200,133.351,133.383,132.5985,132.684
1450389600,132.684,133.7885,131.04,131.637
1450648800,131.637,132.3455,131.487,132.2795
1450735200,132.2795,132.798,132.0975,132.6675
1450821600,132.6675,132.6675,131.506,131.9455
1450908000,131.9455,132.0095,131.5945,131.8695
1451253600,131.8695,132.466,131.709,132.052
1451340000,132.052,132.358,131.3645,131.584
1451426400,131.584,131.923,131.453,131.7665
1451512800,131.7665,131.778,130.4745,130.663
1451858400,130.663,130.771,128.6825,129.3835
1451944800,129.3835,129.4745,127.523,127.9675
1452031200,127.9675,128.1795,127.025,127.724
1452117600,127.724,128.6275,126.788,128.6255
1452204000,128.6255,129.0875,128.0855,128.128
1452463200,128.128,128.468,127.3115,127.8765
1452549600,127.8765,128.009,127.461,127.732
1452636000,127.732,128.5465,127.6385,127.995
1452722400,127.995,128.754,127.7475,128.277
1452808800,128.277,128.421,127.602,127.712
1453068000,127.712,127.947,127.355,127.819
1453154400,127.819,128.559,127.7725,128.3095
1453240800,128.3095,128.3685,126.6315,127.3695
1453327200,127.3695,128.1955,126.171,127.9925
1453413600,127.9925,128.432,127.423,128.26
1453672800,128.26,128.546,127.855,128.3495
1453759200,128.3495,128.725,127.8245,128.706
1453845600,128.706,129.496,128.253,129.286
1453932000,129.286,130.22,128.9475,129.991
1454018400,129.991,132.315,129.567,131.197
1454277600,131.197,132.023,131.197,131.7335
1454364000,131.7335,131.9675,130.898,130.9875
1454450400,130.9875,131.021,130.056,130.898
1454536800,130.898,131.6595,130.643,130.8855
1454623200,130.8855,131.022,130.1635,130.371
1454882400,130.371,130.904,128.7665,129.67
1454968800,129.67,130.265,128.275,130.0055
1455055200,130.0055,130.1135,127.748,128.0205
1455141600,128.0205,128.115,125.7805,127.3035
1455228000,127.3035,127.6575,126.3775,127.456
1455487200,127.456,127.9605,127.2555,127.842
1455573600,127.842,128.1745,126.6165,127.1355
1455660000,127.1355,127.3975,126.635,126.943
1455746400,126.943,127.1655,125.597,125.787
1455832800,125.787,125.9595,125.0195,125.316
1456092000,125.316,125.5625,124.372,124.5375
1456178400,124.5375,124.615,123.069,123.535
1456264800,123.535,123.625,122.4575,123.537
1456351200,123.537,124.6405,123.2745,124.4885
1456437600,124.4885,125.0135,124.221,124.617
1456696800,124.617,124.617,122.459,122.543
1456783200,122.543,124.082,122.0775,123.8895
1456869600,123.8895,124.36,123.093,123.3265
1456956000,123.3265,124.599,123.2715,124.5675
1457042400,124.5675,125.591,123.9375,125.214
1457301600,125.214,125.261,124.2445,124.9525
1457388000,124.9525,125.011,123.85,124.0165
1457474400,124.0165,124.889,123.0605,124.6725
1457560800,124.6725,126.777,123.652,126.5615
1457647200,126.5615,127.2895,126.0665,126.948
1457902800,126.948,127.1565,126.079,126.371
1457989200,126.371,126.709,125.0975,125.723
1458075600,125.723,126.46,125.5505,126.3555
1458162000,126.3555,126.6225,125.3275,126.0925
1458248400,126.0925,126.1975,125.2685,125.7245
1458507600,125.7245,126.079,125.225,125.8455
1458594000,125.8455,126.2715,124.6745,126.033
1458680400,126.033,126.251,125.5105,125.6435
1458766800,125.6435,126.1845,125.3885,126.156
1458853200,126.156,126.4655,125.913,126.286
1459112400,126.286,127.059,126.286,126.9955
1459198800,126.9955,127.452,126.7785,127.303
1459285200,127.303,127.826,126.784,127.4765
1459371600,127.4765,128.225,126.969,128.1155
1459458000,128.1155,128.167,127.102,127.268
1459717200,127.268,127.356,126.453,126.7995
1459803600,126.7995,126.844,125.2485,125.6365
1459890000,125.6365,125.842,124.8645,125.1425
1459976400,125.1425,125.3095,122.5505,123.129
1460062800,123.129,124.2355,122.9995,123.183
1460322000,123.183,123.73,122.8325,123.1575
1460408400,123.1575,124.004,123.08,123.5795
1460494800,123.5795,123.869,123.015,123.279
1460581200,123.279,123.424,122.7265,123.2575
1460667600,123.2575,123.5685,122.5975,122.713
1460926800,122.713,123.353,121.7195,123.115
1461013200,123.115,124.444,123.0675,124.047
1461099600,124.047,124.336,123.543,124.09
1461186000,124.09,124.9655,123.369,123.5545
1461272400,123.5545,125.5065,123.409,125.4915
1461531600,125.4915,125.5415,124.8045,125.307
1461618000,125.307,125.976,124.6915,125.784
1461704400,125.784,126.358,125.449,126.2185
1461790800,126.2185,126.469,122.522,122.7225
1461877200,122.7225,122.955,121.681,121.737
1462136400,121.737,122.9285,121.737,122.743
1462222800,122.743,122.766,122.127,122.565
1462309200,122.565,123.535,122.3015,122.936
1462395600,122.936,123.13,122.1005,122.3305
1462482000,122.3305,122.462,121.4865,122.168
1462741200,122.168,123.709,121.803,123.292
1462827600,123.292,124.444,123.282,124.262
1462914000,124.262,124.404,123.604,123.8955
1463000400,123.8955,124.651,123.692,124.02
1463086800,124.02,124.1315,122.756,122.832
1463346000,122.832,123.5095,122.6175,123.421
1463432400,123.421,124.1765,123.243,123.476
1463518800,123.476,123.9125,122.961,123.5935
1463605200,123.5935,123.779,122.9305,123.185
1463691600,123.185,124.048,123.0595,123.599
1463950800,123.599,123.647,122.3885,122.5645
1464037200,122.5645,122.732,122.3485,122.536
1464123600,122.536,123.1125,122.489,122.9265
1464210000,122.9265,123.0705,122.265,122.8645
1464296400,122.8645,123.0885,122.2215,122.55
1464555600,122.55,123.9035,122.55,123.757
1464642000,123.757,124.191,122.975,123.265
1464728400,123.265,123.317,121.8995,122.543
1464814800,122.543,122.6125,121.0655,121.419
1464901200,121.419,121.6785,120.83,121.097
1465160400,121.097,122.333,120.8295,122.1225
1465246800,122.1225,122.7005,121.657,121.9605
1465333200,121.9605,122.022,121.3345,121.911
1465419600,121.911,122.042,120.327,121.2125
1465506000,121.2125,121.2125,119.9175,120.341
1465765200,120.341,120.341,119.0015,119.9895
1465851600,119.9895,120.1195,118.5165,118.914
1465938000,118.914,119.486,118.7215,119.3675
1466024400,119.3675,119.442,115.4995,117.0365
1466110800,117.0365,118.105,116.9015,117.471
1466370000,117.471,119.1415,117.353,117.593
1466456400,117.593,118.686,117.313,117.78
1466542800,117.78,118.6115,117.429,117.945
1466629200,117.945,120.944,117.945,120.886
1466715600,120.886,122.01,109.5705,113.499
1466974800,113.499,113.499,111.3785,112.4585
1467061200,112.4585,113.861,111.9275,113.7105
1467147600,113.7105,114.501,112.951,114.399
1467234000,114.399,114.8005,113.3445,114.596
1467320400,114.596,114.7505,113.683,114.202
1467579600,114.202,114.509,113.9625,114.372
1467666000,114.372,114.379,112.395,112.6875
1467752400,112.6875,112.706,110.827,112.4565
1467838800,112.4565,112.5265,111.223,111.484
1467925200,111.484,111.865,110.8695,111.101
1468184400,111.101,113.7825,111.101,113.6765
1468270800,113.6765,116.4255,113.286,115.789
1468357200,115.789,116.2285,114.924,115.871
1468443600,115.871,118.0355,115.3705,117.154
1468530000,117.154,118.405,115.495,115.699
1468789200,115.699,117.6925,115.699,117.571
1468875600,117.571,117.7715,116.5745,116.958
1468962000,116.958,117.926,116.538,117.7195
1469048400,117.7195,118.4665,116.153,116.6795
1469134800,116.6795,117.2745,116.224,116.478
1469394000,116.478,116.9665,116.224,116.3355
1469480400,116.3355,116.4135,114.456,114.95
1469566800,114.95,117.1535,114.949,116.5595
1469653200,116.5595,116.847,115.8205,116.599
1469739600,116.599,116.9605,113.883,114.074
1469998800,114.074,114.7395,113.9615,114.3025
1470085200,114.3025,114.816,113.0105,113.231
1470171600,113.231,113.6485,112.667,112.886
1470258000,112.886,113.274,112.481,112.654
1470344400,112.654,113.008,112.32,112.862
1470603600,112.862,113.756,112.862,113.5955
1470690000,113.5955,113.625,113.0365,113.2625
1470776400,113.2625,113.47,112.794,113.211
1470862800,113.211,113.6965,112.708,113.5575
1470949200,113.5575,114.0315,112.733,113.057
1471208400,113.057,113.2975,112.6785,113.2355
1471294800,113.2355,113.283,112.366,113.13
1471381200,113.13,113.9315,112.8295,113.2075
1471467600,113.2075,113.7085,112.652,113.412
1471554000,113.412,113.875,113.2305,113.499
1471813200,113.499,114.008,113.409,113.5725
1471899600,113.5725,113.7295,113.225,113.3305
1471986000,113.3305,113.587,112.793,113.145
1472072400,113.145,113.58,113.102,113.4555
1472158800,113.4555,114.138,113.1545,114.017
1472418000,114.017,114.692,113.9605,114.037
1472504400,114.037,114.94,113.857,114.7275
1472590800,114.7275,115.431,114.6845,115.4015
1472677200,115.4015,115.823,115.0285,115.5865
1472763600,115.5865,116.372,115.5145,115.975
1473022800,115.975,116.1645,115.1315,115.299
1473109200,115.299,115.682,114.7065,114.8265
1473195600,114.8265,114.893,113.8145,114.353
1473282000,114.353,115.45,114.14,115.41
1473368400,115.41,115.951,115.02,115.353
1473627600,115.353,115.478,114.2495,114.426
1473714000,114.426,115.3165,113.93,115.0755
1473800400,115.0755,116.0865,114.918,115.226
1473886800,115.226,115.4345,114.647,114.796
1473973200,114.796,114.8435,113.957,114.098
1474232400,114.098,114.2905,113.4755,113.8905
1474318800,113.8905,114.0285,113.4185,113.4185
1474405200,113.4185,114.3985,112.0835,112.267
1474491600,112.267,113.5065,112.0895,112.9315
1474578000,112.9315,113.6195,112.884,113.391
1474837200,113.391,113.5225,112.819,112.9185
1474923600,112.9185,113.575,112.25,112.6375
1475010000,112.6375,113.107,112.465,112.945
1475096400,112.945,114.191,112.9035,113.3935
1475182800,113.3935,114.12,112.6015,113.93
1475442000,113.93,114.154,113.634,113.9565
1475528400,113.9565,115.382,113.877,115.3015
1475614800,115.3015,116.255,115.1175,115.9755
1475701200,115.9755,116.282,115.7225,115.919
1475787600,115.919,115.988,115.05,115.283
1476046800,115.283,115.7335,115.074,115.418
1476133200,115.418,115.794,114.0155,114.4215
1476219600,114.4215,115.1745,114.041,114.6955
1476306000,114.6955,115.151,113.9185,114.655
1476392400,114.655,115.0545,114.217,114.29
1476651600,114.29,114.58,114.025,114.277
1476738000,114.277,114.682,114,114.047
1476824400,114.047,114.16,113.1195,113.5205
1476910800,113.5205,114.522,113.372,113.614
1476997200,113.614,113.85,112.6145,113.022
1477256400,113.022,113.5865,112.8385,113.3625
1477342800,113.3625,113.907,113.303,113.482
1477429200,113.482,114.199,113.269,113.971
1477515600,113.971,114.867,113.704,114.735
1477602000,114.735,115.324,114.5895,115.058
1477861200,115.058,115.268,114.698,115.112
1477947600,115.112,115.679,114.8145,115.157
1478034000,115.157,115.157,114.3585,114.6525
1478120400,114.6525,114.7725,114.016,114.3635
1478206800,114.3635,114.881,114.139,114.858
1478469600,114.858,115.9,114.858,115.3435
1478556000,115.3435,116.009,115.1175,115.9585
1478642400,115.9585,116.015,113.727,115.262
1478728800,115.262,116.5815,114.9695,116.359
1478815200,116.359,116.4885,115.3085,115.805
1479074400,115.805,116.511,115.557,116.425
1479160800,116.425,117.22,116.0855,117.0915
1479247200,117.0915,117.4855,116.521,116.6115
1479333600,116.6115,117.223,116.2545,117.0115
1479420000,117.0115,117.514,116.751,117.447
1479679200,117.447,118.001,117.3125,117.792
1479765600,117.792,118.1515,117.396,118.119
1479852000,118.119,118.989,117.715,118.7355
1479938400,118.7355,119.771,118.502,119.608
1480024800,119.608,120.163,119.3115,119.831
1480284000,119.831,119.878,118.7075,118.773
1480370400,118.773,119.9765,118.5565,119.6855
1480456800,119.6855,121.3125,119.46,121.206
1480543200,121.206,121.7995,120.847,121.642
1480629600,121.642,121.893,120.88,121.072
1480888800,121.072,123.192,118.7205,122.548
1480975200,122.548,122.9355,121.936,122.205
1481061600,122.205,122.591,122.024,122.332
1481148000,122.332,123.3555,120.9145,121.0445
1481234400,121.0445,121.803,121.0035,121.803
1481493600,121.803,122.9335,121.5615,122.336
1481580000,122.336,122.803,122.101,122.4
1481666400,122.4,123.4145,122.134,123.3185
1481752800,123.3185,124.0975,122.5695,123.0685
1481839200,123.0685,123.6375,122.838,123.233
1482098400,123.233,123.2435,121.6825,121.7965
1482184800,121.7965,122.7955,121.7365,122.4245
1482271200,122.4245,122.877,122.073,122.556
1482357600,122.556,123.1995,122.4725,122.677
1482444000,122.677,122.7675,122.3785,122.657
1482789600,122.657,123.0005,122.436,122.7955
1482876000,122.7955,123.2485,121.839,122.096
1482962400,122.096,122.3825,121.6005,122.263
1483048800,122.263,123.87,122.218,123.086
1483394400,123.086,123.332,122.268,122.5165
1483480800,122.5165,123.127,122.404,122.9775
1483567200,122.9775,123.122,122.012,122.365
1483653600,122.365,123.448,122.128,123.209
1483912800,123.209,123.726,122.416,122.6835
1483999200,122.6835,122.944,122.11,122.1935
1484085600,122.1935,122.622,121.25,122.1365
1484172000,122.1365,122.237,121.194,121.745
1484258400,121.745,122.421,121.62,121.861
1484517600,121.861,121.861,120.76,121.05
1484604000,121.05,121.404,120.544,120.641
1484690400,120.641,121.993,120.594,121.8485
1484776800,121.8485,122.753,121.738,122.481
1484863200,122.481,122.948,122.278,122.642
1485122400,122.642,122.642,121.135,121.319
1485208800,121.319,122.22,121.206,122.1045
1485295200,122.1045,122.27,121.625,121.7515
1485381600,121.7515,122.666,121.676,122.3485
1485468000,122.3485,123.313,122.228,123.135
1485727200,123.135,123.156,121.444,121.699
1485813600,121.699,122.261,121.018,121.7955
1485900000,121.7955,122.518,121.612,121.9595
1485986400,121.9595,122.048,121.21,121.3595
1486072800,121.3595,121.768,121.088,121.414
1486332000,121.414,121.502,119.96,120.1275
1486418400,120.1275,120.226,119.542,120.07
1486504800,120.07,120.105,119.33,119.753
1486591200,119.753,120.787,119.54,120.672
1486677600,120.672,121.334,120.224,120.47
1486936800,120.47,121.174,120.389,120.526
1487023200,120.526,120.997,120.218,120.859
1487109600,120.859,121.282,120.714,121.005
1487196000,121.005,121.167,120.687,120.8815
1487282400,120.8815,121.096,119.705,119.771
1487541600,119.771,120.304,119.755,120.047
1487628000,120.047,120.316,119.562,119.7775
1487714400,119.7775,119.876,118.598,119.6365
1487800800,119.6365,119.72,119.043,119.1715
1487887200,119.1715,119.505,118.24,118.443
1488146400,118.443,119.464,118.254,119.2945
1488232800,119.2945,119.399,118.668,119.283
1488319200,119.283,120.218,119.228,119.941
1488405600,119.941,120.488,119.922,120.1945
1488492000,120.1945,121.192,120.016,121.141
1488751200,121.141,121.144,120.35,120.5175
1488837600,120.5175,120.718,120.39,120.4295
1488924000,120.4295,121.122,120.017,120.569
1489010400,120.569,121.882,120.476,121.587
1489096800,121.587,122.831,121.508,122.565
1489352400,122.565,122.888,122.14,122.379
1489438800,122.379,122.63,121.656,121.688
1489525200,121.688,122.06,121.21,121.6995
1489611600,121.6995,122.042,121.132,121.9875
1489698000,121.9875,122.253,120.822,121.022
1489957200,121.022,121.432,120.718,120.8705
1490043600,120.8705,121.838,120.62,120.7625
1490130000,120.7625,120.856,119.686,120.022
1490216400,120.022,120.312,119.327,119.6185
1490302800,119.6185,120.244,119.524,120.219
1490562000,120.219,120.322,119.548,120.2005
1490648400,120.2005,120.391,119.698,120.1825
1490734800,120.1825,120.442,119.016,119.547
1490821200,119.547,119.846,119.086,119.477
1490907600,119.477,119.822,118.626,118.695
1491166800,118.695,119.053,118.132,118.323
1491253200,118.323,118.376,117.432,118.1895
1491339600,118.1895,118.79,118.02,118.0465
1491426000,118.0465,118.428,117.362,117.952
1491512400,117.952,118.167,117.316,117.611
1491771600,117.611,118.068,117.46,117.547
1491858000,117.547,117.575,116.229,116.239
1491944400,116.239,116.548,115.93,116.271
1492030800,116.271,116.457,115.722,115.768
1492117200,115.768,116.02,115.206,115.284
1492376400,115.284,116.034,114.852,115.9115
1492462800,115.9115,116.491,115.76,116.3565
1492549200,116.3565,116.978,116.27,116.604
1492635600,116.604,117.82,116.538,117.1505
1492722000,117.1505,117.312,116.467,117.016
1492981200,117.016,120.362,117.016,119.2805
1493067600,119.2805,121.645,119.07,121.384
1493154000,121.384,121.978,120.92,121.096
1493240400,121.096,121.893,120.61,120.9645
1493326800,120.9645,122,120.692,121.506
1493586000,121.506,122.09,121.313,121.929
1493672400,121.929,122.601,121.867,122.449
1493758800,122.449,122.866,122.32,122.756
1493845200,122.756,123.648,122.608,123.5395
1493931600,123.5395,124.056,122.932,123.967
1494190800,123.967,124.517,122.988,123.722
1494277200,123.722,124.538,123.656,123.962
1494363600,123.962,124.327,123.496,124.1995
1494450000,124.1995,124.426,123.321,123.665
1494536400,123.665,123.954,123.312,123.889
1494795600,123.889,124.898,123.675,124.8775
1494882000,124.8775,125.816,124.594,125.3715
1494968400,125.3715,125.406,123.649,123.674
1495054800,123.674,124.114,122.56,123.782
1495141200,123.782,124.942,123.387,124.693
1495400400,124.693,125.296,124.122,125.069
1495486800,125.069,125.389,124.565,125.007
1495573200,125.007,125.408,124.909,125.082
1495659600,125.082,125.806,125.082,125.375
1495746000,125.375,125.428,124.17,124.475
1496005200,124.475,124.642,124.206,124.213
1496091600,124.213,124.394,123.16,123.9875
1496178000,123.9875,124.546,123.732,124.546
1496264400,124.546,125.092,124.473,124.866
1496350800,124.866,125.312,124.428,124.587
1496610000,124.587,124.712,124.195,124.3295
1496696400,124.3295,124.405,122.93,123.387
1496782800,123.387,123.736,122.634,123.6235
1496869200,123.6235,124.034,123.168,123.38
1496955600,123.38,123.863,122.816,123.514
1497214800,123.514,123.755,122.796,123.17
1497301200,123.17,123.75,123.02,123.3865
1497387600,123.3865,123.642,122.774,122.927
1497474000,122.927,123.717,122.402,123.643
1497560400,123.643,124.46,123.565,124.14
1497819600,124.14,124.501,124.076,124.3315
1497906000,124.3315,124.647,123.924,124.0855
1497992400,124.0855,124.46,123.661,124.3945
1498078800,124.3945,124.441,123.846,124.1465
1498165200,124.1465,124.706,124.022,124.561
1498424400,124.561,125.148,124.451,125.083
1498510800,125.083,127.482,124.744,127.389
1498597200,127.389,127.864,126.49,127.778
1498683600,127.778,128.832,127.726,128.3265
1498770000,128.3265,128.604,127.445,128.409
1499029200,128.409,128.953,128.012,128.847
1499115600,128.847,128.97,128.04,128.536
1499202000,128.536,129.085,128.155,128.5715
1499288400,128.5715,129.414,128.002,129.331
1499374800,129.331,130.126,129.178,129.868
1499634000,129.868,130.398,129.815,129.997
1499720400,129.997,130.766,129.964,130.6585
1499806800,130.6585,130.684,129.048,129.1465
1499893200,129.1465,129.661,128.494,129.128
1499979600,129.128,129.52,128.595,129.062
1500238800,129.062,129.47,128.741,129.2745
1500325200,129.2745,129.749,129.066,129.467
1500411600,129.467,129.54,128.582,128.9135
1500498000,128.9135,130.266,128.784,130.156
1500584400,130.156,130.506,129.502,129.629
1500843600,129.629,129.762,128.873,129.3485
1500930000,129.3485,130.588,129.255,130.326
1501016400,130.326,130.609,129.938,130.463
1501102800,130.463,130.585,129.549,129.907
1501189200,129.907,130.405,129.5615,130.047
1501448400,130.047,130.597,129.55,130.5645
1501534800,130.5645,130.597,129.841,130.2655
1501621200,130.2655,131.402,130.182,131.293
1501707600,131.293,131.326,130.46,130.6145
1501794000,130.6145,131.12,130.1,130.326
1502053200,130.326,130.873,130.326,130.628
1502139600,130.628,130.824,129.606,129.669
1502226000,129.669,129.757,128.44,129.442
1502312400,129.442,129.554,128.23,128.564
1502398800,128.564,129.162,128.053,129.07
1502658000,129.07,129.652,128.922,129.1525
1502744400,129.1525,130.034,129.082,129.874
1502830800,129.874,130.397,129.52,129.66
1502917200,129.66,129.706,128.371,128.448
1503003600,128.448,128.79,127.564,128.4375
1503262800,128.4375,128.788,127.84,128.749
1503349200,128.749,129.184,128.33,128.878
1503435600,128.878,129.126,128.49,128.7375
1503522000,128.7375,129.362,128.549,129.2725
1503608400,129.2725,130.434,129.114,130.378
1503867600,130.378,130.974,129.984,130.872
1503954000,130.872,131.623,129.662,131.3975
1504040400,131.3975,131.705,130.978,131.0065
1504126800,131.0065,131.583,130.711,130.968
1504213200,130.968,131.345,130.664,130.77
1504472400,130.77,130.77,130.106,130.521
1504558800,130.521,130.638,129.386,129.6375
1504645200,129.6375,130.398,129.371,130.1725
1504731600,130.1725,131.092,129.914,130.4005
1504818000,130.4005,130.668,129.469,129.788
1505077200,129.788,130.906,129.788,130.768
1505163600,130.768,131.898,130.677,131.826
1505250000,131.826,132.011,131.256,131.3185
1505336400,131.3185,131.758,131.106,131.398
1505422800,131.398,133.092,130.624,132.433
1505682000,132.433,133.43,132.423,133.382
1505768400,133.382,134.172,133.234,133.861
1505854800,133.861,134.088,133.256,133.433
1505941200,133.433,134.382,133.426,134.315
1506027600,134.315,134.408,133.503,133.805
1506286800,133.805,134.242,131.917,132.38
1506373200,132.38,132.598,131.751,132.362
1506459600,132.362,132.746,132.09,132.504
1506546000,132.504,132.886,132.296,132.422
1506632400,132.422,133.118,132.318,132.91
1506891600,132.91,133.073,132.195,132.2985
1506978000,132.2985,132.888,132.191,132.526
1507064400,132.526,132.838,132.247,132.6005
1507150800,132.6005,132.776,131.844,132.1235
1507237200,132.1235,132.766,131.98,132.173
1507496400,132.173,132.496,131.866,132.297
1507582800,132.297,132.871,132.242,132.782
1507669200,132.782,133.494,132.457,133.422
1507755600,133.422,133.49,132.7975,132.84
1507842000,132.84,132.938,132.144,132.204
1508101200,132.204,132.386,131.662,132.3495
1508187600,132.3495,132.372,131.848,132.0175
1508274000,132.0175,133.282,131.978,133.108
1508360400,133.108,133.626,132.478,133.375
1508446800,133.375,133.962,133.302,133.718
1508706000,133.718,134.129,133.103,133.2795
1508792400,133.2795,134.194,133.184,133.97
1508878800,133.97,134.5,133.756,134.3655
1508965200,134.3655,134.492,132.659,132.8215
1509051600,132.8215,132.954,131.756,131.948
1509310800,131.948,132.289,131.456,131.8675
1509397200,131.8675,132.57,131.512,132.341
1509483600,132.341,132.856,132.341,132.6805
1509570000,132.6805,133.149,132.569,133.0105
1509656400,133.0105,133.0125,132.4,132.422
1509919200,132.422,133.121,132.004,132.008
1510005600,132.008,132.42,131.842,132.0825
1510092000,132.0825,132.169,131.398,132.031
1510178400,132.031,132.26,131.522,132.092
1510264800,132.092,132.552,131.956,132.426
1510524000,132.426,132.627,131.932,132.564
1510610400,132.564,133.858,132.487,133.8575
1510696800,133.8575,133.884,132.974,133.096
1510783200,133.096,133.454,132.758,133.056
1510869600,133.056,133.16,132.054,132.209
1511128800,132.209,132.469,131.176,132.1335
1511215200,132.1335,132.274,131.578,131.9875
1511301600,131.9875,132.101,131.436,131.5125
1511388000,131.5125,131.881,131.231,131.7985
1511474400,131.7985,133.236,131.762,133.089
1511733600,133.089,133.225,132.081,132.1945
1511820000,132.1945,132.57,131.724,131.997
1511906400,131.997,132.7965,131.932,132.6115
1511992800,132.6115,134.1465,132.548,133.957
1512079200,133.957,134.38,132.92,133.524
1512338400,133.524,134.048,133.272,133.3685
1512424800,133.3685,133.744,133.012,133.157
1512511200,133.157,133.215,132.263,132.451
1512597600,132.451,133.288,132.4055,133.1305
1512684000,133.1305,133.612,133.114,133.584
1512943200,133.584,133.885,133.539,133.6555
1513029600,133.6555,133.76,133.012,133.3245
1513116000,133.3245,133.3595,132.854,133.0875
1513202400,133.0875,133.756,132.239,132.3775
1513288800,132.3775,132.729,132.053,132.336
1513548000,132.336,133.008,132.166,132.596
1513634400,132.596,133.922,132.596,133.66
1513720800,133.66,134.775,133.625,134.615
1513807200,134.615,134.879,134.45,134.555
1513893600,134.555,134.577,133.909,134.378
1514239200,134.378,134.562,134.112,134.273
1514325600,134.273,134.975,134.203,134.748
1514412000,134.748,134.982,134.463,134.821
1514498400,134.821,135.518,134.546,135.242
1514844000,135.242,135.634,134.938,135.41
1514930400,135.41,135.509,134.806,135.168
1515016800,135.168,136.368,135.129,136.075
1515103200,136.075,136.636,135.998,136.024
1515362400,136.024,136.323,135.134,135.3375
1515448800,135.3375,135.477,134.054,134.468
1515535200,134.468,134.558,133.081,133.137
1515621600,133.137,134.351,133.052,133.8765
1515708000,133.8765,135.554,133.826,135.474
1515967200,135.474,135.99,135.024,135.562
1516053600,135.562,136.097,134.984,135.4365
1516140000,135.4365,135.984,135.158,135.619
1516226400,135.619,136.312,135.464,135.978
1516312800,135.978,136.047,135.186,135.416
1516572000,135.416,136.147,135.35,136.028
1516658400,136.028,136.217,135.203,135.658
1516744800,135.658,135.687,134.92,135.516
1516831200,135.516,136.292,135.042,135.6405
1516917600,135.6405,136.141,134.542,134.993
1517176800,134.993,135.344,134.328,134.9165
1517263200,134.9165,135.208,134.129,134.9155
1517349600,134.9155,136.052,134.856,135.531
1517436000,135.531,136.961,135.469,136.823
1517522400,136.823,137.506,136.668,137.241
1517781600,137.241,137.241,134.934,134.9495
1517868000,134.9495,135.795,133.977,135.606
1517954400,135.606,135.846,133.824,134.0975
1518040800,134.0975,134.8,132.938,133.185
1518127200,133.185,134.172,131.988,133.306
1518386400,133.306,133.651,132.903,133.552
1518472800,133.552,133.793,132.522,133.1745
1518559200,133.1745,133.386,131.61,133.2355
1518645600,133.2355,133.294,132.518,132.715
1518732000,132.715,133.106,131.814,131.943
1518991200,131.943,132.376,131.81,132.257
1519077600,132.257,132.512,132.122,132.423
1519164000,132.423,133.057,132.27,132.379
1519250400,132.379,132.404,131.292,131.6365
1519336800,131.6365,131.853,130.936,131.404
1519596000,131.404,131.795,131.085,131.725
1519682400,131.725,132.186,131.278,131.3045
1519768800,131.3045,131.518,130.044,130.08
1519855200,130.08,130.794,129.764,130.327
1519941600,130.327,130.44,129.566,130.249
1520200800,130.249,131.015,129.352,131.0045
1520287200,131.0045,132.016,130.604,131.638
1520373600,131.638,131.746,130.927,131.6425
1520460000,131.6425,131.982,130.521,130.738
1520546400,130.738,131.894,130.71,131.441
1520802000,131.441,131.697,130.969,131.2655
1520888400,131.2655,132.432,131.117,132.0505
1520974800,132.0505,132.284,131.026,131.501
1521061200,131.501,131.54,130.565,130.843
1521147600,130.843,130.917,130.078,130.277
1521406800,130.277,131.072,129.61,130.876
1521493200,130.876,131.72,130.348,130.4175
1521579600,130.4175,131.066,130.194,130.8495
1521666000,130.8495,131.02,129.5,129.515
1521752400,129.515,129.977,128.952,129.403
1522011600,129.403,131.378,129.257,131.181
1522098000,131.181,131.816,130.585,130.6455
1522184400,130.6455,131.712,130.59,131.4825
1522270800,131.4825,131.606,130.616,130.921
1522357200,130.921,131.08,130.62,130.929
1522616400,130.929,131.297,129.982,130.28
1522702800,130.28,130.922,129.99,130.799
1522789200,130.799,131.196,130.236,131.106
1522875600,131.106,131.4985,131.066,131.441
1522962000,131.441,131.624,131.091,131.337
1523221200,131.337,131.996,131.112,131.5525
1523307600,131.5525,132.622,131.426,132.4555
1523394000,132.4555,132.609,132.034,132.0795
1523480400,132.0795,132.34,131.806,132.309
1523566800,132.309,132.898,132.176,132.378
1523826000,132.378,132.974,132.119,132.609
1523912400,132.609,132.771,132.112,132.368
1523998800,132.368,132.908,132.344,132.692
1524085200,132.692,133.092,132.358,132.55
1524171600,132.55,132.978,132.044,132.278
1524430800,132.278,132.789,132.111,132.71
1524517200,132.71,133.486,132.617,133.116
1524603600,133.116,133.338,132.917,133.07
1524690000,133.07,133.252,132.292,132.306
1524776400,132.306,132.396,131.89,132.288
1525035600,132.288,132.546,131.864,132.065
1525122000,132.065,132.136,131.577,131.786
1525208400,131.786,132.117,131.26,131.301
1525294800,131.301,131.668,130.27,130.918
1525381200,130.918,130.958,129.896,130.489
1525640400,130.489,130.592,129.956,130.07
1525726800,130.07,130.122,129.234,129.474
1525813200,129.474,130.487,129.36,130.059
1525899600,130.059,130.766,129.98,130.36
1525986000,130.36,130.689,130.003,130.603
1526245200,130.603,131.378,130.537,130.778
1526331600,130.778,131.138,130.443,130.634
1526418000,130.634,130.696,129.534,130.346
1526504400,130.346,130.848,130.239,130.654
1526590800,130.654,131.126,130.242,130.369
1526850000,130.369,131.007,130.369,130.938
1526936400,130.938,131.348,130.602,130.625
1527022800,130.625,130.67,128.236,128.759
1527109200,128.759,128.877,127.72,128.038
1527195600,128.038,128.528,127.152,127.438
1527454800,127.438,128.538,126.862,127.199
1527541200,127.199,127.28,124.622,125.514
1527627600,125.514,127.318,124.988,127.032
1527714000,127.032,127.726,126.33,127.234
1527800400,127.234,128.138,127.13,127.689
1528059600,127.689,128.689,127.642,128.47
1528146000,128.47,128.698,127.794,128.664
1528232400,128.664,129.83,128.61,129.738
1528318800,129.738,130.278,129.31,129.431
1528405200,129.431,129.73,128.114,128.92
1528664400,128.92,130.058,128.717,129.672
1528750800,129.672,130.276,129.508,129.64
1528837200,129.64,130.348,129.607,130.127
1528923600,130.127,130.357,127.915,127.974
1529010000,127.974,128.504,127.703,128.45
1529269200,128.45,128.499,127.816,128.494
1529355600,128.494,128.515,126.643,127.56
1529442000,127.56,127.937,127.095,127.746
1529528400,127.746,128.034,126.993,127.604
1529614800,127.604,128.605,127.519,128.205
1529874000,128.205,128.839,127.286,128.46
1529960400,128.46,128.498,127.8,128.177
1530046800,128.177,128.346,127.261,127.4
1530133200,127.4,127.923,127.144,127.827
1530219600,127.827,129.468,127.676,129.354
1530478800,129.354,129.501,128.419,129.062
1530565200,129.062,129.562,128.732,128.933
1530651600,128.933,128.987,128.504,128.806
1530738000,128.806,129.632,128.578,129.364
1530824400,129.364,129.968,129.246,129.75
1531083600,129.75,130.257,129.666,130.247
1531170000,130.247,130.744,130.099,130.387
1531256400,130.387,130.96,129.914,130.754
1531342800,130.754,131.478,130.674,131.326
1531429200,131.326,131.534,130.808,131.302
1531688400,131.302,131.7,131.116,131.498
1531774800,131.498,131.986,131.453,131.632
1531861200,131.632,131.776,130.882,131.33
1531947600,131.33,131.433,130.73,130.936
1532034000,130.936,131.212,130.552,130.622
1532293200,130.622,130.75,129.866,130.196
1532379600,130.196,130.38,129.744,129.923
1532466000,129.923,130.269,129.41,130.16
1532552400,130.16,130.279,129.448,129.508
1532638800,129.508,129.534,129.132,129.436
1532898000,129.436,130.074,129.286,130.003
1532984400,130.003,131.151,129.708,130.789
1533070800,130.789,131.105,130.032,130.26
1533157200,130.26,130.291,129.254,129.352
1533243600,129.352,129.533,128.642,128.693
1533502800,128.693,128.882,128.509,128.702
1533589200,128.702,129.232,128.598,129.179
1533675600,129.179,129.458,128.562,128.822
1533762000,128.822,129.008,128.044,128.05
1533848400,128.05,128.118,126.013,126.508
1534107600,126.508,126.78,125.15,126.336
1534194000,126.336,126.992,125.81,126.098
1534280400,126.098,126.372,124.902,125.64
1534366800,125.64,126.492,125.286,126.157
1534453200,126.157,126.609,125.58,126.411
1534712400,126.411,126.558,126.08,126.384
1534798800,126.384,128.056,126.264,127.604
1534885200,127.604,128.277,127.351,128.206
1534971600,128.206,128.766,127.922,128.462
1535058000,128.462,129.42,128.39,129.29
1535317200,129.29,129.835,128.798,129.718
1535403600,129.718,130.276,129.647,130.038
1535490000,130.038,130.85,129.586,130.74
1535576400,130.74,130.867,129.42,129.524
1535662800,129.524,129.845,128.562,128.904
1535922000,128.904,129.15,128.578,129.075
1536008400,129.075,129.199,128.321,129.101
1536094800,129.101,129.982,128.602,129.702
1536181200,129.702,129.838,128.496,128.718
1536267600,128.718,129.106,128.021,128.308
1536526800,128.308,129.073,127.866,128.858
1536613200,128.858,129.825,128.772,129.52
1536699600,129.52,129.812,128.938,129.352
1536786000,129.352,130.943,129.26,130.844
1536872400,130.844,131.116,130.182,130.262
1537131600,130.262,131.046,130.102,130.676
1537218000,130.676,131.5,130.3,131.102
1537304400,131.102,131.684,130.782,131.054
1537390800,131.054,132.52,130.913,132.479
1537477200,132.479,133.128,132.16,132.275
1537736400,132.275,133.071,131.906,132.517
1537822800,132.517,133.112,132.372,132.93
1537909200,132.93,133.118,132.234,132.36
1537995600,132.36,132.676,131.577,132.005
1538082000,132.005,132.308,131.184,131.93
1538341200,131.93,132.462,131.74,131.948
1538427600,131.948,132,130.714,131.275
1538514000,131.275,131.976,130.97,131.472
1538600400,131.472,131.579,130.747,131.181
1538686800,131.181,131.417,130.603,131.006
1538946000,131.006,131.249,129.51,130.116
1539032400,130.116,130.23,129.342,129.812
1539118800,129.812,130.501,129.302,129.327
1539205200,129.327,130.216,129.212,130.033
1539291600,130.033,130.5,129.36,129.698
1539550800,129.698,129.797,129.126,129.424
1539637200,129.424,130.296,129.366,129.942
1539723600,129.942,130.158,129.174,129.55
1539810000,129.55,129.73,128.324,128.486
1539896400,128.486,129.686,128.464,129.586
1540155600,129.586,130.202,129.204,129.36
1540242000,129.36,129.381,128.215,128.982
1540328400,128.982,129.218,127.772,127.872
1540414800,127.872,128.442,127.496,127.87
1540501200,127.87,127.896,126.637,127.589
1540760400,127.589,128.238,127.25,127.808
1540846800,127.808,128.438,127.74,128.292
1540933200,128.292,128.546,127.658,127.78
1541019600,127.78,128.766,127.62,128.586
1541106000,128.586,129.32,128.374,128.919
1541368800,128.919,129.328,128.604,129.128
1541455200,129.128,129.64,128.856,129.634
1541541600,129.634,130.148,129.396,129.731
1541628000,129.731,130.128,129.392,129.608
1541714400,129.608,129.642,128.74,128.999
1541973600,128.999,129.188,127.655,127.715
1542060000,127.715,128.754,127.503,128.491
1542146400,128.491,129.229,128.134,128.516
1542232800,128.516,129.056,127.769,128.75
1542319200,128.75,128.898,128.128,128.844
1542578400,128.844,129.068,128.469,128.91
1542664800,128.91,129.038,128.01,128.236
1542751200,128.236,129.077,128.124,128.755
1542837600,128.755,129.102,128.674,128.815
1542924000,128.815,128.92,127.83,128.065
1543183200,128.065,128.918,127.931,128.674
1543269600,128.674,128.848,128.359,128.506
1543356000,128.506,129.26,128.252,129.217
1543442400,129.217,129.298,128.674,129.297
1543528800,129.297,129.297,128.405,128.43
1543788000,128.43,129.151,128.43,129.014
1543874400,129.014,129.032,127.622,127.927
1543960800,127.927,128.494,127.793,128.414
1544047200,128.414,128.443,127.674,128.189
1544133600,128.189,128.674,128.141,128.318
1544392800,128.318,128.938,128.176,128.691
1544479200,128.691,128.982,128.18,128.334
1544565600,128.334,128.865,128.301,128.785
1544652000,128.785,129.254,128.71,129.032
1544738400,129.032,129.124,127.988,128.188
1544997600,128.188,128.589,127.865,128.04
1545084000,128.04,128.112,127.644,127.875
1545170400,127.875,128.378,127.547,127.971
1545256800,127.971,128.388,127.22,127.398
1545343200,127.398,127.687,126.386,126.438
1545602400,126.438,126.742,125.826,125.959
1545775200,125.959,126.452,125.64,126.427
1545861600,126.427,127.095,125.995,126.932
1545948000,126.932,127.024,126.128,126.254
1546207200,126.254,126.44,125.408,125.682
1546380000,125.682,125.848,123.529,123.577
1546466400,123.577,124.774,118.484,122.663
1546552800,122.663,123.86,122.588,123.675
1546812000,123.675,124.8,123.412,124.733
1546898400,124.733,124.86,124.124,124.403
1546984800,124.403,125.096,124.392,124.836
1547071200,124.836,125.068,124.363,124.706
1547157600,124.706,124.996,124.237,124.449
1547416800,124.449,124.449,123.772,124.043
1547503200,124.043,124.857,123.398,124.043
1547589600,124.043,124.42,123.528,124.272
1547676000,124.272,124.68,123.742,124.424
1547762400,124.424,124.974,124.234,124.731
1548021600,124.731,124.828,124.515,124.713
1548108000,124.713,124.714,124.05,124.267
1548194400,124.267,124.94,124.224,124.74
1548280800,124.74,124.901,123.794,123.904
1548367200,123.904,125.316,123.795,124.932
1548626400,124.932,125.04,124.602,124.899
1548712800,124.899,125.238,124.688,125.015
1548799200,125.015,125.466,124.886,125.154
1548885600,125.154,125.298,124.499,124.622
1548972000,124.622,125.735,124.368,125.442
1549231200,125.442,125.948,125.36,125.649
1549317600,125.649,125.872,125.282,125.412
1549404000,125.412,125.452,124.816,124.94
1549490400,124.94,125.07,124.35,124.551
1549576800,124.551,124.697,124.177,124.278
1549836000,124.278,124.878,124.271,124.552
1549922400,124.552,125.272,124.456,125.133
1550008800,125.133,125.538,125.002,125.04
1550095200,125.04,125.454,124.742,124.833
1550181600,124.833,124.864,124.234,124.764
1550440800,124.764,125.272,124.714,125.115
1550527200,125.115,125.54,124.771,125.416
1550613600,125.416,125.938,125.359,125.693
1550700000,125.693,125.868,125.326,125.496
1550786400,125.496,125.777,125.369,125.416
1551045600,125.416,126.304,125.384,126.115
1551132000,126.115,126.226,125.721,125.943
1551218400,125.943,126.348,125.542,126.176
1551304800,126.176,126.906,125.892,126.689
1551391200,126.689,127.504,126.607,127.193
1551650400,127.193,127.383,126.448,126.706
1551736800,126.706,126.938,126.366,126.531
1551823200,126.531,126.536,126.178,126.42
1551909600,126.42,126.43,124.674,124.852
1551996000,124.852,125.028,124.276,124.876
1552251600,124.876,125.206,124.484,125.067
1552338000,125.067,125.828,125.034,125.705
1552424400,125.705,126.03,125.457,125.919
1552510800,125.919,126.566,125.919,126.275
1552597200,126.275,126.573,126.125,126.271
1552856400,126.271,126.694,126.149,126.347
1552942800,126.347,126.617,126.097,126.476
1553029200,126.476,126.788,126.359,126.377
1553115600,126.377,126.604,125.688,126.05
1553202000,126.05,126.181,123.824,124.232
1553461200,124.232,124.818,123.881,124.399
1553547600,124.399,125.01,124.367,124.641
1553634000,124.641,124.736,124.051,124.266
1553720400,124.266,124.427,123.658,124.179
1553806800,124.179,124.64,124.146,124.348
1554066000,124.348,124.954,124.348,124.869
1554152400,124.869,124.894,124.48,124.723
1554238800,124.723,125.449,124.61,125.232
1554325200,125.232,125.394,124.973,125.277
1554411600,125.277,125.508,125.241,125.308
1554670800,125.308,125.617,124.988,125.532
1554757200,125.532,125.62,125.136,125.16
1554843600,125.16,125.454,124.782,125.154
1554930000,125.154,125.715,125.045,125.668
1555016400,125.668,126.766,125.647,126.566
1555275600,126.566,126.792,126.496,126.645
1555362000,126.645,126.682,126.202,126.37
1555448400,126.37,126.807,126.286,126.572
1555534800,126.572,126.594,125.656,125.741
1555621200,125.741,125.884,125.718,125.841
1555880400,125.841,126.068,125.75,126.004
1555966800,126.004,126.059,125.282,125.599
1556053200,125.599,125.606,124.809,125.123
1556139600,125.123,125.234,124.213,124.363
1556226000,124.363,124.714,124.092,124.458
1556485200,124.458,125.098,124.404,124.951
1556571600,124.951,125.092,124.474,125.022
1556658000,125.022,125.234,124.736,124.765
1556744400,124.765,125.124,124.555,124.601
1556830800,124.601,124.656,124.281,124.462
1557090000,124.462,124.462,123.366,124.152
1557176400,124.152,124.254,123.11,123.388
1557262800,123.388,123.522,123.112,123.228
1557349200,123.228,123.266,122.489,123.082
1557435600,123.082,123.616,123.046,123.538
1557694800,123.538,123.538,122.552,122.691
1557781200,122.691,123.402,122.584,122.8
1557867600,122.8,123.092,122.084,122.764
1557954000,122.764,122.964,122.543,122.74
1558040400,122.74,122.998,122.277,122.796
1558299600,122.796,123.192,122.539,122.871
1558386000,122.871,123.748,122.678,123.318
1558472400,123.318,123.509,122.987,123.066
1558558800,123.066,123.082,122.148,122.564
1558645200,122.564,122.824,122.42,122.474
1558904400,122.474,122.806,122.472,122.567
1558990800,122.567,122.702,121.999,122.063
1559077200,122.063,122.214,121.583,121.98
1559163600,121.98,122.26,121.908,122.004
1559250000,122.004,122.016,120.922,120.951
1559509200,120.951,121.651,120.786,121.482
1559595600,121.482,121.786,121.306,121.691
1559682000,121.691,122.266,121.556,121.704
1559768400,121.704,122.396,121.256,122.214
1559854800,122.214,122.716,122.102,122.615
1560114000,122.615,122.924,122.615,122.646
1560200400,122.646,123.174,122.626,122.904
1560286800,122.904,123.006,122.42,122.474
1560373200,122.474,122.564,122.138,122.238
1560459600,122.238,122.286,121.593,121.694
1560718800,121.694,122.126,121.602,121.764
1560805200,121.764,121.957,121.063,121.391
1560891600,121.391,121.654,121.174,121.358
1560978000,121.358,121.92,121.089,121.166
1561064400,121.166,122.126,120.953,122.002
1561323600,122.002,122.396,121.997,122.31
1561410000,122.31,122.467,121.654,121.846
1561496400,121.846,122.632,121.777,122.536
1561582800,122.536,122.894,122.406,122.534
1561669200,122.534,122.783,122.284,122.697
1561928400,122.697,123.358,122.362,122.378
1562014800,122.378,122.534,121.726,121.788
1562101200,121.788,121.85,121.321,121.61
1562187600,121.61,121.718,121.54,121.648
1562274000,121.648,121.932,121.515,121.773
1562533200,121.773,121.972,121.52,121.914
1562619600,121.914,122.136,121.852,122.004
1562706000,122.004,122.322,121.981,122.031
1562792400,122.031,122.145,121.628,122.112
1562878800,122.112,122.234,121.518,121.62
1563138000,121.62,121.854,121.422,121.482
1563224400,121.482,121.68,121.1,121.344
1563310800,121.344,121.486,121.167,121.187
1563397200,121.187,121.25,120.786,120.99
1563483600,120.99,121.282,120.814,120.876
1563742800,120.876,121.168,120.806,120.907
1563829200,120.907,121.092,120.496,120.678
1563915600,120.678,120.708,120.211,120.506
1564002000,120.506,121.376,120.054,121.102
1564088400,121.102,121.196,120.797,120.929
1564347600,120.929,121.304,120.736,121.241
1564434000,121.241,121.381,120.885,121.151
1564520400,121.151,121.19,120.354,120.476
1564606800,120.476,120.711,118.92,118.999
1564693200,118.999,119.123,118.266,118.404
1564952400,118.404,118.932,117.676,118.695
1565038800,118.695,119.876,118.376,119.253
1565125200,119.253,119.284,118.438,119.016
1565211600,119.016,119.166,118.493,118.586
1565298000,118.586,118.742,118.09,118.38
1565557200,118.38,118.406,117.516,118.072
1565643600,118.072,119.586,117.688,119.234
1565730000,119.234,119.283,117.788,117.982
1565816400,117.982,118.978,117.628,117.892
1565902800,117.892,118.164,117.582,117.962
1566162000,117.962,118.479,117.863,118.127
1566248400,118.127,118.269,117.58,117.933
1566334800,117.933,118.332,117.902,118.17
1566421200,118.17,118.304,117.734,117.949
1566507600,117.949,118.163,117.264,117.459
1566766800,117.459,118.2,116.572,117.825
1566853200,117.825,117.835,117.214,117.325
1566939600,117.325,117.677,117.106,117.564
1567026000,117.564,117.928,117.283,117.776
1567112400,117.776,117.821,116.626,116.83
1567371600,116.83,116.83,116.351,116.507
1567458000,116.507,116.669,115.869,116.262
1567544400,116.262,117.438,116.136,117.426
1567630800,117.426,118.614,117.28,118.017
1567717200,118.017,118.268,117.812,117.888
1567976400,117.888,118.508,117.742,118.471
1568062800,118.471,118.787,118.274,118.758
1568149200,118.758,119.17,118.3,118.746
1568235600,118.746,119.821,117.556,119.616
1568322000,119.616,120.012,119.54,119.722
1568581200,119.722,119.722,118.692,118.986
1568667600,118.986,119.772,118.875,119.712
1568754000,119.712,119.826,119.414,119.603
1568840400,119.603,119.682,118.958,119.307
1568926800,119.307,119.38,118.466,118.525
1569186000,118.525,118.79,117.756,118.22
1569272400,118.22,118.562,117.891,118.01
1569358800,118.01,118.2,117.792,117.938
1569445200,117.938,118.054,117.52,117.779
1569531600,117.779,118.476,117.448,118.099
1569790800,118.099,118.187,117.545,117.789
1569877200,117.789,118.173,117.678,117.787
1569963600,117.787,118.004,117.328,117.46
1570050000,117.46,117.652,117.074,117.228
1570136400,117.228,117.489,117.087,117.378
1570395600,117.146,117.906,117.09,117.655
1570482000,117.655,117.97,117.134,117.315
1570568400,117.315,118.098,117.209,117.934
1570654800,117.934,118.944,117.578,118.802
1570741200,118.802,120.006,118.73,119.692
1571000400,119.692,119.734,119.19,119.53
1571086800,119.53,120.226,119.117,120.098
1571173200,120.098,120.472,119.748,120.43
1571259600,120.43,121.354,120.338,120.868
1571346000,120.868,121.126,120.676,121.121
1571605200,121.026,121.477,120.792,121.102
1571691600,121.102,121.287,120.58,120.698
1571778000,120.698,121.054,120.388,120.981
1571864400,120.981,121.386,120.43,120.63
1571950800,120.63,120.802,120.354,120.408
1572210000,120.408,120.991,120.408,120.95
1572296400,120.95,121.066,120.576,120.999
1572382800,120.999,121.399,120.879,121.354
1572469200,121.354,121.47,120.288,120.475
1572555600,120.475,120.943,120.364,120.788
1572818400,120.788,121.108,120.773,120.822
1572904800,120.822,121.298,120.698,120.876
1572991200,120.876,120.917,120.475,120.61
1573077600,120.61,121.116,120.142,120.756
1573164000,120.756,120.876,120.218,120.38
1573423200,120.38,120.422,120.072,120.317
1573509600,120.317,120.638,119.948,120.019
1573596000,120.019,120.181,119.583,119.778
1573682400,119.778,119.813,119.253,119.474
1573768800,119.474,120.316,119.439,120.23
1574028000,120.23,120.686,120.094,120.343
1574114400,120.343,120.496,120.002,120.246
1574200800,120.246,120.406,119.852,120.254
1574287200,120.254,120.578,119.943,120.114
1574373600,120.114,120.491,119.664,119.717
1574632800,119.717,120.116,119.717,119.954
1574719200,119.954,120.251,119.922,120.205
1574805600,120.205,120.595,120.062,120.468
1574892000,120.468,120.588,120.328,120.553
1574978400,120.553,120.762,120.413,120.62
1575237600,120.62,121.017,120.523,120.726
1575324000,120.726,120.96,120.25,120.385
1575410400,120.385,120.812,120.103,120.614
1575496800,120.614,120.89,120.558,120.766
1575583200,120.766,120.786,120.006,120.098
1575842400,120.098,120.27,119.993,120.11
1575928800,120.11,120.691,120.11,120.613
1576015200,120.613,120.926,120.376,120.807
1576101600,120.807,121.73,120.679,121.668
1576188000,121.668,122.65,121.464,121.586
1576447200,121.586,122.23,121.314,122.111
1576533600,122.111,122.464,121.929,122.093
1576620000,122.093,122.166,121.75,121.78
1576706400,121.78,122.052,121.424,121.613
1576792800,121.613,121.698,121.196,121.232
1577052000,121.232,121.352,121.086,121.295
1577138400,121.295,121.374,121.065,121.252
1577311200,121.252,121.785,121.242,121.664
1577397600,121.664,122.504,121.558,122.408
1577656800,122.408,122.487,121.778,121.916
1577743200,121.916,122.096,121.729,121.845
1577916000,121.845,122.04,120.986,121.304
1578002400,121.304,121.378,120.17,120.612
1578261600,120.612,121.396,120.282,121.343
1578348000,121.343,121.446,120.786,120.953
1578434400,120.953,121.38,120.175,121.184
1578520800,121.184,121.688,121.05,121.643
1578607200,121.643,121.84,121.524,121.76
1578866400,121.76,122.492,121.551,122.406
1578952800,122.406,122.765,122.189,122.402
1579039200,122.402,122.719,122.202,122.54
1579125600,122.54,122.873,122.508,122.705
1579212000,122.705,122.841,122.128,122.168
1579471200,122.168,122.318,122.035,122.294
1579557600,122.294,122.372,121.719,121.773
1579644000,121.773,122.016,121.616,121.85
1579730400,121.85,121.877,120.637,121.072
1579816800,121.072,121.271,120.416,120.476
1580076000,120.476,120.476,119.908,119.998
1580162400,119.998,120.335,119.812,120.299
1580248800,120.299,120.422,119.892,120.033
1580335200,120.033,120.248,119.778,120.17
1580421600,120.17,120.406,120.026,120.227
1580680800,120.227,120.377,119.921,120.197
1580767200,120.197,120.982,120.065,120.968
1580853600,120.968,121.154,120.66,120.8
1580940000,120.8,121.022,120.5715,120.79
1581026400,120.79,120.804,120.094,120.123
1581285600,120.123,120.341,119.681,119.78
1581372000,119.78,120.024,119.596,119.842
1581458400,119.842,120.304,119.6135,119.723
1581544800,119.723,119.755,118.875,119.048
1581631200,119.048,119.227,118.87,118.912
1581890400,118.912,119.192,118.908,119.066
1581976800,119.066,119.092,118.463,118.568
1582063200,118.568,120.496,118.568,120.342
1582149600,120.342,121.399,120.097,120.908
1582236000,120.908,121.35,120.362,121.028
1582495200,121.028,121.069,119.905,120.195
1582581600,120.195,120.536,119.414,119.921
1582668000,119.921,120.586,119.728,120.138
1582754400,120.138,121.043,119.952,120.566
1582840800,120.566,120.663,118.381,119.143
1583100000,119.143,120.7505,118.502,120.586
1583186400,120.586,120.95,119.536,119.674
1583272800,119.674,120.13,119.029,119.744
1583359200,119.744,119.999,119.002,119.305
1583445600,119.305,119.44,118.711,118.915
1583701200,118.915,118.915,116.129,117.122
1583787600,117.122,119.492,116.812,119.171
1583874000,119.171,119.229,117.544,117.803
1583960400,117.803,118.344,116.313,117.001
1584046800,117.001,120.321,116.892,119.854
1584306000,119.854,120.004,117.146,118.412
1584392400,118.412,119.692,117.304,118.432
1584478800,118.432,118.535,116.904,117.993
1584565200,117.993,119.324,117.408,118.374
1584651600,118.374,119.298,117.85,118.534
1584910800,118.534,119.94,117.731,119.32
1584997200,119.32,120.54,118.815,119.986
1585083600,119.986,121.148,119.52,121.031
1585170000,121.031,121.092,119.962,120.93
1585256400,120.93,121.061,118.808,120.208
1585515600,120.208,120.208,118.802,119.058
1585602000,119.058,119.706,118.2,118.692
1585688400,118.692,118.876,116.948,117.493
1585774800,117.493,117.718,116.354,117.123
1585861200,117.123,117.388,116.734,117.259
1586120400,117.259,118.308,117.19,117.86
1586206800,117.86,119.038,117.51,118.454
1586293200,118.454,118.694,117.92,118.149
1586379600,118.149,119,118.078,118.581
1586466000,118.581,118.742,118.412,118.597
1586725200,118.597,118.718,117.31,117.612
1586811600,117.612,117.941,117.31,117.734
1586898000,117.734,117.783,116.798,117.224
1586984400,117.224,117.505,116.556,116.967
1587070800,116.967,117.414,116.625,116.937
1587330000,116.937,117.291,116.844,116.914
1587416400,116.914,117.162,116.222,117.016
1587502800,117.016,117.218,116.444,116.607
1587589200,116.607,116.836,115.643,115.988
1587675600,115.988,116.442,115.546,116.347
1587934800,116.347,116.506,116.05,116.161
1588021200,116.161,116.269,115.611,115.632
1588107600,115.632,116.079,115.45,115.994
1588194000,115.994,117.776,115.553,117.375
1588280400,117.375,117.765,117.022,117.407
1588539600,117.407,117.407,116.272,116.389
1588626000,116.389,116.566,115.413,115.47
1588712400,115.47,115.819,114.428,114.542
1588798800,114.542,115.142,114.458,115.121
1588885200,115.121,115.744,115.033,115.615
1589144400,115.615,116.514,115.315,116.35
1589230800,116.35,116.85,115.962,116.221
1589317200,116.221,116.413,115.696,115.8
1589403600,115.8,115.929,115.33,115.866
1589490000,115.866,116.199,115.479,115.877
1589749200,115.877,117.24,115.756,117.149
1589835600,117.149,118.196,117.029,117.651
1589922000,117.651,118.205,117.596,118.068
1590008400,118.068,118.524,117.734,117.844
1590094800,117.844,117.978,116.996,117.354
1590354000,117.354,117.56,117.086,117.371
1590440400,117.371,118.336,117.341,118.118
1590526800,118.118,118.912,117.71,118.59
1590613200,118.59,119.393,118.488,119.219
1590699600,119.219,119.899,118.868,119.737
1590958800,119.737,119.974,119.429,119.804
1591045200,119.804,121.631,119.628,121.383
1591131600,121.383,122.626,121.272,122.338
1591218000,122.338,123.971,121.85,123.738
1591304400,123.738,124.432,123.542,123.742
1591563600,123.742,124.122,122.225,122.46
1591650000,122.46,122.606,121.33,122.176
1591736400,122.176,122.364,121.588,121.856
1591822800,121.856,122,120.656,120.734
1591909200,120.734,121.815,120.258,120.891
1592168400,120.891,121.636,120.338,121.519
1592254800,121.519,122.118,120.478,120.884
1592341200,120.884,121.232,120.156,120.307
1592427600,120.307,120.545,119.594,119.867
1592514000,119.867,120.214,119.382,119.468
1592773200,119.468,120.444,119.316,120.39
1592859600,120.39,121.101,119.91,120.466
1592946000,120.466,120.751,120.04,120.436
1593032400,120.436,120.623,120.146,120.255
1593118800,120.255,120.38,119.816,120.28
1593378000,120.28,121.358,120.154,120.939
1593464400,120.939,121.427,120.592,121.244
1593550800,121.244,121.48,120.262,120.916
1593637200,120.916,121.44,120.753,120.824
1593723600,120.824,120.978,120.613,120.959
1593982800,120.959,121.968,120.848,121.44
1594069200,121.44,121.718,121.186,121.224
1594155600,121.224,121.881,121.14,121.524
1594242000,121.524,121.966,120.906,120.978
1594328400,120.978,121.068,120.271,120.845
1594587600,120.845,121.964,120.826,121.701
1594674000,121.701,122.32,121.472,122.244
1594760400,122.244,122.498,121.826,122.033
1594846800,122.033,122.5,121.818,122.116
1594933200,122.116,122.574,121.93,122.33
1595192400,122.33,122.977,122.255,122.802
1595278800,122.802,123.174,122.472,123.112
1595365200,123.112,124.29,123.059,123.991
1595451600,123.991,124.242,123.71,123.926
1595538000,123.926,123.966,122.842,123.698
1595797200,123.698,123.905,123.222,123.83
1595883600,123.83,123.986,123.017,123.121
1595970000,123.121,123.789,123.022,123.704
1596056400,123.704,124.196,123.34,124.066
1596142800,124.066,125.208,123.842,124.711
1596402000,124.711,125.059,123.996,124.623
1596488400,124.623,125.002,124.268,124.772
1596574800,124.772,125.513,124.64,125.284
1596661200,125.284,125.592,124.658,125.364
1596747600,125.364,125.394,124.462,124.849
1597006800,124.849,124.923,124.345,124.365
1597093200,124.365,125.502,124.356,125.023
1597179600,125.023,126.218,124.953,125.97
1597266000,125.97,126.754,125.918,126.326
1597352400,126.326,126.47,125.741,126.232
1597611600,126.232,126.461,125.675,125.834
1597698000,125.834,126.093,125.346,125.764
1597784400,125.764,126.062,125.378,125.599
1597870800,125.599,125.782,125.086,125.482
1597957200,125.482,125.559,124.443,124.82
1598216400,124.82,125.343,124.692,124.924
1598302800,124.924,126.03,124.924,125.904
1598389200,125.904,126.142,125.264,125.39
1598475600,125.39,126.092,125.137,125.987
1598562000,125.987,126.776,125.2,125.442
1598821200,125.442,126.846,125.226,126.406
1598907600,126.406,127.076,126.14,126.216
1598994000,126.216,126.315,125.556,125.876
1599080400,125.876,126.02,125.29,125.848
1599166800,125.848,125.986,125.304,125.781
1599426000,125.781,125.944,125.519,125.624
1599512400,125.624,125.65,124.696,124.854
1599598800,124.854,125.648,124.427,125.32
1599685200,125.32,126.462,125.305,125.394
1599771600,125.394,126.125,125.394,125.772
1600030800,125.772,125.901,125.29,125.449
1600117200,125.449,125.77,124.757,124.91
1600203600,124.91,125.013,123.84,123.951
1600290000,123.951,124.135,123.318,124.105
1600376400,124.105,124.312,123.434,123.821
1600635600,123.821,123.94,122.518,123.182
1600722000,123.182,123.277,122.659,122.853
1600808400,122.853,123.193,122.579,122.881
1600894800,122.881,123.158,122.586,123.033
1600981200,123.033,123.156,122.614,122.806
1601240400,122.806,123.209,122.38,123.055
1601326800,123.055,124.12,123.029,124.063
1601413200,124.063,124.25,123.532,123.72
1601499600,123.72,124.205,123.484,123.972
1601586000,123.972,124.008,123.026,123.427
1601845200,123.427,124.714,123.342,124.65
1601931600,124.65,124.732,123.856,123.991
1602018000,123.991,124.877,123.868,124.689
1602104400,124.689,124.876,124.367,124.686
1602190800,124.686,125.084,124.515,124.948
1602450000,124.948,125.013,124.289,124.403
1602536400,124.403,124.471,123.81,123.938
1602622800,123.938,123.94,123.476,123.527
1602709200,123.527,123.774,123.018,123.367
1602795600,123.367,123.714,123.12,123.517
1603054800,123.517,124.34,123.366,124.107
1603141200,124.107,124.999,124.037,124.679
1603227600,124.679,124.84,123.918,124.084
1603314000,124.084,124.093,123.652,124.016
1603400400,124.016,124.231,123.414,124.205
1603659600,124.205,124.205,123.777,123.805
1603746000,123.805,123.996,123.156,123.175
1603832400,123.175,123.195,122.188,122.532
1603918800,122.532,122.888,121.899,122.086
1604005200,122.086,122.464,121.62,121.927
1604268000,121.927,122.155,121.702,121.868
1604354400,121.868,122.752,121.812,122.473
1604440800,122.473,123.075,121.964,122.541
1604527200,122.541,123.184,122.213,122.422
1604613600,122.422,122.992,122.223,122.74
1604872800,122.74,125.138,122.69,124.456
1604959200,124.456,124.604,123.995,124.353
1605045600,124.353,124.674,123.922,123.994
1605132000,123.994,124.502,123.688,124.118
1605218400,124.118,124.304,123.663,123.828
1605477600,123.828,124.44,123.628,123.967
1605564000,123.967,124.024,123.518,123.575
1605650400,123.575,123.618,123.018,123.064
1605736800,123.064,123.318,122.848,123.238
1605823200,123.238,123.482,123.012,123.136
1606082400,123.136,123.826,123.07,123.755
1606168800,123.755,124.348,123.665,124.202
1606255200,124.202,124.512,124.146,124.482
1606341600,124.482,124.568,123.914,124.207
1606428000,124.207,124.528,123.902,124.504
1606687200,124.504,125.126,124.308,124.448
1606773600,124.448,125.952,124.438,125.908
1606860000,125.908,126.55,125.78,126.518
1606946400,126.518,126.656,126.034,126.129
1607032800,126.129,126.682,126.044,126.284
1607292000,126.284,126.486,125.968,126.001
1607378400,126.001,126.256,125.863,126.071
1607464800,126.071,126.518,125.789,125.911
1607551200,125.911,126.742,125.874,126.546
1607637600,126.546,126.614,125.788,126.016
1607896800,126.016,126.514,125.92,126.414
1607983200,126.414,126.589,125.95,125.962
1608069600,125.962,126.347,125.708,126.189
1608156000,126.189,126.518,126.018,126.487
1608242400,126.487,127.015,126.388,126.645
1608501600,126.645,126.645,125.914,126.532
1608588000,126.532,126.66,125.994,126.076
1608674400,126.076,126.378,125.941,126.281
1608760800,126.281,126.5,126.194,126.347
1609106400,126.347,126.956,126.051,126.792
1609192800,126.792,127.232,126.703,126.925
1609279200,126.925,127.138,126.467,127.014
1609365600,127.014,127.014,126.084,126.211
1609711200,126.211,126.796,126.1,126.34
1609797600,126.34,126.553,126.052,126.264
1609884000,126.264,127.244,126.142,127.044
1609970400,127.044,127.491,126.918,127.395
1610056800,127.395,127.462,126.817,127.077
1610316000,127.077,127.096,126.556,126.724
1610402400,126.724,126.865,126.542,126.651
1610488800,126.651,126.712,126.216,126.273
1610575200,126.273,126.527,125.931,126.328
1610661600,126.328,126.328,125.404,125.431
1610920800,125.431,125.493,125.09,125.217
1611007200,125.217,126.21,125.2,125.962
1611093600,125.962,126.187,125.271,125.348
1611180000,125.348,125.97,125.324,125.932
1611266400,125.932,126.402,125.896,126.313
1611525600,126.313,126.368,125.81,125.974
1611612000,125.974,126.161,125.694,126.005
1611698400,126.005,126.19,125.602,126.102
1611784800,126.102,126.667,125.994,126.349
1611871200,126.349,127.346,126.326,127.093
1612130400,127.093,127.156,126.523,126.531
1612216800,126.531,126.825,126.268,126.342
1612303200,126.342,126.549,126.146,126.438
1612389600,126.438,126.465,126.103,126.152
1612476000,126.152,127.009,126.152,126.922
1612735200,126.922,127.128,126.653,126.836
1612821600,126.836,126.854,126.438,126.813
1612908000,126.813,127.078,126.615,126.743
1612994400,126.743,127.164,126.705,127.015
1613080800,127.015,127.308,126.984,127.171
1613340000,127.171,127.974,127.171,127.647
1613426400,127.647,128.399,127.647,128.206
1613512800,128.206,128.458,127.312,127.542
1613599200,127.542,127.828,127.332,127.735
1613685600,127.735,128.184,127.656,127.766
1613944800,127.766,128.246,127.506,127.756
1614031200,127.756,128.054,127.655,127.886
1614117600,127.886,128.901,127.77,128.895
1614204000,128.895,129.974,128.739,129.315
1614290400,129.315,129.524,128.563,128.655
1614549600,128.655,129.142,128.222,128.793
1614636000,128.793,129.076,128.188,129.006
1614722400,129.006,129.457,128.741,129.157
1614808800,129.157,129.638,128.917,129.221
1614895200,129.221,129.576,128.85,129.128
1615154400,129.128,129.391,128.78,128.891
1615240800,128.891,129.546,128.891,128.956
1615327200,128.956,129.474,128.956,129.473
1615413600,129.473,130.066,129.236,130.042
1615500000,130.042,130.392,129.82,130.332
1615755600,130.332,130.489,129.99,130.235
1615842000,130.235,130.396,129.492,129.74
1615928400,129.74,130.444,129.705,130.381
1616014800,130.381,130.665,129.598,129.723
1616101200,129.723,129.996,129.32,129.611
1616360400,129.611,129.94,128.972,129.884
1616446800,129.884,129.92,128.606,128.663
1616533200,128.663,128.86,128.294,128.453
1616619600,128.453,128.945,128.388,128.455
1616706000,128.455,129.46,128.42,129.358
1616965200,129.358,129.505,128.834,129.177
1617051600,129.177,129.55,129.128,129.288
1617138000,129.288,130.046,129.249,129.875
1617224400,129.875,130.305,129.652,130.299
1617310800,130.299,130.385,130.038,130.162
1617570000,130.162,130.268,129.838,130.193
1617656400,130.193,130.564,129.814,130.37
1617742800,130.37,130.686,130.14,130.393
1617829200,130.393,130.48,129.573,130.124
1617915600,130.124,130.55,130.054,130.513
1618174800,130.513,130.61,129.873,130.291
1618261200,130.291,130.499,129.8,130.315
1618347600,130.315,130.582,130.034,130.497
1618434000,130.497,130.563,130.024,130.166
1618520400,130.166,130.542,129.979,130.37
1618779600,130.37,130.37,129.7,130.221
1618866000,130.221,130.973,129.996,130.143
1618952400,130.143,130.148,129.638,130.055
1619038800,130.055,130.468,129.672,129.735
1619125200,129.735,130.564,129.592,130.49
1619384400,130.49,130.763,130.21,130.618
1619470800,130.618,131.5,130.57,131.397
1619557200,131.397,131.819,131.397,131.601
1619643600,131.601,132.366,131.598,132.056
1619730000,132.056,132.192,131.378,131.441
1619989200,131.441,132.163,131.441,131.604
1620075600,131.604,131.64,131.146,131.411
1620162000,131.411,131.461,130.984,131.167
1620248400,131.167,131.85,131.068,131.616
1620334800,131.616,132.174,131.48,132.083
1620594000,132.083,132.53,131.911,132.037
1620680400,132.037,132.471,131.788,131.973
1620766800,131.973,132.453,131.66,132.394
1620853200,132.394,132.732,132.036,132.153
1620939600,132.153,132.846,132.063,132.791
1621198800,132.791,132.952,132.356,132.617
1621285200,132.617,133.19,132.617,133.088
1621371600,133.088,133.44,132.64,132.98
1621458000,132.98,133.092,132.71,133.023
1621544400,133.023,133.212,132.536,132.732
1621803600,132.732,133.044,132.525,132.874
1621890000,132.874,133.611,132.83,133.277
1621976400,133.277,133.414,133,133.082
1622062800,133.082,134.056,132.934,133.943
1622149200,133.943,134.006,133.61,133.952
1622408400,133.952,134.117,133.662,134.001
1622494800,134.001,134.126,133.718,133.73
1622581200,133.73,134.072,133.647,133.795
1622667600,133.795,133.918,133.628,133.774
1622754000,133.774,133.814,133.142,133.25
1623013200,133.25,133.385,132.888,133.176
1623099600,133.176,133.426,133.136,133.284
1623186000,133.284,133.626,133.206,133.536
1623272400,133.536,133.759,133.045,133.116
1623358800,133.116,133.412,132.668,132.823
1623618000,132.823,133.438,132.652,133.41
1623704400,133.41,133.682,133.277,133.461
1623790800,133.461,133.586,132.69,132.8
1623877200,132.8,132.876,131.026,131.256
1623963600,131.256,131.43,130.611,130.788
1624222800,130.788,131.496,130.044,131.488
1624309200,131.488,132.196,131.22,132.162
1624395600,132.162,132.696,132.037,132.332
1624482000,132.332,132.579,132.119,132.304
1624568400,132.304,132.456,132.127,132.251
1624827600,132.251,132.352,131.781,131.906
1624914000,131.906,131.959,131.281,131.51
1625000400,131.51,131.78,131.282,131.739
1625086800,131.739,132.433,131.562,132.158
1625173200,132.158,132.23,131.681,131.72
1625432400,131.72,131.867,131.548,131.672
1625518800,131.672,131.864,130.619,130.788
1625605200,130.788,131.038,130.429,130.439
1625691600,130.439,130.556,129.624,130.026
1625778000,130.026,130.878,129.938,130.769
1626037200,130.769,130.991,130.454,130.933
1626123600,130.933,131.089,130.213,130.289
1626210000,130.289,130.433,130.022,130.148
1626296400,130.148,130.204,129.612,129.736
1626382800,129.736,130.283,129.644,129.958
1626642000,129.958,130.029,128.893,129.142
1626728400,129.142,129.486,128.598,129.426
1626814800,129.426,130.188,129.162,130.093
1626901200,130.093,130.298,129.485,129.668
1626987600,129.668,130.183,129.475,130.126
1627246800,130.126,130.349,129.679,130.286
1627333200,130.286,130.318,129.548,129.732
1627419600,129.732,130.239,129.626,130.174
1627506000,130.174,130.566,129.899,130.144
1627592400,130.144,130.498,130.024,130.186
1627851600,130.186,130.422,129.604,129.778
1627938000,129.778,129.869,129.17,129.362
1628024400,129.362,129.821,129.138,129.604
1628110800,129.604,130.016,129.565,129.893
1628197200,129.893,129.966,129.584,129.648
1628456400,129.648,129.783,129.392,129.489
1628542800,129.489,129.686,129.405,129.6
1628629200,129.6,129.804,129.528,129.65
1628715600,129.65,129.708,129.394,129.544
1628802000,129.544,129.698,129.238,129.298
1629061200,129.298,129.434,128.5,128.674
1629147600,128.674,128.872,128.258,128.31
1629234000,128.31,128.95,128.224,128.543
1629320400,128.543,128.706,127.936,128.168
1629406800,128.168,128.527,127.951,128.448
1629666000,128.448,129.144,128.359,128.846
1629752400,128.846,129.034,128.596,128.956
1629838800,128.956,129.536,128.768,129.483
1629925200,129.483,129.768,129.229,129.374
1630011600,129.374,129.752,129.157,129.58
1630270800,129.58,129.708,129.489,129.676
1630357200,129.676,130.177,129.596,129.894
1630443600,129.894,130.453,129.878,130.278
1630530000,130.278,130.592,130.163,130.548
1630616400,130.548,130.744,130.188,130.304
1630875600,130.304,130.502,130.251,130.393
1630962000,130.393,130.66,130.296,130.604
1631048400,130.604,130.696,130.176,130.282
1631134800,130.282,130.332,129.668,129.753
1631221200,129.753,130.278,129.688,129.818
1631480400,129.818,129.949,129.59,129.913
1631566800,129.913,130.198,129.366,129.484
1631653200,129.484,129.549,129.062,129.228
1631739600,129.228,129.36,128.61,129.156
1631826000,129.156,129.674,128.909,128.959
1632085200,128.959,129.092,128.144,128.286
1632171600,128.286,128.704,127.997,128.074
1632258000,128.074,128.778,127.932,128.344
1632344400,128.344,129.544,128.316,129.516
1632430800,129.516,129.847,129.386,129.806
1632690000,129.806,129.934,129.484,129.83
1632776400,129.83,130.381,129.67,130.28
1632862800,130.28,130.473,129.679,129.856
1632949200,129.856,129.963,128.792,128.838
1633035600,128.838,129.048,128.554,128.776
1633294800,128.776,129.381,128.605,128.922
1633381200,128.922,129.39,128.76,129.282
1633467600,129.282,129.5,128.337,128.729
1633554000,128.729,129.03,128.632,128.972
1633640400,128.972,129.91,128.928,129.886
1633899600,129.886,131.226,129.659,130.931
1633986000,130.931,131.275,130.747,130.992
1634072400,130.992,131.465,130.884,131.328
1634158800,131.328,131.859,131.266,131.838
1634245200,131.838,132.776,131.822,132.528
1634504400,132.528,132.788,132.151,132.738
1634590800,132.738,133.194,132.624,133.053
1634677200,133.053,133.478,132.738,133.208
1634763600,133.208,133.374,132.263,132.524
1634850000,132.524,132.794,131.922,132.182
1635109200,132.182,132.6,131.865,132.03
1635195600,132.03,132.668,131.966,132.38
1635282000,132.38,132.526,131.582,132.054
1635368400,132.054,132.7,131.559,132.681
1635454800,132.681,132.918,131.608,131.83
1635714000,131.83,132.446,131.799,132.316
1635800400,132.316,132.395,131.478,131.958
1635886800,131.958,132.411,131.754,132.38
1635973200,132.38,132.562,131.02,131.441
1636059600,131.441,131.588,130.84,131.19
1636322400,131.19,131.432,130.901,131.202
1636408800,131.202,131.269,130.68,130.88
1636495200,130.88,131.418,130.644,130.742
1636581600,130.742,131,130.444,130.594
1636668000,130.594,130.762,130.236,130.364
1636927200,130.364,130.603,129.686,129.746
1637013600,129.746,130.113,129.664,129.985
1637100000,129.985,130.084,129.038,129.166
1637186400,129.166,129.949,129.075,129.945
1637272800,129.945,129.989,127.982,128.654
1637532000,128.654,129.324,128.564,129.064
1637618400,129.064,129.599,128.895,129.508
1637704800,129.508,129.56,128.694,129.266
1637791200,129.266,129.53,129.256,129.316
1637877600,129.316,129.347,127.798,128.415
1638136800,128.415,128.572,127.494,128.214
1638223200,128.214,128.607,127.646,128.298
1638309600,128.298,128.785,127.568,127.672
1638396000,127.672,128.224,127.599,127.912
1638482400,127.912,128.341,127.386,127.602
1638741600,127.602,128.091,127.515,128.091
1638828000,128.091,128.467,127.602,127.983
1638914400,127.983,129.108,127.826,128.978
1639000800,128.978,129.072,127.938,128.14
1639087200,128.14,128.405,127.811,128.315
1639346400,128.315,128.46,128.011,128.196
1639432800,128.196,128.561,127.995,128.06
1639519200,128.06,128.833,127.998,128.826
1639605600,128.826,129.638,128.453,128.832
1639692000,128.832,128.984,127.762,127.774
1639951200,127.774,128.314,127.517,128.134
1640037600,128.134,128.754,128.056,128.742
1640124000,128.742,129.502,128.568,129.267
1640210400,129.267,129.729,129.054,129.615
1640296800,129.615,129.753,129.278,129.458
1640556000,129.458,130.156,129.342,130.142
1640642400,130.142,130.224,129.612,129.854
1640728800,129.854,130.564,129.654,130.505
1640815200,130.505,130.593,130.124,130.334
1640901600,130.334,131.042,130.165,130.902
1641160800,130.902,131.002,130.027,130.313
1641247200,130.313,131.463,130.226,131.09
1641333600,131.09,131.599,130.842,131.348
1641420000,131.348,131.432,130.642,130.886
1641506400,130.886,131.35,130.816,131.277
1641765600,131.277,131.37,130.162,130.498
1641852000,130.498,131.196,130.45,131.084
1641938400,131.084,131.477,130.95,131.156
1642024800,131.156,131.443,130.623,130.767
1642111200,130.767,130.858,129.783,130.35
1642370400,130.35,130.829,130.311,130.724
1642456800,130.724,131.18,129.7,129.825
1642543200,129.825,129.988,129.392,129.673
1642629600,129.673,130.088,129.05,129.082
1642716000,129.082,129.309,128.562,128.979
1642975200,128.979,129.158,128.409,129.08
1643061600,129.08,129.198,128.248,128.684
1643148000,128.684,129.248,128.598,128.912
1643234400,128.912,129.014,128.327,128.556
1643320800,128.556,128.854,128.356,128.486
1643580000,128.486,129.377,128.456,129.328
1643666400,129.328,129.536,128.872,129.294
1643752800,129.294,129.474,129.046,129.382
1643839200,129.382,131.54,129.189,131.53
1643925600,131.53,132.092,131.448,131.926
1644184800,131.926,132.148,131.26,131.682
1644271200,131.682,132.034,131.48,131.923
1644357600,131.923,132.158,131.632,131.997
1644444000,131.997,133.157,131.866,132.57
1644530400,132.57,132.637,130.388,131.046
1644789600,131.046,131.39,130.046,130.636
1644876000,130.636,131.538,130.438,131.3
1644962400,131.3,131.91,131.11,131.314
1645048800,131.314,131.5,130.402,130.576
1645135200,130.576,131.124,130.21,130.318
1645394400,130.318,130.914,129.745,129.76
1645480800,129.76,130.766,129.36,130.318
1645567200,130.318,130.71,129.946,130.026
1645653600,130.026,130.048,127.92,129.323
1645740000,129.323,130.294,128.722,130.228
1645999200,130.228,130.228,128.699,128.992
1646085600,128.992,129.247,127.373,127.827
1646172000,127.827,128.777,127.302,128.486
1646258400,128.486,128.644,127.586,127.765
1646344800,127.765,127.822,125.074,125.551
1646604000,125.551,125.96,124.394,125.17
1646690400,125.17,126.734,125.096,126.033
1646776800,126.033,128.468,126.003,128.337
1646863200,128.337,128.882,127.422,127.624
1646949600,127.624,129.044,127.537,128.02
1647205200,128.02,129.712,128.02,129.324
1647291600,129.324,130.031,129.264,129.548
1647378000,129.548,131.1,129.532,131.058
1647464400,131.058,131.912,130.722,131.545
1647550800,131.545,131.922,131.188,131.675
1647810000,131.675,131.974,131.384,131.617
1647896400,131.617,133.339,131.603,133.264
1647982800,133.264,133.897,132.328,133.346
1648069200,133.346,134.614,132.95,134.542
1648155600,134.542,134.747,133.726,134.098
1648414800,134.098,137.552,134.004,136.138
1648501200,136.138,137.314,135.316,136.246
1648587600,136.246,136.676,134.88,135.955
1648674000,135.955,136.846,134.516,134.686
1648760400,134.686,135.884,134.648,135.428
1649019600,135.428,135.682,134.572,134.695
1649106000,134.695,135.134,134.296,134.792
1649192400,134.792,135.476,134.743,134.89
1649278800,134.89,135.506,134.419,134.885
1649365200,134.885,135.37,134.356,135.174
1649624400,135.174,137.132,135.174,136.473
1649710800,136.473,136.648,135.541,135.763
1649797200,135.763,136.879,135.702,136.858
1649883600,136.858,136.938,135.518,136.318
1649970000,136.318,136.923,136.289,136.766
1650229200,136.766,137.031,136.456,136.926
1650315600,136.926,139.096,136.868,139.056
1650402000,139.056,139.695,138.396,138.798
1650488400,138.798,140.004,138.728,139.052
1650574800,139.052,139.49,138.258,138.85
1650834000,138.85,139.226,136.486,137.246
1650920400,137.246,137.543,135.324,135.33
1651006800,135.33,136.16,134.78,135.62
1651093200,135.62,138.006,135.434,137.399
1651179600,137.399,137.986,136.501,136.924
1651438800,136.924,137.642,136.522,136.806
1651525200,136.806,137.377,136.542,136.936
1651611600,136.936,137.432,136.602,137.12
1651698000,137.12,137.575,136.828,137.205
1651784400,137.205,138.158,136.741,137.676
1652043600,137.676,138.32,137.067,137.627
1652130000,137.627,138.085,137.034,137.35
1652216400,137.35,137.71,136.183,136.656
1652302800,136.656,136.75,132.661,133.212
1652389200,133.212,134.753,133.12,134.518
1652648400,134.518,135.051,133.748,134.724
1652734800,134.724,136.699,134.494,136.524
1652821200,136.524,136.67,134.075,134.18
1652907600,134.18,135.461,133.925,135.298
1652994000,135.298,135.8,134.584,135.095
1653253200,135.095,136.802,134.661,136.738
1653339600,136.738,136.792,135.552,136.192
1653426000,136.192,136.236,134.992,135.942
1653512400,135.942,136.636,135.232,136.364
1653598800,136.364,136.729,135.844,136.444
1653858000,136.444,137.668,136.266,137.578
1653944400,137.578,138.239,136.802,138.131
1654030800,138.131,138.976,138.084,138.64
1654117200,138.64,139.608,138.394,139.6
1654203600,139.6,140.374,139.472,140.222
1654462800,140.222,141.124,139.841,141.074
1654549200,141.074,142.062,141.006,141.99
1654635600,141.99,144.255,141.913,143.876
1654722000,143.876,144.19,142.344,142.692
1654808400,142.692,142.793,140.803,141.338
1655067600,141.338,141.786,139.391,139.909
1655154000,139.909,141.104,139.482,141.1
1655240400,141.1,141.496,139.533,139.786
1655326800,139.786,140.604,137.845,139.528
1655413200,139.528,141.976,139.423,141.664
1655672400,141.664,142.356,141.444,142.012
1655758800,142.012,143.996,141.901,143.97
1655845200,143.97,144.249,142.672,143.973
1655931600,143.973,143.99,141.404,141.996
1656018000,141.996,142.773,141.4,142.729
1656277200,142.729,143.484,142.032,143.366
1656363600,143.366,144.279,142.868,143.273
1656450000,143.273,143.86,142.486,142.643
1656536400,142.643,142.862,141.374,142.318
1656622800,142.318,142.432,139.795,140.999
1656882000,140.999,141.668,140.614,141.449
1656968400,141.449,142.374,138.95,139.474
1657054800,139.474,139.5,137.272,138.432
1657141200,138.432,139.073,137.985,138.192
1657227600,138.192,138.718,136.866,138.613
1657486800,138.613,139.174,137.888,137.966
1657573200,137.966,138.078,137.02,137.386
1657659600,137.386,138.8,137.124,138.237
1657746000,138.237,139.774,137.996,139.235
1657832400,139.235,139.894,138.746,139.743
1658091600,139.743,140.8,139.381,140.13
1658178000,140.13,141.449,139.696,141.316
1658264400,141.316,141.934,140.428,140.764
1658350800,140.764,142.33,140.138,140.502
1658437200,140.502,140.695,138.786,139.028
1658696400,139.028,140.082,138.719,139.683
1658782800,139.683,139.84,138.132,138.546
1658869200,138.546,139.51,138.438,139.322
1658955600,139.322,139.348,136.376,136.87
1659042000,136.87,137.336,135.548,136.238
1659301200,136.238,136.35,134.998,135.034
1659387600,135.034,135.409,133.398,135.362
1659474000,135.362,136.423,134.828,136.126
1659560400,136.126,136.924,135.64,136.24
1659646800,136.24,137.763,135.802,137.481
1659906000,137.481,137.928,137.07,137.662
1659992400,137.662,138.318,137.266,138.03
1660078800,138.03,138.396,136.613,136.872
1660165200,136.872,137.396,136.304,137.305
1660251600,137.305,137.722,136.873,136.978
1660510800,136.978,137.074,135.277,135.431
1660597200,135.431,136.918,134.949,136.54
1660683600,136.54,137.88,136.26,137.47
1660770000,137.47,137.661,136.558,137.076
1660856400,137.076,137.967,136.941,137.485
1661115600,137.485,137.948,136.4,136.722
1661202000,136.722,137.062,135.728,136.313
1661288400,136.313,136.79,135.514,136.704
1661374800,136.704,136.986,136.016,136.124
1661461200,136.124,137.974,136.092,136.994
1661720400,136.994,138.976,136.994,138.688
1661806800,138.688,139.218,138.264,139.026
1661893200,139.026,139.73,138.272,139.706
1661979600,139.706,140,138.926,139.466
1662066000,139.466,140.751,139.258,139.605
1662325200,139.605,139.646,138.693,139.6
1662411600,139.6,141.76,139.568,141.456
1662498000,141.456,144.016,141.35,143.869
1662584400,143.869,144.332,143.18,144.096
1662670800,144.096,144.725,142.638,143.26
1662930000,143.26,145.638,143.26,144.576
1663016400,144.576,145.098,144.03,144.082
1663102800,144.082,144.48,142.296,142.878
1663189200,142.878,143.686,142.566,143.455
1663275600,143.455,143.537,142.51,143.186
1663534800,143.186,143.618,142.801,143.571
1663621200,143.571,144.044,143.019,143.296
1663707600,143.296,143.598,141.642,141.742
1663794000,141.742,143.706,138.71,140.048
1663880400,140.048,140.266,138.672,138.934
1664139600,138.934,139.524,137.365,139.073
1664226000,139.073,139.549,138.612,138.956
1664312400,138.956,140.4,138.061,140.328
1664398800,140.328,141.757,139.413,141.74
1664485200,141.74,142.298,140.773,141.854
1664744400,141.854,142.466,141.372,142.036
1664830800,142.036,144.08,141.984,143.965
1664917200,143.965,144.091,142.441,143.03
1665003600,143.03,143.46,141.959,142.114
1665090000,142.114,142.222,141.188,141.649
1665349200,141.649,141.816,140.9,141.424
1665435600,141.424,142.199,140.974,141.536
1665522000,141.536,142.635,141.396,142.56
1665608400,142.56,144.096,141.738,143.97
1665694800,143.97,144.85,143.478,144.678
1665954000,144.678,146.722,144.358,146.707
1666040400,146.707,147.202,145.816,147.136
1666126800,147.136,147.258,146.078,146.494
1666213200,146.494,147.302,146.24,146.988
1666299600,146.988,148.406,144.099,145.592
1666558800,145.592,147.422,143.751,147.14
1666645200,147.14,147.486,146.636,147.473
1666731600,147.473,147.732,146.959,147.624
1666818000,147.624,147.7,145.556,145.782
1666904400,145.782,147.368,145.619,146.952
1667163600,146.952,147.757,146.708,147
1667250000,147,147.122,145.973,146.37
1667336400,146.37,146.736,145.036,145.209
1667422800,145.209,145.364,144.036,144.563
1667509200,144.563,146.146,144.234,146.032
1667772000,146.032,147.002,145.494,146.939
1667858400,146.939,146.998,145.989,146.722
1667944800,146.722,147.115,146.316,146.584
1668031200,146.584,146.745,143.198,143.857
1668117600,143.857,145.031,142.563,143.703
1668376800,143.703,145.254,143.47,144.492
1668463200,144.492,145.363,143.353,144.164
1668549600,144.164,145.504,143.57,145.041
1668636000,145.041,145.476,144.446,145.339
1668722400,145.339,145.55,144.556,144.908
1668981600,144.908,145.648,144.334,145.553
1669068000,145.553,145.716,144.894,145.489
1669154400,145.489,146.138,144.639,145.107
1669240800,145.107,145.204,143.65,144.336
1669327200,144.336,145.154,144.112,144.691
1669586400,144.691,145.004,143.048,143.65
1669672800,143.65,144.026,143.018,143.266
1669759200,143.266,144.85,143.171,143.751
1669845600,143.751,143.768,141.902,142.47
1669932000,142.47,142.482,140.764,141.602
1670191200,141.602,143.622,141.517,143.522
1670277600,143.522,144.002,143.098,143.454
1670364000,143.454,144.585,143.167,143.502
1670450400,143.502,144.366,143.252,144.279
1670536800,144.279,144.47,143.17,143.844
1670796000,143.844,145.104,143.714,145.061
1670882400,145.061,145.348,143.522,144.17
1670968800,144.17,144.75,143.476,144.722
1671055200,144.722,146.73,144.305,146.416
1671141600,146.416,146.6,144.62,144.759
1671400800,144.759,145.496,143.899,145.234
1671487200,145.234,145.838,138.804,139.884
1671573600,139.884,140.775,139.658,140.468
1671660000,140.468,140.659,139.962,140.284
1671746400,140.284,141.214,140.07,141.01
1672092000,141.01,142.274,141.01,142.023
1672178400,142.023,142.944,141.89,142.722
1672264800,142.722,142.722,141.581,141.826
1672351200,141.826,141.912,139.996,140.324
1672610400,140.324,140.324,139.28,139.343
1672696800,139.343,140.023,137.388,138.178
1672783200,138.178,140.76,137.875,140.692
1672869600,140.692,141.364,139.972,140.392
1672956000,140.392,141.449,140.23,140.614
1673215200,140.614,141.918,140.167,141.552
1673301600,141.552,142.052,141.092,141.938
1673388000,141.938,142.854,141.826,142.552
1673474400,142.552,142.552,140.012,140.312
1673560800,140.312,140.406,138.012,138.491
1673820000,138.491,139.296,138.236,139.114
1673906400,139.114,139.62,138.202,138.256
1673992800,138.256,141.693,138.238,139.148
1674079200,139.148,139.429,137.918,139.098
1674165600,139.098,141.2,139.052,140.669
1674424800,140.669,142.082,140.474,142.074
1674511200,142.074,142.205,141.256,141.76
1674597600,141.76,142.3,140.758,141.438
1674684000,141.438,141.914,140.874,141.841
1674770400,141.841,141.841,140.822,141.109
1675029600,141.109,141.978,140.556,141.543
1675116000,141.543,141.62,140.744,141.32
1675202400,141.32,141.84,140.904,141.68
1675288800,141.68,141.952,140.085,140.422
1675375200,140.422,142.348,139.934,141.626
1675634400,141.626,142.81,141.626,142.247
1675720800,142.247,142.342,140.288,140.6
1675807200,140.6,141.031,140.294,140.843
1675893600,140.843,141.358,140.428,141.24
1675980000,141.24,141.514,139.556,140.323
1676239200,140.323,142.386,140.21,142.016
1676325600,142.016,142.946,141.522,142.894
1676412000,142.894,143.438,142.35,143.396
1676498400,143.396,143.523,142.858,142.959
1676584800,142.959,143.675,142.923,143.468
1676844000,143.468,143.658,143.03,143.474
1676930400,143.474,144.165,143.171,143.754
1677016800,143.754,143.891,143.046,143.094
1677103200,143.094,143.52,142.564,142.696
1677189600,142.696,144.01,142.155,143.942
1677448800,143.942,144.552,143.568,144.529
1677535200,144.529,145.474,143.88,144.066
1677621600,144.066,145.36,144,145.336
1677708000,145.336,145.572,144.774,144.934
1677794400,144.934,145.043,144.294,144.438
1678053600,144.438,145.382,144.114,145.21
1678140000,145.21,145.442,144.56,144.696
1678226400,144.696,145.236,144.238,144.82
1678312800,144.82,144.882,143.622,144.047
1678399200,144.047,145.112,143.352,143.738
1678654800,143.738,144.389,141.368,143
1678741200,143,144.414,142.535,144.061
1678827600,144.061,144.966,139.48,141.114
1678914000,141.114,142.008,139.128,141.962
1679000400,141.962,142.218,140.161,140.636
1679259600,140.636,141.754,138.83,140.818
1679346000,140.818,142.792,140.422,142.644
1679432400,142.644,143.631,142.306,142.75
1679518800,142.75,143.202,141.16,141.774
1679605200,141.774,141.85,139.07,140.644
1679864400,140.644,142.224,140.572,142.09
1679950800,142.09,142.153,141.049,141.971
1680037200,141.971,144.097,141.792,144.092
1680123600,144.092,145.084,143.135,144.708
1680210000,144.708,145.676,143.886,144.008
1680469200,144.008,144.942,143.628,144.359
1680555600,144.359,145.442,143.962,144.327
1680642000,144.327,144.446,142.674,143.176
1680728400,143.176,144.004,142.55,143.866
1680814800,143.866,144.232,143.524,144.069
1681074000,144.069,145.153,143.808,145.128
1681160400,145.128,145.966,144.879,145.9
1681246800,145.9,146.668,145.786,146.368
1681333200,146.368,146.886,146.078,146.457
1681419600,146.457,147.158,146.244,147.048
1681678800,147.048,147.456,146.664,146.962
1681765200,146.962,147.384,146.72,147.154
1681851600,147.154,147.862,147.042,147.61
1681938000,147.61,147.834,147.024,147.27
1682024400,147.27,147.567,146.406,147.402
1682283600,147.402,148.476,147.123,148.29
1682370000,148.29,148.63,146.29,146.757
1682456400,146.757,147.918,146.461,147.586
1682542800,147.586,147.992,147.142,147.742
1682629200,147.742,150.438,146.853,150.083
1682888400,150.083,150.966,150.029,150.946
1682974800,150.946,151.614,149.834,150.27
1683061200,150.27,150.392,149.072,149.075
1683147600,149.075,149.205,147.132,147.888
1683234000,147.888,148.708,147.686,148.57
1683493200,148.57,149.269,148.454,148.678
1683579600,148.678,148.694,147.887,148.221
1683666000,148.221,148.67,147.042,147.588
1683752400,147.588,147.603,146.132,146.889
1683838800,146.889,147.472,146.665,147.274
1684098000,147.274,148.178,147.222,148.012
1684184400,148.012,148.502,147.61,148.142
1684270800,148.142,149.25,148.074,149.246
1684357200,149.246,149.454,148.776,149.398
1684443600,149.398,149.802,148.716,149.096
1684702800,149.096,149.927,148.838,149.866
1684789200,149.866,150.056,149.104,149.266
1684875600,149.266,149.944,148.843,149.909
1684962000,149.909,150.318,149.29,150.204
1685048400,150.204,150.936,149.798,150.806
1685307600,150.806,151.074,150.094,150.392
1685394000,150.392,150.629,149.735,150.063
1685480400,150.063,150.105,148.594,148.936
1685566800,148.936,149.684,148.623,149.39
1685653200,149.39,149.966,149.252,149.876
1685912400,149.876,150.2,149.234,149.508
1685998800,149.508,149.698,148.826,149.313
1686085200,149.313,150.022,148.634,149.97
1686171600,149.97,150.046,149.59,149.8
1686258000,149.8,150.442,149.642,149.798
1686517200,149.798,150.349,149.667,150.197
1686603600,150.197,151.376,150.036,151.356
1686690000,151.356,151.782,150.924,151.749
1686776400,151.749,153.689,151.605,153.53
1686862800,153.53,155.272,153.092,155.244
1687122000,155.244,155.332,154.652,155.078
1687208400,155.078,155.381,154.048,154.416
1687294800,154.416,155.918,154.302,155.894
1687381200,155.894,156.932,155.614,156.785
1687467600,156.785,156.83,155.059,156.556
1687726800,156.556,156.726,155.75,156.5
1687813200,156.5,157.938,156.394,157.922
1687899600,157.922,158.004,157.231,157.674
1687986000,157.674,157.922,157.246,157.306
1688072400,157.306,157.882,156.688,157.444
1688331600,157.444,157.957,157.26,157.912
1688418000,157.912,157.912,157.144,157.152
1688504400,157.152,157.723,156.786,157.004
1688590800,157.004,157.186,155.846,156.917
1688677200,156.917,156.936,155.385,155.937
1688936400,155.937,156.677,155.329,155.456
1689022800,155.456,155.674,154.18,154.508
1689109200,154.508,154.543,153.412,154.182
1689195600,154.182,155.132,153.884,154.994
1689282000,154.994,156.139,154.173,155.862
1689541200,155.862,156.344,155.097,155.916
1689627600,155.916,156.144,154.873,155.88
1689714000,155.88,157.208,155.842,156.478
1689800400,156.478,156.626,155.866,155.898
1689886800,155.898,158.048,155.59,157.814
1690146000,157.814,157.814,156.241,156.558
1690232400,156.558,156.892,155.618,155.78
1690318800,155.78,155.988,155.148,155.469
1690405200,155.469,156.237,152.192,153.106
1690491600,153.106,156.066,151.412,155.477
1690750800,155.477,157.285,155.112,156.455
1690837200,156.455,157.489,156.346,157.441
1690923600,157.441,157.501,156.256,156.796
1691010000,156.796,157.238,155.534,156.065
1691096400,156.065,156.632,155.902,156.081
1691355600,156.081,156.855,155.803,156.77
1691442000,156.77,157.748,156.342,157.096
1691528400,157.096,157.902,156.916,157.749
1691614800,157.749,159.21,157.661,158.964
1691701200,158.964,159.226,158.533,158.688
1691960400,158.688,158.858,158.19,158.751
1692046800,158.751,159.336,158.538,158.739
1692133200,158.739,159.26,158.636,159.216
1692219600,159.216,159.3,158.257,158.58
1692306000,158.58,158.584,157.658,158.116
1692565200,158.116,159.397,157.796,159.324
1692651600,159.324,159.492,158.09,158.224
1692738000,158.224,158.378,156.871,157.344
1692824400,157.344,158.049,157.113,157.67
1692910800,157.67,158.25,157.234,158.09
1693170000,158.09,158.566,158.08,158.535
1693256400,158.535,159.065,158.244,158.704
1693342800,158.704,159.766,158.549,159.761
1693429200,159.761,159.761,157.618,157.809
1693515600,157.809,157.966,157.054,157.588
1693774800,157.588,158.254,157.334,158.169
1693861200,158.169,158.504,157.803,158.39
1693947600,158.39,158.47,157.773,158.408
1694034000,158.408,158.527,157.362,157.546
1694120400,157.546,158.396,157.007,158.157
1694379600,158.157,158.157,156.582,157.586
1694466000,157.586,158.294,157.182,158.198
1694552400,158.198,158.656,158.008,158.241
1694638800,158.241,158.431,156.641,156.978
1694725200,156.978,157.904,156.726,157.635
1694984400,157.635,157.94,157.35,157.834
1695070800,157.834,158.28,157.74,157.926
1695157200,157.926,158.451,157.77,158.14
1695243600,158.14,158.14,157.034,157.332
1695330000,157.332,158.285,157.12,157.987
1695589200,157.987,158.179,157.488,157.736
1695675600,157.736,157.927,157.322,157.593
1695762000,157.593,157.62,156.957,157.18
1695848400,157.18,157.871,156.708,157.76
1695934800,157.76,158.339,157.4,157.944
1696194000,157.944,158.478,157.002,157.042
1696280400,157.042,157.216,154.42,156.053
1696366800,156.053,156.771,155.829,156.647
1696453200,156.647,156.791,156.092,156.686
1696539600,156.686,158.265,156.496,158.001
1696798800,158.001,158.001,156.512,156.946
1696885200,156.946,157.976,156.766,157.714
1696971600,157.714,158.47,157.525,158.397
1697058000,158.397,158.614,157.649,157.741
1697144400,157.741,158.051,157.048,157.186
1697403600,157.186,157.988,157.058,157.881
1697490000,157.881,158.623,157.099,158.448
1697576400,158.448,158.548,157.688,157.973
1697662800,157.973,158.936,157.684,158.508
1697749200,158.508,158.932,158.34,158.766
1698008400,158.766,159.78,158.506,159.721
1698094800,159.721,159.917,158.537,158.762
1698181200,158.762,158.94,158.41,158.714
1698267600,158.714,158.906,158.024,158.877
1698354000,158.877,158.885,157.885,158.135
1698613200,158.135,158.928,157.693,158.231
1698699600,158.231,160.853,158.135,160.425
1698786000,160.425,160.516,159.068,159.566
1698872400,159.566,160.085,159.072,159.848
1698958800,159.848,160.404,159.596,160.317
1699221600,160.317,160.984,160.182,160.84
1699308000,160.84,161.032,160.431,160.942
1699394400,160.942,161.734,160.7,161.686
1699480800,161.686,161.8,161.366,161.464
1699567200,161.464,161.946,161.355,161.906
1699826400,161.906,162.366,161.542,162.332
1699912800,162.332,163.818,162.215,163.604
1699999200,163.604,164.222,163.07,164.214
1700085600,164.214,164.308,163.257,163.598
1700172000,163.598,163.606,162.152,163.302
1700431200,163.302,163.562,161.781,162.337
1700517600,162.337,162.429,161.248,161.91
1700604000,161.91,162.941,161.594,162.838
1700690400,162.838,163.194,162.438,163.131
1700776800,163.131,163.652,162.725,163.491
1701036000,163.491,163.723,162.541,162.868
1701122400,162.868,162.93,161.926,162.144
1701208800,162.144,162.255,161.49,161.506
1701295200,161.506,161.945,160.597,161.385
1701381600,161.385,161.776,159.648,159.77
1701640800,159.77,159.844,158.712,159.543
1701727200,159.543,159.723,158.578,158.901
1701813600,158.901,159.124,158.382,158.58
1701900000,158.58,158.587,153.164,155.612
1701986400,155.612,156.092,153.868,156.019
1702245600,156.019,157.684,155.908,157.343
1702332000,157.343,157.358,156.498,157.044
1702418400,157.044,157.483,155.39,155.407
1702504800,155.407,156.064,153.862,155.962
1702591200,155.962,156.498,154.404,154.882
1702850400,154.882,156.309,154.837,155.997
1702936800,155.997,158.57,155.388,157.958
1703023200,157.958,158.13,156.789,157.108
1703109600,157.108,157.12,156.134,156.472
1703196000,156.472,156.991,156.13,156.886
1703541600,156.886,157.369,156.584,157.207
1703628000,157.207,158.387,157.154,157.514
1703714400,157.514,157.514,155.838,156.446
1703800800,156.446,156.95,155.64,155.722
1704146400,155.722,156.343,155.07,155.372
1704232800,155.372,156.79,155.274,156.521
1704319200,156.521,158.592,156.072,158.312
1704405600,158.312,158.997,158.049,158.24
1704664800,158.24,158.489,157.686,157.938
1704751200,157.938,158.02,157.206,157.96
1704837600,157.96,159.95,157.768,159.946
1704924000,159.946,160.183,159.381,159.448
1705010400,159.448,159.573,158.544,158.68
1705269600,158.68,159.836,158.63,159.634
1705356000,159.634,160.146,159.24,160.068
1705442400,160.068,161.298,159.972,161.23
1705528800,161.23,161.388,160.646,161.144
1705615200,161.144,161.871,160.816,161.473
1705874400,161.473,161.564,160.756,161.214
1705960800,161.214,161.718,160.421,161.04
1706047200,161.04,161.076,159.982,160.557
1706133600,160.557,160.972,159.698,160.17
1706220000,160.17,160.928,159.831,160.813
1706479200,160.813,160.84,159.422,159.802
1706565600,159.802,160.34,159.218,160.1
1706652000,160.1,160.271,158.566,158.981
1706738400,158.981,159.206,158.083,159.186
1706824800,159.186,160.262,159.049,160.072
1707084000,160.072,160.276,159.385,159.726
1707170400,159.726,159.87,158.964,159.104
1707256800,159.104,159.736,158.914,159.632
1707343200,159.632,160.996,159.466,160.94
1707429600,160.94,161.265,160.772,161.01
1707688800,161.01,161.102,160.382,160.886
1707775200,160.886,161.636,160.786,161.5
1707861600,161.5,161.591,160.958,161.56
1707948000,161.56,161.649,160.917,161.528
1708034400,161.528,161.955,161.443,161.895
1708293600,161.895,161.926,161.479,161.844
1708380000,161.844,162.365,161.734,162.12
1708466400,162.12,162.644,161.946,162.638
1708552800,162.638,163.468,162.553,162.938
1708639200,162.938,163.212,162.688,162.904
1708898400,162.904,163.72,162.564,163.546
1708984800,163.546,163.555,162.892,163.234
1709071200,163.234,163.412,162.755,163.35
1709157600,163.35,163.35,161.682,162.075
1709244000,162.075,163.012,162.021,162.741
1709503200,162.741,163.522,162.538,163.405
1709589600,163.405,163.444,162.608,162.92
1709676000,162.92,162.962,162.215,162.842
1709762400,162.842,162.842,160.556,162.074
1709848800,162.074,162.178,160.614,160.868
1710104400,160.868,160.998,160.215,160.546
1710190800,160.546,161.614,160.282,161.346
1710277200,161.346,161.95,160.9,161.767
1710363600,161.767,161.916,161.108,161.434
1710450000,161.434,162.406,161.07,162.312
1710709200,162.312,162.685,161.953,162.174
1710795600,162.174,163.996,162.028,163.916
1710882000,163.916,165.355,163.837,165.196
1710968400,165.196,165.344,164.347,164.664
1711054800,164.664,164.82,163.484,163.661
1711314000,163.661,164.212,163.314,164.094
1711400400,164.094,164.41,163.962,164.154
1711486800,164.154,164.42,163.441,163.75
1711573200,163.75,163.87,163.134,163.26
1711659600,163.26,163.432,162.936,163.31
1711918800,163.31,163.429,162.794,162.931
1712005200,162.931,163.338,162.612,163.218
1712091600,163.218,164.397,163.068,164.382
1712178000,164.382,164.918,163.795,164.019
1712264400,164.019,164.44,163.484,164.32
1712523600,164.32,164.914,164.192,164.899
1712610000,164.899,165.176,164.546,164.788
1712696400,164.788,164.992,163.924,164.52
1712782800,164.52,164.7,163.942,164.408
1712869200,164.408,164.419,162.275,163.117
1713128400,163.117,164.441,162.704,163.91
1713214800,163.91,164.68,163.678,164.304
1713301200,164.304,164.813,163.926,164.783
1713387600,164.783,164.954,164.357,164.61
1713474000,164.61,165.028,163.022,164.798
1713733200,164.798,165.104,164.402,164.954
1713819600,164.954,165.742,164.626,165.712
1713906000,165.712,166.232,165.384,166.209
1713992400,166.209,167.09,165.938,167.015
1714078800,167.015,169.402,166.468,169.307
1714338000,169.307,171.605,165.64,167.595
1714424400,167.595,168.604,167.216,168.236
1714510800,168.236,168.669,164.063,165.484
1714597200,165.484,167.389,164.226,164.833
1714683600,164.833,164.963,164.016,164.659
1714942800,164.659,165.99,164.496,165.752
1715029200,165.752,166.574,165.64,166.368
1715115600,166.368,167.348,166.255,167.188
1715202000,167.188,167.751,166.74,167.632
1715288400,167.632,167.966,167.42,167.777
1715547600,167.777,168.66,167.501,168.558
1715634000,168.558,169.36,168.486,169.256
1715720400,169.256,169.402,168.068,168.594
1715806800,168.594,168.908,167.33,168.874
1715893200,168.874,169.326,168.782,169.179
1716152400,169.179,169.786,169.062,169.66
1716238800,169.66,169.944,169.221,169.533
1716325200,169.533,169.928,169.383,169.732
1716411600,169.732,170.324,169.29,169.75
1716498000,169.75,170.498,169.629,170.27
1716757200,170.27,170.502,169.97,170.377
1716843600,170.377,170.8,170.209,170.656
1716930000,170.656,170.799,170.172,170.296
1717016400,170.296,170.333,169.065,169.864
1717102800,169.864,170.746,169.446,170.639
1717362000,170.639,170.894,169.72,170.194
1717448400,170.194,170.726,168.022,168.515
1717534800,168.515,170.018,168.406,169.684
1717621200,169.684,170.293,169.208,169.458
1717707600,169.458,169.976,168.94,169.34
1717966800,169.34,169.34,168.302,169.054
1718053200,169.054,169.424,168.296,168.778
1718139600,168.778,169.59,168.66,169.418
1718226000,169.418,170.138,168.282,168.596
1718312400,168.596,169.802,167.52,168.525
1718571600,168.525,169.336,167.958,169.291
1718658000,169.271,169.912,168.965,169.53
1718744400,169.548,169.902,169.13,169.84
1718830800,169.802,170.32,169.617,170.096
1718917200,170.106,170.918,169.328,170.894
1719176400,170.765,171.45,170.276,171.34
1719262800,171.318,171.398,170.706,171.093
1719349200,171.095,171.802,170.852,171.768
1719435600,171.707,172.166,171.388,172.091
1719522000,172.12,172.448,171.454,172.39
1719781200,172.708,173.675,172.602,173.433
1719867600,173.417,173.602,173.086,173.512
1719954000,173.467,174.52,173.435,174.452
1720040400,174.32,174.438,173.802,174.362
1720126800,174.378,174.502,173.716,174.296
1720386000,173.723,174.634,173.513,174.092
1720472400,174.07,174.592,174.02,174.436
1720558800,174.461,175.164,174.404,175.132
1720645200,175.046,175.428,171.553,172.693
1720731600,172.671,173.431,171.458,172.216
1720990800,172.088,172.565,171.554,172.25
1721077200,172.21,172.924,172.171,172.644
1721163600,172.575,172.836,170.696,170.896
1721250000,170.844,171.576,169.994,171.469
1721336400,171.481,171.878,170.914,171.41
1721595600,171.396,171.664,170.062,171.042
1721682000,170.977,171.096,168.834,168.892
1721768400,168.854,169.207,166.143,166.822
1721854800,166.815,167.594,164.826,166.918
1721941200,166.954,168.018,166.324,166.928
1722200400,166.962,167.522,166.236,166.678
1722286800,166.618,167.956,165.084,165.214
1722373200,165.25,166.558,162.015,162.366
1722459600,162.334,162.894,160.884,161.162
1722546000,161.17,161.599,159.7,159.887
1722805200,159.94,160.034,154.414,157.904
1722891600,157.891,160.232,157.296,157.764
1722978000,157.772,161.448,157.671,160.266
1723064400,160.201,160.892,158.959,160.822
1723150800,160.773,161.386,159.811,160.06
1723410000,159.889,161.958,159.889,160.925
1723496400,160.91,161.805,160.644,161.442
1723582800,161.435,162.593,160.586,162.234
1723669200,162.184,163.894,161.946,163.793
1723755600,163.824,163.874,162.291,162.78
1724014800,162.75,163.214,160.418,162.517
1724101200,162.481,163.196,161.541,161.682
1724187600,161.61,163.05,161.348,162.002
1724274000,162,162.93,161.478,162.57
1724360400,162.562,162.716,161.21,161.602
1724619600,161.403,161.494,160.506,161.306
1724706000,161.361,162.178,160.88,161.006
1724792400,161.019,161.377,160.452,160.787
1724878800,160.712,161.268,160.024,160.632
1724965200,160.611,161.634,160.192,161.504
1725224400,161.424,162.896,161.026,162.683
1725310800,162.679,162.798,160.5,160.654
1725397200,160.701,160.899,159.262,159.306
1725483600,159.247,159.792,158.553,159.383
1725570000,159.386,159.688,157.464,157.754
1725829200,157.769,158.734,157.412,157.989
1725915600,158.033,158.642,156.796,156.983
1726002000,156.968,157.015,155.46,156.76
1726088400,156.764,157.516,156.533,157.068
1726174800,157.077,157.106,155.62,155.981
1726434000,156.035,156.672,155.15,156.54
1726520400,156.54,158.33,156.048,158.266
1726606800,158.248,158.378,157.046,158.186
1726693200,158.156,159.969,157.778,159.208
1726779600,159.162,161.162,158.427,160.659
1727038800,160.752,161.194,159.048,159.558
1727125200,159.517,161.11,159.237,160.121
1727211600,160.128,161.67,159.862,161.154
1727298000,161.102,161.926,160.748,161.852
1727384400,161.896,163.494,158.564,158.792
1727643600,158.716,160.13,158.102,159.925
1727730000,159.914,160.91,158.374,158.908
1727816400,158.915,161.883,158.706,161.782
1727902800,161.718,162.496,161.374,162.086
1727989200,162.045,163.374,161.015,163.211
1728248400,163.121,163.578,162.292,162.625
1728334800,162.635,162.822,161.906,162.733
1728421200,162.706,163.466,162.392,163.35
1728507600,163.252,163.612,162.18,162.508
1728594000,162.505,163.411,162.31,163.11
1728853200,162.979,163.602,162.897,163.371
1728939600,163.378,163.436,162.343,162.521
1729026000,162.512,162.888,162.108,162.547
1729112400,162.494,162.767,161.848,162.706
1729198800,162.689,162.86,162.181,162.51
1729458000,162.419,163.159,161.998,163.108
1729544400,163.109,163.668,162.777,163.158
1729630800,163.119,165.02,163.07,164.716
1729717200,164.657,164.762,163.796,164.399
1729803600,164.422,164.792,163.939,164.432
1730062800,165.336,166.075,164.715,165.751
1730149200,165.769,166.08,165.158,165.926
1730235600,165.892,166.599,165.504,166.558
1730322000,166.547,166.694,164.939,165.481
1730408400,165.493,166.118,165.231,165.75
1730671200,165.772,165.971,165.217,165.479
1730757600,165.519,166.04,165.406,165.716
1730844000,165.702,166.102,164.926,165.904
1730930400,165.868,165.966,165.01,165.2
1731016800,165.252,165.43,163.208,163.609
1731276000,163.547,164.658,163.499,163.818
1731362400,163.819,164.333,163.244,164.278
1731448800,164.262,164.814,163.632,164.25
1731535200,164.236,164.985,163.808,164.565
1731621600,164.571,165.042,162.317,162.682
1731880800,162.625,163.981,162.267,163.936
1731967200,163.917,163.942,161.49,163.872
1732053600,163.855,164.762,163.158,163.883
1732140000,163.909,163.909,161.745,161.882
1732226400,161.848,162.493,159.888,161.26
1732485600,161.686,162.12,160.993,161.832
1732572000,161.875,162.012,160.304,160.61
1732658400,160.579,160.714,159.094,159.692
1732744800,159.626,160.345,159.513,159.966
1732831200,159.911,159.968,158.036,158.369
1733090400,158.117,158.642,156.38,157.057
1733176800,157.055,157.987,156.18,157.223
1733263200,157.19,158.661,156.986,158.314
1733349600,158.304,159.394,157.562,158.926
1733436000,158.927,159.579,158.096,158.582
1733695200,158.432,159.998,157.866,159.594
1733781600,159.589,160.072,159.372,159.983
1733868000,159.964,160.724,158.648,160.025
1733954400,159.992,160.549,159.108,159.77
1734040800,159.783,161.557,159.646,161.39
1734300000,161.142,162.21,161.132,162.028
1734386400,161.989,162.477,160.776,161.057
1734472800,161.021,161.562,159.808,160.254
1734559200,160.257,163.801,159.86,163.161
1734645600,163.14,163.67,162.344,163.146
1734904800,163.111,163.621,162.848,163.548
1734991200,163.542,163.635,163.026,163.312
1735164000,163.369,164.762,163.32,164.704
1735250400,164.704,164.828,164.031,164.632
1735509600,164.478,164.905,162.81,163.27
1735596000,163.268,163.436,162.452,162.784
1735768800,162.787,163.318,160.897,161.757
1735855200,161.748,162.21,161.39,162.166
1736114400,162.041,164.024,161.976,163.795
1736200800,163.804,164.55,163.216,163.45
1736287200,163.441,163.811,162.844,163.412
1736373600,163.37,163.432,162.376,162.856
1736460000,162.878,163.192,161.212,161.618
1736719200,161.618,161.786,160.036,161.33
1736805600,161.351,162.861,161.054,162.846
1736892000,162.822,162.894,160.784,161.014
1736978400,160.953,161.088,159.746,159.812
1737064800,159.847,161.014,159.724,160.524
1737324000,160.674,162.315,160.318,162.144
1737410400,162.14,162.228,160.956,162.16
1737496800,162.142,163.222,161.874,162.945
1737583200,162.936,163.132,162.194,162.556
1737669600,162.565,164.084,161.916,163.7
1737928800,163.206,163.462,161.542,162.122
1738015200,162.133,162.707,161.574,162.226
1738101600,162.261,162.49,161.31,161.772
1738188000,161.7,161.8,160.212,160.337
1738274400,160.344,161.503,159.908,160.77
1738533600,158.654,160.15,157.97,160.074
1738620000,160.087,160.702,159.19,160.2
1738706400,160.171,160.312,158.498,158.728
1738792800,158.728,158.864,157.038,157.27
1738879200,157.29,158.018,155.869,156.379
1739138400,155.767,157.424,155.678,156.672
1739224800,156.686,158.198,156.26,158.008
1739311200,158.004,160.969,157.896,160.328
1739397600,160.327,161.189,159.019,159.911
1739484000,159.912,160.267,159.432,159.804
1739743200,159.659,159.834,158.533,158.832
1739829600,158.779,159.198,158.372,158.846
1739916000,158.797,159.136,157.716,157.87
1740002400,157.84,157.877,156.316,157.135
1740088800,157.148,158.228,155.818,156.192
1740348000,156.289,157.26,156.09,156.73
1740434400,156.714,157.31,156.084,156.704
1740520800,156.705,157.129,156.034,156.33
1740607200,156.3,157.221,155.66,155.778
1740693600,155.812,157.165,154.797,156.286
1740952800,156.81,158.471,155.923,156.808
1741039200,156.83,159.216,155.592,159.176
1741125600,159.134,160.731,158.733,160.652
1741212000,160.627,161.282,159.122,159.6
1741298400,159.586,160.77,159.274,160.392
1741554000,160.285,160.382,158.896,159.584
1741640400,159.572,161.79,158.975,161.364
1741726800,161.372,162.362,161.184,161.419
1741813200,161.381,161.517,160.059,160.408
1741899600,160.385,162.334,160.32,161.716
1742158800,161.825,163.053,161.544,162.98
1742245200,162.99,164.188,162.888,163.373
1742331600,163.415,163.888,162.072,162.145
1742418000,162.162,162.338,160.739,161.482
1742504400,161.501,162.138,160.736,161.464
1742763600,161.506,162.83,161.501,162.77
1742850000,162.718,163.03,161.62,161.787
1742936400,161.792,162.611,161.637,161.928
1743022800,161.952,163.365,161.373,163.154
1743109200,163.12,163.174,162.07,162.303
1743368400,162.113,162.486,161.044,162.2
1743454800,162.236,162.387,160.776,161.474
1743541200,161.469,164.178,161.114,162.09
1743627600,161.876,163.066,160.12,161.428
1743714000,161.442,162.004,159.018,161.14
1743973200,158.475,162.387,158.232,161.271
1744059600,161.353,162.206,160.026,160.308
1744146000,160.296,162.204,159.48,161.773
1744232400,161.79,162.586,160.877,161.81
1744318800,161.784,163.14,161.306,163.014
1744578000,162.876,163.279,162.082,162.334
1744664400,162.354,162.805,161.296,161.598
1744750800,161.507,162.284,161.351,161.654
1744837200,161.682,162.641,161.246,161.868
1744923600,161.819,162.164,161.716,161.983
1745182800,161.911,162.676,161.582,162.159
1745269200,162.182,162.322,160.984,161.714
1745355600,161.719,162.473,161.176,162.318
1745442000,162.27,162.499,161.84,162.438
1745528400,162.425,163.762,162.128,163.278
1745787600,163.206,163.368,162.206,162.224
1745874000,162.222,162.545,161.888,162.07
1745960400,162.008,162.656,161.708,162.015
1746046800,162.028,164.459,161.812,164.193
1746133200,164.19,164.64,163.456,163.848
1746392400,163.66,163.9,162.58,162.607
1746478800,162.645,162.954,161.596,161.912
1746565200,161.94,163.022,161.934,162.548
1746651600,162.564,163.908,162.536,163.838
1746738000,163.765,163.944,163.153,163.52
1746997200,163.681,164.925,163.646,164.624
1747083600,164.664,165.216,164.132,164.95
1747170000,164.983,165.166,163.735,163.97
1747256400,164.07,164.07,162.747,162.966
1747342800,162.921,163.113,162.462,162.636
1747602000,162.441,163.39,162.146,162.844
1747688400,162.456,163.289,162.418,163.062
1747774800,163.077,163.309,162.626,162.779
1747861200,162.724,163.43,161.806,162.451
1747947600,162.451,162.752,161.084,162.016
1748206800,161.932,162.986,161.916,162.658
1748293200,162.662,163.948,162.091,163.529
1748379600,163.549,163.912,163.076,163.576
1748466000,163.549,164.262,163.346,163.882
1748552400,163.923,163.964,162.803,163.468
1748811600,163.319,163.433,162.84,163.296
1748898000,163.285,163.878,162.798,163.733
1748984400,163.735,164.246,162.99,163.008
1749070800,162.977,164.678,162.9,164.324
1749157200,164.261,165.286,164.224,165.078
1749416400,165.172,165.214,164.556,165.155
1749502800,165.099,165.637,164.63,165.557
1749589200,165.543,166.428,165.387,166.128
1749675600,166.032,166.746,165.5,166.252
1749762000,166.236,166.596,164.942,166.5
1750021200,166.15,167.46,166.028,167.384
1750107600,167.346,167.616,166.709,166.806
1750194000,166.844,167.058,166.324,166.63
1750280400,166.597,167.316,166.038,167.256
1750366800,167.242,168.406,167.117,168.329
1750626000,168.056,169.716,168.006,169.226
1750712400,169.211,169.292,167.916,168.223
1750798800,168.24,169.404,168.108,169.366
1750885200,169.318,169.404,168.56,168.962
1750971600,168.991,169.81,168.63,169.525
1751230800,169.364,169.866,168.708,169.777
1751317200,169.733,169.772,168.462,169.3
1751403600,169.254,169.791,169.04,169.509
1751490000,169.503,170.617,169.316,170.39
1751576400,170.462,170.469,169.856,170.223
1751835600,170.256,171.316,169.889,171.026
1751922000,171.012,172.024,170.944,171.85
1752008400,171.856,172.284,171.272,171.501
1752094800,171.542,171.781,170.938,171.12
1752181200,171.131,172.428,170.81,172.35
1752440400,171.809,172.474,171.688,172.344
1752526800,172.315,173.084,172.259,172.698
1752613200,172.726,173.246,171.839,172.144
1752699600,172.131,172.676,171.946,172.363
1752786000,172.344,173.124,172.256,173.028
1753045200,172.134,172.848,171.922,172.336
1753131600,172.317,172.938,171.368,172.372
1753218000,172.342,172.742,171.373,172.476
1753304400,172.452,172.926,171.751,172.714
1753390800,172.601,173.614,172.484,173.38
1753650000,173.698,173.902,172.072,172.142
1753736400,172.136,172.324,171.053,171.418
1753822800,171.439,171.553,170.446,170.546
1753909200,170.496,172.341,169.724,172.09
1753995600,172.101,172.39,170.284,170.812
1754254800,170.704,171.166,169.906,170.227
1754341200,170.188,170.948,169.821,170.798
1754427600,170.832,171.992,170.618,171.809
1754514000,171.741,172.172,171.277,171.648
1754600400,171.64,172.344,171.37,172.021
1754859600,171.899,172.206,171.554,172.084
1754946000,171.483,172.861,171.483,172.596
1755032400,172.563,173.02,172.234,172.51
1755118800,172.516,172.516,170.968,172.11
1755205200,172.107,172.38,171.504,172.24
1755464400,172.422,172.68,172.053,172.41
1755550800,172.448,172.704,171.697,171.986
1755637200,172.045,172.045,171.121,171.615
1755723600,171.709,172.367,171.526,172.226
1755810000,172.173,172.678,171.832,172.228
1756069200,172.198,172.666,171.577,171.682
1756155600,171.671,172.122,171.327,171.625
1756242000,171.64,171.914,171.253,171.558
1756328400,171.561,171.795,171.12,171.671
1756414800,171.674,172.016,171.24,171.844
1756674000,171.952,172.546,171.818,172.363
1756760400,172.355,173.416,172.278,172.7
1756846800,172.705,173.302,172.54,172.72
1756933200,172.677,173.212,172.458,172.975
1757019600,173.001,173.272,172.494,172.734
1757278800,173.563,173.913,173.07,173.545
1757365200,173.491,173.543,172.14,172.624
1757451600,172.558,172.91,172.378,172.446
1757538000,172.39,173.06,172.36,172.79
1757624400,172.765,173.444,172.624,173.325
1757883600,173.404,173.454,172.896,173.375
1757970000,173.327,173.827,173.024,173.798
1758056400,173.735,173.851,173.092,173.644
1758142800,173.608,174.472,173.515,174.432
1758229200,174.348,174.504,173.483,173.82
1758488400,173.818,174.39,173.704,174.379
1758574800,174.317,174.492,174.055,174.452
1758661200,174.399,174.797,174.224,174.787
1758747600,174.756,174.943,174.493,174.754
1758834000,174.734,175.053,174.638,174.937
1759093200,175.006,175.017,173.988,174.254
1759179600,174.265,174.42,173.39,173.592
1759266000,173.51,173.918,172.305,172.53
1759352400,172.515,172.988,172.268,172.539
1759438800,172.52,173.252,172.436,173.194
1759698000,175.216,176.256,174.736,176.122
1759784400,176.028,177.15,175.79,177.094
1759870800,177.072,177.86,176.9,177.558
1759957200,177.599,177.938,176.768,177.038
1760043600,177.041,177.158,175.692,175.706
1760302800,176.339,176.916,175.904,176.222
1760389200,176.128,176.455,175.355,176.22
1760475600,176.167,176.31,175.439,175.956
1760562000,175.945,176.462,175.452,175.827
1760648400,175.777,175.971,174.818,175.52
1760907600,175.55,176.374,175.24,175.508
1760994000,175.462,176.618,175.353,176.239
1761080400,176.2,176.441,175.768,176.431
1761166800,176.42,177.448,176.31,177.288
1761253200,177.247,177.833,177.201,177.735
1761512400,177.858,178.232,177.63,178.028
1761598800,178.036,178.056,176.992,177.246
1761685200,177.243,177.596,176.635,177.18
1761771600,177.135,178.822,176.82,178.272
1761858000,178.288,178.566,177.45,177.682
1762120800,177.62,177.98,177.236,177.634
1762207200,177.692,177.712,176.094,176.442
1762293600,176.462,177.14,175.706,177.106
1762380000,177.106,177.22,176.284,176.753
1762466400,176.692,177.608,176.51,177.45
1762725600,177.702,178.454,177.334,178.131
1762812000,178.094,178.748,178.056,178.544
1762898400,178.591,179.482,178.473,179.474
1762984800,179.43,179.94,179.226,179.798
1763071200,179.791,179.984,178.978,179.584
1763330400,179.79,180.02,179.262,179.988
1763416800,179.965,180.294,179.604,180.11
1763503200,180.093,181.38,179.779,181.356
1763589600,181.331,182.01,180.965,181.542
1763676000,181.563,181.66,179.772,180.077
1763935200,180.079,181.268,180.079,180.804
1764021600,180.747,180.858,180.1,180.573
1764108000,180.501,181.464,180.352,181.452
1764194400,181.471,181.471,180.76,181.246
1764280800,181.23,181.524,180.53,181.138
1764540000,180.999,181.166,180.137,180.5
1764626400,180.501,181.361,180.448,181.208
1764712800,181.116,181.462,180.8,181.166
1764799200,181.223,181.294,180.398,180.638
1764885600,180.604,180.928,180.098,180.874
1765144800,180.678,181.496,180.498,181.458
1765231200,181.367,182.648,181.352,182.406
1765317600,182.363,182.62,182.008,182.482
1765404000,182.351,182.75,181.881,182.619
1765490400,182.632,183.159,182.526,182.954
1765749600,182.967,183.007,181.838,182.431
1765836000,182.44,182.474,181.716,181.767
1765922400,181.758,182.881,181.571,182.786
1766008800,182.762,183.172,182.291,182.372
1766095200,182.285,184.753,182.261,184.685
1766354400,184.828,184.924,184.241,184.706
1766440800,184.588,184.692,183.436,184.226
1766527200,184.27,184.294,183.306,183.668
1766700000,183.707,184.434,183.509,184.298
1766959200,184.325,184.416,183.464,183.752
1767045600,183.686,184.093,183.42,183.794
1767132000,183.679,184.248,183.541,184.048
1767304800,184.04,184.431,183.715,183.809
1767564000,183.781,184.064,182.814,183.334
1767650400,183.287,183.65,183.014,183.131
1767736800,183.041,183.376,182.71,183.024
1767823200,182.998,183.252,182.636,182.903
1767909600,182.856,183.956,182.78,183.774
1768168800,183.87,184.671,183.753,184.522
1768255200,184.521,185.544,184.261,185.321
1768341600,185.307,185.574,184.292,184.522
1768428000,184.512,184.638,183.866,184.146
1768514400,184.143,184.19,183.205,183.375
1768773600,182.878,184.166,182.762,184.159
1768860000,184.054,185.472,183.774,185.438
1768946400,185.424,185.542,184.822,185.01
1769032800,184.982,186.254,184.807,186.242
1769119200,186.172,186.874,183.793,184.224
1769378400,183.747,184.106,181.786,183.212
1769464800,183.104,183.78,182.106,183.268
1769551200,183.306,183.575,182.577,183.376
1769637600,183.41,183.746,182.086,183.288
1769724000,183.28,184.072,183.034,183.43
1769983200,183.58,184.28,183.19,183.464
1770069600,183.497,184.202,183.368,184.13
1770156000,184.124,185.278,184.01,185.193
1770242400,185.137,185.508,184.56,184.985
1770328800,184.89,185.813,184.36,185.81
1770588000,186.084,186.234,184.864,185.766
1770674400,185.66,186.001,183.449,183.64
1770760800,183.663,183.702,181.34,181.944
1770847200,181.851,182.54,180.808,181.324
1770933600,181.296,182.284,181.205,181.232
1771192800,181.277,182.3,181.182,181.938
1771279200,181.869,182.182,180.82,181.718
1771365600,181.667,182.548,181.416,182.442
1771452000,182.411,183.159,182.015,182.466
1771538400,182.486,183.11,182.224,182.714
1771797600,182.753,182.814,181.995,182.288
1771884000,182.345,184.186,182.202,183.56
1771970400,183.518,184.776,183.202,184.67
1772056800,184.657,184.76,183.826,184.208
1772143200,184.204,184.552,183.702,184.428
1772402400,183.794,184.696,183.73,183.957
1772488800,183.958,184.337,182.026,183.123
1772575200,182.948,183.231,182.376,182.74
1772661600,182.682,183.094,182.112,182.904
1772748000,182.926,183.391,182.37,183.334
1773003600,182.582,183.48,182.4,183.47
1773090000,183.461,183.769,183.057,183.492
1773176400,183.511,184.081,183.46,183.87
1773262800,183.824,183.93,183.224,183.433
1773349200,183.444,183.652,182.261,182.356
1773608400,182.317,183.182,181.874,182.99
1773694800,183.001,183.548,182.822,183.486
1773781200,183.524,183.831,182.987,183.116
1773867600,183.088,183.44,182.053,182.778
1773954000,182.745,184.259,182.597,184.241
1774213200,183.842,184.34,183.18,183.956
1774299600,184.006,184.262,183.625,184.215
1774386000,184.196,184.606,184.04,184.338
1774472400,184.339,184.481,183.972,184.212
1774558800,184.19,184.659,183.866,184.537
1774818000,184.29,184.517,182.594,183.094
1774904400,183.003,183.65,182.828,183.378
1774990800,183.411,184.25,183.307,184.002
1775077200,184.017,184.205,183.498,184.162
1775163600,184.084,184.276,183.701,183.861
1775422800,184.087,184.462,183.704,184.326
1775509200,184.31,185.176,184.243,185.111
1775595600,185.094,185.556,184.81,184.931
1775682000,184.921,186.234,184.878,186.006
1775768400,186.009,186.884,185.944,186.755
1776027600,186.234,187.516,186.206,187.488
1776114000,187.456,187.54,187.085,187.326
1776200400,187.33,187.698,187.105,187.588
1776286800,187.629,187.654,187.104,187.516
1776373200,187.511,187.954,186.319,186.596
1776632400,186.456,187.294,186.321,187.204
1776718800,187.167,187.367,186.994,187.213
1776805200,187.236,187.328,186.688,186.698
1776891600,186.702,186.97,186.438,186.632
1776978000,186.557,186.883,186.44,186.734
1777237200,186.686,187.11,186.649,186.87
1777323600,186.896,186.95,186.072,186.925
1777410000,186.886,187.428,186.694,187.282
1777496400,187.354,187.559,182.296,183.746
1777582800,183.726,184.589,182.64,184.149
1777842000,184.168,184.407,182.8,183.872
1777928400,183.806,184.762,183.67,184.642
1778014800,184.61,185.044,182.048,183.712
1778101200,183.677,184.244,183.502,183.99
1778187600,184.02,184.746,183.876,184.646
1778446800,184.058,185.258,184.012,185.25
1778533200,185.154,185.462,184.444,185.048
1778619600,184.988,185.158,184.63,184.948
1778706000,184.851,185.052,184.038,184.832
1778792400,184.775,184.848,184.177,184.581
1779051600,184.49,185.218,184.32,185.168
1779138000,185.136,185.213,184.208,184.64
1779224400,184.609,184.788,184.274,184.77
1779310800,184.734,184.943,184.394,184.702
1779397200,184.666,184.86,184.45,184.718
1779656400,184.887,185.142,184.774,185.046
1779742800,184.975,185.363,184.884,185.31
1779829200,185.239,185.789,185.228,185.457
1779915600,185.461,185.658,184.899,185.523
1780002000,185.519,185.983,185.188,185.748
1780261200,185.734,185.981,185.394,185.734
1780347600,185.688,186.204,185.666,186.025
1780434000,185.944,186.046,185.114,185.684
1780520400,185.662,186.116,185.352,185.809
1780606800,185.876,186.209,184.498,184.727
1780866000,184.481,185,183.977,184.724
1780952400,184.758,185.468,184.607,185.122
1781038800,185.117,185.576,184.958,185.215
1781125200,185.168,185.473,184.659,185.234
1781211600,185.194,185.557,185.156,185.338
1781470800,185.379,186.058,185.279,185.847
1781557200,185.87,186.322,185.456,186.276
1781643600,186.292,186.32,184.541,184.815
1781730000,184.774,185.374,184.292,184.944
1781816400,184.992,185.14,184.303,185.012
1782075600,184.874,185.398,184.382,184.683
1782162000,184.604,184.846,183.781,183.905
1782248400,183.888,183.933,183.171,183.795
1782334800,183.815,184.104,183.406,183.979
1782421200,183.954,184.83,183.721,184.162
1782680400,184.231,185.1,184.116,185.006
1782766800,184.976,185.866,184.646,185.707
1782853200,185.691,185.768,184.857,185.01
1782939600,184.99,185.091,183.76,184.22
1783026000,184.169,184.618,183.925,184.571
1783285200,184.51,185.534,184.479,185.45
1783371600,185.462,185.57,184.804,185
1783458000,185.016,185.712,184.9,185.671
1783544400,185.624,185.818,185.528,185.618
1783630800,185.644,185.682,184.466,184.591
1783890000,184.408,185.472,184.392,184.888
1783976400,184.908,185.494,184.766,185.322
1784062800,185.266,186.002,185.212,185.93
1784149200,185.88,186.036,185.718,185.81
1784235600,185.834,185.964,185.484,185.772
1784494800,185.645,185.878,185.348,185.475
1784581200,185.499,186.124,185.408,186.01
1784667600,186.002,186.211,185.735,186.202
1784754000,186.145,186.666,186.046,186.443
1784840400,186.401,186.606,186.231,186.307
1785099600,186.416,186.738,186.126,186.145
1785186000,186.116,186.688,186.046,186.587
1785272400,186.571,187.478,186.188,187.414
1785358800,187.265,187.442,182.107,183.926
1785445200,183.841,185.17,181.4,181.551
1785704400,181.516,182.239,179.369,180.905
1785790800,180.965,181.988,180.902,181.922
1785877200,181.891,182.242,181.54,182.229