time,open,high,low,close
1245884400,3.68899989,3.68899989,3.68899989,3.68899989
1245970800,3.54399991,3.54399991,3.54399991,3.54399991
1246316400,3.48099995,3.48099995,3.48099995,3.48099995
1246402800,3.53699994,3.53699994,3.53699994,3.53699994
1246489200,3.5480001,3.5480001,3.5480001,3.5480001
1246575600,3.50200009,3.50200009,3.50200009,3.50200009
1246921200,3.50999999,3.50999999,3.50999999,3.50999999
1247007600,3.454,3.454,3.454,3.454
1247094000,3.30599999,3.30599999,3.30599999,3.30599999
1247180400,3.41300011,3.41300011,3.41300011,3.41300011
1247526000,3.3599999,3.3599999,3.3599999,3.3599999
1247612400,3.47399998,3.47399998,3.47399998,3.47399998
1247698800,3.61400008,3.61400008,3.61400008,3.61400008
1247785200,3.57299995,3.57299995,3.57299995,3.57299995
1248130800,3.61199999,3.61199999,3.61199999,3.61199999
1248217200,3.48399997,3.48399997,3.48399997,3.48399997
1248303600,3.54399991,3.54399991,3.54399991,3.54399991
1248390000,3.65799999,3.65799999,3.65799999,3.65799999
1248735600,3.7249999,3.7249999,3.7249999,3.7249999
1248822000,3.68600011,3.68600011,3.68600011,3.68600011
1248908400,3.66400003,3.66400003,3.66400003,3.66400003
1248994800,3.61500001,3.61500001,3.61500001,3.61500001
1249340400,3.63700008,3.63700008,3.63700008,3.63700008
1249426800,3.68700004,3.68700004,3.68700004,3.68700004
1249513200,3.76200008,3.76200008,3.76200008,3.76200008
1249599600,3.75600004,3.75600004,3.75600004,3.75600004
1249945200,3.77200007,3.77200007,3.77200007,3.77200007
1250031600,3.67199993,3.67199993,3.67199993,3.67199993
1250118000,3.71099997,3.71099997,3.71099997,3.71099997
1250204400,3.59699988,3.59699988,3.59699988,3.59699988
1250550000,3.47199988,3.47199988,3.47199988,3.47199988
1250636400,3.51699996,3.51699996,3.51699996,3.51699996
1250722800,3.45499992,3.45499992,3.45499992,3.45499992
1250809200,3.42799997,3.42799997,3.42799997,3.42799997
1251154800,3.47399998,3.47399998,3.47399998,3.47399998
1251241200,3.43799996,3.43799996,3.43799996,3.43799996
1251327600,3.43499994,3.43499994,3.43499994,3.43499994
1251414000,3.45300007,3.45300007,3.45300007,3.45300007
1251759600,3.40100002,3.40100002,3.40100002,3.40100002
1251846000,3.36999989,3.36999989,3.36999989,3.36999989
1251932400,3.30900002,3.30900002,3.30900002,3.30900002
1252018800,3.34800005,3.34800005,3.34800005,3.34800005
1252450800,3.48099995,3.48099995,3.48099995,3.48099995
1252537200,3.4749999,3.4749999,3.4749999,3.4749999
1252623600,3.35400009,3.35400009,3.35400009,3.35400009
1252969200,3.4230001,3.4230001,3.4230001,3.4230001
1253055600,3.44700003,3.44700003,3.44700003,3.44700003
1253142000,3.4749999,3.4749999,3.4749999,3.4749999
1253228400,3.38499999,3.38499999,3.38499999,3.38499999
1253574000,3.48200011,3.48200011,3.48200011,3.48200011
1253660400,3.44300008,3.44300008,3.44300008,3.44300008
1253746800,3.41499996,3.41499996,3.41499996,3.41499996
1253833200,3.3829999,3.3829999,3.3829999,3.3829999
1254178800,3.2809999,3.2809999,3.2809999,3.2809999
1254265200,3.29200006,3.29200006,3.29200006,3.29200006
1254351600,3.30500007,3.30500007,3.30500007,3.30500007
1254438000,3.18099999,3.18099999,3.18099999,3.18099999
1254783600,3.2190001,3.2190001,3.2190001,3.2190001
1254870000,3.25900006,3.25900006,3.25900006,3.25900006
1254956400,3.18600011,3.18600011,3.18600011,3.18600011
1255042800,3.24799991,3.24799991,3.24799991,3.24799991
1255388400,3.38599992,3.38599992,3.38599992,3.38599992
1255474800,3.352,3.352,3.352,3.352
1255561200,3.4230001,3.4230001,3.4230001,3.4230001
1255647600,3.46399999,3.46399999,3.46399999,3.46399999
1255993200,3.38700008,3.38700008,3.38700008,3.38700008
1256079600,3.34100008,3.34100008,3.34100008,3.34100008
1256166000,3.39299989,3.39299989,3.39299989,3.39299989
1256252400,3.421,3.421,3.421,3.421
1256598000,3.55800009,3.55800009,3.55800009,3.55800009
1256684400,3.4519999,3.4519999,3.4519999,3.4519999
1256770800,3.41499996,3.41499996,3.41499996,3.41499996
1256857200,3.49499989,3.49499989,3.49499989,3.49499989
1257206400,3.42400002,3.42400002,3.42400002,3.42400002
1257292800,3.4690001,3.4690001,3.4690001,3.4690001
1257379200,3.51999998,3.51999998,3.51999998,3.51999998
1257465600,3.52699995,3.52699995,3.52699995,3.52699995
1257811200,3.48399997,3.48399997,3.48399997,3.48399997
1257897600,3.47799993,3.47799993,3.47799993,3.47799993
1257984000,3.44400001,3.44400001,3.44400001,3.44400001
1258070400,3.44400001,3.44400001,3.44400001,3.44400001
1258416000,3.34899998,3.34899998,3.34899998,3.34899998
1258502400,3.32299995,3.32299995,3.32299995,3.32299995
1258588800,3.36599994,3.36599994,3.36599994,3.36599994
1258675200,3.34200001,3.34200001,3.34200001,3.34200001
1259020800,3.35299993,3.35299993,3.35299993,3.35299993
1259107200,3.3039999,3.3039999,3.3039999,3.3039999
1259193600,3.26799989,3.26799989,3.26799989,3.26799989
1259625600,3.19799995,3.19799995,3.19799995,3.19799995
1259712000,3.28399992,3.28399992,3.28399992,3.28399992
1259798400,3.31399989,3.31399989,3.31399989,3.31399989
1259884800,3.37899995,3.37899995,3.37899995,3.37899995
1260230400,3.4289999,3.4289999,3.4289999,3.4289999
1260316800,3.38400006,3.38400006,3.38400006,3.38400006
1260403200,3.43300009,3.43300009,3.43300009,3.43300009
1260489600,3.50099993,3.50099993,3.50099993,3.50099993
1260835200,3.55200005,3.55200005,3.55200005,3.55200005
1260921600,3.5940001,3.5940001,3.5940001,3.5940001
1261008000,3.59800005,3.59800005,3.59800005,3.59800005
1261094400,3.48200011,3.48200011,3.48200011,3.48200011
1261440000,3.68000007,3.68000007,3.68000007,3.68000007
1261526400,3.7579999,3.7579999,3.7579999,3.7579999
1261612800,3.75399995,3.75399995,3.75399995,3.75399995
1261699200,3.80500007,3.80500007,3.80500007,3.80500007
1262044800,3.84800005,3.84800005,3.84800005,3.84800005
1262131200,3.80299997,3.80299997,3.80299997,3.80299997
1262217600,3.79299998,3.79299998,3.79299998,3.79299998
1262304000,3.83699989,3.83699989,3.83699989,3.83699989
1262649600,3.82299995,3.82299995,3.82299995,3.82299995
1262736000,3.76300001,3.76300001,3.76300001,3.76300001
1262822400,3.829,3.829,3.829,3.829
1262908800,3.8269999,3.8269999,3.8269999,3.8269999
1263254400,3.82399988,3.82399988,3.82399988,3.82399988
1263340800,3.71700001,3.71700001,3.71700001,3.71700001
1263427200,3.79299998,3.79299998,3.79299998,3.79299998
1263513600,3.7420001,3.7420001,3.7420001,3.7420001
1263945600,3.69799995,3.69799995,3.69799995,3.69799995
1264032000,3.65300012,3.65300012,3.65300012,3.65300012
1264118400,3.59500003,3.59500003,3.59500003,3.59500003
1264464000,3.63000011,3.63000011,3.63000011,3.63000011
1264550400,3.62100005,3.62100005,3.62100005,3.62100005
1264636800,3.6500001,3.6500001,3.6500001,3.6500001
1264723200,3.64199996,3.64199996,3.64199996,3.64199996
1265068800,3.6559999,3.6559999,3.6559999,3.6559999
1265155200,3.6400001,3.6400001,3.6400001,3.6400001
1265241600,3.70700002,3.70700002,3.70700002,3.70700002
1265328000,3.6099999,3.6099999,3.6099999,3.6099999
1265673600,3.56200004,3.56200004,3.56200004,3.56200004
1265760000,3.64700007,3.64700007,3.64700007,3.64700007
1265846400,3.69000006,3.69000006,3.69000006,3.69000006
1265932800,3.72099996,3.72099996,3.72099996,3.72099996
1266364800,3.66300011,3.66300011,3.66300011,3.66300011
1266451200,3.7349999,3.7349999,3.7349999,3.7349999
1266537600,3.80699992,3.80699992,3.80699992,3.80699992
1266883200,3.79699993,3.79699993,3.79699993,3.79699993
1266969600,3.68899989,3.68899989,3.68899989,3.68899989
1267056000,3.69499993,3.69499993,3.69499993,3.69499993
1267142400,3.63199997,3.63199997,3.63199997,3.63199997
1267488000,3.60800004,3.60800004,3.60800004,3.60800004
1267574400,3.60800004,3.60800004,3.60800004,3.60800004
1267660800,3.62100005,3.62100005,3.62100005,3.62100005
1267747200,3.60599995,3.60599995,3.60599995,3.60599995
1268092800,3.72099996,3.72099996,3.72099996,3.72099996
1268179200,3.70000005,3.70000005,3.70000005,3.70000005
1268265600,3.72099996,3.72099996,3.72099996,3.72099996
1268352000,3.72900009,3.72900009,3.72900009,3.72900009
1268694000,3.69700003,3.69700003,3.69700003,3.69700003
1268780400,3.65300012,3.65300012,3.65300012,3.65300012
1268866800,3.64199996,3.64199996,3.64199996,3.64199996
1268953200,3.68199992,3.68199992,3.68199992,3.68199992
1269298800,3.66100001,3.66100001,3.66100001,3.66100001
1269385200,3.68700004,3.68700004,3.68700004,3.68700004
1269471600,3.85400009,3.85400009,3.85400009,3.85400009
1269558000,3.88100004,3.88100004,3.88100004,3.88100004
1269903600,3.86599994,3.86599994,3.86599994,3.86599994
1269990000,3.85800004,3.85800004,3.85800004,3.85800004
1270076400,3.83299994,3.83299994,3.83299994,3.83299994
1270162800,3.86999989,3.86999989,3.86999989,3.86999989
1270508400,3.99000001,3.99000001,3.99000001,3.99000001
1270594800,3.95600009,3.95600009,3.95600009,3.95600009
1270681200,3.86299992,3.86299992,3.86299992,3.86299992
1270767600,3.8900001,3.8900001,3.8900001,3.8900001
1271113200,3.83800006,3.83800006,3.83800006,3.83800006
1271199600,3.81999993,3.81999993,3.81999993,3.81999993
1271286000,3.86500001,3.86500001,3.86500001,3.86500001
1271372400,3.83599997,3.83599997,3.83599997,3.83599997
1271718000,3.80299997,3.80299997,3.80299997,3.80299997
1271804400,3.79699993,3.79699993,3.79699993,3.79699993
1271890800,3.73799992,3.73799992,3.73799992,3.73799992
1271977200,3.76999998,3.76999998,3.76999998,3.76999998
1272322800,3.80900002,3.80900002,3.80900002,3.80900002
1272409200,3.69300008,3.69300008,3.69300008,3.69300008
1272495600,3.76699996,3.76699996,3.76699996,3.76699996
1272582000,3.73000002,3.73000002,3.73000002,3.73000002
1272927600,3.69199991,3.69199991,3.69199991,3.69199991
1273014000,3.59800005,3.59800005,3.59800005,3.59800005
1273100400,3.546,3.546,3.546,3.546
1273186800,3.40499997,3.40499997,3.40499997,3.40499997
1273532400,3.54399991,3.54399991,3.54399991,3.54399991
1273618800,3.52699995,3.52699995,3.52699995,3.52699995
1273705200,3.5710001,3.5710001,3.5710001,3.5710001
1273791600,3.53699994,3.53699994,3.53699994,3.53699994
1274137200,3.49099994,3.49099994,3.49099994,3.49099994
1274223600,3.35299993,3.35299993,3.35299993,3.35299993
1274310000,3.36999989,3.36999989,3.36999989,3.36999989
1274396400,3.21600008,3.21600008,3.21600008,3.21600008
1274742000,3.19799995,3.19799995,3.19799995,3.19799995
1274828400,3.16000009,3.16000009,3.16000009,3.16000009
1274914800,3.19199991,3.19199991,3.19199991,3.19199991
1275001200,3.35700011,3.35700011,3.35700011,3.35700011
1275346800,3.29999995,3.29999995,3.29999995,3.29999995
1275433200,3.26300001,3.26300001,3.26300001,3.26300001
1275519600,3.34699988,3.34699988,3.34699988,3.34699988
1275606000,3.36899996,3.36899996,3.36899996,3.36899996
1275951600,3.14599991,3.14599991,3.14599991,3.14599991
1276038000,3.18899989,3.18899989,3.18899989,3.18899989
1276124400,3.17799997,3.17799997,3.17799997,3.17799997
1276210800,3.32500005,3.32500005,3.32500005,3.32500005
1276556400,3.26200008,3.26200008,3.26200008,3.26200008
1276642800,3.30599999,3.30599999,3.30599999,3.30599999
1276729200,3.26399994,3.26399994,3.26399994,3.26399994
1276815600,3.19400001,3.19400001,3.19400001,3.19400001
1277161200,3.24300003,3.24300003,3.24300003,3.24300003
1277247600,3.16499996,3.16499996,3.16499996,3.16499996
1277334000,3.12400007,3.12400007,3.12400007,3.12400007
1277420400,3.14299989,3.14299989,3.14299989,3.14299989
1277766000,3.023,3.023,3.023,3.023
1277852400,2.95300007,2.95300007,2.95300007,2.95300007
1277938800,2.93499994,2.93499994,2.93499994,2.93499994
1278025200,2.954,2.954,2.954,2.954
1278370800,2.98000002,2.98000002,2.98000002,2.98000002
1278457200,2.93600011,2.93600011,2.93600011,2.93600011
1278543600,2.98600006,2.98600006,2.98600006,2.98600006
1278630000,3.03399992,3.03399992,3.03399992,3.03399992
1278975600,3.06599998,3.06599998,3.06599998,3.06599998
1279062000,3.12400007,3.12400007,3.12400007,3.12400007
1279148400,3.04999995,3.04999995,3.04999995,3.04999995
1279234800,2.99699998,2.99699998,2.99699998,2.99699998
1279580400,2.96099997,2.96099997,2.96099997,2.96099997
1279666800,2.954,2.954,2.954,2.954
1279753200,2.88199997,2.88199997,2.88199997,2.88199997
1279839600,2.93199992,2.93199992,2.93199992,2.93199992
1280185200,2.99600005,2.99600005,2.99600005,2.99600005
1280271600,3.04900002,3.04900002,3.04900002,3.04900002
1280358000,2.99000001,2.99000001,2.99000001,2.99000001
1280444400,2.98799992,2.98799992,2.98799992,2.98799992
1280790000,2.96300006,2.96300006,2.96300006,2.96300006
1280876400,2.90899992,2.90899992,2.90899992,2.90899992
1280962800,2.95300007,2.95300007,2.95300007,2.95300007
1281049200,2.9059999,2.9059999,2.9059999,2.9059999
1281394800,2.829,2.829,2.829,2.829
1281481200,2.76799989,2.76799989,2.76799989,2.76799989
1281567600,2.68700004,2.68700004,2.68700004,2.68700004
1281654000,2.75300002,2.75300002,2.75300002,2.75300002
1281999600,2.57299995,2.57299995,2.57299995,2.57299995
1282086000,2.64100003,2.64100003,2.64100003,2.64100003
1282172400,2.63800001,2.63800001,2.63800001,2.63800001
1282258800,2.57500005,2.57500005,2.57500005,2.57500005
1282604400,2.602,2.602,2.602,2.602
1282690800,2.48799992,2.48799992,2.48799992,2.48799992
1282777200,2.53900003,2.53900003,2.53900003,2.53900003
1282863600,2.48099995,2.48099995,2.48099995,2.48099995
1283209200,2.52999997,2.52999997,2.52999997,2.52999997
1283295600,2.47000003,2.47000003,2.47000003,2.47000003
1283382000,2.57999992,2.57999992,2.57999992,2.57999992
1283468400,2.625,2.625,2.625,2.625
1283814000,2.71399999,2.71399999,2.71399999,2.71399999
1283900400,2.59800005,2.59800005,2.59800005,2.59800005
1283986800,2.65400004,2.65400004,2.65400004,2.65400004
1284073200,2.76200008,2.76200008,2.76200008,2.76200008
1284418800,2.74600005,2.74600005,2.74600005,2.74600005
1284505200,2.68300009,2.68300009,2.68300009,2.68300009
1284591600,2.72300005,2.72300005,2.72300005,2.72300005
1284678000,2.76399994,2.76399994,2.76399994,2.76399994
1285023600,2.704,2.704,2.704,2.704
1285110000,2.57599998,2.57599998,2.57599998,2.57599998
1285196400,2.55500007,2.55500007,2.55500007,2.55500007
1285282800,2.55299997,2.55299997,2.55299997,2.55299997
1285628400,2.5309999,2.5309999,2.5309999,2.5309999
1285714800,2.46700001,2.46700001,2.46700001,2.46700001
1285801200,2.50500011,2.50500011,2.50500011,2.50500011
1285887600,2.51200008,2.51200008,2.51200008,2.51200008
1286233200,2.47900009,2.47900009,2.47900009,2.47900009
1286319600,2.47399998,2.47399998,2.47399998,2.47399998
1286406000,2.40100002,2.40100002,2.40100002,2.40100002
1286492400,2.38499999,2.38499999,2.38499999,2.38499999
1286838000,2.38899994,2.38899994,2.38899994,2.38899994
1286924400,2.43300009,2.43300009,2.43300009,2.43300009
1287010800,2.4289999,2.4289999,2.4289999,2.4289999
1287097200,2.50900006,2.50900006,2.50900006,2.50900006
1287442800,2.5150001,2.5150001,2.5150001,2.5150001
1287529200,2.48099995,2.48099995,2.48099995,2.48099995
1287615600,2.48099995,2.48099995,2.48099995,2.48099995
1287702000,2.54200006,2.54200006,2.54200006,2.54200006
1288047600,2.56500006,2.56500006,2.56500006,2.56500006
1288134000,2.64499998,2.64499998,2.64499998,2.64499998
1288220400,2.72199988,2.72199988,2.72199988,2.72199988
1288306800,2.65899992,2.65899992,2.65899992,2.65899992
1288652400,2.625,2.625,2.625,2.625
1288738800,2.58699989,2.58699989,2.58699989,2.58699989
1288825200,2.579,2.579,2.579,2.579
1288911600,2.49300003,2.49300003,2.49300003,2.49300003
1289260800,2.55800009,2.55800009,2.55800009,2.55800009
1289347200,2.66300011,2.66300011,2.66300011,2.66300011
1289433600,2.63899994,2.63899994,2.63899994,2.63899994
1289520000,2.6559,2.6559,2.6559,2.6559
1289865600,2.96700001,2.96700001,2.96700001,2.96700001
1289952000,2.84500003,2.84500003,2.84500003,2.84500003
1290038400,2.88199997,2.88199997,2.88199997,2.88199997
1290124800,2.90100002,2.90100002,2.90100002,2.90100002
1290470400,2.80599999,2.80599999,2.80599999,2.80599999
1290556800,2.78200006,2.78200006,2.78200006,2.78200006
1290643200,2.91199994,2.91199994,2.91199994,2.91199994
1290729600,2.91100001,2.91100001,2.91100001,2.91100001
1291075200,2.82599998,2.82599998,2.82599998,2.82599998
1291161600,2.79699993,2.79699993,2.79699993,2.79699993
1291248000,2.96600008,2.96600008,2.96600008,2.96600008
1291334400,2.99600005,2.99600005,2.99600005,2.99600005
1291680000,2.9289999,2.9289999,2.9289999,2.9289999
1291766400,3.13499999,3.13499999,3.13499999,3.13499999
1291852800,3.27200007,3.27200007,3.27200007,3.27200007
1291939200,3.21300006,3.21300006,3.21300006,3.21300006
1292284800,3.27699995,3.27699995,3.27699995,3.27699995
1292371200,3.47300005,3.47300005,3.47300005,3.47300005
1292457600,3.53800011,3.53800011,3.53800011,3.53800011
1292544000,3.43400002,3.43400002,3.43400002,3.43400002
1292889600,3.33999991,3.33999991,3.33999991,3.33999991
1292976000,3.30299997,3.30299997,3.30299997,3.30299997
1293062400,3.34800005,3.34800005,3.34800005,3.34800005
1293148800,3.39700007,3.39700007,3.39700007,3.39700007
1293494400,3.3269999,3.3269999,3.3269999,3.3269999
1293580800,3.48200011,3.48200011,3.48200011,3.48200011
1293667200,3.35500002,3.35500002,3.35500002,3.35500002
1293753600,3.3670001,3.3670001,3.3670001,3.3670001
1294099200,3.33400011,3.33400011,3.33400011,3.33400011
1294185600,3.33800006,3.33800006,3.33800006,3.33800006
1294272000,3.46300006,3.46300006,3.46300006,3.46300006
1294358400,3.39899993,3.39899993,3.39899993,3.39899993
1294704000,3.28699994,3.28699994,3.28699994,3.28699994
1294790400,3.33999991,3.33999991,3.33999991,3.33999991
1294876800,3.3670001,3.3670001,3.3670001,3.3670001
1294963200,3.29900002,3.29900002,3.29900002,3.29900002
1295308800,3.31529999,3.31529999,3.31529999,3.31529999
1295395200,3.36999989,3.36999989,3.36999989,3.36999989
1295481600,3.33699989,3.33699989,3.33699989,3.33699989
1295568000,3.45099998,3.45099998,3.45099998,3.45099998
1295913600,3.4059999,3.4059999,3.4059999,3.4059999
1296000000,3.32999992,3.32999992,3.32999992,3.32999992
1296086400,3.421,3.421,3.421,3.421
1296172800,3.38899994,3.38899994,3.38899994,3.38899994
1296518400,3.37400007,3.37400007,3.37400007,3.37400007
1296604800,3.43499994,3.43499994,3.43499994,3.43499994
1296691200,3.47900009,3.47900009,3.47900009,3.47900009
1296777600,3.54699993,3.54699993,3.54699993,3.54699993
1297123200,3.6400001,3.6400001,3.6400001,3.6400001
1297209600,3.73699999,3.73699999,3.73699999,3.73699999
1297296000,3.65199995,3.65199995,3.65199995,3.65199995
1297382400,3.7019999,3.7019999,3.7019999,3.7019999
1297728000,3.625,3.625,3.625,3.625
1297814400,3.60400009,3.60400009,3.60400009,3.60400009
1297900800,3.62299991,3.62299991,3.62299991,3.62299991
1297987200,3.57599998,3.57599998,3.57599998,3.57599998
1298332800,3.57570004,3.57570004,3.57570004,3.57570004
1298419200,3.45900011,3.45900011,3.45900011,3.45900011
1298505600,3.48300004,3.48300004,3.48300004,3.48300004
1298592000,3.45000005,3.45000005,3.45000005,3.45000005
1298937600,3.42199993,3.42199993,3.42199993,3.42199993
1299024000,3.40300012,3.40300012,3.40300012,3.40300012
1299110400,3.47099996,3.47099996,3.47099996,3.47099996
1299196800,3.55900002,3.55900002,3.55900002,3.55900002
1299542400,3.51600003,3.51600003,3.51600003,3.51600003
1299628800,3.55100012,3.55100012,3.55100012,3.55100012
1299715200,3.4690001,3.4690001,3.4690001,3.4690001
1299801600,3.36199999,3.36199999,3.36199999,3.36199999
1300143600,3.36500001,3.36500001,3.36500001,3.36500001
1300230000,3.30699992,3.30699992,3.30699992,3.30699992
1300316400,3.19199991,3.19199991,3.19199991,3.19199991
1300402800,3.25699997,3.25699997,3.25699997,3.25699997
1300748400,3.33200002,3.33200002,3.33200002,3.33200002
1300834800,3.32800007,3.32800007,3.32800007,3.32800007
1300921200,3.35400009,3.35400009,3.35400009,3.35400009
1301007600,3.40700006,3.40700006,3.40700006,3.40700006
1301353200,3.44099998,3.44099998,3.44099998,3.44099998
1301439600,3.49099994,3.49099994,3.49099994,3.49099994
1301526000,3.44400001,3.44400001,3.44400001,3.44400001
1301612400,3.47000003,3.47000003,3.47000003,3.47000003
1301958000,3.42499995,3.42499995,3.42499995,3.42499995
1302044400,3.48699999,3.48699999,3.48699999,3.48699999
1302130800,3.54900002,3.54900002,3.54900002,3.54900002
1302217200,3.54900002,3.54900002,3.54900002,3.54900002
1302562800,3.58699989,3.58699989,3.58699989,3.58699989
1302649200,3.4920001,3.4920001,3.4920001,3.4920001
1302735600,3.45799994,3.45799994,3.45799994,3.45799994
1302822000,3.49600005,3.49600005,3.49600005,3.49600005
1303167600,3.38000011,3.38000011,3.38000011,3.38000011
1303254000,3.36500001,3.36500001,3.36500001,3.36500001
1303340400,3.40799999,3.40799999,3.40799999,3.40799999
1303426800,3.39400005,3.39400005,3.39400005,3.39400005
1303772400,3.36599994,3.36599994,3.36599994,3.36599994
1303858800,3.30900002,3.30900002,3.30900002,3.30900002
1303945200,3.35700011,3.35700011,3.35700011,3.35700011
1304031600,3.31599998,3.31599998,3.31599998,3.31599998
1304377200,3.2809999,3.2809999,3.2809999,3.2809999
1304463600,3.25099993,3.25099993,3.25099993,3.25099993
1304550000,3.22099996,3.22099996,3.22099996,3.22099996
1304636400,3.15199995,3.15199995,3.15199995,3.15199995
1304982000,3.15700006,3.15700006,3.15700006,3.15700006
1305068400,3.21300006,3.21300006,3.21300006,3.21300006
1305154800,3.1559999,3.1559999,3.1559999,3.1559999
1305241200,3.22600007,3.22600007,3.22600007,3.22600007
1305586800,3.14700007,3.14700007,3.14700007,3.14700007
1305673200,3.11400008,3.11400008,3.11400008,3.11400008
1305759600,3.18400002,3.18400002,3.18400002,3.18400002
1305846000,3.1730001,3.1730001,3.1730001,3.1730001
1306191600,3.12899995,3.12899995,3.12899995,3.12899995
1306278000,3.11599994,3.11599994,3.11599994,3.11599994
1306364400,3.13199997,3.13199997,3.13199997,3.13199997
1306450800,3.05900002,3.05900002,3.05900002,3.05900002
1306796400,3.06159997,3.06159997,3.06159997,3.06159997
1306882800,3.05900002,3.05900002,3.05900002,3.05900002
1306969200,2.94400001,2.94400001,2.94400001,2.94400001
1307055600,3.0309999,3.0309999,3.0309999,3.0309999
1307401200,2.99699998,2.99699998,2.99699998,2.99699998
1307487600,3,3,3,3
1307574000,2.9460001,2.9460001,2.9460001,2.9460001
1307660400,2.99699998,2.99699998,2.99699998,2.99699998
1308006000,2.98399997,2.98399997,2.98399997,2.98399997
1308092400,3.09899998,3.09899998,3.09899998,3.09899998
1308178800,2.96700001,2.96700001,2.96700001,2.96700001
1308265200,2.92600012,2.92600012,2.92600012,2.92600012
1308610800,2.95600009,2.95600009,2.95600009,2.95600009
1308697200,2.98000002,2.98000002,2.98000002,2.98000002
1308783600,2.98000002,2.98000002,2.98000002,2.98000002
1308870000,2.91400003,2.91400003,2.91400003,2.91400003
1309215600,2.93199992,2.93199992,2.93199992,2.93199992
1309302000,3.03399992,3.03399992,3.03399992,3.03399992
1309388400,3.12100005,3.12100005,3.12100005,3.12100005
1309474800,3.16000009,3.16000009,3.16000009,3.16000009
1309820400,3.19970012,3.19970012,3.19970012,3.19970012
1309906800,3.11899996,3.11899996,3.11899996,3.11899996
1309993200,3.1099999,3.1099999,3.1099999,3.1099999
1310079600,3.13800001,3.13800001,3.13800001,3.13800001
1310425200,2.92400002,2.92400002,2.92400002,2.92400002
1310511600,2.87700009,2.87700009,2.87700009,2.87700009
1310598000,2.88400006,2.88400006,2.88400006,2.88400006
1310684400,2.95300007,2.95300007,2.95300007,2.95300007
1311030000,2.92000008,2.92000008,2.92000008,2.92000008
1311116400,2.87800002,2.87800002,2.87800002,2.87800002
1311202800,2.93099999,2.93099999,2.93099999,2.93099999
1311289200,3.01399994,3.01399994,3.01399994,3.01399994
1311634800,3.00399995,3.00399995,3.00399995,3.00399995
1311721200,2.95499992,2.95499992,2.95499992,2.95499992
1311807600,2.98200011,2.98200011,2.98200011,2.98200011
1311894000,2.95499992,2.95499992,2.95499992,2.95499992
1312239600,2.75300002,2.75300002,2.75300002,2.75300002
1312326000,2.61299992,2.61299992,2.61299992,2.61299992
1312412400,2.61500001,2.61500001,2.61500001,2.61500001
1312498800,2.40700006,2.40700006,2.40700006,2.40700006
1312844400,2.31599998,2.31599998,2.31599998,2.31599998
1312930800,2.2750001,2.2750001,2.2750001,2.2750001
1313017200,2.09500003,2.09500003,2.09500003,2.09500003
1313103600,2.33299994,2.33299994,2.33299994,2.33299994
1313449200,2.30800009,2.30800009,2.30800009,2.30800009
1313535600,2.2249999,2.2249999,2.2249999,2.2249999
1313622000,2.16700006,2.16700006,2.16700006,2.16700006
1313708400,2.06800008,2.06800008,2.06800008,2.06800008
1314054000,2.10899997,2.10899997,2.10899997,2.10899997
1314140400,2.15799999,2.15799999,2.15799999,2.15799999
1314226800,2.29399991,2.29399991,2.29399991,2.29399991
1314313200,2.23399997,2.23399997,2.23399997,2.23399997
1314658800,2.26399994,2.26399994,2.26399994,2.26399994
1314745200,2.17600012,2.17600012,2.17600012,2.17600012
1314831600,2.23399997,2.23399997,2.23399997,2.23399997
1314918000,2.13199997,2.13199997,2.13199997,2.13199997
1315263600,1.98800004,1.98800004,1.98800004,1.98800004
1315350000,1.98199999,1.98199999,1.98199999,1.98199999
1315436400,2.04099989,2.04099989,2.04099989,2.04099989
1315522800,1.977,1.977,1.977,1.977
1315868400,1.94799995,1.94799995,1.94799995,1.94799995
1315954800,1.99199998,1.99199998,1.99199998,1.99199998
1316041200,1.99199998,1.99199998,1.99199998,1.99199998
1316127600,2.08299994,2.08299994,2.08299994,2.08299994
1316473200,1.95599997,1.95599997,1.95599997,1.95599997
1316559600,1.93700004,1.93700004,1.93700004,1.93700004
1316646000,1.85599995,1.85599995,1.85599995,1.85599995
1316732400,1.72000003,1.72000003,1.72000003,1.72000003
1317078000,1.90400004,1.90400004,1.90400004,1.90400004
1317164400,1.98000002,1.98000002,1.98000002,1.98000002
1317250800,1.98699999,1.98699999,1.98699999,1.98699999
1317337200,2.00200009,2.00200009,2.00200009,2.00200009
1317682800,1.74899995,1.74899995,1.74899995,1.74899995
1317769200,1.81700003,1.81700003,1.81700003,1.81700003
1317855600,1.89100003,1.89100003,1.89100003,1.89100003
1317942000,1.99199998,1.99199998,1.99199998,1.99199998
1318287600,2.06960011,2.06960011,2.06960011,2.06960011
1318374000,2.15899992,2.15899992,2.15899992,2.15899992
1318460400,2.21199989,2.21199989,2.21199989,2.21199989
1318546800,2.18199992,2.18199992,2.18199992,2.18199992
1318892400,2.15499997,2.15499997,2.15499997,2.15499997
1318978800,2.17499995,2.17499995,2.17499995,2.17499995
1319065200,2.15700006,2.15700006,2.15700006,2.15700006
1319151600,2.18700004,2.18700004,2.18700004,2.18700004
1319497200,2.23399997,2.23399997,2.23399997,2.23399997
1319583600,2.11400008,2.11400008,2.11400008,2.11400008
1319670000,2.20700002,2.20700002,2.20700002,2.20700002
1319756400,2.38499999,2.38499999,2.38499999,2.38499999
1320102000,2.11599994,2.11599994,2.11599994,2.11599994
1320188400,1.99100006,1.99100006,1.99100006,1.99100006
1320274800,1.98899996,1.98899996,1.98899996,1.98899996
1320361200,2.07299995,2.07299995,2.07299995,2.07299995
1320710400,2.01999998,2.01999998,2.01999998,2.01999998
1320796800,2.079,2.079,2.079,2.079
1320883200,1.96599996,1.96599996,1.96599996,1.96599996
1320969600,2.05699992,2.05699992,2.05699992,2.05699992
1321315200,2.04500008,2.04500008,2.04500008,2.04500008
1321401600,2.04900002,2.04900002,2.04900002,2.04900002
1321488000,2,2,2,2
1321574400,1.96500003,1.96500003,1.96500003,1.96500003
1321920000,1.96500003,1.96500003,1.96500003,1.96500003
1322006400,1.92200005,1.92200005,1.92200005,1.92200005
1322092800,1.88800001,1.88800001,1.88800001,1.88800001
1322179200,1.89390004,1.89390004,1.89390004,1.89390004
1322524800,1.97000003,1.97000003,1.97000003,1.97000003
1322611200,1.98800004,1.98800004,1.98800004,1.98800004
1322697600,2.0710001,2.0710001,2.0710001,2.0710001
1322784000,2.08599997,2.08599997,2.08599997,2.08599997
1323129600,2.03299999,2.03299999,2.03299999,2.03299999
1323216000,2.08599997,2.08599997,2.08599997,2.08599997
1323302400,2.03299999,2.03299999,2.03299999,2.03299999
1323388800,1.97000003,1.97000003,1.97000003,1.97000003
1323734400,2.01699996,2.01699996,2.01699996,2.01699996
1323820800,1.96300006,1.96300006,1.96300006,1.96300006
1323907200,1.90400004,1.90400004,1.90400004,1.90400004
1323993600,1.91100001,1.91100001,1.91100001,1.91100001
1324339200,1.80999994,1.80999994,1.80999994,1.80999994
1324425600,1.92700005,1.92700005,1.92700005,1.92700005
1324512000,1.97000003,1.97000003,1.97000003,1.97000003
1324598400,1.95299995,1.95299995,1.95299995,1.95299995
1324944000,2.02570009,2.02570009,2.02570009,2.02570009
1325030400,2.00200009,2.00200009,2.00200009,2.00200009
1325116800,1.921,1.921,1.921,1.921
1325203200,1.89900005,1.89900005,1.89900005,1.89900005
1325548800,1.87279999,1.87279999,1.87279999,1.87279999
1325635200,1.95599997,1.95599997,1.95599997,1.95599997
1325721600,1.98399997,1.98399997,1.98399997,1.98399997
1325808000,1.99600005,1.99600005,1.99600005,1.99600005
1326153600,1.95599997,1.95599997,1.95599997,1.95599997
1326240000,1.96300006,1.96300006,1.96300006,1.96300006
1326326400,1.90499997,1.90499997,1.90499997,1.90499997
1326412800,1.926,1.926,1.926,1.926
1326758400,1.86000001,1.86000001,1.86000001,1.86000001
1326844800,1.85800004,1.85800004,1.85800004,1.85800004
1326931200,1.898,1.898,1.898,1.898
1327017600,1.98199999,1.98199999,1.98199999,1.98199999
1327363200,2.05800009,2.05800009,2.05800009,2.05800009
1327449600,2.06299996,2.06299996,2.06299996,2.06299996
1327536000,2.00200009,2.00200009,2.00200009,2.00200009
1327622400,1.94000006,1.94000006,1.94000006,1.94000006
1327968000,1.84599996,1.84599996,1.84599996,1.84599996
1328054400,1.79499996,1.79499996,1.79499996,1.79499996
1328140800,1.83000004,1.83000004,1.83000004,1.83000004
1328227200,1.82299995,1.82299995,1.82299995,1.82299995
1328572800,1.90100002,1.90100002,1.90100002,1.90100002
1328659200,1.977,1.977,1.977,1.977
1328745600,1.98199999,1.98199999,1.98199999,1.98199999
1328832000,2.03600001,2.03600001,2.03600001,2.03600001
1329177600,1.97800004,1.97800004,1.97800004,1.97800004
1329264000,1.93799996,1.93799996,1.93799996,1.93799996
1329350400,1.93299997,1.93299997,1.93299997,1.93299997
1329436800,1.98399997,1.98399997,1.98399997,1.98399997
1329782400,2.03780007,2.03780007,2.03780007,2.03780007
1329868800,2.06100011,2.06100011,2.06100011,2.06100011
1329955200,2.00200009,2.00200009,2.00200009,2.00200009
1330041600,1.99600005,1.99600005,1.99600005,1.99600005
1330387200,1.92499995,1.92499995,1.92499995,1.92499995
1330473600,1.94099998,1.94099998,1.94099998,1.94099998
1330560000,1.97399998,1.97399998,1.97399998,1.97399998
1330646400,2.02999997,2.02999997,2.02999997,2.02999997
1330992000,2.00699997,2.00699997,2.00699997,2.00699997
1331078400,1.95000005,1.95000005,1.95000005,1.95000005
1331164800,1.972,1.972,1.972,1.972
1331251200,2.01600003,2.01600003,2.01600003,2.01600003
1331593200,2.03699994,2.03699994,2.03699994,2.03699994
1331679600,2.12599993,2.12599993,2.12599993,2.12599993
1331766000,2.27399993,2.27399993,2.27399993,2.27399993
1331852400,2.27900004,2.27900004,2.27900004,2.27900004
1332198000,2.375,2.375,2.375,2.375
1332284400,2.36299992,2.36299992,2.36299992,2.36299992
1332370800,2.296,2.296,2.296,2.296
1332457200,2.28200006,2.28200006,2.28200006,2.28200006
1332802800,2.25300002,2.25300002,2.25300002,2.25300002
1332889200,2.18700004,2.18700004,2.18700004,2.18700004
1332975600,2.20099998,2.20099998,2.20099998,2.20099998
1333062000,2.15899992,2.15899992,2.15899992,2.15899992
1333407600,2.18000007,2.18000007,2.18000007,2.18000007
1333494000,2.29299998,2.29299998,2.29299998,2.29299998
1333580400,2.22300005,2.22300005,2.22300005,2.22300005
1333666800,2.18000007,2.18000007,2.18000007,2.18000007
1334012400,2.04699993,2.04699993,2.04699993,2.04699993
1334098800,1.98599994,1.98599994,1.98599994,1.98599994
1334185200,2.03699994,2.03699994,2.03699994,2.03699994
1334271600,2.05599999,2.05599999,2.05599999,2.05599999
1334617200,1.98199999,1.98199999,1.98199999,1.98199999
1334703600,1.99600005,1.99600005,1.99600005,1.99600005
1334790000,1.97500002,1.97500002,1.97500002,1.97500002
1334876400,1.96800005,1.96800005,1.96800005,1.96800005
1335222000,1.94000006,1.94000006,1.94000006,1.94000006
1335308400,1.97399998,1.97399998,1.97399998,1.97399998
1335394800,1.98800004,1.98800004,1.98800004,1.98800004
1335481200,1.94700003,1.94700003,1.94700003,1.94700003
1335826800,1.91900003,1.91900003,1.91900003,1.91900003
1335913200,1.94500005,1.94500005,1.94500005,1.94500005
1335999600,1.92799997,1.92799997,1.92799997,1.92799997
1336086000,1.93299997,1.93299997,1.93299997,1.93299997
1336431600,1.87300003,1.87300003,1.87300003,1.87300003
1336518000,1.84200001,1.84200001,1.84200001,1.84200001
1336604400,1.82599998,1.82599998,1.82599998,1.82599998
1336690800,1.87399995,1.87399995,1.87399995,1.87399995
1337036400,1.76900005,1.76900005,1.76900005,1.76900005
1337122800,1.76999998,1.76999998,1.76999998,1.76999998
1337209200,1.75899994,1.75899994,1.75899994,1.75899994
1337295600,1.69000006,1.69000006,1.69000006,1.69000006
1337641200,1.74300003,1.74300003,1.74300003,1.74300003
1337727600,1.77699995,1.77699995,1.77699995,1.77699995
1337814000,1.73300004,1.73300004,1.73300004,1.73300004
1337900400,1.78299999,1.78299999,1.78299999,1.78299999
1338246000,1.74450004,1.74450004,1.74450004,1.74450004
1338332400,1.74800003,1.74800003,1.74800003,1.74800003
1338418800,1.61899996,1.61899996,1.61899996,1.61899996
1338505200,1.56299996,1.56299996,1.56299996,1.56299996
1338850800,1.52400005,1.52400005,1.52400005,1.52400005
1338937200,1.57299995,1.57299995,1.57299995,1.57299995
1339023600,1.66100001,1.66100001,1.66100001,1.66100001
1339110000,1.64400005,1.64400005,1.64400005,1.64400005
1339455600,1.58599997,1.58599997,1.58599997,1.58599997
1339542000,1.66400003,1.66400003,1.66400003,1.66400003
1339628400,1.59899998,1.59899998,1.59899998,1.59899998
1339714800,1.64199996,1.64199996,1.64199996,1.64199996
1340060400,1.574,1.574,1.574,1.574
1340146800,1.62,1.62,1.62,1.62
1340233200,1.64999998,1.64999998,1.64999998,1.64999998
1340319600,1.62,1.62,1.62,1.62
1340665200,1.60399997,1.60399997,1.60399997,1.60399997
1340751600,1.62800002,1.62800002,1.62800002,1.62800002
1340838000,1.62100005,1.62100005,1.62100005,1.62100005
1340924400,1.58399999,1.58399999,1.58399999,1.58399999
1341270000,1.58700001,1.58700001,1.58700001,1.58700001
1341356400,1.62800002,1.62800002,1.62800002,1.62800002
1341529200,1.59899998,1.59899998,1.59899998,1.59899998
1341874800,1.51300001,1.51300001,1.51300001,1.51300001
1341961200,1.50199997,1.50199997,1.50199997,1.50199997
1342047600,1.51499999,1.51499999,1.51499999,1.51499999
1342134000,1.47800004,1.47800004,1.47800004,1.47800004
1342479600,1.47099996,1.47099996,1.47099996,1.47099996
1342566000,1.50800002,1.50800002,1.50800002,1.50800002
1342652400,1.49399996,1.49399996,1.49399996,1.49399996
1342738800,1.51100004,1.51100004,1.51100004,1.51100004
1343084400,1.43799996,1.43799996,1.43799996,1.43799996
1343170800,1.39100003,1.39100003,1.39100003,1.39100003
1343257200,1.39699996,1.39699996,1.39699996,1.39699996
1343343600,1.43799996,1.43799996,1.43799996,1.43799996
1343689200,1.5,1.5,1.5,1.5
1343775600,1.47000003,1.47000003,1.47000003,1.47000003
1343862000,1.52400005,1.52400005,1.52400005,1.52400005
1343948400,1.47800004,1.47800004,1.47800004,1.47800004
1344294000,1.56500006,1.56500006,1.56500006,1.56500006
1344380400,1.62800002,1.62800002,1.62800002,1.62800002
1344466800,1.65100002,1.65100002,1.65100002,1.65100002
1344553200,1.69500005,1.69500005,1.69500005,1.69500005
1344898800,1.66600001,1.66600001,1.66600001,1.66600001
1344985200,1.73300004,1.73300004,1.73300004,1.73300004
1345071600,1.81700003,1.81700003,1.81700003,1.81700003
1345158000,1.83500004,1.83500004,1.83500004,1.83500004
1345503600,1.80999994,1.80999994,1.80999994,1.80999994
1345590000,1.80200005,1.80200005,1.80200005,1.80200005
1345676400,1.69500005,1.69500005,1.69500005,1.69500005
1345762800,1.67499995,1.67499995,1.67499995,1.67499995
1346108400,1.65199995,1.65199995,1.65199995,1.65199995
1346194800,1.63699996,1.63699996,1.63699996,1.63699996
1346281200,1.65199995,1.65199995,1.65199995,1.65199995
1346367600,1.62800002,1.62800002,1.62800002,1.62800002
1346799600,1.574,1.574,1.574,1.574
1346886000,1.59599996,1.59599996,1.59599996,1.59599996
1346972400,1.676,1.676,1.676,1.676
1347318000,1.65400004,1.65400004,1.65400004,1.65400004
1347404400,1.70000005,1.70000005,1.70000005,1.70000005
1347490800,1.75800002,1.75800002,1.75800002,1.75800002
1347577200,1.72099996,1.72099996,1.72099996,1.72099996
1347922800,1.84300005,1.84300005,1.84300005,1.84300005
1348009200,1.81200004,1.81200004,1.81200004,1.81200004
1348095600,1.77400005,1.77400005,1.77400005,1.77400005
1348182000,1.76499999,1.76499999,1.76499999,1.76499999
1348527600,1.71500003,1.71500003,1.71500003,1.71500003
1348614000,1.671,1.671,1.671,1.671
1348700400,1.60899997,1.60899997,1.60899997,1.60899997
1348786800,1.65600002,1.65600002,1.65600002,1.65600002
1349132400,1.61800003,1.61800003,1.61800003,1.61800003
1349218800,1.62,1.62,1.62,1.62
1349305200,1.61600006,1.61600006,1.61600006,1.61600006
1349391600,1.67299998,1.67299998,1.67299998,1.67299998
1349823600,1.71300006,1.71300006,1.71300006,1.71300006
1349910000,1.67999995,1.67999995,1.67999995,1.67999995
1349996400,1.66799998,1.66799998,1.66799998,1.66799998
1350342000,1.66799998,1.66799998,1.66799998,1.66799998
1350428400,1.722,1.722,1.722,1.722
1350514800,1.82200003,1.82200003,1.82200003,1.82200003
1350601200,1.83099997,1.83099997,1.83099997,1.83099997
1350946800,1.81500006,1.81500006,1.81500006,1.81500006
1351033200,1.76100004,1.76100004,1.76100004,1.76100004
1351119600,1.79400003,1.79400003,1.79400003,1.79400003
1351206000,1.81200004,1.81200004,1.81200004,1.81200004
1351551600,1.72099996,1.72099996,1.72099996,1.72099996
1351724400,1.69400001,1.69400001,1.69400001,1.69400001
1351810800,1.73000002,1.73000002,1.73000002,1.73000002
1352160000,1.67900002,1.67900002,1.67900002,1.67900002
1352246400,1.75100005,1.75100005,1.75100005,1.75100005
1352332800,1.64400005,1.64400005,1.64400005,1.64400005
1352419200,1.61800003,1.61800003,1.61800003,1.61800003
1352851200,1.59500003,1.59500003,1.59500003,1.59500003
1352937600,1.58899999,1.58899999,1.58899999,1.58899999
1353024000,1.59500003,1.59500003,1.59500003,1.59500003
1353369600,1.61300004,1.61300004,1.61300004,1.61300004
1353456000,1.66799998,1.66799998,1.66799998,1.66799998
1353542400,1.67999995,1.67999995,1.67999995,1.67999995
1353974400,1.66600001,1.66600001,1.66600001,1.66600001
1354060800,1.63900006,1.63900006,1.63900006,1.63900006
1354147200,1.63300002,1.63300002,1.63300002,1.63300002
1354233600,1.62,1.62,1.62,1.62
1354579200,1.62199998,1.62199998,1.62199998,1.62199998
1354665600,1.60500002,1.60500002,1.60500002,1.60500002
1354752000,1.59099996,1.59099996,1.59099996,1.59099996
1354838400,1.58599997,1.58599997,1.58599997,1.58599997
1355184000,1.61800003,1.61800003,1.61800003,1.61800003
1355270400,1.65600002,1.65600002,1.65600002,1.65600002
1355356800,1.70200002,1.70200002,1.70200002,1.70200002
1355443200,1.73199999,1.73199999,1.73199999,1.73199999
1355788800,1.773,1.773,1.773,1.773
1355875200,1.82099998,1.82099998,1.82099998,1.82099998
1355961600,1.80700004,1.80700004,1.80700004,1.80700004
1356048000,1.79999995,1.79999995,1.79999995,1.79999995
1356393600,1.77600002,1.77600002,1.77600002,1.77600002
1356566400,1.74899995,1.74899995,1.74899995,1.74899995
1356652800,1.73399997,1.73399997,1.73399997,1.73399997
1356998400,1.75600004,1.75600004,1.75600004,1.75600004
1357171200,1.83500004,1.83500004,1.83500004,1.83500004
1357257600,1.91100001,1.91100001,1.91100001,1.91100001
1357603200,1.90100002,1.90100002,1.90100002,1.90100002
1357689600,1.86399996,1.86399996,1.86399996,1.86399996
1357776000,1.86000001,1.86000001,1.86000001,1.86000001
1357862400,1.89900005,1.89900005,1.89900005,1.89900005
1358208000,1.84800005,1.84800005,1.84800005,1.84800005
1358294400,1.83599997,1.83599997,1.83599997,1.83599997
1358380800,1.81900001,1.81900001,1.81900001,1.81900001
1358467200,1.88399994,1.88399994,1.88399994,1.88399994
1358899200,1.84300005,1.84300005,1.84300005,1.84300005
1358985600,1.82799995,1.82799995,1.82799995,1.82799995
1359072000,1.852,1.852,1.852,1.852
1359417600,1.96500003,1.96500003,1.96500003,1.96500003
1359504000,1.99899995,1.99899995,1.99899995,1.99899995
1359590400,1.99199998,1.99199998,1.99199998,1.99199998
1359676800,1.98500001,1.98500001,1.98500001,1.98500001
1360022400,1.95700002,1.95700002,1.95700002,1.95700002
1360108800,2.00500011,2.00500011,2.00500011,2.00500011
1360195200,1.96399999,1.96399999,1.96399999,1.96399999
1360281600,1.95899999,1.95899999,1.95899999,1.95899999
1360627200,1.96399999,1.96399999,1.96399999,1.96399999
1360713600,1.97899997,1.97899997,1.97899997,1.97899997
1360800000,2.02800012,2.02800012,2.02800012,2.02800012
1360886400,1.99800003,1.99800003,1.99800003,1.99800003
1361318400,2.02800012,2.02800012,2.02800012,2.02800012
1361404800,2.00999999,2.00999999,2.00999999,2.00999999
1361491200,1.97399998,1.97399998,1.97399998,1.97399998
1361836800,1.86500001,1.86500001,1.86500001,1.86500001
1361923200,1.88600004,1.88600004,1.88600004,1.88600004
1362009600,1.89999998,1.89999998,1.89999998,1.89999998
1362096000,1.88100004,1.88100004,1.88100004,1.88100004
1362441600,1.87899995,1.87899995,1.87899995,1.87899995
1362528000,1.898,1.898,1.898,1.898
1362614400,1.93900001,1.93900001,1.93900001,1.93900001
1362700800,1.995,1.995,1.995,1.995
1363042800,2.06100011,2.06100011,2.06100011,2.06100011
1363129200,2.01900005,2.01900005,2.01900005,2.01900005
1363215600,2.023,2.023,2.023,2.023
1363302000,2.03699994,2.03699994,2.03699994,2.03699994
1363647600,1.95500004,1.95500004,1.95500004,1.95500004
1363734000,1.90400004,1.90400004,1.90400004,1.90400004
1363820400,1.95799994,1.95799994,1.95799994,1.95799994
1363906800,1.91499996,1.91499996,1.91499996,1.91499996
1364252400,1.91999996,1.91999996,1.91999996,1.91999996
1364338800,1.91100001,1.91100001,1.91100001,1.91100001
1364425200,1.84500003,1.84500003,1.84500003,1.84500003
1364511600,1.852,1.852,1.852,1.852
1364857200,1.83500004,1.83500004,1.83500004,1.83500004
1364943600,1.86199999,1.86199999,1.86199999,1.86199999
1365030000,1.81599998,1.81599998,1.81599998,1.81599998
1365116400,1.76600003,1.76600003,1.76600003,1.76600003
1365462000,1.745,1.745,1.745,1.745
1365548400,1.75199997,1.75199997,1.75199997,1.75199997
1365634800,1.80499995,1.80499995,1.80499995,1.80499995
1365721200,1.79100001,1.79100001,1.79100001,1.79100001
1366066800,1.68799996,1.68799996,1.68799996,1.68799996
1366153200,1.722,1.722,1.722,1.722
1366239600,1.69799995,1.69799995,1.69799995,1.69799995
1366326000,1.68599999,1.68599999,1.68599999,1.68599999
1366671600,1.69500005,1.69500005,1.69500005,1.69500005
1366758000,1.70599997,1.70599997,1.70599997,1.70599997
1366844400,1.70299995,1.70299995,1.70299995,1.70299995
1366930800,1.71000004,1.71000004,1.71000004,1.71000004
1367276400,1.66700006,1.66700006,1.66700006,1.66700006
1367362800,1.67299998,1.67299998,1.67299998,1.67299998
1367449200,1.63199997,1.63199997,1.63199997,1.63199997
1367535600,1.62399995,1.62399995,1.62399995,1.62399995
1367881200,1.76400006,1.76400006,1.76400006,1.76400006
1367967600,1.77999997,1.77999997,1.77999997,1.77999997
1368054000,1.76699996,1.76699996,1.76699996,1.76699996
1368140400,1.81299996,1.81299996,1.81299996,1.81299996
1368486000,1.91700006,1.91700006,1.91700006,1.91700006
1368572400,1.98199999,1.98199999,1.98199999,1.98199999
1368658800,1.94000006,1.94000006,1.94000006,1.94000006
1368745200,1.87899995,1.87899995,1.87899995,1.87899995
1369090800,1.96500003,1.96500003,1.96500003,1.96500003
1369177200,1.92999995,1.92999995,1.92999995,1.92999995
1369263600,2.03699994,2.03699994,2.03699994,2.03699994
1369350000,2.01600003,2.01600003,2.01600003,2.01600003
1369782000,2.16700006,2.16700006,2.16700006,2.16700006
1369868400,2.11899996,2.11899996,2.11899996,2.11899996
1369954800,2.11899996,2.11899996,2.11899996,2.11899996
1370300400,2.12800002,2.12800002,2.12800002,2.12800002
1370386800,2.1500001,2.1500001,2.1500001,2.1500001
1370473200,2.09100008,2.09100008,2.09100008,2.09100008
1370559600,2.079,2.079,2.079,2.079
1370905200,2.21300006,2.21300006,2.21300006,2.21300006
1370991600,2.19000006,2.19000006,2.19000006,2.19000006
1371078000,2.22799993,2.22799993,2.22799993,2.22799993
1371164400,2.14899993,2.14899993,2.14899993,2.14899993
1371423600,2.12949991,2.12949991,2.12949991,2.12949991
1371510000,2.17799997,2.17799997,2.17799997,2.17799997
1371596400,2.18499994,2.18499994,2.18499994,2.18499994
1371682800,2.35400009,2.35400009,2.35400009,2.35400009
1371769200,2.421,2.421,2.421,2.421
1372028400,2.54220009,2.54220009,2.54220009,2.54220009
1372114800,2.54399991,2.54399991,2.54399991,2.54399991
1372201200,2.61199999,2.61199999,2.61199999,2.61199999
1372287600,2.54099989,2.54099989,2.54099989,2.54099989
1372374000,2.47399998,2.47399998,2.47399998,2.47399998
1372719600,2.477,2.477,2.477,2.477
1372806000,2.47099996,2.47099996,2.47099996,2.47099996
1372892400,2.50300002,2.50300002,2.50300002,2.50300002
1372978800,2.50320005,2.50320005,2.50320005,2.50320005
1373324400,2.63800001,2.63800001,2.63800001,2.63800001
1373410800,2.6400001,2.6400001,2.6400001,2.6400001
1373497200,2.67400002,2.67400002,2.67400002,2.67400002
1373583600,2.57200003,2.57200003,2.57200003,2.57200003
1373929200,2.54299998,2.54299998,2.54299998,2.54299998
1374015600,2.53200006,2.53200006,2.53200006,2.53200006
1374102000,2.49099994,2.49099994,2.49099994,2.49099994
1374188400,2.53399992,2.53399992,2.53399992,2.53399992
1374534000,2.48399997,2.48399997,2.48399997,2.48399997
1374620400,2.50699997,2.50699997,2.50699997,2.50699997
1374706800,2.58400011,2.58400011,2.58400011,2.58400011
1374793200,2.5769999,2.5769999,2.5769999,2.5769999
1375138800,2.59899998,2.59899998,2.59899998,2.59899998
1375225200,2.60599995,2.60599995,2.60599995,2.60599995
1375311600,2.58800006,2.58800006,2.58800006,2.58800006
1375398000,2.70799994,2.70799994,2.70799994,2.70799994
1375743600,2.6400001,2.6400001,2.6400001,2.6400001
1375830000,2.64199996,2.64199996,2.64199996,2.64199996
1375916400,2.59899998,2.59899998,2.59899998,2.59899998
1376002800,2.58699989,2.58699989,2.58699989,2.58699989
1376262000,2.58019996,2.58019996,2.57310009,2.57480001
1376348400,2.62199998,2.62199998,2.62199998,2.62199998
1376434800,2.72099996,2.72099996,2.72099996,2.72099996
1376521200,2.71199989,2.71199989,2.71199989,2.71199989
1376607600,2.76399994,2.76399994,2.76399994,2.76399994
1376866800,2.8434999,2.84719992,2.83979988,2.84529996
1376953200,2.88199997,2.88199997,2.88199997,2.88199997
1377039600,2.81800008,2.81800008,2.81800008,2.81800008
1377126000,2.89199996,2.89199996,2.89199996,2.89199996
1377212400,2.89199996,2.89199996,2.89199996,2.89199996
1377471600,2.82380009,2.82559991,2.82189989,2.82380009
1377558000,2.82399988,2.83999991,2.78299999,2.78699994
1377644400,2.7980001,2.81299996,2.70700002,2.70900011
1377730800,2.71799994,2.79500008,2.70499992,2.7650001
1377817200,2.77800012,2.83100009,2.74300003,2.76200008
1378076400,2.7894001,2.7894001,2.7894001,2.7894001
1378162800,2.83730006,2.83730006,2.82620001,2.8354001
1378249200,2.83699989,2.91300011,2.81299996,2.86299992
1378335600,2.86500001,2.90799999,2.84699988,2.89700007
1378422000,2.89499998,3.00099993,2.88499999,2.99600005
1378681200,2.93420005,2.94350004,2.93420005,2.94169998
1378767600,2.94199991,2.95099998,2.875,2.91400003
1378854000,2.91799998,2.97199988,2.91599989,2.96600008
1378940400,2.97000003,2.97900009,2.90799999,2.91199994
1379026800,2.92000008,2.92000008,2.86199999,2.90499997
1379286000,2.8901999,2.8901999,2.8901999,2.8901999
1379372400,2.8900001,2.8900001,2.77699995,2.86199999
1379458800,2.86800003,2.87400007,2.829,2.84899998
1379545200,2.8440001,2.9000001,2.6730001,2.69199991
1379631600,2.704,2.75699997,2.67499995,2.75200009
1379890800,2.73559999,2.73559999,2.73559999,2.73559999
1379977200,2.73600006,2.7579999,2.69700003,2.70099998
1380063600,2.70300007,2.70799994,2.64199996,2.65499997
1380150000,2.65700006,2.66599989,2.6099999,2.62599993
1380236400,2.63499999,2.65899992,2.62199998,2.648
1380495600,2.62809992,2.62809992,2.59179997,2.59540009
1380582000,2.59500003,2.64499998,2.58999991,2.61500001
1380668400,2.61400008,2.66599989,2.61199999,2.6500001
1380754800,2.65899992,2.66100001,2.59200001,2.61899996
1380841200,2.6170001,2.65199995,2.58100009,2.60500002
1381100400,2.63380003,2.63560009,2.63380003,2.63560009
1381186800,2.63400006,2.63700008,2.60599995,2.63000011
1381273200,2.62599993,2.65899992,2.61400008,2.63800001
1381359600,2.62299991,2.67400002,2.61599994,2.66100001
1381446000,2.66700006,2.72199988,2.66700006,2.68300009
1381791600,2.74049997,2.74230003,2.73679996,2.74049997
1381878000,2.73900008,2.74000001,2.69099998,2.72799993
1381964400,2.74000001,2.75900006,2.66300011,2.66700006
1382050800,2.671,2.67199993,2.58100009,2.59200001
1382310000,2.58500004,2.59039998,2.58500004,2.58859992
1382396400,2.58999991,2.61999989,2.579,2.60100007
1382482800,2.60700011,2.61100006,2.50900006,2.51099992
1382569200,2.50699997,2.50900006,2.47099996,2.49799991
1382655600,2.5,2.52200007,2.47399998,2.51999998
1382914800,2.51060009,2.51430011,2.51060009,2.51239991
1383001200,2.51399994,2.52699995,2.5,2.523
1383087600,2.51999998,2.53600001,2.5,2.50300002
1383174000,2.50900006,2.54900002,2.47300005,2.53800011
1383260400,2.54200006,2.5710001,2.50200009,2.55200005
1383523200,2.61999989,2.61999989,2.61999989,2.61999989
1383609600,2.61500001,2.62400007,2.58899999,2.60299993
1383696000,2.602,2.67700005,2.5940001,2.67000008
1383782400,2.66799998,2.6730001,2.63100004,2.64400005
1383868800,2.64400005,2.65100002,2.59599996,2.602
1384214400,2.75139999,2.76810002,2.75139999,2.76810002
1384300800,2.76600003,2.79200006,2.75300002,2.77399993
1384387200,2.76999998,2.77200007,2.68799996,2.71600008
1384473600,2.71799994,2.73900008,2.68400002,2.69300008
1384732800,2.7033,2.71589994,2.7033,2.71409988
1384819200,2.71399999,2.72099996,2.66199994,2.66599989
1384905600,2.66899991,2.71600008,2.66000009,2.71199989
1384992000,2.70700002,2.80599999,2.68499994,2.8039999
1385078400,2.81100011,2.83899999,2.7750001,2.78800011
1385337600,2.74449992,2.75539994,2.74449992,2.75349998
1385424000,2.75500011,2.76999998,2.72799993,2.73000002
1385510400,2.7190001,2.73399997,2.69400001,2.71000004
1385596800,2.71399999,2.76999998,2.70799994,2.73900008
1385683200,2.73729992,2.7499001,2.73729992,2.74810004
1385942400,2.75169992,2.75349998,2.7499001,2.75169992
1386028800,2.75300002,2.80999994,2.75200009,2.79699993
1386115200,2.80100012,2.80599999,2.75699997,2.78399992
1386201600,2.78800011,2.852,2.77699995,2.83699989
1386288000,2.83500004,2.87700009,2.82200003,2.87299991
1386547200,2.85890007,2.86989999,2.85890007,2.86630011
1386633600,2.86400008,2.86599994,2.83299994,2.84100008
1386720000,2.8440001,2.8499999,2.79200006,2.80299997
1386806400,2.8210001,2.85899997,2.80299997,2.85500002
1386892800,2.85899997,2.88800001,2.84100008,2.87899995
1387152000,2.87010002,2.87010002,2.8664,2.86829996
1387238400,2.86599994,2.88700008,2.83899999,2.87899995
1387324800,2.87400007,2.88700008,2.83500004,2.83699989
1387411200,2.84100008,2.9289999,2.82399988,2.89599991
1387497600,2.88700008,2.95099998,2.87800002,2.9289999
1387756800,2.89420009,2.89420009,2.88499999,2.88499999
1387843200,2.89100003,2.93499994,2.87599993,2.93099999
1387929600,2.9289999,2.98699999,2.92199993,2.98099995
1388016000,2.98119998,2.99979997,2.98119998,2.99979997
1388102400,2.99799991,3,2.95099998,2.9920001
1388361600,3.00189996,3.00740004,3.00189996,3.00559998
1388448000,3.00600004,3.0150001,2.96700001,2.97199988
1388534400,2.98000002,3.03600001,2.98000002,3.02600002
1388620800,3.02629995,3.02629995,3.02629995,3.02629995
1388707200,3.03800011,3.04099989,2.97799993,2.99099994
1388966400,3.01530004,3.01530004,3.01160002,3.01160002
1389052800,3.01300001,3.01300001,2.94700003,2.95799994
1389139200,2.96099997,2.96700001,2.93700004,2.94099998
1389225600,2.94499993,3.00999999,2.94499993,2.99099994
1389312000,2.98699999,3.00099993,2.96000004,2.9690001
1389571200,2.8578999,2.8578999,2.8578999,2.8578999
1389657600,2.86400008,2.86500001,2.81900001,2.829
1389744000,2.83599997,2.875,2.829,2.87299991
1389830400,2.875,2.91199994,2.8599999,2.89299989
1389916800,2.89299989,2.89299989,2.83800006,2.84100008
1390262400,2.82859993,2.82859993,2.82680011,2.82859993
1390348800,2.8269999,2.8670001,2.81900001,2.83200002
1390435200,2.82999992,2.8670001,2.829,2.8670001
1390521600,2.87100005,2.87299991,2.75900006,2.77900004
1390780800,2.70959997,2.71499991,2.70959997,2.71499991
1390867200,2.71499991,2.76799989,2.71000004,2.75
1390953600,2.75300002,2.78500009,2.73900008,2.75200009
1391040000,2.7750001,2.78999996,2.66199994,2.6789999
1391126400,2.68799996,2.72600007,2.67499995,2.69700003
1391385600,2.66210008,2.66580009,2.66210008,2.66580009
1391472000,2.66599989,2.68000007,2.56999993,2.5769999
1391558400,2.58599997,2.63499999,2.57500005,2.63100004
1391644800,2.62899995,2.67499995,2.59899998,2.66899991
1391731200,2.66899991,2.70900011,2.65799999,2.7019999
1391990400,2.68569994,2.68569994,2.68379998,2.68379998
1392076800,2.68400002,2.69499993,2.66400003,2.66899991
1392163200,2.68199992,2.73300004,2.68199992,2.72600007
1392249600,2.72000003,2.77699995,2.71499991,2.76300001
1392336000,2.78600001,2.78600001,2.727,2.73399997
1392681600,2.75180006,2.75180006,2.74819994,2.74819994
1392768000,2.75,2.76300001,2.6960001,2.70900011
1392854400,2.70700002,2.74300003,2.67499995,2.73900008
1392940800,2.73399997,2.773,2.69799995,2.75200009
1393200000,2.73370004,2.73909998,2.73370004,2.73729992
1393286400,2.73600006,2.76300001,2.72099996,2.74099994
1393372800,2.74399996,2.74799991,2.69799995,2.70300007
1393459200,2.70700002,2.7190001,2.66199994,2.66599989
1393545600,2.6730001,2.67799997,2.63499999,2.63899994
1393804800,2.65289998,2.65289998,2.60479999,2.60829997
1393891200,2.6099999,2.63499999,2.59200001,2.60299993
1393977600,2.60500002,2.70300007,2.60299993,2.70099998
1394064000,2.69199991,2.7190001,2.68000007,2.70799994
1394150400,2.70300007,2.74799991,2.69799995,2.73900008
1394406000,2.78970003,2.79340005,2.78970003,2.78970003
1394492400,2.78999996,2.8039999,2.76399994,2.77900004
1394578800,2.78299999,2.79900002,2.76300001,2.76999998
1394665200,2.76999998,2.773,2.71399999,2.73200011
1394751600,2.73399997,2.75500011,2.64199996,2.64499998
1395010800,2.64179993,2.64359999,2.63820004,2.6400001
1395097200,2.64199996,2.69899988,2.63800001,2.69400001
1395183600,2.69400001,2.70099998,2.66100001,2.67400002
1395270000,2.67400002,2.79299998,2.66100001,2.773
1395356400,2.76799989,2.79299998,2.74300003,2.773
1395615600,2.74440002,2.75710011,2.74440002,2.75710011
1395702000,2.75699997,2.78299999,2.72099996,2.73000002
1395788400,2.7349999,2.76300001,2.72099996,2.75
1395874800,2.75,2.76300001,2.68499994,2.69400001
1395961200,2.69499993,2.71399999,2.65899992,2.68300009
1396220400,2.72079992,2.72440004,2.72079992,2.72440004
1396306800,2.72399998,2.76799989,2.7190001,2.7190001
1396393200,2.72600007,2.76600003,2.72399998,2.75500011
1396479600,2.75699997,2.80999994,2.75500011,2.80599999
1396566000,2.80599999,2.80599999,2.77699995,2.80100012
1396825200,2.72070003,2.72250009,2.72070003,2.72070003
1396911600,2.72300005,2.7349999,2.68300009,2.70099998
1396998000,2.70799994,2.72099996,2.67400002,2.68300009
1397084400,2.68400002,2.72300005,2.67400002,2.69300008
1397170800,2.69499993,2.70300007,2.61400008,2.64700007
1397430000,2.60669994,2.60669994,2.60310006,2.60310006
1397516400,2.60299993,2.65700006,2.60299993,2.6500001
1397602800,2.64599991,2.66300011,2.59599996,2.63000011
1397689200,2.62599993,2.66100001,2.625,2.63499999
1397775600,2.63199997,2.72600007,2.62299991,2.72099996
1398034800,2.72059989,2.72059989,2.71149993,2.71880007
1398121200,2.7190001,2.73300004,2.68799996,2.71499991
1398207600,2.71700001,2.74799991,2.69899988,2.71099997
1398294000,2.71700001,2.72199988,2.67700005,2.69300008
1398380400,2.7019999,2.73300004,2.68099999,2.68199992
1398639600,2.67319989,2.67319989,2.67319989,2.67319989
1398726000,2.67499995,2.71000004,2.66799998,2.70799994
1398812400,2.70799994,2.73099995,2.68799996,2.69700003
1398898800,2.69099998,2.71700001,2.64400005,2.64599991
1398985200,2.65899992,2.66199994,2.59299994,2.61299992
1399330800,2.613,2.62,2.59,2.6
1399417200,2.59,2.62,2.58,2.59
1399503600,2.59,2.63,2.58,2.61
1399590000,2.62,2.63,2.6,2.62
1399849200,2.629,2.661,2.614,2.66
1399935600,2.66,2.661,2.61,2.61
1400022000,2.61,2.621,2.53,2.55
1400108400,2.54,2.558,2.47,2.503
1400194800,2.49,2.53,2.49,2.53
1400454000,2.528,2.55,2.49,2.55
1400540400,2.55,2.553,2.5,2.51
1400626800,2.51,2.56,2.51,2.53
1400713200,2.53,2.562,2.53,2.555
1400799600,2.555,2.555,2.52,2.53
1401058800,2.535,2.535,2.535,2.535
1401145200,2.535,2.551,2.51,2.52
1401231600,2.52,2.545,2.44,2.44
1401318000,2.44,2.47,2.4,2.47
1401404400,2.47,2.49,2.438,2.48
1401663600,2.478,2.54,2.477,2.53
1401750000,2.53,2.6,2.512,2.572
1401836400,2.6,2.62,2.57,2.6
1401922800,2.6,2.64,2.57,2.59
1402009200,2.59,2.6,2.453,2.59
1402268400,2.591,2.63,2.591,2.61
1402354800,2.61,2.65,2.602,2.64
1402441200,2.65,2.66,2.618,2.64
1402527600,2.64,2.65,2.58,2.6
1402614000,2.6,2.64,2.587,2.61
1402873200,2.61,2.614,2.58,2.6
1402959600,2.6,2.653,2.59,2.65
1403046000,2.65,2.653,2.59,2.59
1403132400,2.59,2.64,2.5,2.62
1403218800,2.62,2.658,2.61,2.61
1403478000,2.634,2.634,2.59,2.63
1403564400,2.63,2.63,2.58,2.58
1403650800,2.58,2.584,2.53,2.56
1403737200,2.56,2.578,2.52,2.53
1403823600,2.53,2.54,2.51,2.54
1404082800,2.545,2.55,2.52,2.53
1404169200,2.53,2.57,2.527,2.57
1404255600,2.57,2.632,2.5,2.63
1404342000,2.63,2.69,2.621,2.647
1404428400,2.64,2.647,2.64,2.647
1404687600,2.647,2.663,2.61,2.622
1404774000,2.61,2.622,2.558,2.56
1404860400,2.56,2.6,2.549,2.55
1404946800,2.55,2.561,2.5,2.539
1405033200,2.54,2.54,2.51,2.52
1405292400,2.524,2.55,2.518,2.55
1405378800,2.55,2.57,2.53,2.55
1405465200,2.55,2.57,2.53,2.53
1405551600,2.53,2.531,2.44,2.45
1405638000,2.45,2.5,2.444,2.48
1405897200,2.476,2.49,2.45,2.472
1405983600,2.47,2.5,2.46,2.47
1406070000,2.47,2.475,2.45,2.47
1406156400,2.47,2.52,2.47,2.5
1406242800,2.5,2.512,2.46,2.47
1406502000,2.466,2.498,2.466,2.49
1406588400,2.49,2.502,2.45,2.46
1406674800,2.46,2.56,2.46,2.559
1406761200,2.56,2.6,2.54,2.56
1406847600,2.56,2.59,2.48,2.5
1407106800,2.493,2.549,2.47,2.48
1407193200,2.48,2.52,2.47,2.49
1407279600,2.49,2.49,2.44,2.474
1407366000,2.47,2.48,2.41,2.41
1407452400,2.419,2.424,2.37,2.424
1407711600,2.388,2.44,2.388,2.43
1407798000,2.43,2.45,2.42,2.45
1407884400,2.45,2.47,2.41,2.42
1407970800,2.42,2.437,2.39,2.4
1408057200,2.4,2.412,2.31,2.34
1408316400,2.342,2.4,2.342,2.4
1408402800,2.4,2.41,2.36,2.4
1408489200,2.4,2.446,2.4,2.43
1408575600,2.43,2.446,2.4,2.41
1408662000,2.41,2.44,2.39,2.4
1408921200,2.409,2.41,2.38,2.38
1409007600,2.38,2.402,2.37,2.4
1409094000,2.4,2.4,2.36,2.36
1409180400,2.36,2.372,2.33,2.34
1409266800,2.34,2.35,2.33,2.34
1409526000,2.343,2.41,2.343,2.343
1409612400,2.343,2.42,2.343,2.42
1409698800,2.42,2.45,2.399,2.4
1409785200,2.4,2.454,2.39,2.45
1409871600,2.45,2.473,2.4,2.458
1410130800,2.458,2.48,2.42,2.47
1410217200,2.47,2.51,2.47,2.5
1410303600,2.51,2.543,2.506,2.543
1410390000,2.54,2.55,2.51,2.55
1410476400,2.55,2.62,2.5,2.61
1410735600,2.612,2.612,2.58,2.59
1410822000,2.59,2.6,2.55,2.6
1410908400,2.59,2.62,2.56,2.6
1410994800,2.62,2.64,2.617,2.62
1411081200,2.62,2.641,2.58,2.58
1411340400,2.578,2.58,2.55,2.57
1411426800,2.57,2.57,2.53,2.53
1411513200,2.53,2.57,2.53,2.57
1411599600,2.57,2.57,2.5,2.5
1411686000,2.5,2.55,2.5,2.53
1411945200,2.538,2.538,2.48,2.48
1412031600,2.48,2.51,2.48,2.492
1412118000,2.49,2.51,2.39,2.39
1412204400,2.39,2.44,2.39,2.43
1412290800,2.43,2.48,2.43,2.43
1412550000,2.434,2.45,2.41,2.42
1412636400,2.42,2.43,2.34,2.34
1412722800,2.34,2.38,2.31,2.32
1412809200,2.32,2.34,2.28,2.32
1412895600,2.31,2.333,2.28,2.28
1413154800,2.286,2.286,2.286,2.286
1413241200,2.286,2.3,2.18,2.2
1413327600,2.2,2.224,1.92,2.13
1413414000,2.14,2.1621,2,2.1515
1413500400,2.1515,2.216,2.1515,2.1918
1413759600,2.1953,2.4198,2.16,2.1847
1413846000,2.19,2.23,2.1724,2.22
1413932400,2.22,2.25,2.19,2.22
1414018800,2.22,2.3,2.2058,2.273
1414105200,2.27,2.28,2.23,2.27
1414364400,2.286,2.292,2.2463,2.26
1414450800,2.26,2.3,2.2551,2.3
1414537200,2.3,2.36,2.2853,2.32
1414623600,2.32,2.33,2.28,2.31
1414710000,2.31,2.36,2.2942,2.34
1414972800,2.3317,2.38,2.32,2.34
1415059200,2.34,2.35,2.31,2.33
1415145600,2.34,2.37,2.3227,2.34
1415232000,2.34,2.5,2.34,2.39
1415318400,2.39,2.39,2.3,2.3
1415577600,2.2994,2.36,2.29,2.36
1415664000,2.36,2.3604,2.3442,2.3604
1415750400,2.3604,2.3748,2.32,2.37
1415836800,2.37,2.373,2.34,2.34
1415923200,2.34,2.37,2.3187,2.32
1416182400,2.3187,2.35,2.29,2.34
1416268800,2.34,2.34,2.31,2.32
1416355200,2.32,2.36,2.3169,2.36
1416441600,2.36,2.36,2.31,2.3364
1416528000,2.34,2.35,2.309,2.31
1416787200,2.3099,2.34,2.3,2.31
1416873600,2.31,2.3135,2.26,2.26
1416960000,2.26,2.2623,2.23,2.25
1417046400,2.25,2.25,2.2447,2.2447
1417132800,2.2447,2.2447,2.17,2.19
1417392000,2.1728,2.24,2.15,2.213
1417478400,2.24,2.3,2.213,2.3
1417564800,2.29,2.3,2.2799,2.28
1417651200,2.28,2.29,2.24,2.24
1417737600,2.24,2.33,2.24,2.31
1417996800,2.3065,2.3225,2.25,2.26
1418083200,2.26,2.2693,2.19,2.21
1418169600,2.21,2.2252,2.16,2.17
1418256000,2.17,2.21,2.15,2.1778
1418342400,2.17,2.1778,2.08,2.08
1418601600,2.0869,2.1322,2.0869,2.12
1418688000,2.12,2.12,2,2.06
1418774400,2.06,2.15,2.0573,2.14
1418860800,2.14,2.22,2.1356,2.2163
1418947200,2.21,2.2287,2.16,2.16
1419206400,2.1881,2.19,2.1548,2.16
1419292800,2.16,2.27,2.1,2.27
1419379200,2.27,2.3,2.2116,2.27
1419465600,2.27,2.296,2.2641,2.2641
1419552000,2.2641,2.2641,2.24,2.25
1419811200,2.2516,2.2516,2.2,2.2
1419897600,2.2,2.2251,2.1668,2.19
1419984000,2.19,2.1915,2.17,2.17
1420070400,2.1721,2.1721,2.1703,2.1703
1420156800,2.1703,2.21,2.11,2.1263
1420416000,2.114,2.12,2.03,2.03
1420502400,2.0337,2.0337,1.8989,1.9384
1420588800,1.9384,2,1.9384,1.9694
1420675200,1.9694,2.03,1.9694,2.0196
1420761600,2.0196,2.02,1.95,1.9518
1421020800,1.9501,1.97,1.9,1.9087
1421107200,1.9087,1.94,1.88,1.9051
1421193600,1.9051,1.9051,1.79,1.8228
1421280000,1.8228,1.8744,1.7394,1.7394
1421366400,1.7394,1.84,1.7106,1.84
1421625600,1.8308,1.8308,1.8308,1.8308
1421712000,1.8308,1.8308,1.76,1.79
1421798400,1.8034,1.88,1.7794,1.858
1421884800,1.8752,1.94,1.82,1.87
1421971200,1.8785,1.8785,1.79,1.7994
1422230400,1.7994,1.84,1.7534,1.83
1422316800,1.8301,1.8301,1.75,1.8248
1422403200,1.8248,1.83,1.7,1.7207
1422489600,1.7207,1.78,1.7207,1.7631
1422576000,1.7631,1.7631,1.639,1.639
1422835200,1.639,1.71,1.639,1.6709
1422921600,1.6709,1.8,1.6709,1.778
1423008000,1.7983,1.85,1.74,1.75
1423094400,1.7828,2,1.7419,1.82
1423180800,1.817,1.96,1.8,1.941
1423440000,1.941,1.981,1.91,1.9793
1423526400,1.9793,2.01,1.9671,2
1423612800,2.002,2.02,1.98,1.99
1423699200,1.9879,2.04,1.96,1.99
1423785600,1.9827,2.05,1.9827,2.0469
1424044800,2.0469,2.0469,2.0469,2.0469
1424131200,2.0469,2.15,2.0139,2.1466
1424217600,2.1466,2.1466,2.05,2.0853
1424304000,2.0853,2.12,2.06,2.12
1424390400,2.1046,2.14,2.05,2.1152
1424649600,2.1152,2.12,2.06,2.0609
1424736000,2.0609,2.1,1.97,1.9826
1424822400,1.9826,2,1.96,1.97
1424908800,1.974,2.04,1.94,2.03
1424995200,2.0191,2.0452,1.99,2
1425254400,1.9965,2.1,1.9965,2.089
1425340800,2.089,2.13,2.0768,2.1224
1425427200,2.1224,2.13,2.09,2.1189
1425513600,2.1189,2.14,2.1,2.1243
1425600000,2.1243,2.26,2.11,2.2467
1425855600,2.2467,2.2467,2.19,2.19
1425942000,2.1987,2.204,2.12,2.1332
1426028400,2.1332,2.16,2.1,2.1086
1426114800,2.1086,2.12,2.05,2.0892
1426201200,2.1103,2.13,2.09,2.1157
1426460400,2.1157,2.1157,2.07,2.0752
1426546800,2.0752,2.0752,2.04,2.05
1426633200,2.0524,2.0524,1.91,1.9182
1426719600,1.9182,1.99,1.9026,1.972
1426806000,1.9703,1.9703,1.92,1.932
1427065200,1.932,1.932,1.91,1.91
1427151600,1.9146,2,1.87,1.8783
1427238000,1.8783,1.93,1.86,1.9285
1427324400,1.9285,2.01,1.9198,1.99
1427410800,1.9947,1.9947,1.95,1.951
1427670000,1.9597,1.97,1.94,1.95
1427756400,1.9527,1.97,1.92,1.9423
1427842800,1.9423,1.9423,1.8555,1.86
1427929200,1.8659,1.92,1.85,1.9109
1428015600,1.9109,1.9126,1.81,1.84
1428274800,1.8295,1.91,1.8295,1.9004
1428361200,1.9004,1.9212,1.88,1.88
1428447600,1.9108,1.92,1.88,1.8969
1428534000,1.8969,1.97,1.88,1.9578
1428620400,1.9578,1.96,1.9056,1.95
1428879600,1.9438,1.98,1.93,1.93
1428966000,1.9316,1.9316,1.86,1.8793
1429052400,1.8793,1.91,1.87,1.8949
1429138800,1.8949,1.93,1.87,1.8914
1429225200,1.8914,1.91,1.8497,1.87
1429484400,1.8497,1.9,1.8497,1.88
1429570800,1.8826,2,1.87,1.9105
1429657200,1.9105,1.99,1.89,1.98
1429743600,1.9858,1.9858,1.94,1.9647
1429830000,1.9647,1.9788,1.91,1.91
1430089200,1.9139,1.95,1.9086,1.92
1430175600,1.9261,2.01,1.92,1.9822
1430262000,2.0034,2.08,2,2.0334
1430348400,2.0458,2.11,2.0211,2.03
1430434800,2.0388,2.12,2.0388,2.1153
1430694000,2.1153,2.15,2.09,2.1458
1430780400,2.1458,2.2,2.12,2.1799
1430866800,2.1799,2.431,2.1799,2.431
1430953200,2.2522,2.2522,2.17,2.2106
1431039600,2.2106,2.2106,2.1,2.15
1431298800,2.1424,2.29,2.1,2.28
1431385200,2.2707,2.35,2.24,2.2598
1431471600,2.2598,2.3,2.2,2.2781
1431558000,2.2778,2.28,2.23,2.23
1431644400,2.2495,2.2495,2.13,2.15
1431903600,1.9139,2.24,1.9139,2.2003
1431990000,2.2003,2.3,2.2,2.29
1432076400,2.2886,2.2886,2.23,2.25
1432162800,2.2691,2.2691,2.18,2.19
1432249200,2.1915,2.23,2.17,2.22
1432508400,2.2145,2.2145,2.2145,2.2145
1432594800,2.2145,2.2145,2.13,2.14
1432681200,2.1354,2.17,2.13,2.14
1432767600,2.1302,2.15,2.12,2.14
1432854000,2.1337,2.1337,2.09,2.12
1433113200,2.1232,2.2,2.11,2.18
1433199600,2.1776,2.28,2.1776,2.266
1433286000,2.266,2.39,2.266,2.36
1433372400,2.3624,2.3624,2.3,2.31
1433458800,2.3088,2.4202,2.3088,2.4076
1433718000,2.4076,2.4076,2.37,2.3878
1433804400,2.3878,2.442,2.38,2.44
1433890800,2.4185,2.49,2.4185,2.48
1433977200,2.4802,2.4802,2.38,2.3808
1434063600,2.3808,2.4026,2.35,2.39
1434322800,2.39,2.39,2.32,2.3595
1434409200,2.3595,2.36,2.31,2.3236
1434495600,2.3093,2.39,2.3,2.3183
1434582000,2.3183,2.38,2.29,2.33
1434668400,2.3363,2.3363,2.26,2.2702
1434927600,2.2612,2.38,2.2612,2.37
1435014000,2.3634,2.43,2.3634,2.3833
1435100400,2.3833,2.4,2.37,2.37
1435186800,2.3961,2.42,2.36,2.39
1435273200,2.4016,2.49,2.3308,2.4763
1435532400,2.3206,2.41,2.31,2.33
1435618800,2.353,2.38,2.31,2.3441
1435705200,2.3495,2.44,2.3495,2.43
1435791600,2.4201,2.46,2.36,2.39
1435878000,2.366,2.4219,2.366,2.3859
1436137200,2.3859,2.3859,2.28,2.29
1436223600,2.285,2.303,2.19,2.2546
1436310000,2.2546,2.2546,2.1975,2.1975
1436396400,2.1975,2.32,2.1975,2.3013
1436482800,2.3013,2.42,2.3013,2.361
1436742000,2.361,2.46,2.361,2.45
1436828400,2.4538,2.4538,2.39,2.4065
1436914800,2.4065,2.412,2.35,2.35
1437001200,2.3539,2.4,2.34,2.3558
1437087600,2.3558,2.37,2.34,2.3415
1437346800,2.3415,2.39,2.3415,2.3723
1437433200,2.3723,2.4,2.33,2.33
1437519600,2.3307,2.34,2.3,2.32
1437606000,2.3235,2.34,2.27,2.2929
1437692400,2.2929,2.2929,2.26,2.26
1437951600,2.2624,2.2624,2.21,2.22
1438038000,2.2211,2.2642,2.2211,2.2481
1438124400,2.2481,2.29,2.2481,2.29
1438210800,2.3,2.31,2.26,2.26
1438297200,2.26,2.26,2.18,2.18
1438556400,2.2,2.2,2.14,2.15
1438642800,2.17,2.23,2.17,2.22
1438729200,2.24,2.29,2.22,2.27
1438815600,2.27,2.28,2.22,2.23
1438902000,2.21,2.25,2.17,2.17
1439161200,2.2,2.24,2.2,2.23
1439247600,2.17,2.18,2.12,2.14
1439334000,2.1,2.15,2.08,2.15
1439420400,2.16,2.2,2.15,2.19
1439506800,2.17,2.21,2.17,2.2
1439766000,2.18,2.19,2.15,2.17
1439852400,2.17,2.2,2.17,2.19
1439938800,2.19,2.23,2.12,2.13
1440025200,2.1,2.12,2.07,2.07
1440111600,2.08,2.08,2.03,2.04
1440370800,1.97,2.04,1.92,2.01
1440457200,2.08,2.13,2.05,2.07
1440543600,2.12,2.19,2.11,2.18
1440630000,2.17,2.21,2.16,2.19
1440716400,2.16,2.19,2.13,2.18
1440975600,2.16,2.22,2.14,2.22
1441062000,2.17,2.19,2.15,2.15
1441148400,2.16,2.19,2.16,2.19
1441234800,2.18,2.19,2.15,2.16
1441321200,2.14,2.16,2.12,2.13
1441666800,2.16,2.2,2.16,2.18
1441753200,2.23,2.25,2.18,2.2
1441839600,2.21,2.23,2.19,2.23
1441926000,2.2,2.2,2.17,2.19
1442185200,2.1884,2.2,2.16,2.1862
1442271600,2.1857,2.295,2.1699,2.2888
1442358000,2.2831,2.3052,2.26,2.2996
1442444400,2.294,2.3007,2.1885,2.1912
1442530800,2.1956,2.1992,2.1277,2.1333
1442790000,2.1496,2.22,2.1401,2.2024
1442876400,2.203,2.203,2.1154,2.134
1442962800,2.1354,2.1722,2.1306,2.1514
1443049200,2.1479,2.1593,2.08,2.1343
1443135600,2.1541,2.1982,2.1377,2.1688
1443394800,2.1463,2.1702,2.09,2.0984
1443481200,2.0984,2.12,2.0438,2.0574
1443567600,2.0614,2.1053,2.0337,2.0346
1443654000,2.0403,2.0683,2.01,2.0417
1443740400,2.0385,2.0627,1.9059,2.0041
1443999600,1.985,2.0635,1.978,2.059
1444086000,2.0588,2.08,2.03,2.035
1444172400,2.0333,2.09,2.0333,2.0763
1444258800,2.0699,2.1225,2.0353,2.1104
1444345200,2.1022,2.14,2.0804,2.0939
1444690800,2.0633,2.08,2.0386,2.0505
1444777200,2.0457,2.0504,1.97,1.9762
1444863600,1.9823,2.03,1.9735,2.0208
1444950000,2.0303,2.04,2,2.0385
1445209200,2.0369,2.06,2.02,2.0239
1445295600,2.0228,2.081,2.0175,2.071
1445382000,2.0635,2.0688,2.0175,2.0281
1445468400,2.0281,2.054,2.0049,2.0288
1445554800,2.0281,2.0991,2.0281,2.086
1445814000,2.0742,2.0881,2.0517,2.0584
1445900400,2.0564,2.0609,2.0091,2.0396
1445986800,2.0396,2.1054,2.0293,2.1029
1446073200,2.1,2.1812,2.0822,2.1725
1446159600,2.1734,2.1841,2.14,2.1448
1446422400,2.1354,2.19,2.1311,2.172
1446508800,2.1727,2.2259,2.1681,2.2173
1446595200,2.213,2.2432,2.1982,2.2291
1446681600,2.2304,2.2626,2.2202,2.2354
1446768000,2.2373,2.35,2.22,2.3273
1447027200,2.3445,2.38,2.3257,2.346
1447113600,2.3477,2.3522,2.31,2.3434
1447286400,2.3051,2.3432,2.2957,2.3137
1447372800,2.3189,2.3219,2.2654,2.2659
1447632000,2.2412,2.28,2.24,2.2693
1447718400,2.2785,2.3137,2.2477,2.2677
1447804800,2.2759,2.3,2.2611,2.2752
1447891200,2.2785,2.2785,2.23,2.2506
1447977600,2.2557,2.2666,2.23,2.2645
1448236800,2.264,2.3,2.239,2.2407
1448323200,2.2421,2.2508,2.2066,2.2416
1448409600,2.2495,2.25,2.22,2.2363
1448582400,2.2218,2.23,2.2034,2.22
1448841600,2.2258,2.2464,2.206,2.2095
1448928000,2.2157,2.24,2.14,2.1466
1449014400,2.1562,2.2007,2.1448,2.1824
1449100800,2.1867,2.3504,2.1789,2.3167
1449187200,2.3127,2.354,2.26,2.2707
1449446400,2.2879,2.295,2.2068,2.2332
1449532800,2.2341,2.2451,2.1993,2.2209
1449619200,2.2283,2.2724,2.1993,2.2186
1449705600,2.2208,2.242,2.2068,2.234
1449792000,2.2393,2.242,2.12,2.1257
1450051200,2.1606,2.2323,2.1383,2.2243
1450137600,2.2217,2.29,2.2067,2.2707
1450224000,2.2711,2.3297,2.2579,2.2977
1450310400,2.2853,2.2977,2.22,2.2274
1450396800,2.2305,2.2384,2.1781,2.2049
1450656000,2.2075,2.2256,2.1732,2.1943
1450742400,2.1956,2.24,2.1846,2.2375
1450828800,2.2384,2.28,2.2357,2.257
1450915200,2.2587,2.2654,2.24,2.25
1451260800,2.2499,2.2721,2.21,2.2322
1451347200,2.2339,2.32,2.222,2.3081
1451433600,2.3068,2.3242,2.2867,2.2952
1451520000,2.2943,2.3046,2.2658,2.27
1451865600,2.2503,2.2525,2.2,2.2454
1451952000,2.2419,2.2641,2.2237,2.2383
1452038400,2.2357,2.2445,2.1689,2.1729
1452124800,2.1843,2.2011,2.1196,2.1482
1452211200,2.1565,2.2139,2.11,2.1165
1452470400,2.1191,2.1776,2.1173,2.1772
1452556800,2.1754,2.2,2.0822,2.1041
1452643200,2.119,2.1507,2.04,2.0953
1452729600,2.0909,2.1216,2.0485,2.0918
1452816000,2.1005,2.1036,1.9895,2.0378
1453161600,2.053,2.0872,2.02,2.057
1453248000,2.0561,2.0561,1.9391,1.9859
1453334400,1.995,2.04,1.9572,2.0311
1453420800,2.035,2.09,2.0141,2.0554
1453680000,2.061,2.0641,2.0038,2.0047
1453766400,2.0047,2.03,1.9646,1.9977
1453852800,1.989,2.0526,1.9833,2.002
1453939200,1.9959,2.0368,1.97,1.981
1454025600,1.9862,1.9919,1.91,1.9226
1454284800,1.9156,1.97,1.9065,1.9516
1454371200,1.9429,1.9533,1.8465,1.8478
1454457600,1.8526,1.896,1.7946,1.8895
1454544000,1.8843,1.911,1.84,1.8442
1454630400,1.8489,1.8965,1.8279,1.8374
1454889600,1.79,1.81,1.73,1.7478
1454976000,1.747,1.7673,1.6841,1.729
1455062400,1.7366,1.7736,1.6698,1.6707
1455148800,1.54,1.67,1.54,1.6625
1455235200,1.6625,1.76,1.6484,1.7533
1455580800,1.78,1.8,1.76,1.78
1455667200,1.7961,1.85,1.7957,1.8186
1455753600,1.8108,1.83,1.7366,1.7409
1455840000,1.7405,1.7846,1.7203,1.747
1456099200,1.7716,1.7846,1.75,1.7548
1456185600,1.7578,1.8137,1.7152,1.7247
1456272000,1.7212,1.7557,1.6476,1.7501
1456358400,1.7544,1.7631,1.6788,1.7187
1456444800,1.7247,1.7827,1.7174,1.7654
1456704000,1.7425,1.77,1.7291,1.7373
1456790400,1.7386,1.8379,1.7029,1.8279
1456876800,1.8188,1.8725,1.804,1.8411
1456963200,1.8363,1.8642,1.8154,1.8367
1457049600,1.8367,1.903,1.8195,1.8789
1457308800,1.8873,1.92,1.8842,1.9079
1457395200,1.911,1.911,1.8,1.8305
1457481600,1.8309,1.9,1.8261,1.8791
1457568000,1.8791,1.954,1.8559,1.9341
1457654400,1.9345,1.9928,1.9169,1.9901
1457910000,1.9884,1.9884,1.94,1.9618
1457996400,1.9609,1.9764,1.916,1.9721
1458082800,1.9708,2.0019,1.9081,1.9129
1458169200,1.9134,1.9346,1.8554,1.8994
1458255600,1.8976,1.9042,1.8639,1.8767
1458514800,1.8785,1.9252,1.8688,1.9226
1458601200,1.9173,1.95,1.88,1.9465
1458687600,1.9439,1.9558,1.87,1.8817
1458774000,1.8778,1.91,1.85,1.91
1458860400,1.9,1.9,1.9,1.9
1459119600,1.9072,1.9174,1.8635,1.8895
1459206000,1.886,1.8984,1.8,1.8048
1459292400,1.8053,1.8615,1.8053,1.825
1459378800,1.8439,1.8439,1.7687,1.7761
1459465200,1.7826,1.8116,1.76,1.7696
1459724400,1.7592,1.7915,1.7535,1.7627
1459810800,1.7618,1.7723,1.7166,1.7274
1459897200,1.7235,1.7741,1.7218,1.7584
1459983600,1.7584,1.7741,1.6646,1.6867
1460070000,1.688,1.74,1.6863,1.7206
1460329200,1.7206,1.7559,1.698,1.735
1460415600,1.728,1.7853,1.7263,1.7831
1460502000,1.7761,1.7994,1.7569,1.7669
1460588400,1.7639,1.8038,1.7525,1.7933
1460674800,1.7937,1.8025,1.74,1.757
1460934000,1.7256,1.79,1.7252,1.7719
1461020400,1.7719,1.8062,1.77,1.7886
1461106800,1.786,1.8583,1.7532,1.8517
1461193200,1.8477,1.8907,1.8331,1.8668
1461279600,1.861,1.8971,1.8497,1.894
1461538800,1.879,1.919,1.8648,1.915
1461625200,1.9163,1.9418,1.8924,1.9324
1461711600,1.9316,1.9316,1.85,1.8543
1461798000,1.8534,1.8721,1.8132,1.8291
1461884400,1.826,1.874,1.816,1.8364
1462143600,1.8227,1.8777,1.81,1.8746
1462230000,1.8462,1.8467,1.78,1.8011
1462316400,1.7998,1.82,1.77,1.7796
1462402800,1.7761,1.8101,1.7357,1.7515
1462489200,1.7506,1.7863,1.709,1.785
1462748400,1.7895,1.7921,1.7472,1.7516
1462834800,1.7446,1.7767,1.7446,1.7618
1462921200,1.7631,1.7701,1.72,1.7394
1463007600,1.7224,1.7667,1.7202,1.7563
1463094000,1.7499,1.7628,1.7,1.7018
1463353200,1.7027,1.76,1.6932,1.7572
1463439600,1.7576,1.7801,1.7374,1.7801
1463526000,1.7706,1.8861,1.7633,1.8578
1463612400,1.8547,1.883,1.83,1.853
1463698800,1.8504,1.87,1.8369,1.8414
1463958000,1.8768,1.8768,1.8193,1.8363
1464044400,1.8358,1.8804,1.8232,1.8646
1464130800,1.8638,1.8817,1.8494,1.8721
1464217200,1.8699,1.8717,1.82,1.8312
1464303600,1.8299,1.86,1.8231,1.86
1464649200,1.8755,1.8909,1.83,1.8485
1464735600,1.8493,1.8581,1.8058,1.8376
1464822000,1.8372,1.8411,1.7963,1.8028
1464908400,1.7998,1.8137,1.6987,1.7009
1465167600,1.7341,1.7414,1.6974,1.7397
1465254000,1.7384,1.7458,1.7,1.7203
1465340400,1.7177,1.7272,1.6975,1.7052
1465426800,1.7022,1.7177,1.66,1.6884
1465513200,1.6867,1.6915,1.6267,1.6434
1465772400,1.6305,1.6417,1.6087,1.6143
1465858800,1.6113,1.6254,1.5686,1.6155
1465945200,1.6147,1.6378,1.57,1.5775
1466031600,1.5737,1.5814,1.5184,1.5796
1466118000,1.5779,1.6215,1.5779,1.6125
1466377200,1.6593,1.6925,1.6438,1.6903
1466463600,1.6895,1.7124,1.66,1.7076
1466550000,1.7094,1.7111,1.68,1.6882
1466636400,1.6878,1.7645,1.6878,1.7641
1466722800,1.7449,1.761,1.4106,1.5577
1466982000,1.5241,1.5262,1.4369,1.4411
1467068400,1.4394,1.4833,1.428,1.4689
1467154800,1.4655,1.5219,1.4545,1.5219
1467241200,1.5181,1.5466,1.454,1.4739
1467327600,1.4731,1.4815,1.3831,1.4458
1467586800,1.4559,1.4559,1.4432,1.4432
1467673200,1.4424,1.4432,1.357,1.3796
1467759600,1.3767,1.3947,1.3218,1.3712
1467846000,1.372,1.4233,1.3561,1.3883
1467932400,1.3875,1.4337,1.3489,1.3592
1468191600,1.3629,1.4362,1.3578,1.4332
1468278000,1.4341,1.5309,1.4218,1.5126
1468364400,1.5109,1.5143,1.4594,1.4768
1468450800,1.4743,1.5519,1.4615,1.5369
1468537200,1.5373,1.6021,1.5177,1.5518
1468796400,1.5578,1.6046,1.5574,1.5823
1468882800,1.5853,1.5853,1.5393,1.5539
1468969200,1.5543,1.5964,1.5466,1.584
1469055600,1.5844,1.6271,1.5547,1.5586
1469142000,1.5474,1.6003,1.5376,1.5714
1469401200,1.5753,1.5936,1.5541,1.5757
1469487600,1.5701,1.5886,1.5383,1.5624
1469574000,1.568,1.5917,1.4993,1.501
1469660400,1.5002,1.5366,1.4925,1.507
1469746800,1.5096,1.5645,1.4497,1.4548
1470006000,1.4586,1.527,1.4582,1.527
1470092400,1.5257,1.5726,1.5129,1.5571
1470178800,1.5549,1.5722,1.5295,1.5446
1470265200,1.5454,1.5579,1.4854,1.5042
1470351600,1.5051,1.5928,1.4878,1.592
1470610800,1.6032,1.6167,1.5734,1.5933
1470697200,1.5928,1.5993,1.5363,1.5492
1470783600,1.5505,1.5505,1.5006,1.5096
1470870000,1.5101,1.5776,1.5042,1.5627
1470956400,1.5601,1.5656,1.4802,1.5165
1471215600,1.5084,1.5618,1.5,1.5593
1471302000,1.5576,1.5882,1.5156,1.5789
1471388400,1.5746,1.59,1.5377,1.5525
1471474800,1.5525,1.567,1.5254,1.5372
1471561200,1.5356,1.5935,1.5356,1.5811
1471820400,1.5995,1.6037,1.536,1.5458
1471906800,1.5424,1.5722,1.5279,1.5496
1471993200,1.5517,1.5696,1.5437,1.5632
1472079600,1.562,1.5837,1.5505,1.5765
1472166000,1.5769,1.6365,1.5301,1.6352
1472425200,1.6305,1.6331,1.5595,1.5595
1472511600,1.562,1.5954,1.5608,1.5689
1472598000,1.568,1.5881,1.5544,1.5817
1472684400,1.5843,1.6211,1.5561,1.5723
1472770800,1.5681,1.6238,1.5455,1.6007
1473116400,1.6058,1.6209,1.5323,1.5348
1473202800,1.5357,1.5498,1.5191,1.5425
1473289200,1.5408,1.6205,1.5293,1.5999
1473375600,1.5973,1.6845,1.5934,1.6845
1473634800,1.6745,1.6979,1.6598,1.6655
1473721200,1.6637,1.7515,1.637,1.7306
1473807600,1.7289,1.7441,1.6811,1.6985
1473894000,1.6993,1.7342,1.666,1.6951
1473980400,1.6925,1.7043,1.6592,1.6926
1474239600,1.6926,1.7179,1.6788,1.717
1474326000,1.717,1.717,1.668,1.6918
1474412400,1.6901,1.7349,1.6524,1.6546
1474498800,1.6528,1.6568,1.608,1.6235
1474585200,1.6183,1.6335,1.6063,1.6227
1474844400,1.6167,1.6206,1.574,1.5891
1474930800,1.5822,1.6068,1.547,1.559
1475017200,1.559,1.5823,1.5427,1.5758
1475103600,1.5719,1.6012,1.5432,1.5625
1475190000,1.5556,1.6169,1.5359,1.5979
1475449200,1.5996,1.629,1.5936,1.6251
1475535600,1.6256,1.6921,1.6122,1.6894
1475622000,1.6873,1.731,1.6703,1.7139
1475708400,1.7039,1.7464,1.6926,1.7376
1475794800,1.7389,1.7646,1.7181,1.7273
1476140400,1.7655,1.7823,1.7454,1.7704
1476226800,1.7656,1.8018,1.7603,1.7718
1476313200,1.7727,1.7727,1.7279,1.7473
1476399600,1.7446,1.8061,1.7446,1.8048
1476658800,1.8031,1.8146,1.7581,1.7678
1476745200,1.7678,1.7872,1.7392,1.741
1476831600,1.737,1.7701,1.7296,1.7494
1476918000,1.745,1.7675,1.7253,1.7622
1477004400,1.7583,1.7609,1.7325,1.7378
1477263600,1.74,1.7753,1.7246,1.7674
1477350000,1.7665,1.7878,1.7427,1.759
1477436400,1.7595,1.7971,1.7424,1.7949
1477522800,1.7931,1.8701,1.7918,1.8541
1477609200,1.8527,1.8785,1.8334,1.8499
1477868400,1.8415,1.854,1.825,1.8268
1477954800,1.8255,1.88,1.8127,1.8314
1478041200,1.8282,1.8305,1.7755,1.8083
1478127600,1.8043,1.8324,1.7889,1.8151
1478214000,1.8142,1.8229,1.7705,1.7758
1478476800,1.8314,1.8345,1.8083,1.831
1478563200,1.8261,1.8762,1.8075,1.857
1478649600,1.8619,2.0891,1.7171,2.0635
1478736000,2.0425,2.1558,1.9926,2.1523
1478822400,2.1518,2.1518,2.1518,2.1518
1479081600,2.176,2.3064,2.1699,2.2628
1479168000,2.2526,2.2543,2.1822,2.226
1479254400,2.2247,2.2994,2.2039,2.2238
1479340800,2.2101,2.3102,2.1876,2.3013
1479427200,2.329,2.3674,2.2685,2.3634
1479686400,2.3594,2.3594,2.3034,2.3137
1479772800,2.3096,2.337,2.2865,2.3155
1479859200,2.3164,2.4174,2.2946,2.352
1480032000,2.3829,2.4146,2.3509,2.3599
1480291200,2.3519,2.3528,2.311,2.3155
1480377600,2.311,2.3506,2.2914,2.2945
1480464000,2.2981,2.4085,2.2923,2.3882
1480550400,2.3986,2.4923,2.3787,2.4545
1480636800,2.4458,2.449,2.375,2.3908
1480896000,2.38,2.4495,2.3403,2.3995
1480982400,2.4022,2.404,2.3761,2.3928
1481068800,2.3978,2.4028,2.3414,2.3423
1481155200,2.3486,2.4252,2.3396,2.4143
1481241600,2.4134,2.478,2.3978,2.4638
1481500800,2.4904,2.5276,2.4667,2.4767
1481587200,2.4712,2.4961,2.4376,2.4759
1481673600,2.4732,2.5846,2.4236,2.5795
1481760000,2.5675,2.6422,2.5653,2.6051
1481846400,2.6051,2.6204,2.5533,2.5935
1482105600,2.5908,2.5955,2.5299,2.5432
1482192000,2.5432,2.591,2.5386,2.5595
1482278400,2.5655,2.5776,2.5366,2.5371
1482364800,2.5375,2.5774,2.5292,2.5547
1482451200,2.5552,2.5589,2.5276,2.5405
1482796800,2.5536,2.5772,2.5291,2.5642
1482883200,2.5688,2.5688,2.503,2.5112
1482969600,2.5112,2.514,2.4608,2.4773
1483056000,2.4792,2.4893,2.4324,2.4503
1483401600,2.4481,2.518,2.4385,2.4481
1483488000,2.4573,2.4789,2.4331,2.44
1483574400,2.439,2.4529,2.3443,2.3489
1483660800,2.3552,2.4257,2.3359,2.423
1483920000,2.4185,2.4332,2.3651,2.371
1484006400,2.3729,2.393,2.3619,2.3775
1484092800,2.3839,2.3981,2.3289,2.374
1484179200,2.363,2.3686,2.3072,2.364
1484265600,2.3668,2.4312,2.3334,2.3964
1484524800,2.3965,2.3965,2.3965,2.3965
1484611200,2.3809,2.3841,2.3067,2.3326
1484697600,2.3335,2.4452,2.3308,2.4388
1484784000,2.4286,2.496,2.414,2.4748
1484870400,2.4766,2.514,2.4508,2.4687
1485129600,2.4338,2.4757,2.3806,2.4007
1485216000,2.4062,2.4731,2.3865,2.468
1485302400,2.4588,2.5362,2.4505,2.5135
1485388800,2.5153,2.5545,2.5006,2.5108
1485475200,2.5145,2.5298,2.4802,2.4862
1485734400,2.4807,2.4979,2.4632,2.4928
1485820800,2.4872,2.5012,2.4328,2.454
1485907200,2.4614,2.5167,2.4614,2.4754
1485993600,2.4801,2.4847,2.433,2.4765
1486080000,2.483,2.5019,2.4278,2.4704
1486339200,2.4714,2.476,2.4063,2.4123
1486425600,2.4123,2.441,2.3678,2.3967
1486512000,2.4004,2.4027,2.3267,2.3427
1486598400,2.3283,2.4033,2.327,2.3993
1486684800,2.4011,2.4336,2.3984,2.4118
1486944000,2.4278,2.4519,2.4184,2.443
1487030400,2.4385,2.5031,2.4287,2.4725
1487116800,2.4797,2.5238,2.4676,2.4959
1487203200,2.5004,2.5004,2.4386,2.452
1487289600,2.4619,2.4655,2.4004,2.4191
1487635200,2.4379,2.4617,2.4138,2.4361
1487721600,2.4379,2.4558,2.392,2.4165
1487808000,2.4187,2.421,2.372,2.3738
1487894400,2.3818,2.3849,2.3037,2.3046
1488153600,2.3241,2.3721,2.3188,2.3694
1488240000,2.3685,2.4006,2.3365,2.3908
1488326400,2.4149,2.4706,2.3984,2.4553
1488412800,2.4648,2.5058,2.4526,2.4806
1488499200,2.4851,2.5214,2.4711,2.4861
1488758400,2.479,2.5083,2.4587,2.5015
1488844800,2.4979,2.5215,2.492,2.5197
1488931200,2.5251,2.5829,2.5075,2.5633
1489017600,2.5624,2.6117,2.5579,2.6108
1489104000,2.6135,2.6245,2.5736,2.5846
1489359600,2.5837,2.6322,2.5591,2.6304
1489446000,2.6258,2.6314,2.5884,2.6039
1489532400,2.6021,2.6039,2.4912,2.4912
1489618800,2.4957,2.5484,2.4876,2.5475
1489705200,2.5402,2.5475,2.4896,2.5105
1489964400,2.5051,2.5137,2.4621,2.4653
1490050800,2.4607,2.4993,2.4157,2.4193
1490137200,2.4175,2.4252,2.3749,2.4104
1490223600,2.4077,2.4379,2.3875,2.4248
1490310000,2.4221,2.4389,2.3939,2.415
1490569200,2.3809,2.3863,2.3482,2.3818
1490655600,2.3764,2.425,2.3576,2.4205
1490742000,2.4196,2.43,2.3783,2.3837
1490828400,2.3783,2.4256,2.3752,2.4197
1490914800,2.4206,2.4334,2.3811,2.3838
1491174000,2.3982,2.4059,2.3202,2.3229
1491260400,2.3229,2.3677,2.3144,2.3641
1491346800,2.3632,2.3825,2.3265,2.339
1491433200,2.3381,2.3691,2.3274,2.3453
1491519600,2.3408,2.3867,2.2748,2.3867
1491778800,2.385,2.3962,2.3476,2.3715
1491865200,2.3679,2.3679,2.2917,2.2989
1491951600,2.2989,2.3132,2.2356,2.241
1492038000,2.2392,2.2726,2.2192,2.2383
1492124400,2.2338,2.2338,2.2338,2.2338
1492383600,2.2001,2.261,2.1992,2.2561
1492470000,2.2561,2.2614,2.1647,2.1665
1492556400,2.1824,2.2254,2.1757,2.2152
1492642800,2.2169,2.2574,2.201,2.2374
1492729200,2.232,2.2521,2.2089,2.2374
1492988400,2.3223,2.3246,2.2655,2.2757
1493074800,2.2748,2.3439,2.2681,2.334
1493161200,2.3349,2.3498,2.3017,2.308
1493247600,2.3071,2.3219,2.2825,2.2986
1493334000,2.2963,2.3355,2.265,2.2722
1493593200,2.2785,2.3378,2.2758,2.3193
1493679600,2.3198,2.3414,2.2812,2.2856
1493766000,2.2803,2.3274,2.2789,2.3207
1493852400,2.3198,2.3694,2.3198,2.3568
1493938800,2.3577,2.3813,2.3383,2.3478
1494198000,2.3614,2.395,2.3293,2.394
1494284400,2.3886,2.4159,2.3782,2.4004
1494370800,2.3995,2.4205,2.3683,2.4187
1494457200,2.4042,2.4228,2.3882,2.3913
1494543600,2.39,2.3935,2.3218,2.3275
1494802800,2.3239,2.3516,2.3222,2.345
1494889200,2.345,2.3613,2.3077,2.3301
1494975600,2.3274,2.3274,2.213,2.2225
1495062000,2.226,2.2526,2.1821,2.2347
1495148400,2.2329,2.2607,2.2255,2.2389
1495407600,2.2441,2.2598,2.238,2.2555
1495494000,2.2555,2.2904,2.2267,2.2887
1495580400,2.2843,2.2983,2.2471,2.2563
1495666800,2.2519,2.2702,2.2444,2.2597
1495753200,2.2571,2.2606,2.2312,2.2478
1496098800,2.2482,2.2491,2.2081,2.2141
1496185200,2.2089,2.2337,2.1958,2.2115
1496271600,2.2063,2.2411,2.2063,2.2106
1496358000,2.2097,2.2254,2.1444,2.16
1496617200,2.1547,2.1886,2.1547,2.186
1496703600,2.1834,2.1834,2.1321,2.1477
1496790000,2.1469,2.1833,2.1459,2.1781
1496876400,2.1763,2.2155,2.1763,2.1815
1496962800,2.1893,2.2294,2.1684,2.2005
1497222000,2.2114,2.2245,2.1865,2.2206
1497308400,2.2136,2.2271,2.2013,2.2144
1497394800,2.2127,2.2149,2.1035,2.1247
1497481200,2.1273,2.1737,2.1234,2.1707
1497567600,2.1655,2.1798,2.1444,2.1549
1497826800,2.1583,2.1958,2.14,2.1923
1497913200,2.1914,2.2019,2.153,2.1626
1497999600,2.1591,2.1782,2.1447,2.1643
1498086000,2.1634,2.1669,2.1394,2.1503
1498172400,2.1494,2.1689,2.1423,2.1484
1498431600,2.1457,2.1631,2.1226,2.1387
1498518000,2.1396,2.2152,2.126,2.2086
1498604400,2.2095,2.2582,2.195,2.2296
1498690800,2.2296,2.2975,2.2213,2.2701
1498777200,2.2684,2.3094,2.2634,2.3054
1499036400,2.3178,2.3543,2.2899,2.3512
1499122800,2.3481,2.3481,2.3481,2.3481
1499209200,2.3481,2.3574,2.3214,2.3249
1499295600,2.3232,2.3909,2.3218,2.3704
1499382000,2.3677,2.3981,2.3654,2.3909
1499641200,2.39,2.395,2.3641,2.3802
1499727600,2.3748,2.3963,2.3538,2.3641
1499814000,2.3641,2.3641,2.3021,2.3239
1499900400,2.3222,2.3654,2.3057,2.3471
1499986800,2.3462,2.3587,2.2781,2.3373
1500246000,2.3355,2.3373,2.3007,2.3185
1500332400,2.3167,2.3167,2.2572,2.2652
1500418800,2.2598,2.2824,2.2572,2.2731
1500505200,2.2713,2.2762,2.2381,2.2687
1500591600,2.2607,2.2722,2.2265,2.2437
1500850800,2.234,2.2623,2.23,2.2579
1500937200,2.2561,2.3416,2.2486,2.3399
1501023600,2.3381,2.3407,2.2787,2.2907
1501110000,2.2881,2.3287,2.2756,2.3086
1501196400,2.3121,2.3371,2.2871,2.2898
1501455600,2.288,2.3058,2.275,2.3004
1501542000,2.2969,2.3219,2.2514,2.2577
1501628400,2.255,2.2835,2.2439,2.2745
1501714800,2.271,2.271,2.2185,2.2256
1501801200,2.223,2.2896,2.2199,2.2637
1502060400,2.2753,2.2847,2.253,2.2593
1502146800,2.2548,2.2909,2.2539,2.2601
1502233200,2.2637,2.2637,2.213,2.2494
1502319600,2.25,2.257,2.198,2.2028
1502406000,2.1975,2.222,2.1845,2.1949
1502665200,2.1984,2.2285,2.1962,2.222
1502751600,2.222,2.2843,2.2202,2.2781
1502838000,2.2746,2.286,2.2215,2.2298
1502924400,2.2255,2.2478,2.1835,2.1905
1503010800,2.1888,2.2119,2.1643,2.2001
1503270000,2.2097,2.2132,2.1769,2.1834
1503356400,2.1843,2.2197,2.1826,2.2166
1503442800,2.214,2.2241,2.166,2.1686
1503529200,2.1668,2.2017,2.1668,2.1991
1503615600,2.1956,2.2039,2.1628,2.1702
1503874800,2.172,2.1807,2.1162,2.1162
1503961200,2.1571,2.1571,2.0872,2.1332
1504047600,2.1292,2.1549,2.1292,2.1353
1504134000,2.1336,2.1553,2.1183,2.1196
1504220400,2.1292,2.1744,2.1008,2.1727
1504479600,2.1674,2.1674,2.1674,2.1674
1504566000,2.1517,2.1609,2.0587,2.0596
1504652400,2.0596,2.1107,2.0566,2.1064
1504738800,2.1055,2.1072,2.034,2.0396
1504825200,2.0387,2.0741,2.018,2.0524
1505084400,2.0719,2.1371,2.0706,2.1332
1505170800,2.1323,2.1786,2.1245,2.169
1505257200,2.169,2.2006,2.155,2.1905
1505343600,2.19,2.2265,2.1847,2.1874
1505430000,2.1865,2.2133,2.1768,2.2067
1505689200,2.2067,2.2375,2.2049,2.2322
1505775600,2.2305,2.2517,2.2137,2.2481
1505862000,2.2481,2.2893,2.2238,2.2694
1505948400,2.2747,2.2853,2.2459,2.2836
1506034800,2.2782,2.2787,2.2406,2.2552
1506294000,2.2561,2.2654,2.2141,2.2242
1506380400,2.2225,2.2472,2.2145,2.2392
1506466800,2.2375,2.3183,2.2331,2.3174
1506553200,2.3112,2.3581,2.3023,2.313
1506639600,2.3068,2.3394,2.2961,2.3363
1506898800,2.3452,2.3735,2.318,2.3435
1506985200,2.3426,2.3659,2.322,2.3265
1507071600,2.3211,2.348,2.3019,2.3265
1507158000,2.3247,2.3592,2.3202,2.3525
1507244400,2.3489,2.4012,2.3462,2.3652
1507503600,2.3696,2.3697,2.3696,2.3697
1507590000,2.3661,2.3733,2.319,2.3652
1507676400,2.3598,2.3674,2.3324,2.3526
1507762800,2.3499,2.3517,2.319,2.3248
1507849200,2.3195,2.3343,2.2735,2.281
1508108400,2.2927,2.3133,2.2793,2.3061
1508194800,2.3043,2.3294,2.2976,2.3016
1508281200,2.2998,2.3528,2.2963,2.351
1508367600,2.3438,2.3478,2.2985,2.3241
1508454000,2.3205,2.3917,2.3178,2.3854
1508713200,2.3917,2.399,2.3633,2.371
1508799600,2.3682,2.4276,2.3646,2.4226
1508886000,2.4162,2.4763,2.414,2.4344
1508972400,2.4344,2.47,2.4104,2.4663
1509058800,2.4636,2.4793,2.4092,2.4101
1509318000,2.4092,2.4156,2.3666,2.3748
1509404400,2.3703,2.3866,2.3585,2.383
1509490800,2.3766,2.4025,2.3491,2.3721
1509577200,2.373,2.3817,2.3365,2.3496
1509663600,2.3487,2.3627,2.3253,2.3352
1509926400,2.3451,2.356,2.314,2.3172
1510012800,2.3217,2.342,2.3037,2.3181
1510099200,2.3082,2.3425,2.3046,2.3416
1510185600,2.3275,2.3478,2.3151,2.346
1510272000,2.3407,2.4064,2.3376,2.3993
1510531200,2.4011,2.41,2.3709,2.4046
1510617600,2.4037,2.4149,2.3717,2.3735
1510704000,2.3762,2.378,2.3195,2.3239
1510790400,2.3266,2.3816,2.3231,2.378
1510876800,2.3745,2.3789,2.3368,2.3444
1511136000,2.3408,2.3746,2.3249,2.371
1511222400,2.371,2.3755,2.3351,2.3577
1511308800,2.355,2.3764,2.3192,2.3267
1511395200,2.3187,2.3188,2.3187,2.3188
1511481600,2.3294,2.3538,2.3232,2.3414
1511740800,2.3427,2.3556,2.325,2.3303
1511827200,2.333,2.3423,2.3108,2.333
1511913600,2.3357,2.3958,2.3219,2.3917
1512000000,2.3882,2.4365,2.3815,2.4141
1512086400,2.4159,2.4223,2.3207,2.366
1512345600,2.4098,2.4138,2.3718,2.3803
1512432000,2.3794,2.3964,2.35,2.3518
1512518400,2.3589,2.3643,2.3132,2.3385
1512604800,2.3402,2.3764,2.3225,2.3643
1512691200,2.3777,2.3934,2.3617,2.3832
1512950400,2.3868,2.393,2.3542,2.3903
1513036800,2.3894,2.4213,2.3778,2.4083
1513123200,2.4011,2.4263,2.3439,2.3466
1513209600,2.3529,2.3891,2.3449,2.3556
1513296000,2.3574,2.3793,2.3476,2.3601
1513555200,2.3718,2.404,2.3637,2.4004
1513641600,2.4013,2.473,2.3897,2.4626
1513728000,2.4599,2.5052,2.4478,2.5025
1513814400,2.4952,2.5035,2.479,2.4889
1513900800,2.4862,2.4923,2.4799,2.4837
1514246400,2.4983,2.4983,2.4584,2.4811
1514332800,2.4783,2.4811,2.4084,2.4206
1514419200,2.4242,2.4418,2.4179,2.4341
1514505600,2.4359,2.4411,2.4059,2.4099
1514851200,2.4118,2.4815,2.41,2.4669
1514937600,2.4724,2.4742,2.4403,2.4534
1515024000,2.4588,2.487,2.4494,2.4544
1515110400,2.4607,2.4854,2.435,2.4826
1515369600,2.4827,2.4913,2.4623,2.4809
1515456000,2.4841,2.5576,2.4804,2.5553
1515542400,2.5521,2.5986,2.5453,2.5595
1515628800,2.5577,2.5702,2.5271,2.5477
1515715200,2.5504,2.5921,2.5436,2.5507
1515974400,2.5481,2.5481,2.5481,2.5481
1516060800,2.5554,2.5623,2.5256,2.5407
1516147200,2.5371,2.5978,2.5334,2.5978
1516233600,2.5932,2.6288,2.5867,2.6284
1516320000,2.6256,2.6629,2.6134,2.6583
1516579200,2.663,2.6723,2.632,2.65
1516665600,2.6612,2.6612,2.6122,2.6159
1516752000,2.614,2.6637,2.6112,2.6493
1516838400,2.653,2.6768,2.6161,2.6207
1516924800,2.6262,2.6739,2.6202,2.6655
1517184000,2.66,2.7282,2.6554,2.7067
1517270400,2.7057,2.7349,2.683,2.7246
1517356800,2.7217,2.7533,2.6975,2.7125
1517443200,2.7275,2.8019,2.7205,2.7991
1517529600,2.7934,2.8544,2.7821,2.8411
1517788800,2.8507,2.885,2.6986,2.7121
1517875200,2.7328,2.8083,2.6664,2.8073
1517961600,2.8054,2.8606,2.7603,2.8416
1518048000,2.8104,2.8844,2.8077,2.8312
1518134400,2.8303,2.8644,2.7878,2.8557
1518393600,2.8494,2.8958,2.8285,2.863
1518480000,2.8575,2.8639,2.8226,2.8349
1518566400,2.8339,2.9209,2.8091,2.9085
1518652800,2.9113,2.9447,2.8817,2.9159
1518739200,2.9131,2.9159,2.8504,2.8841
1519084800,2.8941,2.9275,2.8841,2.8941
1519171200,2.8941,2.9574,2.8773,2.9528
1519257600,2.9509,2.9528,2.9038,2.9207
1519344000,2.9262,2.9381,2.8623,2.8696
1519603200,2.876,2.8769,2.8314,2.8687
1519689600,2.8637,2.9241,2.8496,2.8971
1519776000,2.9016,2.9135,2.8615,2.8642
1519862400,2.8688,2.8765,2.7992,2.8142
1519948800,2.8214,2.8707,2.7947,2.8648
1520208000,2.8497,2.8968,2.8201,2.8844
1520294400,2.8808,2.9087,2.8575,2.8945
1520380800,2.8602,2.8895,2.8466,2.8854
1520467200,2.8854,2.8937,2.848,2.8635
1520553600,2.8726,2.914,2.8658,2.8892
1520809200,2.9048,2.9135,2.8626,2.8709
1520895600,2.8681,2.8856,2.833,2.8435
1520982000,2.8444,2.8577,2.8007,2.8216
1521068400,2.818,2.8353,2.7988,2.8289
1521154800,2.8316,2.8596,2.8121,2.8518
1521414000,2.8509,2.8798,2.8335,2.8564
1521500400,2.8509,2.9023,2.8509,2.9005
1521586800,2.8968,2.9374,2.8743,2.8886
1521673200,2.883,2.8909,2.7989,2.8336
1521759600,2.8244,2.8529,2.7957,2.8172
1522018800,2.8227,2.8611,2.8172,2.8593
1522105200,2.8556,2.8611,2.7707,2.778
1522191600,2.7771,2.7917,2.7453,2.7844
1522278000,2.7844,2.7917,2.7393,2.7412
1522364400,2.7389,2.7389,2.7389,2.7389
1522623600,2.7598,2.7744,2.7171,2.7307
1522710000,2.7307,2.7903,2.7307,2.7744
1522796400,2.7798,2.8104,2.748,2.8082
1522882800,2.8063,2.8384,2.8054,2.8357
1522969200,2.8311,2.8329,2.7698,2.7789
1523228400,2.7853,2.8128,2.773,2.7863
1523314800,2.7799,2.8156,2.7794,2.8128
1523401200,2.8027,2.8091,2.7552,2.779
1523487600,2.7826,2.8436,2.773,2.8349
1523574000,2.8395,2.8492,2.8165,2.8303
1523833200,2.8469,2.8663,2.8271,2.8322
1523919600,2.8285,2.8497,2.8129,2.835
1524006000,2.8304,2.8783,2.8244,2.8756
1524092400,2.8737,2.934,2.8622,2.9135
1524178800,2.9117,2.9658,2.9057,2.9648
1524438000,2.9649,2.999,2.9621,2.9761
1524524400,2.9752,3.007,2.9579,3.0042
1524610800,3.0023,3.0362,2.9911,3.0306
1524697200,3.0277,3.0352,2.9814,2.9903
1524783600,2.9828,2.9908,2.9531,2.9577
1525042800,2.9615,2.9741,2.934,2.9522
1525129200,2.9522,2.9803,2.9513,2.9681
1525215600,2.9662,2.9977,2.9569,2.971
1525302000,2.9682,2.9766,2.9285,2.9495
1525388400,2.9486,2.9642,2.9123,2.9543
1525647600,2.9591,2.9628,2.9371,2.9581
1525734000,2.9516,2.9882,2.9465,2.9825
1525820400,2.9778,3.015,2.975,3.007
1525906800,2.9951,3.0011,2.9558,2.9668
1525993200,2.9622,2.9823,2.949,2.9704
1526252400,2.975,3.0056,2.9586,3.0038
1526338800,2.9997,3.0954,2.9969,3.076
1526425200,3.076,3.1047,3.0576,3.1019
1526511600,3.0982,3.1219,3.0876,3.1159
1526598000,3.1131,3.1293,3.0578,3.0651
1526857200,3.0698,3.0841,3.0541,3.0661
1526943600,3.0587,3.0818,3.0495,3.0643
1527030000,3.0634,3.0684,2.9903,2.9981
1527116400,2.9935,3.0151,2.9555,2.9807
1527202800,2.977,2.9972,2.9227,2.9313
1527548400,2.8985,2.9136,2.7598,2.781
1527634800,2.7765,2.889,2.7536,2.8586
1527721200,2.8568,2.8876,2.8224,2.8613
1527807600,2.8604,2.9268,2.8586,2.9067
1528066800,2.8958,2.9488,2.8958,2.9451
1528153200,2.9451,2.9451,2.9008,2.9305
1528239600,2.9241,2.9823,2.9241,2.9745
1528326000,2.9717,2.997,2.8885,2.9168
1528412400,2.9223,2.9525,2.8926,2.9498
1528671600,2.9489,2.97,2.9452,2.9571
1528758000,2.9553,2.9824,2.9461,2.9636
1528844400,2.9626,3.0064,2.9493,2.9691
1528930800,2.9663,2.9774,2.9292,2.9425
1529017200,2.9379,2.9406,2.8899,2.9251
1529276400,2.9214,2.9329,2.9018,2.9141
1529362800,2.9187,2.9187,2.8616,2.904
1529449200,2.8967,2.949,2.8839,2.9453
1529535600,2.937,2.9508,2.8912,2.9004
1529622000,2.8976,2.9279,2.8926,2.8958
1529881200,2.8885,2.8958,2.867,2.8848
1529967600,2.8839,2.9027,2.8666,2.8812
1530054000,2.8839,2.888,2.8237,2.8337
1530140400,2.8256,2.8547,2.8228,2.8456
1530226800,2.8383,2.8679,2.8323,2.8638
1530486000,2.8611,2.8784,2.8268,2.8766
1530572400,2.8684,2.8867,2.8309,2.8323
1530658800,2.8309,2.8309,2.8309,2.8309
1530745200,2.8309,2.867,2.8209,2.8318
1530831600,2.8336,2.8496,2.8113,2.8245
1531090800,2.8272,2.8628,2.8263,2.8619
1531177200,2.8601,2.8757,2.8519,2.856
1531263600,2.8354,2.8651,2.829,2.8518
1531350000,2.8473,2.8715,2.8454,2.8528
1531436400,2.8445,2.8605,2.8267,2.8308
1531695600,2.8326,2.8775,2.8298,2.8637
1531782000,2.8573,2.8743,2.8477,2.8637
1531868400,2.8637,2.8825,2.8468,2.8701
1531954800,2.8711,2.9,2.833,2.8408
1532041200,2.8399,2.9014,2.8371,2.8977
1532300400,2.8987,2.9685,2.8835,2.9578
1532386800,2.9578,2.9745,2.9458,2.9513
1532473200,2.9504,2.9792,2.9301,2.9764
1532559600,2.9764,2.9843,2.9463,2.9783
1532646000,2.9774,2.9876,2.9514,2.9561
1532905200,2.9579,2.9896,2.9579,2.9765
1532991600,2.9747,2.9793,2.9343,2.9645
1533078000,2.9542,3.0157,2.9524,3.0055
1533164400,3.0055,3.0106,2.9771,2.9868
1533250800,2.9859,2.999,2.9492,2.9534
1533510000,2.9585,2.9632,2.9242,2.9437
1533596400,2.9432,2.9795,2.9395,2.9762
1533682800,2.9776,2.987,2.9586,2.9637
1533769200,2.9576,2.9654,2.9244,2.9294
1533855600,2.9276,2.9331,2.8533,2.8791
1534114800,2.8732,2.889,2.8488,2.8845
1534201200,2.8813,2.9035,2.8755,2.9031
1534287600,2.9004,2.9035,2.8366,2.8696
1534374000,2.8614,2.8936,2.8569,2.8696
1534460400,2.865,2.8768,2.8442,2.8628
1534719600,2.8668,2.8709,2.8167,2.8208
1534806000,2.8172,2.8541,2.8172,2.8383
1534892400,2.8334,2.8424,2.8099,2.8243
1534978800,2.8198,2.8315,2.8135,2.8288
1535065200,2.8288,2.8505,2.8107,2.8121
1535324400,2.8242,2.8518,2.8148,2.8473
1535410800,2.8459,2.8885,2.8446,2.8831
1535497200,2.8822,2.899,2.8677,2.8863
1535583600,2.8858,2.8894,2.8545,2.8599
1535670000,2.8586,2.8672,2.8318,2.8613
1536015600,2.8622,2.9058,2.8554,2.9004
1536102000,2.8985,2.9163,2.884,2.9036
1536188400,2.9031,2.9127,2.8712,2.8744
1536274800,2.8776,2.9488,2.8712,2.9443
1536534000,2.9488,2.9507,2.9292,2.9356
1536620400,2.9351,2.9828,2.9319,2.9787
1536706800,2.9782,2.9801,2.9558,2.9622
1536793200,2.9663,2.9833,2.9438,2.9723
1536879600,2.9718,3.0042,2.9682,2.9986
1537138800,2.9996,3.0213,2.9862,2.9913
1537225200,2.9903,3.0612,2.9779,3.0607
1537311600,3.057,3.0933,3.044,3.0631
1537398000,3.0673,3.0966,3.0585,3.0664
1537484400,3.0636,3.0837,3.0585,3.0642
1537743600,3.0693,3.0926,3.0651,3.0917
1537830000,3.087,3.1151,3.087,3.1001
1537916400,3.0955,3.1006,3.0466,3.0494
1538002800,3.0471,3.0746,3.0309,3.0564
1538089200,3.0536,3.0658,3.0259,3.0658
1538348400,3.0678,3.0962,3.0631,3.0859
1538434800,3.0817,3.0883,3.0468,3.0687
1538521200,3.065,3.187,3.0515,3.1832
1538607600,3.187,3.2305,3.1767,3.1932
1538694000,3.1851,3.2475,3.1851,3.2389
1538953200,3.2299,3.2322,3.2299,3.2322
1539039600,3.2322,3.2495,3.202,3.2063
1539126000,3.2054,3.2443,3.1658,3.1714
1539212400,3.1676,3.196,3.1277,3.1583
1539298800,3.1507,3.1842,3.1307,3.1679
1539558000,3.1566,3.1656,3.1425,3.1557
1539644400,3.1566,3.1803,3.152,3.1643
1539730800,3.1652,3.2074,3.1473,3.2055
1539817200,3.2022,3.2184,3.1597,3.1814
1539903600,3.1805,3.2096,3.1705,3.1921
1540162800,3.1855,3.2092,3.1789,3.2002
1540249200,3.1969,3.1983,3.1128,3.1718
1540335600,3.1695,3.1742,3.0974,3.1087
1540422000,3.1026,3.146,3.0993,3.121
1540508400,3.1186,3.1252,3.0586,3.0779
1540767600,3.0845,3.1179,3.0587,3.0892
1540854000,3.0868,3.1293,3.0835,3.126
1540940400,3.1227,3.162,3.1227,3.1487
1541026800,3.1416,3.1748,3.1313,3.1332
1541113200,3.1322,3.2236,3.1322,3.2159
1541376000,3.2094,3.2136,3.1856,3.2032
1541462400,3.2103,3.2323,3.1909,3.2323
1541548800,3.2142,3.2517,3.1769,3.2378
1541635200,3.2346,3.2443,3.2077,3.2396
1541721600,3.2336,3.2378,3.1806,3.1847
1541980800,3.1838,3.1838,3.1838,3.1838
1542067200,3.19,3.19,3.1383,3.1397
1542153600,3.1456,3.1654,3.093,3.1287
1542240000,3.1232,3.1369,3.0816,3.1135
1542326400,3.109,3.1241,3.0642,3.066
1542585600,3.0774,3.0961,3.0523,3.0669
1542672000,3.0633,3.071,3.0364,3.0642
1542758400,3.0642,3.0892,3.0609,3.0673
1542844800,3.0691,3.0691,3.0691,3.0691
1542931200,3.0645,3.0764,3.0326,3.0449
1543190400,3.0476,3.0786,3.0462,3.0622
1543276800,3.0608,3.0731,3.0444,3.0617
1543363200,3.0581,3.0745,3.0425,3.059
1543449600,3.0494,3.0535,2.9989,3.0325
1543536000,3.0275,3.0311,2.9901,2.9942
1543795200,3.036,3.0506,2.9665,2.9738
1543881600,2.9756,2.9783,2.887,2.9149
1543968000,2.9118,2.9118,2.9118,2.9118
1544054400,2.9356,2.9356,2.8273,2.8955
1544140800,2.9022,2.9102,2.8486,2.8562
1544400000,2.8293,2.8683,2.8266,2.8611
1544486400,2.8535,2.8925,2.8458,2.8839
1544572800,2.8853,2.9181,2.8794,2.9136
1544659200,2.9118,2.919,2.8924,2.9167
1544745600,2.9109,2.9145,2.8706,2.8913
1545004800,2.8935,2.8993,2.848,2.8584
1545091200,2.8624,2.8624,2.817,2.821
1545177600,2.8192,2.8376,2.7548,2.7606
1545264000,2.7682,2.8137,2.7491,2.8083
1545350400,2.8034,2.8115,2.7813,2.7902
1545609600,2.8187,2.8187,2.7334,2.7481
1545696000,2.7409,2.7409,2.7409,2.7409
1545782400,2.7515,2.8155,2.7213,2.8097
1545868800,2.8011,2.8061,2.7323,2.7702
1545955200,2.7671,2.7811,2.7137,2.716
1546214400,2.73399997,2.73939991,2.68239999,2.68600011
1546387200,2.68059993,2.69650006,2.62220001,2.6328001
1546473600,2.61849999,2.65560007,2.54819989,2.55170012
1546560000,2.55699992,2.67120004,2.54469991,2.66770005
1546819200,2.66950011,2.69779992,2.63389993,2.69779992
1546905600,2.6888001,2.73160005,2.6888001,2.72979999
1546992000,2.72799993,2.74749994,2.71000004,2.7118001
1547078400,2.7118001,2.74569988,2.68319988,2.74569988
1547164800,2.72959995,2.73670006,2.68289995,2.69889998
1547424000,2.70950007,2.70950007,2.66149998,2.70600009
1547510400,2.70600009,2.7184999,2.6809001,2.7184
1547596800,2.7112,2.74329996,2.70589995,2.72720003
1547683200,2.7183001,2.75760007,2.70029998,2.75040007
1547769600,2.74679995,2.79500008,2.7428,2.78780007
1548115200,2.77340007,2.77340007,2.72659993,2.74090004
1548201600,2.74449992,2.7750001,2.7355001,2.74979997
1548288000,2.74090004,2.75160003,2.70140004,2.71569991
1548374400,2.72280002,2.76029992,2.7191999,2.7585001
1548633600,2.75309992,2.76559997,2.72779989,2.74760008
1548720000,2.7421999,2.74569988,2.70799994,2.7098
1548806400,2.71700001,2.73300004,2.67750001,2.67750001
1548892800,2.68109989,2.68280005,2.61859989,2.6328001
1548979200,2.64700007,2.6967001,2.62350011,2.68420005
1549238400,2.69140005,2.73070002,2.68420005,2.72530007
1549324800,2.71819997,2.73600006,2.68939996,2.70370007
1549411200,2.70190001,2.70370007,2.67309999,2.70000005
1549497600,2.69129992,2.69309998,2.6500001,2.6572001
1549584000,2.6572001,2.65899992,2.62680006,2.63389993
1549843200,2.64289999,2.66799998,2.63569999,2.65359998
1549929600,2.6572001,2.68950009,2.65359998,2.68589997
1550016000,2.69490004,2.71469998,2.68230009,2.70930004
1550102400,2.69849992,2.71289992,2.64470005,2.65540004
1550188800,2.65179992,2.68239999,2.64470005,2.6644001
1550534400,2.67339993,2.67339993,2.63569999,2.63569999
1550620800,2.64289999,2.6572001,2.62849998,2.64829993
1550707200,2.64289999,2.69679999,2.64289999,2.69499993
1550793600,2.68600011,2.68779993,2.63750005,2.65359998
1551052800,2.66799998,2.68420005,2.65540004,2.66799998
1551139200,2.66260004,2.6644001,2.63210011,2.63750005
1551225600,2.63389993,2.69689989,2.62849998,2.68610001
1551312000,2.67519999,2.7276001,2.65910006,2.71679997
1551398400,2.72040009,2.76760006,2.7112999,2.7585001
1551657600,2.7658,2.76760006,2.72049999,2.72410011
1551744000,2.7277,2.74769998,2.71690011,2.71869993
1551830400,2.71690011,2.71869993,2.68070006,2.69339991
1551916800,2.68969989,2.69160008,2.63569999,2.64109993
1552003200,2.64650011,2.65009999,2.6177001,2.63030005
1552258800,2.62849998,2.6573,2.6249001,2.64109993
1552345200,2.66269994,2.67350006,2.59789991,2.59969997
1552431600,2.60330009,2.62849998,2.60330009,2.6249001
1552518000,2.62129998,2.64109993,2.61229992,2.63030005
1552604400,2.62310004,2.63569999,2.57999992,2.59069991
1552863600,2.59249997,2.6105001,2.58529997,2.60509992
1552950000,2.60330009,2.63210011,2.59069991,2.6177001
1553036400,2.61400008,2.6177001,2.52449989,2.52449989
1553122800,2.52449989,2.54049993,2.49950004,2.5387001
1553209200,2.5387001,2.54049993,2.41960001,2.43729997
1553468400,2.44959998,2.4691,2.37890005,2.40540004
1553554800,2.40359998,2.45309997,2.40359998,2.42479992
1553641200,2.41770005,2.43009996,2.35949993,2.38059998
1553727600,2.36299992,2.3980999,2.34190011,2.39109993
1553814000,2.39109993,2.42980003,2.38930011,2.40680003
1554073200,2.42449999,2.50629997,2.42449999,2.50270009
1554159600,2.4920001,2.4920001,2.46880007,2.47239995
1554246000,2.47589993,2.52769995,2.47059989,2.52769995
1554332400,2.52049994,2.52589989,2.49720001,2.51329994
1554418800,2.51690006,2.5401001,2.49359989,2.49889994
1554678000,2.50430012,2.52390003,2.48639989,2.52040005
1554764400,2.51859999,2.52390003,2.48460007,2.50239992
1554850800,2.50239992,2.50239992,2.46309996,2.46490002
1554937200,2.47020006,2.50589991,2.47020006,2.49880004
1555023600,2.49519992,2.56690001,2.48970008,2.56150007
1555282800,2.55789995,2.5704999,2.54710007,2.55609989
1555369200,2.55430007,2.5940001,2.54710007,2.59220004
1555455600,2.58500004,2.61209989,2.58130002,2.5940001
1555542000,2.59039998,2.59039998,2.55060005,2.55960011
1555887600,2.56139994,2.59209991,2.55780005,2.58669996
1555974000,2.58669996,2.59209991,2.56500006,2.56859994
1556060400,2.5704,2.5704,2.51810002,2.51810002
1556146800,2.52169991,2.53970003,2.51629996,2.53430009
1556233200,2.52889991,2.53609991,2.49460006,2.5
1556492400,2.5,2.54139996,2.5,2.52699995
1556578800,2.52699995,2.54859996,2.50359988,2.50359988
1556665200,2.50359988,2.51430011,2.45869994,2.50169992
1556751600,2.50169992,2.5539999,2.50169992,2.54500008
1556838000,2.54500008,2.56480002,2.52139997,2.53049994
1557097200,2.53049994,2.53049994,2.47280002,2.49979997
1557183600,2.47280002,2.49790001,2.44589996,2.44770002
1557270000,2.45479989,2.49070001,2.42790008,2.48530006
1557356400,2.48140001,2.48140001,2.42810011,2.45289993
1557442800,2.45120001,2.47250009,2.42810011,2.47250009
1557702000,2.43700004,2.44230008,2.3908999,2.40330005
1557788400,2.39969993,2.42630005,2.39439988,2.4138999
1557874800,2.41039991,2.41739988,2.36260009,2.37680006
1557961200,2.375,2.41210008,2.35730004,2.39439988
1558047600,2.39439988,2.40510011,2.36619997,2.39269996
1558306800,2.39439988,2.41919994,2.38199997,2.41919994
1558393200,2.41569996,2.43700004,2.40860009,2.42810011
1558479600,2.42639995,2.43350005,2.38030005,2.38030005
1558566000,2.38199997,2.38560009,2.29570007,2.32200003
1558652400,2.31500006,2.33430004,2.31139994,2.32369995
1558998000,2.30970001,2.31489992,2.26230001,2.26749992
1559084400,2.2658,2.2658,2.21329999,2.26220012
1559170800,2.26220012,2.2815001,2.21329999,2.21679997
1559257200,2.19759989,2.19759989,2.1263001,2.13319993
1559516400,2.12800002,2.13319993,2.06419992,2.07450008
1559602800,2.07450008,2.14700007,2.07450008,2.12100005
1559689200,2.12789989,2.13649988,2.08119988,2.13129997
1559775600,2.12269998,2.1329999,2.09319997,2.12089992
1559862000,2.12949991,2.13120008,2.06030011,2.08439994
1560121200,2.12240005,2.15179992,2.11199999,2.15009999
1560207600,2.14310002,2.17790008,2.13790011,2.14479995
1560294000,2.1414001,2.14310002,2.11529994,2.12220001
1560380400,2.12389994,2.12389994,2.08410001,2.0927
1560466800,2.0875001,2.10809994,2.05970001,2.08389997
1560726000,2.08730006,2.11500001,2.08209991,2.09069991
1560812400,2.09069991,2.09590006,2.0165,2.05780005
1560898800,2.06130004,2.09920001,2.0250001,2.02850008
1560985200,2.0302,2.03530002,1.97529995,2.02320004
1561071600,2.01810002,2.06949997,2.0006001,2.05909991
1561330800,2.05739999,2.06089997,2.01600003,2.01769996
1561417200,2.01939988,2.02099991,1.98329997,1.98839998
1561503600,1.99179995,2.05029988,1.99010003,2.05029988
1561590000,2.0467999,2.06929994,2.00539994,2.01399994
1561676400,2.0157001,2.02920008,1.99820006,2.00679994
1561935600,2.03789997,2.04809999,2.00670004,2.03259993
1562022000,2.0171001,2.02390003,1.97570002,1.97570002
1562108400,1.97230005,1.97230005,1.94120002,1.95319998
1562281200,1.94640005,2.06839991,1.94089997,2.03900003
1562540400,2.04250002,2.05279994,2.01300001,2.04760003
1562626800,2.04239988,2.07179999,2.03360009,2.07179999
1562713200,2.06480002,2.1099999,2.04049993,2.06130004
1562799600,2.05430007,2.14310002,2.03699994,2.14310002
1562886000,2.13260007,2.14639997,2.10619998,2.1236999
1563145200,2.1236999,2.13930011,2.08699989,2.09039998
1563231600,2.08699989,2.14100003,2.08349991,2.10610008
1563318000,2.10780001,2.10960007,2.04340005,2.04340005
1563404400,2.05200005,2.07459998,2.02419996,2.02589989
1563490800,2.0381,2.05690002,2.03629994,2.05690002
1563750000,2.06040001,2.06559992,2.02909994,2.04990005
1563836400,2.04990005,2.08290005,2.04460001,2.0776999
1563922800,2.08459997,2.08459997,2.03929996,2.04970002
1564009200,2.04450011,2.09669995,2.01489997,2.08279991
1564095600,2.07929993,2.08780003,2.06509995,2.07380009
1564354800,2.07559991,2.07559991,2.04929996,2.06329989
1564441200,2.06669998,2.07369995,2.04579997,2.05970001
1564527600,2.05800009,2.06139994,2.00570011,2.00749993
1564614000,2.02480006,2.05780005,1.87979996,1.90209997
1564700400,1.89859998,1.91069996,1.83319998,1.8434
1564959600,1.85370004,1.85370004,1.70920002,1.71759999
1565046000,1.68219995,1.76820004,1.67550004,1.71580005
1565132400,1.704,1.7342,1.60979998,1.72070003
1565218800,1.72060001,1.78600001,1.70519996,1.71889997
1565305200,1.69319999,1.7464,1.68640006,1.74469995
1565564400,1.74469995,1.74469995,1.63349998,1.64030004
1565650800,1.65219998,1.7069,1.62160003,1.70179999
1565737200,1.69319999,1.69319999,1.57920003,1.5826
1565823600,1.58940005,1.59280002,1.495,1.50170004
1565910000,1.52690005,1.58930004,1.51010001,1.56229997
1566169200,1.57579994,1.625,1.57239997,1.60800004
1566255600,1.60290003,1.60290003,1.54030001,1.55209994
1566342000,1.55879998,1.60119998,1.55369997,1.59099996
1566428400,1.58930004,1.62160003,1.55710006,1.61310005
1566514800,1.61310005,1.66079998,1.50979996,1.53340006
1566774000,1.47280002,1.54690003,1.44589996,1.53840005
1566860400,1.53509998,1.53509998,1.47099996,1.47440004
1566946800,1.47440004,1.4878,1.45089996,1.4677
1567033200,1.4677,1.53330004,1.44749999,1.49619997
1567119600,1.49960005,1.54170001,1.49440002,1.49940002
1567465200,1.50950003,1.53489995,1.43219995,1.46239996
1567551600,1.46070004,1.49769998,1.45060003,1.47070003
1567638000,1.47070003,1.58570004,1.47070003,1.56529999
1567724400,1.55850005,1.60450006,1.53980005,1.56019998
1567983600,1.55850005,1.64719999,1.55850005,1.64719999
1568070000,1.64380002,1.74370003,1.61979997,1.74370003
1568156400,1.72640002,1.7507,1.70920002,1.74549997
1568242800,1.74890006,1.79760003,1.67130005,1.77849996
1568329200,1.7802,1.90460002,1.76800001,1.90110004
1568588400,1.90110004,1.90110004,1.82050002,1.84319997
1568674800,1.85020006,1.85020006,1.79779994,1.80999994
1568761200,1.80309999,1.81700003,1.74740005,1.79960001
1568847600,1.79610002,1.81710005,1.75440001,1.78740001
1568934000,1.78569996,1.79279995,1.71800005,1.72150004
1569193200,1.72150004,1.76489997,1.66789997,1.72329998
1569279600,1.72329998,1.72669995,1.63180006,1.65240002
1569366000,1.6473,1.73889995,1.63349998,1.73720002
1569452400,1.73020005,1.73020005,1.68009996,1.69729996
1569538800,1.69729996,1.72510004,1.67490005,1.68700004
1569798000,1.68350005,1.71300006,1.66630006,1.66799998
1569884400,1.67149997,1.75300002,1.61810005,1.63520002
1569970800,1.63870001,1.66279995,1.58369994,1.60090005
1570057200,1.60090005,1.60090005,1.51709998,1.53410006
1570143600,1.53929996,1.5546,1.50849998,1.52900004
1570402800,1.52040005,1.56480002,1.50510001,1.56480002
1570489200,1.55630004,1.58710003,1.51189995,1.5323
1570575600,1.52890003,1.5905,1.52890003,1.58710003
1570662000,1.55280006,1.67159998,1.54939997,1.66980004
1570748400,1.66639996,1.76740003,1.64219999,1.7342
1571094000,1.71159995,1.77620006,1.67680001,1.77100003
1571180400,1.76750004,1.76750004,1.72029996,1.74469995
1571266800,1.73430002,1.7938,1.72379994,1.75
1571353200,1.74650002,1.77639997,1.72909999,1.7536
1571612400,1.7414,1.8046,1.73959994,1.80280006
1571698800,1.80280006,1.8046,1.76419997,1.76769996
1571785200,1.76069999,1.76950002,1.73099995,1.76769996
1571871600,1.76069999,1.78009999,1.73969996,1.77129996
1571958000,1.75899994,1.81009996,1.75209999,1.79949999
1572217200,1.80309999,1.85969996,1.80309999,1.84549999
1572303600,1.84730005,1.85969996,1.82430005,1.83669996
1572390000,1.83319998,1.83850002,1.77149999,1.77499998
1572476400,1.77680004,1.78910005,1.68229997,1.6875
1572562800,1.68920004,1.74349999,1.67009997,1.71379995
1572825600,1.74360001,1.79110003,1.74360001,1.78050005
1572912000,1.79809999,1.86899996,1.78750002,1.85660005
1572998400,1.8513,1.85669994,1.80710006,1.83010006
1573084800,1.81350005,1.96780002,1.80320001,1.92949998
1573171200,1.93289995,1.95389998,1.89470005,1.94509995
1573516800,1.91209996,1.95560002,1.90859997,1.92770004
1573603200,1.92420006,1.92770004,1.86870003,1.89119995
1573689600,1.88429999,1.89300001,1.80830002,1.82210004
1573776000,1.83239996,1.85150003,1.81869996,1.83589995
1574035200,1.82729995,1.85319996,1.79630005,1.81519997
1574121600,1.8118,1.82560003,1.77909994,1.78600001
1574208000,1.76709998,1.77400005,1.72950006,1.74660003
1574294400,1.72599995,1.78429997,1.70729995,1.77569997
1574380800,1.7723,1.78429997,1.74650002,1.77059996
1574640000,1.77919996,1.79120004,1.75170004,1.75170004
1574726400,1.76030004,1.77400005,1.73109996,1.7414
1574812800,1.74650002,1.77569997,1.73969996,1.76709998
1574985600,1.77750003,1.79470003,1.7586,1.77400005
1575244800,1.80850005,1.85529995,1.80680001,1.82239997
1575331200,1.82060003,1.84490001,1.69850004,1.71739995
1575417600,1.72080004,1.78960001,1.70200002,1.77750003
1575504000,1.77400005,1.81900001,1.7586,1.80859995
1575590400,1.80509996,1.85889995,1.78960001,1.84329998
1575849600,1.83809996,1.84329998,1.80859995,1.82079995
1575936000,1.82079995,1.84679997,1.8017,1.84159994
1576022400,1.83809996,1.84159994,1.78269994,1.7931
1576108800,1.79480004,1.90789998,1.78789997,1.89569998
1576195200,1.93069994,1.94120002,1.81560004,1.82430005
1576454400,1.83299994,1.89230001,1.83130002,1.87310004
1576540800,1.86790001,1.89409995,1.85389996,1.87489998
1576627200,1.8836,1.93270004,1.86440003,1.92219996
1576713600,1.91690004,1.95029998,1.89769995,1.92219996
1576800000,1.92219996,1.94519997,1.9152,1.9188
1577059200,1.91709995,1.9382,1.89779997,1.92760003
1577145600,1.92760003,1.94710004,1.90139997,1.90310001
1577318400,1.91190004,1.91900003,1.8944,1.8944
1577404800,1.89789999,1.90149999,1.87,1.87699997
1577664000,1.87349999,1.9368,1.87349999,1.8858
1577750400,1.88059998,1.92799997,1.88059998,1.91919994
1577923200,1.91929996,1.94400001,1.85259998,1.87709999
1578009600,1.83340001,1.83870006,1.7881,1.79330003
1578268800,1.77250004,1.8125,1.76380002,1.80900002
1578355200,1.80729997,1.82819998,1.79509997,1.81079996
1578441600,1.75510001,1.87549996,1.71700001,1.87380004
1578528000,1.87030005,1.90020001,1.84930003,1.85450006
1578614400,1.85979998,1.86860001,1.8161,1.81959999
1578873600,1.83360004,1.85290003,1.8283,1.84759998
1578960000,1.85459995,1.86160004,1.81089997,1.81260002
1579046400,1.80910003,1.81789994,1.77950001,1.78639996
1579132800,1.79170001,1.81959999,1.77769995,1.80910003
1579219200,1.82140005,1.84780002,1.81270003,1.82500005
1579564800,1.82149994,1.82319999,1.76730001,1.77429998
1579651200,1.78299999,1.79180002,1.76209998,1.76909995
1579737600,1.76209998,1.76380002,1.71510005,1.73080003
1579824000,1.74119997,1.7586,1.67180002,1.68570006
1580083200,1.63209999,1.65279996,1.59940004,1.61319995
1580169600,1.61150002,1.66139996,1.57369995,1.66139996
1580256000,1.64409995,1.6631,1.58050001,1.58050001
1580342400,1.58389997,1.59070003,1.53600001,1.59070003
1580428800,1.58389997,1.59759998,1.50510001,1.50510001
1580688000,1.5187,1.57340002,1.51699996,1.52550006
1580774400,1.52209997,1.61290002,1.52209997,1.60259998
1580860800,1.60599995,1.65600002,1.57669997,1.64909995
1580947200,1.65260005,1.68200004,1.63349998,1.64390004
1581033600,1.64909995,1.64909995,1.57659996,1.58169997
1581292800,1.56630003,1.59889996,1.54560006,1.56280005
1581379200,1.549,1.604,1.549,1.604
1581465600,1.606,1.639,1.597,1.637
1581552000,1.61,1.626,1.568,1.619
1581638400,1.607,1.616,1.573,1.588
1581897600,1.5883,1.5883,1.5883,1.5883
1581984000,1.578,1.58,1.537,1.563
1582070400,1.57,1.587,1.547,1.568
1582156800,1.581,1.581,1.508,1.519
1582243200,1.52,1.524,1.439,1.473
1582502400,1.4696,1.4696,1.352,1.374
1582588800,1.396,1.416,1.309,1.355
1582675200,1.359,1.382,1.304,1.342
1582761600,1.314,1.332,1.242,1.264
1582848000,1.275,1.282,1.119,1.152
1583107200,1.111,1.167,1.031,1.167
1583193600,1.157,1.173,0.908,1.004
1583280000,0.984,1.064,0.931,1.054
1583366400,1.036,1.039,0.902,0.915
1583452800,0.904,0.915,0.663,0.767
1583708400,0.542,0.599,0.333,0.559
1583794800,0.615,0.817,0.565,0.8
1583881200,0.776,0.895,0.638,0.878
1583967600,0.842,0.906,0.644,0.812
1584054000,0.797,1.022,0.726,0.983
1584313200,0.645,0.859,0.637,0.74
1584399600,0.765,1.103,0.742,1.069
1584486000,1.044,1.261,1.01,1.183
1584572400,1.152,1.279,1.02,1.158
1584658800,1.1289,1.279,0.833,0.885
1584918000,0.831,0.876,0.696,0.763
1585004400,0.781,0.895,0.775,0.858
1585090800,0.856,0.877,0.784,0.869
1585177200,0.824,0.857,0.773,0.849
1585263600,0.839,0.852,0.671,0.676
1585522800,0.659,0.731,0.599,0.726
1585609200,0.717,0.731,0.651,0.668
1585695600,0.671,0.674,0.571,0.602
1585782000,0.569,0.636,0.569,0.611
1585868400,0.61,0.621,0.568,0.599
1586127600,0.631,0.684,0.623,0.678
1586214000,0.688,0.784,0.679,0.726
1586300400,0.704,0.777,0.696,0.771
1586386800,0.776,0.778,0.714,0.7381
1586473200,0.7222,0.7222,0.7222,0.7222
1586732400,0.722,0.776,0.72,0.77
1586818800,0.765,0.776,0.728,0.75
1586905200,0.747,0.752,0.622,0.635
1586991600,0.647,0.658,0.595,0.617
1587078000,0.68,0.691,0.587,0.642
1587337200,0.651,0.651,0.608,0.616
1587423600,0.616,0.622,0.544,0.566
1587510000,0.575,0.635,0.548,0.617
1587596400,0.613,0.638,0.591,0.603
1587682800,0.601,0.621,0.58,0.606
1587942000,0.605,0.664,0.604,0.664
1588028400,0.66,0.671,0.599,0.616
1588114800,0.6098,0.641,0.583,0.63
1588201200,0.623,0.649,0.583,0.646
1588287600,0.628,0.648,0.596,0.618
1588546800,0.6402,0.651,0.596,0.63
1588633200,0.6368,0.678,0.6368,0.663
1588719600,0.6572,0.741,0.6572,0.709
1588806000,0.687,0.717,0.62,0.639
1588892400,0.645,0.686,0.607,0.685
1589151600,0.696,0.726,0.672,0.707
1589238000,0.71,0.724,0.66,0.665
1589324400,0.665,0.672,0.635,0.654
1589410800,0.644,0.644,0.604,0.617
1589497200,0.628,0.649,0.593,0.644
1589756400,0.643,0.74,0.636,0.726
1589842800,0.719,0.744,0.688,0.691
1589929200,0.688,0.719,0.67,0.69
1590015600,0.677,0.682,0.654,0.68
1590102000,0.669,0.674,0.628,0.657
1590361200,0.6591,0.6591,0.6558,0.6558
1590447600,0.657,0.708,0.656,0.695
1590534000,0.687,0.729,0.664,0.695
1590620400,0.695,0.711,0.67,0.697
1590706800,0.685,0.687,0.643,0.653
1590966000,0.654,0.687,0.644,0.667
1591052400,0.657,0.688,0.648,0.687
1591138800,0.697,0.771,0.687,0.746
1591225200,0.746,0.83,0.736,0.825
1591311600,0.812,0.955,0.8,0.893
1591570800,0.899,0.932,0.864,0.879
1591657200,0.869,0.87,0.802,0.824
1591743600,0.824,0.834,0.726,0.736
1591830000,0.718,0.73,0.651,0.667
1591916400,0.667,0.72,0.666,0.71
1592175600,0.6985,0.723,0.654,0.72
1592262000,0.746,0.784,0.723,0.741
1592348400,0.75,0.763,0.725,0.733
1592434800,0.723,0.728,0.692,0.707
1592521200,0.705,0.745,0.689,0.694
1592780400,0.697,0.712,0.674,0.712
1592866800,0.712,0.733,0.681,0.715
1592953200,0.72,0.73,0.677,0.679
1593039600,0.674,0.689,0.656,0.682
1593126000,0.681,0.686,0.633,0.64
1593385200,0.632,0.656,0.622,0.627
1593471600,0.632,0.666,0.62,0.658
1593558000,0.661,0.702,0.658,0.676
1593644400,0.684,0.714,0.6627,0.6627
1593730800,0.6709,0.6709,0.6594,0.6594
1593990000,0.681,0.709,0.676,0.678
1594076400,0.682,0.689,0.633,0.64
1594162800,0.648,0.673,0.641,0.666
1594249200,0.661,0.663,0.599,0.615
1594335600,0.622,0.651,0.569,0.643
1594594800,0.63,0.664,0.617,0.618
1594681200,0.623,0.635,0.6,0.625
1594767600,0.636,0.658,0.617,0.633
1594854000,0.622,0.632,0.6,0.618
1594940400,0.622,0.632,0.599,0.623
1595199600,0.63,0.63,0.602,0.613
1595286000,0.613,0.627,0.594,0.604
1595372400,0.605,0.607,0.582,0.6
1595458800,0.5954,0.6,0.576,0.577
1595545200,0.5823,0.597,0.556,0.587
1595804400,0.594,0.618,0.569,0.615
1595890800,0.618,0.637,0.576,0.579
1595977200,0.579,0.595,0.564,0.577
1596063600,0.574,0.579,0.536,0.545
1596150000,0.54,0.564,0.52,0.533
1596409200,0.538,0.572,0.536,0.554
1596495600,0.554,0.562,0.505,0.512
1596582000,0.515,0.553,0.507,0.549
1596668400,0.551,0.554,0.505,0.538
1596754800,0.535,0.569,0.517,0.566
1597014000,0.5624,0.58,0.546,0.58
1597100400,0.572,0.661,0.571,0.642
1597186800,0.627,0.691,0.625,0.673
1597273200,0.677,0.726,0.649,0.717
1597359600,0.721,0.722,0.69,0.708
1597618800,0.713,0.713,0.667,0.691
1597705200,0.682,0.688,0.657,0.672
1597791600,0.661,0.688,0.648,0.685
1597878000,0.677,0.68,0.638,0.653
1597964400,0.659,0.659,0.623,0.636
1598223600,0.628,0.657,0.622,0.654
1598310000,0.654,0.716,0.654,0.688
1598396400,0.69,0.719,0.685,0.688
1598482800,0.68,0.755,0.649,0.754
1598569200,0.78,0.788,0.713,0.724
1598828400,0.726,0.749,0.692,0.706
1598914800,0.716,0.731,0.671,0.672
1599001200,0.674,0.693,0.643,0.648
1599087600,0.641,0.667,0.606,0.636
1599174000,0.635,0.725,0.633,0.721
1599433200,0.723,0.7246,0.723,0.7246
1599519600,0.716,0.718,0.664,0.68
1599606000,0.664,0.708,0.659,0.698
1599692400,0.694,0.723,0.677,0.68
1599778800,0.68,0.695,0.664,0.669
1600038000,0.669,0.679,0.651,0.676
1600124400,0.669,0.687,0.666,0.681
1600210800,0.674,0.702,0.656,0.699
1600297200,0.687,0.692,0.646,0.689
1600383600,0.69,0.699,0.667,0.695
1600642800,0.6937,0.6937,0.649,0.669
1600729200,0.6708,0.681,0.659,0.671
1600815600,0.6642,0.692,0.656,0.677
1600902000,0.671,0.681,0.661,0.668
1600988400,0.671,0.677,0.651,0.656
1601247600,0.663,0.674,0.651,0.658
1601334000,0.658,0.663,0.641,0.651
1601420400,0.651,0.704,0.641,0.686
1601506800,0.686,0.72,0.669,0.679
1601593200,0.679,0.705,0.653,0.704
1601852400,0.709,0.783,0.699,0.778
1601938800,0.773,0.79,0.727,0.734
1602025200,0.745,0.797,0.739,0.783
1602111600,0.779,0.787,0.764,0.779
1602198000,0.775,0.797,0.76,0.779
1602457200,0.760378,0.760378,0.760378,0.760378
1602543600,0.757,0.767,0.726,0.729
1602630000,0.731,0.736,0.709,0.727
1602716400,0.724,0.741,0.693,0.739
1602802800,0.731,0.757,0.721,0.751
1603062000,0.761,0.781,0.754,0.772
1603148400,0.771,0.801,0.764,0.786
1603234800,0.801,0.836,0.799,0.821
1603321200,0.808,0.868,0.806,0.865
1603407600,0.851,0.872,0.831,0.841
1603666800,0.828,0.828,0.791,0.803
1603753200,0.796,0.809,0.768,0.771
1603839600,0.766,0.784,0.746,0.774
1603926000,0.788,0.841,0.769,0.831
1604012400,0.825,0.877,0.806,0.875
1604275200,0.862,0.874,0.828,0.848
1604361600,0.852,0.901,0.852,0.899
1604448000,0.94,0.944,0.758,0.766
1604534400,0.755,0.79,0.718,0.766
1604620800,0.765,0.837,0.76,0.822
1604880000,0.825,0.971,0.798,0.925
1604966400,0.917,0.972,0.908,0.961
1605139200,0.96,0.964,0.88,0.883
1605225600,0.88,0.901,0.864,0.898
1605484800,0.9,0.929,0.873,0.908
1605571200,0.901,0.916,0.859,0.859
1605657600,0.857,0.893,0.836,0.872
1605744000,0.855,0.865,0.831,0.831
1605830400,0.819,0.85,0.819,0.826
1606089600,0.836,0.862,0.828,0.857
1606176000,0.868,0.888,0.855,0.882
1606262400,0.888,0.898,0.857,0.883
1606348800,0.878275,0.878275,0.848782,0.855328
1606435200,0.855,0.868,0.839,0.842
1606694400,0.845,0.86,0.831,0.841
1606780800,0.849,0.938,0.836,0.929
1606867200,0.918,0.964,0.911,0.939
1606953600,0.936,0.946,0.901,0.908
1607040000,0.911,0.986,0.905,0.969
1607299200,0.964,0.964,0.924,0.924
1607385600,0.926,0.941,0.893,0.921
1607472000,0.929,0.958,0.924,0.938
1607558400,0.926,0.941,0.905,0.911
1607644800,0.91,0.915,0.875,0.9
1607904000,0.911,0.938,0.888,0.896
1607990400,0.896,0.925,0.887,0.911
1608076800,0.911,0.951,0.901,0.92
1608163200,0.923,0.945,0.891,0.935
1608249600,0.933,0.951,0.915,0.948
1608508800,0.938,0.948,0.885,0.935
1608595200,0.936,0.94,0.915,0.921
1608681600,0.918,0.971,0.903,0.943
1608768000,0.95,0.955,0.925,0.926
1609113600,0.935,0.963,0.923,0.926
1609200000,0.94,0.951,0.93,0.938
1609286400,0.933,0.956,0.923,0.926
1609372800,0.926,0.936,0.912,0.918
1609718400,0.931,0.953,0.908,0.915
1609804800,0.92,0.963,0.918,0.958
1609891200,0.95,1.054,0.945,1.039
1609977600,1.034,1.086,1.029,1.083
1610064000,1.08,1.124,1.076,1.117
1610323200,1.107,1.148,1.097,1.148
1610409600,1.15,1.185,1.131,1.131
1610496000,1.117,1.134,1.073,1.087
1610582400,1.083,1.136,1.076,1.133
1610668800,1.126,1.126,1.083,1.083
1610928000,1.097083,1.097083,1.086878,1.091979
1611014400,1.101,1.121,1.087,1.09
1611100800,1.097,1.107,1.075,1.08
1611187200,1.089,1.123,1.077,1.107
1611273600,1.116,1.118,1.082,1.087
1611532800,1.096,1.103,1.031,1.033
1611619200,1.045,1.053,1.028,1.036
1611705600,1.041,1.048,1.003,1.019
1611792000,1.026,1.07,0.996,1.047
1611878400,1.057,1.105,1.043,1.067
1612137600,1.074,1.089,1.06,1.084
1612224000,1.081,1.119,1.074,1.098
1612310400,1.11,1.141,1.105,1.139
1612396800,1.141,1.16,1.132,1.141
1612483200,1.143,1.188,1.129,1.165
1612742400,1.174,1.2,1.15,1.17
1612828800,1.165,1.172,1.14,1.162
1612915200,1.165,1.174,1.122,1.126
1613001600,1.147,1.168,1.133,1.165
1613088000,1.163,1.215,1.152,1.21
1613347200,1.199844,1.250061,1.199844,1.246706
1613433600,1.243,1.319,1.223,1.311
1613520000,1.323,1.331,1.269,1.282
1613606400,1.275,1.316,1.259,1.297
1613692800,1.292,1.364,1.282,1.34
1613952000,1.355,1.394,1.326,1.367
1614038400,1.369,1.389,1.342,1.345
1614124800,1.343,1.434,1.33,1.372
1614211200,1.456,1.614,1.453,1.53
1614297600,1.543,1.55,1.381,1.408
1614556800,1.388,1.46,1.384,1.426
1614643200,1.422,1.451,1.391,1.398
1614729600,1.402,1.495,1.398,1.484
1614816000,1.486,1.571,1.45,1.557
1614902400,1.582,1.626,1.535,1.577
1615161600,1.592,1.613,1.575,1.603
1615248000,1.591,1.594,1.523,1.528
1615334400,1.523,1.566,1.506,1.52
1615420800,1.53,1.547,1.475,1.54
1615507200,1.543,1.639,1.534,1.625
1615762800,1.6371,1.6389,1.595,1.609
1615849200,1.609,1.625,1.5846,1.6214
1615935600,1.6197,1.6868,1.6162,1.648
1616022000,1.6427,1.7543,1.6304,1.717
1616108400,1.7135,1.7459,1.6714,1.7193
1616367600,1.7248,1.7248,1.6628,1.6928
1616454000,1.6964,1.7017,1.6171,1.6276
1616540400,1.6259,1.6471,1.5907,1.6119
1616626800,1.6154,1.6402,1.5892,1.6367
1616713200,1.6367,1.6813,1.6191,1.6742
1616972400,1.6832,1.7241,1.6337,1.7152
1617058800,1.7134,1.7742,1.7064,1.7064
1617145200,1.7082,1.7528,1.7082,1.7422
1617231600,1.7458,1.7529,1.6699,1.6717
1617577200,1.7198,1.7448,1.7003,1.702
1617663600,1.7038,1.7164,1.6507,1.656
1617750000,1.656,1.6774,1.6313,1.6774
1617836400,1.6721,1.6739,1.6174,1.6245
1617922800,1.628,1.6851,1.6245,1.662
1618182000,1.6586,1.6835,1.6427,1.6693
1618268400,1.6764,1.7013,1.6163,1.618
1618354800,1.6198,1.6483,1.6127,1.6376
1618441200,1.6323,1.6465,1.5285,1.5777
1618527600,1.5742,1.5975,1.5499,1.5834
1618786800,1.5817,1.6135,1.5518,1.6064
1618873200,1.6029,1.6296,1.5572,1.5589
1618959600,1.5624,1.5837,1.5538,1.5573
1619046000,1.559,1.5874,1.5309,1.5398
1619132400,1.5433,1.5789,1.5313,1.563
1619391600,1.5614,1.5985,1.5561,1.5684
1619478000,1.572,1.6305,1.5667,1.6252
1619564400,1.6252,1.6591,1.6076,1.6129
1619650800,1.6129,1.686,1.6129,1.6397
1619737200,1.6415,1.6575,1.6205,1.633
1619996400,1.6224,1.6527,1.5816,1.6029
1620082800,1.6047,1.6226,1.557,1.5942
1620169200,1.5942,1.6227,1.5677,1.5713
1620255600,1.573,1.5891,1.5572,1.5696
1620342000,1.5679,1.5895,1.4836,1.5859
1620601200,1.5754,1.6091,1.5612,1.602
1620687600,1.6038,1.6289,1.5861,1.6253
1620774000,1.6182,1.6988,1.6094,1.6934
1620860400,1.7018,1.7052,1.6488,1.6591
1620946800,1.6591,1.6693,1.6233,1.6318
1621206000,1.6267,1.6522,1.6046,1.6522
1621292400,1.6522,1.6574,1.6267,1.6369
1621378800,1.6403,1.6916,1.6182,1.6745
1621465200,1.6745,1.6779,1.625,1.6301
1621551600,1.6216,1.6386,1.6114,1.6216
1621810800,1.622,1.627,1.598,1.605
1621897200,1.599,1.599,1.554,1.56
1622070000,1.611,1.625,1.601,1.606
1622156400,1.611,1.623,1.577,1.602811
1622415600,1.602811,1.606217,1.597704,1.602811
1622502000,1.606,1.639,1.605,1.606
1622588400,1.618,1.622,1.587,1.589
1622674800,1.591,1.63,1.587,1.625
1622761200,1.63,1.635,1.555,1.557
1623020400,1.569,1.582,1.564,1.569
1623106800,1.572,1.572,1.513,1.536
1623193200,1.536,1.536,1.472,1.492
1623279600,1.486,1.535,1.432,1.437
1623366000,1.443,1.472,1.428,1.454
1623625200,1.462,1.502,1.455,1.499
1623711600,1.494,1.513,1.48,1.489
1623798000,1.496,1.594,1.482,1.581
1623884400,1.584,1.594,1.474,1.511
1623970800,1.519,1.524,1.438,1.445
1624230000,1.438,1.497,1.354,1.497
1624316400,1.49,1.509,1.462,1.467
1624402800,1.465,1.499,1.458,1.487
1624489200,1.482,1.504,1.478,1.499
1624575600,1.494,1.545,1.478,1.524
1624834800,1.526,1.534,1.471,1.48
1624921200,1.483,1.509,1.471,1.475
1625007600,1.478,1.485,1.438,1.468
1625094000,1.468,1.485,1.454,1.459
1625180400,1.464,1.469,1.427,1.431
1625439600,1.432262,1.437329,1.432262,1.437329
1625526000,1.437329,1.447,1.35,1.351
1625612400,1.356,1.368,1.298,1.323
1625698800,1.315,1.321,1.25,1.294
1625785200,1.314,1.365,1.309,1.361
1626044400,1.354,1.376,1.326,1.366
1626130800,1.366,1.422,1.346,1.418
1626217200,1.417,1.423,1.348,1.349
1626303600,1.346,1.349,1.292,1.301
1626390000,1.3,1.336,1.294,1.3
1626649200,1.265,1.29,1.174,1.199
1626735600,1.207,1.225,1.129,1.222
1626822000,1.225,1.302,1.194,1.293
1626908400,1.288,1.315,1.233,1.277
1626994800,1.268,1.311,1.268,1.28
1627254000,1.278,1.296,1.221,1.295
1627340400,1.285,1.29,1.229,1.239
1627426800,1.248,1.274,1.226,1.238
1627513200,1.238,1.281,1.231,1.266
1627599600,1.264,1.264,1.224,1.226
1627858800,1.237,1.244,1.151,1.181
1627945200,1.189,1.2,1.156,1.174
1628031600,1.175,1.214,1.127,1.18
1628118000,1.194,1.229,1.17,1.225
1628204400,1.227,1.305,1.227,1.305
1628463600,1.305,1.33,1.268,1.325
1628550000,1.32,1.356,1.307,1.354
1628636400,1.356,1.376,1.303,1.335
1628722800,1.339,1.378,1.334,1.361
1628809200,1.361,1.362,1.28,1.283
1629068400,1.27,1.283,1.225,1.268
1629154800,1.26,1.272,1.217,1.267
1629241200,1.258,1.3,1.257,1.262
1629327600,1.235,1.257,1.233,1.243
1629414000,1.243,1.267,1.227,1.255
1629673200,1.26,1.283,1.252,1.253
1629759600,1.263,1.299,1.257,1.297
1629846000,1.295,1.352,1.285,1.349
1629932400,1.344,1.375,1.332,1.354
1630018800,1.342,1.358,1.3,1.31
1630278000,1.305,1.315,1.278,1.28
1630364400,1.277,1.315,1.27,1.307
1630450800,1.317,1.334,1.284,1.299
1630537200,1.3,1.305,1.284,1.285
1630623600,1.294,1.336,1.267,1.326
1630969200,1.339,1.385,1.338,1.377
1631055600,1.365,1.377,1.327,1.336
1631142000,1.334,1.344,1.287,1.297
1631228400,1.302,1.355,1.3,1.343
1631487600,1.348,1.35,1.316,1.326
1631574000,1.324,1.35,1.263,1.284
1631660400,1.29,1.321,1.262,1.304
1631746800,1.306,1.351,1.294,1.336
1631833200,1.336,1.385,1.326,1.363
1632092400,1.362,1.372,1.297,1.312
1632178800,1.316,1.346,1.304,1.328
1632265200,1.321,1.345,1.296,1.304
1632351600,1.309,1.437,1.309,1.434
1632438000,1.427,1.466,1.405,1.453
1632697200,1.458,1.515,1.444,1.491
1632783600,1.482,1.563,1.475,1.546
1632870000,1.553,1.56,1.496,1.524
1632956400,1.512,1.555,1.486,1.492
1633042800,1.503,1.51,1.462,1.463
1633302000,1.458,1.507,1.455,1.482
1633388400,1.482,1.538,1.472,1.527
1633474800,1.548,1.573,1.508,1.528
1633561200,1.529,1.58,1.512,1.576
1633647600,1.587,1.619,1.558,1.612
1633906800,1.604784,1.636399,1.604784,1.632881
1633993200,1.619,1.621,1.565,1.572
1634079600,1.572,1.598,1.526,1.542
1634166000,1.553,1.567,1.509,1.518
1634252400,1.521,1.579,1.52,1.574
1634511600,1.591,1.627,1.576,1.591
1634598000,1.587,1.646,1.567,1.641
1634684400,1.658,1.673,1.621,1.66
1634770800,1.661,1.706,1.638,1.696
1634857200,1.69,1.7,1.634,1.638
1635116400,1.65,1.673,1.621,1.631
1635202800,1.638,1.654,1.61,1.61
1635289200,1.618,1.634,1.52,1.55
1635375600,1.55,1.583,1.53,1.578
1635462000,1.571,1.617,1.536,1.561
1635721200,1.579,1.605,1.554,1.561
1635807600,1.568,1.573,1.53,1.547
1635894000,1.554,1.609,1.519,1.603
1635980400,1.596,1.609,1.509,1.53
1636066800,1.544,1.553,1.436,1.455
1636329600,1.474,1.504,1.46,1.491
1636416000,1.49,1.49,1.415,1.439
1636502400,1.461,1.592,1.454,1.57
1636588800,1.557891,1.599001,1.557891,1.595568
1636675200,1.582,1.589,1.541,1.57
1636934400,1.565,1.632,1.541,1.616
1637020800,1.615,1.646,1.594,1.64
1637107200,1.64,1.649,1.585,1.585
1637193600,1.594,1.613,1.573,1.587
1637280000,1.593,1.608,1.517,1.548
1637539200,1.562,1.634,1.546,1.632
1637625600,1.624,1.684,1.615,1.676
1637712000,1.662,1.691,1.627,1.643
1637798400,1.644478,1.644478,1.627201,1.635835
1637884800,1.596,1.602,1.473,1.482
1638144000,1.536,1.565,1.497,1.502
1638230400,1.511,1.524,1.412,1.456
1638316800,1.483,1.506,1.402,1.404
1638403200,1.429,1.466,1.41,1.444
1638489600,1.431,1.472,1.336,1.356
1638748800,1.382,1.441,1.37,1.433
1638835200,1.433,1.487,1.429,1.482
1638921600,1.465,1.537,1.427,1.528
1639008000,1.52,1.535,1.472,1.497
1639094400,1.492,1.52,1.453,1.482
1639353600,1.494,1.508,1.412,1.414
1639440000,1.426,1.47,1.419,1.441
1639526400,1.443,1.484,1.424,1.458
1639612800,1.47,1.482,1.412,1.424
1639699200,1.426,1.434,1.372,1.407
1639958400,1.378,1.429,1.355,1.428
1640044800,1.424,1.498,1.414,1.467
1640131200,1.457,1.486,1.448,1.453
1640217600,1.457,1.501,1.452,1.494
1640304000,1.492678,1.492678,1.492678,1.492678
1640563200,1.484,1.498,1.476,1.477
1640649600,1.481,1.491,1.455,1.484
1640736000,1.476,1.56,1.47,1.557
1640822400,1.55,1.553,1.503,1.507
1640908800,1.512,1.526,1.493,1.514
1641168000,1.531,1.642,1.529,1.637
1641254400,1.616,1.686,1.614,1.649
1641340800,1.649,1.71,1.64,1.7
1641427200,1.693,1.753,1.688,1.728
1641513600,1.723,1.799,1.711,1.766
1641772800,1.767,1.808,1.75,1.755
1641859200,1.767,1.783,1.734,1.746
1641945600,1.741,1.753,1.711,1.736
1642032000,1.757,1.761,1.694,1.701
1642118400,1.717,1.795,1.706,1.791
1642377600,1.771657,1.819698,1.771657,1.817914
1642464000,1.809,1.881,1.807,1.875
1642550400,1.886,1.902,1.822,1.854
1642636800,1.863,1.865,1.804,1.811
1642723200,1.771,1.801,1.733,1.771
1642982400,1.783,1.783,1.707,1.776
1643068800,1.772,1.797,1.728,1.776
1643155200,1.78,1.88,1.765,1.873
1643241600,1.853,1.862,1.783,1.803
1643328000,1.81,1.853,1.771,1.778
1643587200,1.796,1.816,1.77,1.784
1643673600,1.789,1.82,1.741,1.796
1643760000,1.8,1.811,1.743,1.772
1643846400,1.761,1.847,1.759,1.836
1643932800,1.842,1.936,1.811,1.916
1644192000,1.905,1.939,1.896,1.918
1644278400,1.927,1.97,1.925,1.965
1644364800,1.956,1.958,1.911,1.94
1644451200,1.939,2.056,1.923,2.043
1644537600,2.033,2.061,1.915,1.915
1644796800,1.961,2.026,1.903,1.986
1644883200,1.981,2.05559993,1.97,2.04340005
1644969600,2.04159999,2.063,2.008,2.04
1645056000,2.022,2.035,1.955,1.975
1645142400,1.949,1.995,1.916,1.925
1645401600,1.9303,1.9303,1.89569,1.904331
1645488000,1.847,1.96,1.847,1.944
1645574400,1.955,2,1.951,1.977
1645660800,1.967,1.979,1.847,1.97
1645747200,1.983,2.014,1.934,1.969
1646006400,1.903,1.925,1.818,1.822
1646092800,1.846,1.865,1.683,1.719
1646179200,1.751,1.91,1.702,1.878
1646265600,1.849,1.896,1.83,1.84
1646352000,1.816,1.827,1.7,1.738
1646611200,1.697,1.806,1.668,1.779
1646697600,1.77,1.878,1.758,1.84
1646784000,1.858,1.95,1.839,1.927
1646870400,1.939,2.021,1.911,1.993
1646956800,1.979,2.02,1.96,1.995
1647212400,2.052,2.145,2.027,2.142
1647298800,2.131,2.169,2.078,2.14910007
1647385200,2.15089989,2.23860002,2.13479996,2.192
1647471600,2.174,2.214,2.107,2.167
1647558000,2.155,2.191,2.133,2.153
1647817200,2.149,2.32,2.148,2.297
1647903600,2.311,2.392,2.311,2.381
1647990000,2.384,2.417,2.286,2.29
1648076400,2.31,2.396,2.304,2.37
1648162800,2.367,2.503,2.339,2.488
1648422000,2.462,2.557,2.414,2.466
1648508400,2.466,2.533,2.382,2.398
1648594800,2.391,2.435,2.334,2.358
1648681200,2.354,2.364,2.309,2.345
1648767600,2.38,2.454,2.357,2.39
1649026800,2.395,2.434,2.371,2.393
1649113200,2.401,2.567,2.384,2.554
1649199600,2.575,2.66,2.568,2.598
1649286000,2.583,2.673,2.557,2.665
1649372400,2.632,2.728,2.625,2.704
1649631600,2.727,2.793,2.713,2.774
1649718000,2.807,2.836,2.674,2.727
1649804400,2.74,2.788,2.648,2.703
1649890800,2.701,2.835,2.648,2.827
1650236400,2.86,2.884,2.81,2.857
1650322800,2.851,2.948,2.836,2.94
1650409200,2.964,2.981,2.819,2.832
1650495600,2.848,2.952,2.844,2.908
1650582000,2.934,2.975,2.864,2.904
1650841200,2.882,2.895,2.76,2.818
1650927600,2.803,2.864,2.722,2.728
1651014000,2.749,2.84,2.717,2.826
1651100400,2.822,2.888,2.796,2.832
1651186800,2.854,2.943,2.831,2.937
1651446000,2.92,3.01,2.909,2.977
1651532400,2.991,3.01,2.915,2.979
1651618800,3.001,3.011,2.903,2.946
1651705200,2.964,3.106,2.927,3.035
1651791600,3.041,3.146,3.041,3.142
1652050800,3.149,3.203,3.028,3.034
1652137200,3.022,3.07,2.942,2.989
1652223600,2.993,3.074,2.907,2.927
1652310000,2.899,2.908,2.815,2.855
1652396400,2.859,2.944,2.851,2.928
1652655600,2.939,2.953,2.853,2.888
1652742000,2.889,2.995,2.889,2.995
1652828400,2.984,3.014,2.875,2.884
1652914800,2.875,2.92,2.774,2.837
1653001200,2.85,2.88,2.774,2.788
1653260400,2.815,2.873,2.799,2.86
1653346800,2.842,2.862,2.718,2.754
1653433200,2.758,2.776,2.708,2.751
1653519600,2.759,2.797,2.706,2.742
1653606000,2.761,2.768,2.709,2.743
1653865200,2.748593,2.811553,2.748593,2.806141
1653951600,2.817,2.884,2.799,2.85
1654038000,2.868,2.951,2.835,2.911
1654124400,2.909,2.944,2.889,2.911
1654210800,2.926,2.986,2.906,2.941
1654470000,2.95,3.047,2.937,3.04
1654556400,3.04,3.062,2.957,2.979
1654642800,2.992,3.04,2.985,3.027
1654729200,3.033,3.073,3.007,3.047
1654815600,3.057,3.178,2.99,3.165
1655074800,3.176,3.44,3.157,3.362
1655161200,3.383,3.497,3.269,3.475
1655247600,3.454,3.464,3.28,3.291
1655334000,3.32,3.495,3.178,3.195
1655420400,3.241,3.311,3.194,3.231
1655679600,3.238858,3.271053,3.238858,3.265364
1655766000,3.281,3.317,3.258,3.277
1655852400,3.283,3.283,3.124,3.16
1655938800,3.137,3.175,3.007,3.089
1656025200,3.08,3.139,3.041,3.138
1656284400,3.13,3.219,3.123,3.202
1656370800,3.196,3.258,3.172,3.177
1656457200,3.183,3.185,3.087,3.087
1656543600,3.087,3.108,2.97,3.015
1656630000,3.022,3.022,2.791,2.889
1656889200,2.904094,2.92247,2.904094,2.920631
1656975600,2.941,2.978,2.78,2.818
1657062000,2.838,2.935,2.747,2.932
1657148400,2.924,3.017,2.897,3
1657234800,3.008,3.101,2.967,3.08
1657494000,3.097,3.103,2.969,2.993
1657580400,2.982,2.989,2.899,2.971
1657666800,2.972,3.071,2.9,2.935
1657753200,2.941,3.026,2.912,2.958
1657839600,2.941,2.971,2.9,2.928
1658098800,2.919,3.019,2.912,2.991
1658185200,2.978,3.038,2.958,3.03
1658271600,3.03,3.041,2.945,3.03
1658358000,3.023,3.081,2.871,2.882
1658444400,2.886,2.904,2.734,2.752
1658703600,2.787,2.845,2.772,2.807
1658790000,2.794,2.81,2.707,2.803
1658876400,2.8,2.82,2.725,2.781
1658962800,2.765,2.827,2.649,2.671
1659049200,2.69,2.728,2.618,2.658
1659308400,2.665,2.696,2.575,2.588
1659394800,2.55,2.772,2.516,2.748
1659481200,2.741,2.849,2.699,2.706
1659567600,2.717,2.745,2.656,2.692
1659654000,2.679,2.869,2.677,2.827
1659913200,2.851,2.851,2.739,2.75
1659999600,2.754,2.816,2.746,2.779
1660086000,2.79,2.816,2.675,2.785
1660172400,2.791,2.902,2.73,2.889
1660258800,2.897,2.904,2.837,2.842
1660518000,2.844,2.864,2.759,2.793
1660604400,2.777,2.871,2.772,2.808
1660690800,2.82,2.919,2.808,2.904
1660777200,2.893,2.913,2.835,2.886
1660863600,2.89,2.998,2.886,2.976
1661122800,2.991,3.04,2.943,3.022
1661209200,3.02,3.078,2.983,3.057
1661295600,3.048,3.126,3.022,3.109
1661382000,3.11,3.128,3.022,3.03
1661468400,3.041,3.087,3.007,3.03
1661727600,3.091,3.129,3.084,3.114
1661814000,3.091,3.153,3.052,3.112
1661900400,3.104,3.2,3.093,3.196
1661986800,3.215,3.295,3.183,3.259
1662073200,3.258,3.288,3.176,3.195
1662332400,3.191244,3.230956,3.191244,3.230956
1662418800,3.222,3.359,3.208,3.351
1662505200,3.351,3.363,3.252,3.267
1662591600,3.273,3.328,3.201,3.323
1662678000,3.312,3.331,3.249,3.314
1662937200,3.317,3.377,3.262,3.358
1663023600,3.343,3.46,3.293,3.412
1663110000,3.441,3.474,3.383,3.404
1663196400,3.408,3.468,3.404,3.449
1663282800,3.444,3.49,3.415,3.453
1663542000,3.448,3.518,3.448,3.494
1663628400,3.485,3.604,3.473,3.569
1663714800,3.557,3.628,3.501,3.534
1663801200,3.544,3.72,3.514,3.71
1663887600,3.715,3.829,3.659,3.687
1664146800,3.739,3.931,3.717,3.928
1664233200,3.89,3.992,3.801,3.949
1664319600,3.954,4.019,3.697,3.737
1664406000,3.739,3.868,3.723,3.782
1664492400,3.784,3.843,3.682,3.829
1664751600,3.801,3.817,3.567,3.643
1664838000,3.605,3.657,3.564,3.627
1664924400,3.627,3.787,3.617,3.755
1665010800,3.739,3.844,3.733,3.828
1665097200,3.821,3.908,3.819,3.888
1665356400,3.885475,3.991851,3.885475,3.961053
1665442800,3.959,4.007,3.867,3.945
1665529200,3.951,3.978,3.884,3.9
1665615600,3.909,4.08,3.842,3.95
1665702000,3.963,4.031,3.85,4.022
1665961200,4.01,4.027,3.912,4.012
1666047600,3.998,4.067,3.963,4.007
1666134000,4.015,4.142,4.011,4.138
1666220400,4.138,4.243,4.1,4.232
1666306800,4.223,4.335,4.2,4.219
1666566000,4.209,4.289,4.129,4.247
1666652400,4.228,4.228,4.052,4.1
1666738800,4.084,4.113,3.997,4.005
1666825200,4.007,4.086,3.9,3.929
1666911600,3.936,4.05,3.911,4.01
1667170800,4.027,4.112,4.021,4.05
1667257200,4.052,4.079,3.92,4.048
1667343600,4.048,4.117,3.974,4.096
1667430000,4.118,4.221,4.086,4.149
1667516400,4.154,4.209,4.104,4.165
1667779200,4.161,4.224,4.125,4.218
1667865600,4.227,4.244,4.121,4.128
1667952000,4.136,4.174,4.059,4.099
1668038400,4.096,4.117,3.807,3.811
1668124800,3.829311,3.881766,3.829311,3.849887
1668384000,3.902,3.904,3.848,3.863
1668470400,3.869,3.882,3.758,3.777
1668556800,3.788,3.842,3.671,3.69
1668643200,3.695,3.805,3.681,3.769
1668729600,3.786,3.836,3.745,3.82879996
1668988800,3.81389999,3.842,3.762,3.84
1669075200,3.827,3.827,3.748,3.758
1669161600,3.829,3.829,3.689,3.689
1669248000,3.709351,3.709351,3.65764,3.663168
1669334400,3.665,3.755,3.652,3.691
1669593600,3.687,3.72,3.62,3.679
1669680000,3.692,3.761,3.648,3.75
1669766400,3.746,3.796,3.602,3.611
1669852800,3.616,3.64,3.505,3.51
1669939200,3.526,3.638,3.473,3.492
1670198400,3.526,3.612,3.502,3.583
1670284800,3.579,3.607,3.51,3.531
1670371200,3.539,3.557,3.404,3.42
1670457600,3.438,3.506,3.438,3.489
1670544000,3.487,3.595,3.452,3.586
1670803200,3.584,3.63,3.52,3.617
1670889600,3.606,3.63,3.421,3.501
1670976000,3.499,3.561,3.461,3.479
1671062400,3.503,3.523,3.428,3.45
1671148800,3.466,3.555,3.459,3.488
1671408000,3.506,3.601,3.497,3.59
1671494400,3.594,3.71,3.583,3.692
1671580800,3.703,3.72,3.621,3.673
1671667200,3.669,3.692,3.63,3.686
1671753600,3.68,3.753,3.676,3.751
1672099200,3.74,3.862,3.726,3.849
1672185600,3.85,3.892,3.807,3.886
1672272000,3.871,3.886,3.816,3.818
1672358400,3.826,3.905,3.82,3.88
1672617600,3.831224,3.831224,3.831224,3.831224
1672704000,3.848,3.848,3.724,3.752
1672790400,3.756,3.763,3.666,3.69
1672876800,3.698,3.782,3.683,3.72
1672963200,3.731,3.755,3.552,3.56
1673222400,3.578,3.61,3.508,3.527
1673308800,3.545,3.639,3.521,3.615
1673395200,3.606,3.611,3.528,3.543
1673481600,3.554,3.589,3.424,3.444
1673568000,3.447,3.515,3.417,3.498
1673827200,3.510857,3.544021,3.510857,3.538486
1673913600,3.525,3.585,3.496,3.549
1674000000,3.546,3.562,3.368,3.373
1674086400,3.373,3.428,3.321,3.399
1674172800,3.4,3.499,3.391,3.482
1674432000,3.469,3.547,3.464,3.521
1674518400,3.515,3.554,3.451,3.455
1674604800,3.447,3.487,3.42,3.451
1674691200,3.44,3.52,3.436,3.504
1674777600,3.509,3.563,3.503,3.507
1675036800,3.518,3.574,3.494,3.542
1675123200,3.549,3.553,3.488,3.512
1675209600,3.514,3.52,3.387,3.417
1675296000,3.416,3.426,3.334,3.402
1675382400,3.39,3.556,3.365,3.519
1675641600,3.578,3.655,3.536,3.644
1675728000,3.642,3.69,3.597,3.677
1675814400,3.664,3.692,3.612,3.615
1675900800,3.596,3.688,3.575,3.664
1675987200,3.673,3.751,3.658,3.742
1676246400,3.745,3.755,3.702,3.703
1676332800,3.711,3.797,3.624,3.753
1676419200,3.749,3.82,3.726,3.803
1676505600,3.815,3.872,3.768,3.863
1676592000,3.867,3.927,3.815,3.817
1676851200,3.816714,3.841787,3.816714,3.841787
1676937600,3.85,3.96,3.84,3.954
1677024000,3.955,3.968,3.892,3.927
1677110400,3.922,3.978,3.865,3.89
1677196800,3.873,3.978,3.854,3.949
1677456000,3.936,3.979,3.897,3.922
1677542400,3.92,3.983,3.901,3.926
1677628800,3.94,4.01,3.914,3.994
1677715200,3.991,4.089,3.991,4.062
1677801600,4.066,4.07,3.954,3.958
1678060800,3.954,3.989,3.897,3.966
1678147200,3.972,4.005,3.921,3.97
1678233600,3.985,4.011,3.899,3.989
1678320000,3.976,4.019,3.894,3.907
1678406400,3.886,3.89,3.674,3.704
1678662000,3.712,3.751,3.418,3.545
1678748400,3.56,3.701,3.466,3.685
1678834800,3.701,3.71,3.388,3.462
1678921200,3.449,3.587,3.369,3.579
1679007600,3.585,3.598,3.382,3.438
1679266800,3.481,3.519,3.291,3.483
1679353200,3.496,3.623,3.44,3.607
1679439600,3.6,3.644,3.432,3.451
1679526000,3.462,3.52,3.376,3.414
1679612400,3.419,3.419,3.287,3.372
1679871600,3.389,3.545,3.367,3.539
1679958000,3.522,3.583,3.498,3.571
1680044400,3.572,3.61,3.534,3.566
1680130800,3.564,3.596,3.536,3.547
1680217200,3.556,3.585,3.464,3.471
1680476400,3.524,3.545,3.402,3.413
1680562800,3.417,3.485,3.335,3.339
1680649200,3.348,3.372,3.268,3.309
1680735600,3.303,3.312,3.253,3.303
1680822000,3.305,3.415,3.298,3.413
1681081200,3.383,3.436,3.35,3.415
1681167600,3.413,3.454,3.383,3.432
1681254000,3.434,3.462,3.34,3.4
1681340400,3.391,3.458,3.372,3.449
1681426800,3.447,3.536,3.424,3.515
1681686000,3.528,3.606,3.507,3.606
1681772400,3.598,3.608,3.549,3.577
1681858800,3.585,3.639,3.579,3.591
1681945200,3.595,3.602,3.526,3.536
1682031600,3.539,3.579,3.501,3.568
1682290800,3.568,3.57,3.492,3.496
1682377200,3.481,3.492,3.379,3.4
1682463600,3.416,3.456,3.375,3.445
1682550000,3.445,3.538,3.433,3.528
1682636400,3.524,3.549,3.422,3.433
1682895600,3.452,3.608,3.448,3.57
1682982000,3.564,3.568,3.424,3.433
1683068400,3.43,3.441,3.337,3.364
1683154800,3.403,3.411,3.298,3.377
1683241200,3.386,3.465,3.379,3.435
1683500400,3.445,3.52,3.424,3.507
1683586800,3.513,3.532,3.479,3.524
1683673200,3.513,3.528,3.431,3.439
1683759600,3.436,3.442,3.345,3.386
1683846000,3.381,3.47,3.369,3.463
1684105200,3.47,3.511,3.457,3.508
1684191600,3.504,3.574,3.457,3.541
1684278000,3.532,3.589,3.515,3.572
1684364400,3.566,3.657,3.547,3.651
1684450800,3.646,3.719,3.619,3.682
1684710000,3.669,3.728,3.642,3.721
1684796400,3.715,3.761,3.692,3.698
1684882800,3.7,3.748,3.669,3.744
1684969200,3.738,3.827,3.73,3.825
1685055600,3.818,3.859,3.777,3.81
1685314800,3.79639,3.79639,3.769292,3.773159
1685401200,3.76,3.769,3.681,3.694
1685487600,3.692,3.692,3.614,3.645
1685574000,3.635,3.689,3.57,3.601
1685660400,3.608,3.7,3.601,3.7
1685919600,3.706,3.762,3.66,3.687
1686006000,3.685,3.735,3.654,3.677
1686092400,3.666,3.801,3.656,3.793
1686178800,3.788,3.821,3.708,3.72
1686265200,3.73,3.778,3.718,3.743
1686524400,3.741,3.794,3.711,3.743
1686610800,3.736,3.845,3.684,3.827
1686697200,3.825,3.849,3.771,3.79
1686783600,3.79,3.845,3.707,3.72
1686870000,3.726,3.806,3.719,3.767
1687129200,3.767159,3.821667,3.767159,3.821667
1687215600,3.816,3.82,3.701,3.719
1687302000,3.73,3.791,3.713,3.727
1687388400,3.725,3.808,3.711,3.797
1687474800,3.787,3.799,3.692,3.737
1687734000,3.717,3.737,3.679,3.723
1687820400,3.714,3.776,3.694,3.772
1687906800,3.758,3.77,3.706,3.714
1687993200,3.719,3.868,3.718,3.842
1688079600,3.848,3.89,3.805,3.841
1688338800,3.841,3.868,3.78,3.858
1688425200,3.85845,3.860415,3.856485,3.860415
1688511600,3.847,3.945,3.831,3.934
1688598000,3.934,4.081,3.934,4.031
1688684400,4.034,4.094,4.006,4.066
1688943600,4.072,4.09,3.986,4
1689030000,4.002,4.004,3.95,3.976
1689116400,3.962,3.97,3.844,3.863
1689202800,3.855,3.865,3.758,3.767
1689289200,3.777,3.844,3.76,3.83
1689548400,3.819,3.836,3.773,3.809
1689634800,3.805,3.805,3.735,3.789
1689721200,3.789,3.797,3.729,3.748
1689807600,3.75,3.872,3.746,3.858
1689894000,3.847,3.861,3.809,3.837
1690153200,3.849,3.878,3.792,3.878
1690239600,3.871,3.92,3.859,3.89
1690326000,3.898,3.904,3.847,3.873
1690412400,3.875,4.022,3.841,4.002
1690498800,4.003,4.043,3.939,3.957
1690758000,3.973,4.003,3.929,3.967
1690844400,3.959,4.057,3.951,4.037
1690930800,4.021,4.126,4.011,4.09
1691017200,4.09,4.198,4.09,4.179
1691103600,4.18,4.204,4.038,4.042
1691362800,4.046,4.123,4.046,4.095
1691449200,4.083,4.085,3.984,4.028
1691535600,4.002,4.044,3.99,4.016
1691622000,4.009,4.119,3.957,4.107
1691708400,4.107,4.178,4.082,4.16
1691967600,4.176,4.215,4.148,4.201
1692054000,4.205,4.274,4.168,4.219
1692140400,4.213,4.278,4.17,4.258
1692226800,4.26,4.328,4.26,4.284
1692313200,4.278,4.28,4.215,4.251
1692572400,4.257,4.354,4.257,4.342
1692658800,4.358,4.362,4.306,4.332
1692745200,4.314,4.316,4.184,4.196
1692831600,4.192,4.243,4.176,4.241
1692918000,4.227,4.283,4.204,4.231
1693177200,4.247,4.255,4.196,4.204
1693263600,4.194,4.241,4.106,4.12
1693350000,4.135,4.159,4.087,4.112
1693436400,4.118,4.122,4.077,4.106
1693522800,4.118,4.2,4.06,4.18079996
1693782000,4.19399977,4.21299982,4.18599987,4.21099997
1693868400,4.20599985,4.27699995,4.20300007,4.26569986
1693954800,4.26000023,4.305,4.238,4.296
1694041200,4.296,4.308,4.248,4.25
1694127600,4.246,4.268,4.211,4.26
1694386800,4.286,4.304,4.272,4.294
1694473200,4.296,4.3,4.264,4.28
1694559600,4.286,4.352,4.237,4.254
1694646000,4.247,4.298,4.221,4.286
1694732400,4.281,4.338,4.273,4.336
1694991600,4.341,4.357,4.301,4.301
1695078000,4.303,4.371,4.301,4.363
1695164400,4.367,4.411,4.313,4.399
1695250800,4.413,4.498,4.409,4.494
1695337200,4.493,4.509,4.424,4.436
1695596400,4.45,4.548,4.45,4.531
1695682800,4.546,4.564,4.483,4.55
1695769200,4.526,4.643,4.491,4.607
1695855600,4.612,4.688,4.573,4.579
1695942000,4.583,4.602,4.508,4.579
1696201200,4.614,4.701,4.604,4.685
1696287600,4.695,4.81,4.664,4.795
1696374000,4.796,4.884,4.72,4.737
1696460400,4.733,4.775,4.702,4.719
1696546800,4.726,4.887,4.713,4.795
1696806000,4.796684,4.796684,4.638302,4.638302
1696892400,4.63,4.715,4.62,4.657
1696978800,4.651,4.653,4.544,4.558
1697065200,4.554,4.728,4.532,4.697
1697151600,4.687,4.691,4.588,4.617
1697410800,4.654,4.725,4.648,4.7
1697497200,4.71,4.862,4.704,4.838
1697583600,4.836,4.928,4.813,4.911
1697670000,4.934,5.001,4.894,4.99
1697756400,4.982,4.995,4.892,4.914
1698015600,4.95,5.021,4.831,4.848
1698102000,4.861,4.889,4.802,4.819
1698188400,4.825,4.966,4.808,4.961
1698274800,4.949,4.989,4.838,4.849
1698361200,4.862,4.892,4.83,4.845
1698620400,4.877,4.92,4.837,4.888
1698706800,4.901,4.935,4.805,4.926
1698793200,4.922,4.935,4.734,4.734
1698879600,4.726,4.749,4.628,4.66109991
1698966000,4.66800022,4.6789999,4.484,4.577
1699228800,4.591,4.666,4.577,4.647
1699315200,4.637,4.662,4.546,4.569
1699401600,4.56,4.614,4.488,4.492
1699488000,4.498,4.654,4.473,4.632
1699574400,4.65,4.656,4.567,4.646
1699833600,4.646,4.694,4.624,4.638
1699920000,4.648,4.656,4.434,4.453
1700006400,4.445,4.559,4.428,4.537
1700092800,4.514,4.518,4.432,4.441
1700179200,4.447,4.469,4.381,4.439
1700438400,4.465,4.486,4.41,4.424
1700524800,4.418,4.443,4.385,4.398
1700611200,4.4,4.447,4.363,4.408
1700697600,4.411962,4.411962,4.411962,4.411962
1700784000,4.455,4.492,4.443,4.472
1701043200,4.494,4.514,4.381,4.392
1701129600,4.402,4.422,4.321,4.325
1701216000,4.323,4.326,4.253,4.259
1701302400,4.261,4.367,4.247,4.328
1701388800,4.313,4.349,4.197,4.209
1701648000,4.232,4.297,4.224,4.259
1701734400,4.251,4.264,4.163,4.167
1701820800,4.172,4.205,4.104,4.113
1701907200,4.125,4.184,4.104,4.148
1701993600,4.157,4.278,4.147,4.228
1702252800,4.241,4.295,4.231,4.237
1702339200,4.243,4.25,4.153,4.21
1702425600,4.204,4.21,4.007,4.024
1702512000,4.007,4.007,3.887,3.921
1702598400,3.943,3.971,3.894,3.915
1702857600,3.931,3.969,3.892,3.935
1702944000,3.929,3.952,3.894,3.931
1703030400,3.918,3.92,3.849,3.853
1703116800,3.862,3.905,3.831,3.892
1703203200,3.884,3.919,3.848,3.901
1703548800,3.9,3.91,3.878,3.897
1703635200,3.902,3.902,3.783,3.789
1703721600,3.811,3.859,3.8,3.846
1703808000,3.847,3.896,3.833,3.866
1704153600,3.913,3.973,3.866,3.933
1704240000,3.946,4.01,3.896,3.92
1704326400,3.924,4.006,3.901,4.004
1704412800,4.002,4.101,3.955,4.051
1704672000,4.06099987,4.08,3.966,4.029
1704758400,4.017,4.053,3.996,4.015
1704844800,4.008,4.044,3.979,4.032
1704931200,4.024,4.068,3.966,3.975
1705017600,3.967,4.005,3.916,3.941
1705363200,3.978,4.083,3.978,4.054
1705449600,4.075,4.129,4.037,4.106
1705536000,4.096,4.154,4.071,4.142
1705622400,4.153,4.196,4.123,4.13
1705881600,4.13,4.14,4.075,4.107
1705968000,4.107,4.155,4.088,4.132
1706054400,4.136,4.186,4.086,4.18
1706140800,4.192,4.192,4.12,4.12
1706227200,4.11,4.166,4.093,4.139
1706486400,4.137,4.145,4.059,4.078
1706572800,4.076,4.103,4.034,4.036
1706659200,4.039,4.041,3.912,3.916
1706745600,3.937,3.958,3.817,3.884
1706832000,3.887,4.054,3.874,4.022
1707091200,4.069,4.177,4.06,4.16
1707177600,4.146,4.169,4.079,4.09
1707264000,4.104,4.135,4.067,4.115
1707350400,4.1,4.172,4.088,4.158
1707436800,4.156,4.195,4.127,4.177
1707696000,4.185,4.197,4.148,4.179
1707782400,4.181,4.328,4.15,4.326
1707868800,4.322,4.332,4.246,4.261
1707955200,4.252,4.255,4.187,4.236
1708041600,4.24,4.328,4.24,4.281
1708387200,4.317,4.319,4.244,4.275
1708473600,4.287,4.331,4.252,4.319
1708560000,4.321,4.354,4.295,4.33059978
1708646400,4.31799984,4.35200024,4.246,4.248
1708905600,4.238,4.307,4.219,4.283
1708992000,4.283,4.321,4.258,4.303
1709078400,4.303,4.307,4.264,4.266
1709164800,4.268,4.319,4.225,4.254
1709251200,4.262,4.296,4.178,4.186
1709510400,4.197,4.235,4.19,4.217
1709596800,4.219,4.223,4.112,4.151
1709683200,4.158,4.17,4.081,4.108
1709769600,4.106,4.127,4.054,4.088
1709856000,4.088,4.131,4.038,4.077
1710111600,4.081,4.116,4.054,4.098
1710198000,4.092,4.17,4.081,4.151
1710284400,4.147,4.198,4.131,4.188
1710370800,4.19,4.3,4.186,4.292
1710457200,4.296,4.32,4.269,4.308
1710716400,4.312,4.348,4.29,4.328
1710802800,4.332,4.336,4.289,4.293
1710889200,4.293,4.324,4.233,4.277
1710975600,4.269,4.293,4.218,4.269
1711062000,4.261,4.269,4.198,4.202
1711321200,4.194,4.261,4.19,4.249
1711407600,4.241,4.273,4.222,4.238
1711494000,4.236,4.242,4.184,4.188
1711580400,4.212,4.238,4.183,4.206
1711926000,4.2,4.337,4.189,4.317
1712012400,4.309,4.405,4.303,4.353
1712098800,4.363,4.429,4.343,4.351
1712185200,4.341,4.381,4.299,4.307
1712271600,4.31,4.406,4.306,4.4
1712530800,4.414,4.462,4.406,4.422
1712617200,4.426,4.432,4.354,4.362
1712703600,4.366,4.568,4.342,4.546
1712790000,4.536,4.593,4.513,4.584
1712876400,4.577,4.577,4.483,4.518
1713135600,4.528,4.663,4.52,4.61
1713222000,4.608,4.696,4.591,4.669
1713308400,4.682,4.682,4.577,4.589
1713394800,4.598,4.651,4.561,4.637
1713481200,4.629,4.631,4.496,4.623
1713740400,4.643,4.668,4.608,4.611
1713826800,4.615,4.652,4.57,4.607
1713913200,4.607,4.669,4.603,4.648
1713999600,4.65,4.739,4.619,4.704
1714086000,4.715,4.715,4.642,4.663
1714345200,4.655,4.659,4.607,4.612
1714431600,4.612,4.692,4.603,4.682
1714518000,4.678,4.695,4.583,4.641
1714604400,4.628,4.651,4.569,4.589
1714690800,4.635,4.635,4.455,4.497
1714950000,4.498,4.543,4.469,4.489
1715036400,4.496,4.496,4.42,4.461
1715122800,4.461,4.5,4.457,4.5
1715209200,4.496,4.52,4.447,4.459
1715295600,4.461,4.508,4.443,4.5
1715554800,4.49,4.496,4.459,4.49
1715641200,4.485,4.534,4.441,4.445
1715727600,4.449,4.449,4.34,4.344
1715814000,4.336,4.383,4.313,4.375
1715900400,4.367,4.426,4.363,4.422
1716159600,4.416,4.455,4.406,4.449
1716246000,4.441,4.451,4.398,4.412
1716332400,4.414,4.461,4.41,4.424
1716418800,4.424,4.496,4.41,4.481
1716505200,4.473,4.5,4.461,4.467
1716850800,4.461,4.554,4.445,4.548
1716937200,4.544,4.638,4.542,4.616
1717023600,4.62,4.628,4.542,4.55
1717110000,4.544,4.572,4.485,4.502
1717369200,4.497,4.501,4.39,4.392
1717455600,4.4,4.414,4.314,4.332
1717542000,4.34,4.359,4.275,4.277
1717628400,4.289,4.32,4.277,4.287
1717714800,4.291,4.435,4.289,4.434
1717974000,4.451,4.479,4.441,4.471
1718060400,4.461,4.465,4.394,4.402
1718146800,4.41,4.426,4.25,4.32
1718233200,4.308,4.328,4.223,4.248
1718319600,4.25,4.271,4.19,4.221
1718578800,4.242,4.293,4.23,4.285
1718665200,4.273,4.3,4.207,4.219
1718838000,4.238,4.294,4.23,4.263
1718924400,4.261,4.277,4.219,4.257
1719183600,4.255,4.275,4.226,4.234
1719270000,4.234,4.257,4.211,4.248
1719356400,4.248,4.331,4.246,4.329
1719442800,4.339,4.347,4.277,4.286
1719529200,4.292,4.402,4.261,4.392
1719788400,4.41,4.493,4.386,4.471
1719874800,4.461,4.465,4.414,4.438
1719961200,4.43,4.445,4.339,4.355
1720134000,4.374,4.402,4.271,4.278
1720393200,4.304,4.317,4.265,4.28
1720479600,4.284,4.327,4.274,4.3
1720566000,4.296,4.312,4.267,4.282
1720652400,4.288,4.315,4.168,4.214
1720738800,4.214,4.241,4.179,4.187
1720998000,4.235,4.249,4.198,4.231
1721084400,4.22,4.22,4.156,4.16
1721170800,4.171,4.196,4.144,4.159
1721257200,4.175,4.206,4.157,4.202
1721343600,4.184,4.249,4.184,4.243
1721602800,4.217,4.278,4.206,4.254
1721689200,4.249,4.256,4.221,4.254
1721775600,4.254,4.292,4.21,4.286
1721862000,4.272,4.276,4.196,4.245
1721948400,4.245,4.264,4.19,4.196
1722207600,4.186,4.186,4.151,4.172
1722294000,4.178,4.188,4.132,4.139
1722380400,4.155,4.155,4.032,4.033
1722466800,4.058,4.066,3.966,3.982
1722553200,3.964,3.974,3.787,3.79
1722812400,3.732,3.83,3.667,3.779
1722898800,3.843,3.909,3.805,3.901
1722985200,3.894,3.977,3.89,3.953
1723071600,3.923,4.022,3.894,3.99
1723158000,3.978,3.984,3.921,3.94
1723417200,3.942,3.967,3.896,3.907
1723503600,3.909,3.925,3.845,3.845
1723590000,3.852,3.886,3.811,3.839
1723676400,3.845,3.953,3.828,3.919
1723762800,3.915,3.925,3.864,3.884
1724022000,3.905,3.905,3.852,3.875
1724108400,3.871,3.886,3.809,3.81
1724194800,3.807,3.833,3.763,3.799
1724281200,3.803,3.877,3.788,3.858
1724367600,3.839,3.86,3.791,3.795
1724626800,3.784,3.822,3.774,3.82
1724713200,3.81,3.867,3.81,3.829
1724799600,3.822,3.848,3.806,3.839
1724886000,3.837,3.888,3.816,3.861
1724972400,3.863,3.928,3.852,3.909
1725318000,3.932,3.932,3.825,3.833
1725404400,3.833,3.842,3.753,3.755
1725490800,3.759,3.774,3.723,3.725
1725577200,3.732,3.77,3.65,3.716
1725836400,3.734,3.763,3.693,3.702
1725922800,3.714,3.723,3.637,3.64
1726009200,3.638,3.689,3.605,3.661
1726095600,3.665,3.704,3.64,3.68
1726182000,3.648,3.678,3.625,3.657
1726441200,3.648,3.663,3.618,3.618
1726527600,3.623,3.655,3.599,3.647
1726614000,3.64,3.719,3.634,3.713
1726700400,3.721,3.768,3.691,3.719
1726786800,3.713,3.764,3.7,3.743
1727046000,3.756,3.794,3.73,3.753
1727132400,3.747,3.808,3.726,3.732
1727218800,3.737,3.792,3.726,3.791
1727305200,3.783,3.821,3.754,3.796
1727391600,3.792,3.81,3.741,3.751
1727650800,3.758,3.806,3.749,3.787
1727737200,3.777,3.79,3.698,3.733
1727823600,3.732,3.817,3.724,3.783
1727910000,3.79,3.855,3.785,3.846
1727996400,3.838,3.985,3.834,3.969
1728255600,3.987,4.033,3.967,4.029
1728342000,4.018,4.057,3.996,4.016
1728428400,4.014,4.078,4.006,4.075
1728514800,4.069,4.12,4.053,4.067
1728601200,4.067,4.118,4.061,4.096
1728946800,4.1,4.1,4.026,4.034
1729033200,4.038,4.043,3.995,4.018
1729119600,4.022,4.1,4.022,4.093
1729206000,4.089,4.118,4.065,4.083
1729465200,4.093,4.204,4.077,4.196
1729551600,4.192,4.222,4.166,4.208
1729638000,4.216,4.26,4.214,4.246
1729724400,4.244,4.244,4.182,4.212
1729810800,4.2,4.25,4.176,4.242
1730070000,4.276,4.3,4.232,4.282
1730156400,4.27,4.337,4.256,4.256
1730242800,4.244,4.304,4.198,4.3
1730329200,4.288,4.333,4.26,4.282
1730415600,4.289,4.39,4.224,4.386
1730678400,4.303,4.329,4.265,4.285
1730764800,4.289,4.366,4.265,4.281
1730851200,4.285,4.479,4.279,4.429
1730937600,4.429,4.453,4.312,4.326
1731024000,4.335,4.353,4.264,4.308
1731369600,4.332,4.443,4.314,4.431
1731456000,4.431,4.461,4.357,4.453
1731542400,4.461,4.483,4.386,4.447
1731628800,4.455,4.505,4.402,4.445
1731888000,4.447,4.491,4.41,4.414
1731974400,4.41,4.418,4.339,4.396
1732060800,4.402,4.438,4.388,4.414
1732147200,4.408,4.44,4.379,4.42
1732233600,4.418,4.43,4.383,4.412
1732492800,4.343,4.369,4.261,4.277
1732579200,4.289,4.324,4.273,4.295
1732665600,4.308,4.31,4.227,4.261
1732838400,4.254,4.254,4.17,4.18
1733097600,4.211,4.248,4.174,4.196
1733184000,4.199,4.238,4.165,4.228
1733270400,4.236,4.279,4.176,4.182
1733356800,4.192,4.224,4.174,4.18
1733443200,4.182,4.222,4.126,4.149
1733702400,4.151,4.205,4.136,4.201
1733788800,4.197,4.246,4.184,4.23
1733875200,4.226,4.277,4.201,4.275
1733961600,4.273,4.34,4.269,4.336
1734048000,4.32,4.407,4.312,4.397
1734307200,4.389,4.411,4.363,4.403
1734393600,4.397,4.442,4.375,4.395
1734480000,4.391,4.522,4.381,4.52
1734566400,4.512,4.594,4.502,4.566
1734652800,4.554,4.566,4.486,4.53
1734912000,4.53,4.599,4.518,4.589
1734998400,4.585,4.629,4.581,4.585
1735171200,4.599,4.639,4.573,4.585
1735257600,4.587,4.631,4.573,4.629
1735516800,4.627,4.629,4.535,4.535
1735603200,4.515,4.587,4.507,4.573
1735776000,4.571,4.599,4.517,4.563
1735862400,4.545,4.604,4.535,4.602
1736121600,4.628,4.642,4.575,4.624
1736208000,4.63,4.699,4.606,4.685
1736294400,4.681,4.73,4.665,4.693
1736380800,4.685,4.691,4.642,4.689
1736467200,4.677,4.788,4.677,4.763
1736726400,4.798,4.805,4.759,4.79
1736812800,4.768,4.809,4.751,4.794
1736899200,4.786,4.788,4.637,4.653
1736985600,4.659,4.694,4.588,4.613
1737072000,4.617,4.637,4.566,4.623
1737417600,4.552,4.591,4.532,4.574
1737504000,4.593,4.617,4.556,4.613
1737590400,4.605,4.664,4.597,4.646
1737676800,4.642,4.66,4.605,4.617
1737936000,4.597,4.601,4.498,4.534
1738022400,4.557,4.579,4.532,4.536
1738108800,4.536,4.591,4.512,4.532
1738195200,4.543,4.545,4.488,4.52
1738281600,4.525,4.581,4.5,4.543
1738540800,4.559,4.567,4.462,4.553
1738627200,4.565,4.598,4.509,4.513
1738713600,4.525,4.529,4.4,4.424
1738800000,4.426,4.46,4.412,4.436
1738886400,4.436,4.513,4.4,4.493
1739145600,4.485,4.509,4.46,4.501
1739232000,4.513,4.547,4.509,4.539
1739318400,4.541,4.66,4.527,4.627
1739404800,4.617,4.619,4.515,4.533
1739491200,4.533,4.546,4.447,4.478
1739836800,4.492,4.56,4.488,4.552
1739923200,4.558,4.576,4.529,4.535
1740009600,4.533,4.535,4.492,4.509
1740096000,4.507,4.511,4.406,4.431
1740355200,4.447,4.456,4.389,4.4
1740441600,4.394,4.394,4.285,4.298
1740528000,4.287,4.339,4.245,4.256
1740614400,4.269,4.313,4.26,4.266
1740700800,4.26,4.277,4.195,4.203
1740960000,4.24,4.263,4.148,4.159
1741046400,4.14,4.252,4.108,4.242
1741132800,4.229,4.294,4.187,4.28
1741219200,4.301,4.344,4.267,4.278
1741305600,4.28,4.328,4.211,4.305
1741561200,4.267,4.297,4.2,4.219
1741647600,4.198,4.293,4.152,4.284
1741734000,4.272,4.33,4.253,4.316
1741820400,4.314,4.353,4.259,4.27
1741906800,4.278,4.324,4.278,4.32
1742166000,4.297,4.331,4.258,4.299
1742252400,4.3,4.339,4.268,4.285
1742338800,4.293,4.323,4.243,4.247
1742425200,4.241,4.25,4.174,4.241
1742511600,4.235,4.256,4.202,4.25
1742770800,4.269,4.34,4.269,4.338
1742857200,4.335,4.369,4.3,4.317
1742943600,4.329,4.362,4.315,4.354
1743030000,4.344,4.4,4.342,4.361
1743116400,4.354,4.359,4.249,4.251
1743375600,4.203,4.257,4.184,4.211
1743462000,4.215,4.217,4.133,4.161
1743548400,4.194,4.236,4.112,4.127
1743634800,4.061,4.1,4.002,4.038
1743721200,4.039,4.041,3.86,4
1743980400,3.897,4.226,3.884,4.203
1744066800,4.187,4.304,4.126,4.291
1744153200,4.353,4.513,4.301,4.328
1744239600,4.318,4.431,4.26,4.425
1744326000,4.474,4.59,4.386,4.497
1744585200,4.48,4.489,4.36,4.384
1744671600,4.388,4.407,4.308,4.339
1744758000,4.321,4.352,4.263,4.281
1744844400,4.29,4.342,4.278,4.333
1745190000,4.344,4.418,4.333,4.417
1745276400,4.405,4.438,4.371,4.401
1745362800,4.356,4.399,4.259,4.385
1745449200,4.364,4.371,4.305,4.315
1745535600,4.321,4.33,4.235,4.255
1745794800,4.241,4.295,4.204,4.206
1745881200,4.218,4.247,4.164,4.172
1745967600,4.166,4.227,4.135,4.168
1746054000,4.181,4.241,4.124,4.216
1746140400,4.212,4.332,4.196,4.308
1746399600,4.314,4.371,4.289,4.349
1746486000,4.347,4.378,4.297,4.298
1746572400,4.32,4.335,4.262,4.269
1746658800,4.275,4.398,4.269,4.38
1746745200,4.38,4.398,4.345,4.382
1747004400,4.412,4.479,4.402,4.473
1747090800,4.461,4.505,4.426,4.471
1747177200,4.479,4.544,4.447,4.542
1747263600,4.546,4.548,4.43,4.431
1747350000,4.437,4.497,4.39,4.445
1747609200,4.477,4.564,4.445,4.449
1747695600,4.455,4.525,4.43,4.485
1747782000,4.517,4.609,4.507,4.597
1747868400,4.603,4.627,4.529,4.529
1747954800,4.533,4.541,4.448,4.509
1748300400,4.499,4.505,4.428,4.448
1748386800,4.454,4.501,4.438,4.475
1748473200,4.509,4.539,4.418,4.426
1748559600,4.426,4.442,4.387,4.398
1748818800,4.418,4.47,4.41,4.442
1748905200,4.448,4.474,4.406,4.458
1748991600,4.446,4.468,4.349,4.357
1749078000,4.363,4.402,4.32,4.391
1749164400,4.395,4.514,4.375,4.508
1749423600,4.51,4.518,4.47,4.476
1749510000,4.48,4.49,4.44,4.474
1749596400,4.464,4.506,4.406,4.42
1749682800,4.414,4.42,4.343,4.365
1749769200,4.332,4.448,4.316,4.409
1750028400,4.42,4.462,4.403,4.45
1750114800,4.43,4.446,4.381,4.387
1750201200,4.395,4.413,4.344,4.391
1750374000,4.391,4.442,4.363,4.377
1750633200,4.383,4.407,4.291,4.342
1750719600,4.351,4.369,4.285,4.296
1750806000,4.296,4.336,4.277,4.291
1750892400,4.279,4.293,4.24,4.246
1750978800,4.253,4.293,4.24,4.275
1751238000,4.281,4.291,4.222,4.232
1751324400,4.234,4.277,4.187,4.242
1751410800,4.246,4.308,4.242,4.283
1751497200,4.265,4.364,4.249,4.348
1751842800,4.328,4.399,4.322,4.383
1751929200,4.383,4.435,4.379,4.403
1752015600,4.407,4.421,4.332,4.336
1752102000,4.336,4.375,4.322,4.35
1752188400,4.354,4.427,4.34,4.417
1752447600,4.421,4.447,4.403,4.437
1752534000,4.431,4.491,4.395,4.491
1752620400,4.495,4.495,4.437,4.459
1752706800,4.467,4.493,4.429,4.455
1752793200,4.443,4.451,4.414,4.42
1753052400,4.426,4.428,4.352,4.38
1753138800,4.38,4.396,4.33,4.348
1753225200,4.362,4.396,4.354,4.384
1753311600,4.386,4.44,4.384,4.4
1753398000,4.4,4.428,4.382,4.386
1753657200,4.404,4.42,4.368,4.414
1753743600,4.408,4.42,4.32,4.324
1753830000,4.324,4.382,4.316,4.372
1753916400,4.368,4.382,4.328,4.382
1754002800,4.376,4.414,4.202,4.216
1754262000,4.218,4.257,4.194,4.194
1754348400,4.188,4.226,4.186,4.208
1754434800,4.218,4.281,4.212,4.232
1754521200,4.242,4.258,4.219,4.248
1754607600,4.25,4.289,4.242,4.285
1754866800,4.273,4.287,4.256,4.279
1754953200,4.289,4.318,4.246,4.289
1755039600,4.3,4.302,4.227,4.236
1755126000,4.238,4.297,4.204,4.289
1755212400,4.285,4.332,4.269,4.322
1755471600,4.32,4.353,4.289,4.335
1755558000,4.332,4.347,4.298,4.31
1755644400,4.308,4.324,4.277,4.291
1755730800,4.295,4.347,4.289,4.328
1755817200,4.324,4.339,4.242,4.256
1756076400,4.269,4.295,4.263,4.277
1756162800,4.265,4.312,4.252,4.265
1756249200,4.269,4.289,4.232,4.238
1756335600,4.236,4.25,4.203,4.205
1756422000,4.211,4.242,4.207,4.232
1756767600,4.258,4.306,4.244,4.265
1756854000,4.273,4.3,4.203,4.217
1756940400,4.215,4.223,4.157,4.161
1757026800,4.157,4.168,4.063,4.076
1757286000,4.095,4.103,4.038,4.042
1757372400,4.042,4.093,4.04,4.086
1757458800,4.091,4.095,4.026,4.045
1757545200,4.053,4.07,3.996,4.026
1757631600,4.03,4.083,4.026,4.068
1757890800,4.078,4.087,4.03,4.038
1757977200,4.037,4.062,4.022,4.032
1758063600,4.028,4.095,3.992,4.087
1758150000,4.079,4.137,4.043,4.11
1758236400,4.11,4.145,4.106,4.133
1758495600,4.137,4.152,4.122,4.147
1758582000,4.141,4.149,4.106,4.106
1758668400,4.102,4.152,4.098,4.149
1758754800,4.141,4.199,4.135,4.176
1758841200,4.177,4.197,4.154,4.174
1759100400,4.168,4.168,4.135,4.141
1759186800,4.144,4.16,4.106,4.154
1759273200,4.158,4.168,4.088,4.1
1759359600,4.094,4.125,4.083,4.085
1759446000,4.088,4.125,4.079,4.121
1759705200,4.142,4.168,4.133,4.158
1759791600,4.162,4.177,4.113,4.125
1759878000,4.135,4.136,4.098,4.123
1759964400,4.113,4.152,4.107,4.142
1760050800,4.136,4.14,4.032,4.059
1760396400,4.063,4.067,3.998,4.032
1760482800,4.028,4.047,4.001,4.028
1760569200,4.028,4.051,3.967,3.975
1760655600,3.959,4.016,3.936,4.011
1760914800,4.014,4.026,3.982,3.982
1761001200,3.98,3.991,3.947,3.965
1761087600,3.957,3.978,3.936,3.953
1761174000,3.947,4.007,3.947,4.003
1761260400,4.005,4.02,3.966,4.003
1761519600,4.028,4.043,3.976,3.987
1761606000,3.983,4.004,3.97,3.978
1761692400,3.977,4.082,3.974,4.078
1761778800,4.078,4.116,4.058,4.097
1761865200,4.101,4.116,4.077,4.081
1762128000,4.101,4.12,4.081,4.108
1762214400,4.108,4.114,4.079,4.083
1762300800,4.083,4.163,4.054,4.161
1762387200,4.153,4.153,4.077,4.087
1762473600,4.093,4.112,4.066,4.093
1762732800,4.13,4.147,4.097,4.12
1762905600,4.077,4.095,4.056,4.065
1762992000,4.081,4.123,4.073,4.115
1763078400,4.121,4.152,4.065,4.148
1763337600,4.15,4.158,4.115,4.139
1763424000,4.142,4.142,4.084,4.117
1763510400,4.113,4.141,4.098,4.139
1763596800,4.146,4.168,4.084,4.086
1763683200,4.094,4.102,4.036,4.067
1763942400,4.059,4.069,4.027,4.031
1764028800,4.029,4.046,3.988,4
1764115200,4.008,4.042,3.992,3.992
1764288000,4.007,4.034,3.962,4.017
1764547200,4.032,4.096,4.027,4.09
1764633600,4.09,4.116,4.081,4.09
1764720000,4.085,4.088,4.05,4.063
1764806400,4.075,4.112,4.073,4.1
1764892800,4.1,4.143,4.088,4.139
1765152000,4.135,4.192,4.129,4.17
1765238400,4.166,4.192,4.141,4.19
1765324800,4.186,4.209,4.137,4.155
1765411200,4.137,4.159,4.1,4.153
1765497600,4.151,4.198,4.147,4.186
1765756800,4.182,4.188,4.151,4.178
1765843200,4.17,4.198,4.141,4.147
1765929600,4.151,4.182,4.143,4.153
1766016000,4.139,4.147,4.108,4.124
1766102400,4.128,4.157,4.128,4.149
1766361600,4.155,4.175,4.155,4.165
1766448000,4.167,4.202,4.139,4.167
1766534400,4.159,4.171,4.132,4.135
1766707200,4.139,4.155,4.11,4.132
1766966400,4.13,4.139,4.104,4.112
1767052800,4.106,4.143,4.104,4.126
1767139200,4.132,4.171,4.104,4.163
1767312000,4.191,4.197,4.151,4.195
1767571200,4.191,4.195,4.147,4.155
1767657600,4.167,4.195,4.161,4.169
1767744000,4.167,4.171,4.124,4.15
1767830400,4.153,4.187,4.132,4.167
1767916800,4.171,4.211,4.159,4.169
1768176000,4.191,4.207,4.169,4.185
1768262400,4.175,4.201,4.158,4.175
1768348800,4.177,4.183,4.13,4.138
1768435200,4.136,4.175,4.134,4.171
1768521600,4.166,4.233,4.164,4.227
1768867200,4.259,4.311,4.249,4.295
1768953600,4.287,4.299,4.243,4.247
1769040000,4.243,4.275,4.235,4.251
1769126400,4.249,4.263,4.227,4.231
1769385600,4.213,4.229,4.201,4.213
1769472000,4.219,4.249,4.207,4.245
1769558400,4.237,4.273,4.227,4.247
1769644800,4.239,4.271,4.225,4.233
1769731200,4.245,4.279,4.233,4.239
1769990400,4.247,4.283,4.212,4.281
1770076800,4.275,4.299,4.263,4.267
1770163200,4.27,4.288,4.264,4.278
1770249600,4.28,4.282,4.18,4.188
1770336000,4.168,4.224,4.156,4.208
1770595200,4.22,4.248,4.196,4.2
1770681600,4.2,4.204,4.137,4.141
1770768000,4.135,4.206,4.125,4.174
1770854400,4.187,4.189,4.098,4.1
1770940800,4.104,4.125,4.046,4.05
1771286400,4.044,4.062,4.018,4.062
1771372800,4.056,4.088,4.048,4.083
1771459200,4.083,4.108,4.067,4.071
1771545600,4.073,4.104,4.058,4.086
1771804800,4.075,4.083,4.018,4.031
1771891200,4.04,4.048,4.025,4.037
1771977600,4.033,4.06,4.031,4.058
1772064000,4.048,4.056,4.006,4.01
1772150400,4.004,4.006,3.945,3.949
1772409600,3.932,4.067,3.926,4.036
1772496000,4.036,4.117,4.033,4.065
1772582400,4.063,4.1,4.044,4.1
1772668800,4.096,4.148,4.094,4.14
1772755200,4.134,4.185,4.105,4.138
1773010800,4.21,4.216,4.094,4.102
1773097200,4.107,4.16,4.086,4.156
1773183600,4.156,4.234,4.138,4.228
1773270000,4.249,4.277,4.21,4.261
1773356400,4.257,4.29,4.234,4.283
1773615600,4.261,4.273,4.218,4.22
1773702000,4.226,4.249,4.191,4.2
1773788400,4.206,4.271,4.169,4.265
1773874800,4.269,4.328,4.238,4.249
1773961200,4.275,4.392,4.269,4.384
1774220400,4.4,4.445,4.308,4.35
1774306800,4.34,4.427,4.34,4.368
1774393200,4.344,4.36,4.308,4.332
1774479600,4.346,4.428,4.34,4.412
1774566000,4.406,4.484,4.404,4.428
1774825200,4.42,4.424,4.324,4.35
1774911600,4.356,4.36,4.285,4.319
1774998000,4.307,4.334,4.261,4.321
1775084400,4.327,4.386,4.289,4.309
1775430000,4.36,4.368,4.317,4.339
1775516400,4.339,4.38,4.295,4.301
1775602800,4.265,4.305,4.23,4.295
1775689200,4.297,4.321,4.262,4.283
1775775600,4.285,4.325,4.275,4.317
1776034800,4.361,4.363,4.289,4.293
1776121200,4.289,4.305,4.246,4.248
1776207600,4.242,4.293,4.242,4.281
1776294000,4.274,4.317,4.264,4.315
1776380400,4.313,4.323,4.226,4.248
1776639600,4.282,4.282,4.244,4.258
1776726000,4.25,4.317,4.238,4.299
1776812400,4.29,4.307,4.264,4.305
1776898800,4.309,4.349,4.286,4.325
1776985200,4.33,4.353,4.3,4.306
1777244400,4.33,4.349,4.306,4.34
1777330800,4.334,4.378,4.334,4.35
1777417200,4.35,4.434,4.344,4.43
1777503600,4.422,4.436,4.37,4.374
1777590000,4.388,4.402,4.342,4.372
1777849200,4.384,4.462,4.382,4.432
1777935600,4.438,4.442,4.406,4.426
1778022000,4.386,4.388,4.334,4.352
1778108400,4.35,4.4,4.316,4.384
1778194800,4.386,4.394,4.346,4.36
1778454000,4.39,4.416,4.378,4.412
1778540400,4.419,4.467,4.417,4.463
1778626800,4.473,4.5,4.457,4.467
1778713200,4.469,4.488,4.437,4.483
1778799600,4.492,4.603,4.49,4.597
1779058800,4.599,4.631,4.564,4.585
1779145200,4.595,4.687,4.587,4.667
1779231600,4.657,4.683,4.56,4.585
1779318000,4.593,4.635,4.556,4.572
1779404400,4.572,4.584,4.528,4.556
1779750000,4.493,4.52,4.475,4.491
1779836400,4.483,4.489,4.449,4.483
1779922800,4.506,4.532,4.435,4.453
1780009200,4.445,4.463,4.426,4.437
1780268400,4.465,4.518,4.445,4.453
1780354800,4.453,4.463,4.422,4.453
1780441200,4.461,4.503,4.453,4.493
1780527600,4.481,4.495,4.449,4.475
1780614000,4.477,4.552,4.459,4.532
1780873200,4.544,4.58,4.516,4.568
1780959600,4.568,4.58,4.516,4.518
1781046000,4.528,4.56,4.513,4.554
1781132400,4.568,4.568,4.447,4.459
1781218800,4.467,4.505,4.437,4.483
1781478000,4.43,4.479,4.422,4.473
1781564400,4.477,4.481,4.42,4.439
1781650800,4.437,4.501,4.426,4.487
1781737200,4.469,4.473,4.422,4.455
1782082800,4.503,4.513,4.475,4.509
1782169200,4.509,4.509,4.473,4.499
1782255600,4.495,4.501,4.394,4.398
1782342000,4.406,4.42,4.365,4.39
1782428400,4.4,4.41,4.367,4.376
1782687600,4.371,4.39,4.365,4.376
1782774000,4.374,4.469,4.361,4.461
1782860400,4.465,4.501,4.449,4.483
1782946800,4.477,4.505,4.453,4.485
1783292400,4.481,4.493,4.453,4.471
1783378800,4.473,4.553,4.473,4.551
1783465200,4.557,4.597,4.539,4.581
1783551600,4.581,4.591,4.529,4.549
1783638000,4.557,4.571,4.525,4.561
1783897200,4.585,4.626,4.569,4.624
1783983600,4.626,4.636,4.525,4.587
1784070000,4.585,4.614,4.539,4.549
1784156400,4.557,4.598,4.553,4.557
1784242800,4.557,4.566,4.513,4.549
1784502000,4.549,4.608,4.541,4.594
1784588400,4.588,4.638,4.582,4.626
1784674800,4.63,4.665,4.622,4.659
1784761200,4.659,4.714,4.65,4.699
1784847600,4.699,4.712,4.651,4.681
1785106800,4.63,4.663,4.626,4.647
1785193200,4.643,4.643,4.588,4.606
1785279600,4.622,4.696,4.606,4.687
1785366000,4.671,4.712,4.651,4.673
1785452400,4.673,4.745,4.643,4.718
1785711600,4.696,4.702,4.667,4.676
1785798000,4.688,4.708,4.611,4.615
1785884400,4.619,4.639,4.594,4.617